edge_id_first,edge_id_second,first_src,junction,second_dst,cluster_compatible,strict_compatible,num_first_edge_segments,num_first_terminations,num_first_terminations_with_bridge,num_bridge_segments,num_bridge_episodes,min_bridge_h,median_bridge_h,bridge_matches_per_first_segment,termination_bridge_coverage,compatibility_support_rate
0,1,1,3,1,True,False,54,54,0,0,0,0.0,0.0,0.0,0.0,0.0
0,2,1,3,4,True,True,54,54,54,2597,18,0.0,4.0,48.092592592592595,1.0,48.092592592592595
0,3,1,3,5,True,True,54,54,40,107,12,2.0,6.0,1.9814814814814814,0.7407407407407407,1.9814814814814814
1,0,3,1,3,True,False,45,45,0,0,0,0.0,0.0,0.0,0.0,0.0
2,4,3,4,3,True,True,5792,5792,2953,101982,20,0.0,6.0,17.60738950276243,0.5098411602209945,17.60738950276243
2,5,3,4,5,True,True,5792,5792,2192,87336,44,0.0,4.0,15.078729281767956,0.3784530386740331,15.078729281767956
2,6,3,4,6,True,True,5792,5792,684,2099,15,0.0,4.0,0.362396408839779,0.1180939226519337,0.362396408839779
2,7,3,4,26,True,True,5792,5792,194,619,4,0.0,4.0,0.10687154696132596,0.033494475138121545,0.10687154696132596
3,8,3,5,3,True,False,71,71,0,0,0,0.0,0.0,0.0,0.0,0.0
3,9,3,5,4,True,False,71,71,0,0,0,0.0,0.0,0.0,0.0,0.0
3,10,3,5,6,True,True,71,71,43,1741,13,0.0,4.0,24.52112676056338,0.6056338028169014,24.52112676056338
3,11,3,5,7,True,True,71,71,9,22,4,3.0,5.0,0.30985915492957744,0.1267605633802817,0.30985915492957744
3,12,3,5,26,True,True,71,71,25,498,7,0.0,5.0,7.014084507042254,0.352112676056338,7.014084507042254
4,1,4,3,1,True,True,4567,4567,224,641,6,0.0,5.0,0.14035471863367638,0.04904751477994307,0.14035471863367638
4,2,4,3,4,True,True,4567,4567,3213,122064,21,0.0,5.0,26.72739216115612,0.7035252901248084,26.72739216115612
4,3,4,3,5,True,False,4567,4567,0,0,0,0.0,0.0,0.0,0.0,0.0
5,8,4,5,3,True,False,2574,2574,0,0,0,0.0,0.0,0.0,0.0,0.0
5,9,4,5,4,True,False,2574,2574,0,0,0,0.0,0.0,0.0,0.0,0.0
5,10,4,5,6,True,True,2574,2574,1922,66935,37,0.0,4.0,26.004273504273506,0.7466977466977467,26.004273504273506
5,11,4,5,7,True,True,2574,2574,543,1732,13,0.0,5.0,0.6728826728826729,0.21095571095571095,0.6728826728826729
5,12,4,5,26,True,True,2574,2574,726,10051,18,0.0,6.0,3.904817404817405,0.28205128205128205,3.904817404817405
6,13,4,6,4,True,False,50,50,0,0,0,0.0,0.0,0.0,0.0,0.0
6,14,4,6,5,True,False,50,50,0,0,0,0.0,0.0,0.0,0.0,0.0
6,15,4,6,7,True,True,50,50,46,2239,15,0.0,5.0,44.78,0.92,44.78
6,16,4,6,8,True,True,50,50,26,87,6,2.0,6.0,1.74,0.52,1.74
6,17,4,6,26,True,True,50,50,4,183,2,0.0,6.0,3.66,0.08,3.66
6,18,4,6,27,True,True,50,50,1,5,1,8.0,9.0,0.1,0.02,0.1
7,60,4,26,4,True,False,13,13,0,0,0,0.0,0.0,0.0,0.0,0.0
7,61,4,26,5,True,False,13,13,0,0,0,0.0,0.0,0.0,0.0,0.0
7,62,4,26,6,True,False,13,13,0,0,0,0.0,0.0,0.0,0.0,0.0
7,63,4,26,7,True,False,13,13,0,0,0,0.0,0.0,0.0,0.0,0.0
7,64,4,26,8,True,False,13,13,0,0,0,0.0,0.0,0.0,0.0,0.0
7,65,4,26,27,True,True,13,13,9,437,2,0.0,5.0,33.61538461538461,0.6923076923076923,33.61538461538461
7,66,4,26,46,True,True,13,13,4,151,2,1.0,8.0,11.615384615384615,0.3076923076923077,11.615384615384615
7,67,4,26,47,True,False,13,13,0,0,0,0.0,0.0,0.0,0.0,0.0
8,1,5,3,1,True,True,66,66,12,36,3,3.0,6.0,0.5454545454545454,0.18181818181818182,0.5454545454545454
8,2,5,3,4,True,True,66,66,25,979,9,0.0,5.0,14.833333333333334,0.3787878787878788,14.833333333333334
8,3,5,3,5,True,False,66,66,0,0,0,0.0,0.0,0.0,0.0,0.0
9,4,5,4,3,True,True,1460,1460,1421,50402,30,0.0,3.0,34.52191780821918,0.9732876712328767,34.52191780821918
9,5,5,4,5,True,False,1460,1460,0,0,0,0.0,0.0,0.0,0.0,0.0
9,6,5,4,6,True,False,1460,1460,0,0,0,0.0,0.0,0.0,0.0,0.0
9,7,5,4,26,True,False,1460,1460,0,0,0,0.0,0.0,0.0,0.0,0.0
10,13,5,6,4,True,False,1744,1744,0,0,0,0.0,0.0,0.0,0.0,0.0
10,14,5,6,5,True,True,1744,1744,27,168,1,0.0,1.0,0.0963302752293578,0.01548165137614679,0.0963302752293578
10,15,5,6,7,True,True,1744,1744,1287,51231,25,0.0,4.0,29.37557339449541,0.7379587155963303,29.37557339449541
10,16,5,6,8,True,True,1744,1744,486,1308,10,0.0,4.0,0.75,0.2786697247706422,0.75
10,17,5,6,26,True,True,1744,1744,457,12790,12,0.0,2.0,7.333715596330276,0.26204128440366975,7.333715596330276
10,18,5,6,27,True,True,1744,1744,109,985,2,0.0,7.0,0.5647935779816514,0.0625,0.5647935779816514
11,19,5,7,5,True,False,42,42,0,0,0,0.0,0.0,0.0,0.0,0.0
11,20,5,7,6,True,True,42,42,8,146,2,0.0,7.0,3.4761904761904763,0.19047619047619047,3.4761904761904763
11,21,5,7,8,True,True,42,42,34,1560,11,0.0,5.0,37.142857142857146,0.8095238095238095,37.142857142857146
11,22,5,7,9,True,True,42,42,22,72,6,2.0,5.0,1.7142857142857142,0.5238095238095238,1.7142857142857142
11,23,5,7,26,True,False,42,42,0,0,0,0.0,0.0,0.0,0.0,0.0
11,24,5,7,27,True,False,42,42,0,0,0,0.0,0.0,0.0,0.0,0.0
12,60,5,26,4,True,False,417,417,0,0,0,0.0,0.0,0.0,0.0,0.0
12,61,5,26,5,True,False,417,417,0,0,0,0.0,0.0,0.0,0.0,0.0
12,62,5,26,6,True,False,417,417,0,0,0,0.0,0.0,0.0,0.0,0.0
12,63,5,26,7,True,True,417,417,1,1,1,9.0,9.0,0.002398081534772182,0.002398081534772182,0.002398081534772182
12,64,5,26,8,True,False,417,417,0,0,0,0.0,0.0,0.0,0.0,0.0
12,65,5,26,27,True,True,417,417,112,4477,4,0.0,5.0,10.73621103117506,0.2685851318944844,10.73621103117506
12,66,5,26,46,True,True,417,417,269,8686,13,0.0,6.0,20.829736211031175,0.645083932853717,20.829736211031175
12,67,5,26,47,True,True,417,417,179,2572,5,0.0,7.0,6.167865707434053,0.4292565947242206,6.167865707434053
13,4,6,4,3,True,True,40,40,39,1582,14,0.0,4.0,39.55,0.975,39.55
13,5,6,4,5,True,False,40,40,0,0,0,0.0,0.0,0.0,0.0,0.0
13,6,6,4,6,True,False,40,40,0,0,0,0.0,0.0,0.0,0.0,0.0
13,7,6,4,26,True,False,40,40,0,0,0,0.0,0.0,0.0,0.0,0.0
14,8,6,5,3,True,True,1302,1302,695,2483,18,0.0,5.0,1.9070660522273426,0.5337941628264209,1.9070660522273426
14,9,6,5,4,True,True,1302,1302,1265,49540,29,0.0,4.0,38.04915514592934,0.9715821812596006,38.04915514592934
14,10,6,5,6,True,False,1302,1302,0,0,0,0.0,0.0,0.0,0.0,0.0
14,11,6,5,7,True,False,1302,1302,0,0,0,0.0,0.0,0.0,0.0,0.0
14,12,6,5,26,True,True,1302,1302,9,150,1,0.0,1.0,0.1152073732718894,0.0069124423963133645,0.1152073732718894
15,19,6,7,5,True,False,6148,6148,0,0,0,0.0,0.0,0.0,0.0,0.0
15,20,6,7,6,True,True,6148,6148,4021,137271,31,0.0,5.0,22.327748861418346,0.6540338321405335,22.327748861418346
15,21,6,7,8,True,True,6148,6148,1399,56472,28,0.0,4.0,9.185426154847105,0.2275536759921926,9.185426154847105
15,22,6,7,9,True,True,6148,6148,443,1275,9,0.0,4.0,0.20738451528952506,0.07205595315549772,0.20738451528952506
15,23,6,7,26,True,True,6148,6148,205,2418,4,0.0,7.0,0.3932986337020169,0.03334417696811971,0.3932986337020169
15,24,6,7,27,True,True,6148,6148,471,6053,11,0.0,3.0,0.9845478204294079,0.07661027976577749,0.9845478204294079
16,25,6,8,6,True,False,33,33,0,0,0,0.0,0.0,0.0,0.0,0.0
16,26,6,8,7,True,False,33,33,0,0,0,0.0,0.0,0.0,0.0,0.0
16,27,6,8,9,True,True,33,33,33,1302,13,0.0,4.0,39.45454545454545,1.0,39.45454545454545
16,28,6,8,10,True,True,33,33,16,120,4,1.0,5.0,3.6363636363636362,0.48484848484848486,3.6363636363636362
16,29,6,8,26,True,False,33,33,0,0,0,0.0,0.0,0.0,0.0,0.0
16,30,6,8,27,True,False,33,33,0,0,0,0.0,0.0,0.0,0.0,0.0
16,31,6,8,29,True,True,33,33,4,123,2,1.0,8.0,3.727272727272727,0.12121212121212122,3.727272727272727
17,60,6,26,4,True,True,837,837,8,20,1,0.0,0.0,0.023894862604540025,0.009557945041816009,0.023894862604540025
17,61,6,26,5,True,True,837,837,23,156,2,0.0,0.0,0.1863799283154122,0.027479091995221028,0.1863799283154122
17,62,6,26,6,True,True,837,837,66,790,5,0.0,1.0,0.9438470728793309,0.07885304659498207,0.9438470728793309
17,63,6,26,7,True,True,837,837,30,420,1,0.0,1.0,0.5017921146953405,0.035842293906810034,0.5017921146953405
17,64,6,26,8,True,False,837,837,0,0,0,0.0,0.0,0.0,0.0,0.0
17,65,6,26,27,True,True,837,837,96,1745,2,0.0,3.0,2.084826762246117,0.11469534050179211,2.084826762246117
17,66,6,26,46,True,True,837,837,598,23531,16,0.0,5.0,28.113500597371566,0.7144563918757467,28.113500597371566
17,67,6,26,47,True,True,837,837,227,3710,6,0.0,5.0,4.432497013142174,0.2712066905615293,4.432497013142174
18,68,6,27,5,True,False,100,100,0,0,0,0.0,0.0,0.0,0.0,0.0
18,69,6,27,6,True,True,100,100,6,69,1,0.0,0.0,0.69,0.06,0.69
18,70,6,27,7,True,True,100,100,41,636,4,0.0,0.0,6.36,0.41,6.36
18,71,6,27,8,True,True,100,100,7,77,1,0.0,0.0,0.77,0.07,0.77
18,72,6,27,26,True,True,100,100,13,80,1,0.0,0.0,0.8,0.13,0.8
18,73,6,27,46,True,True,100,100,14,291,1,0.0,6.0,2.91,0.14,2.91
18,74,6,27,47,True,True,100,100,52,1933,3,0.0,7.0,19.33,0.52,19.33
19,8,7,5,3,True,True,59,59,35,118,5,2.0,7.5,2.0,0.5932203389830508,2.0
19,9,7,5,4,True,True,59,59,55,2601,11,0.0,5.0,44.08474576271186,0.9322033898305084,44.08474576271186
19,10,7,5,6,True,False,59,59,0,0,0,0.0,0.0,0.0,0.0,0.0
19,11,7,5,7,True,False,59,59,0,0,0,0.0,0.0,0.0,0.0,0.0
19,12,7,5,26,True,False,59,59,0,0,0,0.0,0.0,0.0,0.0,0.0
20,13,7,6,4,True,True,5706,5706,441,1233,10,0.0,4.0,0.21608832807570977,0.07728706624605679,0.21608832807570977
20,14,7,6,5,True,True,5706,5706,886,30079,21,0.0,3.0,5.2714686295127935,0.1552751489660007,5.2714686295127935
20,15,7,6,7,True,True,5706,5706,3949,132135,32,0.0,5.0,23.15720294426919,0.6920785138450753,23.15720294426919
20,16,7,6,8,True,False,5706,5706,0,0,0,0.0,0.0,0.0,0.0,0.0
20,17,7,6,26,True,True,5706,5706,157,2240,7,0.0,1.0,0.39256922537679634,0.027514896600070102,0.39256922537679634
20,18,7,6,27,True,True,5706,5706,121,938,6,0.0,1.0,0.16438836312653346,0.021205748335085876,0.16438836312653346
21,25,7,8,6,True,False,2059,2059,0,0,0,0.0,0.0,0.0,0.0,0.0
21,26,7,8,7,True,False,2059,2059,0,0,0,0.0,0.0,0.0,0.0,0.0
21,27,7,8,9,True,True,2059,2059,2059,82290,42,0.0,4.0,39.96600291403594,1.0,39.96600291403594
21,28,7,8,10,True,True,2059,2059,884,3128,19,0.0,5.0,1.5191840699368626,0.4293346284604177,1.5191840699368626
21,29,7,8,26,True,False,2059,2059,0,0,0,0.0,0.0,0.0,0.0,0.0
21,30,7,8,27,True,False,2059,2059,0,0,0,0.0,0.0,0.0,0.0,0.0
21,31,7,8,29,True,True,2059,2059,158,2386,3,0.0,5.0,1.1588149587178243,0.07673627974745022,1.1588149587178243
22,32,7,9,7,True,False,36,36,0,0,0,0.0,0.0,0.0,0.0,0.0
22,33,7,9,8,True,False,36,36,0,0,0,0.0,0.0,0.0,0.0,0.0
22,34,7,9,10,True,True,36,36,33,1501,13,0.0,4.0,41.69444444444444,0.9166666666666666,41.69444444444444
22,35,7,9,11,True,True,36,36,14,34,5,3.0,6.5,0.9444444444444444,0.3888888888888889,0.9444444444444444
22,36,7,9,27,True,False,36,36,0,0,0,0.0,0.0,0.0,0.0,0.0
22,37,7,9,29,True,False,36,36,0,0,0,0.0,0.0,0.0,0.0,0.0
23,60,7,26,4,True,False,240,240,0,0,0,0.0,0.0,0.0,0.0,0.0
23,61,7,26,5,True,True,240,240,39,287,2,0.0,2.0,1.1958333333333333,0.1625,1.1958333333333333
23,62,7,26,6,True,True,240,240,203,5236,11,0.0,2.0,21.816666666666666,0.8458333333333333,21.816666666666666
23,63,7,26,7,True,True,240,240,10,175,1,0.0,2.0,0.7291666666666666,0.041666666666666664,0.7291666666666666
23,64,7,26,8,True,False,240,240,0,0,0,0.0,0.0,0.0,0.0,0.0
23,65,7,26,27,True,False,240,240,0,0,0,0.0,0.0,0.0,0.0,0.0
23,66,7,26,46,True,True,240,240,31,1521,2,0.0,7.0,6.3375,0.12916666666666668,6.3375
23,67,7,26,47,True,True,240,240,10,10,1,7.0,9.0,0.041666666666666664,0.041666666666666664,0.041666666666666664
24,68,7,27,5,True,False,832,832,0,0,0,0.0,0.0,0.0,0.0,0.0
24,69,7,27,6,True,True,832,832,147,2429,10,0.0,1.0,2.9194711538461537,0.17668269230769232,2.9194711538461537
24,70,7,27,7,True,True,832,832,85,976,7,0.0,0.0,1.1730769230769231,0.10216346153846154,1.1730769230769231
24,71,7,27,8,True,True,832,832,12,126,1,0.0,0.0,0.15144230769230768,0.014423076923076924,0.15144230769230768
24,72,7,27,26,True,True,832,832,296,6715,13,0.0,3.0,8.070913461538462,0.3557692307692308,8.070913461538462
24,73,7,27,46,True,True,832,832,288,5382,9,0.0,5.0,6.46875,0.34615384615384615,6.46875
24,74,7,27,47,True,True,832,832,423,14783,12,0.0,5.0,17.768028846153847,0.5084134615384616,17.768028846153847
25,13,8,6,4,True,True,98,98,42,144,8,0.0,5.0,1.469387755102041,0.42857142857142855,1.469387755102041
25,14,8,6,5,True,True,98,98,65,2907,16,0.0,4.0,29.663265306122447,0.6632653061224489,29.663265306122447
25,15,8,6,7,True,True,98,98,30,1014,8,0.0,5.0,10.346938775510203,0.30612244897959184,10.346938775510203
25,16,8,6,8,True,False,98,98,0,0,0,0.0,0.0,0.0,0.0,0.0
25,17,8,6,26,True,True,98,98,4,110,2,0.0,2.0,1.1224489795918366,0.04081632653061224,1.1224489795918366
25,18,8,6,27,True,False,98,98,0,0,0,0.0,0.0,0.0,0.0,0.0
26,19,8,7,5,True,True,1911,1911,606,2493,13,0.0,4.0,1.304552590266876,0.31711145996860285,1.304552590266876
26,20,8,7,6,True,True,1911,1911,1538,49075,37,0.0,3.0,25.68027210884354,0.8048142333856619,25.68027210884354
26,21,8,7,8,True,False,1911,1911,0,0,0,0.0,0.0,0.0,0.0,0.0
26,22,8,7,9,True,False,1911,1911,0,0,0,0.0,0.0,0.0,0.0,0.0
26,23,8,7,26,True,True,1911,1911,365,5997,9,0.0,3.0,3.1381475667189953,0.19099947671376244,3.1381475667189953
26,24,8,7,27,True,True,1911,1911,482,10681,17,0.0,1.0,5.589220303506018,0.2522239665096808,5.589220303506018
27,32,8,9,7,True,False,2161,2161,0,0,0,0.0,0.0,0.0,0.0,0.0
27,33,8,9,8,True,False,2161,2161,0,0,0,0.0,0.0,0.0,0.0,0.0
27,34,8,9,10,True,True,2161,2161,1978,76089,41,0.0,4.0,35.21008792225821,0.9153169828782971,35.21008792225821
27,35,8,9,11,True,True,2161,2161,871,2050,17,0.0,5.0,0.9486348912540491,0.4030541416011106,0.9486348912540491
27,36,8,9,27,True,False,2161,2161,0,0,0,0.0,0.0,0.0,0.0,0.0
27,37,8,9,29,True,True,2161,2161,158,1163,4,0.0,3.0,0.5381767700138824,0.07311429893567793,0.5381767700138824
28,38,8,10,8,True,False,67,67,0,0,0,0.0,0.0,0.0,0.0,0.0
28,39,8,10,9,True,True,67,67,16,182,4,4.0,9.0,2.716417910447761,0.23880597014925373,2.716417910447761
28,40,8,10,11,True,True,67,67,46,2088,15,0.0,4.0,31.16417910447761,0.6865671641791045,31.16417910447761
28,41,8,10,12,True,True,67,67,15,35,4,2.0,5.0,0.5223880597014925,0.22388059701492538,0.5223880597014925
28,42,8,10,29,True,False,67,67,0,0,0,0.0,0.0,0.0,0.0,0.0
29,60,8,26,4,True,False,23,23,0,0,0,0.0,0.0,0.0,0.0,0.0
29,61,8,26,5,True,True,23,23,6,60,1,0.0,3.0,2.608695652173913,0.2608695652173913,2.608695652173913
29,62,8,26,6,True,True,23,23,13,522,4,0.0,3.0,22.695652173913043,0.5652173913043478,22.695652173913043
29,63,8,26,7,True,True,23,23,3,18,1,4.0,6.0,0.782608695652174,0.13043478260869565,0.782608695652174
29,64,8,26,8,True,False,23,23,0,0,0,0.0,0.0,0.0,0.0,0.0
29,65,8,26,27,True,False,23,23,0,0,0,0.0,0.0,0.0,0.0,0.0
29,66,8,26,46,True,False,23,23,0,0,0,0.0,0.0,0.0,0.0,0.0
29,67,8,26,47,True,False,23,23,0,0,0,0.0,0.0,0.0,0.0,0.0
30,68,8,27,5,True,True,707,707,24,139,1,0.0,3.0,0.1966053748231966,0.033946251768033946,0.1966053748231966
30,69,8,27,6,True,True,707,707,158,1684,8,0.0,2.0,2.381895332390382,0.22347949080622348,2.381895332390382
30,70,8,27,7,True,True,707,707,59,767,3,0.0,1.0,1.084865629420085,0.08345120226308345,1.084865629420085
30,71,8,27,8,True,False,707,707,0,0,0,0.0,0.0,0.0,0.0,0.0
30,72,8,27,26,True,True,707,707,271,8737,13,0.0,3.0,12.357850070721359,0.38330975954738333,12.357850070721359
30,73,8,27,46,True,True,707,707,145,1151,9,0.0,7.0,1.628005657708628,0.2050919377652051,1.628005657708628
30,74,8,27,47,True,True,707,707,374,12044,15,0.0,7.0,17.035360678925034,0.5289957567185289,17.035360678925034
31,75,8,29,7,True,False,51,51,0,0,0,0.0,0.0,0.0,0.0,0.0
31,76,8,29,8,True,False,51,51,0,0,0,0.0,0.0,0.0,0.0,0.0
31,77,8,29,9,True,True,51,51,12,26,1,0.0,1.0,0.5098039215686274,0.23529411764705882,0.5098039215686274
31,78,8,29,10,True,True,51,51,12,215,1,0.0,1.0,4.215686274509804,0.23529411764705882,4.215686274509804
31,79,8,29,27,True,False,51,51,0,0,0,0.0,0.0,0.0,0.0,0.0
31,80,8,29,31,True,True,51,51,39,220,2,0.0,4.0,4.313725490196078,0.7647058823529411,4.313725490196078
32,19,9,7,5,True,True,128,128,41,182,10,0.0,5.0,1.421875,0.3203125,1.421875
32,20,9,7,6,True,True,128,128,109,4284,27,0.0,4.0,33.46875,0.8515625,33.46875
32,21,9,7,8,True,False,128,128,0,0,0,0.0,0.0,0.0,0.0,0.0
32,22,9,7,9,True,False,128,128,0,0,0,0.0,0.0,0.0,0.0,0.0
32,23,9,7,26,True,True,128,128,21,390,8,0.0,4.0,3.046875,0.1640625,3.046875
32,24,9,7,27,True,True,128,128,27,851,10,0.0,3.0,6.6484375,0.2109375,6.6484375
33,25,9,8,6,True,True,2461,2461,1067,3865,23,0.0,4.0,1.5704997968305567,0.43356359203575784,1.5704997968305567
33,26,9,8,7,True,True,2461,2461,2023,62899,46,0.0,3.0,25.558309630231612,0.8220235676554246,25.558309630231612
33,27,9,8,9,True,False,2461,2461,0,0,0,0.0,0.0,0.0,0.0,0.0
33,28,9,8,10,True,False,2461,2461,0,0,0,0.0,0.0,0.0,0.0,0.0
33,29,9,8,26,True,True,2461,2461,238,962,5,0.0,6.0,0.39089800893945553,0.09670865501828525,0.39089800893945553
33,30,9,8,27,True,True,2461,2461,1101,23524,28,0.0,4.0,9.558715969118245,0.44737911418122717,9.558715969118245
33,31,9,8,29,True,False,2461,2461,0,0,0,0.0,0.0,0.0,0.0,0.0
34,38,9,10,8,True,False,6723,6723,0,0,0,0.0,0.0,0.0,0.0,0.0
34,39,9,10,9,True,True,6723,6723,4607,153935,33,0.0,4.0,22.896772274282313,0.6852595567455005,22.896772274282313
34,40,9,10,11,True,True,6723,6723,1643,65147,33,0.0,4.0,9.690168079726313,0.24438494719619216,9.690168079726313
34,41,9,10,12,True,True,6723,6723,332,770,7,0.0,5.0,0.11453220288561654,0.04938271604938271,0.11453220288561654
34,42,9,10,29,True,True,6723,6723,217,3742,4,0.0,5.0,0.5565967573999703,0.03227725717685557,0.5565967573999703
35,43,9,11,9,True,False,46,46,0,0,0,0.0,0.0,0.0,0.0,0.0
35,44,9,11,10,True,False,46,46,0,0,0,0.0,0.0,0.0,0.0,0.0
35,45,9,11,12,True,True,46,46,30,1183,13,0.0,6.0,25.717391304347824,0.6521739130434783,25.717391304347824
35,46,9,11,13,True,True,46,46,8,20,4,5.0,7.0,0.43478260869565216,0.17391304347826086,0.43478260869565216
35,47,9,11,29,True,False,46,46,0,0,0,0.0,0.0,0.0,0.0,0.0
35,48,9,11,31,True,True,46,46,10,42,6,6.0,9.0,0.9130434782608695,0.21739130434782608,0.9130434782608695
35,49,9,11,32,True,True,46,46,11,151,4,0.0,5.0,3.282608695652174,0.2391304347826087,3.282608695652174
36,68,9,27,5,True,True,20,20,1,6,1,4.0,5.5,0.3,0.05,0.3
36,69,9,27,6,True,True,20,20,13,382,4,0.0,3.0,19.1,0.65,19.1
36,70,9,27,7,True,True,20,20,11,57,2,0.0,2.0,2.85,0.55,2.85
36,71,9,27,8,True,False,20,20,0,0,0,0.0,0.0,0.0,0.0,0.0
36,72,9,27,26,True,True,20,20,5,170,4,0.0,4.0,8.5,0.25,8.5
36,73,9,27,46,True,True,20,20,1,9,1,6.0,8.0,0.45,0.05,0.45
36,74,9,27,47,True,True,20,20,7,124,4,0.0,7.0,6.2,0.35,6.2
37,75,9,29,7,True,True,295,295,20,35,2,0.0,0.0,0.11864406779661017,0.06779661016949153,0.11864406779661017
37,76,9,29,8,True,True,295,295,52,379,4,0.0,0.0,1.2847457627118644,0.17627118644067796,1.2847457627118644
37,77,9,29,9,True,True,295,295,98,630,8,0.0,0.0,2.135593220338983,0.33220338983050846,2.135593220338983
37,78,9,29,10,True,True,295,295,129,1655,7,0.0,1.0,5.610169491525424,0.43728813559322033,5.610169491525424
37,79,9,29,27,True,True,295,295,34,76,2,0.0,2.0,0.2576271186440678,0.1152542372881356,0.2576271186440678
37,80,9,29,31,True,True,295,295,17,53,2,0.0,2.0,0.17966101694915254,0.0576271186440678,0.17966101694915254
38,25,10,8,6,True,True,103,103,47,127,12,3.0,6.0,1.233009708737864,0.4563106796116505,1.233009708737864
38,26,10,8,7,True,True,103,103,89,3562,24,0.0,4.0,34.58252427184466,0.8640776699029126,34.58252427184466
38,27,10,8,9,True,False,103,103,0,0,0,0.0,0.0,0.0,0.0,0.0
38,28,10,8,10,True,False,103,103,0,0,0,0.0,0.0,0.0,0.0,0.0
38,29,10,8,26,True,True,103,103,2,4,2,7.0,7.5,0.038834951456310676,0.019417475728155338,0.038834951456310676
38,30,10,8,27,True,True,103,103,50,716,14,0.0,5.0,6.951456310679611,0.4854368932038835,6.951456310679611
38,31,10,8,29,True,False,103,103,0,0,0,0.0,0.0,0.0,0.0,0.0
39,32,10,9,7,True,True,7588,7588,1286,4923,27,0.0,4.0,0.6487875593041644,0.1694781233526621,0.6487875593041644
39,33,10,9,8,True,True,7588,7588,2174,73070,45,0.0,3.0,9.62967843964154,0.28650500790722194,9.62967843964154
39,34,10,9,10,True,True,7588,7588,3772,116635,33,0.0,6.0,15.370980495519241,0.49710068529256723,15.370980495519241
39,35,10,9,11,True,False,7588,7588,0,0,0,0.0,0.0,0.0,0.0,0.0
39,36,10,9,27,True,True,7588,7588,320,808,7,0.0,4.0,0.10648392198207696,0.04217185028993147,0.10648392198207696
39,37,10,9,29,True,True,7588,7588,459,5149,12,0.0,3.0,0.6785714285714286,0.060490247759620454,0.6785714285714286
40,43,10,11,9,True,False,1969,1969,0,0,0,0.0,0.0,0.0,0.0,0.0
40,44,10,11,10,True,False,1969,1969,0,0,0,0.0,0.0,0.0,0.0,0.0
40,45,10,11,12,True,True,1969,1969,1383,48544,26,0.0,5.0,24.65413915693245,0.702386998476384,24.65413915693245
40,46,10,11,13,True,True,1969,1969,305,700,6,0.0,6.0,0.35551041137633316,0.15490096495683087,0.35551041137633316
40,47,10,11,29,True,False,1969,1969,0,0,0,0.0,0.0,0.0,0.0,0.0
40,48,10,11,31,True,True,1969,1969,558,8597,13,0.0,8.0,4.366175723717623,0.28339258506856274,4.366175723717623
40,49,10,11,32,True,True,1969,1969,574,10852,14,0.0,6.0,5.511427120365668,0.2915185373285932,5.511427120365668
41,50,10,12,10,True,False,17,17,0,0,0,0.0,0.0,0.0,0.0,0.0
41,51,10,12,11,True,False,17,17,0,0,0,0.0,0.0,0.0,0.0,0.0
41,52,10,12,13,True,True,17,17,10,508,4,0.0,5.0,29.88235294117647,0.5882352941176471,29.88235294117647
41,53,10,12,31,True,True,17,17,1,25,1,0.0,3.0,1.4705882352941178,0.058823529411764705,1.4705882352941178
41,54,10,12,32,True,True,17,17,7,167,3,0.0,1.0,9.823529411764707,0.4117647058823529,9.823529411764707
41,55,10,12,33,True,True,17,17,3,3,1,6.0,7.0,0.17647058823529413,0.17647058823529413,0.17647058823529413
42,75,10,29,7,True,True,253,253,22,65,4,0.0,7.0,0.25691699604743085,0.08695652173913043,0.25691699604743085
42,76,10,29,8,True,True,253,253,112,2987,8,0.0,5.0,11.806324110671937,0.4426877470355731,11.806324110671937
42,77,10,29,9,True,True,253,253,80,1088,6,0.0,1.0,4.300395256916996,0.31620553359683795,4.300395256916996
42,78,10,29,10,True,False,253,253,0,0,0,0.0,0.0,0.0,0.0,0.0
42,79,10,29,27,True,True,253,253,62,81,3,0.0,5.0,0.3201581027667984,0.2450592885375494,0.3201581027667984
42,80,10,29,31,True,False,253,253,0,0,0,0.0,0.0,0.0,0.0,0.0
43,32,11,9,7,True,True,135,135,75,289,16,1.0,6.0,2.140740740740741,0.5555555555555556,2.140740740740741
43,33,11,9,8,True,True,135,135,99,4132,22,0.0,4.0,30.607407407407408,0.7333333333333333,30.607407407407408
43,34,11,9,10,True,True,135,135,27,439,8,1.0,9.0,3.251851851851852,0.2,3.251851851851852
43,35,11,9,11,True,False,135,135,0,0,0,0.0,0.0,0.0,0.0,0.0
43,36,11,9,27,True,True,135,135,23,77,4,2.0,6.0,0.5703703703703704,0.17037037037037037,0.5703703703703704
43,37,11,9,29,True,True,135,135,4,28,2,0.0,4.0,0.2074074074074074,0.02962962962962963,0.2074074074074074
44,38,11,10,8,True,True,2237,2237,1040,3768,24,0.0,4.0,1.6843987483236478,0.46490835940992403,1.6843987483236478
44,39,11,10,9,True,True,2237,2237,2087,76714,50,0.0,3.0,34.29324988824318,0.9329459097004917,34.29324988824318
44,40,11,10,11,True,False,2237,2237,0,0,0,0.0,0.0,0.0,0.0,0.0
44,41,11,10,12,True,False,2237,2237,0,0,0,0.0,0.0,0.0,0.0,0.0
44,42,11,10,29,True,True,2237,2237,296,2647,10,0.0,2.0,1.1832811801519894,0.13232007152436298,1.1832811801519894
45,50,11,12,10,True,False,1112,1112,0,0,0,0.0,0.0,0.0,0.0,0.0
45,51,11,12,11,True,True,1112,1112,92,1088,2,0.0,2.0,0.9784172661870504,0.08273381294964029,0.9784172661870504
45,52,11,12,13,True,True,1112,1112,526,19589,10,0.0,4.0,17.616007194244606,0.47302158273381295,17.616007194244606
45,53,11,12,31,True,True,1112,1112,67,890,2,0.0,2.0,0.8003597122302158,0.06025179856115108,0.8003597122302158
45,54,11,12,32,True,True,1112,1112,476,14828,14,0.0,4.0,13.33453237410072,0.42805755395683454,13.33453237410072
45,55,11,12,33,True,True,1112,1112,49,49,1,0.0,4.0,0.044064748201438846,0.044064748201438846,0.044064748201438846
46,56,11,13,11,True,False,14,14,0,0,0,0.0,0.0,0.0,0.0,0.0
46,57,11,13,12,True,True,14,14,14,480,6,0.0,7.0,34.285714285714285,1.0,34.285714285714285
46,58,11,13,32,True,False,14,14,0,0,0,0.0,0.0,0.0,0.0,0.0
46,59,11,13,33,True,True,14,14,3,115,1,0.0,4.0,8.214285714285714,0.21428571428571427,8.214285714285714
47,75,11,29,7,True,True,19,19,3,18,1,7.0,9.0,0.9473684210526315,0.15789473684210525,0.9473684210526315
47,76,11,29,8,True,True,19,19,13,206,4,0.0,4.0,10.842105263157896,0.6842105263157895,10.842105263157896
47,77,11,29,9,True,True,19,19,4,55,2,0.0,1.0,2.8947368421052633,0.21052631578947367,2.8947368421052633
47,78,11,29,10,True,False,19,19,0,0,0,0.0,0.0,0.0,0.0,0.0
47,79,11,29,27,True,True,19,19,6,6,1,8.0,9.5,0.3157894736842105,0.3157894736842105,0.3157894736842105
47,80,11,29,31,True,False,19,19,0,0,0,0.0,0.0,0.0,0.0,0.0
48,81,11,31,9,True,True,945,945,19,48,1,0.0,0.0,0.050793650793650794,0.020105820105820106,0.050793650793650794
48,82,11,31,10,True,True,945,945,73,715,6,0.0,1.0,0.7566137566137566,0.07724867724867725,0.7566137566137566
48,83,11,31,11,True,True,945,945,130,3677,5,0.0,4.0,3.891005291005291,0.13756613756613756,3.891005291005291
48,84,11,31,29,True,True,945,945,112,336,5,0.0,2.0,0.35555555555555557,0.11851851851851852,0.35555555555555557
48,85,11,31,32,True,True,945,945,450,13656,13,0.0,4.0,14.450793650793651,0.47619047619047616,14.450793650793651
48,86,11,31,52,True,True,945,945,78,202,4,0.0,8.0,0.21375661375661376,0.08253968253968254,0.21375661375661376
49,87,11,32,10,True,False,348,348,0,0,0,0.0,0.0,0.0,0.0,0.0
49,88,11,32,11,True,False,348,348,0,0,0,0.0,0.0,0.0,0.0,0.0
49,89,11,32,12,True,False,348,348,0,0,0,0.0,0.0,0.0,0.0,0.0
49,90,11,32,13,True,False,348,348,0,0,0,0.0,0.0,0.0,0.0,0.0
49,91,11,32,31,True,True,348,348,11,161,2,0.0,1.0,0.46264367816091956,0.031609195402298854,0.46264367816091956
49,92,11,32,33,True,True,348,348,27,600,2,0.0,7.0,1.7241379310344827,0.07758620689655173,1.7241379310344827
49,93,11,32,52,True,True,348,348,288,11299,11,0.0,6.0,32.4683908045977,0.8275862068965517,32.4683908045977
49,94,11,32,53,True,True,348,348,131,1628,7,0.0,7.0,4.67816091954023,0.3764367816091954,4.67816091954023
50,38,12,10,8,True,True,83,83,30,155,8,0.0,5.0,1.8674698795180722,0.3614457831325301,1.8674698795180722
50,39,12,10,9,True,True,83,83,77,3556,22,0.0,4.0,42.8433734939759,0.927710843373494,42.8433734939759
50,40,12,10,11,True,False,83,83,0,0,0,0.0,0.0,0.0,0.0,0.0
50,41,12,10,12,True,False,83,83,0,0,0,0.0,0.0,0.0,0.0,0.0
50,42,12,10,29,True,True,83,83,6,79,4,0.0,2.0,0.9518072289156626,0.07228915662650602,0.9518072289156626
51,43,12,11,9,True,True,1680,1680,770,3376,22,0.0,4.0,2.0095238095238095,0.4583333333333333,2.0095238095238095
51,44,12,11,10,True,True,1680,1680,1444,47536,37,0.0,3.0,28.295238095238094,0.8595238095238096,28.295238095238094
51,45,12,11,12,True,True,1680,1680,34,111,2,0.0,0.0,0.06607142857142857,0.02023809523809524,0.06607142857142857
51,46,12,11,13,True,False,1680,1680,0,0,0,0.0,0.0,0.0,0.0,0.0
51,47,12,11,29,True,True,1680,1680,227,848,5,0.0,5.0,0.5047619047619047,0.1351190476190476,0.5047619047619047
51,48,12,11,31,True,True,1680,1680,306,3796,10,0.0,1.0,2.2595238095238095,0.18214285714285713,2.2595238095238095
51,49,12,11,32,True,True,1680,1680,34,482,2,0.0,0.0,0.2869047619047619,0.02023809523809524,0.2869047619047619
52,56,12,13,11,True,False,4827,4827,0,0,0,0.0,0.0,0.0,0.0,0.0
52,57,12,13,12,True,True,4827,4827,4135,154978,38,0.0,4.0,32.106484358814996,0.856639734824943,32.106484358814996
52,58,12,13,32,True,True,4827,4827,149,1424,3,0.0,5.0,0.29500725088046403,0.030868033975554175,0.29500725088046403
52,59,12,13,33,True,True,4827,4827,227,5117,5,0.0,3.0,1.0600787238450384,0.047027139009736894,1.0600787238450384
53,81,12,31,9,True,False,202,202,0,0,0,0.0,0.0,0.0,0.0,0.0
53,82,12,31,10,True,True,202,202,89,1349,5,0.0,3.0,6.678217821782178,0.4405940594059406,6.678217821782178
53,83,12,31,11,True,True,202,202,34,127,4,0.0,0.0,0.6287128712871287,0.16831683168316833,0.6287128712871287
53,84,12,31,29,True,True,202,202,53,196,3,0.0,3.0,0.9702970297029703,0.2623762376237624,0.9702970297029703
53,85,12,31,32,True,True,202,202,29,639,2,0.0,1.0,3.1633663366336635,0.14356435643564355,3.1633663366336635
53,86,12,31,52,True,True,202,202,4,10,1,0.0,0.0,0.04950495049504951,0.019801980198019802,0.04950495049504951
54,87,12,32,10,True,False,848,848,0,0,0,0.0,0.0,0.0,0.0,0.0
54,88,12,32,11,True,True,848,848,75,917,3,0.0,5.0,1.0813679245283019,0.08844339622641509,1.0813679245283019
54,89,12,32,12,True,True,848,848,310,4638,12,0.0,1.0,5.46933962264151,0.36556603773584906,5.46933962264151
54,90,12,32,13,True,True,848,848,179,2709,7,0.0,1.0,3.1945754716981134,0.21108490566037735,3.1945754716981134
54,91,12,32,31,True,True,848,848,36,237,2,0.0,1.0,0.2794811320754717,0.04245283018867924,0.2794811320754717
54,92,12,32,33,True,True,848,848,55,979,1,0.0,8.0,1.1544811320754718,0.06485849056603774,1.1544811320754718
54,93,12,32,52,True,True,848,848,369,12343,13,0.0,5.0,14.555424528301886,0.43514150943396224,14.555424528301886
54,94,12,32,53,True,True,848,848,307,4824,8,0.0,7.0,5.688679245283019,0.36202830188679247,5.688679245283019
55,95,12,33,11,True,False,24,24,0,0,0,0.0,0.0,0.0,0.0,0.0
55,96,12,33,12,True,True,24,24,24,137,4,0.0,2.0,5.708333333333333,1.0,5.708333333333333
55,97,12,33,13,True,True,24,24,23,793,3,0.0,5.0,33.041666666666664,0.9583333333333334,33.041666666666664
55,98,12,33,31,True,False,24,24,0,0,0,0.0,0.0,0.0,0.0,0.0
55,99,12,33,32,True,True,24,24,1,4,1,0.0,1.5,0.16666666666666666,0.041666666666666664,0.16666666666666666
55,100,12,33,53,True,False,24,24,0,0,0,0.0,0.0,0.0,0.0,0.0
55,101,12,33,54,True,False,24,24,0,0,0,0.0,0.0,0.0,0.0,0.0
56,43,13,11,9,True,True,5,5,4,21,2,3.0,5.0,4.2,0.8,4.2
56,44,13,11,10,True,True,5,5,4,176,2,0.0,4.0,35.2,0.8,35.2
56,45,13,11,12,True,False,5,5,0,0,0,0.0,0.0,0.0,0.0,0.0
56,46,13,11,13,True,False,5,5,0,0,0,0.0,0.0,0.0,0.0,0.0
56,47,13,11,29,True,False,5,5,0,0,0,0.0,0.0,0.0,0.0,0.0
56,48,13,11,31,True,True,5,5,1,12,1,0.0,1.0,2.4,0.2,2.4
56,49,13,11,32,True,False,5,5,0,0,0,0.0,0.0,0.0,0.0,0.0
57,50,13,12,10,True,True,5022,5022,118,467,4,0.0,5.0,0.09299084030266826,0.023496614894464356,0.09299084030266826
57,51,13,12,11,True,True,5022,5022,330,10539,8,0.0,5.0,2.098566308243728,0.06571087216248507,2.098566308243728
57,52,13,12,13,True,True,5022,5022,2811,75028,29,0.0,6.0,14.939864595778575,0.55973715651135,14.939864595778575
57,53,13,12,31,True,True,5022,5022,124,2226,3,0.0,4.0,0.4432497013142174,0.024691358024691357,0.4432497013142174
57,54,13,12,32,True,True,5022,5022,407,8127,10,0.0,4.0,1.618279569892473,0.08104340900039825,1.618279569892473
57,55,13,12,33,True,True,5022,5022,1,1,1,10.0,10.0,0.00019912385503783353,0.00019912385503783353,0.00019912385503783353
58,87,13,32,10,True,False,40,40,0,0,0,0.0,0.0,0.0,0.0,0.0
58,88,13,32,11,True,True,40,40,3,45,1,4.0,8.0,1.125,0.075,1.125
58,89,13,32,12,True,True,40,40,39,745,4,0.0,1.0,18.625,0.975,18.625
58,90,13,32,13,True,True,40,40,6,28,1,0.0,1.0,0.7,0.15,0.7
58,91,13,32,31,True,False,40,40,0,0,0,0.0,0.0,0.0,0.0,0.0
58,92,13,32,33,True,False,40,40,0,0,0,0.0,0.0,0.0,0.0,0.0
58,93,13,32,52,True,True,40,40,1,18,1,0.0,1.0,0.45,0.025,0.45
58,94,13,32,53,True,True,40,40,1,9,1,0.0,1.0,0.225,0.025,0.225
59,95,13,33,11,True,False,250,250,0,0,0,0.0,0.0,0.0,0.0,0.0
59,96,13,33,12,True,True,250,250,115,1397,4,0.0,1.0,5.588,0.46,5.588
59,97,13,33,13,True,True,250,250,82,2133,3,0.0,3.0,8.532,0.328,8.532
59,98,13,33,31,True,False,250,250,0,0,0,0.0,0.0,0.0,0.0,0.0
59,99,13,33,32,True,True,250,250,87,1066,2,0.0,3.0,4.264,0.348,4.264
59,100,13,33,53,True,True,250,250,108,2364,2,0.0,3.0,9.456,0.432,9.456
59,101,13,33,54,True,False,250,250,0,0,0,0.0,0.0,0.0,0.0,0.0
60,4,26,4,3,True,True,8,8,8,267,4,0.0,3.0,33.375,1.0,33.375
60,5,26,4,5,True,False,8,8,0,0,0,0.0,0.0,0.0,0.0,0.0
60,6,26,4,6,True,False,8,8,0,0,0,0.0,0.0,0.0,0.0,0.0
60,7,26,4,26,True,False,8,8,0,0,0,0.0,0.0,0.0,0.0,0.0
61,8,26,5,3,True,True,216,216,157,588,8,0.0,5.0,2.7222222222222223,0.7268518518518519,2.7222222222222223
61,9,26,5,4,True,True,216,216,202,8586,11,0.0,4.0,39.75,0.9351851851851852,39.75
61,10,26,5,6,True,False,216,216,0,0,0,0.0,0.0,0.0,0.0,0.0
61,11,26,5,7,True,False,216,216,0,0,0,0.0,0.0,0.0,0.0,0.0
61,12,26,5,26,True,False,216,216,0,0,0,0.0,0.0,0.0,0.0,0.0
62,13,26,6,4,True,True,884,884,85,143,4,0.0,1.0,0.16176470588235295,0.09615384615384616,0.16176470588235295
62,14,26,6,5,True,True,884,884,278,7513,11,0.0,2.0,8.498868778280542,0.31447963800904977,8.498868778280542
62,15,26,6,7,True,True,884,884,498,16984,13,0.0,3.0,19.212669683257918,0.5633484162895928,19.212669683257918
62,16,26,6,8,True,True,884,884,50,50,2,0.0,2.0,0.05656108597285068,0.05656108597285068,0.05656108597285068
62,17,26,6,26,True,True,884,884,23,124,2,0.0,1.0,0.14027149321266968,0.026018099547511313,0.14027149321266968
62,18,26,6,27,True,True,884,884,19,242,1,1.0,8.0,0.2737556561085973,0.021493212669683258,0.2737556561085973
63,19,26,7,5,True,False,319,319,0,0,0,0.0,0.0,0.0,0.0,0.0
63,20,26,7,6,True,True,319,319,41,822,3,0.0,8.0,2.5768025078369905,0.12852664576802508,2.5768025078369905
63,21,26,7,8,True,True,319,319,275,11581,13,0.0,3.0,36.30407523510972,0.8620689655172413,36.30407523510972
63,22,26,7,9,True,True,319,319,112,235,5,0.0,5.0,0.7366771159874608,0.3510971786833856,0.7366771159874608
63,23,26,7,26,True,True,319,319,15,145,1,3.0,8.0,0.45454545454545453,0.047021943573667714,0.45454545454545453
63,24,26,7,27,True,True,319,319,18,240,2,1.0,7.0,0.7523510971786834,0.05642633228840126,0.7523510971786834
64,25,26,8,6,True,False,6,6,0,0,0,0.0,0.0,0.0,0.0,0.0
64,26,26,8,7,True,False,6,6,0,0,0,0.0,0.0,0.0,0.0,0.0
64,27,26,8,9,True,True,6,6,6,214,2,0.0,5.0,35.666666666666664,1.0,35.666666666666664
64,28,26,8,10,True,True,6,6,3,9,1,5.0,6.0,1.5,0.5,1.5
64,29,26,8,26,True,False,6,6,0,0,0,0.0,0.0,0.0,0.0,0.0
64,30,26,8,27,True,False,6,6,0,0,0,0.0,0.0,0.0,0.0,0.0
64,31,26,8,29,True,False,6,6,0,0,0,0.0,0.0,0.0,0.0,0.0
65,68,26,27,5,True,False,537,537,0,0,0,0.0,0.0,0.0,0.0,0.0
65,69,26,27,6,True,True,537,537,39,345,1,0.0,3.0,0.6424581005586593,0.07262569832402235,0.6424581005586593
65,70,26,27,7,True,True,537,537,272,6008,8,0.0,2.0,11.188081936685288,0.5065176908752328,11.188081936685288
65,71,26,27,8,True,True,537,537,272,3129,8,0.0,3.0,5.826815642458101,0.5065176908752328,5.826815642458101
65,72,26,27,26,True,True,537,537,89,1542,5,0.0,1.0,2.8715083798882683,0.16573556797020483,2.8715083798882683
65,73,26,27,46,True,True,537,537,32,436,2,0.0,1.0,0.8119180633147114,0.0595903165735568,0.8119180633147114
65,74,26,27,47,True,True,537,537,97,2048,4,0.0,1.0,3.813780260707635,0.18063314711359404,3.813780260707635
66,103,26,46,26,True,True,1774,1774,66,1901,1,0.0,2.0,1.0715896279594137,0.03720405862457723,1.0715896279594137
66,104,26,46,27,True,False,1774,1774,0,0,0,0.0,0.0,0.0,0.0,0.0
66,105,26,46,47,True,True,1774,1774,851,26135,20,0.0,5.0,14.732243517474634,0.47970687711386695,14.732243517474634
66,106,26,46,67,True,True,1774,1774,600,10458,13,0.0,6.0,5.895152198421646,0.3382187147688839,5.895152198421646
66,107,26,46,86,True,True,1774,1774,64,81,2,0.0,6.0,0.04565952649379933,0.036076662908680945,0.04565952649379933
66,108,26,46,87,True,True,1774,1774,81,153,2,2.0,8.0,0.08624577226606539,0.04565952649379933,0.08624577226606539
67,109,26,47,26,True,False,222,222,0,0,0,0.0,0.0,0.0,0.0,0.0
67,110,26,47,27,True,False,222,222,0,0,0,0.0,0.0,0.0,0.0,0.0
67,111,26,47,46,True,True,222,222,100,2735,7,0.0,4.0,12.31981981981982,0.45045045045045046,12.31981981981982
67,112,26,47,67,True,True,222,222,167,6835,8,0.0,5.0,30.78828828828829,0.7522522522522522,30.78828828828829
67,113,26,47,87,True,True,222,222,10,10,1,7.0,9.0,0.04504504504504504,0.04504504504504504,0.04504504504504504
68,8,27,5,3,True,True,8,8,6,18,1,6.0,8.0,2.25,0.75,2.25
68,9,27,5,4,True,True,8,8,6,307,1,0.0,6.0,38.375,0.75,38.375
68,10,27,5,6,True,False,8,8,0,0,0,0.0,0.0,0.0,0.0,0.0
68,11,27,5,7,True,False,8,8,0,0,0,0.0,0.0,0.0,0.0,0.0
68,12,27,5,26,True,False,8,8,0,0,0,0.0,0.0,0.0,0.0,0.0
69,13,27,6,4,True,True,329,329,40,100,2,0.0,6.0,0.303951367781155,0.12158054711246201,0.303951367781155
69,14,27,6,5,True,True,329,329,121,4712,6,0.0,3.0,14.322188449848024,0.3677811550151976,14.322188449848024
69,15,27,6,7,True,True,329,329,147,3842,11,0.0,7.0,11.677811550151976,0.44680851063829785,11.677811550151976
69,16,27,6,8,True,False,329,329,0,0,0,0.0,0.0,0.0,0.0,0.0
69,17,27,6,26,True,True,329,329,40,260,3,0.0,0.0,0.790273556231003,0.12158054711246201,0.790273556231003
69,18,27,6,27,True,True,329,329,15,149,1,3.0,8.0,0.45288753799392095,0.04559270516717325,0.45288753799392095
70,19,27,7,5,True,False,626,626,0,0,0,0.0,0.0,0.0,0.0,0.0
70,20,27,7,6,True,True,626,626,311,11291,14,0.0,4.0,18.036741214057507,0.4968051118210863,18.036741214057507
70,21,27,7,8,True,True,626,626,307,9600,10,0.0,2.0,15.335463258785943,0.4904153354632588,15.335463258785943
70,22,27,7,9,True,True,626,626,130,209,4,0.0,4.0,0.33386581469648563,0.20766773162939298,0.33386581469648563
70,23,27,7,26,True,True,626,626,7,28,1,0.0,0.0,0.04472843450479233,0.011182108626198083,0.04472843450479233
70,24,27,7,27,True,False,626,626,0,0,0,0.0,0.0,0.0,0.0,0.0
71,25,27,8,6,True,False,156,156,0,0,0,0.0,0.0,0.0,0.0,0.0
71,26,27,8,7,True,False,156,156,0,0,0,0.0,0.0,0.0,0.0,0.0
71,27,27,8,9,True,True,156,156,156,7273,11,0.0,4.0,46.62179487179487,1.0,46.62179487179487
71,28,27,8,10,True,True,156,156,24,54,3,4.0,7.0,0.34615384615384615,0.15384615384615385,0.34615384615384615
71,29,27,8,26,True,False,156,156,0,0,0,0.0,0.0,0.0,0.0,0.0
71,30,27,8,27,True,False,156,156,0,0,0,0.0,0.0,0.0,0.0,0.0
71,31,27,8,29,True,False,156,156,0,0,0,0.0,0.0,0.0,0.0,0.0
72,60,27,26,4,True,True,901,901,137,301,3,0.0,6.0,0.3340732519422864,0.15205327413984462,0.3340732519422864
72,61,27,26,5,True,True,901,901,214,2463,6,0.0,3.0,2.7336293007769146,0.23751387347391786,2.7336293007769146
72,62,27,26,6,True,True,901,901,205,3610,10,0.0,2.0,4.006659267480577,0.22752497225305215,4.006659267480577
72,63,27,26,7,True,True,901,901,105,564,4,0.0,2.0,0.6259711431742508,0.11653718091009989,0.6259711431742508
72,64,27,26,8,True,False,901,901,0,0,0,0.0,0.0,0.0,0.0,0.0
72,65,27,26,27,True,True,901,901,132,1329,6,0.0,1.0,1.4750277469478357,0.146503884572697,1.4750277469478357
72,66,27,26,46,True,True,901,901,314,9939,9,0.0,3.0,11.031076581576027,0.34850166481687017,11.031076581576027
72,67,27,26,47,True,True,901,901,166,2140,5,0.0,2.0,2.3751387347391786,0.18423973362930077,2.3751387347391786
73,103,27,46,26,True,False,227,227,0,0,0,0.0,0.0,0.0,0.0,0.0
73,104,27,46,27,True,False,227,227,0,0,0,0.0,0.0,0.0,0.0,0.0
73,105,27,46,47,True,True,227,227,159,2905,12,0.0,3.0,12.797356828193832,0.7004405286343612,12.797356828193832
73,106,27,46,67,True,True,227,227,77,978,4,0.0,3.0,4.308370044052864,0.3392070484581498,4.308370044052864
73,107,27,46,86,True,True,227,227,45,134,1,0.0,5.0,0.5903083700440529,0.19823788546255505,0.5903083700440529
73,108,27,46,87,True,False,227,227,0,0,0,0.0,0.0,0.0,0.0,0.0
74,109,27,47,26,True,False,1222,1222,0,0,0,0.0,0.0,0.0,0.0,0.0
74,110,27,47,27,True,False,1222,1222,0,0,0,0.0,0.0,0.0,0.0,0.0
74,111,27,47,46,True,True,1222,1222,553,12114,14,0.0,3.0,9.913256955810148,0.4525368248772504,9.913256955810148
74,112,27,47,67,True,True,1222,1222,970,34431,21,0.0,5.0,28.1759410801964,0.7937806873977087,28.1759410801964
74,113,27,47,87,True,True,1222,1222,118,118,3,1.0,8.0,0.09656301145662848,0.09656301145662848,0.09656301145662848
75,19,29,7,5,True,True,12,12,1,3,1,6.0,7.0,0.25,0.08333333333333333,0.25
75,20,29,7,6,True,True,12,12,11,514,4,0.0,4.0,42.833333333333336,0.9166666666666666,42.833333333333336
75,21,29,7,8,True,False,12,12,0,0,0,0.0,0.0,0.0,0.0,0.0
75,22,29,7,9,True,False,12,12,0,0,0,0.0,0.0,0.0,0.0,0.0
75,23,29,7,26,True,False,12,12,0,0,0,0.0,0.0,0.0,0.0,0.0
75,24,29,7,27,True,True,12,12,1,34,1,0.0,2.0,2.8333333333333335,0.08333333333333333,2.8333333333333335
76,25,29,8,6,True,True,329,329,57,206,4,0.0,4.0,0.6261398176291794,0.17325227963525835,0.6261398176291794
76,26,29,8,7,True,True,329,329,248,5225,12,0.0,4.0,15.881458966565349,0.7537993920972644,15.881458966565349
76,27,29,8,9,True,False,329,329,0,0,0,0.0,0.0,0.0,0.0,0.0
76,28,29,8,10,True,False,329,329,0,0,0,0.0,0.0,0.0,0.0,0.0
76,29,29,8,26,True,True,329,329,28,168,1,1.0,7.0,0.5106382978723404,0.0851063829787234,0.5106382978723404
76,30,29,8,27,True,True,329,329,254,5150,9,0.0,3.0,15.653495440729483,0.7720364741641338,15.653495440729483
76,31,29,8,29,True,False,329,329,0,0,0,0.0,0.0,0.0,0.0,0.0
77,32,29,9,7,True,True,358,358,63,237,5,0.0,3.0,0.6620111731843575,0.17597765363128492,0.6620111731843575
77,33,29,9,8,True,True,358,358,148,3018,9,0.0,1.0,8.430167597765363,0.4134078212290503,8.430167597765363
77,34,29,9,10,True,True,358,358,111,1658,8,0.0,4.0,4.631284916201118,0.3100558659217877,4.631284916201118
77,35,29,9,11,True,True,358,358,18,48,1,0.0,1.0,0.1340782122905028,0.05027932960893855,0.1340782122905028
77,36,29,9,27,True,True,358,358,10,20,1,0.0,0.0,0.055865921787709494,0.027932960893854747,0.055865921787709494
77,37,29,9,29,True,True,358,358,30,180,1,0.0,1.0,0.5027932960893855,0.08379888268156424,0.5027932960893855
78,38,29,10,8,True,False,163,163,0,0,0,0.0,0.0,0.0,0.0,0.0
78,39,29,10,9,True,True,163,163,60,1800,6,0.0,3.0,11.042944785276074,0.36809815950920244,11.042944785276074
78,40,29,10,11,True,True,163,163,95,4049,3,0.0,3.0,24.84049079754601,0.5828220858895705,24.84049079754601
78,41,29,10,12,True,True,163,163,24,66,1,2.0,7.0,0.4049079754601227,0.147239263803681,0.4049079754601227
78,42,29,10,29,True,False,163,163,0,0,0,0.0,0.0,0.0,0.0,0.0
79,68,29,27,5,True,True,7,7,1,2,1,5.0,5.5,0.2857142857142857,0.14285714285714285,0.2857142857142857
79,69,29,27,6,True,False,7,7,0,0,0,0.0,0.0,0.0,0.0,0.0
79,70,29,27,7,True,False,7,7,0,0,0,0.0,0.0,0.0,0.0,0.0
79,71,29,27,8,True,False,7,7,0,0,0,0.0,0.0,0.0,0.0,0.0
79,72,29,27,26,True,True,7,7,3,131,3,0.0,4.0,18.714285714285715,0.42857142857142855,18.714285714285715
79,73,29,27,46,True,False,7,7,0,0,0,0.0,0.0,0.0,0.0,0.0
79,74,29,27,47,True,True,7,7,5,30,3,4.0,8.0,4.285714285714286,0.7142857142857143,4.285714285714286
80,81,29,31,9,True,False,7,7,0,0,0,0.0,0.0,0.0,0.0,0.0
80,82,29,31,10,True,False,7,7,0,0,0,0.0,0.0,0.0,0.0,0.0
80,83,29,31,11,True,False,7,7,0,0,0,0.0,0.0,0.0,0.0,0.0
80,84,29,31,29,True,False,7,7,0,0,0,0.0,0.0,0.0,0.0,0.0
80,85,29,31,32,True,True,7,7,7,314,2,0.0,5.0,44.857142857142854,1.0,44.857142857142854
80,86,29,31,52,True,False,7,7,0,0,0,0.0,0.0,0.0,0.0,0.0
81,32,31,9,7,True,True,17,17,7,24,3,3.0,5.0,1.411764705882353,0.4117647058823529,1.411764705882353
81,33,31,9,8,True,True,17,17,7,194,3,0.0,3.0,11.411764705882353,0.4117647058823529,11.411764705882353
81,34,31,9,10,True,True,17,17,7,188,3,2.0,8.0,11.058823529411764,0.4117647058823529,11.058823529411764
81,35,31,9,11,True,False,17,17,0,0,0,0.0,0.0,0.0,0.0,0.0
81,36,31,9,27,True,False,17,17,0,0,0,0.0,0.0,0.0,0.0,0.0
81,37,31,9,29,True,False,17,17,0,0,0,0.0,0.0,0.0,0.0,0.0
82,38,31,10,8,True,True,625,625,163,511,10,0.0,5.0,0.8176,0.2608,0.8176
82,39,31,10,9,True,True,625,625,514,20632,24,0.0,4.0,33.0112,0.8224,33.0112
82,40,31,10,11,True,False,625,625,0,0,0,0.0,0.0,0.0,0.0,0.0
82,41,31,10,12,True,False,625,625,0,0,0,0.0,0.0,0.0,0.0,0.0
82,42,31,10,29,True,True,625,625,91,1743,5,0.0,4.0,2.7888,0.1456,2.7888
83,43,31,11,9,True,True,604,604,236,806,13,0.0,3.0,1.3344370860927153,0.39072847682119205,1.3344370860927153
83,44,31,11,10,True,True,604,604,451,13170,21,0.0,3.0,21.804635761589402,0.7466887417218543,21.804635761589402
83,45,31,11,12,True,False,604,604,0,0,0,0.0,0.0,0.0,0.0,0.0
83,46,31,11,13,True,False,604,604,0,0,0,0.0,0.0,0.0,0.0,0.0
83,47,31,11,29,True,False,604,604,0,0,0,0.0,0.0,0.0,0.0,0.0
83,48,31,11,31,True,True,604,604,167,5738,5,0.0,4.0,9.5,0.2764900662251656,9.5
83,49,31,11,32,True,False,604,604,0,0,0,0.0,0.0,0.0,0.0,0.0
84,75,31,29,7,True,True,33,33,1,1,1,7.0,7.0,0.030303030303030304,0.030303030303030304,0.030303030303030304
84,76,31,29,8,True,True,33,33,11,184,4,0.0,3.0,5.575757575757576,0.3333333333333333,5.575757575757576
84,77,31,29,9,True,True,33,33,21,667,5,0.0,5.0,20.21212121212121,0.6363636363636364,20.21212121212121
84,78,31,29,10,True,True,33,33,10,10,1,6.0,8.0,0.30303030303030304,0.30303030303030304,0.30303030303030304
84,79,31,29,27,True,False,33,33,0,0,0,0.0,0.0,0.0,0.0,0.0
84,80,31,29,31,True,False,33,33,0,0,0,0.0,0.0,0.0,0.0,0.0
85,87,31,32,10,True,False,758,758,0,0,0,0.0,0.0,0.0,0.0,0.0
85,88,31,32,11,True,False,758,758,0,0,0,0.0,0.0,0.0,0.0,0.0
85,89,31,32,12,True,True,758,758,45,175,1,0.0,2.0,0.23087071240105542,0.059366754617414245,0.23087071240105542
85,90,31,32,13,True,True,758,758,45,1260,1,0.0,2.0,1.6622691292875988,0.059366754617414245,1.6622691292875988
85,91,31,32,31,True,True,758,758,144,2673,4,0.0,1.0,3.5263852242744065,0.18997361477572558,3.5263852242744065
85,92,31,32,33,True,True,758,758,164,3181,4,0.0,6.0,4.196569920844327,0.21635883905013192,4.196569920844327
85,93,31,32,52,True,True,758,758,501,13278,11,0.0,4.0,17.517150395778366,0.6609498680738787,17.517150395778366
85,94,31,32,53,True,True,758,758,287,4024,7,0.0,7.0,5.308707124010554,0.3786279683377309,5.308707124010554
86,114,31,52,31,True,False,58,58,0,0,0,0.0,0.0,0.0,0.0,0.0
86,115,31,52,32,True,True,58,58,9,72,1,0.0,0.5,1.2413793103448276,0.15517241379310345,1.2413793103448276
86,116,31,52,33,True,True,58,58,3,45,1,2.0,6.0,0.7758620689655172,0.05172413793103448,0.7758620689655172
86,117,31,52,53,True,True,58,58,18,448,4,0.0,6.0,7.724137931034483,0.3103448275862069,7.724137931034483
86,118,31,52,54,True,True,58,58,9,27,1,5.0,7.0,0.46551724137931033,0.15517241379310345,0.46551724137931033
87,38,32,10,8,True,True,47,47,27,54,5,2.0,8.0,1.148936170212766,0.574468085106383,1.148936170212766
87,39,32,10,9,True,True,47,47,42,1961,14,0.0,5.0,41.723404255319146,0.8936170212765957,41.723404255319146
87,40,32,10,11,True,False,47,47,0,0,0,0.0,0.0,0.0,0.0,0.0
87,41,32,10,12,True,False,47,47,0,0,0,0.0,0.0,0.0,0.0,0.0
87,42,32,10,29,True,True,47,47,6,39,2,0.0,0.0,0.8297872340425532,0.1276595744680851,0.8297872340425532
88,43,32,11,9,True,True,782,782,451,1609,25,0.0,5.0,2.057544757033248,0.5767263427109974,2.057544757033248
88,44,32,11,10,True,True,782,782,683,23912,41,0.0,4.0,30.578005115089514,0.8734015345268542,30.578005115089514
88,45,32,11,12,True,False,782,782,0,0,0,0.0,0.0,0.0,0.0,0.0
88,46,32,11,13,True,False,782,782,0,0,0,0.0,0.0,0.0,0.0,0.0
88,47,32,11,29,True,True,782,782,37,132,3,2.0,7.0,0.16879795396419436,0.04731457800511509,0.16879795396419436
88,48,32,11,31,True,True,782,782,134,2729,8,0.0,3.0,3.489769820971867,0.17135549872122763,3.489769820971867
88,49,32,11,32,True,False,782,782,0,0,0,0.0,0.0,0.0,0.0,0.0
89,50,32,12,10,True,True,1372,1372,371,1421,16,0.0,4.0,1.0357142857142858,0.27040816326530615,1.0357142857142858
89,51,32,12,11,True,True,1372,1372,765,21121,28,0.0,2.0,15.394314868804665,0.5575801749271136,15.394314868804665
89,52,32,12,13,True,True,1372,1372,386,8939,14,0.0,4.0,6.51530612244898,0.2813411078717201,6.51530612244898
89,53,32,12,31,True,True,1372,1372,114,558,4,0.0,2.0,0.4067055393586006,0.08309037900874636,0.4067055393586006
89,54,32,12,32,True,True,1372,1372,16,40,2,0.0,1.0,0.029154518950437316,0.011661807580174927,0.029154518950437316
89,55,32,12,33,True,True,1372,1372,31,179,2,0.0,9.0,0.130466472303207,0.02259475218658892,0.130466472303207
90,56,32,13,11,True,False,191,191,0,0,0,0.0,0.0,0.0,0.0,0.0
90,57,32,13,12,True,True,191,191,182,5603,11,0.0,5.0,29.335078534031414,0.9528795811518325,29.335078534031414
90,58,32,13,32,True,True,191,191,15,318,1,0.0,7.0,1.6649214659685865,0.07853403141361257,1.6649214659685865
90,59,32,13,33,True,False,191,191,0,0,0,0.0,0.0,0.0,0.0,0.0
91,81,32,31,9,True,True,1641,1641,303,717,6,0.0,5.0,0.4369287020109689,0.1846435100548446,0.4369287020109689
91,82,32,31,10,True,True,1641,1641,1104,19865,25,0.0,3.0,12.105423522242535,0.6727605118829981,12.105423522242535
91,83,32,31,11,True,True,1641,1641,824,15586,22,0.0,2.0,9.497867154174283,0.502132845825716,9.497867154174283
91,84,32,31,29,True,True,1641,1641,125,858,3,0.0,4.0,0.5228519195612431,0.07617306520414381,0.5228519195612431
91,85,32,31,32,True,True,1641,1641,75,1302,4,0.0,4.0,0.793418647166362,0.04570383912248629,0.793418647166362
91,86,32,31,52,True,True,1641,1641,61,687,3,0.0,2.0,0.4186471663619744,0.03717245581962218,0.4186471663619744
92,95,32,33,11,True,False,266,266,0,0,0,0.0,0.0,0.0,0.0,0.0
92,96,32,33,12,True,True,266,266,25,127,2,0.0,0.0,0.4774436090225564,0.09398496240601503,0.4774436090225564
92,97,32,33,13,True,True,266,266,28,523,2,0.0,1.0,1.9661654135338347,0.10526315789473684,1.9661654135338347
92,98,32,33,31,True,False,266,266,0,0,0,0.0,0.0,0.0,0.0,0.0
92,99,32,33,32,True,True,266,266,59,1803,3,0.0,2.0,6.7781954887218046,0.22180451127819548,6.7781954887218046
92,100,32,33,53,True,True,266,266,179,3524,5,0.0,3.0,13.24812030075188,0.6729323308270677,13.24812030075188
92,101,32,33,54,True,True,266,266,96,857,3,0.0,4.0,3.2218045112781954,0.3609022556390977,3.2218045112781954
93,114,32,52,31,True,False,1051,1051,0,0,0,0.0,0.0,0.0,0.0,0.0
93,115,32,52,32,True,True,1051,1051,47,339,3,0.0,0.0,0.3225499524262607,0.04471931493815414,0.3225499524262607
93,116,32,52,33,True,True,1051,1051,68,747,2,0.0,3.0,0.7107516650808754,0.06470028544243578,0.7107516650808754
93,117,32,52,53,True,True,1051,1051,785,21911,21,0.0,3.0,20.847764034253093,0.7469077069457659,20.847764034253093
93,118,32,52,54,True,True,1051,1051,243,553,6,0.0,2.0,0.5261655566127498,0.23120837297811608,0.5261655566127498
94,119,32,53,32,True,False,306,306,0,0,0,0.0,0.0,0.0,0.0,0.0
94,120,32,53,33,True,True,306,306,58,715,4,0.0,1.0,2.3366013071895426,0.1895424836601307,2.3366013071895426
94,121,32,53,52,True,True,306,306,21,898,1,0.0,7.0,2.934640522875817,0.06862745098039216,2.934640522875817
94,122,32,53,54,True,True,306,306,203,8072,14,0.0,4.0,26.37908496732026,0.6633986928104575,26.37908496732026
94,123,32,53,55,True,True,306,306,89,448,5,0.0,6.0,1.4640522875816993,0.2908496732026144,1.4640522875816993
95,43,33,11,9,True,True,27,27,17,34,3,3.0,6.0,1.2592592592592593,0.6296296296296297,1.2592592592592593
95,44,33,11,10,True,True,27,27,27,1174,6,0.0,3.0,43.48148148148148,1.0,43.48148148148148
95,45,33,11,12,True,False,27,27,0,0,0,0.0,0.0,0.0,0.0,0.0
95,46,33,11,13,True,False,27,27,0,0,0,0.0,0.0,0.0,0.0,0.0
95,47,33,11,29,True,True,27,27,4,21,2,5.0,7.0,0.7777777777777778,0.14814814814814814,0.7777777777777778
95,48,33,11,31,True,False,27,27,0,0,0,0.0,0.0,0.0,0.0,0.0
95,49,33,11,32,True,False,27,27,0,0,0,0.0,0.0,0.0,0.0,0.0
96,50,33,12,10,True,True,690,690,324,1301,13,0.0,5.0,1.8855072463768117,0.46956521739130436,1.8855072463768117
96,51,33,12,11,True,True,690,690,326,11630,15,0.0,3.0,16.855072463768117,0.47246376811594204,16.855072463768117
96,52,33,12,13,True,True,690,690,130,3569,9,0.0,7.0,5.172463768115942,0.18840579710144928,5.172463768115942
96,53,33,12,31,True,True,690,690,56,2372,2,0.0,5.0,3.43768115942029,0.08115942028985507,3.43768115942029
96,54,33,12,32,True,True,690,690,68,1596,2,0.0,2.0,2.3130434782608695,0.09855072463768116,2.3130434782608695
96,55,33,12,33,True,True,690,690,44,232,1,0.0,7.0,0.336231884057971,0.06376811594202898,0.336231884057971
97,56,33,13,11,True,True,766,766,54,100,2,0.0,1.0,0.13054830287206268,0.07049608355091384,0.13054830287206268
97,57,33,13,12,True,True,766,766,766,26985,20,0.0,4.0,35.22845953002611,1.0,35.22845953002611
97,58,33,13,32,True,True,766,766,10,30,1,0.0,0.0,0.0391644908616188,0.013054830287206266,0.0391644908616188
97,59,33,13,33,True,False,766,766,0,0,0,0.0,0.0,0.0,0.0,0.0
98,81,33,31,9,True,True,13,13,1,1,1,4.0,4.0,0.07692307692307693,0.07692307692307693,0.07692307692307693
98,82,33,31,10,True,True,13,13,10,207,3,0.0,7.0,15.923076923076923,0.7692307692307693,15.923076923076923
98,83,33,31,11,True,True,13,13,13,250,4,0.0,7.0,19.23076923076923,1.0,19.23076923076923
98,84,33,31,29,True,False,13,13,0,0,0,0.0,0.0,0.0,0.0,0.0
98,85,33,31,32,True,False,13,13,0,0,0,0.0,0.0,0.0,0.0,0.0
98,86,33,31,52,True,False,13,13,0,0,0,0.0,0.0,0.0,0.0,0.0
99,87,33,32,10,True,True,1310,1310,460,1610,12,0.0,5.0,1.2290076335877862,0.3511450381679389,1.2290076335877862
99,88,33,32,11,True,True,1310,1310,667,9533,22,0.0,3.0,7.277099236641221,0.5091603053435114,7.277099236641221
99,89,33,32,12,True,True,1310,1310,487,8622,23,0.0,2.0,6.581679389312977,0.3717557251908397,6.581679389312977
99,90,33,32,13,True,True,1310,1310,47,319,3,0.0,6.0,0.2435114503816794,0.03587786259541985,0.2435114503816794
99,91,33,32,31,True,True,1310,1310,794,27914,17,0.0,4.0,21.308396946564887,0.6061068702290077,21.308396946564887
99,92,33,32,33,True,True,1310,1310,3,27,1,0.0,0.0,0.020610687022900764,0.0022900763358778627,0.020610687022900764
99,93,33,32,52,True,True,1310,1310,26,318,1,0.0,1.0,0.24274809160305344,0.01984732824427481,0.24274809160305344
99,94,33,32,53,True,True,1310,1310,26,176,1,0.0,1.0,0.13435114503816795,0.01984732824427481,0.13435114503816795
100,119,33,53,32,True,False,245,245,0,0,0,0.0,0.0,0.0,0.0,0.0
100,120,33,53,33,True,True,245,245,40,232,3,0.0,1.0,0.9469387755102041,0.16326530612244897,0.9469387755102041
100,121,33,53,52,True,False,245,245,0,0,0,0.0,0.0,0.0,0.0,0.0
100,122,33,53,54,True,True,245,245,242,8363,7,0.0,5.0,34.13469387755102,0.9877551020408163,34.13469387755102
100,123,33,53,55,True,True,245,245,39,103,2,0.0,4.0,0.4204081632653061,0.15918367346938775,0.4204081632653061
101,124,33,54,33,True,False,85,85,0,0,0,0.0,0.0,0.0,0.0,0.0
101,125,33,54,52,True,False,85,85,0,0,0,0.0,0.0,0.0,0.0,0.0
101,126,33,54,53,True,False,85,85,0,0,0,0.0,0.0,0.0,0.0,0.0
101,127,33,54,55,True,True,85,85,66,1388,4,0.0,7.0,16.32941176470588,0.7764705882352941,16.32941176470588
102,135,41,81,121,True,True,5,5,3,3,1,8.0,9.0,0.6,0.6,0.6
103,60,46,26,4,True,True,1130,1130,36,36,1,3.0,8.0,0.03185840707964602,0.03185840707964602,0.03185840707964602
103,61,46,26,5,True,True,1130,1130,258,5383,6,0.0,6.0,4.763716814159292,0.22831858407079647,4.763716814159292
103,62,46,26,6,True,True,1130,1130,624,20460,13,0.0,5.0,18.106194690265486,0.552212389380531,18.106194690265486
103,63,46,26,7,True,True,1130,1130,463,10768,11,0.0,6.0,9.529203539823008,0.4097345132743363,9.529203539823008
103,64,46,26,8,True,True,1130,1130,110,329,2,0.0,7.0,0.2911504424778761,0.09734513274336283,0.2911504424778761
103,65,46,26,27,True,True,1130,1130,231,6159,6,0.0,3.0,5.4504424778761065,0.20442477876106194,5.4504424778761065
103,66,46,26,46,True,True,1130,1130,74,1667,1,0.0,4.0,1.475221238938053,0.06548672566371681,1.475221238938053
103,67,46,26,47,True,False,1130,1130,0,0,0,0.0,0.0,0.0,0.0,0.0
104,68,46,27,5,True,False,106,106,0,0,0,0.0,0.0,0.0,0.0,0.0
104,69,46,27,6,True,True,106,106,60,1592,3,0.0,6.0,15.018867924528301,0.5660377358490566,15.018867924528301
104,70,46,27,7,True,True,106,106,68,1846,4,0.0,5.0,17.41509433962264,0.6415094339622641,17.41509433962264
104,71,46,27,8,True,True,106,106,18,84,2,3.0,7.0,0.7924528301886793,0.16981132075471697,0.7924528301886793
104,72,46,27,26,True,True,106,106,46,1557,3,0.0,6.0,14.68867924528302,0.4339622641509434,14.68867924528302
104,73,46,27,46,True,False,106,106,0,0,0,0.0,0.0,0.0,0.0,0.0
104,74,46,27,47,True,False,106,106,0,0,0,0.0,0.0,0.0,0.0,0.0
105,109,46,47,26,True,True,5614,5614,155,3644,5,0.0,3.0,0.6490915568222302,0.027609547559672248,0.6490915568222302
105,110,46,47,27,True,True,5614,5614,130,2898,5,0.0,2.0,0.516209476309227,0.023156394727467045,0.516209476309227
105,111,46,47,46,True,True,5614,5614,4595,157697,41,0.0,5.0,28.089953687210546,0.818489490559316,28.089953687210546
105,112,46,47,67,True,True,5614,5614,718,12719,23,0.0,3.0,2.2655860349127184,0.1278945493409334,2.2655860349127184
105,113,46,47,87,True,False,5614,5614,0,0,0,0.0,0.0,0.0,0.0,0.0
106,130,46,67,46,True,True,570,570,164,1237,9,0.0,2.0,2.170175438596491,0.28771929824561404,2.170175438596491
106,131,46,67,47,True,True,570,570,192,4525,12,0.0,1.0,7.93859649122807,0.3368421052631579,7.93859649122807
106,132,46,67,86,True,True,570,570,179,1743,13,0.0,4.0,3.057894736842105,0.3140350877192982,3.057894736842105
106,133,46,67,87,True,True,570,570,290,9770,15,0.0,4.0,17.140350877192983,0.5087719298245614,17.140350877192983
106,134,46,67,107,True,False,570,570,0,0,0,0.0,0.0,0.0,0.0,0.0
107,136,46,86,46,True,False,4,4,0,0,0,0.0,0.0,0.0,0.0,0.0
107,137,46,86,67,True,False,4,4,0,0,0,0.0,0.0,0.0,0.0,0.0
107,138,46,86,87,True,True,4,4,4,79,2,0.0,1.0,19.75,1.0,19.75
107,139,46,86,106,True,False,4,4,0,0,0,0.0,0.0,0.0,0.0,0.0
107,140,46,86,107,True,True,4,4,1,21,1,2.0,6.0,5.25,0.25,5.25
107,141,46,86,126,True,False,4,4,0,0,0,0.0,0.0,0.0,0.0,0.0
108,142,46,87,67,True,False,4,4,0,0,0,0.0,0.0,0.0,0.0,0.0
108,143,46,87,86,True,True,4,4,1,10,1,0.0,4.5,2.5,0.25,2.5
108,144,46,87,106,True,True,4,4,1,45,1,1.0,7.0,11.25,0.25,11.25
108,145,46,87,107,True,True,4,4,3,164,1,0.0,6.0,41.0,0.75,41.0
108,146,46,87,127,True,False,4,4,0,0,0,0.0,0.0,0.0,0.0,0.0
109,60,47,26,4,True,True,153,153,6,18,1,7.0,9.0,0.11764705882352941,0.0392156862745098,0.11764705882352941
109,61,47,26,5,True,True,153,153,7,170,2,0.0,8.0,1.1111111111111112,0.0457516339869281,1.1111111111111112
109,62,47,26,6,True,True,153,153,56,1864,3,0.0,5.0,12.183006535947712,0.3660130718954248,12.183006535947712
109,63,47,26,7,True,True,153,153,125,2059,5,0.0,6.0,13.457516339869281,0.8169934640522876,13.457516339869281
109,64,47,26,8,True,False,153,153,0,0,0,0.0,0.0,0.0,0.0,0.0
109,65,47,26,27,True,True,153,153,76,1890,4,0.0,3.0,12.352941176470589,0.49673202614379086,12.352941176470589
109,66,47,26,46,True,False,153,153,0,0,0,0.0,0.0,0.0,0.0,0.0
109,67,47,26,47,True,False,153,153,0,0,0,0.0,0.0,0.0,0.0,0.0
110,68,47,27,5,True,False,435,435,0,0,0,0.0,0.0,0.0,0.0,0.0
110,69,47,27,6,True,True,435,435,153,1578,4,0.0,4.0,3.627586206896552,0.35172413793103446,3.627586206896552
110,70,47,27,7,True,True,435,435,307,10057,8,0.0,5.0,23.119540229885057,0.7057471264367816,23.119540229885057
110,71,47,27,8,True,True,435,435,107,1119,4,0.0,8.0,2.5724137931034483,0.24597701149425288,2.5724137931034483
110,72,47,27,26,True,True,435,435,213,4667,6,0.0,2.0,10.728735632183907,0.4896551724137931,10.728735632183907
110,73,47,27,46,True,False,435,435,0,0,0,0.0,0.0,0.0,0.0,0.0
110,74,47,27,47,True,False,435,435,0,0,0,0.0,0.0,0.0,0.0,0.0
111,103,47,46,26,True,True,5678,5678,91,2679,3,0.0,3.0,0.47182106375484323,0.0160267699894329,0.47182106375484323
111,104,47,46,27,True,True,5678,5678,24,160,1,0.0,1.0,0.028178936245156744,0.004226840436773511,0.028178936245156744
111,105,47,46,47,True,True,5678,5678,4332,127730,41,0.0,5.0,22.495597041211695,0.7629446988376188,22.495597041211695
111,106,47,46,67,True,True,5678,5678,580,5304,21,0.0,3.0,0.9341317365269461,0.1021486438886932,0.9341317365269461
111,107,47,46,86,True,False,5678,5678,0,0,0,0.0,0.0,0.0,0.0,0.0
111,108,47,46,87,True,False,5678,5678,0,0,0,0.0,0.0,0.0,0.0,0.0
112,130,47,67,46,True,True,1908,1908,284,1871,12,0.0,2.0,0.9806079664570231,0.1488469601677149,0.9806079664570231
112,131,47,67,47,True,True,1908,1908,365,7499,14,0.0,2.0,3.930293501048218,0.19129979035639413,3.930293501048218
112,132,47,67,86,True,True,1908,1908,780,13738,20,0.0,5.0,7.20020964360587,0.4088050314465409,7.20020964360587
112,133,47,67,87,True,True,1908,1908,1130,40972,25,0.0,5.0,21.47379454926625,0.5922431865828093,21.47379454926625
112,134,47,67,107,True,True,1908,1908,273,578,5,0.0,6.0,0.3029350104821803,0.1430817610062893,0.3029350104821803
113,142,47,87,67,True,False,3,3,0,0,0,0.0,0.0,0.0,0.0,0.0
113,143,47,87,86,True,False,3,3,0,0,0,0.0,0.0,0.0,0.0,0.0
113,144,47,87,106,True,True,3,3,2,40,2,1.0,6.0,13.333333333333334,0.6666666666666666,13.333333333333334
113,145,47,87,107,True,True,3,3,3,121,3,0.0,6.0,40.333333333333336,1.0,40.333333333333336
113,146,47,87,127,True,False,3,3,0,0,0,0.0,0.0,0.0,0.0,0.0
114,81,52,31,9,True,False,12,12,0,0,0,0.0,0.0,0.0,0.0,0.0
114,82,52,31,10,True,True,12,12,8,28,3,0.0,4.0,2.3333333333333335,0.6666666666666666,2.3333333333333335
114,83,52,31,11,True,True,12,12,11,430,4,0.0,3.0,35.833333333333336,0.9166666666666666,35.833333333333336
114,84,52,31,29,True,False,12,12,0,0,0,0.0,0.0,0.0,0.0,0.0
114,85,52,31,32,True,False,12,12,0,0,0,0.0,0.0,0.0,0.0,0.0
114,86,52,31,52,True,False,12,12,0,0,0,0.0,0.0,0.0,0.0,0.0
115,87,52,32,10,True,True,1615,1615,57,213,2,2.0,8.0,0.13188854489164087,0.03529411764705882,0.13188854489164087
115,88,52,32,11,True,True,1615,1615,922,16126,22,0.0,5.0,9.985139318885448,0.5708978328173374,9.985139318885448
115,89,52,32,12,True,True,1615,1615,815,22300,19,0.0,5.0,13.808049535603715,0.5046439628482973,13.808049535603715
115,90,52,32,13,True,True,1615,1615,109,1595,2,0.0,7.0,0.9876160990712074,0.06749226006191951,0.9876160990712074
115,91,52,32,31,True,True,1615,1615,681,21719,16,0.0,5.0,13.448297213622292,0.421671826625387,13.448297213622292
115,92,52,32,33,True,True,1615,1615,146,2160,5,0.0,2.0,1.3374613003095974,0.09040247678018576,1.3374613003095974
115,93,52,32,52,True,True,1615,1615,67,500,2,0.0,5.0,0.30959752321981426,0.04148606811145511,0.30959752321981426
115,94,52,32,53,True,True,1615,1615,18,264,2,0.0,1.0,0.1634674922600619,0.011145510835913313,0.1634674922600619
116,95,52,33,11,True,False,139,139,0,0,0,0.0,0.0,0.0,0.0,0.0
116,96,52,33,12,True,True,139,139,42,672,2,0.0,6.0,4.83453237410072,0.302158273381295,4.83453237410072
116,97,52,33,13,True,True,139,139,56,2160,3,0.0,6.0,15.53956834532374,0.4028776978417266,15.53956834532374
116,98,52,33,31,True,False,139,139,0,0,0,0.0,0.0,0.0,0.0,0.0
116,99,52,33,32,True,True,139,139,83,1860,5,0.0,3.0,13.381294964028777,0.5971223021582733,13.381294964028777
116,100,52,33,53,True,True,139,139,6,172,1,0.0,2.0,1.2374100719424461,0.04316546762589928,1.2374100719424461
116,101,52,33,54,True,True,139,139,21,840,2,0.0,6.0,6.043165467625899,0.1510791366906475,6.043165467625899
117,119,52,53,32,True,True,1727,1727,109,2001,7,0.0,2.0,1.1586566299942096,0.06311522872032427,1.1586566299942096
117,120,52,53,33,True,True,1727,1727,153,3467,7,0.0,1.0,2.007527504342791,0.08859293572669369,2.007527504342791
117,121,52,53,52,True,True,1727,1727,1023,32995,16,0.0,3.0,19.105385060799073,0.5923566878980892,19.105385060799073
117,122,52,53,54,True,True,1727,1727,449,19197,12,0.0,4.0,11.11580775911986,0.259988419224088,11.11580775911986
117,123,52,53,55,True,True,1727,1727,124,365,4,0.0,5.0,0.21134916039374638,0.07180081065431385,0.21134916039374638
118,124,52,54,33,True,False,17,17,0,0,0,0.0,0.0,0.0,0.0,0.0
118,125,52,54,52,True,False,17,17,0,0,0,0.0,0.0,0.0,0.0,0.0
118,126,52,54,53,True,False,17,17,0,0,0,0.0,0.0,0.0,0.0,0.0
118,127,52,54,55,True,True,17,17,17,737,6,0.0,5.0,43.35294117647059,1.0,43.35294117647059
119,87,53,32,10,True,True,741,741,94,181,7,1.0,7.0,0.24426450742240216,0.12685560053981107,0.24426450742240216
119,88,53,32,11,True,True,741,741,350,4979,17,0.0,6.0,6.719298245614035,0.47233468286099867,6.719298245614035
119,89,53,32,12,True,True,741,741,412,15910,18,0.0,5.0,21.47098515519568,0.5560053981106613,21.47098515519568
119,90,53,32,13,True,True,741,741,29,165,3,0.0,9.0,0.22267206477732793,0.03913630229419703,0.22267206477732793
119,91,53,32,31,True,True,741,741,314,9794,19,0.0,6.0,13.21727395411606,0.42375168690958165,13.21727395411606
119,92,53,32,33,True,True,741,741,15,235,2,0.0,0.0,0.31713900134952766,0.020242914979757085,0.31713900134952766
119,93,53,32,52,True,False,741,741,0,0,0,0.0,0.0,0.0,0.0,0.0
119,94,53,32,53,True,False,741,741,0,0,0,0.0,0.0,0.0,0.0,0.0
120,95,53,33,11,True,True,2430,2430,244,1025,6,0.0,6.0,0.4218106995884774,0.10041152263374485,0.4218106995884774
120,96,53,33,12,True,True,2430,2430,1157,22823,26,0.0,5.0,9.392181069958848,0.47613168724279836,9.392181069958848
120,97,53,33,13,True,True,2430,2430,762,28615,16,0.0,5.0,11.775720164609053,0.3135802469135803,11.775720164609053
120,98,53,33,31,True,True,2430,2430,183,592,4,0.0,6.0,0.24362139917695474,0.07530864197530865,0.24362139917695474
120,99,53,33,32,True,True,2430,2430,1526,40046,38,0.0,3.0,16.4798353909465,0.6279835390946502,16.4798353909465
120,100,53,33,53,True,True,2430,2430,35,698,3,0.0,1.0,0.2872427983539095,0.01440329218106996,0.2872427983539095
120,101,53,33,54,True,True,2430,2430,52,1963,3,0.0,4.0,0.8078189300411522,0.02139917695473251,0.8078189300411522
121,114,53,52,31,True,True,1991,1991,95,407,2,0.0,6.0,0.20441988950276244,0.047714716223003516,0.20441988950276244
121,115,53,52,32,True,True,1991,1991,808,24061,23,0.0,3.0,12.08488196885987,0.4058262179809141,12.08488196885987
121,116,53,52,33,True,True,1991,1991,258,3399,6,0.0,3.0,1.707182320441989,0.12958312405826217,1.707182320441989
121,117,53,52,53,True,True,1991,1991,898,16610,15,0.0,6.0,8.342541436464089,0.45102963335007534,8.342541436464089
121,118,53,52,54,True,False,1991,1991,0,0,0,0.0,0.0,0.0,0.0,0.0
122,124,53,54,33,True,True,902,902,35,308,1,0.0,2.0,0.34146341463414637,0.038802660753880266,0.34146341463414637
122,125,53,54,52,True,False,902,902,0,0,0,0.0,0.0,0.0,0.0,0.0
122,126,53,54,53,True,True,902,902,35,625,1,0.0,1.0,0.6929046563192904,0.038802660753880266,0.6929046563192904
122,127,53,54,55,True,True,902,902,867,35089,17,0.0,5.0,38.90133037694013,0.9611973392461197,38.90133037694013
123,128,53,55,53,True,False,20,20,0,0,0,0.0,0.0,0.0,0.0,0.0
123,129,53,55,54,True,False,20,20,0,0,0,0.0,0.0,0.0,0.0,0.0
124,95,54,33,11,True,True,28,28,10,10,1,4.0,6.0,0.35714285714285715,0.35714285714285715,0.35714285714285715
124,96,54,33,12,True,True,28,28,11,168,2,0.0,5.0,6.0,0.39285714285714285,6.0
124,97,54,33,13,True,True,28,28,1,27,1,0.0,5.0,0.9642857142857143,0.03571428571428571,0.9642857142857143
124,98,54,33,31,True,False,28,28,0,0,0,0.0,0.0,0.0,0.0,0.0
124,99,54,33,32,True,True,28,28,16,573,3,0.0,3.0,20.464285714285715,0.5714285714285714,20.464285714285715
124,100,54,33,53,True,False,28,28,0,0,0,0.0,0.0,0.0,0.0,0.0
124,101,54,33,54,True,False,28,28,0,0,0,0.0,0.0,0.0,0.0,0.0
125,114,54,52,31,True,False,12,12,0,0,0,0.0,0.0,0.0,0.0,0.0
125,115,54,52,32,True,True,12,12,11,282,4,0.0,8.0,23.5,0.9166666666666666,23.5
125,116,54,52,33,True,True,12,12,5,87,3,0.0,5.0,7.25,0.4166666666666667,7.25
125,117,54,52,53,True,True,12,12,2,14,2,0.0,1.0,1.1666666666666667,0.16666666666666666,1.1666666666666667
125,118,54,52,54,True,False,12,12,0,0,0,0.0,0.0,0.0,0.0,0.0
126,119,54,53,32,True,True,2150,2150,802,10795,22,0.0,7.0,5.02093023255814,0.3730232558139535,5.02093023255814
126,120,54,53,33,True,True,2150,2150,1468,42575,36,0.0,6.0,19.802325581395348,0.6827906976744186,19.802325581395348
126,121,54,53,52,True,True,2150,2150,636,18284,18,0.0,4.0,8.504186046511627,0.2958139534883721,8.504186046511627
126,122,54,53,54,True,False,2150,2150,0,0,0,0.0,0.0,0.0,0.0,0.0
126,123,54,53,55,True,False,2150,2150,0,0,0,0.0,0.0,0.0,0.0,0.0
127,128,54,55,53,True,False,950,950,0,0,0,0.0,0.0,0.0,0.0,0.0
127,129,54,55,54,True,False,950,950,0,0,0,0.0,0.0,0.0,0.0,0.0
128,119,55,53,32,True,True,105,105,35,386,11,2.0,8.0,3.676190476190476,0.3333333333333333,3.676190476190476
128,120,55,53,33,True,True,105,105,53,946,17,0.0,8.0,9.00952380952381,0.5047619047619047,9.00952380952381
128,121,55,53,52,True,True,105,105,44,1489,9,0.0,5.0,14.18095238095238,0.41904761904761906,14.18095238095238
128,122,55,53,54,True,False,105,105,0,0,0,0.0,0.0,0.0,0.0,0.0
128,123,55,53,55,True,False,105,105,0,0,0,0.0,0.0,0.0,0.0,0.0
129,124,55,54,33,True,True,1964,1964,102,300,3,0.0,5.0,0.15274949083503056,0.051934826883910386,0.15274949083503056
129,125,55,54,52,True,True,1964,1964,61,321,2,0.0,4.0,0.1634419551934827,0.031059063136456212,0.1634419551934827
129,126,55,54,53,True,True,1964,1964,1767,64708,42,0.0,3.0,32.94704684317719,0.8996945010183299,32.94704684317719
129,127,55,54,55,True,False,1964,1964,0,0,0,0.0,0.0,0.0,0.0,0.0
130,103,67,46,26,True,True,152,152,7,364,1,0.0,7.0,2.3947368421052633,0.046052631578947366,2.3947368421052633
130,104,67,46,27,True,False,152,152,0,0,0,0.0,0.0,0.0,0.0,0.0
130,105,67,46,47,True,True,152,152,70,1423,15,0.0,4.0,9.361842105263158,0.4605263157894737,9.361842105263158
130,106,67,46,67,True,True,152,152,15,190,1,0.0,4.0,1.25,0.09868421052631579,1.25
130,107,67,46,86,True,False,152,152,0,0,0,0.0,0.0,0.0,0.0,0.0
130,108,67,46,87,True,False,152,152,0,0,0,0.0,0.0,0.0,0.0,0.0
131,109,67,47,26,True,True,1054,1054,58,875,2,0.0,8.0,0.8301707779886148,0.05502846299810247,0.8301707779886148
131,110,67,47,27,True,True,1054,1054,192,7448,5,0.0,6.0,7.066413662239089,0.18216318785578747,7.066413662239089
131,111,67,47,46,True,True,1054,1054,737,26137,18,0.0,3.0,24.797912713472485,0.6992409867172675,24.797912713472485
131,112,67,47,67,True,True,1054,1054,156,3612,4,0.0,6.0,3.4269449715370017,0.14800759013282733,3.4269449715370017
131,113,67,47,87,True,False,1054,1054,0,0,0,0.0,0.0,0.0,0.0,0.0
132,136,67,86,46,True,False,394,394,0,0,0,0.0,0.0,0.0,0.0,0.0
132,137,67,86,67,True,False,394,394,0,0,0,0.0,0.0,0.0,0.0,0.0
132,138,67,86,87,True,True,394,394,170,2123,14,0.0,2.0,5.388324873096447,0.43147208121827413,5.388324873096447
132,139,67,86,106,True,True,394,394,244,9337,14,0.0,5.0,23.69796954314721,0.6192893401015228,23.69796954314721
132,140,67,86,107,True,True,394,394,198,3660,14,0.0,4.0,9.289340101522843,0.5025380710659898,9.289340101522843
132,141,67,86,126,True,True,394,394,78,78,3,0.0,7.0,0.19796954314720813,0.19796954314720813,0.19796954314720813
133,142,67,87,67,True,False,1336,1336,0,0,0,0.0,0.0,0.0,0.0,0.0
133,143,67,87,86,True,True,1336,1336,416,3535,15,0.0,1.0,2.6459580838323356,0.31137724550898205,2.6459580838323356
133,144,67,87,106,True,True,1336,1336,692,12351,17,0.0,4.0,9.244760479041917,0.5179640718562875,9.244760479041917
133,145,67,87,107,True,True,1336,1336,1212,41189,31,0.0,5.0,30.83008982035928,0.907185628742515,30.83008982035928
133,146,67,87,127,True,True,1336,1336,112,112,3,1.0,8.0,0.08383233532934131,0.08383233532934131,0.08383233532934131
134,153,67,107,86,True,True,11,11,3,165,1,0.0,7.0,15.0,0.2727272727272727,15.0
134,154,67,107,87,True,False,11,11,0,0,0,0.0,0.0,0.0,0.0,0.0
134,155,67,107,106,True,True,11,11,8,77,4,0.0,1.0,7.0,0.7272727272727273,7.0
134,156,67,107,126,True,True,11,11,4,82,2,1.0,7.0,7.454545454545454,0.36363636363636365,7.454545454545454
134,157,67,107,127,True,True,11,11,6,164,2,0.0,8.0,14.909090909090908,0.5454545454545454,14.909090909090908
135,158,81,121,122,True,False,3,3,0,0,0,0.0,0.0,0.0,0.0,0.0
135,159,81,121,123,True,False,3,3,0,0,0,0.0,0.0,0.0,0.0,0.0
136,103,86,46,26,True,True,5,5,4,87,2,3.0,9.0,17.4,0.8,17.4
136,104,86,46,27,True,True,5,5,1,15,1,2.0,5.0,3.0,0.2,3.0
136,105,86,46,47,True,True,5,5,1,34,1,0.0,3.0,6.8,0.2,6.8
136,106,86,46,67,True,False,5,5,0,0,0,0.0,0.0,0.0,0.0,0.0
136,107,86,46,86,True,False,5,5,0,0,0,0.0,0.0,0.0,0.0,0.0
136,108,86,46,87,True,False,5,5,0,0,0,0.0,0.0,0.0,0.0,0.0
137,130,86,67,46,True,True,61,61,30,104,3,0.0,7.0,1.7049180327868851,0.4918032786885246,1.7049180327868851
137,131,86,67,47,True,True,61,61,56,2653,6,0.0,5.0,43.49180327868852,0.9180327868852459,43.49180327868852
137,132,86,67,86,True,False,61,61,0,0,0,0.0,0.0,0.0,0.0,0.0
137,133,86,67,87,True,False,61,61,0,0,0,0.0,0.0,0.0,0.0,0.0
137,134,86,67,107,True,False,61,61,0,0,0,0.0,0.0,0.0,0.0,0.0
138,142,86,87,67,True,True,3356,3356,142,3352,6,0.0,1.0,0.99880810488677,0.04231227651966627,0.99880810488677
138,143,86,87,86,True,True,3356,3356,2388,73341,30,0.0,5.0,21.853694874851012,0.7115613825983313,21.853694874851012
138,144,86,87,106,True,True,3356,3356,649,4048,22,0.0,4.0,1.2061978545887961,0.1933849821215733,1.2061978545887961
138,145,86,87,107,True,True,3356,3356,1192,23552,33,0.0,2.0,7.01787842669845,0.35518474374255066,7.01787842669845
138,146,86,87,127,True,True,3356,3356,22,22,2,0.0,1.0,0.006555423122765197,0.006555423122765197,0.006555423122765197
139,147,86,106,86,True,True,1736,1736,242,4030,8,0.0,2.0,2.3214285714285716,0.13940092165898618,2.3214285714285716
139,148,86,106,87,True,True,1736,1736,528,5944,14,0.0,2.0,3.423963133640553,0.30414746543778803,3.423963133640553
139,149,86,106,107,True,True,1736,1736,532,7526,19,0.0,2.0,4.335253456221198,0.3064516129032258,4.335253456221198
139,150,86,106,126,True,True,1736,1736,903,31350,19,0.0,5.0,18.058755760368662,0.5201612903225806,18.058755760368662
139,151,86,106,127,True,True,1736,1736,604,12983,15,0.0,5.0,7.4786866359447,0.347926267281106,7.4786866359447
139,152,86,106,146,True,True,1736,1736,93,169,2,0.0,7.0,0.09735023041474654,0.05357142857142857,0.09735023041474654
140,153,86,107,86,True,True,806,806,360,3895,17,0.0,3.0,4.832506203473946,0.4466501240694789,4.832506203473946
140,154,86,107,87,True,True,806,806,517,11737,20,0.0,1.0,14.562034739454095,0.641439205955335,14.562034739454095
140,155,86,107,106,True,True,806,806,127,2305,13,0.0,2.0,2.859801488833747,0.1575682382133995,2.859801488833747
140,156,86,107,126,True,True,806,806,104,1441,9,0.0,5.0,1.7878411910669976,0.12903225806451613,1.7878411910669976
140,157,86,107,127,True,True,806,806,200,6880,14,0.0,4.0,8.535980148883375,0.24813895781637718,8.535980148883375
141,170,86,126,106,True,False,6,6,0,0,0,0.0,0.0,0.0,0.0,0.0
141,171,86,126,107,True,False,6,6,0,0,0,0.0,0.0,0.0,0.0,0.0
141,172,86,126,124,True,False,6,6,0,0,0,0.0,0.0,0.0,0.0,0.0
141,173,86,126,127,True,True,6,6,5,34,3,0.0,0.5,5.666666666666667,0.8333333333333334,5.666666666666667
141,174,86,126,146,True,True,6,6,1,1,1,7.0,7.0,0.16666666666666666,0.16666666666666666,0.16666666666666666
142,130,87,67,46,True,True,502,502,138,495,6,0.0,6.0,0.9860557768924303,0.2749003984063745,0.9860557768924303
142,131,87,67,47,True,True,502,502,478,21035,10,0.0,5.0,41.90239043824701,0.952191235059761,41.90239043824701
142,132,87,67,86,True,False,502,502,0,0,0,0.0,0.0,0.0,0.0,0.0
142,133,87,67,87,True,False,502,502,0,0,0,0.0,0.0,0.0,0.0,0.0
142,134,87,67,107,True,False,502,502,0,0,0,0.0,0.0,0.0,0.0,0.0
143,136,87,86,46,True,False,3397,3397,0,0,0,0.0,0.0,0.0,0.0,0.0
143,137,87,86,67,True,True,3397,3397,2,2,1,0.0,0.0,0.0005887547836326171,0.0005887547836326171,0.0005887547836326171
143,138,87,86,87,True,True,3397,3397,2487,68433,32,0.0,5.0,20.14512805416544,0.7321165734471593,20.14512805416544
143,139,87,86,106,True,True,3397,3397,996,19498,24,0.0,3.0,5.739770385634383,0.29319988224904325,5.739770385634383
143,140,87,86,107,True,True,3397,3397,1114,13449,26,0.0,4.0,3.959081542537533,0.3279364144833677,3.959081542537533
143,141,87,86,126,True,True,3397,3397,18,18,1,0.0,2.5,0.005298793052693553,0.005298793052693553,0.005298793052693553
144,147,87,106,86,True,True,474,474,200,5277,14,0.0,4.0,11.132911392405063,0.4219409282700422,11.132911392405063
144,148,87,106,87,True,True,474,474,169,1818,14,0.0,1.0,3.8354430379746836,0.35654008438818563,3.8354430379746836
144,149,87,106,107,True,True,474,474,215,2246,16,0.0,1.0,4.738396624472574,0.45358649789029537,4.738396624472574
144,150,87,106,126,True,True,474,474,148,4386,12,0.0,3.0,9.253164556962025,0.31223628691983124,9.253164556962025
144,151,87,106,127,True,True,474,474,89,1429,8,0.0,2.0,3.0147679324894514,0.1877637130801688,3.0147679324894514
144,152,87,106,146,True,True,474,474,1,3,1,9.0,10.0,0.006329113924050633,0.002109704641350211,0.006329113924050633
145,153,87,107,86,True,True,2191,2191,742,13484,19,0.0,2.0,6.154267457781835,0.33865814696485624,6.154267457781835
145,154,87,107,87,True,True,2191,2191,479,7193,17,0.0,2.0,3.28297581013236,0.21862163395709722,3.28297581013236
145,155,87,107,106,True,True,2191,2191,685,8847,22,0.0,2.0,4.037882245549977,0.31264262893655864,4.037882245549977
145,156,87,107,126,True,True,2191,2191,848,12894,21,0.0,5.0,5.884984025559105,0.38703788224554997,5.884984025559105
145,157,87,107,127,True,True,2191,2191,1121,42223,26,0.0,4.0,19.27110908261068,0.5116385212231858,19.27110908261068
146,175,87,127,106,True,False,4,4,0,0,0,0.0,0.0,0.0,0.0,0.0
146,176,87,127,107,True,False,4,4,0,0,0,0.0,0.0,0.0,0.0,0.0
146,177,87,127,126,True,True,4,4,1,45,1,0.0,3.0,11.25,0.25,11.25
146,178,87,127,146,True,True,4,4,2,49,2,1.0,7.0,12.25,0.5,12.25
147,136,106,86,46,True,True,1727,1727,155,245,3,0.0,7.0,0.14186450492182975,0.0897510133178923,0.14186450492182975
147,137,106,86,67,True,True,1727,1727,215,2356,6,0.0,4.0,1.364215402431963,0.12449334105385061,1.364215402431963
147,138,106,86,87,True,True,1727,1727,899,24378,27,0.0,4.0,14.11580775911986,0.5205558772437753,14.11580775911986
147,139,106,86,106,True,True,1727,1727,51,1061,3,0.0,7.0,0.6143601621308628,0.029530978575564564,0.6143601621308628
147,140,106,86,107,True,True,1727,1727,22,537,5,0.0,6.0,0.3109438332368269,0.012738853503184714,0.3109438332368269
147,141,106,86,126,True,False,1727,1727,0,0,0,0.0,0.0,0.0,0.0,0.0
148,142,106,87,67,True,True,566,566,127,4839,7,0.0,4.0,8.549469964664311,0.22438162544169613,8.549469964664311
148,143,106,87,86,True,True,566,566,365,10887,19,0.0,3.0,19.23498233215548,0.6448763250883393,19.23498233215548
148,144,106,87,106,True,True,566,566,70,347,6,0.0,7.0,0.6130742049469965,0.12367491166077739,0.6130742049469965
148,145,106,87,107,True,True,566,566,100,1408,4,0.0,5.0,2.487632508833922,0.17667844522968199,2.487632508833922
148,146,106,87,127,True,False,566,566,0,0,0,0.0,0.0,0.0,0.0,0.0
149,153,106,107,86,True,True,605,605,241,2359,10,0.0,1.0,3.899173553719008,0.39834710743801655,3.899173553719008
149,154,106,107,87,True,True,605,605,458,9842,20,0.0,1.0,16.26776859504132,0.7570247933884298,16.26776859504132
149,155,106,107,106,True,True,605,605,75,259,7,0.0,0.0,0.428099173553719,0.12396694214876033,0.428099173553719
149,156,106,107,126,True,True,605,605,73,900,6,0.0,1.0,1.487603305785124,0.1206611570247934,1.487603305785124
149,157,106,107,127,True,True,605,605,134,2128,9,0.0,1.0,3.5173553719008264,0.22148760330578512,3.5173553719008264
150,170,106,126,106,True,True,1286,1286,65,2560,2,0.0,5.0,1.990668740279938,0.05054432348367029,1.990668740279938
150,171,106,126,107,True,False,1286,1286,0,0,0,0.0,0.0,0.0,0.0,0.0
150,172,106,126,124,True,True,1286,1286,102,118,5,1.0,8.0,0.09175738724727839,0.07931570762052877,0.09175738724727839
150,173,106,126,127,True,True,1286,1286,357,5040,14,0.0,2.0,3.9191290824261276,0.2776049766718507,3.9191290824261276
150,174,106,126,146,True,True,1286,1286,647,21256,16,0.0,4.0,16.52877138413686,0.5031104199066874,16.52877138413686
151,175,106,127,106,True,False,384,384,0,0,0,0.0,0.0,0.0,0.0,0.0
151,176,106,127,107,True,False,384,384,0,0,0,0.0,0.0,0.0,0.0,0.0
151,177,106,127,126,True,True,384,384,205,3849,13,0.0,2.0,10.0234375,0.5338541666666666,10.0234375
151,178,106,127,146,True,True,384,384,289,3735,13,0.0,6.0,9.7265625,0.7526041666666666,9.7265625
152,179,106,146,124,True,False,5,5,0,0,0,0.0,0.0,0.0,0.0,0.0
152,180,106,146,126,True,False,5,5,0,0,0,0.0,0.0,0.0,0.0,0.0
152,181,106,146,127,True,False,5,5,0,0,0,0.0,0.0,0.0,0.0,0.0
152,182,106,146,166,True,True,5,5,5,233,3,0.0,7.0,46.6,1.0,46.6
152,183,106,146,167,True,True,5,5,1,21,1,3.0,7.0,4.2,0.2,4.2
152,184,106,146,186,True,False,5,5,0,0,0,0.0,0.0,0.0,0.0,0.0
152,185,106,146,187,True,False,5,5,0,0,0,0.0,0.0,0.0,0.0,0.0
153,136,107,86,46,True,False,661,661,0,0,0,0.0,0.0,0.0,0.0,0.0
153,137,107,86,67,True,False,661,661,0,0,0,0.0,0.0,0.0,0.0,0.0
153,138,107,86,87,True,True,661,661,517,13652,22,0.0,6.0,20.6535552193646,0.7821482602118003,20.6535552193646
153,139,107,86,106,True,True,661,661,105,1793,6,0.0,5.0,2.712556732223903,0.1588502269288956,2.712556732223903
153,140,107,86,107,True,True,661,661,210,3278,9,0.0,5.0,4.959152798789712,0.3177004538577912,4.959152798789712
153,141,107,86,126,True,False,661,661,0,0,0,0.0,0.0,0.0,0.0,0.0
154,142,107,87,67,True,True,1384,1384,291,11453,6,0.0,5.0,8.27528901734104,0.21026011560693642,8.27528901734104
154,143,107,87,86,True,True,1384,1384,973,27772,24,0.0,3.0,20.066473988439306,0.7030346820809249,20.066473988439306
154,144,107,87,106,True,True,1384,1384,203,798,5,0.0,2.0,0.5765895953757225,0.14667630057803469,0.5765895953757225
154,145,107,87,107,True,True,1384,1384,37,576,1,0.0,8.0,0.4161849710982659,0.026734104046242775,0.4161849710982659
154,146,107,87,127,True,False,1384,1384,0,0,0,0.0,0.0,0.0,0.0,0.0
155,147,107,106,86,True,True,478,478,205,4676,12,0.0,1.0,9.782426778242678,0.42887029288702927,9.782426778242678
155,148,107,106,87,True,True,478,478,39,204,4,0.0,0.0,0.42677824267782427,0.08158995815899582,0.42677824267782427
155,149,107,106,107,True,True,478,478,66,357,6,0.0,1.0,0.7468619246861925,0.13807531380753138,0.7468619246861925
155,150,107,106,126,True,True,478,478,236,5766,14,0.0,2.0,12.06276150627615,0.49372384937238495,12.06276150627615
155,151,107,106,127,True,True,478,478,79,1169,8,0.0,1.0,2.4456066945606696,0.16527196652719664,2.4456066945606696
155,152,107,106,146,True,True,478,478,13,36,1,0.0,2.5,0.07531380753138076,0.027196652719665274,0.07531380753138076
156,170,107,126,106,True,False,348,348,0,0,0,0.0,0.0,0.0,0.0,0.0
156,171,107,126,107,True,False,348,348,0,0,0,0.0,0.0,0.0,0.0,0.0
156,172,107,126,124,True,True,348,348,20,49,4,5.0,8.0,0.14080459770114942,0.05747126436781609,0.14080459770114942
156,173,107,126,127,True,True,348,348,89,951,6,0.0,4.0,2.7327586206896552,0.2557471264367816,2.7327586206896552
156,174,107,126,146,True,True,348,348,125,2381,10,0.0,2.0,6.841954022988506,0.35919540229885055,6.841954022988506
157,175,107,127,106,True,False,1206,1206,0,0,0,0.0,0.0,0.0,0.0,0.0
157,176,107,127,107,True,False,1206,1206,0,0,0,0.0,0.0,0.0,0.0,0.0
157,177,107,127,126,True,True,1206,1206,722,19208,20,0.0,2.0,15.927031509121061,0.5986733001658375,15.927031509121061
157,178,107,127,146,True,True,1206,1206,549,7740,16,0.0,4.0,6.417910447761194,0.4552238805970149,6.417910447761194
158,160,121,122,121,True,True,1754,1754,23,148,2,0.0,1.0,0.08437856328392246,0.013112884834663626,0.08437856328392246
158,161,121,122,123,True,True,1754,1754,1639,66469,35,0.0,4.0,37.89566704675028,0.9344355758266819,37.89566704675028
158,162,121,122,124,True,True,1754,1754,605,1333,13,0.0,5.0,0.7599771949828963,0.3449258836944128,0.7599771949828963
159,163,121,123,121,True,False,36,36,0,0,0,0.0,0.0,0.0,0.0,0.0
159,164,121,123,122,True,False,36,36,0,0,0,0.0,0.0,0.0,0.0,0.0
159,165,121,123,124,True,True,36,36,36,1712,12,0.0,5.0,47.55555555555556,1.0,47.55555555555556
160,158,122,121,122,True,True,818,818,43,1205,2,0.0,1.0,1.4731051344743276,0.05256723716381418,1.4731051344743276
160,159,122,121,123,True,False,818,818,0,0,0,0.0,0.0,0.0,0.0,0.0
161,163,122,123,121,True,False,1860,1860,0,0,0,0.0,0.0,0.0,0.0,0.0
161,164,122,123,122,True,False,1860,1860,0,0,0,0.0,0.0,0.0,0.0,0.0
161,165,122,123,124,True,True,1860,1860,1823,72364,36,0.0,4.0,38.90537634408602,0.9801075268817204,38.90537634408602
162,166,122,124,122,True,False,34,34,0,0,0,0.0,0.0,0.0,0.0,0.0
162,167,122,124,123,True,False,34,34,0,0,0,0.0,0.0,0.0,0.0,0.0
162,168,122,124,126,True,True,34,34,11,47,5,3.0,6.0,1.3823529411764706,0.3235294117647059,1.3823529411764706
162,169,122,124,146,True,False,34,34,0,0,0,0.0,0.0,0.0,0.0,0.0
163,158,123,121,122,True,True,52,52,6,243,1,0.0,3.0,4.673076923076923,0.11538461538461539,4.673076923076923
163,159,123,121,123,True,False,52,52,0,0,0,0.0,0.0,0.0,0.0,0.0
164,160,123,122,121,True,True,775,775,718,22959,16,0.0,3.0,29.62451612903226,0.9264516129032258,29.62451612903226
164,161,123,122,123,True,False,775,775,0,0,0,0.0,0.0,0.0,0.0,0.0
164,162,123,122,124,True,False,775,775,0,0,0,0.0,0.0,0.0,0.0,0.0
165,166,123,124,122,True,False,3504,3504,0,0,0,0.0,0.0,0.0,0.0,0.0
165,167,123,124,123,True,True,3504,3504,848,18686,19,0.0,4.0,5.332762557077626,0.2420091324200913,5.332762557077626
165,168,123,124,126,True,True,3504,3504,639,2556,13,0.0,5.0,0.7294520547945206,0.18236301369863014,0.7294520547945206
165,169,123,124,146,True,True,3504,3504,99,396,2,0.0,5.0,0.11301369863013698,0.028253424657534245,0.11301369863013698
166,160,124,122,121,True,True,41,41,39,1712,12,0.0,4.0,41.75609756097561,0.9512195121951219,41.75609756097561
166,161,124,122,123,True,False,41,41,0,0,0,0.0,0.0,0.0,0.0,0.0
166,162,124,122,124,True,False,41,41,0,0,0,0.0,0.0,0.0,0.0,0.0
167,163,124,123,121,True,True,2933,2933,447,1869,10,0.0,4.0,0.6372315035799523,0.1524036822366178,0.6372315035799523
167,164,124,123,122,True,True,2933,2933,673,21299,16,0.0,3.0,7.261847937265598,0.2294578929423798,7.261847937265598
167,165,124,123,124,True,True,2933,2933,1394,29794,20,0.0,4.0,10.1581997954313,0.47528128196385955,10.1581997954313
168,170,124,126,106,True,True,55,55,18,672,5,0.0,6.0,12.218181818181819,0.32727272727272727,12.218181818181819
168,171,124,126,107,True,True,55,55,4,41,2,3.0,9.0,0.7454545454545455,0.07272727272727272,0.7454545454545455
168,172,124,126,124,True,False,55,55,0,0,0,0.0,0.0,0.0,0.0,0.0
168,173,124,126,127,True,True,55,55,13,165,2,0.0,7.0,3.0,0.23636363636363636,3.0
168,174,124,126,146,True,True,55,55,28,1168,6,0.0,4.0,21.236363636363638,0.509090909090909,21.236363636363638
169,179,124,146,124,True,False,9,9,0,0,0,0.0,0.0,0.0,0.0,0.0
169,180,124,146,126,True,True,9,9,6,175,1,0.0,1.0,19.444444444444443,0.6666666666666666,19.444444444444443
169,181,124,146,127,True,False,9,9,0,0,0,0.0,0.0,0.0,0.0,0.0
169,182,124,146,166,True,True,9,9,3,48,1,4.0,8.0,5.333333333333333,0.3333333333333333,5.333333333333333
169,183,124,146,167,True,True,9,9,3,22,1,7.0,9.0,2.4444444444444446,0.3333333333333333,2.4444444444444446
169,184,124,146,186,True,False,9,9,0,0,0,0.0,0.0,0.0,0.0,0.0
169,185,124,146,187,True,False,9,9,0,0,0,0.0,0.0,0.0,0.0,0.0
170,147,126,106,86,True,True,1634,1634,1329,50100,27,0.0,5.0,30.6609547123623,0.8133414932680538,30.6609547123623
170,148,126,106,87,True,True,1634,1634,614,10252,14,0.0,5.0,6.274173806609547,0.37576499388004897,6.274173806609547
170,149,126,106,107,True,True,1634,1634,235,4209,8,0.0,2.0,2.575887392900857,0.1438188494492044,2.575887392900857
170,150,126,106,126,True,True,1634,1634,67,1478,2,0.0,1.0,0.9045287637698899,0.04100367197062423,0.9045287637698899
170,151,126,106,127,True,False,1634,1634,0,0,0,0.0,0.0,0.0,0.0,0.0
170,152,126,106,146,True,False,1634,1634,0,0,0,0.0,0.0,0.0,0.0,0.0
171,153,126,107,86,True,False,156,156,0,0,0,0.0,0.0,0.0,0.0,0.0
171,154,126,107,87,True,True,156,156,156,6967,6,0.0,4.0,44.66025641025641,1.0,44.66025641025641
171,155,126,107,106,True,False,156,156,0,0,0,0.0,0.0,0.0,0.0,0.0
171,156,126,107,126,True,False,156,156,0,0,0,0.0,0.0,0.0,0.0,0.0
171,157,126,107,127,True,False,156,156,0,0,0,0.0,0.0,0.0,0.0,0.0
172,166,126,124,122,True,True,25,25,15,48,6,3.0,6.0,1.92,0.6,1.92
172,167,126,124,123,True,True,25,25,25,1036,11,0.0,4.0,41.44,1.0,41.44
172,168,126,124,126,True,False,25,25,0,0,0,0.0,0.0,0.0,0.0,0.0
172,169,126,124,146,True,False,25,25,0,0,0,0.0,0.0,0.0,0.0,0.0
173,175,126,127,106,True,True,1965,1965,10,100,1,0.0,0.0,0.05089058524173028,0.005089058524173028,0.05089058524173028
173,176,126,127,107,True,True,1965,1965,16,232,1,0.0,0.0,0.11806615776081425,0.008142493638676845,0.11806615776081425
173,177,126,127,126,True,True,1965,1965,1067,21424,29,0.0,3.0,10.902798982188296,0.5430025445292621,10.902798982188296
173,178,126,127,146,True,True,1965,1965,1057,11721,26,0.0,4.0,5.964885496183206,0.537913486005089,5.964885496183206
174,179,126,146,124,True,False,2758,2758,0,0,0,0.0,0.0,0.0,0.0,0.0
174,180,126,146,126,True,True,2758,2758,531,7414,16,0.0,2.0,2.6881798404641044,0.19253081943437272,2.6881798404641044
174,181,126,146,127,True,True,2758,2758,1084,17364,24,0.0,2.0,6.295866569978245,0.3930384336475707,6.295866569978245
174,182,126,146,166,True,True,2758,2758,1222,39783,28,0.0,6.0,14.424583031182015,0.4430746918056563,14.424583031182015
174,183,126,146,167,True,True,2758,2758,637,14268,15,0.0,5.0,5.173313995649021,0.23096446700507614,5.173313995649021
174,184,126,146,186,True,True,2758,2758,116,141,3,1.0,8.0,0.051124002900652644,0.04205946337926034,0.051124002900652644
174,185,126,146,187,True,True,2758,2758,116,118,4,0.0,7.0,0.04278462654097172,0.04205946337926034,0.04278462654097172
175,147,127,106,86,True,True,14,14,14,513,3,0.0,3.0,36.642857142857146,1.0,36.642857142857146
175,148,127,106,87,True,False,14,14,0,0,0,0.0,0.0,0.0,0.0,0.0
175,149,127,106,107,True,False,14,14,0,0,0,0.0,0.0,0.0,0.0,0.0
175,150,127,106,126,True,False,14,14,0,0,0,0.0,0.0,0.0,0.0,0.0
175,151,127,106,127,True,False,14,14,0,0,0,0.0,0.0,0.0,0.0,0.0
175,152,127,106,146,True,False,14,14,0,0,0,0.0,0.0,0.0,0.0,0.0
176,153,127,107,86,True,True,235,235,161,2429,3,0.0,5.0,10.336170212765957,0.6851063829787234,10.336170212765957
176,154,127,107,87,True,True,235,235,184,7514,4,0.0,6.0,31.974468085106384,0.7829787234042553,31.974468085106384
176,155,127,107,106,True,True,235,235,51,804,1,0.0,2.0,3.421276595744681,0.2170212765957447,3.421276595744681
176,156,127,107,126,True,False,235,235,0,0,0,0.0,0.0,0.0,0.0,0.0
176,157,127,107,127,True,False,235,235,0,0,0,0.0,0.0,0.0,0.0,0.0
177,170,127,126,106,True,True,3197,3197,142,6419,3,0.0,4.0,2.0078198310916484,0.04441664060056303,2.0078198310916484
177,171,127,126,107,True,False,3197,3197,0,0,0,0.0,0.0,0.0,0.0,0.0
177,172,127,126,124,True,True,3197,3197,211,725,6,0.0,6.0,0.22677510165780418,0.06599937441351267,0.22677510165780418
177,173,127,126,127,True,True,3197,3197,1501,29750,24,0.0,4.0,9.30559899906162,0.46950265874257113,9.30559899906162
177,174,127,126,146,True,True,3197,3197,1713,32069,30,0.0,3.0,10.030966531122928,0.5358148263997498,10.030966531122928
178,179,127,146,124,True,False,784,784,0,0,0,0.0,0.0,0.0,0.0,0.0
178,180,127,146,126,True,True,784,784,372,8796,19,0.0,3.0,11.21938775510204,0.4744897959183674,11.21938775510204
178,181,127,146,127,True,True,784,784,437,5259,20,0.0,2.0,6.707908163265306,0.5573979591836735,6.707908163265306
178,182,127,146,166,True,True,784,784,126,4817,8,0.0,5.0,6.144132653061225,0.16071428571428573,6.144132653061225
178,183,127,146,167,True,True,784,784,107,987,8,0.0,5.0,1.2589285714285714,0.1364795918367347,1.2589285714285714
178,184,127,146,186,True,False,784,784,0,0,0,0.0,0.0,0.0,0.0,0.0
178,185,127,146,187,True,True,784,784,31,35,3,0.0,7.0,0.044642857142857144,0.039540816326530615,0.044642857142857144
179,166,146,124,122,True,True,5,5,1,1,1,6.0,6.0,0.2,0.2,0.2
179,167,146,124,123,True,True,5,5,4,160,2,0.0,3.0,32.0,0.8,32.0
179,168,146,124,126,True,False,5,5,0,0,0,0.0,0.0,0.0,0.0,0.0
179,169,146,124,146,True,False,5,5,0,0,0,0.0,0.0,0.0,0.0,0.0
180,170,146,126,106,True,True,1812,1812,699,27552,15,0.0,5.0,15.205298013245033,0.38576158940397354,15.205298013245033
180,171,146,126,107,True,True,1812,1812,195,5300,4,0.0,5.0,2.924944812362031,0.1076158940397351,2.924944812362031
180,172,146,126,124,True,True,1812,1812,125,125,3,0.0,5.0,0.06898454746136866,0.06898454746136866,0.06898454746136866
180,173,146,126,127,True,True,1812,1812,760,17296,20,0.0,3.0,9.545253863134658,0.4194260485651214,9.545253863134658
180,174,146,126,146,True,True,1812,1812,280,5127,11,0.0,5.0,2.8294701986754967,0.1545253863134658,2.8294701986754967
181,175,146,127,106,True,False,905,905,0,0,0,0.0,0.0,0.0,0.0,0.0
181,176,146,127,107,True,True,905,905,39,1604,2,0.0,7.0,1.7723756906077348,0.0430939226519337,1.7723756906077348
181,177,146,127,126,True,True,905,905,657,20253,24,0.0,3.0,22.379005524861878,0.7259668508287292,22.379005524861878
181,178,146,127,146,True,True,905,905,344,2216,15,0.0,5.0,2.4486187845303866,0.38011049723756907,2.4486187845303866
182,188,146,166,146,True,True,1871,1871,153,2257,4,0.0,2.0,1.2063067878140032,0.08177445216461784,1.2063067878140032
182,189,146,166,167,True,True,1871,1871,339,3645,17,0.0,1.0,1.9481560662747195,0.1811865312667023,1.9481560662747195
182,190,146,166,186,True,True,1871,1871,1201,42783,27,0.0,6.0,22.8663816141101,0.6419027258150721,22.8663816141101
182,191,146,166,187,True,True,1871,1871,696,10779,18,0.0,5.0,5.761090326028862,0.3719935863174773,5.761090326028862
182,192,146,166,206,True,True,1871,1871,171,171,4,0.0,8.0,0.09139497594869055,0.09139497594869055,0.09139497594869055
183,193,146,167,146,True,False,451,451,0,0,0,0.0,0.0,0.0,0.0,0.0
183,194,146,167,166,True,True,451,451,153,1884,9,0.0,1.0,4.177383592017739,0.3392461197339246,4.177383592017739
183,195,146,167,186,True,True,451,451,357,7847,15,0.0,5.0,17.39911308203991,0.7915742793791575,17.39911308203991
183,196,146,167,187,True,True,451,451,371,9167,17,0.0,4.0,20.325942350332593,0.8226164079822617,20.325942350332593
183,197,146,167,207,True,False,451,451,0,0,0,0.0,0.0,0.0,0.0,0.0
184,201,146,186,166,True,False,4,4,0,0,0,0.0,0.0,0.0,0.0,0.0
184,202,146,186,167,True,False,4,4,0,0,0,0.0,0.0,0.0,0.0,0.0
184,203,146,186,187,True,True,4,4,4,100,3,0.0,2.0,25.0,1.0,25.0
184,204,146,186,206,True,True,4,4,1,15,1,0.0,3.0,3.75,0.25,3.75
184,205,146,186,207,True,True,4,4,4,35,3,1.0,6.0,8.75,1.0,8.75
185,206,146,187,166,True,True,7,7,2,35,2,2.0,6.0,5.0,0.2857142857142857,5.0
185,207,146,187,167,True,True,7,7,4,176,2,0.0,7.0,25.142857142857142,0.5714285714285714,25.142857142857142
185,208,146,187,186,True,True,7,7,3,65,3,0.0,5.0,9.285714285714286,0.42857142857142855,9.285714285714286
185,209,146,187,206,True,True,7,7,2,50,2,2.0,8.0,7.142857142857143,0.2857142857142857,7.142857142857143
185,210,146,187,207,True,True,7,7,2,30,2,4.0,8.0,4.285714285714286,0.2857142857142857,4.285714285714286
186,198,158,178,158,True,False,2010,2010,0,0,0,0.0,0.0,0.0,0.0,0.0
186,199,158,178,198,True,True,2010,2010,1909,72622,43,0.0,5.0,36.13034825870647,0.9497512437810945,36.13034825870647
186,200,158,178,218,True,True,2010,2010,335,596,7,0.0,5.0,0.2965174129353234,0.16666666666666666,0.2965174129353234
187,211,158,198,178,True,False,6,6,0,0,0,0.0,0.0,0.0,0.0,0.0
187,212,158,198,217,True,False,6,6,0,0,0,0.0,0.0,0.0,0.0,0.0
187,213,158,198,218,True,True,6,6,6,233,6,0.0,6.0,38.833333333333336,1.0,38.833333333333336
188,179,166,146,124,True,True,1463,1463,72,174,2,0.0,7.0,0.11893369788106631,0.04921394395078606,0.11893369788106631
188,180,166,146,126,True,True,1463,1463,902,35067,19,0.0,5.0,23.96924128503076,0.6165413533834586,23.96924128503076
188,181,166,146,127,True,True,1463,1463,209,3615,4,0.0,5.0,2.47095010252905,0.14285714285714285,2.47095010252905
188,182,166,146,166,True,True,1463,1463,71,2538,4,0.0,6.0,1.7347915242652086,0.048530416951469584,1.7347915242652086
188,183,166,146,167,True,False,1463,1463,0,0,0,0.0,0.0,0.0,0.0,0.0
188,184,166,146,186,True,False,1463,1463,0,0,0,0.0,0.0,0.0,0.0,0.0
188,185,166,146,187,True,False,1463,1463,0,0,0,0.0,0.0,0.0,0.0,0.0
189,193,166,167,146,True,True,1340,1340,109,1465,5,0.0,1.0,1.0932835820895523,0.08134328358208955,1.0932835820895523
189,194,166,167,166,True,True,1340,1340,531,8675,21,0.0,2.0,6.473880597014926,0.3962686567164179,6.473880597014926
189,195,166,167,186,True,True,1340,1340,1002,14055,29,0.0,3.0,10.488805970149254,0.7477611940298508,10.488805970149254
189,196,166,167,187,True,True,1340,1340,858,17434,25,0.0,2.0,13.01044776119403,0.6402985074626866,13.01044776119403
189,197,166,167,207,True,False,1340,1340,0,0,0,0.0,0.0,0.0,0.0,0.0
190,201,166,186,166,True,True,2815,2815,431,5150,13,0.0,2.0,1.8294849023090587,0.1531083481349911,1.8294849023090587
190,202,166,186,167,True,True,2815,2815,935,13302,19,0.0,3.0,4.725399644760214,0.3321492007104796,4.725399644760214
190,203,166,186,187,True,True,2815,2815,1278,23293,30,0.0,2.0,8.274600355239787,0.4539964476021314,8.274600355239787
190,204,166,186,206,True,True,2815,2815,1017,30835,23,0.0,5.0,10.953818827708703,0.36127886323268205,10.953818827708703
190,205,166,186,207,True,True,2815,2815,643,13124,14,0.0,5.0,4.662166962699822,0.22841918294849023,4.662166962699822
191,206,166,187,166,True,True,1046,1046,370,6131,15,0.0,4.0,5.861376673040153,0.35372848948374763,5.861376673040153
191,207,166,187,167,True,True,1046,1046,678,17714,19,0.0,3.0,16.934990439770555,0.6481835564053537,16.934990439770555
191,208,166,187,186,True,True,1046,1046,423,6403,20,0.0,3.0,6.121414913957935,0.4043977055449331,6.121414913957935
191,209,166,187,206,True,True,1046,1046,131,3011,7,0.0,5.0,2.878585086042065,0.12523900573613767,2.878585086042065
191,210,166,187,207,True,True,1046,1046,135,2136,9,0.0,3.0,2.0420650095602295,0.12906309751434034,2.0420650095602295
192,233,166,206,186,True,False,4,4,0,0,0,0.0,0.0,0.0,0.0,0.0
192,234,166,206,187,True,False,4,4,0,0,0,0.0,0.0,0.0,0.0,0.0
192,235,166,206,204,True,False,4,4,0,0,0,0.0,0.0,0.0,0.0,0.0
192,236,166,206,205,True,True,4,4,1,55,1,1.0,7.0,13.75,0.25,13.75
192,237,166,206,207,True,True,4,4,3,93,3,0.0,1.0,23.25,0.75,23.25
192,238,166,206,208,True,True,4,4,1,1,1,2.0,2.0,0.25,0.25,0.25
192,239,166,206,224,True,False,4,4,0,0,0,0.0,0.0,0.0,0.0,0.0
192,240,166,206,226,True,False,4,4,0,0,0,0.0,0.0,0.0,0.0,0.0
192,241,166,206,227,True,False,4,4,0,0,0,0.0,0.0,0.0,0.0,0.0
193,179,167,146,124,True,True,106,106,5,13,2,5.0,8.0,0.12264150943396226,0.04716981132075472,0.12264150943396226
193,180,167,146,126,True,True,106,106,101,2845,6,0.0,4.0,26.839622641509433,0.9528301886792453,26.839622641509433
193,181,167,146,127,True,False,106,106,0,0,0,0.0,0.0,0.0,0.0,0.0
193,182,167,146,166,True,False,106,106,0,0,0,0.0,0.0,0.0,0.0,0.0
193,183,167,146,167,True,False,106,106,0,0,0,0.0,0.0,0.0,0.0,0.0
193,184,167,146,186,True,False,106,106,0,0,0,0.0,0.0,0.0,0.0,0.0
193,185,167,146,187,True,False,106,106,0,0,0,0.0,0.0,0.0,0.0,0.0
194,188,167,166,146,True,True,1676,1676,92,2840,5,0.0,3.0,1.694510739856802,0.05489260143198091,1.694510739856802
194,189,167,166,167,True,True,1676,1676,681,8133,21,0.0,5.0,4.852625298329356,0.4063245823389022,4.852625298329356
194,190,167,166,186,True,True,1676,1676,1276,26226,28,0.0,2.0,15.647971360381861,0.7613365155131265,15.647971360381861
194,191,167,166,187,True,True,1676,1676,842,12313,24,0.0,3.0,7.3466587112171835,0.5023866348448688,7.3466587112171835
194,192,167,166,206,True,True,1676,1676,12,12,1,0.0,1.5,0.007159904534606206,0.007159904534606206,0.007159904534606206
195,201,167,186,166,True,True,1279,1279,466,13065,21,0.0,3.0,10.215011727912431,0.364347146207975,10.215011727912431
195,202,167,186,167,True,True,1279,1279,533,7458,21,0.0,4.0,5.831118060985145,0.41673182173573103,5.831118060985145
195,203,167,186,187,True,True,1279,1279,632,10011,27,0.0,2.0,7.827208756841282,0.4941360437842064,7.827208756841282
195,204,167,186,206,True,True,1279,1279,225,6497,13,0.0,5.0,5.079749804534793,0.17591868647380765,5.079749804534793
195,205,167,186,207,True,True,1279,1279,194,4940,9,0.0,5.0,3.862392494136044,0.15168100078186084,3.862392494136044
196,206,167,187,166,True,True,1931,1931,954,14751,22,0.0,4.0,7.6390471258415324,0.4940445365095805,7.6390471258415324
196,207,167,187,167,True,True,1931,1931,563,7999,16,0.0,4.0,4.142413257379596,0.2915587778353185,4.142413257379596
196,208,167,187,186,True,True,1931,1931,1244,19081,32,0.0,2.0,9.881408596582082,0.6442257897462454,9.881408596582082
196,209,167,187,206,True,True,1931,1931,467,7044,13,0.0,5.0,3.6478508544795445,0.24184360435007768,3.6478508544795445
196,210,167,187,207,True,True,1931,1931,544,15478,13,0.0,4.0,8.015535991714138,0.28171931641636455,8.015535991714138
197,242,167,207,186,True,False,6,6,0,0,0,0.0,0.0,0.0,0.0,0.0
197,243,167,207,187,True,False,6,6,0,0,0,0.0,0.0,0.0,0.0,0.0
197,244,167,207,205,True,True,6,6,6,12,2,2.0,9.0,2.0,1.0,2.0
197,245,167,207,206,True,True,6,6,6,248,2,0.0,4.0,41.333333333333336,1.0,41.333333333333336
197,246,167,207,208,True,False,6,6,0,0,0,0.0,0.0,0.0,0.0,0.0
197,247,167,207,209,True,False,6,6,0,0,0,0.0,0.0,0.0,0.0,0.0
197,248,167,207,226,True,False,6,6,0,0,0,0.0,0.0,0.0,0.0,0.0
197,249,167,207,227,True,False,6,6,0,0,0,0.0,0.0,0.0,0.0,0.0
198,186,178,158,178,True,True,669,669,34,276,1,0.0,2.0,0.4125560538116592,0.05082212257100149,0.4125560538116592
198,187,178,158,198,True,False,669,669,0,0,0,0.0,0.0,0.0,0.0,0.0
199,211,178,198,178,True,True,3781,3781,767,20844,7,0.0,4.0,5.51282729436657,0.20285638719915366,5.51282729436657
199,212,178,198,217,True,True,3781,3781,122,659,5,0.0,8.0,0.17429251520761704,0.03226659613858768,0.17429251520761704
199,213,178,198,218,True,True,3781,3781,2487,100478,55,0.0,5.0,26.574451203385347,0.6577624966939963,26.574451203385347
200,311,178,218,178,True,False,12,12,0,0,0,0.0,0.0,0.0,0.0,0.0
200,312,178,218,198,True,False,12,12,0,0,0,0.0,0.0,0.0,0.0,0.0
200,313,178,218,216,True,False,12,12,0,0,0,0.0,0.0,0.0,0.0,0.0
200,314,178,218,217,True,True,12,12,4,79,4,3.0,8.0,6.583333333333333,0.3333333333333333,6.583333333333333
200,315,178,218,236,True,False,12,12,0,0,0,0.0,0.0,0.0,0.0,0.0
200,316,178,218,238,True,True,12,12,2,72,2,1.0,7.0,6.0,0.16666666666666666,6.0
201,188,186,166,146,True,True,2279,2279,1073,43956,22,0.0,5.0,19.287406757349714,0.4708205353225099,19.287406757349714
201,189,186,166,167,True,True,2279,2279,893,16487,25,0.0,2.0,7.2343132953049585,0.3918385256691531,7.2343132953049585
201,190,186,166,186,True,True,2279,2279,592,10371,16,0.0,5.0,4.5506801228609035,0.25976305397103994,4.5506801228609035
201,191,186,166,187,True,True,2279,2279,535,7473,16,0.0,5.0,3.2790697674418605,0.23475208424747696,3.2790697674418605
201,192,186,166,206,True,False,2279,2279,0,0,0,0.0,0.0,0.0,0.0,0.0
202,193,186,167,146,True,True,927,927,27,263,3,0.0,7.0,0.2837108953613808,0.02912621359223301,0.2837108953613808
202,194,186,167,166,True,True,927,927,539,12537,23,0.0,4.0,13.524271844660195,0.5814455231930961,13.524271844660195
202,195,186,167,186,True,True,927,927,597,9860,19,0.0,5.0,10.636461704422869,0.6440129449838188,10.636461704422869
202,196,186,167,187,True,True,927,927,400,8601,16,0.0,4.0,9.27831715210356,0.43149946062567424,9.27831715210356
202,197,186,167,207,True,False,927,927,0,0,0,0.0,0.0,0.0,0.0,0.0
203,206,186,187,166,True,True,1433,1433,596,6297,19,0.0,2.0,4.3942777390090715,0.41591067690160505,4.3942777390090715
203,207,186,187,167,True,True,1433,1433,861,17997,24,0.0,2.0,12.558967201674808,0.6008374040474529,12.558967201674808
203,208,186,187,186,True,True,1433,1433,439,3912,25,0.0,3.0,2.7299371946964412,0.3063503140265178,2.7299371946964412
203,209,186,187,206,True,True,1433,1433,216,2101,12,0.0,1.0,1.4661549197487789,0.15073272854152128,1.4661549197487789
203,210,186,187,207,True,True,1433,1433,327,7009,15,0.0,2.0,4.891137473831123,0.22819260293091417,4.891137473831123
204,233,186,206,186,True,False,1269,1269,0,0,0,0.0,0.0,0.0,0.0,0.0
204,234,186,206,187,True,False,1269,1269,0,0,0,0.0,0.0,0.0,0.0,0.0
204,235,186,206,204,True,True,1269,1269,100,170,3,0.0,8.0,0.13396375098502758,0.07880220646178093,0.13396375098502758
204,236,186,206,205,True,True,1269,1269,314,12608,8,0.0,5.0,9.93538219070134,0.24743892828999212,9.93538219070134
204,237,186,206,207,True,True,1269,1269,570,15436,24,0.0,2.0,12.163908589440505,0.4491725768321513,12.163908589440505
204,238,186,206,208,True,True,1269,1269,66,66,2,0.0,2.0,0.05200945626477541,0.05200945626477541,0.05200945626477541
204,239,186,206,224,True,True,1269,1269,127,203,4,0.0,8.0,0.1599684791174153,0.10007880220646179,0.1599684791174153
204,240,186,206,226,True,True,1269,1269,297,5781,7,0.0,5.0,4.555555555555555,0.23404255319148937,4.555555555555555
204,241,186,206,227,True,True,1269,1269,321,8262,8,0.0,5.0,6.51063829787234,0.25295508274231676,6.51063829787234
205,242,186,207,186,True,False,515,515,0,0,0,0.0,0.0,0.0,0.0,0.0
205,243,186,207,187,True,False,515,515,0,0,0,0.0,0.0,0.0,0.0,0.0
205,244,186,207,205,True,False,515,515,0,0,0,0.0,0.0,0.0,0.0,0.0
205,245,186,207,206,True,True,515,515,92,1550,5,0.0,2.0,3.0097087378640777,0.1786407766990291,3.0097087378640777
205,246,186,207,208,True,True,515,515,351,13595,18,0.0,6.0,26.398058252427184,0.6815533980582524,26.398058252427184
205,247,186,207,209,True,True,515,515,70,314,3,1.0,8.0,0.6097087378640776,0.13592233009708737,0.6097087378640776
205,248,186,207,226,True,True,515,515,113,3894,3,0.0,4.0,7.561165048543689,0.21941747572815534,7.561165048543689
205,249,186,207,227,True,True,515,515,94,1591,5,0.0,4.0,3.0893203883495146,0.1825242718446602,3.0893203883495146
206,188,187,166,146,True,True,913,913,147,6984,8,0.0,5.0,7.649507119386637,0.16100766703176342,7.649507119386637
206,189,187,166,167,True,True,913,913,496,9187,22,0.0,3.0,10.062431544359255,0.5432639649507119,10.062431544359255
206,190,187,166,186,True,True,913,913,487,8375,18,0.0,3.0,9.173055859802847,0.5334063526834611,9.173055859802847
206,191,187,166,187,True,True,913,913,434,7005,16,0.0,5.0,7.672508214676889,0.47535596933187296,7.672508214676889
206,192,187,166,206,True,False,913,913,0,0,0,0.0,0.0,0.0,0.0,0.0
207,193,187,167,146,True,True,2003,2003,105,161,3,0.0,7.0,0.08037943085371942,0.052421367948077884,0.08037943085371942
207,194,187,167,166,True,True,2003,2003,1302,29024,26,0.0,3.0,14.490264603095357,0.6500249625561657,14.490264603095357
207,195,187,167,186,True,True,2003,2003,1059,13591,21,0.0,5.0,6.785322016974538,0.5287069395906141,6.785322016974538
207,196,187,167,187,True,True,2003,2003,697,12199,16,0.0,4.0,6.09036445332002,0.3479780329505741,6.09036445332002
207,197,187,167,207,True,False,2003,2003,0,0,0,0.0,0.0,0.0,0.0,0.0
208,201,187,186,166,True,True,1285,1285,730,17222,27,0.0,2.0,13.402334630350195,0.5680933852140078,13.402334630350195
208,202,187,186,167,True,True,1285,1285,492,7070,14,0.0,4.0,5.501945525291829,0.38287937743190664,5.501945525291829
208,203,187,186,187,True,True,1285,1285,417,4996,19,0.0,4.0,3.8879377431906614,0.3245136186770428,3.8879377431906614
208,204,187,186,206,True,True,1285,1285,205,2591,14,0.0,1.0,2.016342412451362,0.15953307392996108,2.016342412451362
208,205,187,186,207,True,True,1285,1285,207,2308,15,0.0,1.0,1.7961089494163425,0.16108949416342414,1.7961089494163425
209,233,187,206,186,True,False,389,389,0,0,0,0.0,0.0,0.0,0.0,0.0
209,234,187,206,187,True,False,389,389,0,0,0,0.0,0.0,0.0,0.0,0.0
209,235,187,206,204,True,True,389,389,6,12,1,8.0,10.0,0.030848329048843187,0.015424164524421594,0.030848329048843187
209,236,187,206,205,True,True,389,389,67,2193,5,0.0,5.0,5.637532133676093,0.17223650385604114,5.637532133676093
209,237,187,206,207,True,True,389,389,268,8177,16,0.0,2.0,21.020565552699228,0.6889460154241646,21.020565552699228
209,238,187,206,208,True,False,389,389,0,0,0,0.0,0.0,0.0,0.0,0.0
209,239,187,206,224,True,True,389,389,43,121,3,2.0,7.0,0.3110539845758355,0.11053984575835475,0.3110539845758355
209,240,187,206,226,True,True,389,389,88,1830,6,0.0,4.0,4.704370179948586,0.2262210796915167,4.704370179948586
209,241,187,206,227,True,True,389,389,75,1812,3,0.0,6.0,4.658097686375322,0.1928020565552699,4.658097686375322
210,242,187,207,186,True,False,844,844,0,0,0,0.0,0.0,0.0,0.0,0.0
210,243,187,207,187,True,False,844,844,0,0,0,0.0,0.0,0.0,0.0,0.0
210,244,187,207,205,True,True,844,844,138,242,3,0.0,6.0,0.28672985781990523,0.16350710900473933,0.28672985781990523
210,245,187,207,206,True,True,844,844,496,13022,15,0.0,3.0,15.428909952606634,0.5876777251184834,15.428909952606634
210,246,187,207,208,True,True,844,844,273,7785,12,0.0,7.0,9.2239336492891,0.3234597156398104,9.2239336492891
210,247,187,207,209,True,True,844,844,21,78,3,3.0,7.5,0.0924170616113744,0.024881516587677725,0.0924170616113744
210,248,187,207,226,True,True,844,844,312,4007,8,0.0,3.0,4.747630331753554,0.3696682464454976,4.747630331753554
210,249,187,207,227,True,True,844,844,224,5850,6,0.0,4.0,6.931279620853081,0.26540284360189575,6.931279620853081
211,198,198,178,158,True,True,1714,1714,639,26370,12,0.0,5.0,15.385064177362894,0.37281213535589264,15.385064177362894
211,199,198,178,198,True,True,1714,1714,874,23248,8,0.0,5.0,13.563593932322053,0.5099183197199533,13.563593932322053
211,200,198,178,218,True,False,1714,1714,0,0,0,0.0,0.0,0.0,0.0,0.0
212,304,198,217,198,True,False,62,62,0,0,0,0.0,0.0,0.0,0.0,0.0
212,305,198,217,215,True,False,62,62,0,0,0,0.0,0.0,0.0,0.0,0.0
212,306,198,217,216,True,True,62,62,3,46,1,0.0,3.0,0.7419354838709677,0.04838709677419355,0.7419354838709677
212,307,198,217,218,True,True,62,62,35,554,3,0.0,1.0,8.935483870967742,0.5645161290322581,8.935483870967742
212,308,198,217,235,True,True,62,62,3,18,1,4.0,6.0,0.2903225806451613,0.04838709677419355,0.2903225806451613
212,309,198,217,236,True,True,62,62,9,164,2,0.0,3.0,2.6451612903225805,0.14516129032258066,2.6451612903225805
212,310,198,217,238,True,False,62,62,0,0,0,0.0,0.0,0.0,0.0,0.0
213,311,198,218,178,True,False,3262,3262,0,0,0,0.0,0.0,0.0,0.0,0.0
213,312,198,218,198,True,True,3262,3262,47,688,3,0.0,1.0,0.21091354996934397,0.014408338442673207,0.21091354996934397
213,313,198,218,216,True,True,3262,3262,333,981,9,0.0,6.0,0.30073574494175354,0.10208461066830166,0.30073574494175354
213,314,198,218,217,True,True,3262,3262,1864,58788,38,0.0,5.0,18.022072348252607,0.5714285714285714,18.022072348252607
213,315,198,218,236,True,True,3262,3262,586,1205,18,0.0,8.0,0.36940527283874924,0.17964438994481913,0.36940527283874924
213,316,198,218,238,True,True,3262,3262,1207,32819,25,0.0,5.0,10.061005518087063,0.37001839362354383,10.061005518087063
214,220,203,204,203,True,True,1689,1689,100,1807,6,0.0,3.0,1.0698638247483718,0.05920663114268798,1.0698638247483718
214,221,203,204,205,True,True,1689,1689,1205,48939,25,0.0,5.0,28.97513321492007,0.7134399052693902,28.97513321492007
214,222,203,204,206,True,True,1689,1689,374,683,10,0.0,5.0,0.4043812907045589,0.22143280047365305,0.4043812907045589
214,223,203,204,222,True,False,1689,1689,0,0,0,0.0,0.0,0.0,0.0,0.0
214,224,203,204,223,True,True,1689,1689,310,5349,15,0.0,4.0,3.1669626998223803,0.18354055654233273,3.1669626998223803
214,225,203,204,224,True,True,1689,1689,352,9043,18,0.0,2.0,5.3540556542332745,0.20840734162226168,5.3540556542332745
215,226,203,205,203,True,False,34,34,0,0,0,0.0,0.0,0.0,0.0,0.0
215,227,203,205,204,True,False,34,34,0,0,0,0.0,0.0,0.0,0.0,0.0
215,228,203,205,206,True,True,34,34,31,1140,8,0.0,4.0,33.529411764705884,0.9117647058823529,33.529411764705884
215,229,203,205,207,True,True,34,34,6,18,1,4.0,6.0,0.5294117647058824,0.17647058823529413,0.5294117647058824
215,230,203,205,223,True,False,34,34,0,0,0,0.0,0.0,0.0,0.0,0.0
215,231,203,205,224,True,False,34,34,0,0,0,0.0,0.0,0.0,0.0,0.0
215,232,203,205,226,True,True,34,34,8,164,2,0.0,5.0,4.823529411764706,0.23529411764705882,4.823529411764706
216,317,203,221,203,True,False,20,20,0,0,0,0.0,0.0,0.0,0.0,0.0
216,318,203,221,222,True,False,20,20,0,0,0,0.0,0.0,0.0,0.0,0.0
216,319,203,221,223,True,False,20,20,0,0,0,0.0,0.0,0.0,0.0,0.0
216,320,203,221,241,True,True,20,20,14,715,4,0.0,7.0,35.75,0.7,35.75
217,321,203,222,203,True,False,193,193,0,0,0,0.0,0.0,0.0,0.0,0.0
217,322,203,222,204,True,False,193,193,0,0,0,0.0,0.0,0.0,0.0,0.0
217,323,203,222,221,True,True,193,193,193,6092,10,0.0,2.0,31.564766839378237,1.0,31.564766839378237
217,324,203,222,223,True,False,193,193,0,0,0,0.0,0.0,0.0,0.0,0.0
217,325,203,222,224,True,False,193,193,0,0,0,0.0,0.0,0.0,0.0,0.0
217,326,203,222,241,True,True,193,193,69,197,3,0.0,6.0,1.0207253886010363,0.35751295336787564,1.0207253886010363
218,327,203,223,203,True,True,1634,1634,171,1707,9,0.0,3.0,1.0446756425948593,0.10465116279069768,1.0446756425948593
218,328,203,223,204,True,True,1634,1634,939,14976,25,0.0,4.0,9.165238678090576,0.5746634026927785,9.165238678090576
218,329,203,223,205,True,True,1634,1634,30,30,1,0.0,2.5,0.01835985312117503,0.01835985312117503,0.01835985312117503
218,330,203,223,221,True,True,1634,1634,39,107,3,0.0,1.0,0.06548347613219094,0.02386780905752754,0.06548347613219094
218,331,203,223,222,True,True,1634,1634,42,703,4,0.0,1.0,0.43023255813953487,0.025703794369645042,0.43023255813953487
218,332,203,223,224,True,True,1634,1634,1252,26607,28,0.0,2.0,16.283353733170134,0.7662178702570379,16.283353733170134
219,333,203,224,203,True,True,698,698,340,4936,17,0.0,5.0,7.07163323782235,0.4871060171919771,7.07163323782235
219,334,203,224,204,True,True,698,698,456,11271,22,0.0,4.0,16.14756446991404,0.6532951289398281,16.14756446991404
219,335,203,224,205,True,True,698,698,37,1036,2,0.0,4.0,1.484240687679083,0.05300859598853868,1.484240687679083
219,336,203,224,222,True,False,698,698,0,0,0,0.0,0.0,0.0,0.0,0.0
219,337,203,224,223,True,True,698,698,329,5116,16,0.0,5.0,7.329512893982808,0.4713467048710602,7.329512893982808
219,338,203,224,226,True,True,698,698,35,85,2,0.0,5.0,0.12177650429799428,0.050143266475644696,0.12177650429799428
220,214,204,203,204,True,True,1245,1245,142,739,10,0.0,2.0,0.593574297188755,0.1140562248995984,0.593574297188755
220,215,204,203,205,True,False,1245,1245,0,0,0,0.0,0.0,0.0,0.0,0.0
220,216,204,203,221,True,True,1245,1245,114,437,4,0.0,4.0,0.351004016064257,0.09156626506024096,0.351004016064257
220,217,204,203,222,True,True,1245,1245,241,4466,8,0.0,3.0,3.58714859437751,0.19357429718875502,3.58714859437751
220,218,204,203,223,True,True,1245,1245,864,20042,27,0.0,2.0,16.097991967871486,0.6939759036144578,16.097991967871486
220,219,204,203,224,True,True,1245,1245,422,3217,18,0.0,1.0,2.5839357429718874,0.3389558232931727,2.5839357429718874
221,226,204,205,203,True,False,1689,1689,0,0,0,0.0,0.0,0.0,0.0,0.0
221,227,204,205,204,True,False,1689,1689,0,0,0,0.0,0.0,0.0,0.0,0.0
221,228,204,205,206,True,True,1689,1689,1555,59235,31,0.0,5.0,35.07104795737123,0.9206631142687981,35.07104795737123
221,229,204,205,207,True,True,1689,1689,311,1437,8,0.0,5.0,0.8507992895204263,0.18413262285375961,0.8507992895204263
221,230,204,205,223,True,False,1689,1689,0,0,0,0.0,0.0,0.0,0.0,0.0
221,231,204,205,224,True,False,1689,1689,0,0,0,0.0,0.0,0.0,0.0,0.0
221,232,204,205,226,True,True,1689,1689,232,3964,5,0.0,3.0,2.3469508584961516,0.1373593842510361,2.3469508584961516
222,233,204,206,186,True,False,18,18,0,0,0,0.0,0.0,0.0,0.0,0.0
222,234,204,206,187,True,False,18,18,0,0,0,0.0,0.0,0.0,0.0,0.0
222,235,204,206,204,True,False,18,18,0,0,0,0.0,0.0,0.0,0.0,0.0
222,236,204,206,205,True,False,18,18,0,0,0,0.0,0.0,0.0,0.0,0.0
222,237,204,206,207,True,True,18,18,14,630,8,0.0,5.0,35.0,0.7777777777777778,35.0
222,238,204,206,208,True,True,18,18,5,30,3,3.0,7.0,1.6666666666666667,0.2777777777777778,1.6666666666666667
222,239,204,206,224,True,False,18,18,0,0,0,0.0,0.0,0.0,0.0,0.0
222,240,204,206,226,True,True,18,18,7,88,3,0.0,2.0,4.888888888888889,0.3888888888888889,4.888888888888889
222,241,204,206,227,True,True,18,18,3,25,1,0.0,1.0,1.3888888888888888,0.16666666666666666,1.3888888888888888
223,321,204,222,203,True,False,4,4,0,0,0,0.0,0.0,0.0,0.0,0.0
223,322,204,222,204,True,False,4,4,0,0,0,0.0,0.0,0.0,0.0,0.0
223,323,204,222,221,True,True,4,4,4,159,2,0.0,3.0,39.75,1.0,39.75
223,324,204,222,223,True,False,4,4,0,0,0,0.0,0.0,0.0,0.0,0.0
223,325,204,222,224,True,False,4,4,0,0,0,0.0,0.0,0.0,0.0,0.0
223,326,204,222,241,True,False,4,4,0,0,0,0.0,0.0,0.0,0.0,0.0
224,327,204,223,203,True,True,1215,1215,289,1830,16,0.0,3.0,1.5061728395061729,0.23786008230452674,1.5061728395061729
224,328,204,223,204,True,True,1215,1215,757,12720,23,0.0,5.0,10.469135802469136,0.6230452674897119,10.469135802469136
224,329,204,223,205,True,True,1215,1215,15,15,1,1.0,4.0,0.012345679012345678,0.012345679012345678,0.012345679012345678
224,330,204,223,221,True,True,1215,1215,43,280,4,0.0,4.0,0.23045267489711935,0.03539094650205761,0.23045267489711935
224,331,204,223,222,True,True,1215,1215,77,2601,6,0.0,3.0,2.140740740740741,0.06337448559670782,2.140740740740741
224,332,204,223,224,True,True,1215,1215,941,22277,25,0.0,3.0,18.33497942386831,0.7744855967078189,18.33497942386831
225,333,204,224,203,True,True,1532,1532,895,16078,24,0.0,6.0,10.494778067885118,0.5842036553524804,10.494778067885118
225,334,204,224,204,True,True,1532,1532,809,14691,21,0.0,6.0,9.589425587467362,0.5280678851174935,9.589425587467362
225,335,204,224,205,True,True,1532,1532,6,51,1,0.0,0.0,0.03328981723237598,0.0039164490861618795,0.03328981723237598
225,336,204,224,222,True,True,1532,1532,57,123,4,0.0,1.0,0.08028720626631854,0.03720626631853786,0.08028720626631854
225,337,204,224,223,True,True,1532,1532,1066,17453,26,0.0,3.0,11.392297650130548,0.695822454308094,11.392297650130548
225,338,204,224,226,True,True,1532,1532,16,16,1,0.0,3.5,0.010443864229765013,0.010443864229765013,0.010443864229765013
226,214,205,203,204,True,False,13,13,0,0,0,0.0,0.0,0.0,0.0,0.0
226,215,205,203,205,True,False,13,13,0,0,0,0.0,0.0,0.0,0.0,0.0
226,216,205,203,221,True,True,13,13,6,36,1,4.0,7.0,2.769230769230769,0.46153846153846156,2.769230769230769
226,217,205,203,222,True,True,13,13,7,142,2,0.0,5.0,10.923076923076923,0.5384615384615384,10.923076923076923
226,218,205,203,223,True,True,13,13,3,27,1,0.0,0.0,2.076923076923077,0.23076923076923078,2.076923076923077
226,219,205,203,224,True,True,13,13,3,3,1,0.0,0.0,0.23076923076923078,0.23076923076923078,0.23076923076923078
227,220,205,204,203,True,True,438,438,222,6591,5,0.0,3.0,15.047945205479452,0.5068493150684932,15.047945205479452
227,221,205,204,205,True,False,438,438,0,0,0,0.0,0.0,0.0,0.0,0.0
227,222,205,204,206,True,False,438,438,0,0,0,0.0,0.0,0.0,0.0,0.0
227,223,205,204,222,True,False,438,438,0,0,0,0.0,0.0,0.0,0.0,0.0
227,224,205,204,223,True,True,438,438,302,5128,9,0.0,2.0,11.707762557077626,0.6894977168949772,11.707762557077626
227,225,205,204,224,True,True,438,438,216,2989,7,0.0,1.0,6.824200913242009,0.4931506849315068,6.824200913242009
228,233,205,206,186,True,True,1773,1773,410,14974,9,0.0,5.0,8.445572476029328,0.23124647490129724,8.445572476029328
228,234,205,206,187,True,True,1773,1773,107,2587,2,0.0,6.0,1.4591088550479414,0.06034968979131416,1.4591088550479414
228,235,205,206,204,True,False,1773,1773,0,0,0,0.0,0.0,0.0,0.0,0.0
228,236,205,206,205,True,False,1773,1773,0,0,0,0.0,0.0,0.0,0.0,0.0
228,237,205,206,207,True,True,1773,1773,1120,44886,23,0.0,4.0,25.316412859560067,0.631697687535251,25.316412859560067
228,238,205,206,208,True,True,1773,1773,398,1731,8,0.0,4.0,0.9763113367174281,0.22447828539199097,0.9763113367174281
228,239,205,206,224,True,False,1773,1773,0,0,0,0.0,0.0,0.0,0.0,0.0
228,240,205,206,226,True,True,1773,1773,237,6515,5,0.0,6.0,3.674562887760857,0.13367174280879865,3.674562887760857
228,241,205,206,227,True,True,1773,1773,156,907,5,0.0,7.0,0.5115623237450648,0.08798646362098139,0.5115623237450648
229,242,205,207,186,True,False,41,41,0,0,0,0.0,0.0,0.0,0.0,0.0
229,243,205,207,187,True,False,41,41,0,0,0,0.0,0.0,0.0,0.0,0.0
229,244,205,207,205,True,False,41,41,0,0,0,0.0,0.0,0.0,0.0,0.0
229,245,205,207,206,True,False,41,41,0,0,0,0.0,0.0,0.0,0.0,0.0
229,246,205,207,208,True,True,41,41,31,1335,6,0.0,4.0,32.5609756097561,0.7560975609756098,32.5609756097561
229,247,205,207,209,True,True,41,41,15,63,3,2.0,5.0,1.5365853658536586,0.36585365853658536,1.5365853658536586
229,248,205,207,226,True,True,41,41,7,153,3,0.0,3.0,3.731707317073171,0.17073170731707318,3.731707317073171
229,249,205,207,227,True,True,41,41,10,259,4,0.0,6.0,6.317073170731708,0.24390243902439024,6.317073170731708
230,327,205,223,203,True,True,8,8,1,22,1,3.0,7.0,2.75,0.125,2.75
230,328,205,223,204,True,True,8,8,4,38,2,2.0,7.0,4.75,0.5,4.75
230,329,205,223,205,True,False,8,8,0,0,0,0.0,0.0,0.0,0.0,0.0
230,330,205,223,221,True,True,8,8,1,6,1,6.0,7.5,0.75,0.125,0.75
230,331,205,223,222,True,True,8,8,4,201,2,0.0,5.0,25.125,0.5,25.125
230,332,205,223,224,True,True,8,8,4,149,2,0.0,5.0,18.625,0.5,18.625
231,333,205,224,203,True,True,287,287,39,270,3,0.0,3.0,0.9407665505226481,0.13588850174216027,0.9407665505226481
231,334,205,224,204,True,True,287,287,62,299,5,0.0,3.0,1.0418118466898956,0.21602787456445993,1.0418118466898956
231,335,205,224,205,True,False,287,287,0,0,0,0.0,0.0,0.0,0.0,0.0
231,336,205,224,222,True,True,287,287,63,158,4,0.0,3.0,0.5505226480836237,0.21951219512195122,0.5505226480836237
231,337,205,224,223,True,True,287,287,287,10541,15,0.0,3.0,36.728222996515676,1.0,36.728222996515676
231,338,205,224,226,True,False,287,287,0,0,0,0.0,0.0,0.0,0.0,0.0
232,339,205,226,205,True,True,112,112,1,1,1,3.0,3.0,0.008928571428571428,0.008928571428571428,0.008928571428571428
232,340,205,226,206,True,True,112,112,85,3128,5,0.0,3.0,27.928571428571427,0.7589285714285714,27.928571428571427
232,341,205,226,207,True,True,112,112,45,354,3,0.0,2.0,3.1607142857142856,0.4017857142857143,3.1607142857142856
232,342,205,226,224,True,False,112,112,0,0,0,0.0,0.0,0.0,0.0,0.0
232,343,205,226,227,True,True,112,112,27,831,1,0.0,2.0,7.419642857142857,0.24107142857142858,7.419642857142857
233,201,206,186,166,True,True,1044,1044,950,31707,19,0.0,5.0,30.370689655172413,0.9099616858237548,30.370689655172413
233,202,206,186,167,True,True,1044,1044,264,4418,7,0.0,6.0,4.231800766283525,0.25287356321839083,4.231800766283525
233,203,206,186,187,True,True,1044,1044,278,5411,7,0.0,4.0,5.182950191570881,0.2662835249042146,5.182950191570881
233,204,206,186,206,True,True,1044,1044,10,10,1,0.0,0.0,0.009578544061302681,0.009578544061302681,0.009578544061302681
233,205,206,186,207,True,True,1044,1044,10,90,1,0.0,0.0,0.08620689655172414,0.009578544061302681,0.08620689655172414
234,206,206,187,166,True,True,163,163,77,1319,5,0.0,5.0,8.0920245398773,0.4723926380368098,8.0920245398773
234,207,206,187,167,True,True,163,163,149,4401,5,0.0,5.0,27.0,0.9141104294478528,27.0
234,208,206,187,186,True,True,163,163,69,611,3,0.0,8.0,3.7484662576687118,0.4233128834355828,3.7484662576687118
234,209,206,187,206,True,False,163,163,0,0,0,0.0,0.0,0.0,0.0,0.0
234,210,206,187,207,True,False,163,163,0,0,0,0.0,0.0,0.0,0.0,0.0
235,220,206,204,203,True,True,23,23,9,301,3,0.0,4.0,13.08695652173913,0.391304347826087,13.08695652173913
235,221,206,204,205,True,False,23,23,0,0,0,0.0,0.0,0.0,0.0,0.0
235,222,206,204,206,True,False,23,23,0,0,0,0.0,0.0,0.0,0.0,0.0
235,223,206,204,222,True,False,23,23,0,0,0,0.0,0.0,0.0,0.0,0.0
235,224,206,204,223,True,True,23,23,17,510,4,0.0,3.0,22.17391304347826,0.7391304347826086,22.17391304347826
235,225,206,204,224,True,True,23,23,14,178,3,0.0,2.0,7.739130434782608,0.6086956521739131,7.739130434782608
236,226,206,205,203,True,True,652,652,102,310,3,0.0,4.0,0.4754601226993865,0.15644171779141106,0.4754601226993865
236,227,206,205,204,True,True,652,652,401,11297,9,0.0,3.0,17.32668711656442,0.6150306748466258,17.32668711656442
236,228,206,205,206,True,True,652,652,60,1939,2,0.0,2.0,2.973926380368098,0.09202453987730061,2.973926380368098
236,229,206,205,207,True,False,652,652,0,0,0,0.0,0.0,0.0,0.0,0.0
236,230,206,205,223,True,True,652,652,196,376,4,0.0,4.0,0.5766871165644172,0.3006134969325153,0.5766871165644172
236,231,206,205,224,True,True,652,652,490,9177,13,0.0,3.0,14.075153374233128,0.7515337423312883,14.075153374233128
236,232,206,205,226,True,False,652,652,0,0,0,0.0,0.0,0.0,0.0,0.0
237,242,206,207,186,True,True,2772,2772,24,616,1,0.0,2.0,0.2222222222222222,0.008658008658008658,0.2222222222222222
237,243,206,207,187,True,True,2772,2772,43,549,3,0.0,2.0,0.19805194805194806,0.015512265512265512,0.19805194805194806
237,244,206,207,205,True,False,2772,2772,0,0,0,0.0,0.0,0.0,0.0,0.0
237,245,206,207,206,True,True,2772,2772,156,2149,8,0.0,2.0,0.7752525252525253,0.05627705627705628,0.7752525252525253
237,246,206,207,208,True,True,2772,2772,1859,75714,44,0.0,4.0,27.313852813852815,0.6706349206349206,27.313852813852815
237,247,206,207,209,True,True,2772,2772,441,1408,11,0.0,4.0,0.5079365079365079,0.1590909090909091,0.5079365079365079
237,248,206,207,226,True,True,2772,2772,504,7167,20,0.0,3.0,2.5854978354978355,0.18181818181818182,2.5854978354978355
237,249,206,207,227,True,True,2772,2772,744,16851,26,0.0,2.0,6.079004329004329,0.2683982683982684,6.079004329004329
238,250,206,208,187,True,False,40,40,0,0,0,0.0,0.0,0.0,0.0,0.0
238,251,206,208,207,True,False,40,40,0,0,0,0.0,0.0,0.0,0.0,0.0
238,252,206,208,209,True,True,40,40,39,1677,10,0.0,5.0,41.925,0.975,41.925
238,253,206,208,210,True,True,40,40,9,9,2,5.0,7.0,0.225,0.225,0.225
238,254,206,208,226,True,False,40,40,0,0,0,0.0,0.0,0.0,0.0,0.0
238,255,206,208,227,True,False,40,40,0,0,0,0.0,0.0,0.0,0.0,0.0
238,256,206,208,229,True,True,40,40,1,26,1,0.0,3.5,0.65,0.025,0.65
239,333,206,224,203,True,True,18,18,6,179,1,0.0,3.0,9.944444444444445,0.3333333333333333,9.944444444444445
239,334,206,224,204,True,True,18,18,6,32,1,0.0,2.0,1.7777777777777777,0.3333333333333333,1.7777777777777777
239,335,206,224,205,True,False,18,18,0,0,0,0.0,0.0,0.0,0.0,0.0
239,336,206,224,222,True,True,18,18,1,10,1,2.0,4.0,0.5555555555555556,0.05555555555555555,0.5555555555555556
239,337,206,224,223,True,True,18,18,18,638,7,0.0,4.0,35.44444444444444,1.0,35.44444444444444
239,338,206,224,226,True,False,18,18,0,0,0,0.0,0.0,0.0,0.0,0.0
240,339,206,226,205,True,True,2044,2044,25,62,3,0.0,0.0,0.030332681017612523,0.01223091976516634,0.030332681017612523
240,340,206,226,206,True,True,2044,2044,726,12348,16,0.0,4.0,6.041095890410959,0.35518590998043054,6.041095890410959
240,341,206,226,207,True,True,2044,2044,1072,10390,24,0.0,4.0,5.083170254403131,0.5244618395303327,5.083170254403131
240,342,206,226,224,True,True,2044,2044,67,312,4,0.0,1.0,0.15264187866927592,0.03277886497064579,0.15264187866927592
240,343,206,226,227,True,True,2044,2044,1522,31668,28,0.0,2.0,15.493150684931507,0.7446183953033269,15.493150684931507
241,344,206,227,205,True,False,1036,1036,0,0,0,0.0,0.0,0.0,0.0,0.0
241,345,206,227,206,True,True,1036,1036,537,8252,23,0.0,6.0,7.9652509652509655,0.5183397683397684,7.9652509652509655
241,346,206,227,207,True,True,1036,1036,561,12228,26,0.0,3.0,11.803088803088803,0.5415057915057915,11.803088803088803
241,347,206,227,208,True,True,1036,1036,46,1299,2,0.0,3.0,1.2538610038610039,0.0444015444015444,1.2538610038610039
241,348,206,227,226,True,True,1036,1036,622,15223,27,0.0,5.0,14.694015444015443,0.6003861003861004,14.694015444015443
242,201,207,186,166,True,True,250,250,205,8902,9,0.0,5.0,35.608,0.82,35.608
242,202,207,186,167,True,True,250,250,45,875,1,0.0,4.0,3.5,0.18,3.5
242,203,207,186,187,True,True,250,250,45,1105,1,0.0,3.0,4.42,0.18,4.42
242,204,207,186,206,True,False,250,250,0,0,0,0.0,0.0,0.0,0.0,0.0
242,205,207,186,207,True,False,250,250,0,0,0,0.0,0.0,0.0,0.0,0.0
243,206,207,187,166,True,True,572,572,121,1722,5,0.0,4.0,3.0104895104895104,0.21153846153846154,3.0104895104895104
243,207,207,187,167,True,True,572,572,387,14556,8,0.0,5.0,25.447552447552447,0.6765734265734266,25.447552447552447
243,208,207,187,186,True,True,572,572,120,1743,5,0.0,3.0,3.047202797202797,0.2097902097902098,3.047202797202797
243,209,207,187,206,True,False,572,572,0,0,0,0.0,0.0,0.0,0.0,0.0
243,210,207,187,207,True,False,572,572,0,0,0,0.0,0.0,0.0,0.0,0.0
244,226,207,205,203,True,False,7,7,0,0,0,0.0,0.0,0.0,0.0,0.0
244,227,207,205,204,True,True,7,7,4,130,2,0.0,3.0,18.571428571428573,0.5714285714285714,18.571428571428573
244,228,207,205,206,True,False,7,7,0,0,0,0.0,0.0,0.0,0.0,0.0
244,229,207,205,207,True,False,7,7,0,0,0,0.0,0.0,0.0,0.0,0.0
244,230,207,205,223,True,True,7,7,4,10,2,3.0,4.5,1.4285714285714286,0.5714285714285714,1.4285714285714286
244,231,207,205,224,True,True,7,7,7,85,4,0.0,4.0,12.142857142857142,1.0,12.142857142857142
244,232,207,205,226,True,False,7,7,0,0,0,0.0,0.0,0.0,0.0,0.0
245,233,207,206,186,True,True,1424,1424,248,9447,7,0.0,3.0,6.634129213483146,0.17415730337078653,6.634129213483146
245,234,207,206,187,True,True,1424,1424,10,10,1,0.0,0.0,0.007022471910112359,0.007022471910112359,0.007022471910112359
245,235,207,206,204,True,True,1424,1424,126,696,3,0.0,4.0,0.4887640449438202,0.08848314606741572,0.4887640449438202
245,236,207,206,205,True,True,1424,1424,363,9946,9,0.0,3.0,6.984550561797753,0.25491573033707865,6.984550561797753
245,237,207,206,207,True,True,1424,1424,228,2651,16,0.0,2.0,1.8616573033707866,0.1601123595505618,1.8616573033707866
245,238,207,206,208,True,False,1424,1424,0,0,0,0.0,0.0,0.0,0.0,0.0
245,239,207,206,224,True,True,1424,1424,92,188,3,0.0,3.0,0.13202247191011235,0.06460674157303371,0.13202247191011235
245,240,207,206,226,True,True,1424,1424,822,13131,28,0.0,2.0,9.22120786516854,0.577247191011236,9.22120786516854
245,241,207,206,227,True,True,1424,1424,404,6149,17,0.0,3.0,4.31811797752809,0.28370786516853935,4.31811797752809
246,250,207,208,187,True,True,2651,2651,45,560,1,0.0,2.0,0.21124104111655978,0.016974726518294982,0.21124104111655978
246,251,207,208,207,True,True,2651,2651,54,336,2,0.0,1.0,0.12674462466993588,0.02036967182195398,0.12674462466993588
246,252,207,208,209,True,True,2651,2651,2076,75839,43,0.0,4.0,28.60769520935496,0.7831007167106753,28.60769520935496
246,253,207,208,210,True,True,2651,2651,672,1797,15,0.0,6.0,0.6778574122972463,0.25348924933987177,0.6778574122972463
246,254,207,208,226,True,False,2651,2651,0,0,0,0.0,0.0,0.0,0.0,0.0
246,255,207,208,227,True,False,2651,2651,0,0,0,0.0,0.0,0.0,0.0,0.0
246,256,207,208,229,True,True,2651,2651,560,6386,13,0.0,4.0,2.408902301018484,0.21124104111655978,2.408902301018484
247,257,207,209,207,True,False,44,44,0,0,0,0.0,0.0,0.0,0.0,0.0
247,258,207,209,208,True,False,44,44,0,0,0,0.0,0.0,0.0,0.0,0.0
247,259,207,209,210,True,True,44,44,37,1488,12,0.0,5.0,33.81818181818182,0.8409090909090909,33.81818181818182
247,260,207,209,227,True,False,44,44,0,0,0,0.0,0.0,0.0,0.0,0.0
247,261,207,209,229,True,True,44,44,10,99,3,0.0,6.0,2.25,0.22727272727272727,2.25
247,262,207,209,230,True,True,44,44,26,638,7,0.0,7.0,14.5,0.5909090909090909,14.5
247,263,207,209,231,True,True,44,44,4,4,2,8.0,9.5,0.09090909090909091,0.09090909090909091,0.09090909090909091
248,339,207,226,205,True,True,1244,1244,48,53,4,0.0,6.0,0.04260450160771704,0.03858520900321544,0.04260450160771704
248,340,207,226,206,True,True,1244,1244,573,13946,21,0.0,5.0,11.210610932475884,0.46061093247588425,11.210610932475884
248,341,207,226,207,True,True,1244,1244,652,7892,21,0.0,4.0,6.344051446945338,0.5241157556270096,6.344051446945338
248,342,207,226,224,True,True,1244,1244,2,4,1,0.0,0.0,0.003215434083601286,0.001607717041800643,0.003215434083601286
248,343,207,226,227,True,True,1244,1244,628,13245,22,0.0,3.0,10.647106109324758,0.5048231511254019,10.647106109324758
249,344,207,227,205,True,True,1391,1391,2,2,1,0.0,0.0,0.0014378145219266715,0.0014378145219266715,0.0014378145219266715
249,345,207,227,206,True,True,1391,1391,717,10336,21,0.0,6.0,7.430625449317038,0.5154565061107117,7.430625449317038
249,346,207,227,207,True,True,1391,1391,571,7337,18,0.0,5.0,5.274622573687994,0.4104960460100647,5.274622573687994
249,347,207,227,208,True,True,1391,1391,70,1198,3,0.0,2.0,0.8612508986340762,0.0503235082674335,0.8612508986340762
249,348,207,227,226,True,True,1391,1391,1091,22595,29,0.0,2.0,16.24370956146657,0.7843278217109992,16.24370956146657
250,206,208,187,166,True,True,24,24,18,623,2,0.0,4.0,25.958333333333332,0.75,25.958333333333332
250,207,208,187,167,True,True,24,24,21,60,2,2.0,6.0,2.5,0.875,2.5
250,208,208,187,186,True,True,24,24,18,190,2,0.0,3.0,7.916666666666667,0.75,7.916666666666667
250,209,208,187,206,True,False,24,24,0,0,0,0.0,0.0,0.0,0.0,0.0
250,210,208,187,207,True,False,24,24,0,0,0,0.0,0.0,0.0,0.0,0.0
251,242,208,207,186,True,True,370,370,40,273,2,0.0,6.0,0.7378378378378379,0.10810810810810811,0.7378378378378379
251,243,208,207,187,True,True,370,370,192,5503,4,0.0,5.0,14.872972972972972,0.518918918918919,14.872972972972972
251,244,208,207,205,True,False,370,370,0,0,0,0.0,0.0,0.0,0.0,0.0
251,245,208,207,206,True,True,370,370,8,232,1,0.0,2.0,0.6270270270270271,0.021621621621621623,0.6270270270270271
251,246,208,207,208,True,True,370,370,18,351,2,0.0,1.0,0.9486486486486486,0.04864864864864865,0.9486486486486486
251,247,208,207,209,True,False,370,370,0,0,0,0.0,0.0,0.0,0.0,0.0
251,248,208,207,226,True,True,370,370,117,1864,5,0.0,2.0,5.037837837837838,0.3162162162162162,5.037837837837838
251,249,208,207,227,True,True,370,370,109,1552,4,0.0,2.0,4.194594594594594,0.2945945945945946,4.194594594594594
252,257,208,209,207,True,False,2158,2158,0,0,0,0.0,0.0,0.0,0.0,0.0
252,258,208,209,208,True,False,2158,2158,0,0,0,0.0,0.0,0.0,0.0,0.0
252,259,208,209,210,True,True,2158,2158,1873,71657,39,0.0,4.0,33.20528266913809,0.8679332715477294,33.20528266913809
252,260,208,209,227,True,False,2158,2158,0,0,0,0.0,0.0,0.0,0.0,0.0
252,261,208,209,229,True,True,2158,2158,355,4829,10,0.0,4.0,2.237720111214087,0.1645041705282669,2.237720111214087
252,262,208,209,230,True,True,2158,2158,728,16183,17,0.0,4.0,7.499073215940686,0.3373493975903614,7.499073215940686
252,263,208,209,231,True,True,2158,2158,95,95,2,0.0,6.0,0.04402224281742354,0.04402224281742354,0.04402224281742354
253,264,208,210,208,True,False,44,44,0,0,0,0.0,0.0,0.0,0.0,0.0
253,265,208,210,209,True,False,44,44,0,0,0,0.0,0.0,0.0,0.0,0.0
253,266,208,210,212,True,True,44,44,9,39,2,3.0,6.0,0.8863636363636364,0.20454545454545456,0.8863636363636364
253,267,208,210,229,True,True,44,44,4,48,2,1.0,6.0,1.0909090909090908,0.09090909090909091,1.0909090909090908
253,268,208,210,230,True,True,44,44,15,392,7,0.0,3.0,8.909090909090908,0.3409090909090909,8.909090909090908
253,269,208,210,231,True,True,44,44,19,490,5,0.0,6.0,11.136363636363637,0.4318181818181818,11.136363636363637
253,270,208,210,232,True,True,44,44,13,25,3,6.0,8.0,0.5681818181818182,0.29545454545454547,0.5681818181818182
254,339,208,226,205,True,False,6,6,0,0,0,0.0,0.0,0.0,0.0,0.0
254,340,208,226,206,True,True,6,6,1,3,1,2.0,3.0,0.5,0.16666666666666666,0.5
254,341,208,226,207,True,True,6,6,1,3,1,1.0,2.0,0.5,0.16666666666666666,0.5
254,342,208,226,224,True,False,6,6,0,0,0,0.0,0.0,0.0,0.0,0.0
254,343,208,226,227,True,True,6,6,3,129,2,0.0,3.0,21.5,0.5,21.5
255,344,208,227,205,True,False,100,100,0,0,0,0.0,0.0,0.0,0.0,0.0
255,345,208,227,206,True,True,100,100,35,124,2,0.0,5.0,1.24,0.35,1.24
255,346,208,227,207,True,True,100,100,14,282,2,0.0,1.0,2.82,0.14,2.82
255,347,208,227,208,True,False,100,100,0,0,0,0.0,0.0,0.0,0.0,0.0
255,348,208,227,226,True,True,100,100,88,3234,5,0.0,3.0,32.34,0.88,32.34
256,349,208,229,207,True,False,213,213,0,0,0,0.0,0.0,0.0,0.0,0.0
256,350,208,229,208,True,False,213,213,0,0,0,0.0,0.0,0.0,0.0,0.0
256,351,208,229,209,True,True,213,213,184,1962,11,0.0,2.0,9.211267605633802,0.863849765258216,9.211267605633802
256,352,208,229,210,True,True,213,213,114,1705,8,0.0,2.0,8.004694835680752,0.5352112676056338,8.004694835680752
256,353,208,229,227,True,False,213,213,0,0,0,0.0,0.0,0.0,0.0,0.0
256,354,208,229,230,True,True,213,213,125,4107,7,0.0,4.0,19.281690140845072,0.5868544600938967,19.281690140845072
256,355,208,229,231,True,True,213,213,48,101,3,0.0,8.0,0.47417840375586856,0.22535211267605634,0.47417840375586856
257,242,209,207,186,True,False,11,11,0,0,0,0.0,0.0,0.0,0.0,0.0
257,243,209,207,187,True,True,11,11,4,28,2,7.0,9.0,2.5454545454545454,0.36363636363636365,2.5454545454545454
257,244,209,207,205,True,False,11,11,0,0,0,0.0,0.0,0.0,0.0,0.0
257,245,209,207,206,True,False,11,11,0,0,0,0.0,0.0,0.0,0.0,0.0
257,246,209,207,208,True,False,11,11,0,0,0,0.0,0.0,0.0,0.0,0.0
257,247,209,207,209,True,False,11,11,0,0,0,0.0,0.0,0.0,0.0,0.0
257,248,209,207,226,True,True,11,11,7,44,2,0.0,2.0,4.0,0.6363636363636364,4.0
257,249,209,207,227,True,True,11,11,7,95,2,0.0,0.0,8.636363636363637,0.6363636363636364,8.636363636363637
258,250,209,208,187,True,True,345,345,36,155,1,3.0,8.0,0.4492753623188406,0.10434782608695652,0.4492753623188406
258,251,209,208,207,True,True,345,345,296,9848,7,0.0,4.0,28.544927536231885,0.8579710144927536,28.544927536231885
258,252,209,208,209,True,False,345,345,0,0,0,0.0,0.0,0.0,0.0,0.0
258,253,209,208,210,True,False,345,345,0,0,0,0.0,0.0,0.0,0.0,0.0
258,254,209,208,226,True,True,345,345,90,198,2,0.0,7.0,0.5739130434782609,0.2608695652173913,0.5739130434782609
258,255,209,208,227,True,True,345,345,185,2771,5,0.0,3.0,8.031884057971014,0.5362318840579711,8.031884057971014
258,256,209,208,229,True,False,345,345,0,0,0,0.0,0.0,0.0,0.0,0.0
259,264,209,210,208,True,False,2324,2324,0,0,0,0.0,0.0,0.0,0.0,0.0
259,265,209,210,209,True,True,2324,2324,58,719,4,0.0,2.0,0.3093803786574871,0.02495697074010327,0.3093803786574871
259,266,209,210,212,True,True,2324,2324,345,1065,8,0.0,5.0,0.4582616179001721,0.14845094664371772,0.4582616179001721
259,267,209,210,229,True,True,2324,2324,334,3367,17,0.0,2.0,1.4487951807228916,0.14371772805507746,1.4487951807228916
259,268,209,210,230,True,True,2324,2324,691,13090,23,0.0,2.0,5.632530120481928,0.29733218588640276,5.632530120481928
259,269,209,210,231,True,True,2324,2324,517,9121,11,0.0,5.0,3.924698795180723,0.22246127366609295,3.924698795180723
259,270,209,210,232,True,True,2324,2324,201,298,5,0.0,5.0,0.12822719449225473,0.08648881239242685,0.12822719449225473
260,344,209,227,205,True,False,11,11,0,0,0,0.0,0.0,0.0,0.0,0.0
260,345,209,227,206,True,True,11,11,4,15,2,0.0,6.0,1.3636363636363635,0.36363636363636365,1.3636363636363635
260,346,209,227,207,True,True,11,11,7,190,2,0.0,1.0,17.272727272727273,0.6363636363636364,17.272727272727273
260,347,209,227,208,True,False,11,11,0,0,0,0.0,0.0,0.0,0.0,0.0
260,348,209,227,226,True,True,11,11,5,203,3,0.0,4.0,18.454545454545453,0.45454545454545453,18.454545454545453
261,349,209,229,207,True,True,2724,2724,24,24,2,0.0,1.0,0.00881057268722467,0.00881057268722467,0.00881057268722467
261,350,209,229,208,True,True,2724,2724,20,247,3,0.0,1.0,0.09067547723935389,0.007342143906020558,0.09067547723935389
261,351,209,229,209,True,True,2724,2724,954,16166,25,0.0,4.0,5.934654919236417,0.3502202643171806,5.934654919236417
261,352,209,229,210,True,True,2724,2724,1478,18414,30,0.0,4.0,6.759911894273127,0.5425844346549192,6.759911894273127
261,353,209,229,227,True,True,2724,2724,53,150,4,0.0,1.0,0.05506607929515418,0.019456681350954477,0.05506607929515418
261,354,209,229,230,True,True,2724,2724,2174,48240,34,0.0,2.0,17.709251101321588,0.7980910425844346,17.709251101321588
261,355,209,229,231,True,True,2724,2724,21,51,2,0.0,0.0,0.018722466960352423,0.007709251101321586,0.018722466960352423
262,356,209,230,208,True,False,1019,1019,0,0,0,0.0,0.0,0.0,0.0,0.0
262,357,209,230,209,True,True,1019,1019,605,13510,26,0.0,4.0,13.258096172718352,0.5937193326790972,13.258096172718352
262,358,209,230,210,True,True,1019,1019,431,7356,27,0.0,3.0,7.218842001962709,0.422963689892051,7.218842001962709
262,359,209,230,229,True,True,1019,1019,646,14276,28,0.0,4.0,14.00981354268891,0.633954857703631,14.00981354268891
262,360,209,230,231,True,True,1019,1019,91,3062,6,0.0,3.0,3.0049067713444555,0.08930323846908735,3.0049067713444555
262,361,209,230,232,True,True,1019,1019,29,115,3,0.0,1.0,0.11285574092247301,0.02845927379784102,0.11285574092247301
263,362,209,231,209,True,False,4,4,0,0,0,0.0,0.0,0.0,0.0,0.0
263,363,209,231,210,True,False,4,4,0,0,0,0.0,0.0,0.0,0.0,0.0
263,364,209,231,212,True,True,4,4,2,6,1,0.0,0.0,1.5,0.5,1.5
263,365,209,231,229,True,False,4,4,0,0,0,0.0,0.0,0.0,0.0,0.0
263,366,209,231,230,True,False,4,4,0,0,0,0.0,0.0,0.0,0.0,0.0
263,367,209,231,232,True,True,4,4,2,74,2,0.0,5.0,18.5,0.5,18.5
263,368,209,231,233,True,True,4,4,2,2,2,5.0,7.0,0.5,0.5,0.5
263,369,209,231,252,True,False,4,4,0,0,0,0.0,0.0,0.0,0.0,0.0
264,250,210,208,187,True,False,12,12,0,0,0,0.0,0.0,0.0,0.0,0.0
264,251,210,208,207,True,True,12,12,12,230,4,0.0,5.0,19.166666666666668,1.0,19.166666666666668
264,252,210,208,209,True,False,12,12,0,0,0,0.0,0.0,0.0,0.0,0.0
264,253,210,208,210,True,False,12,12,0,0,0,0.0,0.0,0.0,0.0,0.0
264,254,210,208,226,True,True,12,12,4,6,2,7.0,8.5,0.5,0.3333333333333333,0.5
264,255,210,208,227,True,True,12,12,12,137,4,0.0,2.0,11.416666666666666,1.0,11.416666666666666
264,256,210,208,229,True,False,12,12,0,0,0,0.0,0.0,0.0,0.0,0.0
265,257,210,209,207,True,True,1293,1293,21,40,2,0.0,4.0,0.030935808197989172,0.016241299303944315,0.030935808197989172
265,258,210,209,208,True,True,1293,1293,194,6419,6,0.0,3.0,4.964423820572312,0.1500386697602475,4.964423820572312
265,259,210,209,210,True,True,1293,1293,43,73,2,0.0,3.0,0.05645784996133024,0.033255993812838364,0.05645784996133024
265,260,210,209,227,True,True,1293,1293,149,381,4,0.0,3.0,0.29466357308584684,0.11523588553750967,0.29466357308584684
265,261,210,209,229,True,True,1293,1293,1009,24213,32,0.0,2.0,18.726218097447795,0.7803557617942769,18.726218097447795
265,262,210,209,230,True,True,1293,1293,356,1717,14,0.0,1.0,1.3279195668986852,0.27532869296210366,1.3279195668986852
265,263,210,209,231,True,False,1293,1293,0,0,0,0.0,0.0,0.0,0.0,0.0
266,271,210,212,210,True,False,28,28,0,0,0,0.0,0.0,0.0,0.0,0.0
266,272,210,212,213,True,True,28,28,17,811,5,0.0,4.0,28.964285714285715,0.6071428571428571,28.964285714285715
266,273,210,212,214,True,False,28,28,0,0,0,0.0,0.0,0.0,0.0,0.0
266,274,210,212,230,True,False,28,28,0,0,0,0.0,0.0,0.0,0.0,0.0
266,275,210,212,231,True,False,28,28,0,0,0,0.0,0.0,0.0,0.0,0.0
266,276,210,212,232,True,True,28,28,11,374,4,0.0,2.0,13.357142857142858,0.39285714285714285,13.357142857142858
266,277,210,212,233,True,True,28,28,4,17,2,0.0,2.0,0.6071428571428571,0.14285714285714285,0.6071428571428571
267,349,210,229,207,True,True,1197,1197,12,12,2,0.0,1.0,0.010025062656641603,0.010025062656641603,0.010025062656641603
267,350,210,229,208,True,True,1197,1197,46,686,3,0.0,2.0,0.5730994152046783,0.03842940685045948,0.5730994152046783
267,351,210,229,209,True,True,1197,1197,449,9094,26,0.0,4.0,7.597326649958229,0.37510442773600666,7.597326649958229
267,352,210,229,210,True,True,1197,1197,515,6961,19,0.0,5.0,5.815371762740184,0.4302422723475355,5.815371762740184
267,353,210,229,227,True,True,1197,1197,79,219,5,0.0,3.0,0.18295739348370926,0.06599832915622389,0.18295739348370926
267,354,210,229,230,True,True,1197,1197,734,17046,28,0.0,3.0,14.240601503759398,0.6131996658312447,14.240601503759398
267,355,210,229,231,True,False,1197,1197,0,0,0,0.0,0.0,0.0,0.0,0.0
268,356,210,230,208,True,False,1174,1174,0,0,0,0.0,0.0,0.0,0.0,0.0
268,357,210,230,209,True,True,1174,1174,587,7234,22,0.0,4.0,6.161839863713799,0.5,6.161839863713799
268,358,210,230,210,True,True,1174,1174,310,3758,14,0.0,6.0,3.201022146507666,0.26405451448040884,3.201022146507666
268,359,210,230,229,True,True,1174,1174,950,21698,26,0.0,2.0,18.482112436115845,0.8091993185689949,18.482112436115845
268,360,210,230,231,True,True,1174,1174,116,1655,6,0.0,1.0,1.409710391822828,0.09880749574105621,1.409710391822828
268,361,210,230,232,True,True,1174,1174,81,296,4,0.0,1.0,0.252129471890971,0.06899488926746167,0.252129471890971
269,362,210,231,209,True,False,231,231,0,0,0,0.0,0.0,0.0,0.0,0.0
269,363,210,231,210,True,False,231,231,0,0,0,0.0,0.0,0.0,0.0,0.0
269,364,210,231,212,True,True,231,231,78,1561,4,0.0,4.0,6.757575757575758,0.33766233766233766,6.757575757575758
269,365,210,231,229,True,False,231,231,0,0,0,0.0,0.0,0.0,0.0,0.0
269,366,210,231,230,True,False,231,231,0,0,0,0.0,0.0,0.0,0.0,0.0
269,367,210,231,232,True,True,231,231,223,7017,11,0.0,3.0,30.376623376623378,0.9653679653679653,30.376623376623378
269,368,210,231,233,True,True,231,231,85,157,3,0.0,6.0,0.6796536796536796,0.36796536796536794,0.6796536796536796
269,369,210,231,252,True,False,231,231,0,0,0,0.0,0.0,0.0,0.0,0.0
270,370,210,232,210,True,False,7,7,0,0,0,0.0,0.0,0.0,0.0,0.0
270,371,210,232,212,True,True,7,7,4,49,2,0.0,0.0,7.0,0.5714285714285714,7.0
270,372,210,232,213,True,True,7,7,1,28,1,2.0,6.0,4.0,0.14285714285714285,4.0
270,373,210,232,214,True,False,7,7,0,0,0,0.0,0.0,0.0,0.0,0.0
270,374,210,232,230,True,False,7,7,0,0,0,0.0,0.0,0.0,0.0,0.0
270,375,210,232,231,True,False,7,7,0,0,0,0.0,0.0,0.0,0.0,0.0
270,376,210,232,233,True,True,7,7,3,88,3,0.0,5.0,12.571428571428571,0.42857142857142855,12.571428571428571
270,377,210,232,252,True,True,7,7,1,36,1,3.0,8.0,5.142857142857143,0.14285714285714285,5.142857142857143
271,264,212,210,208,True,False,13,13,0,0,0,0.0,0.0,0.0,0.0,0.0
271,265,212,210,209,True,True,13,13,7,53,2,0.0,3.0,4.076923076923077,0.5384615384615384,4.076923076923077
271,266,212,210,212,True,False,13,13,0,0,0,0.0,0.0,0.0,0.0,0.0
271,267,212,210,229,True,True,13,13,13,477,3,0.0,4.0,36.69230769230769,1.0,36.69230769230769
271,268,212,210,230,True,True,13,13,6,76,1,0.0,3.0,5.846153846153846,0.46153846153846156,5.846153846153846
271,269,212,210,231,True,False,13,13,0,0,0,0.0,0.0,0.0,0.0,0.0
271,270,212,210,232,True,False,13,13,0,0,0,0.0,0.0,0.0,0.0,0.0
272,278,212,213,212,True,True,1444,1444,180,2760,13,0.0,2.0,1.9113573407202216,0.12465373961218837,1.9113573407202216
272,279,212,213,214,True,True,1444,1444,756,27805,15,0.0,5.0,19.255540166204987,0.5235457063711911,19.255540166204987
272,280,212,213,215,True,True,1444,1444,317,647,8,0.0,6.0,0.44806094182825484,0.2195290858725762,0.44806094182825484
272,281,212,213,231,True,False,1444,1444,0,0,0,0.0,0.0,0.0,0.0,0.0
272,282,212,213,232,True,True,1444,1444,562,8700,24,0.0,2.0,6.024930747922438,0.389196675900277,6.024930747922438
272,283,212,213,233,True,True,1444,1444,533,7293,21,0.0,2.0,5.050554016620499,0.3691135734072022,5.050554016620499
273,284,212,214,212,True,False,11,11,0,0,0,0.0,0.0,0.0,0.0,0.0
273,285,212,214,213,True,False,11,11,0,0,0,0.0,0.0,0.0,0.0,0.0
273,286,212,214,215,True,True,11,11,11,441,4,0.0,4.0,40.09090909090909,1.0,40.09090909090909
273,287,212,214,216,True,False,11,11,0,0,0,0.0,0.0,0.0,0.0,0.0
273,288,212,214,233,True,False,11,11,0,0,0,0.0,0.0,0.0,0.0,0.0
273,289,212,214,235,True,True,11,11,3,108,1,0.0,6.0,9.818181818181818,0.2727272727272727,9.818181818181818
273,290,212,214,236,True,False,11,11,0,0,0,0.0,0.0,0.0,0.0,0.0
274,356,212,230,208,True,False,11,11,0,0,0,0.0,0.0,0.0,0.0,0.0
274,357,212,230,209,True,False,11,11,0,0,0,0.0,0.0,0.0,0.0,0.0
274,358,212,230,210,True,False,11,11,0,0,0,0.0,0.0,0.0,0.0,0.0
274,359,212,230,229,True,True,11,11,11,451,4,0.0,3.0,41.0,1.0,41.0
274,360,212,230,231,True,False,11,11,0,0,0,0.0,0.0,0.0,0.0,0.0
274,361,212,230,232,True,False,11,11,0,0,0,0.0,0.0,0.0,0.0,0.0
275,362,212,231,209,True,True,193,193,27,81,1,1.0,6.0,0.41968911917098445,0.13989637305699482,0.41968911917098445
275,363,212,231,210,True,True,193,193,32,142,2,0.0,2.5,0.7357512953367875,0.16580310880829016,0.7357512953367875
275,364,212,231,212,True,False,193,193,0,0,0,0.0,0.0,0.0,0.0,0.0
275,365,212,231,229,True,True,193,193,75,234,7,0.0,4.0,1.2124352331606219,0.38860103626943004,1.2124352331606219
275,366,212,231,230,True,True,193,193,139,4160,11,0.0,3.0,21.55440414507772,0.7202072538860104,21.55440414507772
275,367,212,231,232,True,True,193,193,29,815,1,0.0,1.0,4.22279792746114,0.15025906735751296,4.22279792746114
275,368,212,231,233,True,False,193,193,0,0,0,0.0,0.0,0.0,0.0,0.0
275,369,212,231,252,True,False,193,193,0,0,0,0.0,0.0,0.0,0.0,0.0
276,370,212,232,210,True,False,4549,4549,0,0,0,0.0,0.0,0.0,0.0,0.0
276,371,212,232,212,True,True,4549,4549,2255,40642,41,0.0,4.0,8.93427126841064,0.49571334359199826,8.93427126841064
276,372,212,232,213,True,True,4549,4549,2167,33405,38,0.0,4.0,7.343372169707628,0.4763684326225544,7.343372169707628
276,373,212,232,214,True,True,4549,4549,20,104,1,0.0,2.0,0.022862167509342713,0.004396570674873599,0.022862167509342713
276,374,212,232,230,True,True,4549,4549,72,278,5,0.0,1.0,0.06111233238074302,0.015827654429544955,0.06111233238074302
276,375,212,232,231,True,True,4549,4549,112,2022,7,0.0,1.0,0.4444932952297208,0.024620795779292153,0.4444932952297208
276,376,212,232,233,True,True,4549,4549,3164,62406,44,0.0,3.0,13.71861947680809,0.6955374807650033,13.71861947680809
276,377,212,232,252,True,True,4549,4549,367,16454,8,0.0,5.0,3.6170586942185095,0.08067707188393053,3.6170586942185095
277,378,212,233,212,True,True,1129,1129,873,14814,34,0.0,5.0,13.12134632418069,0.7732506643046945,13.12134632418069
277,379,212,233,213,True,True,1129,1129,309,4961,27,0.0,2.0,4.394154118689105,0.2736935341009743,4.394154118689105
277,380,212,233,214,True,True,1129,1129,42,1022,3,0.0,4.0,0.9052258635961028,0.03720106288751107,0.9052258635961028
277,381,212,233,215,True,True,1129,1129,14,42,1,1.0,4.0,0.03720106288751107,0.012400354295837024,0.03720106288751107
277,382,212,233,231,True,False,1129,1129,0,0,0,0.0,0.0,0.0,0.0,0.0
277,383,212,233,232,True,True,1129,1129,839,18458,35,0.0,3.0,16.348981399468556,0.7431355181576617,16.348981399468556
277,384,212,233,235,True,False,1129,1129,0,0,0,0.0,0.0,0.0,0.0,0.0
277,385,212,233,252,True,False,1129,1129,0,0,0,0.0,0.0,0.0,0.0,0.0
277,386,212,233,273,True,False,1129,1129,0,0,0,0.0,0.0,0.0,0.0,0.0
278,271,213,212,210,True,True,1967,1967,113,403,3,0.0,6.0,0.2048805287239451,0.057447890188103715,0.2048805287239451
278,272,213,212,213,True,True,1967,1967,169,503,5,0.0,8.0,0.25571936959837316,0.08591764107778342,0.25571936959837316
278,273,213,212,214,True,False,1967,1967,0,0,0,0.0,0.0,0.0,0.0,0.0
278,274,213,212,230,True,True,1967,1967,40,40,1,0.0,2.0,0.020335536349771224,0.020335536349771224,0.020335536349771224
278,275,213,212,231,True,True,1967,1967,244,3954,6,0.0,2.0,2.0101677681748855,0.12404677173360447,2.0101677681748855
278,276,213,212,232,True,True,1967,1967,1482,38480,37,0.0,2.0,19.56278596847992,0.7534316217590239,19.56278596847992
278,277,213,212,233,True,True,1967,1967,622,5406,21,0.0,3.0,2.748347737671581,0.3162175902389425,2.748347737671581
279,284,213,214,212,True,False,1101,1101,0,0,0,0.0,0.0,0.0,0.0,0.0
279,285,213,214,213,True,False,1101,1101,0,0,0,0.0,0.0,0.0,0.0,0.0
279,286,213,214,215,True,True,1101,1101,1046,39250,23,0.0,4.0,35.64940962761126,0.9500454132606722,35.64940962761126
279,287,213,214,216,True,True,1101,1101,271,669,6,0.0,5.0,0.6076294277929155,0.24613987284287012,0.6076294277929155
279,288,213,214,233,True,False,1101,1101,0,0,0,0.0,0.0,0.0,0.0,0.0
279,289,213,214,235,True,True,1101,1101,186,5296,4,0.0,5.0,4.810172570390554,0.16893732970027248,4.810172570390554
279,290,213,214,236,True,True,1101,1101,61,259,2,0.0,8.0,0.23524069028156222,0.055404178019981834,0.23524069028156222
280,291,213,215,213,True,False,40,40,0,0,0,0.0,0.0,0.0,0.0,0.0
280,292,213,215,214,True,False,40,40,0,0,0,0.0,0.0,0.0,0.0,0.0
280,293,213,215,216,True,True,40,40,37,1492,11,0.0,6.0,37.3,0.925,37.3
280,294,213,215,217,True,True,40,40,15,45,1,5.0,9.0,1.125,0.375,1.125
280,295,213,215,233,True,False,40,40,0,0,0,0.0,0.0,0.0,0.0,0.0
280,296,213,215,235,True,True,40,40,10,117,6,0.0,6.0,2.925,0.25,2.925
280,297,213,215,236,True,True,40,40,8,134,4,0.0,6.0,3.35,0.2,3.35
281,362,213,231,209,True,True,15,15,1,3,1,7.0,8.0,0.2,0.06666666666666667,0.2
281,363,213,231,210,True,True,15,15,7,118,2,0.0,1.0,7.866666666666666,0.4666666666666667,7.866666666666666
281,364,213,231,212,True,False,15,15,0,0,0,0.0,0.0,0.0,0.0,0.0
281,365,213,231,229,True,True,15,15,1,3,1,6.0,7.0,0.2,0.06666666666666667,0.2
281,366,213,231,230,True,True,15,15,8,374,3,0.0,4.0,24.933333333333334,0.5333333333333333,24.933333333333334
281,367,213,231,232,True,True,15,15,1,40,1,0.0,2.0,2.6666666666666665,0.06666666666666667,2.6666666666666665
281,368,213,231,233,True,False,15,15,0,0,0,0.0,0.0,0.0,0.0,0.0
281,369,213,231,252,True,False,15,15,0,0,0,0.0,0.0,0.0,0.0,0.0
282,370,213,232,210,True,True,1253,1253,18,51,1,0.0,2.0,0.040702314445331206,0.014365522745411013,0.040702314445331206
282,371,213,232,212,True,True,1253,1253,795,20115,38,0.0,5.0,16.053471667996806,0.6344772545889864,16.053471667996806
282,372,213,232,213,True,True,1253,1253,601,9692,22,0.0,6.0,7.735035913806864,0.4796488427773344,7.735035913806864
282,373,213,232,214,True,False,1253,1253,0,0,0,0.0,0.0,0.0,0.0,0.0
282,374,213,232,230,True,True,1253,1253,38,104,3,0.0,1.0,0.08300079808459697,0.030327214684756583,0.08300079808459697
282,375,213,232,231,True,True,1253,1253,62,1130,6,0.0,1.0,0.9018355945730248,0.04948124501197127,0.9018355945730248
282,376,213,232,233,True,True,1253,1253,654,11509,29,0.0,3.0,9.185155626496408,0.5219473264166001,9.185155626496408
282,377,213,232,252,True,False,1253,1253,0,0,0,0.0,0.0,0.0,0.0,0.0
283,378,213,233,212,True,True,781,781,383,5769,26,0.0,6.0,7.386683738796415,0.49039692701664533,7.386683738796415
283,379,213,233,213,True,True,781,781,71,418,8,0.0,2.0,0.5352112676056338,0.09090909090909091,0.5352112676056338
283,380,213,233,214,True,True,781,781,6,24,1,0.0,0.0,0.030729833546734954,0.0076824583866837385,0.030729833546734954
283,381,213,233,215,True,False,781,781,0,0,0,0.0,0.0,0.0,0.0,0.0
283,382,213,233,231,True,False,781,781,0,0,0,0.0,0.0,0.0,0.0,0.0
283,383,213,233,232,True,True,781,781,561,10514,32,0.0,2.0,13.46222791293214,0.7183098591549296,13.46222791293214
283,384,213,233,235,True,False,781,781,0,0,0,0.0,0.0,0.0,0.0,0.0
283,385,213,233,252,True,True,781,781,10,286,1,0.0,6.0,0.36619718309859156,0.012804097311139564,0.36619718309859156
283,386,213,233,273,True,True,781,781,54,107,1,0.0,6.0,0.13700384122919335,0.06914212548015365,0.13700384122919335
284,271,214,212,210,True,True,12,12,1,1,1,10.0,10.0,0.08333333333333333,0.08333333333333333,0.08333333333333333
284,272,214,212,213,True,False,12,12,0,0,0,0.0,0.0,0.0,0.0,0.0
284,273,214,212,214,True,False,12,12,0,0,0,0.0,0.0,0.0,0.0,0.0
284,274,214,212,230,True,False,12,12,0,0,0,0.0,0.0,0.0,0.0,0.0
284,275,214,212,231,True,True,12,12,8,71,3,0.0,5.0,5.916666666666667,0.6666666666666666,5.916666666666667
284,276,214,212,232,True,True,12,12,5,80,3,0.0,1.0,6.666666666666667,0.4166666666666667,6.666666666666667
284,277,214,212,233,True,True,12,12,3,14,1,0.0,1.0,1.1666666666666667,0.25,1.1666666666666667
285,278,214,213,212,True,True,378,378,258,8412,6,0.0,3.0,22.253968253968253,0.6825396825396826,22.253968253968253
285,279,214,213,214,True,False,378,378,0,0,0,0.0,0.0,0.0,0.0,0.0
285,280,214,213,215,True,False,378,378,0,0,0,0.0,0.0,0.0,0.0,0.0
285,281,214,213,231,True,True,378,378,153,422,3,0.0,6.0,1.1164021164021165,0.40476190476190477,1.1164021164021165
285,282,214,213,232,True,True,378,378,161,1897,4,0.0,4.0,5.018518518518518,0.42592592592592593,5.018518518518518
285,283,214,213,233,True,True,378,378,125,4960,6,0.0,4.0,13.121693121693122,0.3306878306878307,13.121693121693122
286,291,214,215,213,True,False,1395,1395,0,0,0,0.0,0.0,0.0,0.0,0.0
286,292,214,215,214,True,False,1395,1395,0,0,0,0.0,0.0,0.0,0.0,0.0
286,293,214,215,216,True,True,1395,1395,1043,35780,22,0.0,4.0,25.648745519713263,0.7476702508960573,25.648745519713263
286,294,214,215,217,True,True,1395,1395,140,310,3,0.0,7.0,0.2222222222222222,0.1003584229390681,0.2222222222222222
286,295,214,215,233,True,False,1395,1395,0,0,0,0.0,0.0,0.0,0.0,0.0
286,296,214,215,235,True,True,1395,1395,559,12399,15,0.0,5.0,8.888172043010753,0.4007168458781362,8.888172043010753
286,297,214,215,236,True,True,1395,1395,555,9118,14,0.0,5.0,6.536200716845878,0.3978494623655914,6.536200716845878
287,298,214,216,214,True,False,27,27,0,0,0,0.0,0.0,0.0,0.0,0.0
287,299,214,216,215,True,True,27,27,1,24,1,0.0,2.5,0.8888888888888888,0.037037037037037035,0.8888888888888888
287,300,214,216,217,True,True,27,27,6,253,2,0.0,7.0,9.37037037037037,0.2222222222222222,9.37037037037037
287,301,214,216,218,True,True,27,27,3,3,1,8.0,9.0,0.1111111111111111,0.1111111111111111,0.1111111111111111
287,302,214,216,235,True,True,27,27,12,265,5,0.0,3.0,9.814814814814815,0.4444444444444444,9.814814814814815
287,303,214,216,236,True,True,27,27,17,301,5,0.0,1.0,11.148148148148149,0.6296296296296297,11.148148148148149
288,378,214,233,212,True,True,194,194,18,150,2,0.0,1.0,0.7731958762886598,0.09278350515463918,0.7731958762886598
288,379,214,233,213,True,True,194,194,21,96,2,0.0,1.0,0.4948453608247423,0.10824742268041238,0.4948453608247423
288,380,214,233,214,True,False,194,194,0,0,0,0.0,0.0,0.0,0.0,0.0
288,381,214,233,215,True,False,194,194,0,0,0,0.0,0.0,0.0,0.0,0.0
288,382,214,233,231,True,True,194,194,14,40,3,3.0,6.0,0.20618556701030927,0.07216494845360824,0.20618556701030927
288,383,214,233,232,True,True,194,194,115,2742,6,0.0,3.0,14.1340206185567,0.5927835051546392,14.1340206185567
288,384,214,233,235,True,False,194,194,0,0,0,0.0,0.0,0.0,0.0,0.0
288,385,214,233,252,True,True,194,194,24,296,2,0.0,5.0,1.5257731958762886,0.12371134020618557,1.5257731958762886
288,386,214,233,273,True,True,194,194,1,2,1,8.0,8.5,0.010309278350515464,0.005154639175257732,0.010309278350515464
289,387,214,235,213,True,False,113,113,0,0,0,0.0,0.0,0.0,0.0,0.0
289,388,214,235,214,True,False,113,113,0,0,0,0.0,0.0,0.0,0.0,0.0
289,389,214,235,215,True,True,113,113,37,1499,2,0.0,3.0,13.265486725663717,0.3274336283185841,13.265486725663717
289,390,214,235,216,True,True,113,113,31,358,2,0.0,2.0,3.168141592920354,0.2743362831858407,3.168141592920354
289,391,214,235,233,True,False,113,113,0,0,0,0.0,0.0,0.0,0.0,0.0
289,392,214,235,236,True,True,113,113,77,2694,4,0.0,3.0,23.84070796460177,0.6814159292035398,23.84070796460177
290,393,214,236,214,True,False,7,7,0,0,0,0.0,0.0,0.0,0.0,0.0
290,394,214,236,215,True,True,7,7,7,12,2,2.0,4.5,1.7142857142857142,1.0,1.7142857142857142
290,395,214,236,216,True,True,7,7,6,209,1,0.0,2.0,29.857142857142858,0.8571428571428571,29.857142857142858
290,396,214,236,217,True,False,7,7,0,0,0,0.0,0.0,0.0,0.0,0.0
290,397,214,236,235,True,True,7,7,1,46,1,0.0,4.0,6.571428571428571,0.14285714285714285,6.571428571428571
290,398,214,236,238,True,False,7,7,0,0,0,0.0,0.0,0.0,0.0,0.0
291,278,215,213,212,True,True,21,21,15,589,4,0.0,4.0,28.047619047619047,0.7142857142857143,28.047619047619047
291,279,215,213,214,True,False,21,21,0,0,0,0.0,0.0,0.0,0.0,0.0
291,280,215,213,215,True,False,21,21,0,0,0,0.0,0.0,0.0,0.0,0.0
291,281,215,213,231,True,True,21,21,9,9,2,6.0,8.0,0.42857142857142855,0.42857142857142855,0.42857142857142855
291,282,215,213,232,True,True,21,21,10,128,3,0.0,6.0,6.095238095238095,0.47619047619047616,6.095238095238095
291,283,215,213,233,True,True,21,21,7,239,5,0.0,5.0,11.380952380952381,0.3333333333333333,11.380952380952381
292,284,215,214,212,True,True,568,568,183,277,5,0.0,4.0,0.4876760563380282,0.3221830985915493,0.4876760563380282
292,285,215,214,213,True,True,568,568,370,10750,10,0.0,3.0,18.926056338028168,0.6514084507042254,18.926056338028168
292,286,215,214,215,True,False,568,568,0,0,0,0.0,0.0,0.0,0.0,0.0
292,287,215,214,216,True,False,568,568,0,0,0,0.0,0.0,0.0,0.0,0.0
292,288,215,214,233,True,True,568,568,353,5018,12,0.0,3.0,8.834507042253522,0.6214788732394366,8.834507042253522
292,289,215,214,235,True,False,568,568,0,0,0,0.0,0.0,0.0,0.0,0.0
292,290,215,214,236,True,False,568,568,0,0,0,0.0,0.0,0.0,0.0,0.0
293,298,215,216,214,True,False,1452,1452,0,0,0,0.0,0.0,0.0,0.0,0.0
293,299,215,216,215,True,True,1452,1452,118,1636,13,0.0,2.0,1.1267217630853994,0.081267217630854,1.1267217630853994
293,300,215,216,217,True,True,1452,1452,830,30462,19,0.0,5.0,20.979338842975206,0.571625344352617,20.979338842975206
293,301,215,216,218,True,True,1452,1452,186,830,5,0.0,5.0,0.571625344352617,0.128099173553719,0.571625344352617
293,302,215,216,235,True,True,1452,1452,440,6702,22,0.0,2.0,4.615702479338843,0.30303030303030304,4.615702479338843
293,303,215,216,236,True,True,1452,1452,455,6990,20,0.0,2.0,4.81404958677686,0.3133608815426997,4.81404958677686
294,304,215,217,198,True,True,11,11,1,3,1,5.0,6.0,0.2727272727272727,0.09090909090909091,0.2727272727272727
294,305,215,217,215,True,False,11,11,0,0,0,0.0,0.0,0.0,0.0,0.0
294,306,215,217,216,True,False,11,11,0,0,0,0.0,0.0,0.0,0.0,0.0
294,307,215,217,218,True,True,11,11,8,406,4,0.0,5.0,36.90909090909091,0.7272727272727273,36.90909090909091
294,308,215,217,235,True,False,11,11,0,0,0,0.0,0.0,0.0,0.0,0.0
294,309,215,217,236,True,False,11,11,0,0,0,0.0,0.0,0.0,0.0,0.0
294,310,215,217,238,True,False,11,11,0,0,0,0.0,0.0,0.0,0.0,0.0
295,378,215,233,212,True,True,13,13,1,12,1,0.0,1.5,0.9230769230769231,0.07692307692307693,0.9230769230769231
295,379,215,233,213,True,True,13,13,1,8,1,0.0,1.5,0.6153846153846154,0.07692307692307693,0.6153846153846154
295,380,215,233,214,True,False,13,13,0,0,0,0.0,0.0,0.0,0.0,0.0
295,381,215,233,215,True,False,13,13,0,0,0,0.0,0.0,0.0,0.0,0.0
295,382,215,233,231,True,True,13,13,3,9,1,6.0,7.0,0.6923076923076923,0.23076923076923078,0.6923076923076923
295,383,215,233,232,True,True,13,13,11,421,4,0.0,3.0,32.38461538461539,0.8461538461538461,32.38461538461539
295,384,215,233,235,True,False,13,13,0,0,0,0.0,0.0,0.0,0.0,0.0
295,385,215,233,252,True,True,13,13,2,31,2,2.0,7.0,2.3846153846153846,0.15384615384615385,2.3846153846153846
295,386,215,233,273,True,False,13,13,0,0,0,0.0,0.0,0.0,0.0,0.0
296,387,215,235,213,True,True,3819,3819,13,13,2,0.0,1.0,0.0034040324692327832,0.0034040324692327832,0.0034040324692327832
296,388,215,235,214,True,True,3819,3819,16,159,3,0.0,1.0,0.041633935585231735,0.004189578423671118,0.041633935585231735
296,389,215,235,215,True,True,3819,3819,2229,45898,34,0.0,4.0,12.018329405603561,0.5836606441476826,12.018329405603561
296,390,215,235,216,True,True,3819,3819,1413,19795,33,0.0,4.0,5.183294056035612,0.3699921445404556,5.183294056035612
296,391,215,235,233,True,True,3819,3819,37,196,4,0.0,1.0,0.051322335689971195,0.00968840010473946,0.051322335689971195
296,392,215,235,236,True,True,3819,3819,2169,45629,34,0.0,3.0,11.94789211835559,0.5679497250589159,11.94789211835559
297,393,215,236,214,True,False,863,863,0,0,0,0.0,0.0,0.0,0.0,0.0
297,394,215,236,215,True,True,863,863,481,5144,26,0.0,2.0,5.960602549246813,0.5573580533024334,5.960602549246813
297,395,215,236,216,True,True,863,863,213,2518,20,0.0,2.0,2.917728852838934,0.24681344148319814,2.917728852838934
297,396,215,236,217,True,True,863,863,22,163,2,0.0,3.0,0.18887601390498263,0.02549246813441483,0.18887601390498263
297,397,215,236,235,True,True,863,863,653,17233,28,0.0,3.0,19.968713789107763,0.7566628041714948,19.968713789107763
297,398,215,236,238,True,True,863,863,18,51,1,0.0,2.0,0.05909617612977984,0.02085747392815759,0.05909617612977984
298,284,216,214,212,True,True,20,20,3,3,1,5.0,6.0,0.15,0.15,0.15
298,285,216,214,213,True,True,20,20,10,464,3,0.0,4.0,23.2,0.5,23.2
298,286,216,214,215,True,False,20,20,0,0,0,0.0,0.0,0.0,0.0,0.0
298,287,216,214,216,True,False,20,20,0,0,0,0.0,0.0,0.0,0.0,0.0
298,288,216,214,233,True,True,20,20,11,310,4,0.0,3.0,15.5,0.55,15.5
298,289,216,214,235,True,False,20,20,0,0,0,0.0,0.0,0.0,0.0,0.0
298,290,216,214,236,True,False,20,20,0,0,0,0.0,0.0,0.0,0.0,0.0
299,291,216,215,213,True,True,1287,1287,158,419,4,0.0,4.0,0.32556332556332557,0.12276612276612277,0.32556332556332557
299,292,216,215,214,True,True,1287,1287,354,9925,8,0.0,3.0,7.7117327117327115,0.27505827505827507,7.7117327117327115
299,293,216,215,216,True,True,1287,1287,57,223,5,0.0,3.0,0.17327117327117328,0.04428904428904429,0.17327117327117328
299,294,216,215,217,True,False,1287,1287,0,0,0,0.0,0.0,0.0,0.0,0.0
299,295,216,215,233,True,True,1287,1287,144,458,3,0.0,4.0,0.35586635586635584,0.11188811188811189,0.35586635586635584
299,296,216,215,235,True,True,1287,1287,878,21900,28,0.0,2.0,17.016317016317018,0.6822066822066822,17.016317016317018
299,297,216,215,236,True,True,1287,1287,269,1059,12,0.0,3.0,0.8228438228438228,0.20901320901320902,0.8228438228438228
300,304,216,217,198,True,True,1104,1104,189,2198,7,0.0,8.0,1.9909420289855073,0.17119565217391305,1.9909420289855073
300,305,216,217,215,True,False,1104,1104,0,0,0,0.0,0.0,0.0,0.0,0.0
300,306,216,217,216,True,True,1104,1104,56,2531,1,0.0,5.0,2.2925724637681157,0.050724637681159424,2.2925724637681157
300,307,216,217,218,True,True,1104,1104,718,25240,18,0.0,4.0,22.86231884057971,0.6503623188405797,22.86231884057971
300,308,216,217,235,True,False,1104,1104,0,0,0,0.0,0.0,0.0,0.0,0.0
300,309,216,217,236,True,False,1104,1104,0,0,0,0.0,0.0,0.0,0.0,0.0
300,310,216,217,238,True,True,1104,1104,74,497,2,0.0,8.0,0.45018115942028986,0.06702898550724638,0.45018115942028986
301,311,216,218,178,True,True,22,22,2,2,2,9.0,9.0,0.09090909090909091,0.09090909090909091,0.09090909090909091
301,312,216,218,198,True,True,22,22,19,971,5,0.0,6.0,44.13636363636363,0.8636363636363636,44.13636363636363
301,313,216,218,216,True,False,22,22,0,0,0,0.0,0.0,0.0,0.0,0.0
301,314,216,218,217,True,False,22,22,0,0,0,0.0,0.0,0.0,0.0,0.0
301,315,216,218,236,True,False,22,22,0,0,0,0.0,0.0,0.0,0.0,0.0
301,316,216,218,238,True,False,22,22,0,0,0,0.0,0.0,0.0,0.0,0.0
302,387,216,235,213,True,False,1104,1104,0,0,0,0.0,0.0,0.0,0.0,0.0
302,388,216,235,214,True,True,1104,1104,7,35,1,0.0,0.0,0.03170289855072464,0.006340579710144928,0.03170289855072464
302,389,216,235,215,True,True,1104,1104,566,16362,27,0.0,5.0,14.820652173913043,0.5126811594202898,14.820652173913043
302,390,216,235,216,True,True,1104,1104,286,4059,12,0.0,6.0,3.676630434782609,0.25905797101449274,3.676630434782609
302,391,216,235,233,True,True,1104,1104,193,1159,8,0.0,4.0,1.0498188405797102,0.17481884057971014,1.0498188405797102
302,392,216,235,236,True,True,1104,1104,339,9900,21,0.0,5.0,8.967391304347826,0.3070652173913043,8.967391304347826
303,393,216,236,214,True,False,747,747,0,0,0,0.0,0.0,0.0,0.0,0.0
303,394,216,236,215,True,True,747,747,201,1352,12,0.0,2.0,1.8099062918340028,0.26907630522088355,1.8099062918340028
303,395,216,236,216,True,True,747,747,76,2746,4,0.0,5.0,3.676037483266399,0.10174029451137885,3.676037483266399
303,396,216,236,217,True,True,747,747,73,653,3,0.0,1.0,0.8741633199464525,0.09772423025435073,0.8741633199464525
303,397,216,236,235,True,True,747,747,520,13054,29,0.0,2.0,17.475234270414994,0.6961178045515395,17.475234270414994
303,398,216,236,238,True,True,747,747,16,44,1,0.0,1.0,0.058902275769745646,0.0214190093708166,0.058902275769745646
304,211,217,198,178,True,True,170,170,138,3947,8,0.0,7.0,23.21764705882353,0.8117647058823529,23.21764705882353
304,212,217,198,217,True,False,170,170,0,0,0,0.0,0.0,0.0,0.0,0.0
304,213,217,198,218,True,True,170,170,17,138,2,0.0,0.0,0.8117647058823529,0.1,0.8117647058823529
305,291,217,215,213,True,True,20,20,7,12,3,5.0,6.5,0.6,0.35,0.6
305,292,217,215,214,True,True,20,20,13,604,5,0.0,4.0,30.2,0.65,30.2
305,293,217,215,216,True,False,20,20,0,0,0,0.0,0.0,0.0,0.0,0.0
305,294,217,215,217,True,False,20,20,0,0,0,0.0,0.0,0.0,0.0,0.0
305,295,217,215,233,True,True,20,20,6,21,2,3.0,5.0,1.05,0.3,1.05
305,296,217,215,235,True,True,20,20,10,85,4,0.0,1.0,4.25,0.5,4.25
305,297,217,215,236,True,False,20,20,0,0,0,0.0,0.0,0.0,0.0,0.0
306,298,217,216,214,True,True,1085,1085,294,977,6,0.0,4.0,0.9004608294930876,0.2709677419354839,0.9004608294930876
306,299,217,216,215,True,True,1085,1085,443,13135,9,0.0,3.0,12.105990783410139,0.40829493087557606,12.105990783410139
306,300,217,216,217,True,True,1085,1085,107,4741,1,0.0,4.0,4.369585253456221,0.09861751152073733,4.369585253456221
306,301,217,216,218,True,False,1085,1085,0,0,0,0.0,0.0,0.0,0.0,0.0
306,302,217,216,235,True,True,1085,1085,579,12053,17,0.0,3.0,11.108755760368664,0.5336405529953917,11.108755760368664
306,303,217,216,236,True,True,1085,1085,402,3425,14,0.0,1.0,3.1566820276497696,0.3705069124423963,3.1566820276497696
307,311,217,218,178,True,True,974,974,148,148,3,0.0,5.0,0.15195071868583163,0.15195071868583163,0.15195071868583163
307,312,217,218,198,True,True,974,974,749,24769,17,0.0,3.0,25.430184804928132,0.768993839835729,25.430184804928132
307,313,217,218,216,True,False,974,974,0,0,0,0.0,0.0,0.0,0.0,0.0
307,314,217,218,217,True,True,974,974,74,1180,2,0.0,2.0,1.211498973305955,0.07597535934291581,1.211498973305955
307,315,217,218,236,True,False,974,974,0,0,0,0.0,0.0,0.0,0.0,0.0
307,316,217,218,238,True,True,974,974,125,2866,6,0.0,4.0,2.9425051334702257,0.12833675564681724,2.9425051334702257
308,387,217,235,213,True,False,32,32,0,0,0,0.0,0.0,0.0,0.0,0.0
308,388,217,235,214,True,False,32,32,0,0,0,0.0,0.0,0.0,0.0,0.0
308,389,217,235,215,True,False,32,32,0,0,0,0.0,0.0,0.0,0.0,0.0
308,390,217,235,216,True,False,32,32,0,0,0,0.0,0.0,0.0,0.0,0.0
308,391,217,235,233,True,True,32,32,23,123,6,1.0,5.0,3.84375,0.71875,3.84375
308,392,217,235,236,True,True,32,32,6,253,1,1.0,8.0,7.90625,0.1875,7.90625
309,393,217,236,214,True,True,691,691,14,84,1,2.0,6.0,0.12156295224312591,0.020260492040520984,0.12156295224312591
309,394,217,236,215,True,True,691,691,130,768,8,0.0,6.0,1.1114327062228655,0.18813314037626627,1.1114327062228655
309,395,217,236,216,True,True,691,691,109,352,6,0.0,1.0,0.5094066570188133,0.1577424023154848,0.5094066570188133
309,396,217,236,217,True,False,691,691,0,0,0,0.0,0.0,0.0,0.0,0.0
309,397,217,236,235,True,True,691,691,685,26222,36,0.0,4.0,37.9479015918958,0.9913169319826338,37.9479015918958
309,398,217,236,238,True,False,691,691,0,0,0,0.0,0.0,0.0,0.0,0.0
310,399,217,238,217,True,False,40,40,0,0,0,0.0,0.0,0.0,0.0,0.0
310,400,217,238,218,True,True,40,40,20,514,4,0.0,3.0,12.85,0.5,12.85
310,401,217,238,236,True,False,40,40,0,0,0,0.0,0.0,0.0,0.0,0.0
311,198,218,178,158,True,True,3,3,2,60,2,2.0,8.0,20.0,0.6666666666666666,20.0
311,199,218,178,198,True,False,3,3,0,0,0,0.0,0.0,0.0,0.0,0.0
311,200,218,178,218,True,False,3,3,0,0,0,0.0,0.0,0.0,0.0,0.0
312,211,218,198,178,True,True,983,983,817,32703,18,0.0,5.0,33.26856561546287,0.8311291963377416,33.26856561546287
312,212,218,198,217,True,False,983,983,0,0,0,0.0,0.0,0.0,0.0,0.0
312,213,218,198,218,True,True,983,983,32,155,3,0.0,0.0,0.15768056968463887,0.03255340793489318,0.15768056968463887
313,298,218,216,214,True,True,36,36,13,19,2,4.0,7.0,0.5277777777777778,0.3611111111111111,0.5277777777777778
313,299,218,216,215,True,True,36,36,16,633,5,0.0,4.0,17.583333333333332,0.4444444444444444,17.583333333333332
313,300,218,216,217,True,False,36,36,0,0,0,0.0,0.0,0.0,0.0,0.0
313,301,218,216,218,True,False,36,36,0,0,0,0.0,0.0,0.0,0.0,0.0
313,302,218,216,235,True,True,36,36,32,674,11,0.0,4.0,18.72222222222222,0.8888888888888888,18.72222222222222
313,303,218,216,236,True,True,36,36,18,194,8,0.0,1.0,5.388888888888889,0.5,5.388888888888889
314,304,218,217,198,True,True,2100,2100,18,27,1,0.0,0.0,0.012857142857142857,0.008571428571428572,0.012857142857142857
314,305,218,217,215,True,True,2100,2100,334,859,7,0.0,5.0,0.40904761904761905,0.15904761904761905,0.40904761904761905
314,306,218,217,216,True,True,2100,2100,1161,32640,23,0.0,3.0,15.542857142857143,0.5528571428571428,15.542857142857143
314,307,218,217,218,True,True,2100,2100,44,587,3,0.0,0.0,0.2795238095238095,0.02095238095238095,0.2795238095238095
314,308,218,217,235,True,True,2100,2100,368,1567,7,0.0,5.0,0.7461904761904762,0.17523809523809525,0.7461904761904762
314,309,218,217,236,True,True,2100,2100,1383,22915,36,0.0,3.0,10.911904761904761,0.6585714285714286,10.911904761904761
314,310,218,217,238,True,True,2100,2100,49,289,2,0.0,1.0,0.1376190476190476,0.023333333333333334,0.1376190476190476
315,393,218,236,214,True,True,44,44,1,6,1,6.0,7.5,0.13636363636363635,0.022727272727272728,0.13636363636363635
315,394,218,236,215,True,True,44,44,6,18,4,4.0,8.0,0.4090909090909091,0.13636363636363635,0.4090909090909091
315,395,218,236,216,True,True,44,44,5,14,3,0.0,1.0,0.3181818181818182,0.11363636363636363,0.3181818181818182
315,396,218,236,217,True,False,44,44,0,0,0,0.0,0.0,0.0,0.0,0.0
315,397,218,236,235,True,True,44,44,44,2185,20,0.0,5.0,49.65909090909091,1.0,49.65909090909091
315,398,218,236,238,True,False,44,44,0,0,0,0.0,0.0,0.0,0.0,0.0
316,399,218,238,217,True,False,3208,3208,0,0,0,0.0,0.0,0.0,0.0,0.0
316,400,218,238,218,True,True,3208,3208,1720,43825,21,0.0,6.0,13.661159600997506,0.5361596009975063,13.661159600997506
316,401,218,238,236,True,True,3208,3208,212,619,9,0.0,1.0,0.19295511221945136,0.06608478802992519,0.19295511221945136
317,214,221,203,204,True,True,8,8,8,385,6,0.0,6.0,48.125,1.0,48.125
317,215,221,203,205,True,True,8,8,2,7,2,7.0,9.0,0.875,0.25,0.875
317,216,221,203,221,True,False,8,8,0,0,0,0.0,0.0,0.0,0.0,0.0
317,217,221,203,222,True,False,8,8,0,0,0,0.0,0.0,0.0,0.0,0.0
317,218,221,203,223,True,True,8,8,2,17,2,0.0,4.0,2.125,0.25,2.125
317,219,221,203,224,True,True,8,8,2,22,2,1.0,5.0,2.75,0.25,2.75
318,321,221,222,203,True,True,957,957,413,5974,12,0.0,3.0,6.242424242424242,0.4315569487983281,6.242424242424242
318,322,221,222,204,True,True,957,957,161,371,3,0.0,5.0,0.3876698014629049,0.16823406478578892,0.3876698014629049
318,323,221,222,221,True,True,957,957,9,72,1,0.0,0.5,0.07523510971786834,0.009404388714733543,0.07523510971786834
318,324,221,222,223,True,True,957,957,717,24676,15,0.0,4.0,25.784743991640543,0.7492163009404389,25.784743991640543
318,325,221,222,224,True,True,957,957,271,987,5,0.0,6.0,1.031347962382445,0.2831765935214211,1.031347962382445
318,326,221,222,241,True,True,957,957,10,90,1,0.0,0.0,0.09404388714733543,0.01044932079414838,0.09404388714733543
319,327,221,223,203,True,True,10,10,3,50,3,0.0,2.0,5.0,0.3,5.0
319,328,221,223,204,True,True,10,10,8,219,6,0.0,5.0,21.9,0.8,21.9
319,329,221,223,205,True,True,10,10,2,2,2,5.0,6.0,0.2,0.2,0.2
319,330,221,223,221,True,False,10,10,0,0,0,0.0,0.0,0.0,0.0,0.0
319,331,221,223,222,True,False,10,10,0,0,0,0.0,0.0,0.0,0.0,0.0
319,332,221,223,224,True,True,10,10,8,222,6,0.0,5.0,22.2,0.8,22.2
320,402,221,241,221,True,False,1351,1351,0,0,0,0.0,0.0,0.0,0.0,0.0
320,403,221,241,222,True,False,1351,1351,0,0,0,0.0,0.0,0.0,0.0,0.0
320,404,221,241,260,True,True,1351,1351,477,7415,11,0.0,5.0,5.488527017024427,0.3530717986676536,5.488527017024427
320,405,221,241,261,True,True,1351,1351,1128,42895,23,0.0,5.0,31.75055514433753,0.8349370836417469,31.75055514433753
320,406,221,241,281,True,True,1351,1351,216,306,4,0.0,7.0,0.22649888971132495,0.15988156920799407,0.22649888971132495
321,214,222,203,204,True,True,175,175,174,5220,11,0.0,4.0,29.82857142857143,0.9942857142857143,29.82857142857143
321,215,222,203,205,True,True,175,175,48,140,3,0.0,6.5,0.8,0.2742857142857143,0.8
321,216,222,203,221,True,False,175,175,0,0,0,0.0,0.0,0.0,0.0,0.0
321,217,222,203,222,True,False,175,175,0,0,0,0.0,0.0,0.0,0.0,0.0
321,218,222,203,223,True,True,175,175,70,641,4,0.0,1.0,3.662857142857143,0.4,3.662857142857143
321,219,222,203,224,True,True,175,175,83,1120,6,0.0,3.0,6.4,0.4742857142857143,6.4
322,220,222,204,203,True,False,7,7,0,0,0,0.0,0.0,0.0,0.0,0.0
322,221,222,204,205,True,True,7,7,6,261,2,0.0,5.0,37.285714285714285,0.8571428571428571,37.285714285714285
322,222,222,204,206,True,True,7,7,3,9,1,4.0,5.0,1.2857142857142858,0.42857142857142855,1.2857142857142858
322,223,222,204,222,True,False,7,7,0,0,0,0.0,0.0,0.0,0.0,0.0
322,224,222,204,223,True,False,7,7,0,0,0,0.0,0.0,0.0,0.0,0.0
322,225,222,204,224,True,True,7,7,4,28,2,0.0,1.0,4.0,0.5714285714285714,4.0
323,317,222,221,203,True,False,980,980,0,0,0,0.0,0.0,0.0,0.0,0.0
323,318,222,221,222,True,True,980,980,12,258,1,0.0,1.0,0.26326530612244897,0.012244897959183673,0.26326530612244897
323,319,222,221,223,True,True,980,980,12,12,1,0.0,1.5,0.012244897959183673,0.012244897959183673,0.012244897959183673
323,320,222,221,241,True,True,980,980,745,29697,18,0.0,4.0,30.303061224489795,0.7602040816326531,30.303061224489795
324,327,222,223,203,True,True,666,666,135,1345,5,0.0,2.0,2.0195195195195197,0.20270270270270271,2.0195195195195197
324,328,222,223,204,True,True,666,666,402,7557,10,0.0,3.0,11.346846846846846,0.6036036036036037,11.346846846846846
324,329,222,223,205,True,True,666,666,95,95,2,0.0,4.0,0.14264264264264265,0.14264264264264265,0.14264264264264265
324,330,222,223,221,True,False,666,666,0,0,0,0.0,0.0,0.0,0.0,0.0
324,331,222,223,222,True,False,666,666,0,0,0,0.0,0.0,0.0,0.0,0.0
324,332,222,223,224,True,True,666,666,597,17200,14,0.0,3.0,25.825825825825827,0.8963963963963963,25.825825825825827
325,333,222,224,203,True,True,19,19,7,22,2,4.0,9.0,1.1578947368421053,0.3684210526315789,1.1578947368421053
325,334,222,224,204,True,True,19,19,10,131,3,0.0,2.0,6.894736842105263,0.5263157894736842,6.894736842105263
325,335,222,224,205,True,True,19,19,6,18,1,5.0,7.0,0.9473684210526315,0.3157894736842105,0.9473684210526315
325,336,222,224,222,True,False,19,19,0,0,0,0.0,0.0,0.0,0.0,0.0
325,337,222,224,223,True,True,19,19,6,124,1,3.0,8.0,6.526315789473684,0.3157894736842105,6.526315789473684
325,338,222,224,226,True,True,19,19,3,30,1,4.0,7.0,1.5789473684210527,0.15789473684210525,1.5789473684210527
326,402,222,241,221,True,False,21,21,0,0,0,0.0,0.0,0.0,0.0,0.0
326,403,222,241,222,True,False,21,21,0,0,0,0.0,0.0,0.0,0.0,0.0
326,404,222,241,260,True,True,21,21,3,10,1,8.0,10.0,0.47619047619047616,0.14285714285714285,0.47619047619047616
326,405,222,241,261,True,True,21,21,20,628,7,0.0,7.0,29.904761904761905,0.9523809523809523,29.904761904761905
326,406,222,241,281,True,True,21,21,4,4,2,8.0,9.0,0.19047619047619047,0.19047619047619047,0.19047619047619047
327,214,223,203,204,True,True,643,643,436,5607,21,0.0,1.0,8.720062208398133,0.6780715396578538,8.720062208398133
327,215,223,203,205,True,True,643,643,12,48,1,0.0,0.0,0.07465007776049767,0.01866251944012442,0.07465007776049767
327,216,223,203,221,True,True,643,643,45,103,3,0.0,2.0,0.16018662519440124,0.06998444790046657,0.16018662519440124
327,217,223,203,222,True,True,643,643,45,354,3,0.0,1.0,0.5505443234836703,0.06998444790046657,0.5505443234836703
327,218,223,203,223,True,True,643,643,257,3536,15,0.0,2.0,5.499222395023328,0.39968895800933124,5.499222395023328
327,219,223,203,224,True,True,643,643,454,6465,18,0.0,3.0,10.05443234836703,0.7060653188180405,10.05443234836703
328,220,223,204,203,True,True,1372,1372,404,8953,19,0.0,4.0,6.525510204081633,0.2944606413994169,6.525510204081633
328,221,223,204,205,True,True,1372,1372,114,4513,4,0.0,4.0,3.2893586005830904,0.08309037900874636,3.2893586005830904
328,222,223,204,206,True,True,1372,1372,32,94,1,0.0,4.0,0.06851311953352769,0.023323615160349854,0.06851311953352769
328,223,223,204,222,True,False,1372,1372,0,0,0,0.0,0.0,0.0,0.0,0.0
328,224,223,204,223,True,True,1372,1372,764,13345,23,0.0,5.0,9.72667638483965,0.5568513119533528,9.72667638483965
328,225,223,204,224,True,True,1372,1372,905,21421,27,0.0,2.0,15.612973760932945,0.6596209912536443,15.612973760932945
329,226,223,205,203,True,False,3,3,0,0,0,0.0,0.0,0.0,0.0,0.0
329,227,223,205,204,True,True,3,3,1,40,1,0.0,2.0,13.333333333333334,0.3333333333333333,13.333333333333334
329,228,223,205,206,True,True,3,3,2,52,2,0.0,6.0,17.333333333333332,0.6666666666666666,17.333333333333332
329,229,223,205,207,True,False,3,3,0,0,0,0.0,0.0,0.0,0.0,0.0
329,230,223,205,223,True,False,3,3,0,0,0,0.0,0.0,0.0,0.0,0.0
329,231,223,205,224,True,False,3,3,0,0,0,0.0,0.0,0.0,0.0,0.0
329,232,223,205,226,True,True,3,3,1,27,1,1.0,5.0,9.0,0.3333333333333333,9.0
330,317,223,221,203,True,False,51,51,0,0,0,0.0,0.0,0.0,0.0,0.0
330,318,223,221,222,True,False,51,51,0,0,0,0.0,0.0,0.0,0.0,0.0
330,319,223,221,223,True,False,51,51,0,0,0,0.0,0.0,0.0,0.0,0.0
330,320,223,221,241,True,True,51,51,32,1395,8,0.0,6.0,27.352941176470587,0.6274509803921569,27.352941176470587
331,321,223,222,203,True,False,725,725,0,0,0,0.0,0.0,0.0,0.0,0.0
331,322,223,222,204,True,False,725,725,0,0,0,0.0,0.0,0.0,0.0,0.0
331,323,223,222,221,True,True,725,725,691,24773,17,0.0,3.0,34.16965517241379,0.953103448275862,34.16965517241379
331,324,223,222,223,True,False,725,725,0,0,0,0.0,0.0,0.0,0.0,0.0
331,325,223,222,224,True,False,725,725,0,0,0,0.0,0.0,0.0,0.0,0.0
331,326,223,222,241,True,True,725,725,176,321,4,0.0,4.0,0.44275862068965516,0.24275862068965517,0.44275862068965516
332,333,223,224,203,True,True,2604,2604,1247,16289,23,0.0,5.0,6.255376344086022,0.47887864823348697,6.255376344086022
332,334,223,224,204,True,True,2604,2604,1989,37342,29,0.0,2.0,14.340245775729647,0.7638248847926268,14.340245775729647
332,335,223,224,205,True,True,2604,2604,239,3912,6,0.0,4.0,1.5023041474654377,0.09178187403993855,1.5023041474654377
332,336,223,224,222,True,False,2604,2604,0,0,0,0.0,0.0,0.0,0.0,0.0
332,337,223,224,223,True,True,2604,2604,1077,16522,23,0.0,6.0,6.3448540706605225,0.41359447004608296,6.3448540706605225
332,338,223,224,226,True,True,2604,2604,155,634,4,0.0,4.0,0.2434715821812596,0.05952380952380952,0.2434715821812596
333,214,224,203,204,True,True,1085,1085,361,4594,17,0.0,4.0,4.234101382488479,0.3327188940092166,4.234101382488479
333,215,224,203,205,True,False,1085,1085,0,0,0,0.0,0.0,0.0,0.0,0.0
333,216,224,203,221,True,True,1085,1085,51,274,3,0.0,3.0,0.25253456221198156,0.047004608294930875,0.25253456221198156
333,217,224,203,222,True,True,1085,1085,93,1080,5,0.0,2.0,0.9953917050691244,0.08571428571428572,0.9953917050691244
333,218,224,203,223,True,True,1085,1085,849,17109,25,0.0,2.0,15.768663594470047,0.7824884792626728,15.768663594470047
333,219,224,203,224,True,True,1085,1085,550,8984,17,0.0,5.0,8.280184331797235,0.5069124423963134,8.280184331797235
334,220,224,204,203,True,True,1965,1965,1163,18643,27,0.0,2.0,9.487531806615776,0.5918575063613232,9.487531806615776
334,221,224,204,205,True,True,1965,1965,93,1813,4,0.0,2.0,0.92264631043257,0.04732824427480916,0.92264631043257
334,222,224,204,206,True,False,1965,1965,0,0,0,0.0,0.0,0.0,0.0,0.0
334,223,224,204,222,True,True,1965,1965,24,54,2,0.0,1.0,0.02748091603053435,0.012213740458015267,0.02748091603053435
334,224,224,204,223,True,True,1965,1965,1403,20481,28,0.0,3.0,10.42290076335878,0.7139949109414758,10.42290076335878
334,225,224,204,224,True,True,1965,1965,925,16915,24,0.0,4.0,8.608142493638677,0.4707379134860051,8.608142493638677
335,226,224,205,203,True,False,191,191,0,0,0,0.0,0.0,0.0,0.0,0.0
335,227,224,205,204,True,True,191,191,34,945,1,0.0,1.0,4.947643979057592,0.17801047120418848,4.947643979057592
335,228,224,205,206,True,True,191,191,157,7299,7,0.0,5.0,38.21465968586387,0.8219895287958116,38.21465968586387
335,229,224,205,207,True,True,191,191,38,86,3,0.0,8.0,0.450261780104712,0.19895287958115182,0.450261780104712
335,230,224,205,223,True,False,191,191,0,0,0,0.0,0.0,0.0,0.0,0.0
335,231,224,205,224,True,False,191,191,0,0,0,0.0,0.0,0.0,0.0,0.0
335,232,224,205,226,True,True,191,191,7,44,1,0.0,0.0,0.23036649214659685,0.03664921465968586,0.23036649214659685
336,321,224,222,203,True,False,42,42,0,0,0,0.0,0.0,0.0,0.0,0.0
336,322,224,222,204,True,False,42,42,0,0,0,0.0,0.0,0.0,0.0,0.0
336,323,224,222,221,True,True,42,42,42,1969,10,0.0,4.0,46.88095238095238,1.0,46.88095238095238
336,324,224,222,223,True,False,42,42,0,0,0,0.0,0.0,0.0,0.0,0.0
336,325,224,222,224,True,False,42,42,0,0,0,0.0,0.0,0.0,0.0,0.0
336,326,224,222,241,True,True,42,42,6,12,2,5.0,7.0,0.2857142857142857,0.14285714285714285,0.2857142857142857
337,327,224,223,203,True,True,2188,2188,975,12148,21,0.0,2.0,5.552102376599635,0.44561243144424134,5.552102376599635
337,328,224,223,204,True,True,2188,2188,1043,17472,22,0.0,3.0,7.985374771480805,0.476691042047532,7.985374771480805
337,329,224,223,205,True,False,2188,2188,0,0,0,0.0,0.0,0.0,0.0,0.0
337,330,224,223,221,True,True,2188,2188,407,1595,10,0.0,4.0,0.7289762340036563,0.1860146252285192,0.7289762340036563
337,331,224,223,222,True,True,2188,2188,618,19973,16,0.0,3.0,9.128427787934186,0.28244972577696525,9.128427787934186
337,332,224,223,224,True,True,2188,2188,924,18538,23,0.0,3.0,8.472577696526509,0.42230347349177333,8.472577696526509
338,339,224,226,205,True,False,15,15,0,0,0,0.0,0.0,0.0,0.0,0.0
338,340,224,226,206,True,True,15,15,15,576,4,0.0,6.0,38.4,1.0,38.4
338,341,224,226,207,True,True,15,15,14,81,3,0.0,9.0,5.4,0.9333333333333333,5.4
338,342,224,226,224,True,False,15,15,0,0,0,0.0,0.0,0.0,0.0,0.0
338,343,224,226,227,True,False,15,15,0,0,0,0.0,0.0,0.0,0.0,0.0
339,226,226,205,203,True,True,110,110,57,254,2,0.0,3.5,2.309090909090909,0.5181818181818182,2.309090909090909
339,227,226,205,204,True,True,110,110,58,1927,3,0.0,2.0,17.51818181818182,0.5272727272727272,17.51818181818182
339,228,226,205,206,True,True,110,110,22,1112,2,0.0,5.0,10.10909090909091,0.2,10.10909090909091
339,229,226,205,207,True,False,110,110,0,0,0,0.0,0.0,0.0,0.0,0.0
339,230,226,205,223,True,False,110,110,0,0,0,0.0,0.0,0.0,0.0,0.0
339,231,226,205,224,True,True,110,110,31,296,6,0.0,1.0,2.690909090909091,0.2818181818181818,2.690909090909091
339,232,226,205,226,True,False,110,110,0,0,0,0.0,0.0,0.0,0.0,0.0
340,233,226,206,186,True,True,1938,1938,310,10631,7,0.0,6.0,5.485552115583076,0.15995872033023736,5.485552115583076
340,234,226,206,187,True,True,1938,1938,159,4239,4,0.0,5.0,2.1873065015479876,0.08204334365325078,2.1873065015479876
340,235,226,206,204,True,True,1938,1938,10,30,1,0.0,0.0,0.015479876160990712,0.005159958720330237,0.015479876160990712
340,236,226,206,205,True,True,1938,1938,85,1419,4,0.0,1.0,0.7321981424148607,0.043859649122807015,0.7321981424148607
340,237,226,206,207,True,True,1938,1938,846,12643,21,0.0,1.0,6.523735810113519,0.43653250773993807,6.523735810113519
340,238,226,206,208,True,False,1938,1938,0,0,0,0.0,0.0,0.0,0.0,0.0
340,239,226,206,224,True,True,1938,1938,8,40,1,0.0,1.0,0.02063983488132095,0.0041279669762641896,0.02063983488132095
340,240,226,206,226,True,True,1938,1938,703,18535,23,0.0,4.0,9.563983488132095,0.3627450980392157,9.563983488132095
340,241,226,206,227,True,True,1938,1938,1046,14247,25,0.0,4.0,7.351393188854489,0.5397316821465429,7.351393188854489
341,242,226,207,186,True,True,935,935,20,605,1,0.0,2.0,0.6470588235294118,0.0213903743315508,0.6470588235294118
341,243,226,207,187,True,True,935,935,21,95,2,0.0,1.0,0.10160427807486631,0.022459893048128343,0.10160427807486631
341,244,226,207,205,True,False,935,935,0,0,0,0.0,0.0,0.0,0.0,0.0
341,245,226,207,206,True,True,935,935,304,3705,19,0.0,1.0,3.962566844919786,0.3251336898395722,3.962566844919786
341,246,226,207,208,True,True,935,935,36,1854,1,0.0,5.0,1.9828877005347594,0.038502673796791446,1.9828877005347594
341,247,226,207,209,True,False,935,935,0,0,0,0.0,0.0,0.0,0.0,0.0
341,248,226,207,226,True,True,935,935,644,10452,27,0.0,5.0,11.178609625668448,0.6887700534759358,11.178609625668448
341,249,226,207,227,True,True,935,935,631,13037,27,0.0,3.0,13.94331550802139,0.6748663101604279,13.94331550802139
342,333,226,224,203,True,True,36,36,9,161,4,0.0,5.0,4.472222222222222,0.25,4.472222222222222
342,334,226,224,204,True,True,36,36,8,76,3,0.0,1.0,2.111111111111111,0.2222222222222222,2.111111111111111
342,335,226,224,205,True,False,36,36,0,0,0,0.0,0.0,0.0,0.0,0.0
342,336,226,224,222,True,True,36,36,18,79,5,1.0,4.0,2.1944444444444446,0.5,2.1944444444444446
342,337,226,224,223,True,True,36,36,35,1334,12,0.0,4.0,37.05555555555556,0.9722222222222222,37.05555555555556
342,338,226,224,226,True,False,36,36,0,0,0,0.0,0.0,0.0,0.0,0.0
343,344,226,227,205,True,False,2314,2314,0,0,0,0.0,0.0,0.0,0.0,0.0
343,345,226,227,206,True,True,2314,2314,1248,18284,26,0.0,3.0,7.901469317199655,0.5393258426966292,7.901469317199655
343,346,226,227,207,True,True,2314,2314,1473,23827,28,0.0,2.0,10.296888504753673,0.6365600691443388,10.296888504753673
343,347,226,227,208,True,True,2314,2314,55,1085,1,0.0,5.0,0.46888504753673294,0.02376836646499568,0.46888504753673294
343,348,226,227,226,True,True,2314,2314,1305,23636,28,0.0,5.0,10.214347450302506,0.5639585133967157,10.214347450302506
344,226,227,205,203,True,False,8,8,0,0,0,0.0,0.0,0.0,0.0,0.0
344,227,227,205,204,True,False,8,8,0,0,0,0.0,0.0,0.0,0.0,0.0
344,228,227,205,206,True,False,8,8,0,0,0,0.0,0.0,0.0,0.0,0.0
344,229,227,205,207,True,False,8,8,0,0,0,0.0,0.0,0.0,0.0,0.0
344,230,227,205,223,True,False,8,8,0,0,0,0.0,0.0,0.0,0.0,0.0
344,231,227,205,224,True,True,8,8,8,67,2,0.0,1.0,8.375,1.0,8.375
344,232,227,205,226,True,False,8,8,0,0,0,0.0,0.0,0.0,0.0,0.0
345,233,227,206,186,True,True,1166,1166,77,3401,4,0.0,4.0,2.916809605488851,0.0660377358490566,2.916809605488851
345,234,227,206,187,True,False,1166,1166,0,0,0,0.0,0.0,0.0,0.0,0.0
345,235,227,206,204,True,True,1166,1166,11,33,1,3.0,6.0,0.02830188679245283,0.009433962264150943,0.02830188679245283
345,236,227,206,205,True,True,1166,1166,28,563,2,0.0,4.0,0.48284734133790735,0.024013722126929673,0.48284734133790735
345,237,227,206,207,True,True,1166,1166,262,3215,17,0.0,3.0,2.757289879931389,0.22469982847341338,2.757289879931389
345,238,227,206,208,True,False,1166,1166,0,0,0,0.0,0.0,0.0,0.0,0.0
345,239,227,206,224,True,True,1166,1166,17,89,1,0.0,1.0,0.07632933104631218,0.014579759862778732,0.07632933104631218
345,240,227,206,226,True,True,1166,1166,943,21992,28,0.0,3.0,18.86106346483705,0.8087478559176673,18.86106346483705
345,241,227,206,227,True,True,1166,1166,572,8591,24,0.0,5.0,7.367924528301887,0.49056603773584906,7.367924528301887
346,242,227,207,186,True,True,1789,1789,194,2947,5,0.0,5.0,1.6472889882615986,0.10844046953605366,1.6472889882615986
346,243,227,207,187,True,True,1789,1789,206,9023,6,0.0,5.0,5.043599776411403,0.11514812744550028,5.043599776411403
346,244,227,207,205,True,True,1789,1789,8,12,1,0.0,0.0,0.006707657909446618,0.004471771939631079,0.006707657909446618
346,245,227,207,206,True,True,1789,1789,952,15397,31,0.0,1.0,8.606484069312465,0.5321408608160983,8.606484069312465
346,246,227,207,208,True,True,1789,1789,89,2464,4,0.0,2.0,1.3773057574063723,0.049748462828395755,1.3773057574063723
346,247,227,207,209,True,True,1789,1789,39,39,1,0.0,2.0,0.021799888205701508,0.021799888205701508,0.021799888205701508
346,248,227,207,226,True,True,1789,1789,991,14158,26,0.0,2.0,7.9139183901621015,0.5539407490217999,7.9139183901621015
346,249,227,207,227,True,True,1789,1789,627,6470,23,0.0,2.0,3.616545556176635,0.3504751257685858,3.616545556176635
347,250,227,208,187,True,False,108,108,0,0,0,0.0,0.0,0.0,0.0,0.0
347,251,227,208,207,True,False,108,108,0,0,0,0.0,0.0,0.0,0.0,0.0
347,252,227,208,209,True,True,108,108,108,3390,5,0.0,5.0,31.38888888888889,1.0,31.38888888888889
347,253,227,208,210,True,True,108,108,52,100,3,1.0,7.0,0.9259259259259259,0.48148148148148145,0.9259259259259259
347,254,227,208,226,True,False,108,108,0,0,0,0.0,0.0,0.0,0.0,0.0
347,255,227,208,227,True,False,108,108,0,0,0,0.0,0.0,0.0,0.0,0.0
347,256,227,208,229,True,True,108,108,35,166,1,0.0,3.0,1.537037037037037,0.32407407407407407,1.537037037037037
348,339,227,226,205,True,True,2383,2383,59,517,3,0.0,2.0,0.21695342005874949,0.024758707511540076,0.21695342005874949
348,340,227,226,206,True,True,2383,2383,1284,25202,29,0.0,2.0,10.575744859420897,0.5388166177087704,10.575744859420897
348,341,227,226,207,True,True,2383,2383,1048,15051,22,0.0,4.0,6.31598825010491,0.43978178766261017,6.31598825010491
348,342,227,226,224,True,True,2383,2383,269,678,7,0.0,4.0,0.28451531682752834,0.11288292068820814,0.28451531682752834
348,343,227,226,227,True,True,2383,2383,1081,24715,19,0.0,4.0,10.371380612673102,0.453629878304658,10.371380612673102
349,242,229,207,186,True,False,9,9,0,0,0,0.0,0.0,0.0,0.0,0.0
349,243,229,207,187,True,False,9,9,0,0,0,0.0,0.0,0.0,0.0,0.0
349,244,229,207,205,True,False,9,9,0,0,0,0.0,0.0,0.0,0.0,0.0
349,245,229,207,206,True,True,9,9,2,47,2,0.0,2.0,5.222222222222222,0.2222222222222222,5.222222222222222
349,246,229,207,208,True,False,9,9,0,0,0,0.0,0.0,0.0,0.0,0.0
349,247,229,207,209,True,False,9,9,0,0,0,0.0,0.0,0.0,0.0,0.0
349,248,229,207,226,True,True,9,9,8,89,3,0.0,1.0,9.88888888888889,0.8888888888888888,9.88888888888889
349,249,229,207,227,True,True,9,9,7,86,2,0.0,1.0,9.555555555555555,0.7777777777777778,9.555555555555555
350,250,229,208,187,True,True,66,66,1,3,1,3.0,4.0,0.045454545454545456,0.015151515151515152,0.045454545454545456
350,251,229,208,207,True,True,66,66,66,1506,6,0.0,2.0,22.818181818181817,1.0,22.818181818181817
350,252,229,208,209,True,False,66,66,0,0,0,0.0,0.0,0.0,0.0,0.0
350,253,229,208,210,True,False,66,66,0,0,0,0.0,0.0,0.0,0.0,0.0
350,254,229,208,226,True,True,66,66,27,39,2,0.0,6.0,0.5909090909090909,0.4090909090909091,0.5909090909090909
350,255,229,208,227,True,True,66,66,44,489,3,0.0,2.0,7.409090909090909,0.6666666666666666,7.409090909090909
350,256,229,208,229,True,False,66,66,0,0,0,0.0,0.0,0.0,0.0,0.0
351,257,229,209,207,True,True,1862,1862,31,58,3,0.0,1.0,0.031149301825993556,0.01664876476906552,0.031149301825993556
351,258,229,209,208,True,True,1862,1862,31,804,3,0.0,2.0,0.4317937701396348,0.01664876476906552,0.4317937701396348
351,259,229,209,210,True,True,1862,1862,736,9434,26,0.0,1.0,5.0665950590762625,0.3952738990332975,5.0665950590762625
351,260,229,209,227,True,True,1862,1862,9,24,1,0.0,1.0,0.01288936627282492,0.004833512352309345,0.01288936627282492
351,261,229,209,229,True,True,1862,1862,1333,33075,31,0.0,4.0,17.763157894736842,0.7158968850698174,17.763157894736842
351,262,229,209,230,True,True,1862,1862,1195,14241,28,0.0,3.0,7.648227712137486,0.6417830290010741,7.648227712137486
351,263,229,209,231,True,True,1862,1862,30,55,1,0.0,2.0,0.02953813104189044,0.01611170784103115,0.02953813104189044
352,264,229,210,208,True,False,1418,1418,0,0,0,0.0,0.0,0.0,0.0,0.0
352,265,229,210,209,True,True,1418,1418,566,11288,22,0.0,2.0,7.9605077574047955,0.3991537376586742,7.9605077574047955
352,266,229,210,212,True,True,1418,1418,10,30,1,3.0,6.0,0.021156558533145273,0.007052186177715092,0.021156558533145273
352,267,229,210,229,True,True,1418,1418,935,11735,27,0.0,3.0,8.27574047954866,0.659379407616361,8.27574047954866
352,268,229,210,230,True,True,1418,1418,617,11058,21,0.0,2.0,7.7983074753173485,0.43511988716502115,7.7983074753173485
352,269,229,210,231,True,True,1418,1418,31,651,2,0.0,3.0,0.4590973201692525,0.021861777150916785,0.4590973201692525
352,270,229,210,232,True,False,1418,1418,0,0,0,0.0,0.0,0.0,0.0,0.0
353,344,229,227,205,True,True,48,48,11,62,2,0.0,3.0,1.2916666666666667,0.22916666666666666,1.2916666666666667
353,345,229,227,206,True,True,48,48,28,294,8,0.0,4.0,6.125,0.5833333333333334,6.125
353,346,229,227,207,True,True,48,48,29,645,9,0.0,2.0,13.4375,0.6041666666666666,13.4375
353,347,229,227,208,True,False,48,48,0,0,0,0.0,0.0,0.0,0.0,0.0
353,348,229,227,226,True,True,48,48,28,730,8,0.0,3.0,15.208333333333334,0.5833333333333334,15.208333333333334
354,356,229,230,208,True,False,3135,3135,0,0,0,0.0,0.0,0.0,0.0,0.0
354,357,229,230,209,True,True,3135,3135,1950,25695,31,0.0,3.0,8.196172248803828,0.6220095693779905,8.196172248803828
354,358,229,230,210,True,True,3135,3135,2046,35174,32,0.0,2.0,11.219776714513557,0.6526315789473685,11.219776714513557
354,359,229,230,229,True,True,3135,3135,1725,28978,29,0.0,4.0,9.243381180223286,0.5502392344497608,9.243381180223286
354,360,229,230,231,True,True,3135,3135,152,6408,4,0.0,4.0,2.044019138755981,0.048484848484848485,2.044019138755981
354,361,229,230,232,True,True,3135,3135,53,157,1,0.0,5.0,0.05007974481658692,0.01690590111642743,0.05007974481658692
355,362,229,231,209,True,False,6,6,0,0,0,0.0,0.0,0.0,0.0,0.0
355,363,229,231,210,True,False,6,6,0,0,0,0.0,0.0,0.0,0.0,0.0
355,364,229,231,212,True,True,6,6,3,27,1,1.0,6.0,4.5,0.5,4.5
355,365,229,231,229,True,False,6,6,0,0,0,0.0,0.0,0.0,0.0,0.0
355,366,229,231,230,True,False,6,6,0,0,0,0.0,0.0,0.0,0.0,0.0
355,367,229,231,232,True,True,6,6,6,294,3,0.0,6.0,49.0,1.0,49.0
355,368,229,231,233,True,True,6,6,3,5,2,6.0,7.0,0.8333333333333334,0.5,0.8333333333333334
355,369,229,231,252,True,False,6,6,0,0,0,0.0,0.0,0.0,0.0,0.0
356,250,230,208,187,True,False,3,3,0,0,0,0.0,0.0,0.0,0.0,0.0
356,251,230,208,207,True,True,3,3,3,24,2,0.0,2.5,8.0,1.0,8.0
356,252,230,208,209,True,False,3,3,0,0,0,0.0,0.0,0.0,0.0,0.0
356,253,230,208,210,True,False,3,3,0,0,0,0.0,0.0,0.0,0.0,0.0
356,254,230,208,226,True,True,3,3,2,4,1,6.0,6.0,1.3333333333333333,0.6666666666666666,1.3333333333333333
356,255,230,208,227,True,True,3,3,3,45,2,0.0,4.0,15.0,1.0,15.0
356,256,230,208,229,True,False,3,3,0,0,0,0.0,0.0,0.0,0.0,0.0
357,257,230,209,207,True,True,1507,1507,138,348,4,0.0,5.0,0.2309223623092236,0.0915726609157266,0.2309223623092236
357,258,230,209,208,True,True,1507,1507,174,6837,6,0.0,4.0,4.536828135368282,0.1154611811546118,4.536828135368282
357,259,230,209,210,True,True,1507,1507,123,710,14,0.0,2.0,0.47113470471134705,0.08161911081619111,0.47113470471134705
357,260,230,209,227,True,True,1507,1507,24,73,2,0.0,6.0,0.04844061048440611,0.015925680159256803,0.04844061048440611
357,261,230,209,229,True,True,1507,1507,1207,30658,34,0.0,3.0,20.343729263437293,0.80092899800929,20.343729263437293
357,262,230,209,230,True,True,1507,1507,544,5323,29,0.0,4.0,3.5321831453218313,0.3609820836098208,3.5321831453218313
357,263,230,209,231,True,False,1507,1507,0,0,0,0.0,0.0,0.0,0.0,0.0
358,264,230,210,208,True,True,1602,1602,30,100,3,0.0,1.0,0.062421972534332085,0.018726591760299626,0.062421972534332085
358,265,230,210,209,True,True,1602,1602,1010,15662,30,0.0,2.0,9.77652933832709,0.630461922596754,9.77652933832709
358,266,230,210,212,True,True,1602,1602,20,100,1,0.0,1.0,0.062421972534332085,0.012484394506866416,0.062421972534332085
358,267,230,210,229,True,True,1602,1602,1082,15173,32,0.0,3.0,9.471285892634207,0.6754057428214731,9.471285892634207
358,268,230,210,230,True,True,1602,1602,437,8665,15,0.0,3.0,5.408863920099876,0.2727840199750312,5.408863920099876
358,269,230,210,231,True,True,1602,1602,21,21,1,3.0,7.0,0.013108614232209739,0.013108614232209739,0.013108614232209739
358,270,230,210,232,True,False,1602,1602,0,0,0,0.0,0.0,0.0,0.0,0.0
359,349,230,229,207,True,True,3372,3372,119,366,3,0.0,4.0,0.10854092526690391,0.03529062870699881,0.10854092526690391
359,350,230,229,208,True,True,3372,3372,96,786,4,0.0,1.0,0.23309608540925267,0.028469750889679714,0.23309608540925267
359,351,230,229,209,True,True,3372,3372,1633,33533,34,0.0,2.0,9.944543297746145,0.484282325029656,9.944543297746145
359,352,230,229,210,True,True,3372,3372,1474,21830,28,0.0,5.0,6.473902728351127,0.43712930011862394,6.473902728351127
359,353,230,229,227,True,True,3372,3372,479,1609,10,0.0,5.0,0.47716488730723605,0.14205219454329773,0.47716488730723605
359,354,230,229,230,True,True,3372,3372,1635,35540,31,0.0,4.0,10.539739027283511,0.48487544483985767,10.539739027283511
359,355,230,229,231,True,False,3372,3372,0,0,0,0.0,0.0,0.0,0.0,0.0
360,362,230,231,209,True,False,372,372,0,0,0,0.0,0.0,0.0,0.0,0.0
360,363,230,231,210,True,False,372,372,0,0,0,0.0,0.0,0.0,0.0,0.0
360,364,230,231,212,True,True,372,372,75,791,3,0.0,4.0,2.1263440860215055,0.20161290322580644,2.1263440860215055
360,365,230,231,229,True,False,372,372,0,0,0,0.0,0.0,0.0,0.0,0.0
360,366,230,231,230,True,False,372,372,0,0,0,0.0,0.0,0.0,0.0,0.0
360,367,230,231,232,True,True,372,372,372,15141,11,0.0,4.0,40.70161290322581,1.0,40.70161290322581
360,368,230,231,233,True,True,372,372,145,282,5,0.0,5.0,0.7580645161290323,0.3897849462365591,0.7580645161290323
360,369,230,231,252,True,False,372,372,0,0,0,0.0,0.0,0.0,0.0,0.0
361,370,230,232,210,True,False,21,21,0,0,0,0.0,0.0,0.0,0.0,0.0
361,371,230,232,212,True,True,21,21,1,34,1,0.0,2.0,1.619047619047619,0.047619047619047616,1.619047619047619
361,372,230,232,213,True,True,21,21,9,251,1,0.0,5.0,11.952380952380953,0.42857142857142855,11.952380952380953
361,373,230,232,214,True,False,21,21,0,0,0,0.0,0.0,0.0,0.0,0.0
361,374,230,232,230,True,False,21,21,0,0,0,0.0,0.0,0.0,0.0,0.0
361,375,230,232,231,True,False,21,21,0,0,0,0.0,0.0,0.0,0.0,0.0
361,376,230,232,233,True,True,21,21,20,785,4,0.0,5.0,37.38095238095238,0.9523809523809523,37.38095238095238
361,377,230,232,252,True,False,21,21,0,0,0,0.0,0.0,0.0,0.0,0.0
362,257,231,209,207,True,True,4,4,4,19,2,4.0,6.0,4.75,1.0,4.75
362,258,231,209,208,True,True,4,4,4,108,2,0.0,5.0,27.0,1.0,27.0
362,259,231,209,210,True,False,4,4,0,0,0,0.0,0.0,0.0,0.0,0.0
362,260,231,209,227,True,True,4,4,3,9,1,5.0,6.0,2.25,0.75,2.25
362,261,231,209,229,True,True,4,4,4,23,2,0.0,1.0,5.75,1.0,5.75
362,262,231,209,230,True,False,4,4,0,0,0,0.0,0.0,0.0,0.0,0.0
362,263,231,209,231,True,False,4,4,0,0,0,0.0,0.0,0.0,0.0,0.0
363,264,231,210,208,True,True,203,203,61,308,3,0.0,5.0,1.5172413793103448,0.30049261083743845,1.5172413793103448
363,265,231,210,209,True,True,203,203,170,5960,7,0.0,4.0,29.35960591133005,0.8374384236453202,29.35960591133005
363,266,231,210,212,True,False,203,203,0,0,0,0.0,0.0,0.0,0.0,0.0
363,267,231,210,229,True,True,203,203,143,1552,7,0.0,5.0,7.645320197044335,0.7044334975369458,7.645320197044335
363,268,231,210,230,True,True,203,203,57,312,4,0.0,0.0,1.5369458128078817,0.28078817733990147,1.5369458128078817
363,269,231,210,231,True,False,203,203,0,0,0,0.0,0.0,0.0,0.0,0.0
363,270,231,210,232,True,False,203,203,0,0,0,0.0,0.0,0.0,0.0,0.0
364,271,231,212,210,True,False,77,77,0,0,0,0.0,0.0,0.0,0.0,0.0
364,272,231,212,213,True,True,77,77,14,300,2,0.0,3.0,3.896103896103896,0.18181818181818182,3.896103896103896
364,273,231,212,214,True,False,77,77,0,0,0,0.0,0.0,0.0,0.0,0.0
364,274,231,212,230,True,False,77,77,0,0,0,0.0,0.0,0.0,0.0,0.0
364,275,231,212,231,True,False,77,77,0,0,0,0.0,0.0,0.0,0.0,0.0
364,276,231,212,232,True,True,77,77,74,1824,4,0.0,5.0,23.68831168831169,0.961038961038961,23.68831168831169
364,277,231,212,233,True,True,77,77,68,978,4,0.0,6.0,12.7012987012987,0.8831168831168831,12.7012987012987
365,349,231,229,207,True,True,90,90,3,3,1,6.0,7.0,0.03333333333333333,0.03333333333333333,0.03333333333333333
365,350,231,229,208,True,False,90,90,0,0,0,0.0,0.0,0.0,0.0,0.0
365,351,231,229,209,True,True,90,90,20,559,6,0.0,4.0,6.211111111111111,0.2222222222222222,6.211111111111111
365,352,231,229,210,True,True,90,90,36,483,9,1.0,8.0,5.366666666666666,0.4,5.366666666666666
365,353,231,229,227,True,True,90,90,31,92,9,1.0,6.0,1.0222222222222221,0.34444444444444444,1.0222222222222221
365,354,231,229,230,True,True,90,90,32,509,8,0.0,8.0,5.655555555555556,0.35555555555555557,5.655555555555556
365,355,231,229,231,True,False,90,90,0,0,0,0.0,0.0,0.0,0.0,0.0
366,356,231,230,208,True,True,1502,1502,69,84,2,0.0,6.0,0.0559254327563249,0.045938748335552594,0.0559254327563249
366,357,231,230,209,True,True,1502,1502,483,6852,12,0.0,4.0,4.561917443408788,0.3215712383488682,4.561917443408788
366,358,231,230,210,True,True,1502,1502,182,1572,7,0.0,2.0,1.0466045272969373,0.12117177097203728,1.0466045272969373
366,359,231,230,229,True,True,1502,1502,1457,47515,34,0.0,3.0,31.634487350199734,0.9700399467376831,31.634487350199734
366,360,231,230,231,True,False,1502,1502,0,0,0,0.0,0.0,0.0,0.0,0.0
366,361,231,230,232,True,False,1502,1502,0,0,0,0.0,0.0,0.0,0.0,0.0
367,370,231,232,210,True,False,825,825,0,0,0,0.0,0.0,0.0,0.0,0.0
367,371,231,232,212,True,True,825,825,98,1495,5,0.0,2.0,1.812121212121212,0.11878787878787879,1.812121212121212
367,372,231,232,213,True,True,825,825,166,1744,4,0.0,5.0,2.113939393939394,0.2012121212121212,2.113939393939394
367,373,231,232,214,True,False,825,825,0,0,0,0.0,0.0,0.0,0.0,0.0
367,374,231,232,230,True,False,825,825,0,0,0,0.0,0.0,0.0,0.0,0.0
367,375,231,232,231,True,True,825,825,37,862,3,0.0,1.0,1.044848484848485,0.044848484848484846,1.044848484848485
367,376,231,232,233,True,True,825,825,419,14398,10,0.0,4.0,17.452121212121213,0.5078787878787879,17.452121212121213
367,377,231,232,252,True,True,825,825,322,11887,9,0.0,4.0,14.408484848484848,0.3903030303030303,14.408484848484848
368,378,231,233,212,True,True,9,9,2,11,2,2.0,6.0,1.2222222222222223,0.2222222222222222,1.2222222222222223
368,379,231,233,213,True,True,9,9,9,259,5,0.0,4.0,28.77777777777778,1.0,28.77777777777778
368,380,231,233,214,True,True,9,9,4,73,2,4.0,8.0,8.11111111111111,0.4444444444444444,8.11111111111111
368,381,231,233,215,True,False,9,9,0,0,0,0.0,0.0,0.0,0.0,0.0
368,382,231,233,231,True,False,9,9,0,0,0,0.0,0.0,0.0,0.0,0.0
368,383,231,233,232,True,False,9,9,0,0,0,0.0,0.0,0.0,0.0,0.0
368,384,231,233,235,True,False,9,9,0,0,0,0.0,0.0,0.0,0.0,0.0
368,385,231,233,252,True,False,9,9,0,0,0,0.0,0.0,0.0,0.0,0.0
368,386,231,233,273,True,False,9,9,0,0,0,0.0,0.0,0.0,0.0,0.0
369,407,231,252,231,True,True,55,55,8,80,1,0.0,1.0,1.4545454545454546,0.14545454545454545,1.4545454545454546
369,408,231,252,232,True,True,55,55,8,100,1,0.0,1.0,1.8181818181818181,0.14545454545454545,1.8181818181818181
369,409,231,252,233,True,False,55,55,0,0,0,0.0,0.0,0.0,0.0,0.0
369,410,231,252,272,True,True,55,55,37,803,4,1.0,8.0,14.6,0.6727272727272727,14.6
369,411,231,252,273,True,True,55,55,5,113,1,0.0,8.0,2.0545454545454547,0.09090909090909091,2.0545454545454547
369,412,231,252,292,True,False,55,55,0,0,0,0.0,0.0,0.0,0.0,0.0
370,264,232,210,208,True,False,4,4,0,0,0,0.0,0.0,0.0,0.0,0.0
370,265,232,210,209,True,True,4,4,3,130,1,0.0,5.0,32.5,0.75,32.5
370,266,232,210,212,True,False,4,4,0,0,0,0.0,0.0,0.0,0.0,0.0
370,267,232,210,229,True,True,4,4,4,34,2,0.0,6.0,8.5,1.0,8.5
370,268,232,210,230,True,True,4,4,1,12,1,0.0,0.5,3.0,0.25,3.0
370,269,232,210,231,True,False,4,4,0,0,0,0.0,0.0,0.0,0.0,0.0
370,270,232,210,232,True,False,4,4,0,0,0,0.0,0.0,0.0,0.0,0.0
371,271,232,212,210,True,False,3225,3225,0,0,0,0.0,0.0,0.0,0.0,0.0
371,272,232,212,213,True,True,3225,3225,991,14786,24,0.0,2.0,4.584806201550387,0.30728682170542637,4.584806201550387
371,273,232,212,214,True,False,3225,3225,0,0,0,0.0,0.0,0.0,0.0,0.0
371,274,232,212,230,True,True,3225,3225,35,125,2,0.0,1.0,0.03875968992248062,0.010852713178294573,0.03875968992248062
371,275,232,212,231,True,True,3225,3225,54,331,3,0.0,0.0,0.10263565891472869,0.01674418604651163,0.10263565891472869
371,276,232,212,232,True,True,3225,3225,2365,56941,42,0.0,4.0,17.656124031007753,0.7333333333333333,17.656124031007753
371,277,232,212,233,True,True,3225,3225,1791,23038,38,0.0,4.0,7.143565891472869,0.5553488372093023,7.143565891472869
372,278,232,213,212,True,True,1660,1660,1196,25001,33,0.0,2.0,15.060843373493976,0.7204819277108434,15.060843373493976
372,279,232,213,214,True,True,1660,1660,70,2336,2,0.0,4.0,1.4072289156626505,0.04216867469879518,1.4072289156626505
372,280,232,213,215,True,True,1660,1660,70,625,2,0.0,3.0,0.37650602409638556,0.04216867469879518,0.37650602409638556
372,281,232,213,231,True,True,1660,1660,10,10,1,2.0,4.0,0.006024096385542169,0.006024096385542169,0.006024096385542169
372,282,232,213,232,True,True,1660,1660,1205,16645,36,0.0,3.0,10.02710843373494,0.7259036144578314,10.02710843373494
372,283,232,213,233,True,True,1660,1660,551,7488,25,0.0,2.0,4.510843373493976,0.33192771084337347,4.510843373493976
373,284,232,214,212,True,False,9,9,0,0,0,0.0,0.0,0.0,0.0,0.0
373,285,232,214,213,True,False,9,9,0,0,0,0.0,0.0,0.0,0.0,0.0
373,286,232,214,215,True,True,9,9,9,413,2,0.0,3.0,45.888888888888886,1.0,45.888888888888886
373,287,232,214,216,True,False,9,9,0,0,0,0.0,0.0,0.0,0.0,0.0
373,288,232,214,233,True,False,9,9,0,0,0,0.0,0.0,0.0,0.0,0.0
373,289,232,214,235,True,False,9,9,0,0,0,0.0,0.0,0.0,0.0,0.0
373,290,232,214,236,True,False,9,9,0,0,0,0.0,0.0,0.0,0.0,0.0
374,356,232,230,208,True,True,104,104,1,1,1,6.0,6.0,0.009615384615384616,0.009615384615384616,0.009615384615384616
374,357,232,230,209,True,True,104,104,35,450,8,0.0,4.0,4.326923076923077,0.33653846153846156,4.326923076923077
374,358,232,230,210,True,True,104,104,13,165,4,0.0,5.0,1.5865384615384615,0.125,1.5865384615384615
374,359,232,230,229,True,True,104,104,101,4360,22,0.0,4.0,41.92307692307692,0.9711538461538461,41.92307692307692
374,360,232,230,231,True,False,104,104,0,0,0,0.0,0.0,0.0,0.0,0.0
374,361,232,230,232,True,False,104,104,0,0,0,0.0,0.0,0.0,0.0,0.0
375,362,232,231,209,True,True,1598,1598,77,127,2,0.0,4.0,0.07947434292866083,0.04818523153942428,0.07947434292866083
375,363,232,231,210,True,True,1598,1598,300,4955,8,0.0,3.0,3.100750938673342,0.18773466833541927,3.100750938673342
375,364,232,231,212,True,False,1598,1598,0,0,0,0.0,0.0,0.0,0.0,0.0
375,365,232,231,229,True,True,1598,1598,930,3777,20,0.0,4.0,2.3635794743429286,0.5819774718397998,2.3635794743429286
375,366,232,231,230,True,True,1598,1598,1397,44031,33,0.0,3.0,27.553817271589487,0.8742177722152691,27.553817271589487
375,367,232,231,232,True,True,1598,1598,44,540,3,0.0,1.0,0.3379224030037547,0.02753441802252816,0.3379224030037547
375,368,232,231,233,True,False,1598,1598,0,0,0,0.0,0.0,0.0,0.0,0.0
375,369,232,231,252,True,True,1598,1598,40,311,2,0.0,8.0,0.19461827284105132,0.025031289111389236,0.19461827284105132
376,378,232,233,212,True,True,3684,3684,2037,28277,39,0.0,2.0,7.675624321389794,0.5529315960912052,7.675624321389794
376,379,232,233,213,True,True,3684,3684,1878,30474,40,0.0,1.0,8.27198697068404,0.509771986970684,8.27198697068404
376,380,232,233,214,True,True,3684,3684,375,7400,10,0.0,5.0,2.008686210640608,0.10179153094462541,2.008686210640608
376,381,232,233,215,True,True,3684,3684,174,339,4,0.0,4.0,0.09201954397394137,0.04723127035830619,0.09201954397394137
376,382,232,233,231,True,False,3684,3684,0,0,0,0.0,0.0,0.0,0.0,0.0
376,383,232,233,232,True,True,3684,3684,1417,21761,34,0.0,3.0,5.9068946796959825,0.38463626492942454,5.9068946796959825
376,384,232,233,235,True,True,3684,3684,281,894,6,0.0,5.0,0.24267100977198697,0.07627578718783931,0.24267100977198697
376,385,232,233,252,True,True,3684,3684,27,442,1,0.0,1.0,0.11997828447339848,0.007328990228013029,0.11997828447339848
376,386,232,233,273,True,False,3684,3684,0,0,0,0.0,0.0,0.0,0.0,0.0
377,407,232,252,231,True,True,1360,1360,26,275,1,0.0,1.0,0.20220588235294118,0.01911764705882353,0.20220588235294118
377,408,232,252,232,True,True,1360,1360,26,350,1,0.0,1.0,0.25735294117647056,0.01911764705882353,0.25735294117647056
377,409,232,252,233,True,False,1360,1360,0,0,0,0.0,0.0,0.0,0.0,0.0
377,410,232,252,272,True,True,1360,1360,1179,47802,24,0.0,5.0,35.148529411764706,0.8669117647058824,35.148529411764706
377,411,232,252,273,True,True,1360,1360,312,3760,7,0.0,5.0,2.764705882352941,0.22941176470588234,2.764705882352941
377,412,232,252,292,True,True,1360,1360,110,110,2,0.0,7.0,0.08088235294117647,0.08088235294117647,0.08088235294117647
378,271,233,212,210,True,True,1801,1801,36,203,1,0.0,3.0,0.11271515824541921,0.019988895058300944,0.11271515824541921
378,272,233,212,213,True,True,1801,1801,230,2230,12,0.0,4.0,1.238200999444753,0.12770682953914492,1.238200999444753
378,273,233,212,214,True,False,1801,1801,0,0,0,0.0,0.0,0.0,0.0,0.0
378,274,233,212,230,True,True,1801,1801,26,99,2,0.0,1.0,0.054969461410327596,0.014436424208772903,0.054969461410327596
378,275,233,212,231,True,True,1801,1801,109,1382,5,0.0,2.0,0.7673514714047751,0.06052193225985564,0.7673514714047751
378,276,233,212,232,True,True,1801,1801,1495,44161,42,0.0,3.0,24.520266518600778,0.830094392004442,24.520266518600778
378,277,233,212,233,True,True,1801,1801,816,8572,30,0.0,5.0,4.759578012215436,0.45308162132148805,4.759578012215436
379,278,233,213,212,True,True,1606,1606,1158,22855,36,0.0,2.0,14.231008717310088,0.7210460772104608,14.231008717310088
379,279,233,213,214,True,True,1606,1606,175,4623,8,0.0,3.0,2.8785803237858034,0.10896637608966377,2.8785803237858034
379,280,233,213,215,True,True,1606,1606,71,197,4,0.0,3.0,0.12266500622665007,0.04420921544209216,0.12266500622665007
379,281,233,213,231,True,True,1606,1606,53,119,2,0.0,1.0,0.07409713574097136,0.03300124533001245,0.07409713574097136
379,282,233,213,232,True,True,1606,1606,1044,15925,33,0.0,4.0,9.915940224159403,0.6500622665006227,9.915940224159403
379,283,233,213,233,True,True,1606,1606,285,2717,16,0.0,5.0,1.6917808219178083,0.17745952677459526,1.6917808219178083
380,284,233,214,212,True,False,293,293,0,0,0,0.0,0.0,0.0,0.0,0.0
380,285,233,214,213,True,False,293,293,0,0,0,0.0,0.0,0.0,0.0,0.0
380,286,233,214,215,True,True,293,293,293,11841,13,0.0,3.0,40.41296928327645,1.0,40.41296928327645
380,287,233,214,216,True,True,293,293,90,271,4,0.0,3.0,0.9249146757679181,0.30716723549488056,0.9249146757679181
380,288,233,214,233,True,False,293,293,0,0,0,0.0,0.0,0.0,0.0,0.0
380,289,233,214,235,True,True,293,293,14,14,2,0.0,2.0,0.04778156996587031,0.04778156996587031,0.04778156996587031
380,290,233,214,236,True,True,293,293,21,21,1,0.0,4.0,0.07167235494880546,0.07167235494880546,0.07167235494880546
381,291,233,215,213,True,False,10,10,0,0,0,0.0,0.0,0.0,0.0,0.0
381,292,233,215,214,True,False,10,10,0,0,0,0.0,0.0,0.0,0.0,0.0
381,293,233,215,216,True,True,10,10,6,197,4,0.0,6.0,19.7,0.6,19.7
381,294,233,215,217,True,False,10,10,0,0,0,0.0,0.0,0.0,0.0,0.0
381,295,233,215,233,True,False,10,10,0,0,0,0.0,0.0,0.0,0.0,0.0
381,296,233,215,235,True,True,10,10,9,142,5,0.0,7.0,14.2,0.9,14.2
381,297,233,215,236,True,True,10,10,8,141,4,2.0,7.0,14.1,0.8,14.1
382,362,233,231,209,True,True,46,46,1,1,1,7.0,7.0,0.021739130434782608,0.021739130434782608,0.021739130434782608
382,363,233,231,210,True,True,46,46,2,31,2,0.0,5.0,0.6739130434782609,0.043478260869565216,0.6739130434782609
382,364,233,231,212,True,False,46,46,0,0,0,0.0,0.0,0.0,0.0,0.0
382,365,233,231,229,True,True,46,46,36,185,12,2.0,5.0,4.021739130434782,0.782608695652174,4.021739130434782
382,366,233,231,230,True,True,46,46,46,1966,15,0.0,4.0,42.73913043478261,1.0,42.73913043478261
382,367,233,231,232,True,False,46,46,0,0,0,0.0,0.0,0.0,0.0,0.0
382,368,233,231,233,True,False,46,46,0,0,0,0.0,0.0,0.0,0.0,0.0
382,369,233,231,252,True,False,46,46,0,0,0,0.0,0.0,0.0,0.0,0.0
383,370,233,232,210,True,True,3420,3420,70,120,2,0.0,3.5,0.03508771929824561,0.02046783625730994,0.03508771929824561
383,371,233,232,212,True,True,3420,3420,1971,45950,42,0.0,3.0,13.435672514619883,0.5763157894736842,13.435672514619883
383,372,233,232,213,True,True,3420,3420,1101,17596,27,0.0,6.0,5.145029239766082,0.3219298245614035,5.145029239766082
383,373,233,232,214,True,False,3420,3420,0,0,0,0.0,0.0,0.0,0.0,0.0
383,374,233,232,230,True,True,3420,3420,581,3354,12,0.0,4.0,0.980701754385965,0.16988304093567252,0.980701754385965
383,375,233,232,231,True,True,3420,3420,791,26406,17,0.0,3.0,7.721052631578948,0.23128654970760235,7.721052631578948
383,376,233,232,233,True,True,3420,3420,1000,14131,30,0.0,5.0,4.13187134502924,0.29239766081871343,4.13187134502924
383,377,233,232,252,True,True,3420,3420,199,6086,6,0.0,2.0,1.77953216374269,0.058187134502923975,1.77953216374269
384,387,233,235,213,True,False,21,21,0,0,0,0.0,0.0,0.0,0.0,0.0
384,388,233,235,214,True,False,21,21,0,0,0,0.0,0.0,0.0,0.0,0.0
384,389,233,235,215,True,True,21,21,1,18,1,0.0,0.5,0.8571428571428571,0.047619047619047616,0.8571428571428571
384,390,233,235,216,True,True,21,21,5,176,3,0.0,7.0,8.380952380952381,0.23809523809523808,8.380952380952381
384,391,233,235,233,True,False,21,21,0,0,0,0.0,0.0,0.0,0.0,0.0
384,392,233,235,236,True,True,21,21,17,785,5,0.0,4.0,37.38095238095238,0.8095238095238095,37.38095238095238
385,407,233,252,231,True,False,291,291,0,0,0,0.0,0.0,0.0,0.0,0.0
385,408,233,252,232,True,False,291,291,0,0,0,0.0,0.0,0.0,0.0,0.0
385,409,233,252,233,True,False,291,291,0,0,0,0.0,0.0,0.0,0.0,0.0
385,410,233,252,272,True,True,291,291,267,10363,14,0.0,5.0,35.61168384879725,0.9175257731958762,35.61168384879725
385,411,233,252,273,True,True,291,291,65,1292,6,0.0,5.0,4.439862542955327,0.22336769759450173,4.439862542955327
385,412,233,252,292,True,True,291,291,44,44,2,2.0,7.0,0.15120274914089346,0.15120274914089346,0.15120274914089346
386,424,233,273,233,True,False,3,3,0,0,0,0.0,0.0,0.0,0.0,0.0
386,425,233,273,252,True,True,3,3,1,1,1,10.0,10.0,0.3333333333333333,0.3333333333333333,0.3333333333333333
386,426,233,273,272,True,True,3,3,3,37,2,0.0,7.0,12.333333333333334,1.0,12.333333333333334
386,427,233,273,292,True,True,3,3,2,24,1,6.0,7.0,8.0,0.6666666666666666,8.0
386,428,233,273,293,True,True,3,3,2,32,1,0.0,7.0,10.666666666666666,0.6666666666666666,10.666666666666666
387,278,235,213,212,True,True,4,4,2,58,2,0.0,4.0,14.5,0.5,14.5
387,279,235,213,214,True,False,4,4,0,0,0,0.0,0.0,0.0,0.0,0.0
387,280,235,213,215,True,False,4,4,0,0,0,0.0,0.0,0.0,0.0,0.0
387,281,235,213,231,True,False,4,4,0,0,0,0.0,0.0,0.0,0.0,0.0
387,282,235,213,232,True,True,4,4,1,14,1,0.0,5.5,3.5,0.25,3.5
387,283,235,213,233,True,True,4,4,3,24,2,0.0,0.0,6.0,0.75,6.0
388,284,235,214,212,True,True,108,108,50,228,2,0.0,4.0,2.111111111111111,0.46296296296296297,2.111111111111111
388,285,235,214,213,True,True,108,108,83,2048,4,0.0,3.0,18.962962962962962,0.7685185185185185,18.962962962962962
388,286,235,214,215,True,False,108,108,0,0,0,0.0,0.0,0.0,0.0,0.0
388,287,235,214,216,True,False,108,108,0,0,0,0.0,0.0,0.0,0.0,0.0
388,288,235,214,233,True,True,108,108,58,1005,4,0.0,3.0,9.305555555555555,0.5370370370370371,9.305555555555555
388,289,235,214,235,True,False,108,108,0,0,0,0.0,0.0,0.0,0.0,0.0
388,290,235,214,236,True,False,108,108,0,0,0,0.0,0.0,0.0,0.0,0.0
389,291,235,215,213,True,True,3043,3043,30,60,3,0.0,0.0,0.019717384160368057,0.009858692080184028,0.019717384160368057
389,292,235,215,214,True,True,3043,3043,87,1326,6,0.0,1.0,0.43575418994413406,0.028590207032533684,0.43575418994413406
389,293,235,215,216,True,True,3043,3043,857,9460,26,0.0,2.0,3.1087742359513637,0.28162997042392374,3.1087742359513637
389,294,235,215,217,True,True,3043,3043,37,71,2,0.0,2.0,0.0233322379231022,0.012159053565560303,0.0233322379231022
389,295,235,215,233,True,True,3043,3043,20,20,2,0.0,0.0,0.006572461386789352,0.006572461386789352,0.006572461386789352
389,296,235,215,235,True,True,3043,3043,2569,72524,39,0.0,4.0,23.83305948077555,0.8442326651330924,23.83305948077555
389,297,235,215,236,True,True,3043,3043,1301,14324,30,0.0,3.0,4.707196845218534,0.4275386132106474,4.707196845218534
390,298,235,216,214,True,False,1131,1131,0,0,0,0.0,0.0,0.0,0.0,0.0
390,299,235,216,215,True,True,1131,1131,644,12479,24,0.0,2.0,11.033598585322723,0.5694076038903625,11.033598585322723
390,300,235,216,217,True,True,1131,1131,169,6545,6,0.0,4.0,5.786914235190097,0.14942528735632185,5.786914235190097
390,301,235,216,218,True,True,1131,1131,81,260,2,0.0,5.0,0.22988505747126436,0.07161803713527852,0.22988505747126436
390,302,235,216,235,True,True,1131,1131,761,10587,27,0.0,3.0,9.360742705570292,0.6728558797524314,9.360742705570292
390,303,235,216,236,True,True,1131,1131,335,6599,16,0.0,3.0,5.834659593280283,0.29619805481874445,5.834659593280283
391,378,235,233,212,True,True,116,116,19,434,4,0.0,3.0,3.7413793103448274,0.16379310344827586,3.7413793103448274
391,379,235,233,213,True,True,116,116,11,68,2,0.0,2.0,0.5862068965517241,0.09482758620689655,0.5862068965517241
391,380,235,233,214,True,False,116,116,0,0,0,0.0,0.0,0.0,0.0,0.0
391,381,235,233,215,True,False,116,116,0,0,0,0.0,0.0,0.0,0.0,0.0
391,382,235,233,231,True,True,116,116,31,88,8,3.0,6.5,0.7586206896551724,0.2672413793103448,0.7586206896551724
391,383,235,233,232,True,True,116,116,72,3083,22,0.0,4.0,26.57758620689655,0.6206896551724138,26.57758620689655
391,384,235,233,235,True,False,116,116,0,0,0,0.0,0.0,0.0,0.0,0.0
391,385,235,233,252,True,True,116,116,16,153,5,4.0,8.0,1.3189655172413792,0.13793103448275862,1.3189655172413792
391,386,235,233,273,True,False,116,116,0,0,0,0.0,0.0,0.0,0.0,0.0
392,393,235,236,214,True,False,2500,2500,0,0,0,0.0,0.0,0.0,0.0,0.0
392,394,235,236,215,True,True,2500,2500,1628,22375,30,0.0,2.0,8.95,0.6512,8.95
392,395,235,236,216,True,True,2500,2500,1112,15344,26,0.0,1.0,6.1376,0.4448,6.1376
392,396,235,236,217,True,True,2500,2500,109,925,3,0.0,8.0,0.37,0.0436,0.37
392,397,235,236,235,True,True,2500,2500,1516,28080,28,0.0,3.0,11.232,0.6064,11.232
392,398,235,236,238,True,True,2500,2500,95,501,2,0.0,4.0,0.2004,0.038,0.2004
393,284,236,214,212,True,True,9,9,6,36,1,2.0,5.0,4.0,0.6666666666666666,4.0
393,285,236,214,213,True,True,9,9,9,391,2,0.0,3.0,43.44444444444444,1.0,43.44444444444444
393,286,236,214,215,True,False,9,9,0,0,0,0.0,0.0,0.0,0.0,0.0
393,287,236,214,216,True,False,9,9,0,0,0,0.0,0.0,0.0,0.0,0.0
393,288,236,214,233,True,True,9,9,3,3,1,6.0,7.0,0.3333333333333333,0.3333333333333333,0.3333333333333333
393,289,236,214,235,True,False,9,9,0,0,0,0.0,0.0,0.0,0.0,0.0
393,290,236,214,236,True,False,9,9,0,0,0,0.0,0.0,0.0,0.0,0.0
394,291,236,215,213,True,True,1053,1053,84,213,4,0.0,4.0,0.2022792022792023,0.07977207977207977,0.2022792022792023
394,292,236,215,214,True,True,1053,1053,120,3382,5,0.0,3.0,3.211775878442545,0.11396011396011396,3.211775878442545
394,293,236,215,216,True,True,1053,1053,228,1386,10,0.0,7.0,1.3162393162393162,0.21652421652421652,1.3162393162393162
394,294,236,215,217,True,False,1053,1053,0,0,0,0.0,0.0,0.0,0.0,0.0
394,295,236,215,233,True,True,1053,1053,23,23,2,0.0,6.0,0.02184235517568851,0.02184235517568851,0.02184235517568851
394,296,236,215,235,True,True,1053,1053,896,25195,34,0.0,3.0,23.92687559354226,0.8509021842355176,23.92687559354226
394,297,236,215,236,True,True,1053,1053,497,4731,19,0.0,5.0,4.492877492877493,0.47198480531813863,4.492877492877493
395,298,236,216,214,True,False,795,795,0,0,0,0.0,0.0,0.0,0.0,0.0
395,299,236,216,215,True,True,795,795,557,10409,21,0.0,2.0,13.093081761006289,0.70062893081761,13.093081761006289
395,300,236,216,217,True,False,795,795,0,0,0,0.0,0.0,0.0,0.0,0.0
395,301,236,216,218,True,False,795,795,0,0,0,0.0,0.0,0.0,0.0,0.0
395,302,236,216,235,True,True,795,795,591,6752,23,0.0,2.0,8.49308176100629,0.7433962264150943,8.49308176100629
395,303,236,216,236,True,True,795,795,206,4159,13,0.0,4.0,5.231446540880503,0.2591194968553459,5.231446540880503
396,304,236,217,198,True,True,115,115,48,396,2,0.0,6.0,3.4434782608695653,0.41739130434782606,3.4434782608695653
396,305,236,217,215,True,False,115,115,0,0,0,0.0,0.0,0.0,0.0,0.0
396,306,236,217,216,True,False,115,115,0,0,0,0.0,0.0,0.0,0.0,0.0
396,307,236,217,218,True,True,115,115,112,3075,5,0.0,4.0,26.73913043478261,0.9739130434782609,26.73913043478261
396,308,236,217,235,True,False,115,115,0,0,0,0.0,0.0,0.0,0.0,0.0
396,309,236,217,236,True,False,115,115,0,0,0,0.0,0.0,0.0,0.0,0.0
396,310,236,217,238,True,True,115,115,3,27,1,0.0,0.0,0.23478260869565218,0.02608695652173913,0.23478260869565218
397,387,236,235,213,True,True,4148,4148,120,172,3,0.0,4.0,0.041465766634522665,0.02892960462873674,0.041465766634522665
397,388,236,235,214,True,True,4148,4148,174,2880,4,0.0,3.0,0.6943105110896818,0.041947926711668276,0.6943105110896818
397,389,236,235,215,True,True,4148,4148,1888,44718,37,0.0,3.0,10.780617164898747,0.45515911282545807,10.780617164898747
397,390,236,235,216,True,True,4148,4148,645,10667,18,0.0,5.0,2.5716007714561235,0.15549662487945998,2.5716007714561235
397,391,236,235,233,True,True,4148,4148,1222,3422,27,0.0,4.0,0.8249758919961427,0.2945998071359691,0.8249758919961427
397,392,236,235,236,True,True,4148,4148,857,18315,19,0.0,5.0,4.415380906460945,0.20660559305689488,4.415380906460945
398,399,236,238,217,True,False,14,14,0,0,0,0.0,0.0,0.0,0.0,0.0
398,400,236,238,218,True,True,14,14,13,339,2,0.0,4.0,24.214285714285715,0.9285714285714286,24.214285714285715
398,401,236,238,236,True,False,14,14,0,0,0,0.0,0.0,0.0,0.0,0.0
399,304,238,217,198,True,False,114,114,0,0,0,0.0,0.0,0.0,0.0,0.0
399,305,238,217,215,True,True,114,114,72,144,2,0.0,7.0,1.263157894736842,0.631578947368421,1.263157894736842
399,306,238,217,216,True,True,114,114,72,2840,2,0.0,3.0,24.912280701754387,0.631578947368421,24.912280701754387
399,307,238,217,218,True,False,114,114,0,0,0,0.0,0.0,0.0,0.0,0.0
399,308,238,217,235,True,True,114,114,42,42,1,0.0,4.0,0.3684210526315789,0.3684210526315789,0.3684210526315789
399,309,238,217,236,True,True,114,114,42,1484,1,0.0,2.0,13.017543859649123,0.3684210526315789,13.017543859649123
399,310,238,217,238,True,False,114,114,0,0,0,0.0,0.0,0.0,0.0,0.0
400,311,238,218,178,True,False,2034,2034,0,0,0,0.0,0.0,0.0,0.0,0.0
400,312,238,218,198,True,True,2034,2034,82,3092,2,0.0,5.0,1.52015732546706,0.04031465093411996,1.52015732546706
400,313,238,218,216,True,False,2034,2034,0,0,0,0.0,0.0,0.0,0.0,0.0
400,314,238,218,217,True,True,2034,2034,35,585,3,0.0,1.0,0.28761061946902655,0.01720747295968535,0.28761061946902655
400,315,238,218,236,True,False,2034,2034,0,0,0,0.0,0.0,0.0,0.0,0.0
400,316,238,218,238,True,True,2034,2034,1581,48878,24,0.0,4.0,24.030481809242872,0.7772861356932154,24.030481809242872
401,393,238,236,214,True,False,44,44,0,0,0,0.0,0.0,0.0,0.0,0.0
401,394,238,236,215,True,True,44,44,7,122,3,0.0,4.0,2.772727272727273,0.1590909090909091,2.772727272727273
401,395,238,236,216,True,True,44,44,3,20,1,0.0,3.0,0.45454545454545453,0.06818181818181818,0.45454545454545453
401,396,238,236,217,True,False,44,44,0,0,0,0.0,0.0,0.0,0.0,0.0
401,397,238,236,235,True,True,44,44,43,1968,12,0.0,4.0,44.72727272727273,0.9772727272727273,44.72727272727273
401,398,238,236,238,True,False,44,44,0,0,0,0.0,0.0,0.0,0.0,0.0
402,317,241,221,203,True,False,934,934,0,0,0,0.0,0.0,0.0,0.0,0.0
402,318,241,221,222,True,True,934,934,488,16840,14,0.0,4.0,18.029978586723768,0.5224839400428265,18.029978586723768
402,319,241,221,223,True,True,934,934,249,358,6,0.0,6.0,0.38329764453961457,0.26659528907922914,0.38329764453961457
402,320,241,221,241,True,False,934,934,0,0,0,0.0,0.0,0.0,0.0,0.0
403,321,241,222,203,True,True,61,61,29,165,4,0.0,5.0,2.7049180327868854,0.47540983606557374,2.7049180327868854
403,322,241,222,204,True,False,61,61,0,0,0,0.0,0.0,0.0,0.0,0.0
403,323,241,222,221,True,True,61,61,18,152,1,0.0,1.0,2.4918032786885247,0.29508196721311475,2.4918032786885247
403,324,241,222,223,True,True,61,61,46,1446,4,0.0,5.0,23.704918032786885,0.7540983606557377,23.704918032786885
403,325,241,222,224,True,False,61,61,0,0,0,0.0,0.0,0.0,0.0,0.0
403,326,241,222,241,True,False,61,61,0,0,0,0.0,0.0,0.0,0.0,0.0
404,413,241,260,241,True,True,703,703,194,2552,13,0.0,5.0,3.6301564722617354,0.2759601706970128,3.6301564722617354
404,414,241,260,261,True,True,703,703,600,17628,26,0.0,3.0,25.07539118065434,0.8534850640113798,25.07539118065434
404,415,241,260,281,True,True,703,703,72,1099,5,0.0,4.0,1.5633001422475106,0.10241820768136557,1.5633001422475106
405,416,241,261,241,True,True,2498,2498,580,9818,13,0.0,7.0,3.930344275420336,0.2321857485988791,3.930344275420336
405,417,241,261,260,True,True,2498,2498,1424,30151,28,0.0,4.0,12.07005604483587,0.5700560448358687,12.07005604483587
405,418,241,261,281,True,True,2498,2498,737,28981,15,0.0,5.0,11.601681345076061,0.29503602882305846,11.601681345076061
405,419,241,261,301,True,True,2498,2498,108,108,3,2.0,8.0,0.04323458767013611,0.04323458767013611,0.04323458767013611
406,429,241,281,241,True,False,6,6,0,0,0,0.0,0.0,0.0,0.0,0.0
406,430,241,281,260,True,False,6,6,0,0,0,0.0,0.0,0.0,0.0,0.0
406,431,241,281,261,True,False,6,6,0,0,0,0.0,0.0,0.0,0.0,0.0
406,432,241,281,300,True,False,6,6,0,0,0,0.0,0.0,0.0,0.0,0.0
406,433,241,281,301,True,True,6,6,5,200,3,0.0,8.0,33.333333333333336,0.8333333333333334,33.333333333333336
406,434,241,281,303,True,False,6,6,0,0,0,0.0,0.0,0.0,0.0,0.0
407,362,252,231,209,True,False,63,63,0,0,0,0.0,0.0,0.0,0.0,0.0
407,363,252,231,210,True,True,63,63,11,370,2,0.0,8.0,5.873015873015873,0.1746031746031746,5.873015873015873
407,364,252,231,212,True,False,63,63,0,0,0,0.0,0.0,0.0,0.0,0.0
407,365,252,231,229,True,True,63,63,1,6,1,5.0,6.5,0.09523809523809523,0.015873015873015872,0.09523809523809523
407,366,252,231,230,True,True,63,63,62,2691,5,0.0,6.0,42.714285714285715,0.9841269841269841,42.714285714285715
407,367,252,231,232,True,False,63,63,0,0,0,0.0,0.0,0.0,0.0,0.0
407,368,252,231,233,True,False,63,63,0,0,0,0.0,0.0,0.0,0.0,0.0
407,369,252,231,252,True,False,63,63,0,0,0,0.0,0.0,0.0,0.0,0.0
408,370,252,232,210,True,False,1319,1319,0,0,0,0.0,0.0,0.0,0.0,0.0
408,371,252,232,212,True,True,1319,1319,128,3257,4,0.0,4.0,2.4692949203942383,0.09704321455648218,2.4692949203942383
408,372,252,232,213,True,True,1319,1319,125,2387,5,0.0,6.0,1.8097043214556483,0.09476876421531463,1.8097043214556483
408,373,252,232,214,True,True,1319,1319,21,51,1,5.0,9.0,0.03866565579984837,0.01592115238817286,0.03866565579984837
408,374,252,232,230,True,True,1319,1319,211,449,6,0.0,7.0,0.34040940106141016,0.1599696739954511,0.34040940106141016
408,375,252,232,231,True,True,1319,1319,602,22154,12,0.0,5.0,16.796057619408643,0.4564063684609553,16.796057619408643
408,376,252,232,233,True,True,1319,1319,641,19069,17,0.0,3.0,14.457164518574677,0.48597422289613346,14.457164518574677
408,377,252,232,252,True,True,1319,1319,55,909,1,0.0,8.0,0.689158453373768,0.04169825625473844,0.689158453373768
409,378,252,233,212,True,True,243,243,94,569,5,0.0,3.0,2.3415637860082303,0.3868312757201646,2.3415637860082303
409,379,252,233,213,True,True,243,243,103,3998,6,0.0,4.0,16.45267489711934,0.42386831275720166,16.45267489711934
409,380,252,233,214,True,True,243,243,82,1670,3,0.0,7.0,6.872427983539095,0.3374485596707819,6.872427983539095
409,381,252,233,215,True,False,243,243,0,0,0,0.0,0.0,0.0,0.0,0.0
409,382,252,233,231,True,False,243,243,0,0,0,0.0,0.0,0.0,0.0,0.0
409,383,252,233,232,True,True,243,243,49,707,4,0.0,1.0,2.909465020576132,0.20164609053497942,2.909465020576132
409,384,252,233,235,True,True,243,243,34,49,4,5.0,8.0,0.20164609053497942,0.13991769547325103,0.20164609053497942
409,385,252,233,252,True,False,243,243,0,0,0,0.0,0.0,0.0,0.0,0.0
409,386,252,233,273,True,False,243,243,0,0,0,0.0,0.0,0.0,0.0,0.0
410,420,252,272,252,True,True,4224,4224,581,8790,16,0.0,6.0,2.080965909090909,0.13754734848484848,2.080965909090909
410,421,252,272,273,True,True,4224,4224,2170,64703,33,0.0,3.0,15.317945075757576,0.5137310606060606,15.317945075757576
410,422,252,272,292,True,True,4224,4224,1407,50105,31,0.0,5.0,11.861979166666666,0.3330965909090909,11.861979166666666
410,423,252,272,293,True,True,4224,4224,708,13492,16,0.0,5.0,3.194128787878788,0.16761363636363635,3.194128787878788
411,424,252,273,233,True,False,454,454,0,0,0,0.0,0.0,0.0,0.0,0.0
411,425,252,273,252,True,True,454,454,195,1247,12,0.0,5.0,2.746696035242291,0.42951541850220265,2.746696035242291
411,426,252,273,272,True,True,454,454,368,11376,25,0.0,3.0,25.05726872246696,0.8105726872246696,25.05726872246696
411,427,252,273,292,True,True,454,454,10,80,2,0.0,0.0,0.1762114537444934,0.022026431718061675,0.1762114537444934
411,428,252,273,293,True,True,454,454,57,2080,3,0.0,6.0,4.581497797356828,0.12555066079295155,4.581497797356828
412,435,252,292,252,True,False,4,4,0,0,0,0.0,0.0,0.0,0.0,0.0
412,436,252,292,272,True,False,4,4,0,0,0,0.0,0.0,0.0,0.0,0.0
412,437,252,292,273,True,False,4,4,0,0,0,0.0,0.0,0.0,0.0,0.0
412,438,252,292,293,True,True,4,4,3,64,3,0.0,2.0,16.0,0.75,16.0
412,439,252,292,312,True,True,4,4,2,88,2,1.0,7.0,22.0,0.5,22.0
412,440,252,292,313,True,True,4,4,2,7,2,8.0,10.0,1.75,0.5,1.75
413,402,260,241,221,True,True,718,718,104,4272,4,0.0,5.0,5.949860724233983,0.14484679665738162,5.949860724233983
413,403,260,241,222,True,True,718,718,30,30,1,3.0,7.5,0.04178272980501393,0.04178272980501393,0.04178272980501393
413,404,260,241,260,True,True,718,718,235,1805,13,0.0,3.0,2.513927576601671,0.32729805013927576,2.513927576601671
413,405,260,241,261,True,True,718,718,569,17639,20,0.0,3.0,24.56685236768802,0.7924791086350975,24.56685236768802
413,406,260,241,281,True,False,718,718,0,0,0,0.0,0.0,0.0,0.0,0.0
414,416,260,261,241,True,True,2151,2151,1520,34020,25,0.0,3.0,15.815899581589958,0.7066480706648071,15.815899581589958
414,417,260,261,260,True,True,2151,2151,973,17543,22,0.0,6.0,8.155741515574151,0.4523477452347745,8.155741515574151
414,418,260,261,281,True,True,2151,2151,22,367,3,0.0,1.0,0.1706183170618317,0.010227801022780102,0.1706183170618317
414,419,260,261,301,True,True,2151,2151,7,7,1,0.0,0.0,0.0032543003254300326,0.0032543003254300326,0.0032543003254300326
415,429,260,281,241,True,False,101,101,0,0,0,0.0,0.0,0.0,0.0,0.0
415,430,260,281,260,True,False,101,101,0,0,0,0.0,0.0,0.0,0.0,0.0
415,431,260,281,261,True,False,101,101,0,0,0,0.0,0.0,0.0,0.0,0.0
415,432,260,281,300,True,True,101,101,44,590,3,0.0,1.0,5.841584158415841,0.43564356435643564,5.841584158415841
415,433,260,281,301,True,True,101,101,66,2320,3,0.0,3.0,22.97029702970297,0.6534653465346535,22.97029702970297
415,434,260,281,303,True,False,101,101,0,0,0,0.0,0.0,0.0,0.0,0.0
416,402,261,241,221,True,True,2801,2801,787,27692,17,0.0,6.0,9.886469118172082,0.28097108175651553,9.886469118172082
416,403,261,241,222,True,True,2801,2801,252,2476,6,0.0,6.0,0.8839700107104606,0.08996786861835059,0.8839700107104606
416,404,261,241,260,True,True,2801,2801,959,14674,20,0.0,2.0,5.238843270260621,0.3423777222420564,5.238843270260621
416,405,261,241,261,True,True,2801,2801,1075,25508,21,0.0,3.0,9.106747590146377,0.3837915030346305,9.106747590146377
416,406,261,241,281,True,False,2801,2801,0,0,0,0.0,0.0,0.0,0.0,0.0
417,413,261,260,241,True,True,1892,1892,768,10809,18,0.0,4.0,5.7130021141649046,0.4059196617336152,5.7130021141649046
417,414,261,260,261,True,True,1892,1892,1542,37278,26,0.0,4.0,19.702959830866806,0.8150105708245243,19.702959830866806
417,415,261,260,281,True,True,1892,1892,86,1324,5,0.0,2.0,0.6997885835095138,0.045454545454545456,0.6997885835095138
418,429,261,281,241,True,False,801,801,0,0,0,0.0,0.0,0.0,0.0,0.0
418,430,261,281,260,True,False,801,801,0,0,0,0.0,0.0,0.0,0.0,0.0
418,431,261,281,261,True,True,801,801,4,40,1,0.0,0.0,0.049937578027465665,0.004993757802746567,0.049937578027465665
418,432,261,281,300,True,True,801,801,118,591,3,0.0,5.0,0.7378277153558053,0.14731585518102372,0.7378277153558053
418,433,261,281,301,True,True,801,801,607,25246,12,0.0,5.0,31.518102372034956,0.7578027465667915,31.518102372034956
418,434,261,281,303,True,True,801,801,55,67,2,2.0,9.0,0.08364544319600499,0.0686641697877653,0.08364544319600499
419,450,261,301,281,True,True,3,3,1,10,1,7.0,9.0,3.3333333333333335,0.3333333333333333,3.3333333333333335
419,451,261,301,300,True,True,3,3,1,18,1,0.0,4.0,6.0,0.3333333333333333,6.0
419,452,261,301,303,True,False,3,3,0,0,0,0.0,0.0,0.0,0.0,0.0
419,453,261,301,321,True,True,3,3,1,49,1,1.0,7.0,16.333333333333332,0.3333333333333333,16.333333333333332
419,454,261,301,341,True,False,3,3,0,0,0,0.0,0.0,0.0,0.0,0.0
420,407,272,252,231,True,True,3139,3139,139,1819,4,0.0,4.0,0.5794839120739089,0.044281618349792926,0.5794839120739089
420,408,272,252,232,True,True,3139,3139,1409,45364,27,0.0,5.0,14.451736221726664,0.44886906658171394,14.451736221726664
420,409,272,252,233,True,True,3139,3139,517,8971,12,0.0,5.0,2.8579165339280026,0.16470213443771903,2.8579165339280026
420,410,272,252,272,True,True,3139,3139,1536,45329,26,0.0,3.0,14.440586173940746,0.489327811404906,14.440586173940746
420,411,272,252,273,True,True,3139,3139,754,5973,18,0.0,3.0,1.9028352978655623,0.2402038865880854,1.9028352978655623
420,412,272,252,292,True,False,3139,3139,0,0,0,0.0,0.0,0.0,0.0,0.0
421,424,272,273,233,True,True,3435,3435,16,16,1,0.0,3.5,0.004657933042212519,0.004657933042212519,0.004657933042212519
421,425,272,273,252,True,True,3435,3435,1457,16511,25,0.0,3.0,4.80669577874818,0.42416302765647745,4.80669577874818
421,426,272,273,272,True,True,3435,3435,2412,71136,32,0.0,4.0,20.709170305676857,0.7021834061135371,20.709170305676857
421,427,272,273,292,True,True,3435,3435,29,213,3,0.0,0.0,0.06200873362445415,0.008442503639010189,0.06200873362445415
421,428,272,273,293,True,True,3435,3435,87,1991,6,0.0,2.0,0.5796215429403202,0.025327510917030567,0.5796215429403202
422,435,272,292,252,True,False,1703,1703,0,0,0,0.0,0.0,0.0,0.0,0.0
422,436,272,292,272,True,True,1703,1703,55,1316,3,0.0,1.0,0.7727539635936582,0.03229594832648268,0.7727539635936582
422,437,272,292,273,True,False,1703,1703,0,0,0,0.0,0.0,0.0,0.0,0.0
422,438,272,292,293,True,True,1703,1703,807,14052,23,0.0,3.0,8.251321197886083,0.4738696418085731,8.251321197886083
422,439,272,292,312,True,True,1703,1703,993,35905,24,0.0,6.0,21.083382266588373,0.5830886670581327,21.083382266588373
422,440,272,292,313,True,True,1703,1703,786,10416,19,0.0,6.0,6.116265413975338,0.46153846153846156,6.116265413975338
423,441,272,293,272,True,False,425,425,0,0,0,0.0,0.0,0.0,0.0,0.0
423,442,272,293,273,True,False,425,425,0,0,0,0.0,0.0,0.0,0.0,0.0
423,443,272,293,292,True,True,425,425,132,1775,10,0.0,1.0,4.176470588235294,0.31058823529411766,4.176470588235294
423,444,272,293,312,True,True,425,425,197,1901,12,0.0,3.0,4.472941176470588,0.46352941176470586,4.472941176470588
423,445,272,293,313,True,True,425,425,281,6201,12,0.0,4.0,14.590588235294117,0.6611764705882353,14.590588235294117
423,446,272,293,315,True,True,425,425,28,28,1,2.0,6.0,0.06588235294117648,0.06588235294117648,0.06588235294117648
424,378,273,233,212,True,True,4,4,4,129,2,1.0,6.0,32.25,1.0,32.25
424,379,273,233,213,True,True,4,4,3,76,1,0.0,4.0,19.0,0.75,19.0
424,380,273,233,214,True,False,4,4,0,0,0,0.0,0.0,0.0,0.0,0.0
424,381,273,233,215,True,False,4,4,0,0,0,0.0,0.0,0.0,0.0,0.0
424,382,273,233,231,True,False,4,4,0,0,0,0.0,0.0,0.0,0.0,0.0
424,383,273,233,232,True,False,4,4,0,0,0,0.0,0.0,0.0,0.0,0.0
424,384,273,233,235,True,False,4,4,0,0,0,0.0,0.0,0.0,0.0,0.0
424,385,273,233,252,True,False,4,4,0,0,0,0.0,0.0,0.0,0.0,0.0
424,386,273,233,273,True,False,4,4,0,0,0,0.0,0.0,0.0,0.0,0.0
425,407,273,252,231,True,False,629,629,0,0,0,0.0,0.0,0.0,0.0,0.0
425,408,273,252,232,True,False,629,629,0,0,0,0.0,0.0,0.0,0.0,0.0
425,409,273,252,233,True,True,629,629,35,100,1,0.0,2.0,0.1589825119236884,0.05564387917329094,0.1589825119236884
425,410,273,252,272,True,True,629,629,594,18254,25,0.0,3.0,29.02066772655008,0.9443561208267091,29.02066772655008
425,411,273,252,273,True,True,629,629,184,2395,12,0.0,6.0,3.807631160572337,0.29252782193958665,3.807631160572337
425,412,273,252,292,True,False,629,629,0,0,0,0.0,0.0,0.0,0.0,0.0
426,420,273,272,252,True,True,2980,2980,1450,37997,23,0.0,3.0,12.750671140939597,0.4865771812080537,12.750671140939597
426,421,273,272,273,True,True,2980,2980,1496,31154,29,0.0,5.0,10.454362416107383,0.5020134228187919,10.454362416107383
426,422,273,272,292,True,True,2980,2980,170,2198,9,0.0,2.0,0.7375838926174496,0.05704697986577181,0.7375838926174496
426,423,273,272,293,True,True,2980,2980,126,1653,9,0.0,1.0,0.5546979865771812,0.042281879194630875,0.5546979865771812
427,435,273,292,252,True,False,132,132,0,0,0,0.0,0.0,0.0,0.0,0.0
427,436,273,292,272,True,True,132,132,3,9,1,0.0,0.0,0.06818181818181818,0.022727272727272728,0.06818181818181818
427,437,273,292,273,True,False,132,132,0,0,0,0.0,0.0,0.0,0.0,0.0
427,438,273,292,293,True,True,132,132,77,1078,6,0.0,1.0,8.166666666666666,0.5833333333333334,8.166666666666666
427,439,273,292,312,True,True,132,132,128,2935,10,0.0,4.0,22.234848484848484,0.9696969696969697,22.234848484848484
427,440,273,292,313,True,True,132,132,74,462,5,0.0,2.0,3.5,0.5606060606060606,3.5
428,441,273,293,272,True,False,567,567,0,0,0,0.0,0.0,0.0,0.0,0.0
428,442,273,293,273,True,True,567,567,3,5,1,9.0,10.0,0.008818342151675485,0.005291005291005291,0.008818342151675485
428,443,273,293,292,True,True,567,567,271,4581,9,0.0,2.0,8.079365079365079,0.47795414462081126,8.079365079365079
428,444,273,293,312,True,True,567,567,258,3881,9,0.0,3.0,6.844797178130511,0.455026455026455,6.844797178130511
428,445,273,293,313,True,True,567,567,156,1684,7,0.0,6.0,2.9700176366843034,0.2751322751322751,2.9700176366843034
428,446,273,293,315,True,True,567,567,15,31,1,6.0,9.0,0.054673721340388004,0.026455026455026454,0.054673721340388004
429,402,281,241,221,True,True,5,5,2,54,2,3.0,8.0,10.8,0.4,10.8
429,403,281,241,222,True,True,5,5,1,12,1,6.0,8.5,2.4,0.2,2.4
429,404,281,241,260,True,True,5,5,1,6,1,0.0,1.0,1.2,0.2,1.2
429,405,281,241,261,True,True,5,5,1,9,1,0.0,1.0,1.8,0.2,1.8
429,406,281,241,281,True,False,5,5,0,0,0,0.0,0.0,0.0,0.0,0.0
430,413,281,260,241,True,True,304,304,45,926,6,0.0,3.0,3.0460526315789473,0.14802631578947367,3.0460526315789473
430,414,281,260,261,True,True,304,304,36,750,5,0.0,4.0,2.4671052631578947,0.11842105263157894,2.4671052631578947
430,415,281,260,281,True,False,304,304,0,0,0,0.0,0.0,0.0,0.0,0.0
431,416,281,261,241,True,True,1754,1754,1531,43661,31,0.0,5.0,24.89224629418472,0.8728620296465223,24.89224629418472
431,417,281,261,260,True,True,1754,1754,521,7899,15,0.0,3.0,4.503420752565565,0.2970353477765108,4.503420752565565
431,418,281,261,281,True,True,1754,1754,24,60,1,0.0,1.0,0.03420752565564424,0.013683010262257697,0.03420752565564424
431,419,281,261,301,True,False,1754,1754,0,0,0,0.0,0.0,0.0,0.0,0.0
432,447,281,300,281,True,True,485,485,106,591,4,0.0,8.0,1.2185567010309277,0.21855670103092784,1.2185567010309277
432,448,281,300,301,True,True,485,485,425,14379,19,0.0,3.0,29.647422680412372,0.8762886597938144,29.647422680412372
432,449,281,300,321,True,True,485,485,18,428,2,0.0,4.0,0.8824742268041237,0.03711340206185567,0.8824742268041237
433,450,281,301,281,True,True,1237,1237,178,3260,6,0.0,7.0,2.635408245755861,0.1438965238480194,2.635408245755861
433,451,281,301,300,True,True,1237,1237,678,16739,19,0.0,5.0,13.531932093775263,0.5481002425222312,13.531932093775263
433,452,281,301,303,True,False,1237,1237,0,0,0,0.0,0.0,0.0,0.0,0.0
433,453,281,301,321,True,True,1237,1237,355,13832,7,0.0,5.0,11.181891673403396,0.28698464025869036,11.181891673403396
433,454,281,301,341,True,True,1237,1237,54,160,1,0.0,5.0,0.1293451899757478,0.043654001616814875,0.1293451899757478
434,455,281,303,301,True,False,4,4,0,0,0,0.0,0.0,0.0,0.0,0.0
434,456,281,303,304,True,True,4,4,4,195,2,0.0,4.0,48.75,1.0,48.75
434,457,281,303,305,True,True,4,4,3,3,1,6.0,7.0,0.75,0.75,0.75
435,407,292,252,231,True,True,5,5,1,36,1,2.0,7.0,7.2,0.2,7.2
435,408,292,252,232,True,True,5,5,4,112,4,0.0,6.0,22.4,0.8,22.4
435,409,292,252,233,True,True,5,5,3,72,3,2.0,8.0,14.4,0.6,14.4
435,410,292,252,272,True,True,5,5,1,52,1,0.0,5.0,10.4,0.2,10.4
435,411,292,252,273,True,False,5,5,0,0,0,0.0,0.0,0.0,0.0,0.0
435,412,292,252,292,True,False,5,5,0,0,0,0.0,0.0,0.0,0.0,0.0
436,420,292,272,252,True,True,1562,1562,1442,60260,28,0.0,5.0,38.57874519846351,0.9231754161331626,38.57874519846351
436,421,292,272,273,True,True,1562,1562,35,514,3,0.0,1.0,0.3290653008962868,0.02240717029449424,0.3290653008962868
436,422,292,272,292,True,True,1562,1562,59,1966,2,0.0,6.0,1.2586427656850192,0.03777208706786172,1.2586427656850192
436,423,292,272,293,True,False,1562,1562,0,0,0,0.0,0.0,0.0,0.0,0.0
437,424,292,273,233,True,True,110,110,36,36,1,0.0,5.0,0.32727272727272727,0.32727272727272727,0.32727272727272727
437,425,292,273,252,True,True,110,110,10,241,2,0.0,4.0,2.190909090909091,0.09090909090909091,2.190909090909091
437,426,292,273,272,True,True,110,110,64,2227,3,0.0,4.0,20.245454545454546,0.5818181818181818,20.245454545454546
437,427,292,273,292,True,False,110,110,0,0,0,0.0,0.0,0.0,0.0,0.0
437,428,292,273,293,True,False,110,110,0,0,0,0.0,0.0,0.0,0.0,0.0
438,441,292,293,272,True,False,678,678,0,0,0,0.0,0.0,0.0,0.0,0.0
438,442,292,293,273,True,True,678,678,61,2169,2,0.0,2.0,3.1991150442477876,0.08997050147492626,3.1991150442477876
438,443,292,293,292,True,True,678,678,130,652,9,0.0,1.0,0.9616519174041298,0.19174041297935104,0.9616519174041298
438,444,292,293,312,True,True,678,678,236,3483,16,0.0,1.0,5.1371681415929205,0.3480825958702065,5.1371681415929205
438,445,292,293,313,True,True,678,678,381,6781,21,0.0,2.0,10.001474926253687,0.5619469026548672,10.001474926253687
438,446,292,293,315,True,True,678,678,26,26,1,0.0,4.0,0.038348082595870206,0.038348082595870206,0.038348082595870206
439,473,292,312,292,True,True,3429,3429,502,7440,16,0.0,6.0,2.1697287839020123,0.14639836687080782,2.1697287839020123
439,474,292,312,293,True,True,3429,3429,160,1682,8,0.0,4.0,0.4905220180810732,0.04666083406240887,0.4905220180810732
439,475,292,312,313,True,True,3429,3429,2102,61958,48,0.0,4.0,18.068824730242053,0.6130067074948965,18.068824730242053
439,476,292,312,332,True,True,3429,3429,726,26142,15,0.0,6.0,7.623797025371829,0.21172353455818022,7.623797025371829
440,477,292,313,292,True,True,759,759,145,1762,12,0.0,5.0,2.321475625823452,0.19104084321475626,2.321475625823452
440,478,292,313,293,True,True,759,759,83,1428,4,0.0,2.0,1.8814229249011858,0.10935441370223979,1.8814229249011858
440,479,292,313,312,True,True,759,759,566,18406,30,0.0,4.0,24.250329380764164,0.7457180500658761,24.250329380764164
440,480,292,313,315,True,True,759,759,10,10,1,0.0,2.0,0.013175230566534914,0.013175230566534914,0.013175230566534914
440,481,292,313,332,True,True,759,759,32,612,3,0.0,4.0,0.8063241106719368,0.04216073781291173,0.8063241106719368
440,482,292,313,353,True,True,759,759,32,32,3,0.0,4.0,0.04216073781291173,0.04216073781291173,0.04216073781291173
441,420,293,272,252,True,True,109,109,61,2017,4,0.0,4.0,18.504587155963304,0.5596330275229358,18.504587155963304
441,421,293,272,273,True,True,109,109,49,957,3,0.0,1.0,8.779816513761467,0.44954128440366975,8.779816513761467
441,422,293,272,292,True,False,109,109,0,0,0,0.0,0.0,0.0,0.0,0.0
441,423,293,272,293,True,False,109,109,0,0,0,0.0,0.0,0.0,0.0,0.0
442,424,293,273,233,True,True,1168,1168,54,160,1,0.0,5.0,0.136986301369863,0.046232876712328765,0.136986301369863
442,425,293,273,252,True,True,1168,1168,252,3961,6,0.0,5.0,3.391267123287671,0.21575342465753425,3.391267123287671
442,426,293,273,272,True,True,1168,1168,341,6886,9,0.0,6.0,5.89554794520548,0.2919520547945205,5.89554794520548
442,427,293,273,292,True,False,1168,1168,0,0,0,0.0,0.0,0.0,0.0,0.0
442,428,293,273,293,True,False,1168,1168,0,0,0,0.0,0.0,0.0,0.0,0.0
443,435,293,292,252,True,False,749,749,0,0,0,0.0,0.0,0.0,0.0,0.0
443,436,293,292,272,True,True,749,749,127,3665,5,0.0,2.0,4.893190921228304,0.16955941255006676,4.893190921228304
443,437,293,292,273,True,True,749,749,29,157,2,0.0,0.0,0.2096128170894526,0.03871829105473965,0.2096128170894526
443,438,293,292,293,True,True,749,749,84,572,4,0.0,4.0,0.7636849132176236,0.11214953271028037,0.7636849132176236
443,439,293,292,312,True,True,749,749,585,13201,28,0.0,2.0,17.624833110814418,0.7810413885180241,17.624833110814418
443,440,293,292,313,True,True,749,749,247,2876,16,0.0,1.0,3.8397863818424565,0.32977303070761016,3.8397863818424565
444,473,293,312,292,True,True,804,804,227,3366,13,0.0,7.0,4.186567164179104,0.28233830845771146,4.186567164179104
444,474,293,312,293,True,True,804,804,248,2479,6,0.0,6.0,3.0833333333333335,0.30845771144278605,3.0833333333333335
444,475,293,312,313,True,True,804,804,658,18643,26,0.0,4.0,23.187810945273633,0.818407960199005,23.187810945273633
444,476,293,312,332,True,True,804,804,43,1291,5,0.0,6.0,1.605721393034826,0.053482587064676616,1.605721393034826
445,477,293,313,292,True,True,818,818,73,975,8,0.0,5.0,1.1919315403422983,0.08924205378973105,1.1919315403422983
445,478,293,313,293,True,True,818,818,26,189,3,0.0,1.0,0.2310513447432763,0.03178484107579462,0.2310513447432763
445,479,293,313,312,True,True,818,818,462,12221,24,0.0,3.0,14.940097799511003,0.5647921760391198,14.940097799511003
445,480,293,313,315,True,True,818,818,58,199,2,0.0,1.0,0.24327628361858192,0.07090464547677261,0.24327628361858192
445,481,293,313,332,True,True,818,818,82,1296,3,0.0,5.0,1.5843520782396088,0.10024449877750612,1.5843520782396088
445,482,293,313,353,True,True,818,818,5,5,1,3.0,5.0,0.006112469437652812,0.006112469437652812,0.006112469437652812
446,483,293,315,293,True,False,4,4,0,0,0,0.0,0.0,0.0,0.0,0.0
446,484,293,315,313,True,False,4,4,0,0,0,0.0,0.0,0.0,0.0,0.0
446,485,293,315,316,True,True,4,4,1,10,1,7.0,9.0,2.5,0.25,2.5
446,486,293,315,317,True,False,4,4,0,0,0,0.0,0.0,0.0,0.0,0.0
447,429,300,281,241,True,True,493,493,50,50,2,0.0,5.0,0.10141987829614604,0.10141987829614604,0.10141987829614604
447,430,300,281,260,True,True,493,493,21,930,1,0.0,6.0,1.8864097363083163,0.04259634888438134,1.8864097363083163
447,431,300,281,261,True,True,493,493,114,3933,8,0.0,5.0,7.9776876267748476,0.23123732251521298,7.9776876267748476
447,432,300,281,300,True,True,493,493,116,2763,7,0.0,4.0,5.604462474645031,0.23529411764705882,5.604462474645031
447,433,300,281,301,True,True,493,493,287,6489,10,0.0,3.0,13.162271805273834,0.5821501014198783,13.162271805273834
447,434,300,281,303,True,False,493,493,0,0,0,0.0,0.0,0.0,0.0,0.0
448,450,300,301,281,True,True,3610,3610,1155,26076,23,0.0,3.0,7.2232686980609415,0.31994459833795014,7.2232686980609415
448,451,300,301,300,True,True,3610,3610,1546,38384,18,0.0,6.0,10.632686980609419,0.42825484764542937,10.632686980609419
448,452,300,301,303,True,True,3610,3610,282,494,9,0.0,5.0,0.1368421052631579,0.0781163434903047,0.1368421052631579
448,453,300,301,321,True,True,3610,3610,125,3981,5,0.0,2.0,1.1027700831024931,0.03462603878116344,1.1027700831024931
448,454,300,301,341,True,False,3610,3610,0,0,0,0.0,0.0,0.0,0.0,0.0
449,495,300,321,300,True,False,68,68,0,0,0,0.0,0.0,0.0,0.0,0.0
449,496,300,321,301,True,False,68,68,0,0,0,0.0,0.0,0.0,0.0,0.0
449,497,300,321,340,True,True,68,68,49,663,4,0.0,6.0,9.75,0.7205882352941176,9.75
449,498,300,321,341,True,True,68,68,43,1319,3,0.0,8.0,19.397058823529413,0.6323529411764706,19.397058823529413
449,499,300,321,361,True,False,68,68,0,0,0,0.0,0.0,0.0,0.0,0.0
450,429,301,281,241,True,True,2247,2247,58,58,2,2.0,8.0,0.0258121940364931,0.0258121940364931,0.0258121940364931
450,430,301,281,260,True,True,2247,2247,402,6548,10,0.0,5.0,2.914107699154428,0.17890520694259013,2.914107699154428
450,431,301,281,261,True,True,2247,2247,1066,43315,24,0.0,6.0,19.276813529149976,0.4744103248776146,19.276813529149976
450,432,301,281,300,True,True,2247,2247,621,10029,16,0.0,2.0,4.463284379172229,0.27636849132176233,4.463284379172229
450,433,301,281,301,True,True,2247,2247,599,10761,17,0.0,3.0,4.789052069425901,0.2665776591010236,4.789052069425901
450,434,301,281,303,True,False,2247,2247,0,0,0,0.0,0.0,0.0,0.0,0.0
451,447,301,300,281,True,True,2318,2318,550,7813,14,0.0,5.0,3.3705780845556514,0.2372735116479724,3.3705780845556514
451,448,301,300,301,True,True,2318,2318,1690,55367,23,0.0,4.0,23.88567730802416,0.729076790336497,23.88567730802416
451,449,301,300,321,True,True,2318,2318,15,165,1,0.0,1.0,0.07118205349439172,0.0064710957722174285,0.07118205349439172
452,455,301,303,301,True,False,16,16,0,0,0,0.0,0.0,0.0,0.0,0.0
452,456,301,303,304,True,True,16,16,12,609,8,0.0,5.0,38.0625,0.75,38.0625
452,457,301,303,305,True,True,16,16,6,14,4,7.0,9.0,0.875,0.375,0.875
453,495,301,321,300,True,False,1142,1142,0,0,0,0.0,0.0,0.0,0.0,0.0
453,496,301,321,301,True,False,1142,1142,0,0,0,0.0,0.0,0.0,0.0,0.0
453,497,301,321,340,True,True,1142,1142,448,5089,11,0.0,5.0,4.4562171628721545,0.3922942206654991,4.4562171628721545
453,498,301,321,341,True,True,1142,1142,1082,40908,23,0.0,5.0,35.82136602451839,0.9474605954465849,35.82136602451839
453,499,301,321,361,True,True,1142,1142,94,279,2,0.0,5.0,0.24430823117338005,0.08231173380035026,0.24430823117338005
454,514,301,341,301,True,False,5,5,0,0,0,0.0,0.0,0.0,0.0,0.0
454,515,301,341,321,True,False,5,5,0,0,0,0.0,0.0,0.0,0.0,0.0
454,516,301,341,340,True,True,5,5,4,88,2,0.0,8.0,17.6,0.8,17.6
454,517,301,341,361,True,True,5,5,1,52,1,0.0,5.0,10.4,0.2,10.4
455,450,303,301,281,True,True,61,61,48,1594,13,0.0,4.0,26.131147540983605,0.7868852459016393,26.131147540983605
455,451,303,301,300,True,True,61,61,1,33,1,0.0,4.0,0.5409836065573771,0.01639344262295082,0.5409836065573771
455,452,303,301,303,True,False,61,61,0,0,0,0.0,0.0,0.0,0.0,0.0
455,453,303,301,321,True,True,61,61,12,577,5,0.0,4.0,9.459016393442623,0.19672131147540983,9.459016393442623
455,454,303,301,341,True,False,61,61,0,0,0,0.0,0.0,0.0,0.0,0.0
456,458,303,304,303,True,True,2330,2330,894,26646,10,0.0,5.0,11.436051502145922,0.38369098712446353,11.436051502145922
456,459,303,304,305,True,True,2330,2330,716,26817,16,0.0,4.0,11.509442060085837,0.3072961373390558,11.509442060085837
456,460,303,304,306,True,True,2330,2330,132,585,4,0.0,5.0,0.2510729613733906,0.05665236051502146,0.2510729613733906
457,461,303,305,303,True,False,20,20,0,0,0,0.0,0.0,0.0,0.0,0.0
457,462,303,305,304,True,False,20,20,0,0,0,0.0,0.0,0.0,0.0,0.0
457,463,303,305,306,True,True,20,20,16,494,7,0.0,7.0,24.7,0.8,24.7
457,464,303,305,307,True,True,20,20,5,13,3,8.0,9.0,0.65,0.25,0.65
457,465,303,305,326,True,True,20,20,1,1,1,10.0,10.0,0.05,0.05,0.05
458,455,304,303,301,True,True,2516,2516,627,2315,15,0.0,4.0,0.9201112877583466,0.24920508744038156,0.9201112877583466
458,456,304,303,304,True,True,2516,2516,1146,30446,11,0.0,4.0,12.100953895071543,0.45548489666136727,12.100953895071543
458,457,304,303,305,True,False,2516,2516,0,0,0,0.0,0.0,0.0,0.0,0.0
459,461,304,305,303,True,False,1010,1010,0,0,0,0.0,0.0,0.0,0.0,0.0
459,462,304,305,304,True,False,1010,1010,0,0,0,0.0,0.0,0.0,0.0,0.0
459,463,304,305,306,True,True,1010,1010,802,26504,19,0.0,4.0,26.24158415841584,0.7940594059405941,26.24158415841584
459,464,304,305,307,True,True,1010,1010,241,453,5,0.0,7.0,0.4485148514851485,0.2386138613861386,0.4485148514851485
459,465,304,305,326,True,True,1010,1010,151,1046,5,0.0,8.0,1.0356435643564357,0.1495049504950495,1.0356435643564357
460,466,304,306,304,True,False,22,22,0,0,0,0.0,0.0,0.0,0.0,0.0
460,467,304,306,305,True,True,22,22,4,44,2,0.0,3.5,2.0,0.18181818181818182,2.0
460,468,304,306,307,True,True,22,22,18,943,4,0.0,6.0,42.86363636363637,0.8181818181818182,42.86363636363637
460,469,304,306,326,True,True,22,22,4,11,2,0.0,10.0,0.5,0.18181818181818182,0.5
461,455,305,303,301,True,True,88,88,39,163,10,2.0,6.0,1.8522727272727273,0.4431818181818182,1.8522727272727273
461,456,305,303,304,True,True,88,88,17,795,3,0.0,4.0,9.034090909090908,0.19318181818181818,9.034090909090908
461,457,305,303,305,True,False,88,88,0,0,0,0.0,0.0,0.0,0.0,0.0
462,458,305,304,303,True,True,1462,1462,1462,50204,32,0.0,3.0,34.339261285909714,1.0,34.339261285909714
462,459,305,304,305,True,False,1462,1462,0,0,0,0.0,0.0,0.0,0.0,0.0
462,460,305,304,306,True,False,1462,1462,0,0,0,0.0,0.0,0.0,0.0,0.0
463,466,305,306,304,True,False,1373,1373,0,0,0,0.0,0.0,0.0,0.0,0.0
463,467,305,306,305,True,True,1373,1373,261,3120,8,0.0,1.0,2.272396212672979,0.19009468317552805,2.272396212672979
463,468,305,306,307,True,True,1373,1373,512,19455,11,0.0,3.0,14.169701383831027,0.3729060451565914,14.169701383831027
463,469,305,306,326,True,True,1373,1373,814,27550,23,0.0,4.0,20.065549890750184,0.5928623452294246,20.065549890750184
464,470,305,307,305,True,False,12,12,0,0,0,0.0,0.0,0.0,0.0,0.0
464,471,305,307,306,True,True,12,12,12,183,6,2.0,8.0,15.25,1.0,15.25
464,472,305,307,326,True,False,12,12,0,0,0,0.0,0.0,0.0,0.0,0.0
465,500,305,326,305,True,True,461,461,48,242,2,0.0,0.5,0.5249457700650759,0.10412147505422993,0.5249457700650759
465,501,305,326,306,True,True,461,461,42,143,3,0.0,0.0,0.31019522776572667,0.0911062906724512,0.31019522776572667
465,502,305,326,307,True,False,461,461,0,0,0,0.0,0.0,0.0,0.0,0.0
465,503,305,326,346,True,True,461,461,178,4115,13,0.0,7.0,8.926247288503253,0.38611713665943603,8.926247288503253
465,504,305,326,347,True,True,461,461,25,164,3,3.0,8.5,0.3557483731019523,0.05422993492407809,0.3557483731019523
466,458,306,304,303,True,True,62,62,62,2777,19,0.0,4.0,44.79032258064516,1.0,44.79032258064516
466,459,306,304,305,True,False,62,62,0,0,0,0.0,0.0,0.0,0.0,0.0
466,460,306,304,306,True,False,62,62,0,0,0,0.0,0.0,0.0,0.0,0.0
467,461,306,305,303,True,True,1673,1673,1024,3998,22,0.0,5.0,2.3897190675433353,0.6120741183502689,2.3897190675433353
467,462,306,305,304,True,True,1673,1673,1475,54573,31,0.0,3.0,32.619844590555886,0.881649731022116,32.619844590555886
467,463,306,305,306,True,True,1673,1673,118,1033,8,0.0,2.0,0.6174536760310819,0.07053197848176927,0.6174536760310819
467,464,306,305,307,True,False,1673,1673,0,0,0,0.0,0.0,0.0,0.0,0.0
467,465,306,305,326,True,True,1673,1673,97,1274,9,0.0,1.0,0.7615062761506276,0.05797967722653915,0.7615062761506276
468,470,306,307,305,True,False,3461,3461,0,0,0,0.0,0.0,0.0,0.0,0.0
468,471,306,307,306,True,True,3461,3461,2693,77660,27,0.0,5.0,22.438601560242706,0.77809881537128,22.438601560242706
468,472,306,307,326,True,True,3461,3461,27,355,2,0.0,0.0,0.10257151112395262,0.007801213522103438,0.10257151112395262
469,500,306,326,305,True,True,1496,1496,2,16,1,0.0,0.0,0.0106951871657754,0.001336898395721925,0.0106951871657754
469,501,306,326,306,True,True,1496,1496,4,13,2,0.0,0.0,0.008689839572192513,0.00267379679144385,0.008689839572192513
469,502,306,326,307,True,False,1496,1496,0,0,0,0.0,0.0,0.0,0.0,0.0
469,503,306,326,346,True,True,1496,1496,1199,45106,29,0.0,5.0,30.15106951871658,0.8014705882352942,30.15106951871658
469,504,306,326,347,True,True,1496,1496,502,7892,10,0.0,4.0,5.275401069518717,0.3355614973262032,5.275401069518717
470,461,307,305,303,True,True,16,16,16,48,4,1.0,5.0,3.0,1.0,3.0
470,462,307,305,304,True,True,16,16,16,688,4,0.0,4.0,43.0,1.0,43.0
470,463,307,305,306,True,False,16,16,0,0,0,0.0,0.0,0.0,0.0,0.0
470,464,307,305,307,True,False,16,16,0,0,0,0.0,0.0,0.0,0.0,0.0
470,465,307,305,326,True,False,16,16,0,0,0,0.0,0.0,0.0,0.0,0.0
471,466,307,306,304,True,True,3304,3304,173,898,5,0.0,5.0,0.2717917675544794,0.052360774818401935,0.2717917675544794
471,467,307,306,305,True,True,3304,3304,225,7730,6,0.0,4.0,2.3395883777239708,0.06809927360774819,2.3395883777239708
471,468,307,306,307,True,True,3304,3304,2343,58716,26,0.0,5.0,17.771186440677965,0.7091404358353511,17.771186440677965
471,469,307,306,326,True,True,3304,3304,102,1933,5,0.0,2.0,0.5850484261501211,0.030871670702179176,0.5850484261501211
472,500,307,326,305,True,False,49,49,0,0,0,0.0,0.0,0.0,0.0,0.0
472,501,307,326,306,True,False,49,49,0,0,0,0.0,0.0,0.0,0.0,0.0
472,502,307,326,307,True,False,49,49,0,0,0,0.0,0.0,0.0,0.0,0.0
472,503,307,326,346,True,True,49,49,49,2361,4,0.0,4.0,48.183673469387756,1.0,48.183673469387756
472,504,307,326,347,True,False,49,49,0,0,0,0.0,0.0,0.0,0.0,0.0
473,435,312,292,252,True,True,2905,2905,184,184,4,0.0,6.0,0.06333907056798622,0.06333907056798622,0.06333907056798622
473,436,312,292,272,True,True,2905,2905,1101,46624,23,0.0,5.0,16.049569707401034,0.3790017211703959,16.049569707401034
473,437,312,292,273,True,True,2905,2905,168,4415,4,0.0,5.0,1.5197934595524958,0.05783132530120482,1.5197934595524958
473,438,312,292,293,True,True,2905,2905,217,3618,8,0.0,1.0,1.2454388984509466,0.0746987951807229,1.2454388984509466
473,439,312,292,312,True,True,2905,2905,1608,42091,40,0.0,3.0,14.489156626506023,0.5535283993115319,14.489156626506023
473,440,312,292,313,True,True,2905,2905,877,11528,21,0.0,3.0,3.968330464716007,0.3018932874354561,3.968330464716007
474,441,312,293,272,True,True,611,611,30,959,1,0.0,4.0,1.5695581014729951,0.049099836333878884,1.5695581014729951
474,442,312,293,273,True,True,611,611,42,1871,2,0.0,3.0,3.062193126022913,0.06873977086743044,3.062193126022913
474,443,312,293,292,True,True,611,611,234,4283,14,0.0,2.0,7.009819967266775,0.3829787234042553,7.009819967266775
474,444,312,293,312,True,True,611,611,323,6573,15,0.0,3.0,10.757774140752865,0.5286415711947627,10.757774140752865
474,445,312,293,313,True,True,611,611,354,4920,12,0.0,1.0,8.052373158756138,0.5793780687397708,8.052373158756138
474,446,312,293,315,True,False,611,611,0,0,0,0.0,0.0,0.0,0.0,0.0
475,477,312,313,292,True,True,6951,6951,1704,25584,32,0.0,3.0,3.680621493310315,0.24514458351316357,3.680621493310315
475,478,312,313,293,True,True,6951,6951,1198,23014,25,0.0,2.0,3.310890519349734,0.17234930225866782,3.310890519349734
475,479,312,313,312,True,True,6951,6951,5025,156510,51,0.0,4.0,22.51618472162279,0.7229175658178679,22.51618472162279
475,480,312,313,315,True,True,6951,6951,298,856,7,0.0,5.0,0.12314774852539204,0.04287152927636311,0.12314774852539204
475,481,312,313,332,True,True,6951,6951,34,358,3,0.0,1.0,0.05150338080851676,0.004891382534887067,0.05150338080851676
475,482,312,313,353,True,True,6951,6951,75,75,3,0.0,2.0,0.01078981441519206,0.01078981441519206,0.01078981441519206
476,505,312,332,292,True,False,901,901,0,0,0,0.0,0.0,0.0,0.0,0.0
476,506,312,332,312,True,False,901,901,0,0,0,0.0,0.0,0.0,0.0,0.0
476,507,312,332,313,True,False,901,901,0,0,0,0.0,0.0,0.0,0.0,0.0
476,508,312,332,352,True,True,901,901,787,27229,17,0.0,6.0,30.220865704772475,0.8734739178690344,30.220865704772475
476,509,312,332,353,True,True,901,901,419,5082,12,0.0,5.0,5.640399556048835,0.46503884572697,5.640399556048835
477,435,313,292,252,True,True,1064,1064,35,35,1,3.0,8.0,0.03289473684210526,0.03289473684210526,0.03289473684210526
477,436,313,292,272,True,True,1064,1064,281,11176,8,0.0,6.0,10.503759398496241,0.2640977443609023,10.503759398496241
477,437,313,292,273,True,True,1064,1064,9,25,1,0.0,1.0,0.023496240601503758,0.008458646616541353,0.023496240601503758
477,438,313,292,293,True,True,1064,1064,19,254,2,0.0,1.0,0.2387218045112782,0.017857142857142856,0.2387218045112782
477,439,313,292,312,True,True,1064,1064,750,19365,31,0.0,2.0,18.200187969924812,0.7048872180451128,18.200187969924812
477,440,313,292,313,True,True,1064,1064,178,1847,13,0.0,3.0,1.7359022556390977,0.16729323308270677,1.7359022556390977
478,441,313,293,272,True,True,1835,1835,172,3165,5,0.0,5.0,1.7247956403269755,0.09373297002724795,1.7247956403269755
478,442,313,293,273,True,True,1835,1835,900,32883,19,0.0,6.0,17.919891008174385,0.4904632152588556,17.919891008174385
478,443,313,293,292,True,True,1835,1835,492,9272,18,0.0,2.0,5.052861035422343,0.2681198910081744,5.052861035422343
478,444,313,293,312,True,True,1835,1835,486,8261,16,0.0,2.0,4.501907356948229,0.26485013623978204,4.501907356948229
478,445,313,293,313,True,True,1835,1835,293,2794,12,0.0,2.0,1.522615803814714,0.15967302452316076,1.522615803814714
478,446,313,293,315,True,False,1835,1835,0,0,0,0.0,0.0,0.0,0.0,0.0
479,473,313,312,292,True,True,6124,6124,1753,28115,41,0.0,4.0,4.590953625081646,0.2862508164598302,4.590953625081646
479,474,313,312,293,True,True,6124,6124,662,9701,17,0.0,5.0,1.5840953625081646,0.10809928151534945,1.5840953625081646
479,475,313,312,313,True,True,6124,6124,3816,102603,48,0.0,6.0,16.754245591116916,0.6231221423905944,16.754245591116916
479,476,313,312,332,True,True,6124,6124,182,4831,7,0.0,2.0,0.7888634879163945,0.029719137818419335,0.7888634879163945
480,483,313,315,293,True,False,30,30,0,0,0,0.0,0.0,0.0,0.0,0.0
480,484,313,315,313,True,False,30,30,0,0,0,0.0,0.0,0.0,0.0,0.0
480,485,313,315,316,True,True,30,30,21,957,9,0.0,4.0,31.9,0.7,31.9
480,486,313,315,317,True,True,30,30,11,41,4,2.0,5.0,1.3666666666666667,0.36666666666666664,1.3666666666666667
481,505,313,332,292,True,False,454,454,0,0,0,0.0,0.0,0.0,0.0,0.0
481,506,313,332,312,True,False,454,454,0,0,0,0.0,0.0,0.0,0.0,0.0
481,507,313,332,313,True,False,454,454,0,0,0,0.0,0.0,0.0,0.0,0.0
481,508,313,332,352,True,True,454,454,393,14736,17,0.0,5.0,32.458149779735685,0.8656387665198237,32.458149779735685
481,509,313,332,353,True,True,454,454,322,2960,13,0.0,5.0,6.5198237885462555,0.7092511013215859,6.5198237885462555
482,529,313,353,332,True,False,4,4,0,0,0,0.0,0.0,0.0,0.0,0.0
482,530,313,353,352,True,True,4,4,2,57,2,0.0,3.0,14.25,0.5,14.25
482,531,313,353,372,True,True,4,4,2,27,2,0.0,3.0,6.75,0.5,6.75
483,441,315,293,272,True,False,9,9,0,0,0,0.0,0.0,0.0,0.0,0.0
483,442,315,293,273,True,True,9,9,3,5,1,9.0,10.0,0.5555555555555556,0.3333333333333333,0.5555555555555556
483,443,315,293,292,True,False,9,9,0,0,0,0.0,0.0,0.0,0.0,0.0
483,444,315,293,312,True,True,9,9,3,160,1,0.0,5.0,17.77777777777778,0.3333333333333333,17.77777777777778
483,445,315,293,313,True,False,9,9,0,0,0,0.0,0.0,0.0,0.0,0.0
483,446,315,293,315,True,False,9,9,0,0,0,0.0,0.0,0.0,0.0,0.0
484,477,315,313,292,True,True,153,153,7,279,3,0.0,5.0,1.8235294117647058,0.0457516339869281,1.8235294117647058
484,478,315,313,293,True,True,153,153,49,1920,14,0.0,6.0,12.549019607843137,0.3202614379084967,12.549019607843137
484,479,315,313,312,True,True,153,153,59,2518,19,0.0,4.0,16.45751633986928,0.38562091503267976,16.45751633986928
484,480,315,313,315,True,False,153,153,0,0,0,0.0,0.0,0.0,0.0,0.0
484,481,315,313,332,True,True,153,153,44,906,11,0.0,6.0,5.921568627450981,0.2875816993464052,5.921568627450981
484,482,315,313,353,True,False,153,153,0,0,0,0.0,0.0,0.0,0.0,0.0
485,487,315,316,315,True,True,2150,2150,1447,48837,12,0.0,3.0,22.71488372093023,0.6730232558139535,22.71488372093023
485,488,315,316,317,True,True,2150,2150,477,16026,13,0.0,3.0,7.453953488372093,0.22186046511627908,7.453953488372093
485,489,315,316,318,True,True,2150,2150,205,477,5,0.0,5.0,0.22186046511627908,0.09534883720930233,0.22186046511627908
486,490,315,317,315,True,False,14,14,0,0,0,0.0,0.0,0.0,0.0,0.0
486,491,315,317,316,True,False,14,14,0,0,0,0.0,0.0,0.0,0.0,0.0
486,492,315,317,318,True,True,14,14,10,434,5,0.0,4.0,31.0,0.7142857142857143,31.0
487,483,316,315,293,True,True,3884,3884,57,312,2,0.0,5.0,0.08032955715756952,0.014675592173017508,0.08032955715756952
487,484,316,315,313,True,True,3884,3884,1730,5332,37,0.0,4.0,1.372811534500515,0.4454170957775489,1.372811534500515
487,485,316,315,316,True,True,3884,3884,701,13658,11,0.0,7.0,3.516477857878476,0.18048403707518024,3.516477857878476
487,486,316,315,317,True,False,3884,3884,0,0,0,0.0,0.0,0.0,0.0,0.0
488,490,316,317,315,True,False,488,488,0,0,0,0.0,0.0,0.0,0.0,0.0
488,491,316,317,316,True,False,488,488,0,0,0,0.0,0.0,0.0,0.0,0.0
488,492,316,317,318,True,True,488,488,389,12625,11,0.0,4.0,25.87090163934426,0.7971311475409836,25.87090163934426
489,493,316,318,316,True,False,11,11,0,0,0,0.0,0.0,0.0,0.0,0.0
489,494,316,318,317,True,False,11,11,0,0,0,0.0,0.0,0.0,0.0,0.0
490,483,317,315,293,True,True,89,89,11,51,2,5.0,8.0,0.5730337078651685,0.12359550561797752,0.5730337078651685
490,484,317,315,313,True,True,89,89,59,168,20,2.0,6.0,1.8876404494382022,0.6629213483146067,1.8876404494382022
490,485,317,315,316,True,False,89,89,0,0,0,0.0,0.0,0.0,0.0,0.0
490,486,317,315,317,True,False,89,89,0,0,0,0.0,0.0,0.0,0.0,0.0
491,487,317,316,315,True,True,2220,2220,2149,81980,46,0.0,3.0,36.927927927927925,0.968018018018018,36.927927927927925
491,488,317,316,317,True,False,2220,2220,0,0,0,0.0,0.0,0.0,0.0,0.0
491,489,317,316,318,True,False,2220,2220,0,0,0,0.0,0.0,0.0,0.0,0.0
492,493,317,318,316,True,False,524,524,0,0,0,0.0,0.0,0.0,0.0,0.0
492,494,317,318,317,True,True,524,524,27,336,1,0.0,1.0,0.6412213740458015,0.05152671755725191,0.6412213740458015
493,487,318,316,315,True,True,74,74,71,3241,24,0.0,5.0,43.7972972972973,0.9594594594594594,43.7972972972973
493,488,318,316,317,True,False,74,74,0,0,0,0.0,0.0,0.0,0.0,0.0
493,489,318,316,318,True,False,74,74,0,0,0,0.0,0.0,0.0,0.0,0.0
494,490,318,317,315,True,True,2361,2361,1142,3739,25,0.0,5.0,1.5836509953409572,0.4836933502753071,1.5836509953409572
494,491,318,317,316,True,True,2361,2361,2096,74508,45,0.0,3.0,31.55781448538755,0.8877594239728929,31.55781448538755
494,492,318,317,318,True,True,2361,2361,13,304,1,0.0,1.0,0.12875900042354935,0.005506141465480729,0.12875900042354935
495,447,321,300,281,True,True,197,197,61,512,5,0.0,7.0,2.598984771573604,0.3096446700507614,2.598984771573604
495,448,321,300,301,True,True,197,197,171,5454,10,0.0,4.0,27.685279187817258,0.868020304568528,27.685279187817258
495,449,321,300,321,True,False,197,197,0,0,0,0.0,0.0,0.0,0.0,0.0
496,450,321,301,281,True,True,922,922,322,11383,6,0.0,5.0,12.345986984815617,0.3492407809110629,12.345986984815617
496,451,321,301,300,True,True,922,922,414,9397,11,0.0,4.0,10.191973969631237,0.4490238611713666,10.191973969631237
496,452,321,301,303,True,True,922,922,93,93,4,0.0,7.0,0.10086767895878525,0.10086767895878525,0.10086767895878525
496,453,321,301,321,True,False,922,922,0,0,0,0.0,0.0,0.0,0.0,0.0
496,454,321,301,341,True,False,922,922,0,0,0,0.0,0.0,0.0,0.0,0.0
497,510,321,340,300,True,False,425,425,0,0,0,0.0,0.0,0.0,0.0,0.0
497,511,321,340,321,True,True,425,425,19,49,2,0.0,8.0,0.11529411764705882,0.04470588235294118,0.11529411764705882
497,512,321,340,341,True,True,425,425,272,7972,15,0.0,4.0,18.75764705882353,0.64,18.75764705882353
497,513,321,340,361,True,True,425,425,68,1157,3,0.0,5.0,2.7223529411764704,0.16,2.7223529411764704
498,514,321,341,301,True,False,1461,1461,0,0,0,0.0,0.0,0.0,0.0,0.0
498,515,321,341,321,True,True,1461,1461,131,2717,3,0.0,8.0,1.8596851471594797,0.08966461327857632,1.8596851471594797
498,516,321,341,340,True,True,1461,1461,676,16375,18,0.0,5.0,11.208076659822039,0.46269678302532513,11.208076659822039
498,517,321,341,361,True,True,1461,1461,706,26311,16,0.0,5.0,18.00889801505818,0.48323066392881586,18.00889801505818
499,533,321,361,340,True,False,6,6,0,0,0,0.0,0.0,0.0,0.0,0.0
499,534,321,361,341,True,False,6,6,0,0,0,0.0,0.0,0.0,0.0,0.0
499,535,321,361,381,True,True,6,6,3,22,1,3.0,7.0,3.6666666666666665,0.5,3.6666666666666665
499,536,321,361,383,True,False,6,6,0,0,0,0.0,0.0,0.0,0.0,0.0
500,461,326,305,303,True,True,117,117,59,310,6,2.0,7.0,2.6495726495726495,0.5042735042735043,2.6495726495726495
500,462,326,305,304,True,True,117,117,69,3223,7,0.0,5.0,27.54700854700855,0.5897435897435898,27.54700854700855
500,463,326,305,306,True,True,117,117,8,125,1,0.0,4.0,1.0683760683760684,0.06837606837606838,1.0683760683760684
500,464,326,305,307,True,False,117,117,0,0,0,0.0,0.0,0.0,0.0,0.0
500,465,326,305,326,True,True,117,117,34,562,2,0.0,3.0,4.803418803418803,0.2905982905982906,4.803418803418803
501,466,326,306,304,True,True,841,841,447,1322,10,0.0,5.0,1.5719381688466112,0.5315101070154578,1.5719381688466112
501,467,326,306,305,True,True,841,841,779,30604,18,0.0,4.0,36.390011890606424,0.9262782401902497,36.390011890606424
501,468,326,306,307,True,True,841,841,56,1080,2,0.0,5.0,1.2841854934601664,0.06658739595719382,1.2841854934601664
501,469,326,306,326,True,True,841,841,6,112,1,0.0,1.0,0.13317479191438764,0.007134363852556481,0.13317479191438764
502,470,326,307,305,True,False,18,18,0,0,0,0.0,0.0,0.0,0.0,0.0
502,471,326,307,306,True,True,18,18,8,68,2,5.0,9.0,3.7777777777777777,0.4444444444444444,3.7777777777777777
502,472,326,307,326,True,False,18,18,0,0,0,0.0,0.0,0.0,0.0,0.0
503,518,326,346,326,True,True,2223,2223,76,219,3,1.0,8.0,0.09851551956815115,0.03418803418803419,0.09851551956815115
503,519,326,346,347,True,True,2223,2223,911,31612,17,0.0,4.0,14.2204228520018,0.4098065677013045,14.2204228520018
503,520,326,346,367,True,True,2223,2223,382,7375,8,0.0,5.0,3.3175888439046335,0.17183985605038238,3.3175888439046335
504,521,326,347,326,True,True,248,248,35,335,3,2.0,8.0,1.3508064516129032,0.14112903225806453,1.3508064516129032
504,522,326,347,346,True,True,248,248,87,1288,9,0.0,4.0,5.193548387096774,0.35080645161290325,5.193548387096774
504,523,326,347,367,True,True,248,248,169,6782,8,0.0,5.0,27.346774193548388,0.6814516129032258,27.346774193548388
505,435,332,292,252,True,True,3,3,1,1,1,8.0,8.0,0.3333333333333333,0.3333333333333333,0.3333333333333333
505,436,332,292,272,True,True,3,3,2,108,2,0.0,6.0,36.0,0.6666666666666666,36.0
505,437,332,292,273,True,False,3,3,0,0,0,0.0,0.0,0.0,0.0,0.0
505,438,332,292,293,True,True,3,3,1,21,1,0.0,1.0,7.0,0.3333333333333333,7.0
505,439,332,292,312,True,True,3,3,1,11,1,1.0,10.0,3.6666666666666665,0.3333333333333333,3.6666666666666665
505,440,332,292,313,True,True,3,3,1,2,1,10.0,10.0,0.6666666666666666,0.3333333333333333,0.6666666666666666
506,473,332,312,292,True,True,2453,2453,1497,59090,30,0.0,5.0,24.08887077048512,0.610273134936812,24.08887077048512
506,474,332,312,293,True,True,2453,2453,333,6519,9,0.0,4.0,2.657562168772931,0.13575214023644516,2.657562168772931
506,475,332,312,313,True,True,2453,2453,936,25231,28,0.0,3.0,10.285772523440684,0.38157358336730535,10.285772523440684
506,476,332,312,332,True,False,2453,2453,0,0,0,0.0,0.0,0.0,0.0,0.0
507,477,332,313,292,True,True,446,446,132,1276,5,0.0,5.0,2.8609865470852016,0.29596412556053814,2.8609865470852016
507,478,332,313,293,True,True,446,446,66,836,4,0.0,2.0,1.8744394618834082,0.14798206278026907,1.8744394618834082
507,479,332,313,312,True,True,446,446,178,4298,7,0.0,4.0,9.63677130044843,0.3991031390134529,9.63677130044843
507,480,332,313,315,True,True,446,446,98,228,7,3.0,8.0,0.5112107623318386,0.21973094170403587,0.5112107623318386
507,481,332,313,332,True,False,446,446,0,0,0,0.0,0.0,0.0,0.0,0.0
507,482,332,313,353,True,False,446,446,0,0,0,0.0,0.0,0.0,0.0,0.0
508,524,332,352,312,True,False,2446,2446,0,0,0,0.0,0.0,0.0,0.0,0.0
508,525,332,352,332,True,True,2446,2446,211,1479,8,0.0,8.0,0.6046606704824202,0.08626328699918234,0.6046606704824202
508,526,332,352,353,True,True,2446,2446,1615,41510,37,0.0,4.0,16.97056418642682,0.6602616516762061,16.97056418642682
508,527,332,352,372,True,True,2446,2446,814,29391,17,0.0,6.0,12.015944399018807,0.3327882256745707,12.015944399018807
508,528,332,352,393,True,True,2446,2446,96,202,2,0.0,6.0,0.08258381030253475,0.039247751430907606,0.08258381030253475
509,529,332,353,332,True,True,512,512,46,1414,4,0.0,5.0,2.76171875,0.08984375,2.76171875
509,530,332,353,352,True,True,512,512,357,10244,25,0.0,3.0,20.0078125,0.697265625,20.0078125
509,531,332,353,372,True,True,512,512,44,510,7,0.0,2.0,0.99609375,0.0859375,0.99609375
510,447,340,300,281,True,True,6,6,2,31,2,4.0,7.0,5.166666666666667,0.3333333333333333,5.166666666666667
510,448,340,300,301,True,True,6,6,5,254,3,0.0,5.0,42.333333333333336,0.8333333333333334,42.333333333333336
510,449,340,300,321,True,False,6,6,0,0,0,0.0,0.0,0.0,0.0,0.0
511,495,340,321,300,True,True,69,69,20,29,2,0.0,1.0,0.42028985507246375,0.2898550724637681,0.42028985507246375
511,496,340,321,301,True,True,69,69,23,1103,2,0.0,6.0,15.985507246376812,0.3333333333333333,15.985507246376812
511,497,340,321,340,True,True,69,69,9,125,2,0.0,2.0,1.8115942028985508,0.13043478260869565,1.8115942028985508
511,498,340,321,341,True,True,69,69,17,242,3,0.0,0.0,3.5072463768115942,0.2463768115942029,3.5072463768115942
511,499,340,321,361,True,False,69,69,0,0,0,0.0,0.0,0.0,0.0,0.0
512,514,340,341,301,True,False,2285,2285,0,0,0,0.0,0.0,0.0,0.0,0.0
512,515,340,341,321,True,True,2285,2285,572,10100,13,0.0,4.0,4.420131291028446,0.25032822757111595,4.420131291028446
512,516,340,341,340,True,True,2285,2285,1479,36957,21,0.0,6.0,16.173741794310722,0.6472647702407002,16.173741794310722
512,517,340,341,361,True,True,2285,2285,58,909,4,0.0,2.0,0.3978118161925602,0.02538293216630197,0.3978118161925602
513,533,340,361,340,True,False,130,130,0,0,0,0.0,0.0,0.0,0.0,0.0
513,534,340,361,341,True,False,130,130,0,0,0,0.0,0.0,0.0,0.0,0.0
513,535,340,361,381,True,True,130,130,94,1551,6,0.0,3.0,11.930769230769231,0.7230769230769231,11.930769230769231
513,536,340,361,383,True,True,130,130,9,21,2,4.0,7.0,0.16153846153846155,0.06923076923076923,0.16153846153846155
514,450,341,301,281,True,True,3,3,2,47,2,1.0,7.0,15.666666666666666,0.6666666666666666,15.666666666666666
514,451,341,301,300,True,True,3,3,2,41,2,0.0,8.0,13.666666666666666,0.6666666666666666,13.666666666666666
514,452,341,301,303,True,False,3,3,0,0,0,0.0,0.0,0.0,0.0,0.0
514,453,341,301,321,True,False,3,3,0,0,0,0.0,0.0,0.0,0.0,0.0
514,454,341,301,341,True,False,3,3,0,0,0,0.0,0.0,0.0,0.0,0.0
515,495,341,321,300,True,True,1836,1836,432,4912,10,0.0,4.0,2.6753812636165577,0.23529411764705882,2.6753812636165577
515,496,341,321,301,True,True,1836,1836,930,33124,18,0.0,5.0,18.04139433551198,0.5065359477124183,18.04139433551198
515,497,341,321,340,True,True,1836,1836,388,6411,10,0.0,2.0,3.491830065359477,0.2113289760348584,3.491830065359477
515,498,341,321,341,True,True,1836,1836,340,6840,9,0.0,3.0,3.7254901960784315,0.18518518518518517,3.7254901960784315
515,499,341,321,361,True,False,1836,1836,0,0,0,0.0,0.0,0.0,0.0,0.0
516,510,341,340,300,True,True,2335,2335,76,165,2,0.0,5.0,0.07066381156316917,0.032548179871520345,0.07066381156316917
516,511,341,340,321,True,True,2335,2335,230,1007,7,0.0,3.0,0.4312633832976445,0.09850107066381156,0.4312633832976445
516,512,341,340,341,True,True,2335,2335,1686,49727,23,0.0,4.0,21.296359743040686,0.7220556745182013,21.296359743040686
516,513,341,340,361,True,True,2335,2335,113,1242,5,0.0,1.0,0.5319057815845825,0.048394004282655244,0.5319057815845825
517,533,341,361,340,True,False,1018,1018,0,0,0,0.0,0.0,0.0,0.0,0.0
517,534,341,361,341,True,False,1018,1018,0,0,0,0.0,0.0,0.0,0.0,0.0
517,535,341,361,381,True,True,1018,1018,616,16894,13,0.0,5.0,16.595284872298624,0.6051080550098232,16.595284872298624
517,536,341,361,383,True,True,1018,1018,6,12,1,8.0,10.0,0.011787819253438114,0.005893909626719057,0.011787819253438114
518,500,346,326,305,True,True,549,549,135,585,5,0.0,7.0,1.0655737704918034,0.2459016393442623,1.0655737704918034
518,501,346,326,306,True,True,549,549,476,18303,12,0.0,5.0,33.33879781420765,0.8670309653916212,33.33879781420765
518,502,346,326,307,True,True,549,549,10,20,1,0.0,0.0,0.03642987249544627,0.018214936247723135,0.03642987249544627
518,503,346,326,346,True,True,549,549,32,852,3,0.0,2.0,1.5519125683060109,0.058287795992714025,1.5519125683060109
518,504,346,326,347,True,True,549,549,9,42,1,0.0,1.0,0.07650273224043716,0.01639344262295082,0.07650273224043716
519,521,346,347,326,True,True,2141,2141,607,9227,10,0.0,4.0,4.309668379262027,0.28351237739374124,4.309668379262027
519,522,346,347,346,True,True,2141,2141,1661,44891,16,0.0,6.0,20.96730499766464,0.7758056982718355,20.96730499766464
519,523,346,347,367,True,True,2141,2141,73,1663,5,0.0,2.0,0.7767398411957029,0.03409621672115834,0.7767398411957029
520,537,346,367,346,True,False,256,256,0,0,0,0.0,0.0,0.0,0.0,0.0
520,538,346,367,347,True,False,256,256,0,0,0,0.0,0.0,0.0,0.0,0.0
520,539,346,367,386,True,True,256,256,21,21,2,2.0,4.0,0.08203125,0.08203125,0.08203125
520,540,346,367,387,True,True,256,256,149,4026,7,0.0,3.0,15.7265625,0.58203125,15.7265625
520,541,346,367,388,True,True,256,256,99,1608,3,0.0,7.0,6.28125,0.38671875,6.28125
520,542,346,367,389,True,True,256,256,1,1,1,10.0,10.0,0.00390625,0.00390625,0.00390625
521,500,347,326,305,True,True,494,494,112,1109,4,0.0,6.0,2.2449392712550607,0.22672064777327935,2.2449392712550607
521,501,347,326,306,True,True,494,494,209,7445,7,0.0,5.0,15.070850202429149,0.4230769230769231,15.070850202429149
521,502,347,326,307,True,False,494,494,0,0,0,0.0,0.0,0.0,0.0,0.0
521,503,347,326,346,True,True,494,494,279,7314,10,0.0,2.0,14.805668016194332,0.5647773279352226,14.805668016194332
521,504,347,326,347,True,True,494,494,109,525,3,0.0,2.0,1.062753036437247,0.22064777327935223,1.062753036437247
522,518,347,346,326,True,True,1760,1760,257,3089,9,0.0,1.0,1.7551136363636364,0.14602272727272728,1.7551136363636364
522,519,347,346,347,True,True,1760,1760,1208,43233,15,0.0,6.0,24.564204545454544,0.6863636363636364,24.564204545454544
522,520,347,346,367,True,True,1760,1760,106,1767,4,0.0,1.0,1.0039772727272727,0.060227272727272727,1.0039772727272727
523,537,347,367,346,True,False,715,715,0,0,0,0.0,0.0,0.0,0.0,0.0
523,538,347,367,347,True,False,715,715,0,0,0,0.0,0.0,0.0,0.0,0.0
523,539,347,367,386,True,True,715,715,55,2475,1,0.0,4.0,3.4615384615384617,0.07692307692307693,3.4615384615384617
523,540,347,367,387,True,True,715,715,575,15732,12,0.0,4.0,22.002797202797204,0.8041958041958042,22.002797202797204
523,541,347,367,388,True,True,715,715,330,4863,7,0.0,6.0,6.801398601398601,0.46153846153846156,6.801398601398601
523,542,347,367,389,True,True,715,715,45,45,1,2.0,8.0,0.06293706293706294,0.06293706293706294,0.06293706293706294
524,473,352,312,292,True,True,4,4,4,149,4,0.0,7.0,37.25,1.0,37.25
524,474,352,312,293,True,False,4,4,0,0,0,0.0,0.0,0.0,0.0,0.0
524,475,352,312,313,True,False,4,4,0,0,0,0.0,0.0,0.0,0.0,0.0
524,476,352,312,332,True,False,4,4,0,0,0,0.0,0.0,0.0,0.0,0.0
525,505,352,332,292,True,True,3450,3450,127,127,3,0.0,7.0,0.03681159420289855,0.03681159420289855,0.03681159420289855
525,506,352,332,312,True,True,3450,3450,2415,95207,46,0.0,5.0,27.59623188405797,0.7,27.59623188405797
525,507,352,332,313,True,True,3450,3450,1043,16235,20,0.0,6.0,4.705797101449275,0.30231884057971015,4.705797101449275
525,508,352,332,352,True,True,3450,3450,793,17868,25,0.0,2.0,5.179130434782609,0.22985507246376813,5.179130434782609
525,509,352,332,353,True,True,3450,3450,405,4949,12,0.0,2.0,1.4344927536231884,0.11739130434782609,1.4344927536231884
526,529,352,353,332,True,True,4882,4882,1024,16380,18,0.0,3.0,3.3551823023351086,0.2097501024170422,3.3551823023351086
526,530,352,353,352,True,True,4882,4882,4033,120346,39,0.0,3.0,24.65096272019664,0.8260958623514952,24.65096272019664
526,531,352,353,372,True,True,4882,4882,126,1406,6,0.0,1.0,0.2879967226546497,0.02580909463334699,0.2879967226546497
527,543,352,372,332,True,False,966,966,0,0,0,0.0,0.0,0.0,0.0,0.0
527,544,352,372,352,True,False,966,966,0,0,0,0.0,0.0,0.0,0.0,0.0
527,545,352,372,353,True,False,966,966,0,0,0,0.0,0.0,0.0,0.0,0.0
527,546,352,372,390,True,True,966,966,101,301,4,0.0,8.0,0.3115942028985507,0.10455486542443064,0.3115942028985507
527,547,352,372,392,True,True,966,966,668,16068,15,0.0,4.0,16.633540372670808,0.6915113871635611,16.633540372670808
527,548,352,372,393,True,True,966,966,211,4534,7,0.0,4.0,4.693581780538302,0.21842650103519667,4.693581780538302
528,580,352,393,372,True,False,4,4,0,0,0,0.0,0.0,0.0,0.0,0.0
528,581,352,393,392,True,True,4,4,4,185,2,0.0,4.0,46.25,1.0,46.25
529,505,353,332,292,True,False,526,526,0,0,0,0.0,0.0,0.0,0.0,0.0
529,506,353,332,312,True,True,526,526,71,2909,6,0.0,5.0,5.530418250950571,0.13498098859315588,5.530418250950571
529,507,353,332,313,True,True,526,526,28,379,3,1.0,8.0,0.720532319391635,0.053231939163498096,0.720532319391635
529,508,353,332,352,True,True,526,526,428,10364,15,0.0,1.0,19.70342205323194,0.8136882129277566,19.70342205323194
529,509,353,332,353,True,True,526,526,112,884,5,0.0,4.0,1.6806083650190113,0.21292775665399238,1.6806083650190113
530,524,353,352,312,True,False,4031,4031,0,0,0,0.0,0.0,0.0,0.0,0.0
530,525,353,352,332,True,True,4031,4031,947,13557,25,0.0,4.0,3.3631853138179113,0.23492929794095757,3.3631853138179113
530,526,353,352,353,True,True,4031,4031,2410,66691,34,0.0,6.0,16.544529893326718,0.59786653435872,16.544529893326718
530,527,353,352,372,True,True,4031,4031,94,2476,7,0.0,2.0,0.6142396427685438,0.023319275613991566,0.6142396427685438
530,528,353,352,393,True,False,4031,4031,0,0,0,0.0,0.0,0.0,0.0,0.0
531,543,353,372,332,True,False,179,179,0,0,0,0.0,0.0,0.0,0.0,0.0
531,544,353,372,352,True,False,179,179,0,0,0,0.0,0.0,0.0,0.0,0.0
531,545,353,372,353,True,False,179,179,0,0,0,0.0,0.0,0.0,0.0,0.0
531,546,353,372,390,True,True,179,179,14,20,2,6.0,9.0,0.11173184357541899,0.0782122905027933,0.11173184357541899
531,547,353,372,392,True,True,179,179,146,2870,12,0.0,3.0,16.033519553072626,0.8156424581005587,16.033519553072626
531,548,353,372,393,True,True,179,179,92,313,6,0.0,3.0,1.7486033519553073,0.5139664804469274,1.7486033519553073
532,549,358,378,358,True,False,330,330,0,0,0,0.0,0.0,0.0,0.0,0.0
533,510,361,340,300,True,True,143,143,20,34,3,2.0,8.0,0.23776223776223776,0.13986013986013987,0.23776223776223776
533,511,361,340,321,True,True,143,143,15,233,1,0.0,1.0,1.6293706293706294,0.1048951048951049,1.6293706293706294
533,512,361,340,341,True,True,143,143,30,582,2,0.0,1.0,4.06993006993007,0.2097902097902098,4.06993006993007
533,513,361,340,361,True,False,143,143,0,0,0,0.0,0.0,0.0,0.0,0.0
534,514,361,341,301,True,True,1406,1406,112,112,3,1.0,8.0,0.07965860597439545,0.07965860597439545,0.07965860597439545
534,515,361,341,321,True,True,1406,1406,1129,46047,24,0.0,6.0,32.75035561877667,0.8029871977240398,32.75035561877667
534,516,361,341,340,True,True,1406,1406,312,5631,9,0.0,2.0,4.0049786628734,0.22190611664295876,4.0049786628734
534,517,361,341,361,True,False,1406,1406,0,0,0,0.0,0.0,0.0,0.0,0.0
535,550,361,381,361,True,True,733,733,237,2508,9,0.0,2.0,3.421555252387449,0.32332878581173263,3.421555252387449
535,551,361,381,383,True,True,733,733,92,155,5,0.0,1.0,0.21145975443383355,0.12551159618008187,0.21145975443383355
536,552,361,383,361,True,False,8,8,0,0,0,0.0,0.0,0.0,0.0,0.0
536,553,361,383,381,True,False,8,8,0,0,0,0.0,0.0,0.0,0.0,0.0
536,554,361,383,384,True,True,8,8,3,160,1,0.0,5.0,20.0,0.375,20.0
537,518,367,346,326,True,True,92,92,77,2777,3,0.0,5.0,30.184782608695652,0.8369565217391305,30.184782608695652
537,519,367,346,347,True,True,92,92,15,790,1,0.0,5.0,8.58695652173913,0.16304347826086957,8.58695652173913
537,520,367,346,367,True,False,92,92,0,0,0,0.0,0.0,0.0,0.0,0.0
538,521,367,347,326,True,False,381,381,0,0,0,0.0,0.0,0.0,0.0,0.0
538,522,367,347,346,True,True,381,381,110,5129,2,0.0,6.0,13.461942257217848,0.2887139107611549,13.461942257217848
538,523,367,347,367,True,False,381,381,0,0,0,0.0,0.0,0.0,0.0,0.0
539,557,367,386,367,True,False,101,101,0,0,0,0.0,0.0,0.0,0.0,0.0
539,558,367,386,384,True,True,101,101,40,62,2,0.0,4.0,0.6138613861386139,0.39603960396039606,0.6138613861386139
539,559,367,386,387,True,True,101,101,58,2456,3,0.0,4.0,24.316831683168317,0.5742574257425742,24.316831683168317
539,560,367,386,388,True,False,101,101,0,0,0,0.0,0.0,0.0,0.0,0.0
540,561,367,387,367,True,True,738,738,29,113,2,0.0,1.0,0.15311653116531165,0.03929539295392954,0.15311653116531165
540,562,367,387,386,True,True,738,738,260,9675,8,0.0,4.0,13.109756097560975,0.3523035230352303,13.109756097560975
540,563,367,387,388,True,True,738,738,438,11814,15,0.0,2.0,16.008130081300813,0.5934959349593496,16.008130081300813
540,564,367,387,389,True,True,738,738,85,399,4,0.0,3.0,0.540650406504065,0.11517615176151762,0.540650406504065
541,565,367,388,367,True,False,477,477,0,0,0,0.0,0.0,0.0,0.0,0.0
541,566,367,388,386,True,False,477,477,0,0,0,0.0,0.0,0.0,0.0,0.0
541,567,367,388,387,True,False,477,477,0,0,0,0.0,0.0,0.0,0.0,0.0
541,568,367,388,389,True,True,477,477,475,13804,26,0.0,4.0,28.939203354297693,0.9958071278825996,28.939203354297693
541,569,367,388,390,True,True,477,477,66,127,9,0.0,5.0,0.2662473794549266,0.13836477987421383,0.2662473794549266
542,570,367,389,387,True,False,17,17,0,0,0,0.0,0.0,0.0,0.0,0.0
542,571,367,389,388,True,False,17,17,0,0,0,0.0,0.0,0.0,0.0,0.0
542,572,367,389,390,True,True,17,17,15,352,6,0.0,4.0,20.705882352941178,0.8823529411764706,20.705882352941178
543,505,372,332,292,True,False,3,3,0,0,0,0.0,0.0,0.0,0.0,0.0
543,506,372,332,312,True,True,3,3,2,73,2,0.0,6.0,24.333333333333332,0.6666666666666666,24.333333333333332
543,507,372,332,313,True,True,3,3,3,58,3,3.0,8.0,19.333333333333332,1.0,19.333333333333332
543,508,372,332,352,True,False,3,3,0,0,0,0.0,0.0,0.0,0.0,0.0
543,509,372,332,353,True,False,3,3,0,0,0,0.0,0.0,0.0,0.0,0.0
544,524,372,352,312,True,True,3304,3304,148,148,4,0.0,8.0,0.044794188861985475,0.044794188861985475,0.044794188861985475
544,525,372,352,332,True,True,3304,3304,2628,100120,50,0.0,5.0,30.30266343825666,0.7953995157384988,30.30266343825666
544,526,372,352,353,True,True,3304,3304,908,17138,21,0.0,5.0,5.187046004842615,0.274818401937046,5.187046004842615
544,527,372,352,372,True,False,3304,3304,0,0,0,0.0,0.0,0.0,0.0,0.0
544,528,372,352,393,True,False,3304,3304,0,0,0,0.0,0.0,0.0,0.0,0.0
545,529,372,353,332,True,True,104,104,44,435,3,0.0,7.0,4.1826923076923075,0.4230769230769231,4.1826923076923075
545,530,372,353,352,True,True,104,104,73,1410,8,0.0,1.0,13.557692307692308,0.7019230769230769,13.557692307692308
545,531,372,353,372,True,False,104,104,0,0,0,0.0,0.0,0.0,0.0,0.0
546,573,372,390,372,True,False,16,16,0,0,0,0.0,0.0,0.0,0.0,0.0
546,574,372,390,388,True,True,16,16,3,18,1,5.0,7.0,1.125,0.1875,1.125
546,575,372,390,389,True,True,16,16,16,719,5,0.0,3.0,44.9375,1.0,44.9375
546,576,372,390,392,True,False,16,16,0,0,0,0.0,0.0,0.0,0.0,0.0
547,577,372,392,372,True,True,1426,1426,82,1118,4,0.0,8.0,0.7840112201963534,0.05750350631136045,0.7840112201963534
547,578,372,392,390,True,True,1426,1426,332,814,12,0.0,2.0,0.5708274894810659,0.23281907433380084,0.5708274894810659
547,579,372,392,393,True,True,1426,1426,852,26225,23,0.0,4.0,18.390603085553998,0.5974754558204769,18.390603085553998
548,580,372,393,372,True,False,234,234,0,0,0,0.0,0.0,0.0,0.0,0.0
548,581,372,393,392,True,True,234,234,234,8506,16,0.0,5.0,36.35042735042735,1.0,36.35042735042735
549,532,378,358,378,True,False,1033,1033,0,0,0,0.0,0.0,0.0,0.0,0.0
550,533,381,361,340,True,True,1326,1326,251,2532,7,0.0,6.0,1.909502262443439,0.18929110105580693,1.909502262443439
550,534,381,361,341,True,True,1326,1326,784,30968,20,0.0,6.0,23.35444947209653,0.5912518853695324,23.35444947209653
550,535,381,361,381,True,True,1326,1326,78,814,4,0.0,2.0,0.6138763197586727,0.058823529411764705,0.6138763197586727
550,536,381,361,383,True,False,1326,1326,0,0,0,0.0,0.0,0.0,0.0,0.0
551,552,381,383,361,True,False,15,15,0,0,0,0.0,0.0,0.0,0.0,0.0
551,553,381,383,381,True,False,15,15,0,0,0,0.0,0.0,0.0,0.0,0.0
551,554,381,383,384,True,True,15,15,13,591,5,0.0,4.0,39.4,0.8666666666666667,39.4
552,533,383,361,340,True,True,4,4,3,45,1,5.0,9.0,11.25,0.75,11.25
552,534,383,361,341,True,True,4,4,1,1,1,10.0,10.0,0.25,0.25,0.25
552,535,383,361,381,True,True,4,4,1,8,1,0.0,0.5,2.0,0.25,2.0
552,536,383,361,383,True,False,4,4,0,0,0,0.0,0.0,0.0,0.0,0.0
553,550,383,381,361,True,True,48,48,33,989,14,0.0,5.0,20.604166666666668,0.6875,20.604166666666668
553,551,383,381,383,True,False,48,48,0,0,0,0.0,0.0,0.0,0.0,0.0
554,555,383,384,383,True,True,2855,2855,1759,51486,13,0.0,6.0,18.033625218914185,0.6161120840630473,18.033625218914185
554,556,383,384,386,True,True,2855,2855,273,753,7,0.0,4.0,0.2637478108581436,0.09562171628721541,0.2637478108581436
555,552,384,383,361,True,True,3150,3150,52,153,1,0.0,4.0,0.04857142857142857,0.01650793650793651,0.04857142857142857
555,553,384,383,381,True,True,3150,3150,799,2102,17,0.0,5.0,0.6673015873015873,0.2536507936507936,0.6673015873015873
555,554,384,383,384,True,True,3150,3150,1471,45196,12,0.0,5.0,14.347936507936508,0.466984126984127,14.347936507936508
556,557,384,386,367,True,True,19,19,6,86,4,0.0,9.0,4.526315789473684,0.3157894736842105,4.526315789473684
556,558,384,386,384,True,False,19,19,0,0,0,0.0,0.0,0.0,0.0,0.0
556,559,384,386,387,True,True,19,19,13,623,3,0.0,4.0,32.78947368421053,0.6842105263157895,32.78947368421053
556,560,384,386,388,True,True,19,19,13,27,3,4.0,6.0,1.4210526315789473,0.6842105263157895,1.4210526315789473
557,537,386,367,346,True,False,365,365,0,0,0,0.0,0.0,0.0,0.0,0.0
557,538,386,367,347,True,True,365,365,17,824,1,0.0,5.0,2.2575342465753425,0.04657534246575343,2.2575342465753425
557,539,386,367,386,True,True,365,365,5,8,1,0.0,0.0,0.021917808219178082,0.0136986301369863,0.021917808219178082
557,540,386,367,387,True,True,365,365,26,280,1,0.0,1.0,0.7671232876712328,0.07123287671232877,0.7671232876712328
557,541,386,367,388,True,True,365,365,139,1192,6,0.0,2.0,3.265753424657534,0.38082191780821917,3.265753424657534
557,542,386,367,389,True,True,365,365,13,13,1,0.0,3.0,0.03561643835616438,0.03561643835616438,0.03561643835616438
558,555,386,384,383,True,True,41,41,41,1873,12,0.0,4.0,45.68292682926829,1.0,45.68292682926829
558,556,386,384,386,True,False,41,41,0,0,0,0.0,0.0,0.0,0.0,0.0
559,561,386,387,367,True,True,3786,3786,339,4694,12,0.0,2.0,1.2398309561542524,0.089540412044374,1.2398309561542524
559,562,386,387,386,True,True,3786,3786,2266,70897,18,0.0,5.0,18.72609614368727,0.5985208663497095,18.72609614368727
559,563,386,387,388,True,True,3786,3786,1008,32480,22,0.0,4.0,8.578975171685157,0.2662440570522979,8.578975171685157
559,564,386,387,389,True,True,3786,3786,567,1565,13,0.0,5.0,0.41336502905441097,0.14976228209191758,0.41336502905441097
560,565,386,388,367,True,False,24,24,0,0,0,0.0,0.0,0.0,0.0,0.0
560,566,386,388,386,True,False,24,24,0,0,0,0.0,0.0,0.0,0.0,0.0
560,567,386,388,387,True,False,24,24,0,0,0,0.0,0.0,0.0,0.0,0.0
560,568,386,388,389,True,True,24,24,23,975,9,0.0,4.0,40.625,0.9583333333333334,40.625
560,569,386,388,390,True,True,24,24,14,63,5,3.0,6.0,2.625,0.5833333333333334,2.625
561,537,387,367,346,True,True,802,802,197,4149,4,0.0,4.0,5.173316708229426,0.2456359102244389,5.173316708229426
561,538,387,367,347,True,True,802,802,305,12050,6,0.0,5.0,15.024937655860349,0.3802992518703242,15.024937655860349
561,539,387,367,386,True,True,802,802,32,183,2,0.0,0.0,0.2281795511221945,0.0399002493765586,0.2281795511221945
561,540,387,367,387,True,True,802,802,104,2465,6,0.0,3.0,3.07356608478803,0.12967581047381546,3.07356608478803
561,541,387,367,388,True,True,802,802,123,914,9,0.0,2.0,1.139650872817955,0.15336658354114713,1.139650872817955
561,542,387,367,389,True,True,802,802,48,204,3,0.0,4.0,0.2543640897755611,0.059850374064837904,0.2543640897755611
562,557,387,386,367,True,True,3556,3556,58,437,2,0.0,1.0,0.12289088863892013,0.016310461192350956,0.12289088863892013
562,558,387,386,384,True,True,3556,3556,506,1844,11,0.0,4.0,0.5185601799775028,0.1422947131608549,0.5185601799775028
562,559,387,386,387,True,True,3556,3556,2193,76578,22,0.0,5.0,21.534870641169853,0.6167041619797525,21.534870641169853
562,560,387,386,388,True,False,3556,3556,0,0,0,0.0,0.0,0.0,0.0,0.0
563,565,387,388,367,True,False,1752,1752,0,0,0,0.0,0.0,0.0,0.0,0.0
563,566,387,388,386,True,True,1752,1752,6,6,1,0.0,2.5,0.003424657534246575,0.003424657534246575,0.003424657534246575
563,567,387,388,387,True,True,1752,1752,6,169,1,0.0,2.0,0.09646118721461187,0.003424657534246575,0.09646118721461187
563,568,387,388,389,True,True,1752,1752,1479,45149,35,0.0,3.0,25.769977168949772,0.8441780821917808,25.769977168949772
563,569,387,388,390,True,True,1752,1752,668,2074,15,0.0,4.0,1.1837899543378996,0.3812785388127854,1.1837899543378996
564,570,387,389,387,True,False,52,52,0,0,0,0.0,0.0,0.0,0.0,0.0
564,571,387,389,388,True,False,52,52,0,0,0,0.0,0.0,0.0,0.0,0.0
564,572,387,389,390,True,True,52,52,40,1588,15,0.0,4.0,30.53846153846154,0.7692307692307693,30.53846153846154
565,537,388,367,346,True,True,69,69,16,295,2,0.0,4.0,4.27536231884058,0.2318840579710145,4.27536231884058
565,538,388,367,347,True,True,69,69,8,331,3,0.0,5.0,4.797101449275362,0.11594202898550725,4.797101449275362
565,539,388,367,386,True,True,69,69,36,322,1,3.0,9.0,4.666666666666667,0.5217391304347826,4.666666666666667
565,540,388,367,387,True,True,69,69,45,627,1,0.0,8.0,9.08695652173913,0.6521739130434783,9.08695652173913
565,541,388,367,388,True,False,69,69,0,0,0,0.0,0.0,0.0,0.0,0.0
565,542,388,367,389,True,False,69,69,0,0,0,0.0,0.0,0.0,0.0,0.0
566,557,388,386,367,True,False,32,32,0,0,0,0.0,0.0,0.0,0.0,0.0
566,558,388,386,384,True,True,32,32,11,52,4,2.0,5.0,1.625,0.34375,1.625
566,559,388,386,387,True,True,32,32,15,435,3,0.0,8.0,13.59375,0.46875,13.59375
566,560,388,386,388,True,False,32,32,0,0,0,0.0,0.0,0.0,0.0,0.0
567,561,388,387,367,True,True,1172,1172,505,20046,10,0.0,5.0,17.104095563139932,0.4308873720136519,17.104095563139932
567,562,388,387,386,True,True,1172,1172,719,26036,14,0.0,3.0,22.215017064846418,0.613481228668942,22.215017064846418
567,563,388,387,388,True,True,1172,1172,10,60,1,0.0,0.0,0.051194539249146756,0.008532423208191127,0.051194539249146756
567,564,388,387,389,True,False,1172,1172,0,0,0,0.0,0.0,0.0,0.0,0.0
568,570,388,389,387,True,False,2407,2407,0,0,0,0.0,0.0,0.0,0.0,0.0
568,571,388,389,388,True,True,2407,2407,39,1305,1,0.0,2.0,0.5421686746987951,0.01620274200249273,0.5421686746987951
568,572,388,389,390,True,True,2407,2407,2091,67171,59,0.0,4.0,27.90652264229331,0.8687162442874948,27.90652264229331
569,573,388,390,372,True,False,78,78,0,0,0,0.0,0.0,0.0,0.0,0.0
569,574,388,390,388,True,False,78,78,0,0,0,0.0,0.0,0.0,0.0,0.0
569,575,388,390,389,True,True,78,78,24,683,8,0.0,7.0,8.756410256410257,0.3076923076923077,8.756410256410257
569,576,388,390,392,True,True,78,78,13,45,4,2.0,7.0,0.5769230769230769,0.16666666666666666,0.5769230769230769
570,561,389,387,367,True,True,44,44,22,739,7,0.0,7.0,16.795454545454547,0.5,16.795454545454547
570,562,389,387,386,True,True,44,44,25,950,6,0.0,4.0,21.59090909090909,0.5681818181818182,21.59090909090909
570,563,389,387,388,True,False,44,44,0,0,0,0.0,0.0,0.0,0.0,0.0
570,564,389,387,389,True,False,44,44,0,0,0,0.0,0.0,0.0,0.0,0.0
571,565,389,388,367,True,True,1306,1306,219,3007,6,0.0,5.0,2.3024502297090352,0.16768759571209801,2.3024502297090352
571,566,389,388,386,True,True,1306,1306,365,1524,8,0.0,5.0,1.1669218989280246,0.27947932618683,1.1669218989280246
571,567,389,388,387,True,True,1306,1306,1109,42334,23,0.0,4.0,32.41500765696784,0.8491577335375191,32.41500765696784
571,568,389,388,389,True,True,1306,1306,44,1147,1,0.0,2.0,0.8782542113323124,0.033690658499234305,0.8782542113323124
571,569,389,388,390,True,False,1306,1306,0,0,0,0.0,0.0,0.0,0.0,0.0
572,573,389,390,372,True,True,7154,7154,131,327,5,0.0,4.0,0.045708694436678785,0.01831143416270618,0.045708694436678785
572,574,389,390,388,True,False,7154,7154,0,0,0,0.0,0.0,0.0,0.0,0.0
572,575,389,390,389,True,True,7154,7154,4478,142859,38,0.0,4.0,19.969108191221693,0.6259435280961699,19.969108191221693
572,576,389,390,392,True,True,7154,7154,359,1256,11,0.0,5.0,0.175566116857702,0.05018171652222533,0.175566116857702
573,543,390,372,332,True,False,18,18,0,0,0,0.0,0.0,0.0,0.0,0.0
573,544,390,372,352,True,True,18,18,3,145,3,0.0,6.0,8.055555555555555,0.16666666666666666,8.055555555555555
573,545,390,372,353,True,False,18,18,0,0,0,0.0,0.0,0.0,0.0,0.0
573,546,390,372,390,True,False,18,18,0,0,0,0.0,0.0,0.0,0.0,0.0
573,547,390,372,392,True,True,18,18,15,558,3,0.0,6.0,31.0,0.8333333333333334,31.0
573,548,390,372,393,True,True,18,18,8,130,2,0.0,5.0,7.222222222222222,0.4444444444444444,7.222222222222222
574,565,390,388,367,True,True,74,74,25,75,2,3.0,7.0,1.0135135135135136,0.33783783783783783,1.0135135135135136
574,566,390,388,386,True,True,74,74,17,48,5,4.0,8.0,0.6486486486486487,0.22972972972972974,0.6486486486486487
574,567,390,388,387,True,True,74,74,61,2907,15,0.0,4.0,39.28378378378378,0.8243243243243243,39.28378378378378
574,568,390,388,389,True,True,74,74,1,39,1,0.0,3.0,0.527027027027027,0.013513513513513514,0.527027027027027
574,569,390,388,390,True,False,74,74,0,0,0,0.0,0.0,0.0,0.0,0.0
575,570,390,389,387,True,True,5780,5780,458,1701,11,0.0,4.0,0.2942906574394464,0.07923875432525952,0.2942906574394464
575,571,390,389,388,True,True,5780,5780,1043,39206,23,0.0,3.0,6.783044982698962,0.18044982698961937,6.783044982698962
575,572,390,389,390,True,True,5780,5780,3479,107883,34,0.0,5.0,18.664878892733565,0.6019031141868512,18.664878892733565
576,577,390,392,372,True,True,52,52,36,1046,10,0.0,1.0,20.115384615384617,0.6923076923076923,20.115384615384617
576,578,390,392,390,True,False,52,52,0,0,0,0.0,0.0,0.0,0.0,0.0
576,579,390,392,393,True,True,52,52,16,472,4,0.0,5.0,9.076923076923077,0.3076923076923077,9.076923076923077
577,543,392,372,332,True,True,1484,1484,82,82,3,0.0,7.0,0.05525606469002695,0.05525606469002695,0.05525606469002695
577,544,392,372,352,True,True,1484,1484,1043,41311,35,0.0,6.0,27.837601078167115,0.7028301886792453,27.837601078167115
577,545,392,372,353,True,True,1484,1484,196,2254,7,0.0,3.0,1.5188679245283019,0.1320754716981132,1.5188679245283019
577,546,392,372,390,True,False,1484,1484,0,0,0,0.0,0.0,0.0,0.0,0.0
577,547,392,372,392,True,True,1484,1484,275,6404,9,0.0,2.0,4.315363881401617,0.1853099730458221,4.315363881401617
577,548,392,372,393,True,True,1484,1484,147,1118,5,0.0,1.0,0.7533692722371967,0.09905660377358491,0.7533692722371967
578,573,392,390,372,True,False,47,47,0,0,0,0.0,0.0,0.0,0.0,0.0
578,574,392,390,388,True,True,47,47,24,124,9,1.0,5.0,2.6382978723404253,0.5106382978723404,2.6382978723404253
578,575,392,390,389,True,True,47,47,47,2074,18,0.0,4.0,44.12765957446808,1.0,44.12765957446808
578,576,392,390,392,True,False,47,47,0,0,0,0.0,0.0,0.0,0.0,0.0
579,580,392,393,372,True,True,4751,4751,596,9584,10,0.0,3.0,2.0172595243106715,0.12544727425805094,2.0172595243106715
579,581,392,393,392,True,True,4751,4751,4325,147389,35,0.0,4.0,31.022732056409176,0.910334666386024,31.022732056409176
580,543,393,372,332,True,False,371,371,0,0,0,0.0,0.0,0.0,0.0,0.0
580,544,393,372,352,True,True,371,371,95,4341,5,0.0,6.0,11.700808625336927,0.2560646900269542,11.700808625336927
580,545,393,372,353,True,False,371,371,0,0,0,0.0,0.0,0.0,0.0,0.0
580,546,393,372,390,True,False,371,371,0,0,0,0.0,0.0,0.0,0.0,0.0
580,547,393,372,392,True,True,371,371,230,6707,9,0.0,2.0,18.078167115902964,0.6199460916442049,18.078167115902964
580,548,393,372,393,True,True,371,371,33,98,1,0.0,4.0,0.2641509433962264,0.0889487870619946,0.2641509433962264
581,577,393,392,372,True,True,4930,4930,560,8906,12,0.0,4.0,1.8064908722109534,0.11359026369168357,1.8064908722109534
581,578,393,392,390,True,True,4930,4930,180,631,5,0.0,5.0,0.1279918864097363,0.036511156186612576,0.1279918864097363
581,579,393,392,393,True,True,4930,4930,2945,75431,34,0.0,6.0,15.300405679513185,0.5973630831643002,15.300405679513185
