edge_id,src,dst,num_segments,num_episodes,num_unique_starts,num_unique_terminations,min_h,median_h,mean_h,max_h,num_unique_start_goal_pairs,num_unique_episodes,support_density_per_episode,support_count,reverse_support_raw,reverse_support_certified,reverse_support_count,asymmetry,src_density,dst_density,src_bottleneck_score,dst_bottleneck_score,edge_bottleneck_score,cost,cost_support_unit
0,2,21,197,15,197,19,2,8.0,9.446700507614214,25,197,15,13.133333333333333,197,85,85,85,0.39716312056737446,0.00384,0.001335,0.49557695833984555,0.7000075364621832,0.7000075364621832,8.07124704998791,unique_starts
1,2,42,3,3,3,3,25,25.0,25.0,25,3,3,1.0,3,133,133,133,-0.9558823529411695,0.00384,0.002905,0.49557695833984555,0.49705178564663943,0.49705178564663943,25.577350269189626,unique_starts
2,2,171,12,3,5,8,14,19.0,19.416666666666668,25,12,3,4.0,12,9,9,9,0.14285714285713608,0.00384,0.00343,0.49557695833984555,0.6091865893282263,0.6091865893282263,19.447213595499957,unique_starts
3,2,175,82,6,39,28,1,3.0,3.4146341463414633,7,82,6,13.666666666666666,82,162,162,162,-0.32786885245901504,0.00384,0.00503,0.49557695833984555,0.7573380297747923,0.7573380297747923,3.160128153805087,unique_starts
4,2,179,110,8,110,8,2,9.0,10.454545454545455,25,110,8,13.75,110,76,76,76,0.18279569892473022,0.00384,0.00165,0.49557695833984555,0.5689519284458886,0.5689519284458886,9.09534625892456,unique_starts
5,2,199,11,2,10,3,18,23.0,22.363636363636363,25,11,2,5.5,11,3,0,0,0.9999999999999091,0.00384,0.00268,0.49557695833984555,0.5690552560543798,0.5690552560543798,23.316227766016837,unique_starts
6,2,271,74,5,36,13,15,21.0,20.7027027027027,25,74,5,14.8,74,22,22,22,0.5416666666666611,0.00384,0.002355,0.49557695833984555,0.46904630509061107,0.49557695833984555,21.166666666666668,unique_starts
7,2,463,459,23,283,52,7,13.0,13.004357298474945,25,459,23,19.956521739130434,459,0,0,0,0.9999999999999978,0.00384,0.00216,0.49557695833984555,0.5081641748793143,0.5081641748793143,13.059443829827776,unique_starts
8,3,140,11,4,7,8,23,25.0,24.545454545454547,25,11,4,2.75,11,981,981,981,-0.9778225806451603,0.003565,0.00296,0.5904218374331804,0.4551836186304672,0.5904218374331804,25.37796447300923,unique_starts
9,3,266,50,12,27,27,20,25.0,24.12,25,50,12,4.166666666666667,50,2649,2649,2649,-0.9629492404594291,0.003565,0.0038,0.5904218374331804,0.6115361362052629,0.6115361362052629,25.192450089729874,unique_starts
10,3,329,134,5,28,30,13,22.0,21.46268656716418,25,134,5,26.8,134,0,0,0,0.9999999999999926,0.003565,0.00267,0.5904218374331804,0.48285513264051666,0.5904218374331804,22.188982236504614,unique_starts
11,3,406,1510,36,349,331,1,6.0,5.907947019867549,14,1510,36,41.94444444444444,1510,0,0,0,0.9999999999999994,0.003565,0.002805,0.5904218374331804,0.47566766402598537,0.5904218374331804,6.053528772757219,unique_starts
12,3,487,1322,33,299,331,13,23.0,22.14750378214826,25,1322,33,40.06060606060606,1322,608,608,608,0.36994818652849726,0.003565,0.00309,0.5904218374331804,0.4986519883489159,0.5904218374331804,23.057831493196623,unique_starts
13,6,7,16,4,7,9,19,21.0,21.4375,25,16,4,4.0,16,19,0,0,0.9999999999999376,0.003095,0.00345,0.5183369733262979,0.473565075387291,0.5183369733262979,21.37796447300923,unique_starts
14,6,10,154,11,57,41,19,23.0,23.149350649350648,25,154,11,14.0,154,45,45,45,0.547738693467334,0.003095,0.003525,0.5183369733262979,0.49946110985903625,0.5183369733262979,23.132453235706503,unique_starts
15,6,21,95,11,95,11,2,7.0,7.7894736842105265,25,95,11,8.636363636363637,95,21,21,21,0.6379310344827531,0.003095,0.001335,0.5183369733262979,0.7000075364621832,0.7000075364621832,7.102597835208515,unique_starts
16,6,80,26,4,18,6,17,21.0,21.076923076923077,25,26,4,6.5,26,1,0,0,0.9999999999999616,0.003095,0.003105,0.5183369733262979,0.54911977059455,0.54911977059455,21.235702260395517,unique_starts
17,6,117,236,12,57,68,13,22.0,21.50423728813559,25,236,12,19.666666666666668,236,16,16,16,0.8730158730158696,0.003095,0.002995,0.5183369733262979,0.4921561459247037,0.5183369733262979,22.132453235706503,unique_starts
18,6,121,365,20,206,46,7,12.0,12.008219178082191,25,365,20,18.25,365,0,0,0,0.9999999999999972,0.003095,0.00212,0.5183369733262979,0.4790562634901327,0.5183369733262979,12.069673301429162,unique_starts
19,6,147,264,10,41,64,9,19.0,19.079545454545453,25,264,10,26.4,264,1065,1065,1065,-0.6027088036117377,0.003095,0.00412,0.5183369733262979,0.4966726365256857,0.5183369733262979,19.156173761888606,unique_starts
20,6,179,184,19,184,23,2,6.0,7.25,25,184,19,9.68421052631579,184,47,47,47,0.5930735930735905,0.003095,0.00165,0.5183369733262979,0.5689519284458886,0.5689519284458886,6.073720978077448,unique_starts
21,6,199,103,6,44,15,16,21.0,21.349514563106798,25,103,6,17.166666666666668,103,0,0,0,0.9999999999999903,0.003095,0.00268,0.5183369733262979,0.5690552560543798,0.5690552560543798,21.15075567228888,unique_starts
22,6,243,6,4,6,4,1,1.0,1.3333333333333333,2,6,4,1.5,6,19,19,19,-0.5199999999999793,0.003095,0.002845,0.5183369733262979,0.47798288494927843,0.5183369733262979,1.4082482904638631,unique_starts
23,6,259,36,2,24,3,12,18.5,18.5,25,36,2,18.0,36,2,0,0,0.9999999999999721,0.003095,0.00102,0.5183369733262979,1.0660615445434947,1.0660615445434947,18.70412414523193,unique_starts
24,6,281,1249,22,212,171,8,17.0,17.147317854283425,25,1249,22,56.77272727272727,1249,837,837,837,0.1975071907957813,0.003095,0.003665,0.5183369733262979,0.5084243360159619,0.5183369733262979,17.068680281974345,unique_starts
25,6,309,1035,26,171,240,1,12.0,11.827053140096618,25,1035,26,39.80769230769231,1035,1260,1260,1260,-0.09803921568627447,0.003095,0.003055,0.5183369733262979,0.48484104579254805,0.5183369733262979,12.076471911290188,unique_starts
26,6,371,35,3,23,4,9,18.0,17.257142857142856,25,35,3,11.666666666666666,35,0,0,0,0.9999999999999714,0.003095,0.00072,0.5183369733262979,2.0840511964640234,2.0840511964640234,18.208514414057074,unique_starts
27,7,2,11,2,9,3,19,22.0,22.0,25,11,2,5.5,11,0,0,0,0.9999999999999091,0.00345,0.00384,0.473565075387291,0.49557695833984555,0.49557695833984555,22.333333333333332,unique_starts
28,7,56,20,7,11,14,1,24.0,22.1,25,20,7,2.857142857142857,20,292,292,292,-0.8717948717948689,0.00345,0.003085,0.473565075387291,0.5396960390661362,0.5396960390661362,24.301511344577765,unique_starts
29,7,139,70,7,25,29,19,24.0,23.47142857142857,25,70,7,10.0,70,0,0,0,0.9999999999999858,0.00345,0.00315,0.473565075387291,0.5763001546805818,0.5763001546805818,24.2,unique_starts
30,7,167,7,2,3,4,1,3.0,2.5714285714285716,4,7,2,3.5,7,61,61,61,-0.7941176470588119,0.00345,0.002905,0.473565075387291,0.5523326473861818,0.5523326473861818,3.5773502691896257,unique_starts
31,7,175,53,4,21,15,18,23.0,22.452830188679247,25,53,4,13.25,53,37,37,37,0.17777777777777581,0.00345,0.00503,0.473565075387291,0.7573380297747923,0.7573380297747923,23.21821789023599,unique_starts
32,7,179,32,7,32,7,11,15.0,15.4375,23,32,7,4.571428571428571,32,30,30,30,0.03225806451612851,0.00345,0.00165,0.473565075387291,0.5689519284458886,0.5689519284458886,15.176776695296637,unique_starts
33,7,243,46,3,9,16,18,22.5,22.391304347826086,25,46,3,15.333333333333334,46,0,0,0,0.9999999999999782,0.00345,0.002845,0.473565075387291,0.47798288494927843,0.47798288494927843,22.833333333333332,unique_starts
34,7,271,30,7,14,20,13,16.0,17.866666666666667,25,30,7,4.285714285714286,30,84,84,84,-0.47368421052631166,0.00345,0.002355,0.473565075387291,0.46904630509061107,0.473565075387291,16.267261241912426,unique_starts
35,7,273,35,3,13,11,20,24.0,23.37142857142857,25,35,3,11.666666666666666,35,9,0,0,0.9999999999999714,0.00345,0.0032,0.473565075387291,0.505500130278,0.505500130278,24.277350098112613,unique_starts
36,7,290,60,6,15,32,1,5.0,4.633333333333334,10,60,6,10.0,60,771,771,771,-0.855595667870035,0.00345,0.002905,0.473565075387291,0.5506580655999675,0.5506580655999675,5.258198889747161,unique_starts
37,7,410,48,3,12,10,8,18.5,17.958333333333332,24,48,3,16.0,48,48,48,48,0.0,0.00345,0.002505,0.473565075387291,0.5908932537877524,0.5908932537877524,18.78867513459481,unique_starts
38,7,429,49,2,11,8,9,16.0,15.857142857142858,21,49,2,24.5,49,138,138,138,-0.4759358288770028,0.00345,0.0033,0.473565075387291,0.6319999683881292,0.6319999683881292,16.301511344577765,unique_starts
39,7,463,27,5,19,7,16,20.0,20.14814814814815,25,27,5,5.4,27,0,0,0,0.999999999999963,0.00345,0.00216,0.473565075387291,0.5081641748793143,0.5081641748793143,20.22941573387056,unique_starts
40,7,474,46,4,12,15,1,5.0,5.8478260869565215,13,46,4,11.5,46,37,37,37,0.10843373493975773,0.00345,0.002335,0.473565075387291,0.47326325022320526,0.473565075387291,5.288675134594813,unique_starts
41,8,21,31,4,31,5,10,17.0,16.451612903225808,23,31,4,7.75,31,5,0,0,0.9999999999999678,0.00305,0.001335,0.5406985617322061,0.7000075364621832,0.7000075364621832,17.179605302026776,unique_starts
42,8,22,1089,27,152,211,1,11.0,10.579430670339761,22,1089,27,40.333333333333336,1089,0,0,0,0.9999999999999991,0.00305,0.00375,0.5406985617322061,0.6446610524678009,0.6446610524678009,11.081110710565381,unique_starts
43,8,79,1437,27,207,247,1,8.0,8.193458594293668,19,1437,27,53.22222222222222,1437,222,222,222,0.7323688969258586,0.00305,0.003325,0.5406985617322061,0.5566279042981374,0.5566279042981374,8.06950480468569,unique_starts
44,8,80,90,3,15,23,3,9.0,9.277777777777779,16,90,3,30.0,90,29,29,29,0.5126050420168025,0.00305,0.003105,0.5406985617322061,0.54911977059455,0.54911977059455,9.258198889747161,unique_starts
45,8,164,443,23,165,92,10,20.0,20.103837471783297,25,443,23,19.26086956521739,443,973,973,973,-0.3742937853107342,0.00305,0.002755,0.5406985617322061,0.46236208579247506,0.5406985617322061,20.07784989441615,unique_starts
46,8,169,50,4,16,10,16,21.0,21.2,25,50,4,12.5,50,0,0,0,0.99999999999998,0.00305,0.003075,0.5406985617322061,0.5191317792488794,0.5406985617322061,21.25,unique_starts
47,8,171,933,28,184,183,1,16.0,15.988210075026796,25,933,28,33.32142857142857,933,209,209,209,0.6339754816112079,0.00305,0.00343,0.5406985617322061,0.6091865893282263,0.6091865893282263,16.07372097807745,unique_starts
48,8,172,54,4,21,15,3,12.5,12.962962962962964,24,54,4,13.5,54,553,553,553,-0.8220757825370661,0.00305,0.00297,0.5406985617322061,0.4684363793861522,0.5406985617322061,12.718217890235993,unique_starts
49,8,179,102,17,102,18,9,17.0,16.392156862745097,24,102,17,6.0,102,3,3,3,0.942857142857134,0.00305,0.00165,0.5406985617322061,0.5689519284458886,0.5689519284458886,17.099014754297666,unique_starts
50,8,230,395,19,84,115,1,6.0,7.491139240506329,20,395,19,20.789473684210527,395,160,160,160,0.42342342342342265,0.00305,0.00344,0.5406985617322061,0.5276863910046072,0.5406985617322061,6.109108945117996,unique_starts
51,8,251,66,9,35,21,18,23.0,22.78787878787879,25,66,9,7.333333333333333,66,0,0,0,0.9999999999999849,0.00305,0.002675,0.5406985617322061,0.4733873703025864,0.5406985617322061,23.169030850945703,unique_starts
52,8,271,57,9,34,19,16,19.0,19.42105263157895,25,57,9,6.333333333333333,57,582,582,582,-0.821596244131454,0.00305,0.002355,0.5406985617322061,0.46904630509061107,0.5406985617322061,19.17149858514251,unique_starts
53,8,273,119,9,36,32,7,14.0,14.033613445378151,21,119,9,13.222222222222221,119,2,0,0,0.9999999999999917,0.00305,0.0032,0.5406985617322061,0.505500130278,0.5406985617322061,14.166666666666666,unique_starts
54,8,315,42,2,7,9,3,8.0,8.30952380952381,14,42,2,21.0,42,2,0,0,0.9999999999999761,0.00305,0.00307,0.5406985617322061,0.5338410601299857,0.5406985617322061,8.377964473009227,unique_starts
55,8,410,70,20,52,36,18,24.0,23.457142857142856,25,70,20,3.5,70,141,141,141,-0.3364928909952591,0.00305,0.002505,0.5406985617322061,0.5908932537877524,0.5908932537877524,24.138675049056307,unique_starts
56,8,463,79,12,62,19,14,20.0,20.354430379746834,25,79,12,6.583333333333333,79,0,0,0,0.9999999999999875,0.00305,0.00216,0.5406985617322061,0.5081641748793143,0.5406985617322061,20.12700012700019,unique_starts
57,10,6,45,8,29,16,20,23.0,23.155555555555555,25,45,8,5.625,45,154,154,154,-0.547738693467334,0.003525,0.003095,0.49946110985903625,0.5183369733262979,0.5183369733262979,23.18569533817705,unique_starts
58,10,21,24,10,24,10,12,16.0,16.458333333333332,22,24,10,2.4,24,30,30,30,-0.11111111111110905,0.003525,0.001335,0.49946110985903625,0.7000075364621832,0.7000075364621832,16.20412414523193,unique_starts
59,10,42,37,3,25,6,15,19.0,19.324324324324323,24,37,3,12.333333333333334,37,61,61,61,-0.244897959183671,0.003525,0.002905,0.49946110985903625,0.49705178564663943,0.49946110985903625,19.2,unique_starts
60,10,46,271,8,52,68,14,22.0,21.974169741697416,25,271,8,33.875,271,0,0,0,0.9999999999999962,0.003525,0.00281,0.49946110985903625,0.4994811286042713,0.4994811286042713,22.138675049056307,unique_starts
61,10,117,20,4,11,10,1,24.0,17.6,25,20,4,5.0,20,1195,1195,1195,-0.9670781893004108,0.003525,0.002995,0.49946110985903625,0.4921561459247037,0.49946110985903625,24.301511344577765,unique_starts
62,10,121,47,10,27,22,17,22.0,21.78723404255319,25,47,10,4.7,47,0,0,0,0.9999999999999787,0.003525,0.00212,0.49946110985903625,0.4790562634901327,0.49946110985903625,22.192450089729874,unique_starts
63,10,139,4,2,2,4,23,24.5,24.25,25,4,2,2.0,4,0,0,0,0.99999999999975,0.003525,0.00315,0.49946110985903625,0.5763001546805818,0.5763001546805818,25.207106781186546,unique_starts
64,10,147,36,2,10,12,7,12.5,12.5,18,36,2,18.0,36,0,0,0,0.9999999999999721,0.003525,0.00412,0.49946110985903625,0.4966726365256857,0.49946110985903625,12.816227766016837,unique_starts
65,10,173,38,2,22,7,1,4.5,4.447368421052632,8,38,2,19.0,38,5,0,0,0.9999999999999737,0.003525,0.002675,0.49946110985903625,0.5108604177721788,0.5108604177721788,4.71320071635561,unique_starts
66,10,175,69,9,23,37,18,23.0,23.144927536231883,25,69,9,7.666666666666667,69,133,133,133,-0.3168316831683153,0.003525,0.00503,0.49946110985903625,0.7573380297747923,0.7573380297747923,23.208514414057074,unique_starts
67,10,179,17,5,17,5,12,16.0,16.88235294117647,24,17,5,3.4,17,52,52,52,-0.5072463768115869,0.003525,0.00165,0.49946110985903625,0.5689519284458886,0.5689519284458886,16.242535625036332,unique_starts
68,10,205,91,7,59,16,13,17.0,17.32967032967033,25,91,7,13.0,91,96,96,96,-0.02673796791443836,0.003525,0.00069,0.49946110985903625,0.4815721475373711,0.49946110985903625,17.130188910980824,unique_starts
69,10,259,18,5,16,6,4,13.0,11.333333333333334,18,18,5,3.6,18,29,29,29,-0.23404255319148437,0.003525,0.00102,0.49946110985903625,1.0660615445434947,1.0660615445434947,13.25,unique_starts
70,10,281,437,19,79,109,3,12.0,12.5675057208238,23,437,19,23.0,437,1258,1258,1258,-0.4843657817109142,0.003525,0.003665,0.49946110985903625,0.5084243360159619,0.5084243360159619,12.112508790092603,unique_starts
71,10,371,8,2,5,3,9,11.5,11.625,16,8,2,4.0,8,9,0,0,0.999999999999875,0.003525,0.00072,0.49946110985903625,2.0840511964640234,2.0840511964640234,11.947213595499958,unique_starts
72,10,382,86,4,22,19,1,20.0,16.77906976744186,25,86,4,21.5,86,2885,2885,2885,-0.9421070346684615,0.003525,0.00306,0.49946110985903625,0.5168753927781407,0.5168753927781407,20.21320071635561,unique_starts
73,10,462,439,8,78,61,1,9.0,9.542141230068337,24,439,8,54.875,439,0,0,0,0.9999999999999977,0.003525,0.00335,0.49946110985903625,0.4622577751318516,0.49946110985903625,9.11322770341446,unique_starts
74,21,2,85,6,9,85,7,13.0,14.470588235294118,25,85,6,14.166666666666666,85,197,197,197,-0.39716312056737446,0.001335,0.00384,0.7000075364621832,0.49557695833984555,0.7000075364621832,13.333333333333334,unique_starts
75,21,6,21,5,5,21,7,20.0,15.761904761904763,25,21,5,4.2,21,95,95,95,-0.6379310344827531,0.001335,0.003095,0.7000075364621832,0.5183369733262979,0.7000075364621832,20.447213595499957,unique_starts
76,21,7,16,2,2,16,16,21.5,21.0,25,16,2,8.0,16,4,0,0,0.9999999999999376,0.001335,0.00345,0.7000075364621832,0.473565075387291,0.7000075364621832,22.207106781186546,unique_starts
77,21,10,30,5,5,30,17,22.0,21.633333333333333,25,30,5,6.0,30,24,24,24,0.11111111111110905,0.001335,0.003525,0.7000075364621832,0.49946110985903625,0.7000075364621832,22.447213595499957,unique_starts
78,21,22,30,10,10,30,7,23.5,21.9,25,30,10,3.0,30,171,171,171,-0.7014925373134293,0.001335,0.00375,0.7000075364621832,0.6446610524678009,0.7000075364621832,23.816227766016837,unique_starts
79,21,58,34,13,14,34,6,9.0,13.794117647058824,25,34,13,2.6153846153846154,34,26,26,26,0.1333333333333311,0.001335,0.0027,0.7000075364621832,0.45943690378043944,0.7000075364621832,9.267261241912424,unique_starts
80,21,79,36,10,11,36,14,21.0,20.555555555555557,25,36,10,3.6,36,3,0,0,0.9999999999999721,0.001335,0.003325,0.7000075364621832,0.5566279042981374,0.7000075364621832,21.301511344577765,unique_starts
81,21,80,70,15,15,70,12,18.0,18.7,25,70,15,4.666666666666667,70,11,11,11,0.7283950617283861,0.001335,0.003105,0.7000075364621832,0.54911977059455,0.7000075364621832,18.25819888974716,unique_starts
82,21,115,40,11,12,40,17,19.0,19.05,23,40,11,3.6363636363636362,40,14,14,14,0.4814814814814726,0.001335,0.002855,0.7000075364621832,0.4573735327292514,0.7000075364621832,19.28867513459481,unique_starts
83,21,117,73,12,13,67,11,19.0,18.52054794520548,25,73,12,6.083333333333333,73,17,17,17,0.6222222222222153,0.001335,0.002995,0.7000075364621832,0.4921561459247037,0.7000075364621832,19.277350098112613,unique_starts
84,21,121,175,78,107,175,4,6.0,5.617142857142857,7,175,78,2.2435897435897436,175,7,7,7,0.923076923076918,0.001335,0.00212,0.7000075364621832,0.4790562634901327,0.7000075364621832,6.0966736489045665,unique_starts
85,21,139,144,24,26,144,8,12.5,12.618055555555555,23,144,24,6.0,144,47,47,47,0.5078534031413586,0.001335,0.00315,0.7000075364621832,0.5763001546805818,0.7000075364621832,12.696116135138183,unique_starts
86,21,167,4,2,2,4,21,23.5,23.25,25,4,2,2.0,4,33,33,33,-0.7837837837837626,0.001335,0.002905,0.7000075364621832,0.5523326473861818,0.7000075364621832,24.207106781186546,unique_starts
87,21,169,51,11,12,51,6,9.0,9.03921568627451,14,51,11,4.636363636363637,51,78,78,78,-0.20930232558139372,0.001335,0.003075,0.7000075364621832,0.5191317792488794,0.7000075364621832,9.288675134594813,unique_starts
88,21,175,221,25,30,221,6,11.0,12.248868778280542,25,221,25,8.84,221,161,161,161,0.1570680628272247,0.001335,0.00503,0.7000075364621832,0.7573380297747923,0.7573380297747923,11.182574185835055,unique_starts
89,21,199,66,13,14,66,11,17.0,17.772727272727273,25,66,13,5.076923076923077,66,43,43,43,0.21100917431192467,0.001335,0.00268,0.7000075364621832,0.5690552560543798,0.7000075364621832,17.267261241912426,unique_starts
90,21,217,16,5,5,16,11,22.0,20.9375,25,16,5,3.2,16,56,56,56,-0.5555555555555479,0.001335,0.003145,0.7000075364621832,0.5280768414975939,0.7000075364621832,22.447213595499957,unique_starts
91,21,230,30,8,8,30,17,19.5,19.933333333333334,25,30,8,3.75,30,21,21,21,0.17647058823529066,0.001335,0.00344,0.7000075364621832,0.5276863910046072,0.7000075364621832,19.853553390593273,unique_starts
92,21,243,71,14,15,71,7,10.0,10.985915492957746,21,71,14,5.071428571428571,71,30,30,30,0.4059405940594019,0.001335,0.002845,0.7000075364621832,0.47798288494927843,0.7000075364621832,10.258198889747161,unique_starts
93,21,251,12,3,3,12,7,9.0,9.666666666666666,14,12,3,4.0,12,31,31,31,-0.44186046511626875,0.001335,0.002675,0.7000075364621832,0.4733873703025864,0.7000075364621832,9.577350269189626,unique_starts
94,21,273,105,16,20,105,6,10.0,11.571428571428571,25,105,16,6.5625,105,91,91,91,0.07142857142857106,0.001335,0.0032,0.7000075364621832,0.505500130278,0.7000075364621832,10.223606797749978,unique_starts
95,21,281,110,12,13,110,6,11.0,12.972727272727273,25,110,12,9.166666666666666,110,124,124,124,-0.059829059829059575,0.001335,0.003665,0.7000075364621832,0.5084243360159619,0.7000075364621832,11.277350098112615,unique_starts
96,21,309,41,8,9,41,13,19.0,19.634146341463413,25,41,8,5.125,41,33,33,33,0.10810810810810666,0.001335,0.003055,0.7000075364621832,0.48484104579254805,0.7000075364621832,19.333333333333332,unique_starts
97,21,315,62,9,10,62,11,20.0,19.85483870967742,25,62,9,6.888888888888889,62,9,9,9,0.7464788732394262,0.001335,0.00307,0.7000075364621832,0.5338410601299857,0.7000075364621832,20.316227766016837,unique_starts
98,21,383,43,10,11,42,7,17.0,17.53488372093023,25,43,10,4.3,43,116,116,116,-0.45911949685534303,0.001335,0.00295,0.7000075364621832,0.47953992323646644,0.7000075364621832,17.301511344577765,unique_starts
99,21,385,15,4,4,15,15,20.0,20.133333333333333,25,15,4,3.75,15,5,0,0,0.9999999999999333,0.001335,0.00381,0.7000075364621832,0.544885989019332,0.7000075364621832,20.5,unique_starts
100,21,463,193,91,116,189,4,6.0,5.642487046632124,7,193,91,2.120879120879121,193,3,3,3,0.9693877551020359,0.001335,0.00216,0.7000075364621832,0.5081641748793143,0.7000075364621832,6.092847669088526,unique_starts
101,22,7,70,6,31,19,20,24.0,23.314285714285713,25,70,6,11.666666666666666,70,0,0,0,0.9999999999999858,0.00375,0.00345,0.6446610524678009,0.473565075387291,0.6446610524678009,24.179605302026776,unique_starts
102,22,21,171,19,171,21,2,6.0,6.684210526315789,20,171,19,9.0,171,30,30,30,0.7014925373134293,0.00375,0.001335,0.6446610524678009,0.7000075364621832,0.7000075364621832,6.076471911290187,unique_starts
103,22,79,131,7,18,43,2,11.0,11.381679389312977,20,131,7,18.714285714285715,131,209,209,209,-0.22941176470588165,0.00375,0.003325,0.6446610524678009,0.5566279042981374,0.6446610524678009,11.235702260395517,unique_starts
104,22,80,56,3,7,24,4,12.0,12.071428571428571,20,56,3,18.666666666666668,56,221,221,221,-0.5956678700360989,0.00375,0.003105,0.6446610524678009,0.54911977059455,0.6446610524678009,12.377964473009227,unique_starts
105,22,117,196,9,49,49,15,22.0,21.709183673469386,25,196,9,21.77777777777778,196,0,0,0,0.9999999999999949,0.00375,0.002995,0.6446610524678009,0.4921561459247037,0.6446610524678009,22.142857142857142,unique_starts
106,22,139,107,12,28,62,1,4.0,4.570093457943925,13,107,12,8.916666666666666,107,825,825,825,-0.7703862660944197,0.00375,0.00315,0.6446610524678009,0.5763001546805818,0.6446610524678009,4.188982236504613,unique_starts
107,22,167,11,2,5,5,22,24.0,24.09090909090909,25,11,2,5.5,11,0,0,0,0.9999999999999091,0.00375,0.002905,0.6446610524678009,0.5523326473861818,0.6446610524678009,24.447213595499957,unique_starts
108,22,169,498,15,125,72,9,16.0,16.20281124497992,25,498,15,33.2,498,60,60,60,0.7849462365591383,0.00375,0.003075,0.6446610524678009,0.5191317792488794,0.6446610524678009,16.089442719099992,unique_starts
109,22,171,32,2,6,12,12,18.5,18.40625,25,32,2,16.0,32,38,38,38,-0.0857142857142845,0.00375,0.00343,0.6446610524678009,0.6091865893282263,0.6446610524678009,18.908248290463863,unique_starts
110,22,175,82,8,45,22,1,3.0,3.5609756097560976,7,82,8,10.25,82,29,29,29,0.4774774774774732,0.00375,0.00503,0.6446610524678009,0.7573380297747923,0.7573380297747923,3.149071198499986,unique_starts
111,22,179,246,32,246,36,2,6.0,6.162601626016261,13,246,32,7.6875,246,13,13,13,0.899613899613896,0.00375,0.00165,0.6446610524678009,0.5689519284458886,0.6446610524678009,6.063757671306334,unique_starts
112,22,199,556,17,121,90,13,21.0,20.584532374100718,25,556,17,32.705882352941174,556,1,0,0,0.9999999999999981,0.00375,0.00268,0.6446610524678009,0.5690552560543798,0.6446610524678009,21.09090909090909,unique_starts
113,22,251,1019,31,260,137,9,17.0,16.619234543670267,25,1019,31,32.87096774193548,1019,81,81,81,0.852727272727272,0.00375,0.002675,0.6446610524678009,0.4733873703025864,0.6446610524678009,17.062017367294604,unique_starts
114,22,271,13,4,10,7,16,21.0,21.153846153846153,25,13,4,3.25,13,51,51,51,-0.5937499999999908,0.00375,0.002355,0.6446610524678009,0.46904630509061107,0.6446610524678009,21.316227766016837,unique_starts
115,22,273,356,29,165,100,1,4.0,4.558988764044944,18,356,29,12.275862068965518,356,941,941,941,-0.4510408635312256,0.00375,0.0032,0.6446610524678009,0.505500130278,0.6446610524678009,4.077849894416152,unique_starts
116,22,383,212,10,54,40,12,22.0,21.004716981132077,25,212,10,21.2,212,50,50,50,0.6183206106870205,0.00375,0.00295,0.6446610524678009,0.47953992323646644,0.6446610524678009,22.136082763487956,unique_starts
117,22,463,551,38,337,74,7,12.0,12.397459165154265,25,551,38,14.5,551,0,0,0,0.9999999999999981,0.00375,0.00216,0.6446610524678009,0.5081641748793143,0.6446610524678009,12.054473471070285,unique_starts
118,42,2,133,4,19,26,13,19.0,18.984962406015036,25,133,4,33.25,133,3,3,3,0.9558823529411695,0.002905,0.00384,0.49705178564663943,0.49557695833984555,0.49705178564663943,19.22941573387056,unique_starts
119,42,8,353,13,68,80,1,6.0,6.164305949008498,17,353,13,27.153846153846153,353,0,0,0,0.9999999999999971,0.002905,0.00305,0.49705178564663943,0.5406985617322061,0.5406985617322061,6.121267812518166,unique_starts
120,42,10,61,4,9,33,1,11.0,10.901639344262295,23,61,4,15.25,61,37,37,37,0.244897959183671,0.002905,0.003525,0.49705178564663943,0.49946110985903625,0.49946110985903625,11.333333333333334,unique_starts
121,42,21,14,6,14,6,22,24.0,23.785714285714285,25,14,6,2.3333333333333335,14,0,0,0,0.9999999999999286,0.002905,0.001335,0.49705178564663943,0.7000075364621832,0.7000075364621832,24.267261241912426,unique_starts
122,42,22,345,10,46,84,11,19.0,19.24927536231884,25,345,10,34.5,345,0,0,0,0.999999999999997,0.002905,0.00375,0.49705178564663943,0.6446610524678009,0.6446610524678009,19.147441956154896,unique_starts
123,42,79,79,5,27,16,5,12.0,12.265822784810126,20,79,5,15.8,79,242,242,242,-0.5077881619937679,0.002905,0.003325,0.49705178564663943,0.5566279042981374,0.5566279042981374,12.192450089729876,unique_starts
124,42,80,618,13,107,116,1,13.0,13.310679611650485,22,618,13,47.53846153846154,618,938,938,938,-0.20565552699228778,0.002905,0.003105,0.49705178564663943,0.54911977059455,0.54911977059455,13.096673648904567,unique_starts
125,42,117,12,2,2,12,8,11.5,12.0,17,12,2,6.0,12,8,8,8,0.19999999999999002,0.002905,0.002995,0.49705178564663943,0.4921561459247037,0.49705178564663943,12.207106781186548,unique_starts
126,42,171,823,20,145,157,5,20.0,19.54070473876063,25,823,20,41.15,823,88,88,88,0.8068057080131714,0.002905,0.00343,0.49705178564663943,0.6091865893282263,0.6091865893282263,20.08304547985374,unique_starts
127,42,173,161,15,86,39,16,23.0,22.86335403726708,25,161,15,10.733333333333333,161,1095,1095,1095,-0.7436305732484071,0.002905,0.002675,0.49705178564663943,0.5108604177721788,0.5108604177721788,23.107832773203437,unique_starts
128,42,175,506,19,126,97,14,21.0,21.16403162055336,25,506,19,26.63157894736842,506,5,5,5,0.9804305283757319,0.002905,0.00503,0.49705178564663943,0.7573380297747923,0.7573380297747923,21.089087080637476,unique_starts
129,42,179,26,10,26,10,21,24.0,23.807692307692307,25,26,10,2.6,26,0,0,0,0.9999999999999616,0.002905,0.00165,0.49705178564663943,0.5689519284458886,0.5689519284458886,24.196116135138183,unique_starts
130,42,271,11,5,9,7,17,24.0,23.272727272727273,25,11,5,2.2,11,723,723,723,-0.9700272479564019,0.002905,0.002355,0.49705178564663943,0.46904630509061107,0.49705178564663943,24.333333333333332,unique_starts
131,42,281,18,2,4,12,14,17.0,18.0,24,18,2,9.0,18,0,0,0,0.9999999999999445,0.002905,0.003665,0.49705178564663943,0.5084243360159619,0.5084243360159619,17.5,unique_starts
132,42,371,8,2,8,2,17,20.5,20.875,25,8,2,4.0,8,6,0,0,0.999999999999875,0.002905,0.00072,0.49705178564663943,2.0840511964640234,2.0840511964640234,20.853553390593273,unique_starts
133,42,410,3,2,3,2,24,25.0,24.666666666666668,25,3,2,1.5,3,24,24,24,-0.777777777777749,0.002905,0.002505,0.49705178564663943,0.5908932537877524,0.5908932537877524,25.577350269189626,unique_starts
134,46,3,188,14,85,62,1,4.0,3.867021276595745,8,188,14,13.428571428571429,188,0,0,0,0.9999999999999947,0.00281,0.003565,0.4994811286042713,0.5904218374331804,0.5904218374331804,4.108465228909328,unique_starts
135,46,117,17,2,6,8,9,13.0,15.470588235294118,25,17,2,8.5,17,261,261,261,-0.8776978417266155,0.00281,0.002995,0.4994811286042713,0.4921561459247037,0.4994811286042713,13.408248290463863,unique_starts
136,46,163,36,2,18,4,5,11.5,12.25,23,36,2,18.0,36,6,0,0,0.9999999999999721,0.00281,0.000755,0.4994811286042713,0.8074492857931624,0.8074492857931624,11.735702260395517,unique_starts
137,46,259,10,2,10,2,8,14.5,14.3,19,10,2,5.0,10,9,0,0,0.9999999999999,0.00281,0.00102,0.4994811286042713,1.0660615445434947,1.0660615445434947,14.816227766016837,unique_starts
138,46,329,18,4,9,9,22,24.5,24.22222222222222,25,18,4,4.5,18,0,0,0,0.9999999999999445,0.00281,0.00267,0.4994811286042713,0.48285513264051666,0.4994811286042713,24.833333333333332,unique_starts
139,46,371,14,3,13,4,3,15.5,12.928571428571429,22,14,3,4.666666666666667,14,0,0,0,0.9999999999999286,0.00281,0.00072,0.4994811286042713,2.0840511964640234,2.0840511964640234,15.777350098112615,unique_starts
140,46,406,2523,31,354,350,1,9.0,9.055093143083631,20,2523,31,81.38709677419355,2523,0,0,0,0.9999999999999997,0.00281,0.002805,0.4994811286042713,0.47566766402598537,0.4994811286042713,9.053149400345273,unique_starts
141,46,487,239,13,66,79,1,23.0,22.824267782426777,25,239,13,18.384615384615383,239,72,72,72,0.536977491961413,0.00281,0.00309,0.4994811286042713,0.4986519883489159,0.4994811286042713,23.123091490979334,unique_starts
142,56,7,292,10,61,65,1,15.0,14.743150684931507,25,292,10,29.2,292,20,20,20,0.8717948717948689,0.003085,0.00345,0.5396960390661362,0.473565075387291,0.5396960390661362,15.128036879932896,unique_starts
143,56,21,6,2,6,2,23,24.0,24.0,25,6,2,3.0,6,0,0,0,0.9999999999998334,0.003085,0.001335,0.5396960390661362,0.7000075364621832,0.7000075364621832,24.408248290463863,unique_starts
144,56,163,8,2,8,2,17,19.5,19.5,22,8,2,4.0,8,0,0,0,0.999999999999875,0.003085,0.000755,0.5396960390661362,0.8074492857931624,0.8074492857931624,19.853553390593273,unique_starts
145,56,167,1087,25,213,191,1,7.0,8.427782888684453,25,1087,25,43.48,1087,0,0,0,0.9999999999999991,0.003085,0.002905,0.5396960390661362,0.5523326473861818,0.5523326473861818,7.0685188709827536,unique_starts
146,56,179,15,5,15,5,21,24.0,23.666666666666668,25,15,5,3.0,15,0,0,0,0.9999999999999333,0.003085,0.00165,0.5396960390661362,0.5689519284458886,0.5689519284458886,24.25819888974716,unique_starts
147,56,207,151,9,37,37,1,6.0,6.1655629139072845,16,151,9,16.77777777777778,151,1,0,0,0.9999999999999934,0.003085,0.002905,0.5396960390661362,0.5142383888493315,0.5396960390661362,6.164398987305358,unique_starts
148,56,251,298,9,62,50,13,21.0,20.808724832214764,25,298,9,33.111111111111114,298,0,0,0,0.9999999999999966,0.003085,0.002675,0.5396960390661362,0.4733873703025864,0.5396960390661362,21.12700012700019,unique_starts
149,56,259,20,4,20,4,17,22.5,22.15,25,20,4,5.0,20,2,0,0,0.99999999999995,0.003085,0.00102,0.5396960390661362,1.0660615445434947,1.0660615445434947,22.72360679774998,unique_starts
150,56,271,45,10,35,14,20,24.0,23.444444444444443,25,45,10,4.5,45,582,582,582,-0.8564593301435393,0.003085,0.002355,0.5396960390661362,0.46904630509061107,0.5396960390661362,24.169030850945703,unique_starts
151,56,371,36,6,23,8,14,20.0,19.72222222222222,25,36,6,6.0,36,11,11,11,0.5319148936170099,0.003085,0.00072,0.5396960390661362,2.0840511964640234,2.0840511964640234,20.208514414057074,unique_starts
152,56,398,15,3,6,9,1,23.0,18.066666666666666,25,15,3,5.0,15,189,189,189,-0.8529411764705841,0.003085,0.00324,0.5396960390661362,0.4886541548049501,0.5396960390661362,23.408248290463863,unique_starts
153,56,410,14,4,13,5,7,23.0,20.714285714285715,25,14,4,3.5,14,14,14,14,0.0,0.003085,0.002505,0.5396960390661362,0.5908932537877524,0.5908932537877524,23.277350098112613,unique_starts
154,56,429,51,12,29,32,1,25.0,22.019607843137255,25,51,12,4.25,51,0,0,0,0.9999999999999803,0.003085,0.0033,0.5396960390661362,0.6319999683881292,0.6319999683881292,25.18569533817705,unique_starts
155,58,21,26,3,26,3,2,6.0,5.923076923076923,11,26,3,8.666666666666666,26,34,34,34,-0.1333333333333311,0.0027,0.001335,0.45943690378043944,0.7000075364621832,0.7000075364621832,6.196116135138184,unique_starts
156,58,115,173,23,39,115,8,13.0,13.294797687861271,22,173,23,7.521739130434782,173,1826,1826,1826,-0.8269134567283638,0.0027,0.002855,0.45943690378043944,0.4573735327292514,0.45943690378043944,13.160128153805086,unique_starts
157,58,121,232,14,140,27,6,11.5,11.629310344827585,18,232,14,16.571428571428573,232,0,0,0,0.9999999999999957,0.0027,0.00212,0.45943690378043944,0.4790562634901327,0.4790562634901327,11.584515425472851,unique_starts
158,58,169,261,10,86,40,9,15.0,15.67432950191571,25,261,10,26.1,261,18,18,18,0.8709677419354807,0.0027,0.003075,0.45943690378043944,0.5191317792488794,0.5191317792488794,15.10783277320344,unique_starts
159,58,179,126,13,126,15,1,6.0,5.928571428571429,11,126,13,9.692307692307692,126,37,37,37,0.5460122699386469,0.0027,0.00165,0.45943690378043944,0.5689519284458886,0.5689519284458886,6.089087080637475,unique_starts
160,58,199,250,6,53,32,12,20.0,20.004,25,250,6,41.666666666666664,250,0,0,0,0.999999999999996,0.0027,0.00268,0.45943690378043944,0.5690552560543798,0.5690552560543798,20.13736056394869,unique_starts
161,58,243,15,4,11,7,1,2.0,2.8666666666666667,7,15,4,3.75,15,62,62,62,-0.6103896103896025,0.0027,0.002845,0.45943690378043944,0.47798288494927843,0.47798288494927843,2.3015113445777637,unique_starts
162,58,251,89,3,22,16,9,16.0,16.04494382022472,24,89,3,29.666666666666668,89,18,18,18,0.6635514018691527,0.0027,0.002675,0.45943690378043944,0.4733873703025864,0.4733873703025864,16.21320071635561,unique_starts
163,58,371,10,3,9,4,19,21.5,21.6,25,10,3,3.3333333333333335,10,0,0,0,0.9999999999999,0.0027,0.00072,0.45943690378043944,2.0840511964640234,2.0840511964640234,21.833333333333332,unique_starts
164,58,404,6,2,5,3,23,24.5,24.333333333333332,25,6,2,3.0,6,75,75,75,-0.8518518518518414,0.0027,0.00219,0.45943690378043944,0.5171261636058332,0.5171261636058332,24.947213595499957,unique_starts
165,63,8,708,19,149,108,1,8.0,8.73870056497175,23,708,19,37.26315789473684,708,0,0,0,0.9999999999999986,0.00318,0.00305,0.5301456261038152,0.5406985617322061,0.5406985617322061,8.081923192051905,unique_starts
166,63,22,1056,20,157,178,7,21.0,20.071969696969695,25,1056,20,52.8,1056,0,0,0,0.9999999999999991,0.00318,0.00375,0.5301456261038152,0.6446610524678009,0.6446610524678009,21.07980868844676,unique_starts
167,63,42,139,13,45,47,1,4.0,4.546762589928058,13,139,13,10.692307692307692,139,0,0,0,0.9999999999999929,0.00318,0.002905,0.5301456261038152,0.49705178564663943,0.5301456261038152,4.149071198499986,unique_starts
168,63,79,250,10,61,54,7,16.0,16.22,25,250,10,25.0,250,28,28,28,0.7985611510791337,0.00318,0.003325,0.5301456261038152,0.5566279042981374,0.5566279042981374,16.128036879932896,unique_starts
169,63,80,378,11,97,72,1,13.0,12.404761904761905,24,378,11,34.36363636363637,378,55,55,55,0.7459584295611992,0.00318,0.003105,0.5301456261038152,0.54911977059455,0.54911977059455,13.101534616513362,unique_starts
170,63,139,20,3,17,4,9,15.5,15.1,21,20,3,6.666666666666667,20,1,0,0,0.99999999999995,0.00318,0.00315,0.5301456261038152,0.5763001546805818,0.5763001546805818,15.742535625036332,unique_starts
171,63,146,27,2,11,5,1,4.0,4.0,7,27,2,13.5,27,0,0,0,0.999999999999963,0.00318,0.00289,0.5301456261038152,0.49858717633061933,0.5301456261038152,4.301511344577763,unique_starts
172,63,164,28,3,16,7,20,23.5,23.25,25,28,3,9.333333333333334,28,147,147,147,-0.6799999999999962,0.00318,0.002755,0.5301456261038152,0.46236208579247506,0.5301456261038152,23.75,unique_starts
173,63,171,324,17,105,87,6,22.0,20.969135802469136,25,324,17,19.058823529411764,324,3,3,3,0.9816513761467859,0.00318,0.00343,0.5301456261038152,0.6091865893282263,0.6091865893282263,22.097590007294855,unique_starts
174,63,172,6,2,6,2,21,23.5,23.333333333333332,25,6,2,3.0,6,3349,3349,3349,-0.996423248882265,0.00318,0.00297,0.5301456261038152,0.4684363793861522,0.5301456261038152,23.908248290463863,unique_starts
175,63,175,97,6,22,37,13,22.0,21.649484536082475,25,97,6,16.166666666666668,97,0,0,0,0.9999999999999898,0.00318,0.00503,0.5301456261038152,0.7573380297747923,0.7573380297747923,22.21320071635561,unique_starts
176,63,179,22,7,22,8,20,24.0,23.545454545454547,25,22,7,3.142857142857143,22,0,0,0,0.9999999999999546,0.00318,0.00165,0.5301456261038152,0.5689519284458886,0.5689519284458886,24.21320071635561,unique_starts
177,63,230,763,11,187,89,1,13.0,13.158584534731324,25,763,11,69.36363636363636,763,2,0,0,0.9999999999999987,0.00318,0.00344,0.5301456261038152,0.5276863910046072,0.5301456261038152,13.073127242412713,unique_starts
178,63,271,29,9,27,12,20,24.0,23.655172413793103,25,29,9,3.2222222222222223,29,30,30,30,-0.016949152542372593,0.00318,0.002355,0.5301456261038152,0.46904630509061107,0.5301456261038152,24.192450089729874,unique_starts
179,63,371,18,3,18,3,3,10.5,12.5,25,18,3,6.0,18,1,0,0,0.9999999999999445,0.00318,0.00072,0.5301456261038152,2.0840511964640234,2.0840511964640234,10.735702260395517,unique_starts
180,63,404,12,2,12,2,6,9.0,9.166666666666666,13,12,2,6.0,12,0,0,0,0.9999999999999166,0.00318,0.00219,0.5301456261038152,0.5171261636058332,0.5301456261038152,9.288675134594813,unique_starts
181,63,410,17,4,17,4,17,23.0,22.11764705882353,25,17,4,4.25,17,16,16,16,0.030303030303029384,0.00318,0.002505,0.5301456261038152,0.5908932537877524,0.5908932537877524,23.242535625036332,unique_starts
182,79,8,222,23,89,94,1,24.0,20.78828828828829,25,222,23,9.652173913043478,222,1437,1437,1437,-0.7323688969258586,0.003325,0.00305,0.5566279042981374,0.5406985617322061,0.5566279042981374,24.105999788000634,unique_starts
183,79,22,209,14,27,116,2,12.0,11.325358851674642,18,209,14,14.928571428571429,209,131,131,131,0.22941176470588165,0.003325,0.00375,0.5566279042981374,0.6446610524678009,0.6446610524678009,12.192450089729876,unique_starts
184,79,42,242,9,64,42,16,22.0,21.714876033057852,25,242,9,26.88888888888889,242,79,79,79,0.5077881619937679,0.003325,0.002905,0.5566279042981374,0.49705178564663943,0.5566279042981374,22.125,unique_starts
185,79,63,28,4,27,5,16,21.0,20.785714285714285,25,28,4,7.0,28,250,250,250,-0.7985611510791337,0.003325,0.00318,0.5566279042981374,0.5301456261038152,0.5566279042981374,21.192450089729874,unique_starts
186,79,146,444,13,110,81,15,22.0,21.98198198198198,25,444,13,34.15384615384615,444,734,734,734,-0.2461799660441424,0.003325,0.00289,0.5566279042981374,0.49858717633061933,0.5566279042981374,22.095346258924558,unique_starts
187,79,163,13,2,13,2,8,14.0,14.0,20,13,2,6.5,13,4,0,0,0.9999999999999231,0.003325,0.000755,0.5566279042981374,0.8074492857931624,0.8074492857931624,14.277350098112615,unique_starts
188,79,164,1387,38,459,216,4,16.0,15.915645277577505,25,1387,38,36.5,1387,568,568,568,0.41892583120204585,0.003325,0.002755,0.5566279042981374,0.46236208579247506,0.5566279042981374,16.046676002800933,unique_starts
189,79,169,12,6,8,10,23,25.0,24.416666666666668,25,12,6,2.0,12,297,297,297,-0.9223300970873756,0.003325,0.003075,0.5566279042981374,0.5191317792488794,0.5566279042981374,25.353553390593273,unique_starts
190,79,171,1305,32,293,205,1,8.0,8.592337164750958,25,1305,32,40.78125,1305,119,119,119,0.8328651685393254,0.003325,0.00343,0.5566279042981374,0.6091865893282263,0.6091865893282263,8.058420623783698,unique_starts
191,79,172,40,7,40,7,8,19.0,17.925,25,40,7,5.714285714285714,40,16,16,16,0.4285714285714209,0.003325,0.00297,0.5566279042981374,0.4684363793861522,0.5566279042981374,19.15811388300842,unique_starts
192,79,179,4,3,4,3,17,17.5,17.75,19,4,3,1.3333333333333333,4,45,45,45,-0.836734693877534,0.003325,0.00165,0.5566279042981374,0.5689519284458886,0.5689519284458886,18.0,unique_starts
193,79,230,359,25,102,117,1,5.0,6.8774373259052926,25,359,25,14.36,359,74,74,74,0.6581986143187052,0.003325,0.00344,0.5566279042981374,0.5276863910046072,0.5566279042981374,5.099014754297667,unique_starts
194,79,251,5,4,4,5,24,25.0,24.8,25,5,4,1.25,5,97,97,97,-0.9019607843137167,0.003325,0.002675,0.5566279042981374,0.4733873703025864,0.5566279042981374,25.5,unique_starts
195,79,259,15,2,13,3,10,18.0,17.466666666666665,23,15,2,7.5,15,13,0,0,0.9999999999999333,0.003325,0.00102,0.5566279042981374,1.0660615445434947,1.0660615445434947,18.277350098112613,unique_starts
196,79,271,419,28,255,66,5,12.0,12.708830548926015,23,419,28,14.964285714285714,419,187,187,187,0.3828382838283822,0.003325,0.002355,0.5566279042981374,0.46904630509061107,0.5566279042981374,12.062622429108515,unique_starts
197,79,273,30,6,9,22,1,14.0,12.366666666666667,17,30,6,5.0,30,1799,1799,1799,-0.967195188627665,0.003325,0.0032,0.5566279042981374,0.505500130278,0.5566279042981374,14.333333333333334,unique_starts
198,79,410,739,34,285,101,6,18.0,18.020297699594046,25,739,34,21.735294117647058,739,196,196,196,0.5807486631016037,0.003325,0.002505,0.5566279042981374,0.5908932537877524,0.5908932537877524,18.059234887775908,unique_starts
199,79,463,19,8,14,11,19,23.0,22.94736842105263,25,19,8,2.375,19,0,0,0,0.9999999999999475,0.003325,0.00216,0.5566279042981374,0.5081641748793143,0.5566279042981374,23.267261241912426,unique_starts
200,80,8,29,2,11,7,20,23.0,23.24137931034483,25,29,2,14.5,29,90,90,90,-0.5126050420168025,0.003105,0.00305,0.54911977059455,0.5406985617322061,0.54911977059455,23.301511344577765,unique_starts
201,80,10,102,7,18,37,1,6.0,7.509803921568627,25,102,7,14.571428571428571,102,2,0,0,0.9999999999999902,0.003105,0.003525,0.54911977059455,0.49946110985903625,0.54911977059455,6.235702260395516,unique_starts
202,80,21,11,3,11,3,14,20.0,19.545454545454547,24,11,3,3.6666666666666665,11,70,70,70,-0.7283950617283861,0.003105,0.001335,0.54911977059455,0.7000075364621832,0.7000075364621832,20.301511344577765,unique_starts
203,80,22,221,8,27,63,5,13.0,13.14027149321267,21,221,8,27.625,221,56,56,56,0.5956678700360989,0.003105,0.00375,0.54911977059455,0.6446610524678009,0.6446610524678009,13.192450089729876,unique_starts
204,80,42,938,24,198,194,14,22.0,21.93496801705757,25,938,24,39.083333333333336,938,618,618,618,0.20565552699228778,0.003105,0.002905,0.54911977059455,0.49705178564663943,0.54911977059455,22.07106690545187,unique_starts
205,80,63,55,3,18,8,1,21.0,21.036363636363635,25,55,3,18.333333333333332,55,378,378,378,-0.7459584295611992,0.003105,0.00318,0.54911977059455,0.5301456261038152,0.54911977059455,21.235702260395517,unique_starts
206,80,79,14,2,4,10,1,3.5,4.214285714285714,9,14,2,7.0,14,0,0,0,0.9999999999999286,0.003105,0.003325,0.54911977059455,0.5566279042981374,0.5566279042981374,4.0,unique_starts
207,80,117,5,3,4,4,1,24.0,15.2,25,5,3,1.6666666666666667,5,101,101,101,-0.905660377358482,0.003105,0.002995,0.54911977059455,0.4921561459247037,0.54911977059455,24.5,unique_starts
208,80,163,8,2,6,3,11,13.5,13.25,15,8,2,4.0,8,7,0,0,0.999999999999875,0.003105,0.000755,0.54911977059455,0.8074492857931624,0.8074492857931624,13.908248290463863,unique_starts
209,80,171,1254,21,232,200,1,9.0,9.724880382775119,25,1254,21,59.714285714285715,1254,96,96,96,0.8577777777777772,0.003105,0.00343,0.54911977059455,0.6091865893282263,0.6091865893282263,9.065653216429862,unique_starts
210,80,173,293,17,171,44,6,14.0,15.160409556313994,25,293,17,17.235294117647058,293,102,102,102,0.4835443037974671,0.003105,0.002675,0.54911977059455,0.5108604177721788,0.54911977059455,14.076471911290188,unique_starts
211,80,175,89,9,17,45,1,13.0,12.910112359550562,21,89,9,9.88888888888889,89,1350,1350,1350,-0.8763029881862399,0.003105,0.00503,0.54911977059455,0.7573380297747923,0.7573380297747923,13.242535625036332,unique_starts
212,80,179,4,4,4,4,15,16.5,16.5,18,4,4,1.0,4,69,69,69,-0.8904109589040975,0.003105,0.00165,0.54911977059455,0.5689519284458886,0.5689519284458886,17.0,unique_starts
213,80,205,13,2,8,3,18,21.0,20.76923076923077,23,13,2,6.5,13,1,0,0,0.9999999999999231,0.003105,0.00069,0.54911977059455,0.4815721475373711,0.54911977059455,21.353553390593273,unique_starts
214,80,230,119,4,24,26,1,7.0,7.235294117647059,17,119,4,29.75,119,7,7,7,0.8888888888888818,0.003105,0.00344,0.54911977059455,0.5276863910046072,0.54911977059455,7.204124145231932,unique_starts
215,80,259,18,4,12,7,9,16.5,16.666666666666668,25,18,4,4.5,18,7,0,0,0.9999999999999445,0.003105,0.00102,0.54911977059455,1.0660615445434947,1.0660615445434947,16.78867513459481,unique_starts
216,80,271,363,27,237,51,5,14.0,14.09366391184573,25,363,27,13.444444444444445,363,124,124,124,0.4907597535934281,0.003105,0.002355,0.54911977059455,0.46904630509061107,0.54911977059455,14.064956980246164,unique_starts
217,80,281,20,4,6,14,13,22.0,20.2,25,20,4,5.0,20,328,328,328,-0.8850574712643652,0.003105,0.003665,0.54911977059455,0.5084243360159619,0.54911977059455,22.408248290463863,unique_starts
218,80,371,7,3,7,3,10,14.0,15.0,21,7,3,2.3333333333333335,7,1,0,0,0.9999999999998571,0.003105,0.00072,0.54911977059455,2.0840511964640234,2.0840511964640234,14.377964473009227,unique_starts
219,80,382,95,5,17,26,15,21.0,20.57894736842105,25,95,5,19.0,95,48,48,48,0.32867132867132637,0.003105,0.00306,0.54911977059455,0.5168753927781407,0.54911977059455,21.242535625036332,unique_starts
220,80,410,281,14,143,36,5,18.0,17.298932384341636,25,281,14,20.071428571428573,281,94,94,94,0.4986666666666653,0.003105,0.002505,0.54911977059455,0.5908932537877524,0.5908932537877524,18.08362420100071,unique_starts
221,80,463,20,7,12,12,18,20.5,21.65,25,20,7,2.857142857142857,20,9,9,9,0.37931034482757314,0.003105,0.00216,0.54911977059455,0.5081641748793143,0.54911977059455,20.78867513459481,unique_starts
222,115,21,14,3,14,3,11,13.5,13.642857142857142,17,14,3,4.666666666666667,14,40,40,40,-0.4814814814814726,0.002855,0.001335,0.4573735327292514,0.7000075364621832,0.7000075364621832,13.767261241912424,unique_starts
223,115,58,1826,30,202,365,1,8.0,8.468784227820372,22,1826,30,60.86666666666667,1826,173,173,173,0.8269134567283638,0.002855,0.0027,0.4573735327292514,0.45943690378043944,0.45943690378043944,8.07035975447303,unique_starts
224,115,120,89,13,39,36,18,24.0,23.43820224719101,25,89,13,6.846153846153846,89,0,0,0,0.9999999999999888,0.002855,0.00351,0.4573735327292514,0.6286366289947183,0.6286366289947183,24.160128153805086,unique_starts
225,115,121,122,13,69,22,15,20.0,20.12295081967213,25,122,13,9.384615384615385,122,0,0,0,0.9999999999999919,0.002855,0.00212,0.4573735327292514,0.4790562634901327,0.4790562634901327,20.120385853085768,unique_starts
226,115,163,49,6,31,11,11,18.0,17.367346938775512,25,49,6,8.166666666666666,49,46,46,46,0.03157894736842072,0.002855,0.000755,0.4573735327292514,0.8074492857931624,0.8074492857931624,18.179605302026776,unique_starts
227,115,169,66,6,25,22,18,23.0,22.424242424242426,25,66,6,11.0,66,113,113,113,-0.2625698324022332,0.002855,0.003075,0.4573735327292514,0.5191317792488794,0.5191317792488794,23.2,unique_starts
228,115,179,54,12,54,13,10,14.0,14.75925925925926,22,54,12,4.5,54,31,31,31,0.27058823529411447,0.002855,0.00165,0.4573735327292514,0.5689519284458886,0.5689519284458886,14.136082763487954,unique_starts
229,115,199,25,3,9,12,21,24.0,23.8,25,25,3,8.333333333333334,25,0,0,0,0.99999999999996,0.002855,0.00268,0.4573735327292514,0.5690552560543798,0.5690552560543798,24.333333333333332,unique_starts
230,115,217,93,5,12,38,1,7.0,6.731182795698925,12,93,5,18.6,93,0,0,0,0.9999999999999893,0.002855,0.003145,0.4573735327292514,0.5280768414975939,0.5280768414975939,7.288675134594813,unique_starts
231,115,224,114,4,11,50,3,17.0,16.771929824561404,25,114,4,28.5,114,16,0,0,0.9999999999999912,0.002855,0.003435,0.4573735327292514,0.5524327933598494,0.5524327933598494,17.301511344577765,unique_starts
232,115,243,5,2,5,2,12,13.0,13.4,15,5,2,2.5,5,282,282,282,-0.9651567944250836,0.002855,0.002845,0.4573735327292514,0.47798288494927843,0.47798288494927843,13.447213595499958,unique_starts
233,115,251,40,3,10,16,19,23.0,22.7,25,40,3,13.333333333333334,40,35,35,35,0.06666666666666578,0.002855,0.002675,0.4573735327292514,0.4733873703025864,0.4733873703025864,23.316227766016837,unique_starts
234,115,259,32,5,27,11,11,20.0,19.25,25,32,5,6.4,32,32,32,32,0.0,0.002855,0.00102,0.4573735327292514,1.0660615445434947,1.0660615445434947,20.192450089729874,unique_starts
235,115,371,17,7,14,9,7,11.0,11.823529411764707,18,17,7,2.4285714285714284,17,0,0,0,0.9999999999999413,0.002855,0.00072,0.4573735327292514,2.0840511964640234,2.0840511964640234,11.267261241912424,unique_starts
236,115,385,30,3,6,12,1,7.0,7.966666666666667,25,30,3,10.0,30,12,0,0,0.9999999999999667,0.002855,0.00381,0.4573735327292514,0.544885989019332,0.544885989019332,7.408248290463863,unique_starts
237,115,474,19,3,4,17,3,7.0,8.736842105263158,19,19,3,6.333333333333333,19,41,41,41,-0.36666666666666053,0.002855,0.002335,0.4573735327292514,0.47326325022320526,0.47326325022320526,7.5,unique_starts
238,117,6,16,5,10,8,21,23.5,23.4375,25,16,5,3.2,16,236,236,236,-0.8730158730158696,0.002995,0.003095,0.4921561459247037,0.5183369733262979,0.5183369733262979,23.816227766016837,unique_starts
239,117,10,1195,25,204,245,1,7.0,7.727196652719665,20,1195,25,47.8,1195,20,20,20,0.9670781893004108,0.002995,0.003525,0.4921561459247037,0.49946110985903625,0.49946110985903625,7.070014004201401,unique_starts
240,117,21,17,6,17,6,14,17.0,16.88235294117647,21,17,6,2.8333333333333335,17,73,73,73,-0.6222222222222153,0.002995,0.001335,0.4921561459247037,0.7000075364621832,0.7000075364621832,17.242535625036332,unique_starts
241,117,42,8,3,5,5,23,25.0,24.5,25,8,3,2.6666666666666665,8,12,12,12,-0.19999999999999002,0.002995,0.002905,0.4921561459247037,0.49705178564663943,0.49705178564663943,25.447213595499957,unique_starts
242,117,46,261,15,86,86,17,24.0,23.36015325670498,25,261,15,17.4,261,17,17,17,0.8776978417266155,0.002995,0.00281,0.4921561459247037,0.4994811286042713,0.4994811286042713,24.107832773203437,unique_starts
243,117,80,101,8,33,28,1,4.0,4.148514851485149,9,101,8,12.625,101,5,5,5,0.905660377358482,0.002995,0.003105,0.4921561459247037,0.54911977059455,0.54911977059455,4.174077655955698,unique_starts
244,117,121,42,11,32,17,17,22.0,21.452380952380953,25,42,11,3.8181818181818183,42,0,0,0,0.9999999999999761,0.002995,0.00212,0.4921561459247037,0.4790562634901327,0.4921561459247037,22.17677669529664,unique_starts
245,117,139,35,5,12,15,20,24.0,23.485714285714284,25,35,5,7.0,35,1,0,0,0.9999999999999714,0.002995,0.00315,0.4921561459247037,0.5763001546805818,0.5763001546805818,24.28867513459481,unique_starts
246,117,163,41,3,26,8,5,11.0,11.609756097560975,19,41,3,13.666666666666666,41,18,0,0,0.9999999999999756,0.002995,0.000755,0.4921561459247037,0.8074492857931624,0.8074492857931624,11.196116135138183,unique_starts
247,117,173,12,2,10,4,7,12.5,12.5,18,12,2,6.0,12,0,0,0,0.9999999999999166,0.002995,0.002675,0.4921561459247037,0.5108604177721788,0.5108604177721788,12.816227766016837,unique_starts
248,117,175,56,10,29,23,19,23.0,23.178571428571427,25,56,10,5.6,56,578,578,578,-0.8233438485804403,0.002995,0.00503,0.4921561459247037,0.7573380297747923,0.7573380297747923,23.18569533817705,unique_starts
249,117,179,15,6,15,6,13,17.0,17.933333333333334,24,15,6,2.5,15,150,150,150,-0.8181818181818132,0.002995,0.00165,0.4921561459247037,0.5689519284458886,0.5689519284458886,17.25819888974716,unique_starts
250,117,199,191,8,32,42,1,7.0,7.371727748691099,25,191,8,23.875,191,71,71,71,0.45801526717557073,0.002995,0.00268,0.4921561459247037,0.5690552560543798,0.5690552560543798,7.1767766952966365,unique_starts
251,117,205,27,4,16,7,20,24.0,23.296296296296298,25,27,4,6.75,27,37,37,37,-0.15624999999999759,0.002995,0.00069,0.4921561459247037,0.4815721475373711,0.4921561459247037,24.25,unique_starts
252,117,243,30,7,19,11,18,22.5,22.366666666666667,25,30,7,4.285714285714286,30,8,0,0,0.9999999999999667,0.002995,0.002845,0.4921561459247037,0.47798288494927843,0.4921561459247037,22.72941573387056,unique_starts
253,117,259,30,4,29,7,8,17.0,16.9,25,30,4,7.5,30,16,16,16,0.3043478260869499,0.002995,0.00102,0.4921561459247037,1.0660615445434947,1.0660615445434947,17.18569533817705,unique_starts
254,117,273,11,2,4,8,21,24.0,23.727272727272727,25,11,2,5.5,11,0,0,0,0.9999999999999091,0.002995,0.0032,0.4921561459247037,0.505500130278,0.505500130278,24.5,unique_starts
255,117,281,304,11,41,79,1,11.0,11.266447368421053,22,304,11,27.636363636363637,304,1379,1379,1379,-0.6387403446226972,0.002995,0.003665,0.4921561459247037,0.5084243360159619,0.5084243360159619,11.156173761888606,unique_starts
256,117,371,13,2,13,2,6,12.0,11.76923076923077,17,13,2,6.5,13,5,0,0,0.9999999999999231,0.002995,0.00072,0.4921561459247037,2.0840511964640234,2.0840511964640234,12.277350098112615,unique_starts
257,117,382,54,7,20,26,14,23.5,22.64814814814815,25,54,7,7.714285714285714,54,721,721,721,-0.8606451612903214,0.002995,0.00306,0.4921561459247037,0.5168753927781407,0.5168753927781407,23.72360679774998,unique_starts
258,117,383,21,2,2,21,1,7.0,6.809523809523809,13,21,2,10.5,21,6,0,0,0.9999999999999525,0.002995,0.00295,0.4921561459247037,0.47953992323646644,0.4921561459247037,7.707106781186548,unique_starts
259,117,462,1844,22,225,264,1,13.0,13.378524945770065,25,1844,22,83.81818181818181,1844,5,0,0,0.9999999999999996,0.002995,0.00335,0.4921561459247037,0.4622577751318516,0.4921561459247037,13.066666666666666,unique_starts
260,120,163,12,2,8,3,9,12.0,14.166666666666666,22,12,2,6.0,12,0,0,0,0.9999999999999166,0.00351,0.000755,0.6286366289947183,0.8074492857931624,0.8074492857931624,12.353553390593273,unique_starts
261,120,259,17,2,13,3,7,14.0,13.352941176470589,18,17,2,8.5,17,4,0,0,0.9999999999999413,0.00351,0.00102,0.6286366289947183,1.0660615445434947,1.0660615445434947,14.277350098112615,unique_starts
262,120,304,335,26,121,125,1,24.0,23.18507462686567,25,335,26,12.884615384615385,335,1047,1047,1047,-0.5151953690303904,0.00351,0.003015,0.6286366289947183,0.5149114583441843,0.6286366289947183,24.09090909090909,unique_starts
263,120,329,158,7,41,42,17,23.0,23.0,25,158,7,22.571428571428573,158,0,0,0,0.9999999999999937,0.00351,0.00267,0.6286366289947183,0.48285513264051666,0.6286366289947183,23.156173761888606,unique_starts
264,121,2,227,11,21,174,1,13.0,12.73568281938326,25,227,11,20.636363636363637,227,0,0,0,0.9999999999999957,0.00212,0.00384,0.4790562634901327,0.49557695833984555,0.49557695833984555,13.218217890235993,unique_starts
265,121,7,128,9,16,75,9,19.0,18.140625,25,128,9,14.222222222222221,128,0,0,0,0.9999999999999922,0.00212,0.00345,0.4790562634901327,0.473565075387291,0.4790562634901327,19.25,unique_starts
266,121,21,7,7,7,7,23,25.0,24.571428571428573,25,7,7,1.0,7,175,175,175,-0.923076923076918,0.00212,0.001335,0.4790562634901327,0.7000075364621832,0.7000075364621832,25.37796447300923,unique_starts
267,121,22,225,21,41,139,1,20.0,19.013333333333332,25,225,21,10.714285714285714,225,0,0,0,0.9999999999999956,0.00212,0.00375,0.4790562634901327,0.6446610524678009,0.6446610524678009,20.156173761888606,unique_starts
268,121,79,238,23,46,151,7,16.0,15.491596638655462,25,238,23,10.347826086956522,238,0,0,0,0.9999999999999958,0.00212,0.003325,0.4790562634901327,0.5566279042981374,0.5566279042981374,16.147441956154896,unique_starts
269,121,80,207,23,42,120,6,13.0,13.85024154589372,22,207,23,9.0,207,0,0,0,0.9999999999999952,0.00212,0.003105,0.4790562634901327,0.54911977059455,0.54911977059455,13.154303349962092,unique_starts
270,121,139,576,54,105,350,1,7.0,6.786458333333333,17,576,54,10.666666666666666,576,0,0,0,0.9999999999999982,0.00212,0.00315,0.4790562634901327,0.5763001546805818,0.5763001546805818,7.097590007294853,unique_starts
271,121,163,4,2,4,2,18,20.0,20.0,22,4,2,2.0,4,0,0,0,0.99999999999975,0.00212,0.000755,0.4790562634901327,0.8074492857931624,0.8074492857931624,20.5,unique_starts
272,121,167,5,2,2,5,16,17.0,17.4,19,5,2,2.5,5,0,0,0,0.9999999999997999,0.00212,0.002905,0.4790562634901327,0.5523326473861818,0.5523326473861818,17.707106781186546,unique_starts
273,121,171,73,14,20,56,20,23.0,23.08219178082192,25,73,14,5.214285714285714,73,0,0,0,0.9999999999999863,0.00212,0.00343,0.4790562634901327,0.6091865893282263,0.6091865893282263,23.22360679774998,unique_starts
274,121,175,671,35,81,392,1,7.0,9.700447093889716,25,671,35,19.17142857142857,671,0,0,0,0.9999999999999984,0.00212,0.00503,0.4790562634901327,0.7573380297747923,0.7573380297747923,7.111111111111111,unique_starts
275,121,230,229,23,44,127,10,16.0,16.270742358078603,25,229,23,9.956521739130435,229,0,0,0,0.9999999999999957,0.00212,0.00344,0.4790562634901327,0.5276863910046072,0.5276863910046072,16.15075567228888,unique_starts
276,121,251,177,21,39,113,1,4.0,5.265536723163842,25,177,21,8.428571428571429,177,0,0,0,0.9999999999999943,0.00212,0.002675,0.4790562634901327,0.4733873703025864,0.4790562634901327,4.160128153805087,unique_starts
277,121,259,5,4,5,4,20,24.0,23.0,25,5,4,1.25,5,0,0,0,0.9999999999997999,0.00212,0.00102,0.4790562634901327,1.0660615445434947,1.0660615445434947,24.447213595499957,unique_starts
278,121,273,495,43,91,319,1,4.0,6.646464646464646,25,495,43,11.511627906976743,495,0,0,0,0.9999999999999979,0.00212,0.0032,0.4790562634901327,0.505500130278,0.505500130278,4.1048284836721916,unique_starts
279,121,315,239,18,39,138,5,14.0,13.841004184100418,22,239,18,13.277777777777779,239,0,0,0,0.9999999999999959,0.00212,0.00307,0.4790562634901327,0.5338410601299857,0.5338410601299857,14.160128153805086,unique_starts
280,121,371,9,4,5,7,21,22.0,22.333333333333332,24,9,4,2.25,9,0,0,0,0.9999999999998889,0.00212,0.00072,0.4790562634901327,2.0840511964640234,2.0840511964640234,22.447213595499957,unique_starts
281,139,2,11,2,5,8,1,10.0,9.0,15,11,2,5.5,11,1,0,0,0.9999999999999091,0.00315,0.00384,0.5763001546805818,0.49557695833984555,0.5763001546805818,10.447213595499958,unique_starts
282,139,21,47,9,47,9,13,20.0,20.21276595744681,25,47,9,5.222222222222222,47,144,144,144,-0.5078534031413586,0.00315,0.001335,0.5763001546805818,0.7000075364621832,0.7000075364621832,20.145864991497895,unique_starts
283,139,22,825,21,139,136,1,15.0,14.18060606060606,25,825,21,39.285714285714285,825,107,107,107,0.7703862660944197,0.00315,0.00375,0.5763001546805818,0.6446610524678009,0.6446610524678009,15.084818892967997,unique_starts
284,139,42,15,6,8,10,22,25.0,24.266666666666666,25,15,6,2.5,15,0,0,0,0.9999999999999333,0.00315,0.002905,0.5763001546805818,0.49705178564663943,0.5763001546805818,25.353553390593273,unique_starts
285,139,79,603,25,145,149,1,8.0,8.381426202321725,19,603,25,24.12,603,1,0,0,0.9999999999999983,0.00315,0.003325,0.5763001546805818,0.5566279042981374,0.5763001546805818,8.08304547985374,unique_starts
286,139,80,771,28,153,173,1,8.0,7.783398184176394,18,771,28,27.535714285714285,771,0,0,0,0.9999999999999987,0.00315,0.003105,0.5763001546805818,0.54911977059455,0.5763001546805818,8.080845208345444,unique_starts
287,139,164,80,11,39,23,12,21.5,21.1125,25,80,11,7.2727272727272725,80,0,0,0,0.9999999999999876,0.00315,0.002755,0.5763001546805818,0.46236208579247506,0.5763001546805818,21.660128153805086,unique_starts
288,139,169,30,5,14,14,19,24.0,23.666666666666668,25,30,5,6.0,30,999,999,999,-0.9416909620991245,0.00315,0.003075,0.5763001546805818,0.5191317792488794,0.5763001546805818,24.267261241912426,unique_starts
289,139,171,362,17,65,99,8,18.0,17.773480662983424,25,362,17,21.294117647058822,362,0,0,0,0.9999999999999972,0.00315,0.00343,0.5763001546805818,0.6091865893282263,0.6091865893282263,18.12403473458921,unique_starts
290,139,173,27,6,17,10,19,23.0,22.666666666666668,25,27,6,4.5,27,0,0,0,0.999999999999963,0.00315,0.002675,0.5763001546805818,0.5108604177721788,0.5763001546805818,23.242535625036332,unique_starts
291,139,175,235,13,58,56,1,17.0,15.897872340425533,25,235,13,18.076923076923077,235,495,495,495,-0.3561643835616433,0.00315,0.00503,0.5763001546805818,0.7573380297747923,0.7573380297747923,17.131306432859724,unique_starts
292,139,179,25,5,25,5,16,22.0,21.68,25,25,5,5.0,25,116,116,116,-0.6453900709219813,0.00315,0.00165,0.5763001546805818,0.5689519284458886,0.5763001546805818,22.2,unique_starts
293,139,199,25,4,4,25,1,4.0,3.88,7,25,4,6.25,25,1,0,0,0.99999999999996,0.00315,0.00268,0.5763001546805818,0.5690552560543798,0.5763001546805818,4.5,unique_starts
294,139,230,910,22,160,145,1,10.0,10.065934065934066,22,910,22,41.36363636363637,910,0,0,0,0.9999999999999989,0.00315,0.00344,0.5763001546805818,0.5276863910046072,0.5763001546805818,10.07905694150421,unique_starts
295,139,251,12,2,6,5,22,24.0,24.083333333333332,25,12,2,6.0,12,494,494,494,-0.9525691699604724,0.00315,0.002675,0.5763001546805818,0.4733873703025864,0.5763001546805818,24.408248290463863,unique_starts
296,139,271,199,27,138,45,13,21.0,20.944723618090453,25,199,27,7.37037037037037,199,0,0,0,0.999999999999995,0.00315,0.002355,0.5763001546805818,0.46904630509061107,0.5763001546805818,21.085125653075874,unique_starts
297,139,273,475,21,123,77,1,14.0,13.633684210526315,25,475,21,22.61904761904762,475,721,721,721,-0.20568561872909683,0.00315,0.0032,0.5763001546805818,0.505500130278,0.5763001546805818,14.090166963466743,unique_starts
298,139,281,9,2,5,5,23,25.0,24.444444444444443,25,9,2,4.5,9,366,366,366,-0.9519999999999974,0.00315,0.003665,0.5763001546805818,0.5084243360159619,0.5763001546805818,25.447213595499957,unique_starts
299,139,315,56,3,11,15,1,7.0,6.75,13,56,3,18.666666666666668,56,0,0,0,0.9999999999999821,0.00315,0.00307,0.5763001546805818,0.5338410601299857,0.5763001546805818,7.301511344577763,unique_starts
300,139,371,15,2,11,3,15,19.0,19.6,25,15,2,7.5,15,0,0,0,0.9999999999999333,0.00315,0.00072,0.5763001546805818,2.0840511964640234,2.0840511964640234,19.301511344577765,unique_starts
301,139,410,67,11,37,32,15,23.0,22.08955223880597,25,67,11,6.090909090909091,67,0,0,0,0.9999999999999851,0.00315,0.002505,0.5763001546805818,0.5908932537877524,0.5908932537877524,23.164398987305358,unique_starts
302,139,463,83,15,55,25,17,23.0,22.96385542168675,25,83,15,5.533333333333333,83,0,0,0,0.999999999999988,0.00315,0.00216,0.5763001546805818,0.5081641748793143,0.5763001546805818,23.13483997249265,unique_starts
303,140,3,981,19,207,169,6,15.0,15.212028542303772,25,981,19,51.63157894736842,981,11,11,11,0.9778225806451603,0.00296,0.003565,0.4551836186304672,0.5904218374331804,0.5904218374331804,15.06950480468569,unique_starts
304,140,371,31,2,16,4,1,17.0,15.225806451612904,25,31,2,15.5,31,0,0,0,0.9999999999999678,0.00296,0.00072,0.4551836186304672,2.0840511964640234,2.0840511964640234,17.25,unique_starts
305,140,404,734,11,137,101,3,14.0,14.059945504087194,25,734,11,66.72727272727273,734,80,80,80,0.8034398034398025,0.00296,0.00219,0.4551836186304672,0.5171261636058332,0.5171261636058332,14.085435765771676,unique_starts
306,140,406,775,17,161,134,12,20.0,20.015483870967742,25,775,17,45.588235294117645,775,211,211,211,0.572008113590263,0.00296,0.002805,0.4551836186304672,0.47566766402598537,0.47566766402598537,20.07881104062391,unique_starts
307,140,487,47,4,27,8,1,4.0,4.659574468085107,12,47,4,11.75,47,946,946,946,-0.9053373615307141,0.00296,0.00309,0.4551836186304672,0.4986519883489159,0.4986519883489159,4.192450089729875,unique_starts
308,146,8,1272,26,225,238,1,6.0,6.889150943396227,20,1272,26,48.92307692307692,1272,0,0,0,0.9999999999999993,0.00289,0.00305,0.49858717633061933,0.5406985617322061,0.5406985617322061,6.066666666666666,unique_starts
309,146,21,4,2,4,2,24,24.5,24.5,25,4,2,2.0,4,0,0,0,0.99999999999975,0.00289,0.001335,0.49858717633061933,0.7000075364621832,0.7000075364621832,25.0,unique_starts
310,146,22,270,8,45,49,13,20.0,19.603703703703705,25,270,8,33.75,270,0,0,0,0.9999999999999962,0.00289,0.00375,0.49858717633061933,0.6446610524678009,0.6446610524678009,20.149071198499986,unique_starts
311,146,42,10,2,3,6,1,2.5,2.7,5,10,2,5.0,10,0,0,0,0.9999999999999,0.00289,0.002905,0.49858717633061933,0.49705178564663943,0.49858717633061933,3.0773502691896257,unique_starts
312,146,79,734,16,100,151,1,14.0,13.970027247956404,24,734,16,45.875,734,444,444,444,0.2461799660441424,0.00289,0.003325,0.49858717633061933,0.5566279042981374,0.5566279042981374,14.1,unique_starts
313,146,164,180,20,91,67,18,24.0,23.583333333333332,25,180,20,9.0,180,1733,1733,1733,-0.8118139048614738,0.00289,0.002755,0.49858717633061933,0.46236208579247506,0.49858717633061933,24.104828483672193,unique_starts
314,146,171,290,12,63,67,15,21.0,21.217241379310344,25,290,12,24.166666666666668,290,2,0,0,0.9999999999999964,0.00289,0.00343,0.49858717633061933,0.6091865893282263,0.6091865893282263,21.12598815766974,unique_starts
315,146,179,16,5,16,5,21,23.5,23.3125,25,16,5,3.2,16,0,0,0,0.9999999999999376,0.00289,0.00165,0.49858717633061933,0.5689519284458886,0.5689519284458886,23.75,unique_starts
316,146,230,778,18,153,123,1,12.0,12.42159383033419,25,778,18,43.22222222222222,778,120,120,120,0.7327394209354112,0.00289,0.00344,0.49858717633061933,0.5276863910046072,0.5276863910046072,12.080845208345444,unique_starts
317,146,271,60,11,47,18,15,24.0,23.116666666666667,25,60,11,5.454545454545454,60,382,382,382,-0.728506787330315,0.00289,0.002355,0.49858717633061933,0.46904630509061107,0.49858717633061933,24.145864991497895,unique_starts
318,146,273,29,2,10,6,17,22.0,21.75862068965517,25,29,2,14.5,29,1,0,0,0.9999999999999656,0.00289,0.0032,0.49858717633061933,0.505500130278,0.505500130278,22.316227766016837,unique_starts
319,146,315,1090,13,233,199,2,13.0,13.173394495412843,24,1090,13,83.84615384615384,1090,825,825,825,0.13838120104438636,0.00289,0.00307,0.49858717633061933,0.5338410601299857,0.5338410601299857,13.065512178208042,unique_starts
320,146,371,7,2,7,2,17,20.0,20.285714285714285,25,7,2,3.5,7,15,15,15,-0.36363636363634716,0.00289,0.00072,0.49858717633061933,2.0840511964640234,2.0840511964640234,20.37796447300923,unique_starts
321,146,404,25,2,8,12,1,4.0,4.2,7,25,2,12.5,25,0,0,0,0.99999999999996,0.00289,0.00219,0.49858717633061933,0.5171261636058332,0.5171261636058332,4.353553390593274,unique_starts
322,146,410,10,5,10,5,21,24.5,23.9,25,10,5,2.0,10,229,229,229,-0.9163179916317954,0.00289,0.002505,0.49858717633061933,0.5908932537877524,0.5908932537877524,24.816227766016837,unique_starts
323,147,6,1065,15,139,134,2,14.0,14.603755868544601,25,1065,15,71.0,1065,264,264,264,0.6027088036117377,0.00412,0.003095,0.4966726365256857,0.5183369733262979,0.5183369733262979,14.084818892967997,unique_starts
324,147,21,16,3,16,3,15,18.5,18.6875,25,16,3,5.333333333333333,16,4,0,0,0.9999999999999376,0.00412,0.001335,0.4966726365256857,0.7000075364621832,0.7000075364621832,18.75,unique_starts
325,147,121,51,7,29,13,20,23.0,23.176470588235293,25,51,7,7.285714285714286,51,0,0,0,0.9999999999999803,0.00412,0.00212,0.4966726365256857,0.4790562634901327,0.4966726365256857,23.18569533817705,unique_starts
326,147,179,65,9,65,9,12,19.0,18.723076923076924,25,65,9,7.222222222222222,65,18,18,18,0.566265060240957,0.00412,0.00165,0.4966726365256857,0.5689519284458886,0.5689519284458886,19.12403473458921,unique_starts
327,147,217,334,8,57,59,1,17.0,16.188622754491018,25,334,8,41.75,334,2,0,0,0.9999999999999969,0.00412,0.003145,0.4966726365256857,0.5280768414975939,0.5280768414975939,17.132453235706503,unique_starts
328,147,224,105,3,20,21,11,22.0,21.047619047619047,25,105,3,35.0,105,33,33,33,0.5217391304347788,0.00412,0.003435,0.4966726365256857,0.5524327933598494,0.5524327933598494,22.22360679774998,unique_starts
329,147,281,94,9,32,29,19,24.0,23.30851063829787,25,94,9,10.444444444444445,94,6,0,0,0.9999999999999895,0.00412,0.003665,0.4966726365256857,0.5084243360159619,0.5084243360159619,24.17677669529664,unique_starts
330,147,304,21,4,9,11,16,24.0,21.952380952380953,25,21,4,5.25,21,20,0,0,0.9999999999999525,0.00412,0.003015,0.4966726365256857,0.5149114583441843,0.5149114583441843,24.333333333333332,unique_starts
331,147,309,850,18,224,119,1,10.0,10.83529411764706,25,850,18,47.22222222222222,850,1146,1146,1146,-0.14829659318637267,0.00412,0.003055,0.4966726365256857,0.48484104579254805,0.4966726365256857,10.066815310478106,unique_starts
332,147,385,345,7,65,49,9,20.0,19.205797101449274,25,345,7,49.285714285714285,345,361,361,361,-0.022662889518413564,0.00412,0.00381,0.4966726365256857,0.544885989019332,0.544885989019332,20.12403473458921,unique_starts
333,147,474,78,5,22,17,1,13.5,12.371794871794872,25,78,5,15.6,78,200,200,200,-0.43884892086330773,0.00412,0.002335,0.4966726365256857,0.47326325022320526,0.4966726365256857,13.71320071635561,unique_starts
334,163,10,12,2,2,12,13,19.0,18.583333333333332,23,12,2,6.0,12,2,0,0,0.9999999999999166,0.000755,0.003525,0.8074492857931624,0.49946110985903625,0.8074492857931624,19.707106781186546,unique_starts
335,163,58,7,2,3,6,22,24.0,24.0,25,7,2,3.5,7,0,0,0,0.9999999999998571,0.000755,0.0027,0.8074492857931624,0.45943690378043944,0.8074492857931624,24.577350269189626,unique_starts
336,163,115,46,6,12,29,15,19.5,19.91304347826087,25,46,6,7.666666666666667,46,49,49,49,-0.03157894736842072,0.000755,0.002855,0.8074492857931624,0.4573735327292514,0.8074492857931624,19.78867513459481,unique_starts
337,163,146,8,2,3,8,8,10.0,9.75,11,8,2,4.0,8,1,0,0,0.999999999999875,0.000755,0.00289,0.8074492857931624,0.49858717633061933,0.8074492857931624,10.577350269189626,unique_starts
338,163,169,7,2,3,6,22,24.0,24.0,25,7,2,3.5,7,9,9,9,-0.1249999999999922,0.000755,0.003075,0.8074492857931624,0.5191317792488794,0.8074492857931624,24.577350269189626,unique_starts
339,163,199,14,2,4,12,14,20.5,19.642857142857142,24,14,2,7.0,14,79,79,79,-0.6989247311827882,0.000755,0.00268,0.8074492857931624,0.5690552560543798,0.8074492857931624,21.0,unique_starts
340,163,207,28,2,4,14,9,15.0,14.714285714285714,20,28,2,14.0,28,0,0,0,0.9999999999999644,0.000755,0.002905,0.8074492857931624,0.5142383888493315,0.8074492857931624,15.5,unique_starts
341,163,217,11,2,2,11,20,23.0,22.727272727272727,25,11,2,5.5,11,0,0,0,0.9999999999999091,0.000755,0.003145,0.8074492857931624,0.5280768414975939,0.8074492857931624,23.707106781186546,unique_starts
342,163,259,178,60,127,123,1,6.0,6.556179775280899,23,178,60,2.966666666666667,178,8,8,8,0.913978494623651,0.000755,0.00102,0.8074492857931624,1.0660615445434947,1.0660615445434947,6.0887356509416115,unique_starts
343,163,290,13,2,2,13,12,18.0,18.46153846153846,25,13,2,6.5,13,5,5,5,0.4444444444444198,0.000755,0.002905,0.8074492857931624,0.5506580655999675,0.8074492857931624,18.707106781186546,unique_starts
344,163,309,10,2,3,6,16,17.5,17.7,20,10,2,5.0,10,19,19,19,-0.3103448275861962,0.000755,0.003055,0.8074492857931624,0.48484104579254805,0.8074492857931624,18.077350269189626,unique_starts
345,163,371,5,4,5,4,1,1.0,8.8,21,5,4,1.25,5,28,28,28,-0.6969696969696758,0.000755,0.00072,0.8074492857931624,2.0840511964640234,2.0840511964640234,1.4472135954999579,unique_starts
346,163,382,18,3,5,16,6,9.0,8.944444444444445,12,18,3,6.0,18,6,0,0,0.9999999999999445,0.000755,0.00306,0.8074492857931624,0.5168753927781407,0.8074492857931624,9.447213595499958,unique_starts
347,163,398,13,2,3,12,7,11.0,11.461538461538462,17,13,2,6.5,13,4,0,0,0.9999999999999231,0.000755,0.00324,0.8074492857931624,0.4886541548049501,0.8074492857931624,11.577350269189626,unique_starts
348,163,404,58,9,14,53,10,15.0,15.017241379310345,25,58,9,6.444444444444445,58,39,39,39,0.19587628865979181,0.000755,0.00219,0.8074492857931624,0.5171261636058332,0.8074492857931624,15.267261241912424,unique_starts
349,163,410,17,2,3,11,4,7.0,6.705882352941177,10,17,2,8.5,17,2,0,0,0.9999999999999413,0.000755,0.002505,0.8074492857931624,0.5908932537877524,0.8074492857931624,7.577350269189626,unique_starts
350,164,8,973,32,203,312,4,15.0,14.957862281603289,25,973,32,30.40625,973,443,443,443,0.3742937853107342,0.002755,0.00305,0.46236208579247506,0.5406985617322061,0.5406985617322061,15.07018624063436,unique_starts
351,164,22,109,12,27,65,16,23.0,22.73394495412844,25,109,12,9.083333333333334,109,3,0,0,0.9999999999999909,0.002755,0.00375,0.46236208579247506,0.6446610524678009,0.6446610524678009,23.192450089729874,unique_starts
352,164,42,46,5,16,19,1,5.0,6.6521739130434785,16,46,5,9.2,46,5,0,0,0.9999999999999782,0.002755,0.002905,0.46236208579247506,0.49705178564663943,0.49705178564663943,5.25,unique_starts
353,164,63,147,7,26,38,1,8.0,7.816326530612245,15,147,7,21.0,147,28,28,28,0.6799999999999962,0.002755,0.00318,0.46236208579247506,0.5301456261038152,0.5301456261038152,8.196116135138183,unique_starts
354,164,79,568,24,122,216,7,21.0,20.20774647887324,25,568,24,23.666666666666668,568,1387,1387,1387,-0.41892583120204585,0.002755,0.003325,0.46236208579247506,0.5566279042981374,0.5566279042981374,21.09053574604252,unique_starts
355,164,146,1733,34,242,346,1,10.0,9.959607616849395,25,1733,34,50.970588235294116,1733,180,180,180,0.8118139048614738,0.002755,0.00289,0.46236208579247506,0.49858717633061933,0.49858717633061933,10.064282434653322,unique_starts
356,164,166,44,3,8,17,18,22.0,22.113636363636363,25,44,3,14.666666666666666,44,96,96,96,-0.3714285714285688,0.002755,0.00289,0.46236208579247506,0.4782304215414501,0.4782304215414501,22.353553390593273,unique_starts
357,164,171,98,15,37,65,1,23.0,21.540816326530614,25,98,15,6.533333333333333,98,377,377,377,-0.5873684210526303,0.002755,0.00343,0.46236208579247506,0.6091865893282263,0.6091865893282263,23.164398987305358,unique_starts
358,164,172,8,3,6,6,1,2.0,4.75,25,8,3,2.6666666666666665,8,945,945,945,-0.9832109129066097,0.002755,0.00297,0.46236208579247506,0.4684363793861522,0.4684363793861522,2.408248290463863,unique_starts
359,164,230,369,29,105,158,10,21.0,19.897018970189702,25,369,29,12.724137931034482,369,255,255,255,0.1826923076923074,0.002755,0.00344,0.46236208579247506,0.5276863910046072,0.5276863910046072,21.097590007294855,unique_starts
360,164,271,9,8,8,9,1,1.0,1.5555555555555556,5,9,8,1.125,9,102,102,102,-0.8378378378378303,0.002755,0.002355,0.46236208579247506,0.46904630509061107,0.46904630509061107,1.3535533905932737,unique_starts
361,164,315,115,8,43,47,13,21.0,20.965217391304346,25,115,8,14.375,115,432,432,432,-0.5795246800731251,0.002755,0.00307,0.46236208579247506,0.5338410601299857,0.5338410601299857,21.152498570332604,unique_starts
362,164,410,197,37,110,105,1,8.0,7.720812182741117,11,197,37,5.324324324324325,197,6,6,6,0.9408866995073846,0.002755,0.002505,0.46236208579247506,0.5908932537877524,0.5908932537877524,8.09534625892456,unique_starts
363,166,42,27,2,9,9,20,24.0,23.555555555555557,25,27,2,13.5,27,0,0,0,0.999999999999963,0.00289,0.002905,0.4782304215414501,0.49705178564663943,0.49705178564663943,24.333333333333332,unique_starts
364,166,63,1045,32,277,263,15,23.0,22.75885167464115,25,1045,32,32.65625,1045,0,0,0,0.9999999999999991,0.00289,0.00318,0.4782304215414501,0.5301456261038152,0.5301456261038152,23.060084176812612,unique_starts
365,166,163,15,2,15,2,1,12.0,10.133333333333333,19,15,2,7.5,15,0,0,0,0.9999999999999333,0.00289,0.000755,0.4782304215414501,0.8074492857931624,0.8074492857931624,12.258198889747161,unique_starts
366,166,164,96,4,33,12,11,17.0,17.28125,25,96,4,24.0,96,44,44,44,0.3714285714285688,0.00289,0.002755,0.4782304215414501,0.46236208579247506,0.4782304215414501,17.1740776559557,unique_starts
367,166,172,3261,35,402,408,1,10.0,9.941429009506287,22,3261,35,93.17142857142858,3261,25,25,25,0.9847839318320143,0.00289,0.00297,0.4782304215414501,0.4684363793861522,0.4782304215414501,10.049875466805382,unique_starts
368,166,173,446,9,63,76,2,12.0,12.008968609865471,22,446,9,49.55555555555556,446,47,47,47,0.8093306288032438,0.00289,0.002675,0.4782304215414501,0.5108604177721788,0.5108604177721788,12.125988157669742,unique_starts
369,166,371,37,3,18,7,1,5.0,7.513513513513513,25,37,3,12.333333333333334,37,0,0,0,0.9999999999999729,0.00289,0.00072,0.4782304215414501,2.0840511964640234,2.0840511964640234,5.235702260395516,unique_starts
370,167,7,61,4,16,14,2,10.0,11.049180327868852,21,61,4,15.25,61,7,7,7,0.7941176470588119,0.002905,0.00345,0.5523326473861818,0.473565075387291,0.5523326473861818,10.25,unique_starts
371,167,21,33,8,33,8,14,18.0,18.181818181818183,23,33,8,4.125,33,4,4,4,0.7837837837837626,0.002905,0.001335,0.5523326473861818,0.7000075364621832,0.7000075364621832,18.1740776559557,unique_starts
372,167,58,23,5,14,8,21,24.0,23.695652173913043,25,23,5,4.6,23,0,0,0,0.9999999999999566,0.002905,0.0027,0.5523326473861818,0.45943690378043944,0.5523326473861818,24.267261241912426,unique_starts
373,167,163,16,3,13,4,5,14.5,16.4375,25,16,3,5.333333333333333,16,0,0,0,0.9999999999999376,0.002905,0.000755,0.5523326473861818,0.8074492857931624,0.8074492857931624,14.777350098112615,unique_starts
374,167,179,26,5,26,5,13,18.0,18.307692307692307,24,26,5,5.2,26,24,24,24,0.039999999999999196,0.002905,0.00165,0.5523326473861818,0.5689519284458886,0.5689519284458886,18.196116135138183,unique_starts
375,167,243,14,3,8,7,23,24.5,24.357142857142858,25,14,3,4.666666666666667,14,0,0,0,0.9999999999999286,0.002905,0.002845,0.5523326473861818,0.47798288494927843,0.5523326473861818,24.853553390593273,unique_starts
376,167,251,29,5,17,10,9,15.0,15.827586206896552,22,29,5,5.8,29,19,19,19,0.20833333333332898,0.002905,0.002675,0.5523326473861818,0.4733873703025864,0.5523326473861818,15.242535625036332,unique_starts
377,167,271,8,2,5,5,16,19.5,19.75,25,8,2,4.0,8,358,358,358,-0.9562841530054618,0.002905,0.002355,0.5523326473861818,0.46904630509061107,0.5523326473861818,19.947213595499957,unique_starts
378,167,273,12,4,9,6,20,24.0,23.583333333333332,25,12,4,3.0,12,14,0,0,0.9999999999999166,0.002905,0.0032,0.5523326473861818,0.505500130278,0.5523326473861818,24.333333333333332,unique_starts
379,167,290,10,2,4,4,1,3.0,2.8,5,10,2,5.0,10,0,0,0,0.9999999999999,0.002905,0.002905,0.5523326473861818,0.5506580655999675,0.5523326473861818,3.5,unique_starts
380,167,398,176,5,31,40,12,22.0,21.051136363636363,25,176,5,35.2,176,135,135,135,0.1318327974276523,0.002905,0.00324,0.5523326473861818,0.4886541548049501,0.5523326473861818,22.179605302026776,unique_starts
381,167,410,51,9,23,21,18,24.0,22.88235294117647,25,51,9,5.666666666666667,51,157,157,157,-0.5096153846153821,0.002905,0.002505,0.5523326473861818,0.5908932537877524,0.5908932537877524,24.208514414057074,unique_starts
382,167,429,199,11,49,55,18,23.0,22.56281407035176,25,199,11,18.09090909090909,199,247,247,247,-0.10762331838564998,0.002905,0.0033,0.5523326473861818,0.6319999683881292,0.6319999683881292,23.142857142857142,unique_starts
383,167,463,42,10,34,13,19,23.5,23.285714285714285,25,42,10,4.2,42,0,0,0,0.9999999999999761,0.002905,0.00216,0.5523326473861818,0.5081641748793143,0.5523326473861818,23.67149858514251,unique_starts
384,167,474,33,5,15,18,1,3.0,3.3636363636363638,7,33,5,6.6,33,0,0,0,0.9999999999999697,0.002905,0.002335,0.5523326473861818,0.47326325022320526,0.5523326473861818,3.258198889747161,unique_starts
385,169,21,78,13,78,16,1,4.0,6.0256410256410255,25,78,13,6.0,78,51,51,51,0.20930232558139372,0.003075,0.001335,0.5191317792488794,0.7000075364621832,0.7000075364621832,4.113227703414459,unique_starts
386,169,22,60,6,20,19,12,19.0,19.383333333333333,25,60,6,10.0,60,498,498,498,-0.7849462365591383,0.003075,0.00375,0.5191317792488794,0.6446610524678009,0.6446610524678009,19.22360679774998,unique_starts
387,169,58,18,4,17,5,10,14.5,15.333333333333334,25,18,4,4.5,18,261,261,261,-0.8709677419354807,0.003075,0.0027,0.5191317792488794,0.45943690378043944,0.5191317792488794,14.742535625036332,unique_starts
388,169,79,297,14,89,74,15,22.0,21.77104377104377,25,297,14,21.214285714285715,297,12,12,12,0.9223300970873756,0.003075,0.003325,0.5191317792488794,0.5566279042981374,0.5566279042981374,22.105999788000634,unique_starts
389,169,80,48,3,10,13,15,20.0,19.875,24,48,3,16.0,48,0,0,0,0.9999999999999791,0.003075,0.003105,0.5191317792488794,0.54911977059455,0.54911977059455,20.316227766016837,unique_starts
390,169,115,113,7,32,36,19,23.0,22.938053097345133,25,113,7,16.142857142857142,113,66,66,66,0.2625698324022332,0.003075,0.002855,0.5191317792488794,0.4573735327292514,0.5191317792488794,23.17677669529664,unique_starts
391,169,121,377,35,232,76,6,10.0,10.726790450928382,25,377,35,10.771428571428572,377,0,0,0,0.9999999999999973,0.003075,0.00212,0.5191317792488794,0.4790562634901327,0.5191317792488794,10.065653216429862,unique_starts
392,169,139,999,27,175,207,1,17.0,17.00900900900901,25,999,27,37.0,999,30,30,30,0.9416909620991245,0.003075,0.00315,0.5191317792488794,0.5763001546805818,0.5763001546805818,17.075592894601847,unique_starts
393,169,163,9,2,7,3,20,22.0,22.0,25,9,2,4.5,9,7,7,7,0.1249999999999922,0.003075,0.000755,0.5191317792488794,0.8074492857931624,0.8074492857931624,22.37796447300923,unique_starts
394,169,179,67,8,67,9,1,7.0,8.73134328358209,25,67,8,8.375,67,61,61,61,0.04687499999999964,0.003075,0.00165,0.5191317792488794,0.5689519284458886,0.5689519284458886,7.122169444356305,unique_starts
395,169,199,440,22,87,138,1,8.0,9.25,25,440,22,20.0,440,384,384,384,0.0679611650485436,0.003075,0.00268,0.5191317792488794,0.5690552560543798,0.5690552560543798,8.10721125348378,unique_starts
396,169,217,120,3,24,19,10,18.0,18.308333333333334,25,120,3,40.0,120,347,347,347,-0.48608137044967775,0.003075,0.003145,0.5191317792488794,0.5280768414975939,0.5280768414975939,18.20412414523193,unique_starts
397,169,230,234,18,84,72,19,23.0,22.675213675213676,25,234,18,13.0,234,63,63,63,0.5757575757575738,0.003075,0.00344,0.5191317792488794,0.5276863910046072,0.5276863910046072,23.109108945117995,unique_starts
398,169,243,890,23,166,168,9,15.0,15.697752808988763,25,890,23,38.69565217391305,890,87,87,87,0.8219037871033769,0.003075,0.002845,0.5191317792488794,0.47798288494927843,0.5191317792488794,15.077615052570634,unique_starts
399,169,259,5,3,5,3,19,21.0,21.4,25,5,3,1.6666666666666667,5,26,26,26,-0.6774193548386879,0.003075,0.00102,0.5191317792488794,1.0660615445434947,1.0660615445434947,21.447213595499957,unique_starts
400,169,266,89,4,25,23,18,23.0,23.04494382022472,25,89,4,22.25,89,33,33,33,0.4590163934426192,0.003075,0.0038,0.5191317792488794,0.6115361362052629,0.6115361362052629,23.2,unique_starts
401,169,273,999,33,218,201,8,14.0,14.761761761761761,25,999,33,30.272727272727273,999,334,334,334,0.4988747186796696,0.003075,0.0032,0.5191317792488794,0.505500130278,0.5191317792488794,14.06772854614786,unique_starts
402,169,309,10,2,4,5,21,24.0,23.7,25,10,2,5.0,10,0,0,0,0.9999999999999,0.003075,0.003055,0.5191317792488794,0.48484104579254805,0.5191317792488794,24.5,unique_starts
403,169,371,11,4,8,5,8,18.0,16.818181818181817,20,11,4,2.75,11,0,0,0,0.9999999999999091,0.003075,0.00072,0.5191317792488794,2.0840511964640234,2.0840511964640234,18.353553390593273,unique_starts
404,169,383,198,11,49,67,1,16.0,14.217171717171718,23,198,11,18.0,198,871,871,871,-0.6295603367633297,0.003075,0.00295,0.5191317792488794,0.47953992323646644,0.5191317792488794,16.142857142857142,unique_starts
405,169,385,209,12,45,60,15,22.0,21.669856459330145,25,209,12,17.416666666666668,209,77,77,77,0.4615384615384599,0.003075,0.00381,0.5191317792488794,0.544885989019332,0.544885989019332,22.149071198499986,unique_starts
406,169,404,3,2,2,3,14,15.0,15.0,16,3,2,1.5,3,439,439,439,-0.9864253393665136,0.003075,0.00219,0.5191317792488794,0.5171261636058332,0.5191317792488794,15.707106781186548,unique_starts
407,169,462,13,2,3,9,21,23.0,23.307692307692307,25,13,2,6.5,13,10,0,0,0.9999999999999231,0.003075,0.00335,0.5191317792488794,0.4622577751318516,0.5191317792488794,23.577350269189626,unique_starts
408,169,487,32,5,20,10,17,24.0,23.03125,25,32,5,6.4,32,7,7,7,0.6410256410256245,0.003075,0.00309,0.5191317792488794,0.4986519883489159,0.5191317792488794,24.22360679774998,unique_starts
409,171,2,9,2,5,5,23,25.0,24.444444444444443,25,9,2,4.5,9,12,12,12,-0.14285714285713608,0.00343,0.00384,0.6091865893282263,0.49557695833984555,0.6091865893282263,25.447213595499957,unique_starts
410,171,8,209,17,69,78,1,21.0,18.27751196172249,25,209,17,12.294117647058824,209,933,933,933,-0.6339754816112079,0.00343,0.00305,0.6091865893282263,0.5406985617322061,0.6091865893282263,21.120385853085768,unique_starts
411,171,22,38,5,6,37,10,19.5,19.18421052631579,25,38,5,7.6,38,32,32,32,0.0857142857142845,0.00343,0.00375,0.6091865893282263,0.6446610524678009,0.6446610524678009,19.908248290463863,unique_starts
412,171,42,88,12,19,83,1,4.0,5.5,25,88,12,7.333333333333333,88,823,823,823,-0.8068057080131714,0.00343,0.002905,0.6091865893282263,0.49705178564663943,0.6091865893282263,4.229415733870562,unique_starts
413,171,63,3,2,3,3,1,1.0,9.0,25,3,2,1.5,3,324,324,324,-0.9816513761467859,0.00343,0.00318,0.6091865893282263,0.5301456261038152,0.6091865893282263,1.5773502691896257,unique_starts
414,171,79,119,15,54,61,12,24.0,22.81512605042017,25,119,15,7.933333333333334,119,1305,1305,1305,-0.8328651685393254,0.00343,0.003325,0.6091865893282263,0.5566279042981374,0.6091865893282263,24.136082763487956,unique_starts
415,171,80,96,11,37,64,12,22.0,20.833333333333332,25,96,11,8.727272727272727,96,1254,1254,1254,-0.8577777777777772,0.00343,0.003105,0.6091865893282263,0.54911977059455,0.6091865893282263,22.164398987305358,unique_starts
416,171,163,37,2,23,3,1,7.0,7.27027027027027,15,37,2,18.5,37,2,0,0,0.9999999999999729,0.00343,0.000755,0.6091865893282263,0.8074492857931624,0.8074492857931624,7.208514414057075,unique_starts
417,171,164,377,28,189,94,1,4.0,5.43501326259947,19,377,28,13.464285714285714,377,98,98,98,0.5873684210526303,0.00343,0.002755,0.6091865893282263,0.46236208579247506,0.6091865893282263,4.072739296745331,unique_starts
418,171,172,77,7,45,21,1,5.0,5.987012987012987,19,77,7,11.0,77,6,6,6,0.8554216867469777,0.00343,0.00297,0.6091865893282263,0.4684363793861522,0.6091865893282263,5.149071198499986,unique_starts
419,171,173,239,19,131,42,1,5.0,6.2259414225941425,19,239,19,12.578947368421053,239,17,17,17,0.8671874999999966,0.00343,0.002675,0.6091865893282263,0.5108604177721788,0.6091865893282263,5.087370405666104,unique_starts
420,171,205,67,11,49,20,1,16.0,15.044776119402986,20,67,11,6.090909090909091,67,22,22,22,0.5056179775280842,0.00343,0.00069,0.6091865893282263,0.4815721475373711,0.6091865893282263,16.142857142857142,unique_starts
421,171,230,129,20,59,55,18,24.0,23.5968992248062,25,129,20,6.45,129,328,328,328,-0.4354485776805242,0.00343,0.00344,0.6091865893282263,0.5276863910046072,0.6091865893282263,24.130188910980824,unique_starts
422,171,259,25,3,25,3,4,9.0,9.68,18,25,3,8.333333333333334,25,6,6,6,0.6129032258064319,0.00343,0.00102,0.6091865893282263,1.0660615445434947,1.0660615445434947,9.2,unique_starts
423,171,271,101,16,80,23,1,4.0,4.138613861386139,13,101,16,6.3125,101,144,144,144,-0.17551020408163195,0.00343,0.002355,0.6091865893282263,0.46904630509061107,0.6091865893282263,4.111803398874989,unique_starts
424,171,410,739,50,336,136,1,12.0,11.784844384303112,24,739,50,14.78,739,8,8,8,0.978580990629182,0.00343,0.002505,0.6091865893282263,0.5908932537877524,0.6091865893282263,12.054554472558998,unique_starts
425,172,8,553,23,149,120,7,22.0,21.750452079566003,25,553,23,24.043478260869566,553,54,54,54,0.8220757825370661,0.00297,0.00305,0.4684363793861522,0.5406985617322061,0.5406985617322061,22.081923192051903,unique_starts
426,172,22,13,4,5,12,17,23.0,22.153846153846153,25,13,4,3.25,13,0,0,0,0.9999999999999231,0.00297,0.00375,0.4684363793861522,0.6446610524678009,0.6446610524678009,23.447213595499957,unique_starts
427,172,42,100,5,32,18,2,21.0,19.74,25,100,5,20.0,100,5,0,0,0.99999999999999,0.00297,0.002905,0.4684363793861522,0.49705178564663943,0.49705178564663943,21.17677669529664,unique_starts
428,172,63,3349,35,423,435,5,17.0,17.071364586443714,25,3349,35,95.68571428571428,3349,6,6,6,0.996423248882265,0.00297,0.00318,0.4684363793861522,0.5301456261038152,0.5301456261038152,17.04862166383263,unique_starts
429,172,79,16,8,8,16,21,24.0,23.5,25,16,8,2.0,16,40,40,40,-0.4285714285714209,0.00297,0.003325,0.4684363793861522,0.5566279042981374,0.5566279042981374,24.353553390593273,unique_starts
430,172,80,28,5,15,8,18,22.0,22.0,25,28,5,5.6,28,0,0,0,0.9999999999999644,0.00297,0.003105,0.4684363793861522,0.54911977059455,0.54911977059455,22.25819888974716,unique_starts
431,172,146,658,13,93,119,9,18.0,18.220364741641337,25,658,13,50.61538461538461,658,0,0,0,0.9999999999999984,0.00297,0.00289,0.4684363793861522,0.49858717633061933,0.49858717633061933,18.103695169473042,unique_starts
432,172,164,945,19,136,177,1,9.0,9.049735449735449,23,945,19,49.73684210526316,945,8,8,8,0.9832109129066097,0.00297,0.002755,0.4684363793861522,0.46236208579247506,0.4684363793861522,9.085749292571254,unique_starts
433,172,166,25,2,3,18,15,21.0,20.84,25,25,2,12.5,25,3261,3261,3261,-0.9847839318320143,0.00297,0.00289,0.4684363793861522,0.4782304215414501,0.4782304215414501,21.577350269189626,unique_starts
434,172,171,6,3,5,4,1,19.0,17.0,25,6,3,2.0,6,77,77,77,-0.8554216867469777,0.00297,0.00343,0.4684363793861522,0.6091865893282263,0.6091865893282263,19.447213595499957,unique_starts
435,172,173,38,3,10,14,1,4.0,4.447368421052632,10,38,3,12.666666666666666,38,0,0,0,0.9999999999999737,0.00297,0.002675,0.4684363793861522,0.5108604177721788,0.5108604177721788,4.316227766016838,unique_starts
436,172,230,124,13,54,42,16,23.0,22.725806451612904,25,124,13,9.538461538461538,124,10,10,10,0.8507462686567101,0.00297,0.00344,0.4684363793861522,0.5276863910046072,0.5276863910046072,23.136082763487956,unique_starts
437,172,290,28,2,10,9,20,24.0,23.428571428571427,25,28,2,14.0,28,0,0,0,0.9999999999999644,0.00297,0.002905,0.4684363793861522,0.5506580655999675,0.5506580655999675,24.316227766016837,unique_starts
438,172,410,13,6,8,10,7,8.0,8.153846153846153,9,13,6,2.1666666666666665,13,0,0,0,0.9999999999999231,0.00297,0.002505,0.4684363793861522,0.5908932537877524,0.5908932537877524,8.353553390593273,unique_starts
439,173,42,1095,29,197,210,1,16.0,14.860273972602739,25,1095,29,37.758620689655174,1095,161,161,161,0.7436305732484071,0.002675,0.002905,0.5108604177721788,0.49705178564663943,0.5108604177721788,16.07124704998791,unique_starts
440,173,63,212,7,56,39,7,14.0,14.31132075471698,22,212,7,30.285714285714285,212,1,0,0,0.9999999999999953,0.002675,0.00318,0.5108604177721788,0.5301456261038152,0.5301456261038152,14.133630620956213,unique_starts
441,173,80,102,12,39,49,14,22.0,21.392156862745097,25,102,12,8.5,102,293,293,293,-0.4835443037974671,0.002675,0.003105,0.5108604177721788,0.54911977059455,0.54911977059455,22.160128153805086,unique_starts
442,173,146,42,3,18,13,1,12.0,11.952380952380953,21,42,3,14.0,42,7,0,0,0.9999999999999761,0.002675,0.00289,0.5108604177721788,0.49858717633061933,0.5108604177721788,12.235702260395517,unique_starts
443,173,166,47,5,13,21,18,22.0,22.19148936170213,25,47,5,9.4,47,446,446,446,-0.8093306288032438,0.002675,0.00289,0.5108604177721788,0.4782304215414501,0.5108604177721788,22.277350098112613,unique_starts
444,173,171,17,5,7,12,1,23.0,18.176470588235293,25,17,5,3.4,17,239,239,239,-0.8671874999999966,0.002675,0.00343,0.5108604177721788,0.6091865893282263,0.6091865893282263,23.37796447300923,unique_starts
445,173,175,21,4,9,13,21,24.0,23.761904761904763,25,21,4,5.25,21,86,86,86,-0.6074766355140131,0.002675,0.00503,0.5108604177721788,0.7573380297747923,0.7573380297747923,24.333333333333332,unique_starts
446,173,205,18,3,13,8,10,13.0,13.61111111111111,19,18,3,6.0,18,4,0,0,0.9999999999999445,0.002675,0.00069,0.5108604177721788,0.4815721475373711,0.5108604177721788,13.277350098112615,unique_starts
447,173,207,15,2,2,15,11,16.0,15.666666666666666,20,15,2,7.5,15,0,0,0,0.9999999999999333,0.002675,0.002905,0.5108604177721788,0.5142383888493315,0.5142383888493315,16.707106781186546,unique_starts
448,173,271,5,4,4,5,1,1.0,1.2,2,5,4,1.25,5,36,36,36,-0.7560975609755913,0.002675,0.002355,0.5108604177721788,0.46904630509061107,0.5108604177721788,1.5,unique_starts
449,173,382,48,3,27,6,8,15.0,15.291666666666666,25,48,3,16.0,48,0,0,0,0.9999999999999791,0.002675,0.00306,0.5108604177721788,0.5168753927781407,0.5168753927781407,15.192450089729876,unique_starts
450,173,410,44,17,32,28,1,8.5,8.318181818181818,10,44,17,2.588235294117647,44,2,0,0,0.9999999999999772,0.002675,0.002505,0.5108604177721788,0.5908932537877524,0.5908932537877524,8.676776695296637,unique_starts
451,175,2,162,7,34,39,1,17.0,15.654320987654321,25,162,7,23.142857142857142,162,82,82,82,0.32786885245901504,0.00503,0.00384,0.7573380297747923,0.49557695833984555,0.7573380297747923,17.17149858514251,unique_starts
452,175,7,37,3,9,14,19,23.0,22.64864864864865,25,37,3,12.333333333333334,37,53,53,53,-0.17777777777777581,0.00503,0.00345,0.7573380297747923,0.473565075387291,0.7573380297747923,23.333333333333332,unique_starts
453,175,10,133,8,42,40,19,24.0,23.30075187969925,25,133,8,16.625,133,69,69,69,0.3168316831683153,0.00503,0.003525,0.7573380297747923,0.49946110985903625,0.7573380297747923,24.154303349962092,unique_starts
454,175,21,161,16,139,19,1,7.0,9.049689440993788,25,161,16,10.0625,161,221,221,221,-0.1570680628272247,0.00503,0.001335,0.7573380297747923,0.7000075364621832,0.7573380297747923,7.084818892967997,unique_starts
455,175,22,29,2,7,10,1,18.0,17.517241379310345,22,29,2,14.5,29,82,82,82,-0.4774774774774732,0.00503,0.00375,0.7573380297747923,0.6446610524678009,0.7573380297747923,18.37796447300923,unique_starts
456,175,42,5,3,4,4,24,25.0,24.8,25,5,3,1.6666666666666667,5,506,506,506,-0.9804305283757319,0.00503,0.002905,0.7573380297747923,0.49705178564663943,0.7573380297747923,25.5,unique_starts
457,175,80,1350,31,222,235,1,10.0,10.407407407407407,25,1350,31,43.54838709677419,1350,89,89,89,0.8763029881862399,0.00503,0.003105,0.7573380297747923,0.54911977059455,0.7573380297747923,10.067115605521403,unique_starts
458,175,117,578,23,127,132,13,22.0,21.157439446366784,25,578,23,25.130434782608695,578,56,56,56,0.8233438485804403,0.00503,0.002995,0.7573380297747923,0.4921561459247037,0.7573380297747923,22.08873565094161,unique_starts
459,175,139,495,31,144,180,1,4.0,4.402020202020202,15,495,31,15.96774193548387,495,235,235,235,0.3561643835616433,0.00503,0.00315,0.7573380297747923,0.5763001546805818,0.7573380297747923,4.083333333333333,unique_starts
460,175,171,398,16,88,79,9,20.0,19.27889447236181,25,398,16,24.875,398,0,0,0,0.9999999999999974,0.00503,0.00343,0.7573380297747923,0.6091865893282263,0.7573380297747923,20.106600358177804,unique_starts
461,175,173,86,11,54,19,15,23.0,22.453488372093023,25,86,11,7.818181818181818,86,21,21,21,0.6074766355140131,0.00503,0.002675,0.7573380297747923,0.5108604177721788,0.7573380297747923,23.136082763487956,unique_starts
462,175,179,132,19,132,21,1,5.0,6.674242424242424,25,132,19,6.947368421052632,132,136,136,136,-0.0149253731343283,0.00503,0.00165,0.7573380297747923,0.5689519284458886,0.7573380297747923,5.087038827977849,unique_starts
463,175,199,48,6,33,14,18,23.0,22.416666666666668,25,48,6,8.0,48,6,6,6,0.7777777777777634,0.00503,0.00268,0.7573380297747923,0.5690552560543798,0.7573380297747923,23.1740776559557,unique_starts
464,175,271,107,17,76,29,15,23.0,22.476635514018692,25,107,17,6.294117647058823,107,5,5,5,0.9107142857142776,0.00503,0.002355,0.7573380297747923,0.46904630509061107,0.7573380297747923,23.11470786693528,unique_starts
465,175,273,15,2,4,9,1,3.0,3.2,6,15,2,7.5,15,12,0,0,0.9999999999999333,0.00503,0.0032,0.7573380297747923,0.505500130278,0.7573380297747923,3.5,unique_starts
466,175,281,1417,22,206,216,8,16.0,16.55116443189838,25,1417,22,64.4090909090909,1417,920,920,920,0.21266581086863492,0.00503,0.003665,0.7573380297747923,0.5084243360159619,0.7573380297747923,16.069673301429162,unique_starts
467,175,410,41,5,30,8,17,23.0,22.048780487804876,25,41,5,8.2,41,26,26,26,0.22388059701492205,0.00503,0.002505,0.7573380297747923,0.5908932537877524,0.7573380297747923,23.182574185835055,unique_starts
468,175,463,501,31,282,73,6,11.0,12.401197604790418,25,501,31,16.161290322580644,501,0,0,0,0.999999999999998,0.00503,0.00216,0.7573380297747923,0.5081641748793143,0.7573380297747923,11.05954913341754,unique_starts
469,179,2,76,5,7,76,6,13.5,14.763157894736842,25,76,5,15.2,76,110,110,110,-0.18279569892473022,0.00165,0.00384,0.5689519284458886,0.49557695833984555,0.5689519284458886,13.877964473009227,unique_starts
470,179,6,47,10,12,47,7,10.0,12.808510638297872,25,47,10,4.7,47,184,184,184,-0.5930735930735905,0.00165,0.003095,0.5689519284458886,0.5183369733262979,0.5689519284458886,10.288675134594813,unique_starts
471,179,7,30,6,7,30,17,21.0,21.3,25,30,6,5.0,30,32,32,32,-0.03225806451612851,0.00165,0.00345,0.5689519284458886,0.473565075387291,0.5689519284458886,21.37796447300923,unique_starts
472,179,8,3,2,2,3,19,23.0,22.0,24,3,2,1.5,3,102,102,102,-0.942857142857134,0.00165,0.00305,0.5689519284458886,0.5406985617322061,0.5689519284458886,23.707106781186546,unique_starts
473,179,10,52,12,12,52,17,22.5,22.01923076923077,25,52,12,4.333333333333333,52,17,17,17,0.5072463768115869,0.00165,0.003525,0.5689519284458886,0.49946110985903625,0.5689519284458886,22.78867513459481,unique_starts
474,179,22,13,4,4,13,7,20.0,17.846153846153847,25,13,4,3.25,13,246,246,246,-0.899613899613896,0.00165,0.00375,0.5689519284458886,0.6446610524678009,0.6446610524678009,20.5,unique_starts
475,179,58,37,7,7,37,8,13.0,14.08108108108108,25,37,7,5.285714285714286,37,126,126,126,-0.5460122699386469,0.00165,0.0027,0.5689519284458886,0.45943690378043944,0.5689519284458886,13.377964473009227,unique_starts
476,179,79,45,8,8,45,14,21.0,21.133333333333333,25,45,8,5.625,45,4,4,4,0.836734693877534,0.00165,0.003325,0.5689519284458886,0.5566279042981374,0.5689519284458886,21.353553390593273,unique_starts
477,179,80,69,15,16,69,12,20.0,19.347826086956523,25,69,15,4.6,69,4,4,4,0.8904109589040975,0.00165,0.003105,0.5689519284458886,0.54911977059455,0.5689519284458886,20.25,unique_starts
478,179,115,31,8,8,31,18,20.0,20.387096774193548,25,31,8,3.875,31,54,54,54,-0.27058823529411447,0.00165,0.002855,0.5689519284458886,0.4573735327292514,0.5689519284458886,20.353553390593273,unique_starts
479,179,117,150,25,28,145,11,19.0,18.32,25,150,25,6.0,150,15,15,15,0.8181818181818132,0.00165,0.002995,0.5689519284458886,0.4921561459247037,0.5689519284458886,19.188982236504614,unique_starts
480,179,139,116,27,27,116,7,11.5,11.594827586206897,20,116,27,4.296296296296297,116,25,25,25,0.6453900709219813,0.00165,0.00315,0.5689519284458886,0.5763001546805818,0.5763001546805818,11.692450089729876,unique_starts
481,179,147,18,5,5,18,16,22.5,21.944444444444443,25,18,5,3.6,18,65,65,65,-0.566265060240957,0.00165,0.00412,0.5689519284458886,0.4966726365256857,0.5689519284458886,22.947213595499957,unique_starts
482,179,167,24,4,4,24,18,21.5,21.583333333333332,25,24,4,6.0,24,26,26,26,-0.039999999999999196,0.00165,0.002905,0.5689519284458886,0.5523326473861818,0.5689519284458886,22.0,unique_starts
483,179,169,61,17,19,61,7,9.0,10.737704918032787,25,61,17,3.588235294117647,61,67,67,67,-0.04687499999999964,0.00165,0.003075,0.5689519284458886,0.5191317792488794,0.5689519284458886,9.229415733870562,unique_starts
484,179,171,3,3,3,3,25,25.0,25.0,25,3,3,1.0,3,1,0,0,0.9999999999996666,0.00165,0.00343,0.5689519284458886,0.6091865893282263,0.6091865893282263,25.577350269189626,unique_starts
485,179,175,136,19,22,136,7,11.0,11.867647058823529,25,136,19,7.157894736842105,136,132,132,132,0.0149253731343283,0.00165,0.00503,0.5689519284458886,0.7573380297747923,0.7573380297747923,11.21320071635561,unique_starts
486,179,199,111,24,26,111,10,15.0,16.07207207207207,25,111,24,4.625,111,20,20,20,0.694656488549613,0.00165,0.00268,0.5689519284458886,0.5690552560543798,0.5690552560543798,15.196116135138183,unique_starts
487,179,217,30,6,6,30,8,14.0,14.633333333333333,25,30,6,5.0,30,204,204,204,-0.7435897435897404,0.00165,0.003145,0.5689519284458886,0.5280768414975939,0.5689519284458886,14.408248290463863,unique_starts
488,179,230,8,2,2,8,18,21.5,21.25,25,8,2,4.0,8,54,54,54,-0.7419354838709558,0.00165,0.00344,0.5689519284458886,0.5276863910046072,0.5689519284458886,22.207106781186546,unique_starts
489,179,243,114,24,26,114,6,10.0,11.526315789473685,25,114,24,4.75,114,27,27,27,0.6170212765957404,0.00165,0.002845,0.5689519284458886,0.47798288494927843,0.5689519284458886,10.196116135138183,unique_starts
490,179,251,99,22,23,99,7,10.0,11.585858585858587,25,99,22,4.5,99,54,54,54,0.2941176470588216,0.00165,0.002675,0.5689519284458886,0.4733873703025864,0.5689519284458886,10.208514414057074,unique_starts
491,179,273,112,17,17,112,7,11.0,12.741071428571429,25,112,17,6.588235294117647,112,65,65,65,0.2655367231638403,0.00165,0.0032,0.5689519284458886,0.505500130278,0.5689519284458886,11.242535625036332,unique_starts
492,179,281,177,20,24,177,7,11.0,12.76271186440678,25,177,20,8.85,177,115,115,115,0.21232876712328694,0.00165,0.003665,0.5689519284458886,0.5084243360159619,0.5689519284458886,11.204124145231932,unique_starts
493,179,309,53,11,13,53,17,21.0,20.81132075471698,25,53,11,4.818181818181818,53,61,61,61,-0.07017543859649061,0.00165,0.003055,0.5689519284458886,0.48484104579254805,0.5689519284458886,21.277350098112613,unique_starts
494,179,315,34,6,7,34,12,19.5,19.11764705882353,25,34,6,5.666666666666667,34,14,14,14,0.41666666666665797,0.00165,0.00307,0.5689519284458886,0.5338410601299857,0.5689519284458886,19.87796447300923,unique_starts
495,179,383,23,6,6,23,20,23.0,23.0,25,23,6,3.8333333333333335,23,128,128,128,-0.6953642384105915,0.00165,0.00295,0.5689519284458886,0.47953992323646644,0.5689519284458886,23.408248290463863,unique_starts
496,179,385,12,2,3,12,17,19.5,19.916666666666668,24,12,2,6.0,12,37,37,37,-0.5102040816326426,0.00165,0.00381,0.5689519284458886,0.544885989019332,0.5689519284458886,20.077350269189626,unique_starts
497,199,3,7,2,4,4,23,25.0,24.428571428571427,25,7,2,3.5,7,0,0,0,0.9999999999998571,0.00268,0.003565,0.5690552560543798,0.5904218374331804,0.5904218374331804,25.5,unique_starts
498,199,10,152,9,25,76,1,5.0,5.980263157894737,17,152,9,16.88888888888889,152,8,0,0,0.9999999999999934,0.00268,0.003525,0.5690552560543798,0.49946110985903625,0.5690552560543798,5.2,unique_starts
499,199,21,43,10,43,10,16,19.0,19.72093023255814,24,43,10,4.3,43,66,66,66,-0.21100917431192467,0.00268,0.001335,0.5690552560543798,0.7000075364621832,0.7000075364621832,19.152498570332604,unique_starts
500,199,42,7,3,7,3,1,24.0,20.571428571428573,25,7,3,2.3333333333333335,7,4,0,0,0.9999999999998571,0.00268,0.002905,0.5690552560543798,0.49705178564663943,0.5690552560543798,24.37796447300923,unique_starts
501,199,46,17,2,7,6,20,24.0,23.529411764705884,25,17,2,8.5,17,7,0,0,0.9999999999999413,0.00268,0.00281,0.5690552560543798,0.4994811286042713,0.5690552560543798,24.37796447300923,unique_starts
502,199,117,71,7,24,20,1,5.0,6.0,16,71,7,10.142857142857142,71,191,191,191,-0.45801526717557073,0.00268,0.002995,0.5690552560543798,0.4921561459247037,0.5690552560543798,5.204124145231932,unique_starts
503,199,121,99,20,63,40,20,24.0,23.707070707070706,25,99,20,4.95,99,0,0,0,0.9999999999999899,0.00268,0.00212,0.5690552560543798,0.4790562634901327,0.5690552560543798,24.12598815766974,unique_starts
504,199,140,24,2,5,10,13,17.5,18.708333333333332,25,24,2,12.0,24,0,0,0,0.9999999999999584,0.00268,0.00296,0.5690552560543798,0.4551836186304672,0.5690552560543798,17.947213595499957,unique_starts
505,199,163,79,10,57,16,10,15.0,14.848101265822784,21,79,10,7.9,79,14,14,14,0.6989247311827882,0.00268,0.000755,0.5690552560543798,0.8074492857931624,0.8074492857931624,15.132453235706505,unique_starts
506,199,169,384,19,102,88,6,16.0,16.020833333333332,24,384,19,20.210526315789473,384,440,440,440,-0.0679611650485436,0.00268,0.003075,0.5690552560543798,0.5191317792488794,0.5690552560543798,16.099014754297666,unique_starts
507,199,171,58,2,11,10,2,14.0,12.60344827586207,21,58,2,29.0,58,0,0,0,0.9999999999999827,0.00268,0.00343,0.5690552560543798,0.6091865893282263,0.6091865893282263,14.301511344577763,unique_starts
508,199,175,6,3,4,5,24,25.0,24.666666666666668,25,6,3,2.0,6,48,48,48,-0.7777777777777634,0.00268,0.00503,0.5690552560543798,0.7573380297747923,0.7573380297747923,25.5,unique_starts
509,199,179,20,6,20,6,16,19.5,19.65,23,20,6,3.3333333333333335,20,111,111,111,-0.694656488549613,0.00268,0.00165,0.5690552560543798,0.5689519284458886,0.5690552560543798,19.72360679774998,unique_starts
510,199,205,64,8,41,14,16,22.0,21.65625,25,64,8,8.0,64,17,17,17,0.5802469135802398,0.00268,0.00069,0.5690552560543798,0.4815721475373711,0.5690552560543798,22.156173761888606,unique_starts
511,199,243,14,7,10,11,24,25.0,24.714285714285715,25,14,7,2.0,14,130,130,130,-0.80555555555555,0.00268,0.002845,0.5690552560543798,0.47798288494927843,0.5690552560543798,25.316227766016837,unique_starts
512,199,259,78,11,61,17,15,20.0,19.794871794871796,25,78,11,7.090909090909091,78,41,41,41,0.31092436974789656,0.00268,0.00102,0.5690552560543798,1.0660615445434947,1.0660615445434947,20.128036879932896,unique_starts
513,199,266,363,17,75,106,10,19.0,18.889807162534435,25,363,17,21.352941176470587,363,152,152,152,0.40970873786407686,0.00268,0.0038,0.5690552560543798,0.6115361362052629,0.6115361362052629,19.115470053837925,unique_starts
514,199,273,45,10,24,25,22,25.0,24.31111111111111,25,45,10,4.5,45,132,132,132,-0.4915254237288108,0.00268,0.0032,0.5690552560543798,0.505500130278,0.5690552560543798,25.20412414523193,unique_starts
515,199,281,72,5,13,29,8,15.0,14.541666666666666,19,72,5,14.4,72,138,138,138,-0.3142857142857128,0.00268,0.003665,0.5690552560543798,0.5084243360159619,0.5690552560543798,15.277350098112615,unique_starts
516,199,290,19,3,9,9,22,24.0,24.210526315789473,25,19,3,6.333333333333333,19,45,45,45,-0.40624999999999367,0.00268,0.002905,0.5690552560543798,0.5506580655999675,0.5690552560543798,24.333333333333332,unique_starts
517,199,371,17,3,17,3,12,16.0,17.11764705882353,24,17,3,5.666666666666667,17,4,0,0,0.9999999999999413,0.00268,0.00072,0.5690552560543798,2.0840511964640234,2.0840511964640234,16.242535625036332,unique_starts
518,199,382,41,2,10,8,9,20.0,18.463414634146343,25,41,2,20.5,41,15,0,0,0.9999999999999756,0.00268,0.00306,0.5690552560543798,0.5168753927781407,0.5690552560543798,20.316227766016837,unique_starts
519,199,383,884,23,121,190,2,12.0,12.279411764705882,23,884,23,38.43478260869565,884,91,91,91,0.8133333333333325,0.00268,0.00295,0.5690552560543798,0.47953992323646644,0.5690552560543798,12.090909090909092,unique_starts
520,199,404,33,7,18,13,1,7.0,8.727272727272727,25,33,7,4.714285714285714,33,61,61,61,-0.29787234042552874,0.00268,0.00219,0.5690552560543798,0.5171261636058332,0.5690552560543798,7.235702260395516,unique_starts
521,199,462,484,13,71,120,1,17.0,16.00206611570248,25,484,13,37.23076923076923,484,14,14,14,0.9437751004016045,0.00268,0.00335,0.5690552560543798,0.4622577751318516,0.5690552560543798,17.118678165819386,unique_starts
522,199,487,317,13,88,47,6,14.0,14.731861198738171,25,317,13,24.384615384615383,317,204,204,204,0.2168905950095965,0.00268,0.00309,0.5690552560543798,0.4986519883489159,0.5690552560543798,14.106600358177806,unique_starts
523,205,8,12,3,3,12,4,6.5,6.833333333333333,11,12,3,4.0,12,2,0,0,0.9999999999999166,0.00069,0.00305,0.4815721475373711,0.5406985617322061,0.5406985617322061,7.077350269189626,unique_starts
524,205,10,96,8,13,59,6,16.0,15.604166666666666,25,96,8,12.0,96,91,91,91,0.02673796791443836,0.00069,0.003525,0.4815721475373711,0.49946110985903625,0.49946110985903625,16.277350098112613,unique_starts
525,205,21,4,3,4,3,22,22.5,22.5,23,4,3,1.3333333333333333,4,0,0,0,0.99999999999975,0.00069,0.001335,0.4815721475373711,0.7000075364621832,0.7000075364621832,23.0,unique_starts
526,205,42,19,5,10,13,1,3.0,5.368421052631579,15,19,5,3.8,19,0,0,0,0.9999999999999475,0.00069,0.002905,0.4815721475373711,0.49705178564663943,0.49705178564663943,3.316227766016838,unique_starts
527,205,58,37,3,6,17,14,21.0,20.594594594594593,25,37,3,12.333333333333334,37,0,0,0,0.9999999999999729,0.00069,0.0027,0.4815721475373711,0.45943690378043944,0.4815721475373711,21.408248290463863,unique_starts
528,205,115,30,5,10,18,7,10.5,11.633333333333333,20,30,5,6.0,30,3,0,0,0.9999999999999667,0.00069,0.002855,0.4815721475373711,0.4573735327292514,0.4815721475373711,10.816227766016837,unique_starts
529,205,117,37,8,9,35,7,12.0,12.567567567567568,23,37,8,4.625,37,27,27,27,0.15624999999999759,0.00069,0.002995,0.4815721475373711,0.4921561459247037,0.4921561459247037,12.333333333333334,unique_starts
530,205,146,8,2,3,8,1,3.0,3.125,5,8,2,4.0,8,0,0,0,0.999999999999875,0.00069,0.00289,0.4815721475373711,0.49858717633061933,0.49858717633061933,3.5773502691896257,unique_starts
531,205,167,15,3,4,12,4,15.0,12.6,20,15,3,5.0,15,0,0,0,0.9999999999999333,0.00069,0.002905,0.4815721475373711,0.5523326473861818,0.5523326473861818,15.5,unique_starts
532,205,169,41,4,7,26,16,21.0,20.78048780487805,25,41,4,10.25,41,0,0,0,0.9999999999999756,0.00069,0.003075,0.4815721475373711,0.5191317792488794,0.5191317792488794,21.37796447300923,unique_starts
533,205,171,22,4,7,16,7,21.0,19.772727272727273,25,22,4,5.5,22,67,67,67,-0.5056179775280842,0.00069,0.00343,0.4815721475373711,0.6091865893282263,0.6091865893282263,21.37796447300923,unique_starts
534,205,179,4,4,4,4,23,24.0,23.75,24,4,4,1.0,4,0,0,0,0.99999999999975,0.00069,0.00165,0.4815721475373711,0.5689519284458886,0.5689519284458886,24.5,unique_starts
535,205,199,17,4,6,12,1,15.0,14.117647058823529,24,17,4,4.25,17,64,64,64,-0.5802469135802398,0.00069,0.00268,0.4815721475373711,0.5690552560543798,0.5690552560543798,15.408248290463863,unique_starts
536,205,207,10,2,2,10,1,7.0,7.0,13,10,2,5.0,10,0,0,0,0.9999999999999,0.00069,0.002905,0.4815721475373711,0.5142383888493315,0.5142383888493315,7.707106781186548,unique_starts
537,205,259,6,5,5,6,1,2.0,2.3333333333333335,4,6,5,1.2,6,24,24,24,-0.59999999999998,0.00069,0.00102,0.4815721475373711,1.0660615445434947,1.0660615445434947,2.447213595499958,unique_starts
538,205,290,52,5,8,31,2,13.0,12.115384615384615,25,52,5,10.4,52,3,0,0,0.9999999999999807,0.00069,0.002905,0.4815721475373711,0.5506580655999675,0.5506580655999675,13.353553390593273,unique_starts
539,205,382,14,3,5,8,1,7.5,8.214285714285714,25,14,3,4.666666666666667,14,10,10,10,0.16666666666665975,0.00069,0.00306,0.4815721475373711,0.5168753927781407,0.5168753927781407,7.947213595499958,unique_starts
540,205,383,36,3,4,28,15,20.0,20.166666666666668,25,36,3,12.0,36,0,0,0,0.9999999999999721,0.00069,0.00295,0.4815721475373711,0.47953992323646644,0.4815721475373711,20.5,unique_starts
541,205,385,10,2,3,9,18,22.5,22.1,25,10,2,5.0,10,4,0,0,0.9999999999999,0.00069,0.00381,0.4815721475373711,0.544885989019332,0.544885989019332,23.077350269189626,unique_starts
542,205,404,6,3,3,6,7,11.5,11.833333333333334,17,6,3,2.0,6,0,0,0,0.9999999999998334,0.00069,0.00219,0.4815721475373711,0.5171261636058332,0.5171261636058332,12.077350269189626,unique_starts
543,205,410,4,3,3,4,1,6.5,8.5,20,4,3,1.3333333333333333,4,4,4,4,0.0,0.00069,0.002505,0.4815721475373711,0.5908932537877524,0.5908932537877524,7.077350269189626,unique_starts
544,205,462,27,3,4,21,19,22.0,22.11111111111111,25,27,3,9.0,27,10,10,10,0.459459459459447,0.00069,0.00335,0.4815721475373711,0.4622577751318516,0.4815721475373711,22.5,unique_starts
545,205,487,6,2,3,4,4,22.5,16.833333333333332,24,6,2,3.0,6,20,20,20,-0.5384615384615178,0.00069,0.00309,0.4815721475373711,0.4986519883489159,0.4986519883489159,23.077350269189626,unique_starts
546,207,21,10,5,10,5,19,24.0,23.5,25,10,5,2.0,10,0,0,0,0.9999999999999,0.002905,0.001335,0.5142383888493315,0.7000075364621832,0.7000075364621832,24.316227766016837,unique_starts
547,207,167,1255,31,232,234,1,7.0,7.785657370517928,20,1255,31,40.483870967741936,1255,0,0,0,0.9999999999999992,0.002905,0.002905,0.5142383888493315,0.5523326473861818,0.5523326473861818,7.065653216429861,unique_starts
548,207,179,15,4,15,4,21,24.0,23.4,25,15,4,3.75,15,0,0,0,0.9999999999999333,0.002905,0.00165,0.5142383888493315,0.5689519284458886,0.5689519284458886,24.25819888974716,unique_starts
549,207,251,78,7,25,26,16,22.0,21.897435897435898,25,78,7,11.142857142857142,78,0,0,0,0.9999999999999872,0.002905,0.002675,0.5142383888493315,0.4733873703025864,0.5142383888493315,22.2,unique_starts
550,207,259,13,2,10,3,19,23.0,22.692307692307693,25,13,2,6.5,13,25,25,25,-0.3157894736842022,0.002905,0.00102,0.5142383888493315,1.0660615445434947,1.0660615445434947,23.316227766016837,unique_starts
551,207,271,22,6,15,9,22,24.0,24.09090909090909,25,22,6,3.6666666666666665,22,351,351,351,-0.8820375335120619,0.002905,0.002355,0.5142383888493315,0.46904630509061107,0.5142383888493315,24.25819888974716,unique_starts
552,207,371,22,3,16,4,16,20.0,19.59090909090909,23,22,3,7.333333333333333,22,4,0,0,0.9999999999999546,0.002905,0.00072,0.5142383888493315,2.0840511964640234,2.0840511964640234,20.25,unique_starts
553,207,398,95,7,30,32,18,24.0,23.263157894736842,25,95,7,13.571428571428571,95,317,317,317,-0.5388349514563093,0.002905,0.00324,0.5142383888493315,0.4886541548049501,0.5142383888493315,24.182574185835055,unique_starts
554,207,410,11,4,10,5,21,24.0,23.90909090909091,25,11,4,2.75,11,122,122,122,-0.8345864661654073,0.002905,0.002505,0.5142383888493315,0.5908932537877524,0.5908932537877524,24.316227766016837,unique_starts
555,207,429,47,7,22,19,18,24.0,23.25531914893617,25,47,7,6.714285714285714,47,93,93,93,-0.32857142857142624,0.002905,0.0033,0.5142383888493315,0.6319999683881292,0.6319999683881292,24.21320071635561,unique_starts
556,217,6,26,2,16,6,1,4.5,4.615384615384615,9,26,2,13.0,26,1,0,0,0.9999999999999616,0.003145,0.003095,0.5280768414975939,0.5183369733262979,0.5280768414975939,4.75,unique_starts
557,217,7,66,3,19,16,18,23.0,22.954545454545453,25,66,3,22.0,66,2,0,0,0.9999999999999849,0.003145,0.00345,0.5280768414975939,0.473565075387291,0.5280768414975939,23.22941573387056,unique_starts
558,217,21,56,7,56,8,2,6.0,8.0,25,56,7,8.0,56,16,16,16,0.5555555555555479,0.003145,0.001335,0.5280768414975939,0.7000075364621832,0.7000075364621832,6.133630620956212,unique_starts
559,217,58,34,2,8,10,1,5.0,5.147058823529412,10,34,2,17.0,34,0,0,0,0.9999999999999706,0.003145,0.0027,0.5280768414975939,0.45943690378043944,0.5280768414975939,5.353553390593274,unique_starts
560,217,117,511,18,131,98,13,22.0,21.868884540117417,25,511,18,28.38888888888889,511,0,0,0,0.999999999999998,0.003145,0.002995,0.5280768414975939,0.4921561459247037,0.5280768414975939,22.087370405666103,unique_starts
561,217,121,332,23,221,41,7,12.0,12.515060240963855,25,332,23,14.434782608695652,332,0,0,0,0.9999999999999969,0.003145,0.00212,0.5280768414975939,0.4790562634901327,0.5280768414975939,12.067267279399632,unique_starts
562,217,167,4,2,3,3,24,25.0,24.75,25,4,2,2.0,4,0,0,0,0.99999999999975,0.003145,0.002905,0.5280768414975939,0.5523326473861818,0.5523326473861818,25.577350269189626,unique_starts
563,217,169,347,12,110,44,9,16.0,16.26801152737752,25,347,12,28.916666666666668,347,120,120,120,0.48608137044967775,0.003145,0.003075,0.5280768414975939,0.5191317792488794,0.5280768414975939,16.095346258924558,unique_starts
564,217,179,204,23,193,25,2,7.0,6.823529411764706,21,204,23,8.869565217391305,204,30,30,30,0.7435897435897404,0.003145,0.00165,0.5280768414975939,0.5689519284458886,0.5689519284458886,7.07198157507487,unique_starts
565,217,199,362,12,95,52,14,21.0,20.994475138121548,25,362,12,30.166666666666668,362,0,0,0,0.9999999999999972,0.003145,0.00268,0.5280768414975939,0.5690552560543798,0.5690552560543798,21.102597835208517,unique_starts
566,217,224,56,4,11,25,16,23.0,22.339285714285715,25,56,4,14.0,56,266,266,266,-0.6521739130434762,0.003145,0.003435,0.5280768414975939,0.5524327933598494,0.5524327933598494,23.301511344577765,unique_starts
567,217,243,311,15,87,79,1,8.0,8.810289389067524,23,311,15,20.733333333333334,311,1002,1002,1002,-0.5262757044935259,0.003145,0.002845,0.5280768414975939,0.47798288494927843,0.5280768414975939,8.10721125348378,unique_starts
568,217,251,689,14,146,73,8,17.0,16.641509433962263,25,689,14,49.214285714285715,689,25,25,25,0.9299719887955169,0.003145,0.002675,0.5280768414975939,0.4733873703025864,0.5280768414975939,17.082760588860236,unique_starts
569,217,281,39,2,12,9,11,17.0,17.076923076923077,23,39,2,19.5,39,0,0,0,0.9999999999999744,0.003145,0.003665,0.5280768414975939,0.5084243360159619,0.5280768414975939,17.28867513459481,unique_starts
570,217,309,12,2,2,12,1,6.5,7.833333333333333,16,12,2,6.0,12,137,137,137,-0.8389261744966386,0.003145,0.003055,0.5280768414975939,0.48484104579254805,0.5280768414975939,7.207106781186548,unique_starts
571,217,383,28,5,13,13,22,24.0,24.142857142857142,25,28,5,5.6,28,229,229,229,-0.782101167315172,0.003145,0.00295,0.5280768414975939,0.47953992323646644,0.5280768414975939,24.277350098112613,unique_starts
572,217,385,39,5,19,16,1,8.0,7.076923076923077,13,39,5,7.8,39,1296,1296,1296,-0.9415730337078645,0.003145,0.00381,0.5280768414975939,0.544885989019332,0.544885989019332,8.229415733870562,unique_starts
573,224,120,2500,33,361,300,1,12.0,12.3204,25,2500,33,75.75757575757575,2500,0,0,0,0.9999999999999997,0.003435,0.00351,0.5524327933598494,0.6286366289947183,0.6286366289947183,12.052631578947368,unique_starts
574,224,147,33,3,15,9,12,18.0,18.939393939393938,25,33,3,11.0,33,105,105,105,-0.5217391304347788,0.003435,0.00412,0.5524327933598494,0.4966726365256857,0.5524327933598494,18.25819888974716,unique_starts
575,224,217,266,13,80,61,11,22.0,20.99624060150376,25,266,13,20.46153846153846,266,56,56,56,0.6521739130434762,0.003435,0.003145,0.5524327933598494,0.5280768414975939,0.5524327933598494,22.11180339887499,unique_starts
576,224,243,133,4,32,20,10,21.0,20.466165413533833,25,133,4,33.25,133,337,337,337,-0.43404255319148843,0.003435,0.002845,0.5524327933598494,0.47798288494927843,0.5524327933598494,21.17677669529664,unique_starts
577,224,259,10,2,8,3,21,24.0,23.6,25,10,2,5.0,10,17,17,17,-0.2592592592592497,0.003435,0.00102,0.5524327933598494,1.0660615445434947,1.0660615445434947,24.353553390593273,unique_starts
578,224,304,954,30,315,111,1,6.0,6.982180293501048,19,954,30,31.8,954,1849,1849,1849,-0.3193007491972885,0.003435,0.003015,0.5524327933598494,0.5149114583441843,0.5524327933598494,6.056343616981901,unique_starts
579,224,309,99,6,47,12,10,18.0,17.525252525252526,24,99,6,16.5,99,607,607,607,-0.7195467422096307,0.003435,0.003055,0.5524327933598494,0.48484104579254805,0.5524327933598494,18.145864991497895,unique_starts
580,224,385,571,11,96,84,6,19.0,19.010507880910684,25,571,11,51.90909090909091,571,1173,1173,1173,-0.34518348623853196,0.003435,0.00381,0.5524327933598494,0.544885989019332,0.5524327933598494,19.102062072615965,unique_starts
581,224,404,61,5,36,9,2,14.0,13.540983606557377,19,61,5,12.2,61,151,151,151,-0.42452830188679047,0.003435,0.00219,0.5524327933598494,0.5171261636058332,0.5524327933598494,14.166666666666666,unique_starts
582,224,474,588,14,118,92,3,17.0,17.292517006802722,25,588,14,42.0,588,99,99,99,0.7117903930130994,0.003435,0.002335,0.5524327933598494,0.47326325022320526,0.5524327933598494,17.09205746178983,unique_starts
583,230,8,160,13,46,50,1,5.0,5.76875,25,160,13,12.307692307692308,160,395,395,395,-0.42342342342342265,0.00344,0.00305,0.5276863910046072,0.5406985617322061,0.5406985617322061,5.147441956154897,unique_starts
584,230,21,21,6,21,8,13,16.0,16.19047619047619,20,21,6,3.5,21,30,30,30,-0.17647058823529066,0.00344,0.001335,0.5276863910046072,0.7000075364621832,0.7000075364621832,16.21821789023599,unique_starts
585,230,22,1093,33,133,305,1,10.0,9.503202195791399,21,1093,33,33.121212121212125,1093,10,0,0,0.9999999999999992,0.00344,0.00375,0.5276863910046072,0.6446610524678009,0.6446610524678009,10.086710996952412,unique_starts
586,230,42,56,6,17,14,16,23.0,22.142857142857142,25,56,6,9.333333333333334,56,0,0,0,0.9999999999999821,0.00344,0.002905,0.5276863910046072,0.49705178564663943,0.5276863910046072,23.242535625036332,unique_starts
587,230,79,74,12,26,34,1,4.0,4.0,10,74,12,6.166666666666667,74,359,359,359,-0.6581986143187052,0.00344,0.003325,0.5276863910046072,0.5566279042981374,0.5566279042981374,4.196116135138184,unique_starts
588,230,80,7,2,3,6,1,2.0,2.5714285714285716,5,7,2,3.5,7,119,119,119,-0.8888888888888818,0.00344,0.003105,0.5276863910046072,0.54911977059455,0.54911977059455,2.5773502691896257,unique_starts
589,230,146,120,13,40,41,1,23.0,22.816666666666666,25,120,13,9.23076923076923,120,778,778,778,-0.7327394209354112,0.00344,0.00289,0.5276863910046072,0.49858717633061933,0.5276863910046072,23.15811388300842,unique_starts
590,230,164,255,16,112,50,7,19.0,18.345098039215685,25,255,16,15.9375,255,369,369,369,-0.1826923076923074,0.00344,0.002755,0.5276863910046072,0.46236208579247506,0.5276863910046072,19.094491118252307,unique_starts
591,230,169,63,9,27,28,19,23.0,23.19047619047619,25,63,9,7.0,63,234,234,234,-0.5757575757575738,0.00344,0.003075,0.5276863910046072,0.5191317792488794,0.5276863910046072,23.192450089729874,unique_starts
592,230,171,328,9,54,49,1,9.0,8.929878048780488,24,328,9,36.44444444444444,328,129,129,129,0.4354485776805242,0.00344,0.00343,0.5276863910046072,0.6091865893282263,0.6091865893282263,9.136082763487954,unique_starts
593,230,172,10,3,9,4,15,17.0,17.0,19,10,3,3.3333333333333335,10,124,124,124,-0.8507462686567101,0.00344,0.00297,0.5276863910046072,0.4684363793861522,0.5276863910046072,17.333333333333332,unique_starts
594,230,179,54,13,54,14,13,16.0,16.35185185185185,23,54,13,4.153846153846154,54,8,8,8,0.7419354838709558,0.00344,0.00165,0.5276863910046072,0.5689519284458886,0.5689519284458886,16.136082763487956,unique_starts
595,230,251,118,13,43,44,20,24.0,23.576271186440678,25,118,13,9.076923076923077,118,44,44,44,0.4567901234567873,0.00344,0.002675,0.5276863910046072,0.4733873703025864,0.5276863910046072,24.152498570332604,unique_starts
596,230,271,150,20,94,47,6,15.0,15.406666666666666,25,150,20,7.5,150,161,161,161,-0.03536977491961403,0.00344,0.002355,0.5276863910046072,0.46904630509061107,0.5276863910046072,15.10314212462588,unique_starts
597,230,273,82,13,46,28,9,14.0,14.231707317073171,19,82,13,6.3076923076923075,82,405,405,405,-0.6632443531827501,0.00344,0.0032,0.5276863910046072,0.505500130278,0.5276863910046072,14.147441956154896,unique_starts
598,230,371,13,3,8,4,3,6.0,8.076923076923077,19,13,3,4.333333333333333,13,0,0,0,0.9999999999999231,0.00344,0.00072,0.5276863910046072,2.0840511964640234,2.0840511964640234,6.353553390593274,unique_starts
599,230,410,141,8,38,24,8,18.0,17.74468085106383,25,141,8,17.625,141,462,462,462,-0.5323383084577106,0.00344,0.002505,0.5276863910046072,0.5908932537877524,0.5908932537877524,18.162221421130763,unique_starts
600,230,463,60,14,44,24,18,21.5,21.433333333333334,25,60,14,4.285714285714286,60,0,0,0,0.9999999999999833,0.00344,0.00216,0.5276863910046072,0.5081641748793143,0.5276863910046072,21.65075567228888,unique_starts
601,243,6,19,4,4,19,1,14.0,12.736842105263158,25,19,4,4.75,19,6,6,6,0.5199999999999793,0.002845,0.003095,0.47798288494927843,0.5183369733262979,0.5183369733262979,14.5,unique_starts
602,243,21,30,4,30,4,2,9.5,10.933333333333334,25,30,4,7.5,30,71,71,71,-0.4059405940594019,0.002845,0.001335,0.47798288494927843,0.7000075364621832,0.7000075364621832,9.682574185835055,unique_starts
603,243,58,62,6,17,30,1,20.0,18.741935483870968,25,62,6,10.333333333333334,62,15,15,15,0.6103896103896025,0.002845,0.0027,0.47798288494927843,0.45943690378043944,0.47798288494927843,20.242535625036332,unique_starts
604,243,115,282,15,60,59,1,10.0,10.02482269503546,19,282,15,18.8,282,5,5,5,0.9651567944250836,0.002845,0.002855,0.47798288494927843,0.4573735327292514,0.47798288494927843,10.12909944487358,unique_starts
605,243,121,142,8,73,19,7,15.0,15.352112676056338,25,142,8,17.75,142,0,0,0,0.999999999999993,0.002845,0.00212,0.47798288494927843,0.4790562634901327,0.4790562634901327,15.117041147196131,unique_starts
606,243,147,210,6,22,54,7,18.0,17.3,25,210,6,35.0,210,0,0,0,0.9999999999999952,0.002845,0.00412,0.47798288494927843,0.4966726365256857,0.4966726365256857,18.21320071635561,unique_starts
607,243,163,21,3,16,6,18,23.0,22.38095238095238,25,21,3,7.0,21,0,0,0,0.9999999999999525,0.002845,0.000755,0.47798288494927843,0.8074492857931624,0.8074492857931624,23.25,unique_starts
608,243,169,87,6,20,38,10,14.0,15.471264367816092,25,87,6,14.5,87,890,890,890,-0.8219037871033769,0.002845,0.003075,0.47798288494927843,0.5191317792488794,0.5191317792488794,14.223606797749978,unique_starts
609,243,179,27,6,27,6,2,7.0,11.037037037037036,25,27,6,4.5,27,114,114,114,-0.6170212765957404,0.002845,0.00165,0.47798288494927843,0.5689519284458886,0.5689519284458886,7.192450089729875,unique_starts
610,243,199,130,9,31,43,4,17.0,16.23846153846154,25,130,9,14.444444444444445,130,14,14,14,0.80555555555555,0.002845,0.00268,0.47798288494927843,0.5690552560543798,0.5690552560543798,17.179605302026776,unique_starts
611,243,217,1002,24,131,209,1,15.0,13.957085828343313,25,1002,24,41.75,1002,311,311,311,0.5262757044935259,0.002845,0.003145,0.47798288494927843,0.5280768414975939,0.5280768414975939,15.087370405666103,unique_starts
612,243,224,337,11,59,69,7,22.0,20.75074183976261,25,337,11,30.636363636363637,337,133,133,133,0.43404255319148843,0.002845,0.003435,0.47798288494927843,0.5524327933598494,0.5524327933598494,22.130188910980824,unique_starts
613,243,251,107,6,51,16,9,18.0,17.635514018691588,25,107,6,17.833333333333332,107,479,479,479,-0.6348122866894187,0.002845,0.002675,0.47798288494927843,0.4733873703025864,0.47798288494927843,18.1400280084028,unique_starts
614,243,259,27,7,19,11,9,23.0,21.555555555555557,25,27,7,3.857142857142857,27,0,0,0,0.999999999999963,0.002845,0.00102,0.47798288494927843,1.0660615445434947,1.0660615445434947,23.22941573387056,unique_starts
615,243,309,226,11,33,61,5,13.0,13.5929203539823,23,226,11,20.545454545454547,226,27,0,0,0.9999999999999956,0.002845,0.003055,0.47798288494927843,0.48484104579254805,0.48484104579254805,13.174077655955697,unique_starts
616,243,371,17,5,12,7,7,19.0,17.58823529411765,21,17,5,3.4,17,0,0,0,0.9999999999999413,0.002845,0.00072,0.47798288494927843,2.0840511964640234,2.0840511964640234,19.28867513459481,unique_starts
617,243,383,7,2,3,5,23,24.0,24.285714285714285,25,7,2,3.5,7,1354,1354,1354,-0.9897134459955909,0.002845,0.00295,0.47798288494927843,0.47953992323646644,0.47953992323646644,24.577350269189626,unique_starts
618,243,385,1253,25,194,185,1,10.0,10.5219473264166,25,1253,25,50.12,1253,83,83,83,0.8757485029940114,0.002845,0.00381,0.47798288494927843,0.544885989019332,0.544885989019332,10.071795815861774,unique_starts
619,251,7,74,7,16,40,7,19.0,18.10810810810811,25,74,7,10.571428571428571,74,16,0,0,0.9999999999999866,0.002675,0.00345,0.4733873703025864,0.473565075387291,0.473565075387291,19.25,unique_starts
620,251,21,31,8,31,8,1,4.0,4.032258064516129,8,31,8,3.875,31,12,12,12,0.44186046511626875,0.002675,0.001335,0.4733873703025864,0.7000075364621832,0.7000075364621832,4.179605302026775,unique_starts
621,251,22,81,10,42,21,8,16.0,17.28395061728395,25,81,10,8.1,81,1019,1019,1019,-0.852727272727272,0.002675,0.00375,0.4733873703025864,0.6446610524678009,0.6446610524678009,16.154303349962092,unique_starts
622,251,58,18,3,7,14,8,11.0,12.722222222222221,25,18,3,6.0,18,89,89,89,-0.6635514018691527,0.002675,0.0027,0.4733873703025864,0.45943690378043944,0.4733873703025864,11.377964473009227,unique_starts
623,251,79,97,9,42,28,17,23.0,22.50515463917526,25,97,9,10.777777777777779,97,5,5,5,0.9019607843137167,0.002675,0.003325,0.4733873703025864,0.5566279042981374,0.5566279042981374,23.154303349962092,unique_starts
624,251,80,24,3,14,7,19,23.0,22.625,25,24,3,8.0,24,1,0,0,0.9999999999999584,0.002675,0.003105,0.4733873703025864,0.54911977059455,0.54911977059455,23.267261241912426,unique_starts
625,251,115,35,5,15,16,19,22.0,21.97142857142857,25,35,5,7.0,35,40,40,40,-0.06666666666666578,0.002675,0.002855,0.4733873703025864,0.4573735327292514,0.4733873703025864,22.25819888974716,unique_starts
626,251,139,494,16,78,111,9,16.0,16.2834008097166,25,494,16,30.875,494,12,12,12,0.9525691699604724,0.002675,0.00315,0.4733873703025864,0.5763001546805818,0.5763001546805818,16.11322770341446,unique_starts
627,251,167,19,2,3,14,11,14.0,14.210526315789474,19,19,2,9.5,19,29,29,29,-0.20833333333332898,0.002675,0.002905,0.4733873703025864,0.5523326473861818,0.5523326473861818,14.577350269189626,unique_starts
628,251,175,72,2,7,21,10,16.0,16.0,23,72,2,36.0,72,6,0,0,0.9999999999999862,0.002675,0.00503,0.4733873703025864,0.7573380297747923,0.7573380297747923,16.37796447300923,unique_starts
629,251,179,54,12,54,12,2,4.0,4.537037037037037,9,54,12,4.5,54,99,99,99,-0.2941176470588216,0.002675,0.00165,0.4733873703025864,0.5689519284458886,0.5689519284458886,4.136082763487955,unique_starts
630,251,217,25,3,11,9,17,23.0,22.32,25,25,3,8.333333333333334,25,689,689,689,-0.9299719887955169,0.002675,0.003145,0.4733873703025864,0.5280768414975939,0.5280768414975939,23.301511344577765,unique_starts
631,251,230,44,2,11,11,19,23.0,22.954545454545453,25,44,2,22.0,44,118,118,118,-0.4567901234567873,0.002675,0.00344,0.4733873703025864,0.5276863910046072,0.5276863910046072,23.301511344577765,unique_starts
632,251,243,479,21,118,87,8,14.0,14.521920668058454,25,479,21,22.80952380952381,479,107,107,107,0.6348122866894187,0.002675,0.002845,0.4733873703025864,0.47798288494927843,0.47798288494927843,14.092057461789832,unique_starts
633,251,271,72,14,53,20,18,23.0,22.694444444444443,25,72,14,5.142857142857143,72,6,0,0,0.9999999999999862,0.002675,0.002355,0.4733873703025864,0.46904630509061107,0.4733873703025864,23.13736056394869,unique_starts
634,251,273,511,15,77,101,9,17.0,17.39334637964775,25,511,15,34.06666666666667,511,243,243,243,0.35543766578249286,0.002675,0.0032,0.4733873703025864,0.505500130278,0.505500130278,17.11396057645964,unique_starts
635,251,315,11,2,2,11,15,20.0,20.0,25,11,2,5.5,11,1,0,0,0.9999999999999091,0.002675,0.00307,0.4733873703025864,0.5338410601299857,0.5338410601299857,20.707106781186546,unique_starts
636,251,385,49,5,23,10,18,22.0,22.26530612244898,25,49,5,9.8,49,148,148,148,-0.5025380710659874,0.002675,0.00381,0.4733873703025864,0.544885989019332,0.544885989019332,22.208514414057074,unique_starts
637,251,398,19,2,4,7,18,22.0,21.68421052631579,25,19,2,9.5,19,0,0,0,0.9999999999999475,0.002675,0.00324,0.4733873703025864,0.4886541548049501,0.4886541548049501,22.5,unique_starts
638,251,410,8,3,8,3,21,24.0,23.625,25,8,3,2.6666666666666665,8,12,12,12,-0.19999999999999002,0.002675,0.002505,0.4733873703025864,0.5908932537877524,0.5908932537877524,24.353553390593273,unique_starts
639,251,429,29,4,12,12,21,24.0,23.93103448275862,25,29,4,7.25,29,17,17,17,0.26086956521738563,0.002675,0.0033,0.4733873703025864,0.6319999683881292,0.6319999683881292,24.28867513459481,unique_starts
640,251,463,167,22,113,38,7,10.0,10.652694610778443,25,167,22,7.590909090909091,167,0,0,0,0.999999999999994,0.002675,0.00216,0.4733873703025864,0.5081641748793143,0.5081641748793143,10.09407208683836,unique_starts
641,259,10,29,5,6,20,9,17.0,16.689655172413794,25,29,5,5.8,29,18,18,18,0.23404255319148437,0.00102,0.003525,1.0660615445434947,0.49946110985903625,1.0660615445434947,17.408248290463863,unique_starts
642,259,58,15,2,2,15,17,22.0,21.6,25,15,2,7.5,15,0,0,0,0.9999999999999333,0.00102,0.0027,1.0660615445434947,0.45943690378043944,1.0660615445434947,22.707106781186546,unique_starts
643,259,115,32,6,9,32,9,15.0,15.5625,25,32,6,5.333333333333333,32,32,32,32,0.0,0.00102,0.002855,1.0660615445434947,0.4573735327292514,1.0660615445434947,15.333333333333334,unique_starts
644,259,117,16,3,5,16,11,14.5,16.0,22,16,3,5.333333333333333,16,30,30,30,-0.3043478260869499,0.00102,0.002995,1.0660615445434947,0.4921561459247037,1.0660615445434947,14.947213595499958,unique_starts
645,259,146,10,3,4,10,1,2.5,4.7,15,10,3,3.3333333333333335,10,2,0,0,0.9999999999999,0.00102,0.00289,1.0660615445434947,0.49858717633061933,1.0660615445434947,3.0,unique_starts
646,259,163,8,4,5,7,1,6.5,10.125,22,8,4,2.0,8,178,178,178,-0.913978494623651,0.00102,0.000755,1.0660615445434947,0.8074492857931624,1.0660615445434947,6.947213595499958,unique_starts
647,259,169,26,4,5,23,15,22.0,21.423076923076923,25,26,4,6.5,26,5,5,5,0.6774193548386879,0.00102,0.003075,1.0660615445434947,0.5191317792488794,1.0660615445434947,22.447213595499957,unique_starts
648,259,171,6,2,2,6,10,22.5,19.166666666666668,25,6,2,3.0,6,25,25,25,-0.6129032258064319,0.00102,0.00343,1.0660615445434947,0.6091865893282263,1.0660615445434947,23.207106781186546,unique_starts
649,259,199,41,5,8,25,8,20.0,19.658536585365855,25,41,5,8.2,41,78,78,78,-0.31092436974789656,0.00102,0.00268,1.0660615445434947,0.5690552560543798,1.0660615445434947,20.353553390593273,unique_starts
650,259,205,24,14,16,23,3,10.5,10.458333333333334,19,24,14,1.7142857142857142,24,6,6,6,0.59999999999998,0.00102,0.00069,1.0660615445434947,0.4815721475373711,1.0660615445434947,10.75,unique_starts
651,259,207,25,2,4,13,2,8.0,10.28,25,25,2,12.5,25,13,13,13,0.3157894736842022,0.00102,0.002905,1.0660615445434947,0.5142383888493315,1.0660615445434947,8.5,unique_starts
652,259,217,27,3,3,27,14,20.0,20.0,25,27,3,9.0,27,1,0,0,0.999999999999963,0.00102,0.003145,1.0660615445434947,0.5280768414975939,1.0660615445434947,20.577350269189626,unique_starts
653,259,224,17,2,2,17,5,13.0,14.176470588235293,25,17,2,8.5,17,10,10,10,0.2592592592592497,0.00102,0.003435,1.0660615445434947,0.5524327933598494,1.0660615445434947,13.707106781186548,unique_starts
654,259,290,9,2,2,9,7,17.0,15.0,21,9,2,4.5,9,0,0,0,0.9999999999998889,0.00102,0.002905,1.0660615445434947,0.5506580655999675,1.0660615445434947,17.707106781186546,unique_starts
655,259,304,17,2,2,17,10,17.0,16.705882352941178,23,17,2,8.5,17,4,0,0,0.9999999999999413,0.00102,0.003015,1.0660615445434947,0.5149114583441843,1.0660615445434947,17.707106781186546,unique_starts
656,259,309,7,3,3,7,10,12.0,12.571428571428571,19,7,3,2.3333333333333335,7,31,31,31,-0.6315789473684044,0.00102,0.003055,1.0660615445434947,0.48484104579254805,1.0660615445434947,12.577350269189626,unique_starts
657,259,371,7,5,7,6,1,17.0,12.428571428571429,21,7,5,1.4,7,105,105,105,-0.8749999999999922,0.00102,0.00072,1.0660615445434947,2.0840511964640234,2.0840511964640234,17.37796447300923,unique_starts
658,259,382,30,5,7,23,1,5.5,6.2,17,30,5,6.0,30,3,0,0,0.9999999999999667,0.00102,0.00306,1.0660615445434947,0.5168753927781407,1.0660615445434947,5.877964473009227,unique_starts
659,259,383,17,2,3,10,15,19.0,19.470588235294116,25,17,2,8.5,17,0,0,0,0.9999999999999413,0.00102,0.00295,1.0660615445434947,0.47953992323646644,1.0660615445434947,19.577350269189626,unique_starts
660,259,385,10,3,3,10,1,23.0,17.4,25,10,3,3.3333333333333335,10,22,22,22,-0.3749999999999883,0.00102,0.00381,1.0660615445434947,0.544885989019332,1.0660615445434947,23.577350269189626,unique_starts
661,259,398,24,2,4,12,1,10.0,9.75,16,24,2,12.0,24,6,6,6,0.59999999999998,0.00102,0.00324,1.0660615445434947,0.4886541548049501,1.0660615445434947,10.5,unique_starts
662,259,404,91,11,18,70,3,9.0,9.505494505494505,20,91,11,8.272727272727273,91,6,6,6,0.8762886597938054,0.00102,0.00219,1.0660615445434947,0.5171261636058332,1.0660615445434947,9.235702260395517,unique_starts
663,259,410,14,4,5,13,1,3.5,3.4285714285714284,6,14,4,3.5,14,2,0,0,0.9999999999999286,0.00102,0.002505,1.0660615445434947,0.5908932537877524,1.0660615445434947,3.947213595499958,unique_starts
664,266,3,2649,33,390,380,7,16.0,16.391090977727444,25,2649,33,80.27272727272727,2649,50,50,50,0.9629492404594291,0.0038,0.003565,0.6115361362052629,0.5904218374331804,0.6115361362052629,16.050636968354183,unique_starts
665,266,46,10,2,10,3,9,11.0,11.0,13,10,2,5.0,10,0,0,0,0.9999999999999,0.0038,0.00281,0.6115361362052629,0.4994811286042713,0.6115361362052629,11.316227766016837,unique_starts
666,266,169,33,4,14,11,21,24.0,23.696969696969695,25,33,4,8.25,33,89,89,89,-0.4590163934426192,0.0038,0.003075,0.6115361362052629,0.5191317792488794,0.6115361362052629,24.267261241912426,unique_starts
667,266,199,152,5,34,28,9,19.5,18.973684210526315,25,152,5,30.4,152,363,363,363,-0.40970873786407686,0.0038,0.00268,0.6115361362052629,0.5690552560543798,0.6115361362052629,19.67149858514251,unique_starts
668,266,290,39,2,13,6,6,11.0,11.076923076923077,15,39,2,19.5,39,0,0,0,0.9999999999999744,0.0038,0.002905,0.6115361362052629,0.5506580655999675,0.6115361362052629,11.277350098112615,unique_starts
669,266,383,615,26,146,133,9,22.0,20.54959349593496,25,615,26,23.653846153846153,615,66,66,66,0.8061674008810561,0.0038,0.00295,0.6115361362052629,0.47953992323646644,0.6115361362052629,22.082760588860236,unique_starts
670,266,404,201,5,41,38,8,14.0,14.417910447761194,25,201,5,40.2,201,83,83,83,0.4154929577464774,0.0038,0.00219,0.6115361362052629,0.5171261636058332,0.6115361362052629,14.156173761888606,unique_starts
671,266,406,224,13,88,49,14,21.0,20.875,25,224,13,17.23076923076923,224,83,83,83,0.4592833876221483,0.0038,0.002805,0.6115361362052629,0.47566766402598537,0.6115361362052629,21.106600358177804,unique_starts
672,266,462,12,3,9,8,1,2.0,3.9166666666666665,25,12,3,4.0,12,238,238,238,-0.9039999999999964,0.0038,0.00335,0.6115361362052629,0.4622577751318516,0.6115361362052629,2.3333333333333335,unique_starts
673,266,474,41,3,20,7,12,16.0,15.75609756097561,20,41,3,13.666666666666666,41,27,27,27,0.20588235294117346,0.0038,0.002335,0.6115361362052629,0.47326325022320526,0.6115361362052629,16.22360679774998,unique_starts
674,266,487,217,10,80,36,1,5.0,4.972350230414746,10,217,10,21.7,217,484,484,484,-0.3808844507845929,0.0038,0.00309,0.6115361362052629,0.4986519883489159,0.6115361362052629,5.111803398874989,unique_starts
675,271,2,22,6,7,20,20,23.5,23.227272727272727,25,22,6,3.6666666666666665,22,74,74,74,-0.5416666666666611,0.002355,0.00384,0.46904630509061107,0.49557695833984555,0.49557695833984555,23.87796447300923,unique_starts
676,271,7,84,7,16,28,14,21.0,20.976190476190474,25,84,7,12.0,84,30,30,30,0.47368421052631166,0.002355,0.00345,0.46904630509061107,0.473565075387291,0.473565075387291,21.25,unique_starts
677,271,8,582,38,98,297,5,16.0,15.436426116838488,25,582,38,15.31578947368421,582,57,57,57,0.821596244131454,0.002355,0.00305,0.46904630509061107,0.5406985617322061,0.5406985617322061,16.10101525445522,unique_starts
678,271,22,51,10,16,40,17,24.0,23.137254901960784,25,51,10,5.1,51,13,13,13,0.5937499999999908,0.002355,0.00375,0.46904630509061107,0.6446610524678009,0.6446610524678009,24.25,unique_starts
679,271,42,723,47,112,416,1,10.0,9.544951590594744,20,723,47,15.382978723404255,723,11,11,11,0.9700272479564019,0.002355,0.002905,0.46904630509061107,0.49705178564663943,0.49705178564663943,10.094491118252307,unique_starts
680,271,56,582,37,107,272,1,9.0,8.235395189003436,17,582,37,15.72972972972973,582,45,45,45,0.8564593301435393,0.002355,0.003085,0.46904630509061107,0.5396960390661362,0.5396960390661362,9.096673648904567,unique_starts
681,271,63,30,5,12,10,2,8.0,7.5,11,30,5,6.0,30,29,29,29,0.016949152542372593,0.002355,0.00318,0.46904630509061107,0.5301456261038152,0.5301456261038152,8.288675134594813,unique_starts
682,271,79,187,19,43,110,12,22.0,20.871657754010695,25,187,19,9.842105263157896,187,419,419,419,-0.3828382838283822,0.002355,0.003325,0.46904630509061107,0.5566279042981374,0.5566279042981374,22.152498570332604,unique_starts
683,271,80,124,13,29,92,13,22.0,20.911290322580644,25,124,13,9.538461538461538,124,363,363,363,-0.4907597535934281,0.002355,0.003105,0.46904630509061107,0.54911977059455,0.54911977059455,22.18569533817705,unique_starts
684,271,146,382,34,72,239,1,11.0,10.19109947643979,20,382,34,11.235294117647058,382,60,60,60,0.728506787330315,0.002355,0.00289,0.46904630509061107,0.49858717633061933,0.49858717633061933,11.117851130197758,unique_starts
685,271,164,102,31,68,60,1,7.0,5.8431372549019605,10,102,31,3.2903225806451615,102,9,9,9,0.8378378378378303,0.002355,0.002755,0.46904630509061107,0.46236208579247506,0.46904630509061107,7.121267812518166,unique_starts
686,271,167,358,29,73,207,6,16.0,15.684357541899441,25,358,29,12.344827586206897,358,8,8,8,0.9562841530054618,0.002355,0.002905,0.46904630509061107,0.5523326473861818,0.5523326473861818,16.11704114719613,unique_starts
687,271,171,144,25,41,91,1,22.0,19.006944444444443,25,144,25,5.76,144,101,101,101,0.17551020408163195,0.002355,0.00343,0.46904630509061107,0.6091865893282263,0.6091865893282263,22.156173761888606,unique_starts
688,271,173,36,14,24,21,1,6.0,5.638888888888889,9,36,14,2.5714285714285716,36,5,5,5,0.7560975609755913,0.002355,0.002675,0.46904630509061107,0.5108604177721788,0.5108604177721788,6.204124145231932,unique_starts
689,271,175,5,4,4,5,24,25.0,24.8,25,5,4,1.25,5,107,107,107,-0.9107142857142776,0.002355,0.00503,0.46904630509061107,0.7573380297747923,0.7573380297747923,25.5,unique_starts
690,271,207,351,40,73,220,1,11.0,10.364672364672364,20,351,40,8.775,351,22,22,22,0.8820375335120619,0.002355,0.002905,0.46904630509061107,0.5142383888493315,0.5142383888493315,11.117041147196131,unique_starts
691,271,230,161,20,39,111,12,22.0,21.217391304347824,25,161,20,8.05,161,150,150,150,0.03536977491961403,0.002355,0.00344,0.46904630509061107,0.5276863910046072,0.5276863910046072,22.160128153805086,unique_starts
692,271,315,73,12,19,64,12,22.0,21.08219178082192,25,73,12,6.083333333333333,73,145,145,145,-0.3302752293577967,0.002355,0.00307,0.46904630509061107,0.5338410601299857,0.5338410601299857,22.22941573387056,unique_starts
693,271,410,251,56,82,191,1,7.0,6.438247011952191,10,251,56,4.482142857142857,251,12,12,12,0.9087452471482854,0.002355,0.002505,0.46904630509061107,0.5908932537877524,0.5908932537877524,7.110431526074847,unique_starts
694,271,429,152,25,33,123,1,4.0,4.0131578947368425,8,152,25,6.08,152,0,0,0,0.9999999999999934,0.002355,0.0033,0.46904630509061107,0.6319999683881292,0.6319999683881292,4.174077655955698,unique_starts
695,273,21,91,12,91,14,2,12.0,12.23076923076923,25,91,12,7.583333333333333,91,105,105,105,-0.07142857142857106,0.0032,0.001335,0.505500130278,0.7000075364621832,0.7000075364621832,12.104828483672192,unique_starts
696,273,22,941,25,178,176,1,15.0,13.996811902231668,25,941,25,37.64,941,356,356,356,0.4510408635312256,0.0032,0.00375,0.505500130278,0.6446610524678009,0.6446610524678009,15.074953168899587,unique_starts
697,273,79,1799,36,276,261,1,10.0,10.41467481934408,23,1799,36,49.97222222222222,1799,30,30,30,0.967195188627665,0.0032,0.003325,0.505500130278,0.5566279042981374,0.5566279042981374,10.060192926542884,unique_starts
698,273,80,302,9,50,53,1,9.0,9.447019867549669,20,302,9,33.55555555555556,302,0,0,0,0.9999999999999966,0.0032,0.003105,0.505500130278,0.54911977059455,0.54911977059455,9.14142135623731,unique_starts
699,273,139,721,42,197,270,1,5.0,5.305131761442441,16,721,42,17.166666666666668,721,475,475,475,0.20568561872909683,0.0032,0.00315,0.505500130278,0.5763001546805818,0.5763001546805818,5.071247049987909,unique_starts
700,273,164,100,16,58,32,15,23.0,22.5,25,100,16,6.25,100,0,0,0,0.99999999999999,0.0032,0.002755,0.505500130278,0.46236208579247506,0.505500130278,23.131306432859724,unique_starts
701,273,169,334,15,78,78,8,15.0,15.380239520958083,25,334,15,22.266666666666666,334,999,999,999,-0.4988747186796696,0.0032,0.003075,0.505500130278,0.5191317792488794,0.5191317792488794,15.11322770341446,unique_starts
702,273,171,445,12,76,77,10,20.0,19.602247191011237,25,445,12,37.083333333333336,445,1,0,0,0.9999999999999977,0.0032,0.00343,0.505500130278,0.6091865893282263,0.6091865893282263,20.11470786693528,unique_starts
703,273,172,12,2,7,3,20,23.0,22.916666666666668,25,12,2,6.0,12,0,0,0,0.9999999999999166,0.0032,0.00297,0.505500130278,0.4684363793861522,0.505500130278,23.37796447300923,unique_starts
704,273,179,65,11,65,12,1,7.0,10.215384615384615,25,65,11,5.909090909090909,65,112,112,112,-0.2655367231638403,0.0032,0.00165,0.505500130278,0.5689519284458886,0.5689519284458886,7.124034734589208,unique_starts
705,273,199,132,8,27,44,13,21.0,20.522727272727273,25,132,8,16.5,132,45,45,45,0.4915254237288108,0.0032,0.00268,0.505500130278,0.5690552560543798,0.5690552560543798,21.192450089729874,unique_starts
706,273,230,405,24,114,125,1,13.0,13.096296296296297,24,405,24,16.875,405,82,82,82,0.6632443531827501,0.0032,0.00344,0.505500130278,0.5276863910046072,0.5276863910046072,13.09365858115817,unique_starts
707,273,251,243,11,55,54,9,16.0,16.79423868312757,25,243,11,22.09090909090909,243,511,511,511,-0.35543766578249286,0.0032,0.002675,0.505500130278,0.4733873703025864,0.505500130278,16.13483997249265,unique_starts
708,273,259,13,2,10,3,12,17.0,17.76923076923077,25,13,2,6.5,13,0,0,0,0.9999999999999231,0.0032,0.00102,0.505500130278,1.0660615445434947,1.0660615445434947,17.316227766016837,unique_starts
709,273,271,177,21,119,35,15,22.0,21.497175141242938,25,177,21,8.428571428571429,177,0,0,0,0.9999999999999943,0.0032,0.002355,0.505500130278,0.46904630509061107,0.505500130278,22.09166984970282,unique_starts
710,273,315,52,3,8,17,9,14.0,14.346153846153847,20,52,3,17.333333333333332,52,0,0,0,0.9999999999999807,0.0032,0.00307,0.505500130278,0.5338410601299857,0.5338410601299857,14.353553390593273,unique_starts
711,273,383,55,6,21,16,9,15.0,15.672727272727272,25,55,6,9.166666666666666,55,1133,1133,1133,-0.9074074074074067,0.0032,0.00295,0.505500130278,0.47953992323646644,0.505500130278,15.218217890235993,unique_starts
712,273,410,94,8,45,24,16,23.0,22.46808510638298,25,94,8,11.75,94,10,10,10,0.8076923076922999,0.0032,0.002505,0.505500130278,0.5908932537877524,0.5908932537877524,23.149071198499986,unique_starts
713,273,463,185,21,119,40,7,11.0,13.264864864864865,25,185,21,8.80952380952381,185,0,0,0,0.9999999999999947,0.0032,0.00216,0.505500130278,0.5081641748793143,0.5081641748793143,11.091669849702821,unique_starts
714,281,6,837,19,193,111,9,17.0,17.158900836320193,25,837,19,44.05263157894737,837,1249,1249,1249,-0.1975071907957813,0.003665,0.003095,0.5084243360159619,0.5183369733262979,0.5183369733262979,17.07198157507487,unique_starts
715,281,10,1258,23,169,243,5,16.0,15.651033386327503,25,1258,23,54.69565217391305,1258,437,437,437,0.4843657817109142,0.003665,0.003525,0.5084243360159619,0.49946110985903625,0.5084243360159619,16.076923076923077,unique_starts
716,281,21,124,18,124,19,1,5.0,7.104838709677419,25,124,18,6.888888888888889,124,110,110,110,0.059829059829059575,0.003665,0.001335,0.5084243360159619,0.7000075364621832,0.7000075364621832,5.089802651013388,unique_starts
717,281,80,328,17,101,62,5,18.0,17.34451219512195,25,328,17,19.294117647058822,328,20,20,20,0.8850574712643652,0.003665,0.003105,0.5084243360159619,0.54911977059455,0.54911977059455,18.099503719020998,unique_starts
718,281,117,1379,29,244,210,1,8.0,8.490210297316896,22,1379,29,47.55172413793103,1379,304,304,304,0.6387403446226972,0.003665,0.002995,0.5084243360159619,0.4921561459247037,0.5084243360159619,8.064018439966448,unique_starts
719,281,121,337,22,196,50,6,11.0,12.258160237388724,25,337,22,15.318181818181818,337,0,0,0,0.999999999999997,0.003665,0.00212,0.5084243360159619,0.4790562634901327,0.5084243360159619,11.071428571428571,unique_starts
720,281,139,366,14,84,61,10,17.0,17.546448087431695,25,366,14,26.142857142857142,366,9,9,9,0.9519999999999974,0.003665,0.00315,0.5084243360159619,0.5763001546805818,0.5763001546805818,17.109108945117995,unique_starts
721,281,163,13,3,13,3,17,22.0,21.53846153846154,25,13,3,4.333333333333333,13,0,0,0,0.9999999999999231,0.003665,0.000755,0.5084243360159619,0.8074492857931624,0.8074492857931624,22.277350098112613,unique_starts
722,281,175,920,21,183,160,8,15.0,15.534782608695652,25,920,21,43.80952380952381,920,1417,1417,1417,-0.21266581086863492,0.003665,0.00503,0.5084243360159619,0.7573380297747923,0.7573380297747923,15.073922127095457,unique_starts
723,281,179,115,11,115,13,2,7.0,10.191304347826087,25,115,11,10.454545454545455,115,177,177,177,-0.21232876712328694,0.003665,0.00165,0.5084243360159619,0.5689519284458886,0.5689519284458886,7.0932504808240315,unique_starts
724,281,199,138,10,44,32,4,10.0,10.847826086956522,20,138,10,13.8,138,72,72,72,0.3142857142857128,0.003665,0.00268,0.5084243360159619,0.5690552560543798,0.5690552560543798,10.150755672288883,unique_starts
725,281,243,17,3,17,3,9,13.0,14.117647058823529,21,17,3,5.666666666666667,17,0,0,0,0.9999999999999413,0.003665,0.002845,0.5084243360159619,0.47798288494927843,0.5084243360159619,13.242535625036332,unique_starts
726,281,259,13,3,13,3,18,22.0,21.846153846153847,25,13,3,4.333333333333333,13,3,0,0,0.9999999999999231,0.003665,0.00102,0.5084243360159619,1.0660615445434947,1.0660615445434947,22.277350098112613,unique_starts
727,281,309,312,18,113,91,19,23.0,23.064102564102566,25,312,18,17.333333333333332,312,238,238,238,0.1345454545454543,0.003665,0.003055,0.5084243360159619,0.48484104579254805,0.5084243360159619,23.09407208683836,unique_starts
728,281,371,7,2,7,2,18,22.0,21.571428571428573,25,7,2,3.5,7,0,0,0,0.9999999999998571,0.003665,0.00072,0.5084243360159619,2.0840511964640234,2.0840511964640234,22.37796447300923,unique_starts
729,281,462,56,3,19,13,14,23.0,21.892857142857142,25,56,3,18.666666666666668,56,0,0,0,0.9999999999999821,0.003665,0.00335,0.5084243360159619,0.4622577751318516,0.5084243360159619,23.22941573387056,unique_starts
730,290,7,771,13,114,130,1,9.0,9.884565499351492,24,771,13,59.30769230769231,771,60,60,60,0.855595667870035,0.002905,0.00345,0.5506580655999675,0.473565075387291,0.5506580655999675,9.09365858115817,unique_starts
731,290,8,17,2,5,6,1,4.0,3.823529411764706,7,17,2,8.5,17,6,0,0,0.9999999999999413,0.002905,0.00305,0.5506580655999675,0.5406985617322061,0.5506580655999675,4.447213595499958,unique_starts
732,290,21,41,7,41,7,9,18.0,17.0,24,41,7,5.857142857142857,41,0,0,0,0.9999999999999756,0.002905,0.001335,0.5506580655999675,0.7000075364621832,0.7000075364621832,18.156173761888606,unique_starts
733,290,163,5,2,5,2,4,22.0,18.8,24,5,2,2.5,5,13,13,13,-0.4444444444444198,0.002905,0.000755,0.5506580655999675,0.8074492857931624,0.8074492857931624,22.447213595499957,unique_starts
734,290,169,11,3,7,6,23,25.0,24.454545454545453,25,11,3,3.6666666666666665,11,0,0,0,0.9999999999999091,0.002905,0.003075,0.5506580655999675,0.5191317792488794,0.5506580655999675,25.37796447300923,unique_starts
735,290,175,50,2,14,8,4,11.0,13.12,25,50,2,25.0,50,0,0,0,0.99999999999998,0.002905,0.00503,0.5506580655999675,0.7573380297747923,0.7573380297747923,11.267261241912424,unique_starts
736,290,179,28,5,28,5,9,18.0,17.821428571428573,25,28,5,5.6,28,0,0,0,0.9999999999999644,0.002905,0.00165,0.5506580655999675,0.5689519284458886,0.5689519284458886,18.188982236504614,unique_starts
737,290,199,45,2,6,15,5,10.0,10.333333333333334,16,45,2,22.5,45,19,19,19,0.40624999999999367,0.002905,0.00268,0.5506580655999675,0.5690552560543798,0.5690552560543798,10.408248290463863,unique_starts
738,290,273,190,7,58,24,4,14.0,13.9,25,190,7,27.142857142857142,190,0,0,0,0.9999999999999948,0.002905,0.0032,0.5506580655999675,0.505500130278,0.5506580655999675,14.131306432859722,unique_starts
739,290,383,331,7,63,49,1,12.0,12.386706948640484,25,331,7,47.285714285714285,331,0,0,0,0.9999999999999969,0.002905,0.00295,0.5506580655999675,0.47953992323646644,0.5506580655999675,12.125988157669742,unique_starts
740,290,463,98,9,59,15,14,22.0,21.040816326530614,25,98,9,10.88888888888889,98,0,0,0,0.9999999999999899,0.002905,0.00216,0.5506580655999675,0.5081641748793143,0.5506580655999675,22.130188910980824,unique_starts
741,290,474,316,14,95,51,1,6.0,6.832278481012659,18,316,14,22.571428571428573,316,0,0,0,0.9999999999999968,0.002905,0.002335,0.5506580655999675,0.47326325022320526,0.5506580655999675,6.102597835208515,unique_starts
742,304,115,49,4,22,11,18,23.0,22.73469387755102,25,49,4,12.25,49,9,0,0,0.9999999999999796,0.003015,0.002855,0.5149114583441843,0.4573735327292514,0.5149114583441843,23.21320071635561,unique_starts
743,304,120,1047,34,138,408,1,5.0,5.529130850047755,12,1047,34,30.794117647058822,1047,335,335,335,0.5151953690303904,0.003015,0.00351,0.5149114583441843,0.6286366289947183,0.6286366289947183,5.085125653075875,unique_starts
744,304,217,67,6,25,16,18,23.0,22.671641791044777,25,67,6,11.166666666666666,67,0,0,0,0.9999999999999851,0.003015,0.003145,0.5149114583441843,0.5280768414975939,0.5280768414975939,23.2,unique_starts
745,304,224,1849,26,257,249,1,8.0,8.141157382368847,23,1849,26,71.11538461538461,1849,954,954,954,0.3193007491972885,0.003015,0.003435,0.5149114583441843,0.5524327933598494,0.5524327933598494,8.06237828615518,unique_starts
746,304,243,16,3,10,7,21,24.0,24.0,25,16,3,5.333333333333333,16,0,0,0,0.9999999999999376,0.003015,0.002845,0.5149114583441843,0.47798288494927843,0.5149114583441843,24.316227766016837,unique_starts
747,304,309,41,6,25,11,19,24.0,23.21951219512195,25,41,6,6.833333333333333,41,138,138,138,-0.5418994413407792,0.003015,0.003055,0.5149114583441843,0.48484104579254805,0.5149114583441843,24.2,unique_starts
748,304,385,209,14,72,63,15,24.0,22.95693779904306,25,209,14,14.928571428571429,209,265,265,265,-0.11814345991561157,0.003015,0.00381,0.5149114583441843,0.544885989019332,0.544885989019332,24.117851130197757,unique_starts
749,304,404,51,6,31,11,15,21.0,20.607843137254903,25,51,6,8.5,51,0,0,0,0.9999999999999803,0.003015,0.00219,0.5149114583441843,0.5171261636058332,0.5171261636058332,21.179605302026776,unique_starts
750,304,474,640,20,167,111,14,22.0,21.625,25,640,20,32.0,640,0,0,0,0.9999999999999984,0.003015,0.002335,0.5149114583441843,0.47326325022320526,0.5149114583441843,22.077382323253413,unique_starts
751,309,6,1260,28,141,335,1,8.0,7.919047619047619,19,1260,28,45.0,1260,1035,1035,1035,0.09803921568627447,0.003055,0.003095,0.48484104579254805,0.5183369733262979,0.5183369733262979,8.084215192106653,unique_starts
752,309,21,33,7,33,7,11,14.0,14.393939393939394,21,33,7,4.714285714285714,33,41,41,41,-0.10810810810810666,0.003055,0.001335,0.48484104579254805,0.7000075364621832,0.7000075364621832,14.174077655955697,unique_starts
753,309,120,26,2,8,9,20,24.0,23.5,25,26,2,13.0,26,0,0,0,0.9999999999999616,0.003055,0.00351,0.48484104579254805,0.6286366289947183,0.6286366289947183,24.353553390593273,unique_starts
754,309,121,150,16,85,37,16,20.0,19.973333333333333,25,150,16,9.375,150,2,0,0,0.9999999999999933,0.003055,0.00212,0.48484104579254805,0.4790562634901327,0.48484104579254805,20.108465228909328,unique_starts
755,309,147,1146,19,161,215,1,10.0,10.767888307155323,25,1146,19,60.31578947368421,1146,850,850,850,0.14829659318637267,0.003055,0.00412,0.48484104579254805,0.4966726365256857,0.4966726365256857,10.07881104062391,unique_starts
756,309,163,19,4,19,4,1,10.0,10.842105263157896,20,19,4,4.75,19,10,10,10,0.3103448275861962,0.003055,0.000755,0.48484104579254805,0.8074492857931624,0.8074492857931624,10.229415733870562,unique_starts
757,309,179,61,16,61,17,11,14.0,14.049180327868852,19,61,16,3.8125,61,53,53,53,0.07017543859649061,0.003055,0.00165,0.48484104579254805,0.5689519284458886,0.5689519284458886,14.128036879932896,unique_starts
758,309,217,137,5,19,31,1,8.0,8.058394160583942,17,137,5,27.4,137,12,12,12,0.8389261744966386,0.003055,0.003145,0.48484104579254805,0.5280768414975939,0.5280768414975939,8.229415733870562,unique_starts
759,309,224,607,6,53,78,2,15.0,15.023064250411862,25,607,6,101.16666666666667,607,99,99,99,0.7195467422096307,0.003055,0.003435,0.48484104579254805,0.5524327933598494,0.5524327933598494,15.13736056394869,unique_starts
760,309,259,31,4,20,7,4,11.0,12.451612903225806,25,31,4,7.75,31,7,7,7,0.6315789473684044,0.003055,0.00102,0.48484104579254805,1.0660615445434947,1.0660615445434947,11.223606797749978,unique_starts
761,309,281,238,19,68,88,18,23.0,22.571428571428573,25,238,19,12.526315789473685,238,312,312,312,-0.1345454545454543,0.003055,0.003665,0.48484104579254805,0.5084243360159619,0.5084243360159619,23.121267812518166,unique_starts
762,309,304,138,7,52,23,14,22.0,21.27536231884058,25,138,7,19.714285714285715,138,41,41,41,0.5418994413407792,0.003055,0.003015,0.48484104579254805,0.5149114583441843,0.5149114583441843,22.138675049056307,unique_starts
763,309,371,15,4,15,4,6,11.0,11.466666666666667,18,15,4,3.75,15,1,0,0,0.9999999999999333,0.003055,0.00072,0.48484104579254805,2.0840511964640234,2.0840511964640234,11.258198889747161,unique_starts
764,309,474,15,2,4,12,3,5.0,5.0,8,15,2,7.5,15,30,30,30,-0.33333333333332593,0.003055,0.002335,0.48484104579254805,0.47326325022320526,0.48484104579254805,5.5,unique_starts
765,315,21,9,2,9,2,15,19.0,18.88888888888889,23,9,2,4.5,9,62,62,62,-0.7464788732394262,0.00307,0.001335,0.5338410601299857,0.7000075364621832,0.7000075364621832,19.333333333333332,unique_starts
766,315,22,9,3,3,9,7,10.0,10.0,14,9,3,3.0,9,0,0,0,0.9999999999998889,0.00307,0.00375,0.5338410601299857,0.6446610524678009,0.6446610524678009,10.577350269189626,unique_starts
767,315,146,825,17,224,173,16,23.0,22.19272727272727,25,825,17,48.529411764705884,825,1090,1090,1090,-0.13838120104438636,0.00307,0.00289,0.5338410601299857,0.49858717633061933,0.5338410601299857,23.066815310478106,unique_starts
768,315,163,10,2,10,2,10,14.0,13.9,17,10,2,5.0,10,10,0,0,0.9999999999999,0.00307,0.000755,0.5338410601299857,0.8074492857931624,0.8074492857931624,14.316227766016837,unique_starts
769,315,164,432,12,140,70,7,18.0,17.52314814814815,25,432,12,36.0,432,115,115,115,0.5795246800731251,0.00307,0.002755,0.5338410601299857,0.46236208579247506,0.5338410601299857,18.08451542547285,unique_starts
770,315,173,51,5,32,8,7,13.0,13.96078431372549,25,51,5,10.2,51,9,0,0,0.9999999999999803,0.00307,0.002675,0.5338410601299857,0.5108604177721788,0.5338410601299857,13.176776695296637,unique_starts
771,315,179,14,8,14,8,13,17.0,17.5,23,14,8,1.75,14,34,34,34,-0.41666666666665797,0.00307,0.00165,0.5338410601299857,0.5689519284458886,0.5689519284458886,17.267261241912426,unique_starts
772,315,230,74,6,17,21,1,5.0,5.0,11,74,6,12.333333333333334,74,1,0,0,0.9999999999999866,0.00307,0.00344,0.5338410601299857,0.5276863910046072,0.5338410601299857,5.242535625036333,unique_starts
773,315,271,145,15,123,24,6,14.0,14.434482758620689,23,145,15,9.666666666666666,145,73,73,73,0.3302752293577967,0.00307,0.002355,0.5338410601299857,0.46904630509061107,0.5338410601299857,14.090166963466743,unique_starts
774,315,371,22,5,17,6,8,13.0,14.045454545454545,23,22,5,4.4,22,27,27,27,-0.10204081632652852,0.00307,0.00072,0.5338410601299857,2.0840511964640234,2.0840511964640234,13.242535625036332,unique_starts
775,315,410,290,13,125,43,8,20.0,19.09655172413793,25,290,13,22.307692307692307,290,101,101,101,0.4833759590792826,0.00307,0.002505,0.5338410601299857,0.5908932537877524,0.5908932537877524,20.089442719099992,unique_starts
776,315,463,39,10,23,20,19,22.0,22.41025641025641,25,39,10,3.9,39,0,0,0,0.9999999999999744,0.00307,0.00216,0.5338410601299857,0.5081641748793143,0.5338410601299857,22.208514414057074,unique_starts
777,329,8,87,3,21,19,18,23.0,22.75862068965517,25,87,3,29.0,87,0,0,0,0.9999999999999886,0.00267,0.00305,0.48285513264051666,0.5406985617322061,0.5406985617322061,23.21821789023599,unique_starts
778,329,163,4,2,3,3,3,3.5,3.5,4,4,2,2.0,4,0,0,0,0.99999999999975,0.00267,0.000755,0.48285513264051666,0.8074492857931624,0.8074492857931624,4.077350269189626,unique_starts
779,329,167,157,8,53,31,10,23.0,21.726114649681527,25,157,8,19.625,157,0,0,0,0.9999999999999937,0.00267,0.002905,0.48285513264051666,0.5523326473861818,0.5523326473861818,23.13736056394869,unique_starts
780,329,205,9,2,9,2,14,20.0,19.77777777777778,24,9,2,4.5,9,0,0,0,0.9999999999998889,0.00267,0.00069,0.48285513264051666,0.4815721475373711,0.48285513264051666,20.333333333333332,unique_starts
781,329,207,224,3,35,19,1,15.0,14.816964285714286,25,224,3,74.66666666666667,224,0,0,0,0.9999999999999956,0.00267,0.002905,0.48285513264051666,0.5142383888493315,0.5142383888493315,15.169030850945703,unique_starts
782,329,259,12,4,9,6,5,8.5,12.666666666666666,25,12,4,3.0,12,0,0,0,0.9999999999999166,0.00267,0.00102,0.48285513264051666,1.0660615445434947,1.0660615445434947,8.833333333333334,unique_starts
783,329,271,24,3,15,4,7,12.5,12.625,18,24,3,8.0,24,0,0,0,0.9999999999999584,0.00267,0.002355,0.48285513264051666,0.46904630509061107,0.48285513264051666,12.758198889747161,unique_starts
784,329,290,156,4,30,27,14,22.0,21.487179487179485,25,156,4,39.0,156,0,0,0,0.9999999999999937,0.00267,0.002905,0.48285513264051666,0.5506580655999675,0.5506580655999675,22.182574185835055,unique_starts
785,371,56,11,2,2,11,7,10.0,10.363636363636363,15,11,2,5.5,11,36,36,36,-0.5319148936170099,0.00072,0.003085,2.0840511964640234,0.5396960390661362,2.0840511964640234,10.707106781186548,unique_starts
786,371,120,19,3,3,19,9,16.0,16.526315789473685,25,19,3,6.333333333333333,19,9,0,0,0.9999999999999475,0.00072,0.00351,2.0840511964640234,0.6286366289947183,2.0840511964640234,16.577350269189626,unique_starts
787,371,146,15,3,3,15,1,6.0,6.4,12,15,3,5.0,15,7,7,7,0.36363636363634716,0.00072,0.00289,2.0840511964640234,0.49858717633061933,2.0840511964640234,6.577350269189626,unique_starts
788,371,163,28,17,22,24,1,1.0,2.4285714285714284,11,28,17,1.6470588235294117,28,5,5,5,0.6969696969696758,0.00072,0.000755,2.0840511964640234,0.8074492857931624,2.0840511964640234,1.2132007163556104,unique_starts
789,371,205,5,3,5,4,9,18.0,17.4,24,5,3,1.6666666666666667,5,1,0,0,0.9999999999997999,0.00072,0.00069,2.0840511964640234,0.4815721475373711,2.0840511964640234,18.447213595499957,unique_starts
790,371,259,105,49,76,82,1,5.0,5.438095238095238,23,105,49,2.142857142857143,105,7,7,7,0.8749999999999922,0.00072,0.00102,2.0840511964640234,1.0660615445434947,2.0840511964640234,5.114707866935281,unique_starts
791,371,304,18,3,3,18,10,18.0,17.27777777777778,24,18,3,6.0,18,4,0,0,0.9999999999999445,0.00072,0.003015,2.0840511964640234,0.5149114583441843,2.0840511964640234,18.577350269189626,unique_starts
792,371,315,27,2,3,27,10,18.0,17.814814814814813,23,27,2,13.5,27,22,22,22,0.10204081632652852,0.00072,0.00307,2.0840511964640234,0.5338410601299857,2.0840511964640234,18.577350269189626,unique_starts
793,371,382,9,2,2,9,7,10.0,9.88888888888889,13,9,2,4.5,9,0,0,0,0.9999999999998889,0.00072,0.00306,2.0840511964640234,0.5168753927781407,2.0840511964640234,10.707106781186548,unique_starts
794,371,385,9,2,2,9,1,3.0,3.6666666666666665,7,9,2,4.5,9,19,19,19,-0.3571428571428444,0.00072,0.00381,2.0840511964640234,0.544885989019332,2.0840511964640234,3.7071067811865475,unique_starts
795,371,404,17,3,3,17,11,15.0,14.529411764705882,18,17,3,5.666666666666667,17,7,7,7,0.4166666666666493,0.00072,0.00219,2.0840511964640234,0.5171261636058332,2.0840511964640234,15.577350269189626,unique_starts
796,382,10,2885,23,407,354,1,15.0,14.822876949740035,25,2885,23,125.43478260869566,2885,86,86,86,0.9421070346684615,0.00306,0.003525,0.5168753927781407,0.49946110985903625,0.5168753927781407,15.049568159709661,unique_starts
797,382,21,46,9,46,10,18,23.0,22.869565217391305,25,46,9,5.111111111111111,46,0,0,0,0.9999999999999782,0.00306,0.001335,0.5168753927781407,0.7000075364621832,0.7000075364621832,23.147441956154896,unique_starts
798,382,42,40,4,18,8,1,6.0,6.4,15,40,4,10.0,40,2,0,0,0.9999999999999749,0.00306,0.002905,0.5168753927781407,0.49705178564663943,0.5168753927781407,6.235702260395516,unique_starts
799,382,80,48,2,12,8,12,17.0,17.125,22,48,2,24.0,48,95,95,95,-0.32867132867132637,0.00306,0.003105,0.5168753927781407,0.54911977059455,0.54911977059455,17.28867513459481,unique_starts
800,382,117,721,15,153,140,5,14.0,14.539528432732316,25,721,15,48.06666666666667,721,54,54,54,0.8606451612903214,0.00306,0.002995,0.5168753927781407,0.4921561459247037,0.5168753927781407,14.080845208345444,unique_starts
801,382,121,6,3,5,4,23,24.5,24.333333333333332,25,6,3,2.0,6,0,0,0,0.9999999999998334,0.00306,0.00212,0.5168753927781407,0.4790562634901327,0.5168753927781407,24.947213595499957,unique_starts
802,382,175,36,4,8,23,17,23.0,22.444444444444443,25,36,4,9.0,36,0,0,0,0.9999999999999721,0.00306,0.00503,0.5168753927781407,0.7573380297747923,0.7573380297747923,23.353553390593273,unique_starts
803,382,179,10,3,10,3,21,23.5,23.4,25,10,3,3.3333333333333335,10,0,0,0,0.9999999999999,0.00306,0.00165,0.5168753927781407,0.5689519284458886,0.5689519284458886,23.816227766016837,unique_starts
804,382,205,10,2,7,3,11,13.5,16.9,25,10,2,5.0,10,14,14,14,-0.16666666666665975,0.00306,0.00069,0.5168753927781407,0.4815721475373711,0.5168753927781407,13.877964473009227,unique_starts
805,382,281,726,19,168,103,9,21.0,20.961432506887054,25,726,19,38.21052631578947,726,0,0,0,0.9999999999999986,0.00306,0.003665,0.5168753927781407,0.5084243360159619,0.5168753927781407,21.077151674981046,unique_starts
806,382,404,118,5,40,14,1,7.5,7.533898305084746,13,118,5,23.6,118,0,0,0,0.9999999999999916,0.00306,0.00219,0.5168753927781407,0.5171261636058332,0.5171261636058332,7.6581138830084186,unique_starts
807,382,462,104,5,29,32,18,23.0,22.78846153846154,25,104,5,20.8,104,8,0,0,0.9999999999999905,0.00306,0.00335,0.5168753927781407,0.4622577751318516,0.5168753927781407,23.18569533817705,unique_starts
808,383,21,116,18,116,21,1,8.0,7.982758620689655,19,116,18,6.444444444444445,116,43,43,43,0.45911949685534303,0.00295,0.001335,0.47953992323646644,0.7000075364621832,0.7000075364621832,8.092847669088526,unique_starts
809,383,22,50,4,19,13,15,22.0,21.42,25,50,4,12.5,50,212,212,212,-0.6183206106870205,0.00295,0.00375,0.47953992323646644,0.6446610524678009,0.6446610524678009,22.22941573387056,unique_starts
810,383,58,40,5,19,12,10,15.0,15.025,22,40,5,8.0,40,0,0,0,0.9999999999999749,0.00295,0.0027,0.47953992323646644,0.45943690378043944,0.47953992323646644,15.229415733870562,unique_starts
811,383,79,75,9,30,23,19,24.0,23.32,25,75,9,8.333333333333334,75,0,0,0,0.9999999999999868,0.00295,0.003325,0.47953992323646644,0.5566279042981374,0.5566279042981374,24.182574185835055,unique_starts
812,383,80,36,4,12,14,18,22.0,22.305555555555557,25,36,4,9.0,36,0,0,0,0.9999999999999721,0.00295,0.003105,0.47953992323646644,0.54911977059455,0.54911977059455,22.28867513459481,unique_starts
813,383,115,70,10,35,26,20,24.0,23.742857142857144,25,70,10,7.0,70,0,0,0,0.9999999999999858,0.00295,0.002855,0.47953992323646644,0.4573735327292514,0.47953992323646644,24.169030850945703,unique_starts
814,383,121,342,29,205,59,7,14.0,13.853801169590643,25,342,29,11.793103448275861,342,0,0,0,0.999999999999997,0.00295,0.00212,0.47953992323646644,0.4790562634901327,0.47953992323646644,14.069843029576958,unique_starts
815,383,139,602,17,112,107,12,21.0,20.473421926910298,25,602,17,35.411764705882355,602,8,0,0,0.9999999999999983,0.00295,0.00315,0.47953992323646644,0.5763001546805818,0.5763001546805818,21.094491118252307,unique_starts
816,383,147,46,2,12,12,18,23.0,22.956521739130434,25,46,2,23.0,46,0,0,0,0.9999999999999782,0.00295,0.00412,0.47953992323646644,0.4966726365256857,0.4966726365256857,23.28867513459481,unique_starts
817,383,169,871,35,286,169,1,5.0,5.493685419058553,25,871,35,24.885714285714286,871,198,198,198,0.6295603367633297,0.00295,0.003075,0.47953992323646644,0.5191317792488794,0.5191317792488794,5.0591312395989085,unique_starts
818,383,175,58,3,13,12,12,17.0,16.603448275862068,22,58,3,19.333333333333332,58,7,0,0,0.9999999999999827,0.00295,0.00503,0.47953992323646644,0.7573380297747923,0.7573380297747923,17.277350098112613,unique_starts
819,383,179,128,17,128,18,2,7.0,7.671875,17,128,17,7.529411764705882,128,23,23,23,0.6953642384105915,0.00295,0.00165,0.47953992323646644,0.5689519284458886,0.5689519284458886,7.088388347648318,unique_starts
820,383,199,91,5,23,26,2,10.0,11.021978021978022,25,91,5,18.2,91,884,884,884,-0.8133333333333325,0.00295,0.00268,0.47953992323646644,0.5690552560543798,0.5690552560543798,10.208514414057074,unique_starts
821,383,217,229,7,46,38,9,21.0,20.50655021834061,25,229,7,32.714285714285715,229,28,28,28,0.782101167315172,0.00295,0.003145,0.47953992323646644,0.5280768414975939,0.5280768414975939,21.147441956154896,unique_starts
822,383,230,49,10,34,19,21,24.0,23.93877551020408,25,49,10,4.9,49,1,0,0,0.9999999999999796,0.00295,0.00344,0.47953992323646644,0.5276863910046072,0.5276863910046072,24.17149858514251,unique_starts
823,383,243,1354,28,265,175,9,18.0,18.194977843426884,25,1354,28,48.357142857142854,1354,7,7,7,0.9897134459955909,0.00295,0.002845,0.47953992323646644,0.47798288494927843,0.47953992323646644,18.061429511683396,unique_starts
824,383,266,66,3,13,28,17,23.0,22.484848484848484,25,66,3,22.0,66,615,615,615,-0.8061674008810561,0.00295,0.0038,0.47953992323646644,0.6115361362052629,0.6115361362052629,23.277350098112613,unique_starts
825,383,273,1133,28,205,191,1,18.0,17.40864960282436,25,1133,28,40.464285714285715,1133,55,55,55,0.9074074074074067,0.00295,0.0032,0.47953992323646644,0.505500130278,0.505500130278,18.06984302957696,unique_starts
826,383,281,33,2,11,6,1,4.0,4.2727272727272725,8,33,2,16.5,33,0,0,0,0.9999999999999697,0.00295,0.003665,0.47953992323646644,0.5084243360159619,0.5084243360159619,4.301511344577763,unique_starts
827,383,385,166,10,58,44,18,23.5,23.14457831325301,25,166,10,16.6,166,0,0,0,0.999999999999994,0.00295,0.00381,0.47953992323646644,0.544885989019332,0.544885989019332,23.631306432859724,unique_starts
828,383,462,56,2,5,26,12,20.0,19.767857142857142,25,56,2,28.0,56,0,0,0,0.9999999999999821,0.00295,0.00335,0.47953992323646644,0.4622577751318516,0.47953992323646644,20.447213595499957,unique_starts
829,383,463,22,4,15,6,11,13.0,13.409090909090908,16,22,4,5.5,22,188,188,188,-0.7904761904761868,0.00295,0.00216,0.47953992323646644,0.5081641748793143,0.5081641748793143,13.258198889747161,unique_starts
830,385,58,21,3,8,13,1,11.0,12.714285714285714,24,21,3,7.0,21,1,0,0,0.9999999999999525,0.00381,0.0027,0.544885989019332,0.45943690378043944,0.544885989019332,11.353553390593273,unique_starts
831,385,120,208,13,59,58,15,23.0,22.64903846153846,25,208,13,16.0,208,25,0,0,0.9999999999999952,0.00381,0.00351,0.544885989019332,0.6286366289947183,0.6286366289947183,23.130188910980824,unique_starts
832,385,121,71,8,48,12,17,21.0,21.140845070422536,25,71,8,8.875,71,0,0,0,0.999999999999986,0.00381,0.00212,0.544885989019332,0.4790562634901327,0.544885989019332,21.144337567297406,unique_starts
833,385,147,361,7,54,54,1,15.0,15.055401662049862,25,361,7,51.57142857142857,361,345,345,345,0.022662889518413564,0.00381,0.00412,0.544885989019332,0.4966726365256857,0.544885989019332,15.136082763487954,unique_starts
834,385,163,11,2,9,4,1,20.0,16.181818181818183,25,11,2,5.5,11,4,0,0,0.9999999999999091,0.00381,0.000755,0.544885989019332,0.8074492857931624,0.8074492857931624,20.333333333333332,unique_starts
835,385,169,77,6,34,18,17,23.0,22.350649350649352,25,77,6,12.833333333333334,77,209,209,209,-0.4615384615384599,0.00381,0.003075,0.544885989019332,0.5191317792488794,0.544885989019332,23.17149858514251,unique_starts
836,385,179,37,5,37,6,9,16.0,16.7027027027027,25,37,5,7.4,37,12,12,12,0.5102040816326426,0.00381,0.00165,0.544885989019332,0.5689519284458886,0.5689519284458886,16.164398987305358,unique_starts
837,385,217,1296,22,151,182,1,10.0,10.438271604938272,25,1296,22,58.90909090909091,1296,39,39,39,0.9415730337078645,0.00381,0.003145,0.544885989019332,0.5280768414975939,0.544885989019332,10.081378845877117,unique_starts
838,385,224,1173,16,122,161,1,17.0,16.41005967604433,25,1173,16,73.3125,1173,571,571,571,0.34518348623853196,0.00381,0.003435,0.544885989019332,0.5524327933598494,0.5524327933598494,17.09053574604252,unique_starts
839,385,243,83,4,24,21,1,9.0,8.975903614457831,20,83,4,20.75,83,1253,1253,1253,-0.8757485029940114,0.00381,0.002845,0.544885989019332,0.47798288494927843,0.544885989019332,9.204124145231932,unique_starts
840,385,251,148,10,50,41,19,23.0,22.91216216216216,25,148,10,14.8,148,49,49,49,0.5025380710659874,0.00381,0.002675,0.544885989019332,0.4733873703025864,0.544885989019332,23.14142135623731,unique_starts
841,385,259,22,5,18,6,2,19.0,15.545454545454545,25,22,5,4.4,22,10,10,10,0.3749999999999883,0.00381,0.00102,0.544885989019332,1.0660615445434947,1.0660615445434947,19.235702260395517,unique_starts
842,385,304,265,18,105,57,8,22.0,20.826415094339623,25,265,18,14.722222222222221,265,209,209,209,0.11814345991561157,0.00381,0.003015,0.544885989019332,0.5149114583441843,0.544885989019332,22.097590007294855,unique_starts
843,385,371,19,3,19,3,1,15.0,13.0,25,19,3,6.333333333333333,19,9,9,9,0.3571428571428444,0.00381,0.00072,0.544885989019332,2.0840511964640234,2.0840511964640234,15.229415733870562,unique_starts
844,385,474,363,14,129,73,1,11.0,11.460055096418733,25,363,14,25.928571428571427,363,842,842,842,-0.3975103734439831,0.00381,0.002335,0.544885989019332,0.47326325022320526,0.544885989019332,11.088045090632562,unique_starts
845,398,56,189,4,45,31,1,7.0,7.328042328042328,15,189,4,47.25,189,15,15,15,0.8529411764705841,0.00324,0.003085,0.4886541548049501,0.5396960390661362,0.5396960390661362,7.149071198499986,unique_starts
846,398,167,135,8,51,27,9,18.0,18.133333333333333,25,135,8,16.875,135,176,176,176,-0.1318327974276523,0.00324,0.002905,0.4886541548049501,0.5523326473861818,0.5523326473861818,18.1400280084028,unique_starts
847,398,207,317,7,58,43,1,11.0,11.305993690851736,21,317,7,45.285714285714285,317,95,95,95,0.5388349514563093,0.00324,0.002905,0.4886541548049501,0.5142383888493315,0.5142383888493315,11.131306432859722,unique_starts
848,398,259,6,2,4,3,8,10.5,13.833333333333334,23,6,2,3.0,6,24,24,24,-0.59999999999998,0.00324,0.00102,0.4886541548049501,1.0660615445434947,1.0660615445434947,11.0,unique_starts
849,404,10,123,4,13,44,1,10.0,9.723577235772357,19,123,4,30.75,123,0,0,0,0.9999999999999919,0.00219,0.003525,0.5171261636058332,0.49946110985903625,0.5171261636058332,10.277350098112615,unique_starts
850,404,21,26,7,26,7,11,17.0,16.653846153846153,20,26,7,3.7142857142857144,26,1,0,0,0.9999999999999616,0.00219,0.001335,0.5171261636058332,0.7000075364621832,0.7000075364621832,17.196116135138183,unique_starts
851,404,58,75,6,21,15,6,14.0,14.92,25,75,6,12.5,75,6,6,6,0.8518518518518414,0.00219,0.0027,0.5171261636058332,0.45943690378043944,0.5171261636058332,14.218217890235993,unique_starts
852,404,79,4,2,3,3,1,24.5,18.75,25,4,2,2.0,4,0,0,0,0.99999999999975,0.00219,0.003325,0.5171261636058332,0.5566279042981374,0.5566279042981374,25.077350269189626,unique_starts
853,404,115,209,7,48,44,1,6.0,6.84688995215311,19,209,7,29.857142857142858,209,0,0,0,0.9999999999999952,0.00219,0.002855,0.5171261636058332,0.4573735327292514,0.5171261636058332,6.1443375672974065,unique_starts
854,404,117,18,3,4,15,2,5.0,6.0,12,18,3,6.0,18,0,0,0,0.9999999999999445,0.00219,0.002995,0.5171261636058332,0.4921561459247037,0.5171261636058332,5.5,unique_starts
855,404,121,100,18,65,29,16,22.0,21.72,25,100,18,5.555555555555555,100,0,0,0,0.99999999999999,0.00219,0.00212,0.5171261636058332,0.4790562634901327,0.5171261636058332,22.12403473458921,unique_starts
856,404,139,70,8,17,34,19,23.0,22.928571428571427,25,70,8,8.75,70,0,0,0,0.9999999999999858,0.00219,0.00315,0.5171261636058332,0.5763001546805818,0.5763001546805818,23.242535625036332,unique_starts
857,404,140,80,7,23,41,15,24.0,22.675,25,80,7,11.428571428571429,80,734,734,734,-0.8034398034398025,0.00219,0.00296,0.5171261636058332,0.4551836186304672,0.5171261636058332,24.208514414057074,unique_starts
858,404,163,39,8,38,10,18,22.0,22.05128205128205,25,39,8,4.875,39,58,58,58,-0.19587628865979181,0.00219,0.000755,0.5171261636058332,0.8074492857931624,0.8074492857931624,22.162221421130763,unique_starts
859,404,169,439,17,66,115,1,10.0,9.956719817767654,25,439,17,25.823529411764707,439,3,3,3,0.9864253393665136,0.00219,0.003075,0.5171261636058332,0.5191317792488794,0.5191317792488794,10.123091490979332,unique_starts
860,404,179,25,4,25,4,11,17.0,17.16,22,25,4,6.25,25,2,0,0,0.99999999999996,0.00219,0.00165,0.5171261636058332,0.5689519284458886,0.5689519284458886,17.2,unique_starts
861,404,199,61,5,17,17,1,9.0,8.60655737704918,15,61,5,12.2,61,33,33,33,0.29787234042552874,0.00219,0.00268,0.5171261636058332,0.5690552560543798,0.5690552560543798,9.242535625036332,unique_starts
862,404,217,16,3,4,15,3,8.5,8.75,16,16,3,5.333333333333333,16,0,0,0,0.9999999999999376,0.00219,0.003145,0.5171261636058332,0.5280768414975939,0.5280768414975939,9.0,unique_starts
863,404,224,151,4,16,41,11,21.0,20.370860927152318,25,151,4,37.75,151,61,61,61,0.42452830188679047,0.00219,0.003435,0.5171261636058332,0.5524327933598494,0.5524327933598494,21.25,unique_starts
864,404,243,76,9,23,34,4,22.0,20.67105263157895,25,76,9,8.444444444444445,76,0,0,0,0.9999999999999869,0.00219,0.002845,0.5171261636058332,0.47798288494927843,0.5171261636058332,22.208514414057074,unique_starts
865,404,259,6,4,5,5,21,24.5,24.0,25,6,4,1.5,6,91,91,91,-0.8762886597938054,0.00219,0.00102,0.5171261636058332,1.0660615445434947,1.0660615445434947,24.947213595499957,unique_starts
866,404,266,83,3,22,24,19,23.0,23.180722891566266,25,83,3,27.666666666666668,83,201,201,201,-0.4154929577464774,0.00219,0.0038,0.5171261636058332,0.6115361362052629,0.6115361362052629,23.21320071635561,unique_starts
867,404,273,79,10,35,27,17,23.0,21.962025316455698,25,79,10,7.9,79,0,0,0,0.9999999999999875,0.00219,0.0032,0.5171261636058332,0.505500130278,0.5171261636058332,23.169030850945703,unique_starts
868,404,309,20,3,5,12,1,3.5,3.6,7,20,3,6.666666666666667,20,0,0,0,0.99999999999995,0.00219,0.003055,0.5171261636058332,0.48484104579254805,0.5171261636058332,3.947213595499958,unique_starts
869,404,371,7,2,7,2,19,21.0,21.142857142857142,24,7,2,3.5,7,17,17,17,-0.4166666666666493,0.00219,0.00072,0.5171261636058332,2.0840511964640234,2.0840511964640234,21.37796447300923,unique_starts
870,404,383,142,6,23,39,1,10.0,9.816901408450704,19,142,6,23.666666666666668,142,0,0,0,0.999999999999993,0.00219,0.00295,0.5171261636058332,0.47953992323646644,0.5171261636058332,10.208514414057074,unique_starts
871,404,385,111,8,22,49,1,14.0,12.981981981981981,24,111,8,13.875,111,0,0,0,0.999999999999991,0.00219,0.00381,0.5171261636058332,0.544885989019332,0.544885989019332,14.21320071635561,unique_starts
872,404,462,181,5,14,81,10,19.0,18.54696132596685,25,181,5,36.2,181,151,151,151,0.09036144578313225,0.00219,0.00335,0.5171261636058332,0.4622577751318516,0.5171261636058332,19.267261241912426,unique_starts
873,404,474,8,2,6,3,1,2.0,2.25,4,8,2,4.0,8,0,0,0,0.999999999999875,0.00219,0.002335,0.5171261636058332,0.47326325022320526,0.5171261636058332,2.408248290463863,unique_starts
874,404,487,22,2,8,5,16,19.0,19.318181818181817,23,22,2,11.0,22,907,907,907,-0.9526372443487611,0.00219,0.00309,0.5171261636058332,0.4986519883489159,0.5171261636058332,19.353553390593273,unique_starts
875,406,140,211,17,83,90,20,24.0,23.805687203791468,25,211,17,12.411764705882353,211,775,775,775,-0.572008113590263,0.002805,0.00296,0.47566766402598537,0.4551836186304672,0.47566766402598537,24.10976425998969,unique_starts
876,406,266,83,11,33,48,20,24.0,23.903614457831324,25,83,11,7.545454545454546,83,224,224,224,-0.4592833876221483,0.002805,0.0038,0.47566766402598537,0.6115361362052629,0.6115361362052629,24.1740776559557,unique_starts
877,406,329,157,4,20,31,11,19.0,18.78980891719745,25,157,4,39.25,157,0,0,0,0.9999999999999937,0.002805,0.00267,0.47566766402598537,0.48285513264051666,0.48285513264051666,19.22360679774998,unique_starts
878,406,462,91,8,34,30,17,24.0,23.373626373626372,25,91,8,11.375,91,1595,1595,1595,-0.8920521945432973,0.002805,0.00335,0.47566766402598537,0.4622577751318516,0.47566766402598537,24.17149858514251,unique_starts
879,406,487,2009,34,305,362,9,19.0,19.03036336485814,25,2009,34,59.088235294117645,2009,340,340,340,0.7105151128139631,0.002805,0.00309,0.47566766402598537,0.4986519883489159,0.4986519883489159,19.057259833431388,unique_starts
880,410,2,147,12,19,92,14,22.0,21.26530612244898,25,147,12,12.25,147,0,0,0,0.9999999999999932,0.002505,0.00384,0.5908932537877524,0.49557695833984555,0.5908932537877524,22.22941573387056,unique_starts
881,410,7,48,7,15,27,11,17.5,17.916666666666668,25,48,7,6.857142857142857,48,48,48,48,0.0,0.002505,0.00345,0.5908932537877524,0.473565075387291,0.5908932537877524,17.75819888974716,unique_starts
882,410,8,141,17,50,63,7,12.0,12.822695035460994,22,141,17,8.294117647058824,141,70,70,70,0.3364928909952591,0.002505,0.00305,0.5908932537877524,0.5406985617322061,0.5908932537877524,12.14142135623731,unique_starts
883,410,22,162,15,31,94,14,22.0,21.796296296296298,25,162,15,10.8,162,7,0,0,0.9999999999999939,0.002505,0.00375,0.5908932537877524,0.6446610524678009,0.6446610524678009,22.179605302026776,unique_starts
884,410,42,24,4,5,17,10,14.0,13.958333333333334,18,24,4,6.0,24,3,3,3,0.777777777777749,0.002505,0.002905,0.5908932537877524,0.49705178564663943,0.5908932537877524,14.447213595499958,unique_starts
885,410,56,14,3,3,14,8,11.0,11.071428571428571,15,14,3,4.666666666666667,14,14,14,14,0.0,0.002505,0.003085,0.5908932537877524,0.5396960390661362,0.5908932537877524,11.577350269189626,unique_starts
886,410,63,16,3,4,12,10,12.0,12.1875,14,16,3,5.333333333333333,16,17,17,17,-0.030303030303029384,0.002505,0.00318,0.5908932537877524,0.5301456261038152,0.5908932537877524,12.5,unique_starts
887,410,79,196,17,46,87,11,17.0,16.93877551020408,25,196,17,11.529411764705882,196,739,739,739,-0.5807486631016037,0.002505,0.003325,0.5908932537877524,0.5566279042981374,0.5908932537877524,17.147441956154896,unique_starts
888,410,80,94,10,23,46,12,16.5,17.02127659574468,25,94,10,9.4,94,281,281,281,-0.4986666666666653,0.002505,0.003105,0.5908932537877524,0.54911977059455,0.5908932537877524,16.708514414057074,unique_starts
889,410,146,229,15,47,98,1,5.0,5.882096069868996,14,229,15,15.266666666666667,229,10,10,10,0.9163179916317954,0.002505,0.00289,0.5908932537877524,0.49858717633061933,0.5908932537877524,5.145864991497895,unique_starts
890,410,164,6,2,6,2,1,2.5,2.6666666666666665,5,6,2,3.0,6,197,197,197,-0.9408866995073846,0.002505,0.002755,0.5908932537877524,0.46236208579247506,0.5908932537877524,2.908248290463863,unique_starts
891,410,167,157,16,34,78,6,16.0,15.503184713375797,25,157,16,9.8125,157,51,51,51,0.5096153846153821,0.002505,0.002905,0.5908932537877524,0.5523326473861818,0.5908932537877524,16.17149858514251,unique_starts
892,410,171,8,2,2,8,21,23.5,23.375,25,8,2,4.0,8,739,739,739,-0.978580990629182,0.002505,0.00343,0.5908932537877524,0.6091865893282263,0.6091865893282263,24.207106781186546,unique_starts
893,410,175,26,3,5,14,16,22.5,21.653846153846153,25,26,3,8.666666666666666,26,41,41,41,-0.22388059701492205,0.002505,0.00503,0.5908932537877524,0.7573380297747923,0.7573380297747923,22.947213595499957,unique_starts
894,410,205,4,3,4,3,2,3.0,4.75,11,4,3,1.3333333333333333,4,4,4,4,0.0,0.002505,0.00069,0.5908932537877524,0.4815721475373711,0.5908932537877524,3.5,unique_starts
895,410,207,122,10,27,54,1,7.0,8.442622950819672,22,122,10,12.2,122,11,11,11,0.8345864661654073,0.002505,0.002905,0.5908932537877524,0.5142383888493315,0.5908932537877524,7.192450089729875,unique_starts
896,410,230,462,32,97,168,7,16.0,16.385281385281385,25,462,32,14.4375,462,141,141,141,0.5323383084577106,0.002505,0.00344,0.5908932537877524,0.5276863910046072,0.5908932537877524,16.101534616513362,unique_starts
897,410,251,12,3,5,7,21,23.5,23.416666666666668,25,12,3,4.0,12,8,8,8,0.19999999999999002,0.002505,0.002675,0.5908932537877524,0.4733873703025864,0.5908932537877524,23.947213595499957,unique_starts
898,410,271,12,4,5,11,1,5.5,5.666666666666667,11,12,4,3.0,12,251,251,251,-0.9087452471482854,0.002505,0.002355,0.5908932537877524,0.46904630509061107,0.5908932537877524,5.947213595499958,unique_starts
899,410,273,10,3,4,8,20,24.0,23.5,25,10,3,3.3333333333333335,10,94,94,94,-0.8076923076922999,0.002505,0.0032,0.5908932537877524,0.505500130278,0.5908932537877524,24.5,unique_starts
900,410,315,101,9,30,44,11,16.0,16.405940594059405,25,101,9,11.222222222222221,101,290,290,290,-0.4833759590792826,0.002505,0.00307,0.5908932537877524,0.5338410601299857,0.5908932537877524,16.182574185835055,unique_starts
901,410,398,3,2,2,3,1,11.0,12.333333333333334,25,3,2,1.5,3,17,0,0,0.9999999999996666,0.002505,0.00324,0.5908932537877524,0.4886541548049501,0.5908932537877524,11.707106781186548,unique_starts
902,410,429,111,21,30,103,1,3.0,2.936936936936937,7,111,21,5.285714285714286,111,901,901,901,-0.7806324110671928,0.002505,0.0033,0.5908932537877524,0.6319999683881292,0.6319999683881292,3.1825741858350556,unique_starts
903,429,7,138,8,46,26,13,19.0,19.26086956521739,25,138,8,17.25,138,49,49,49,0.4759358288770028,0.0033,0.00345,0.6319999683881292,0.473565075387291,0.6319999683881292,19.147441956154896,unique_starts
904,429,167,247,11,54,52,9,18.0,17.77327935222672,25,247,11,22.454545454545453,247,199,199,199,0.10762331838564998,0.0033,0.002905,0.6319999683881292,0.5523326473861818,0.6319999683881292,18.136082763487956,unique_starts
905,429,207,93,6,22,25,5,10.0,11.268817204301076,23,93,6,15.5,93,47,47,47,0.32857142857142624,0.0033,0.002905,0.6319999683881292,0.5142383888493315,0.6319999683881292,10.21320071635561,unique_starts
906,429,251,17,3,8,8,22,24.0,24.176470588235293,25,17,3,5.666666666666667,17,29,29,29,-0.26086956521738563,0.0033,0.002675,0.6319999683881292,0.4733873703025864,0.6319999683881292,24.353553390593273,unique_starts
907,429,259,5,2,4,3,1,3.0,3.0,5,5,2,2.5,5,2,0,0,0.9999999999997999,0.0033,0.00102,0.6319999683881292,1.0660615445434947,1.0660615445434947,3.5,unique_starts
908,429,410,901,71,498,201,1,4.0,3.8734739178690343,9,901,71,12.690140845070422,901,111,111,111,0.7806324110671928,0.0033,0.002505,0.6319999683881292,0.5908932537877524,0.6319999683881292,4.044811071494822,unique_starts
909,462,3,953,15,260,93,7,18.0,18.24239244491081,25,953,15,63.53333333333333,953,1,0,0,0.9999999999999989,0.00335,0.003565,0.4622577751318516,0.5904218374331804,0.5904218374331804,18.062017367294604,unique_starts
910,462,46,3562,32,519,385,3,17.0,16.444693992139246,25,3562,32,111.3125,3562,0,0,0,0.9999999999999998,0.00335,0.00281,0.4622577751318516,0.4994811286042713,0.4994811286042713,17.043895128130615,unique_starts
911,462,199,14,2,6,4,11,14.5,14.357142857142858,18,14,2,7.0,14,484,484,484,-0.9437751004016045,0.00335,0.00268,0.4622577751318516,0.5690552560543798,0.5690552560543798,14.908248290463863,unique_starts
912,462,205,10,3,6,5,13,14.0,14.3,16,10,3,3.3333333333333335,10,27,27,27,-0.459459459459447,0.00335,0.00069,0.4622577751318516,0.4815721475373711,0.4815721475373711,14.408248290463863,unique_starts
913,462,266,238,5,72,33,1,7.0,7.222689075630252,16,238,5,47.6,238,12,12,12,0.9039999999999964,0.00335,0.0038,0.4622577751318516,0.6115361362052629,0.6115361362052629,7.117851130197758,unique_starts
914,462,404,151,8,39,31,9,15.0,14.95364238410596,24,151,8,18.875,151,181,181,181,-0.09036144578313225,0.00335,0.00219,0.4622577751318516,0.5171261636058332,0.5171261636058332,15.160128153805086,unique_starts
915,462,406,1595,27,329,238,11,22.0,21.157993730407522,25,1595,27,59.074074074074076,1595,91,91,91,0.8920521945432973,0.00335,0.002805,0.4622577751318516,0.47566766402598537,0.47566766402598537,22.055131784641997,unique_starts
916,462,487,82,5,48,16,2,12.0,12.378048780487806,25,82,5,16.4,82,95,95,95,-0.0734463276836154,0.00335,0.00309,0.4622577751318516,0.4986519883489159,0.4986519883489159,12.144337567297406,unique_starts
917,463,6,271,19,33,167,1,16.0,12.837638376383763,25,271,19,14.263157894736842,271,0,0,0,0.9999999999999962,0.00216,0.003095,0.5081641748793143,0.5183369733262979,0.5183369733262979,16.1740776559557,unique_starts
918,463,10,194,12,25,104,11,19.0,18.623711340206185,25,194,12,16.166666666666668,194,0,0,0,0.9999999999999949,0.00216,0.003525,0.5081641748793143,0.49946110985903625,0.5081641748793143,19.2,unique_starts
919,463,21,3,3,3,3,23,24.0,24.0,25,3,3,1.0,3,193,193,193,-0.9693877551020359,0.00216,0.001335,0.5081641748793143,0.7000075364621832,0.7000075364621832,24.577350269189626,unique_starts
920,463,58,168,24,39,117,1,18.0,14.023809523809524,25,168,24,7.0,168,0,0,0,0.9999999999999941,0.00216,0.0027,0.5081641748793143,0.45943690378043944,0.5081641748793143,18.160128153805086,unique_starts
921,463,80,9,3,4,8,16,19.0,18.333333333333332,21,9,3,3.0,9,20,20,20,-0.37931034482757314,0.00216,0.003105,0.5081641748793143,0.54911977059455,0.54911977059455,19.5,unique_starts
922,463,115,159,24,40,103,10,14.0,14.39622641509434,23,159,24,6.625,159,0,0,0,0.9999999999999938,0.00216,0.002855,0.5081641748793143,0.4573735327292514,0.5081641748793143,14.158113883008419,unique_starts
923,463,117,304,28,48,181,4,13.0,12.901315789473685,23,304,28,10.857142857142858,304,0,0,0,0.9999999999999967,0.00216,0.002995,0.5081641748793143,0.4921561459247037,0.5081641748793143,13.144337567297406,unique_starts
924,463,147,43,3,6,23,16,21.0,21.093023255813954,25,43,3,14.333333333333334,43,0,0,0,0.9999999999999767,0.00216,0.00412,0.5081641748793143,0.4966726365256857,0.5081641748793143,21.408248290463863,unique_starts
925,463,163,9,4,6,6,19,23.0,21.88888888888889,24,9,4,2.25,9,0,0,0,0.9999999999998889,0.00216,0.000755,0.5081641748793143,0.8074492857931624,0.8074492857931624,23.408248290463863,unique_starts
926,463,169,204,22,43,136,1,4.0,8.215686274509803,25,204,22,9.272727272727273,204,0,0,0,0.9999999999999951,0.00216,0.003075,0.5081641748793143,0.5191317792488794,0.5191317792488794,4.152498570332605,unique_starts
927,463,171,22,5,8,14,21,24.0,23.545454545454547,25,22,5,4.4,22,0,0,0,0.9999999999999546,0.00216,0.00343,0.5081641748793143,0.6091865893282263,0.6091865893282263,24.353553390593273,unique_starts
928,463,179,4,4,4,4,25,25.0,25.0,25,4,4,1.0,4,0,0,0,0.99999999999975,0.00216,0.00165,0.5081641748793143,0.5689519284458886,0.5689519284458886,25.5,unique_starts
929,463,199,264,30,56,160,4,12.0,12.912878787878787,23,264,30,8.8,264,0,0,0,0.9999999999999961,0.00216,0.00268,0.5081641748793143,0.5690552560543798,0.5690552560543798,12.133630620956213,unique_starts
930,463,217,172,12,27,97,1,20.0,18.796511627906977,25,172,12,14.333333333333334,172,0,0,0,0.9999999999999942,0.00216,0.003145,0.5081641748793143,0.5280768414975939,0.5280768414975939,20.192450089729874,unique_starts
931,463,243,341,36,71,209,1,4.0,5.299120234604105,25,341,36,9.472222222222221,341,0,0,0,0.999999999999997,0.00216,0.002845,0.5081641748793143,0.47798288494927843,0.5081641748793143,4.118678165819385,unique_starts
932,463,259,4,2,3,3,23,24.0,24.0,25,4,2,2.0,4,0,0,0,0.99999999999975,0.00216,0.00102,0.5081641748793143,1.0660615445434947,1.0660615445434947,24.577350269189626,unique_starts
933,463,281,476,22,48,291,1,7.0,10.15126050420168,25,476,22,21.636363636363637,476,0,0,0,0.9999999999999979,0.00216,0.003665,0.5081641748793143,0.5084243360159619,0.5084243360159619,7.1443375672974065,unique_starts
934,463,309,245,21,41,159,7,15.0,15.30204081632653,25,245,21,11.666666666666666,245,0,0,0,0.9999999999999959,0.00216,0.003055,0.5081641748793143,0.48484104579254805,0.5081641748793143,15.156173761888606,unique_starts
935,463,371,11,5,7,7,18,21.0,21.272727272727273,24,11,5,2.2,11,0,0,0,0.9999999999999091,0.00216,0.00072,0.5081641748793143,2.0840511964640234,2.0840511964640234,21.37796447300923,unique_starts
936,463,383,188,21,33,124,1,18.0,16.361702127659573,25,188,21,8.952380952380953,188,22,22,22,0.7904761904761868,0.00216,0.00295,0.5081641748793143,0.47953992323646644,0.5081641748793143,18.1740776559557,unique_starts
937,463,385,96,10,16,63,9,15.0,15.708333333333334,25,96,10,9.6,96,0,0,0,0.9999999999999897,0.00216,0.00381,0.5081641748793143,0.544885989019332,0.544885989019332,15.25,unique_starts
938,463,462,34,9,13,26,19,24.0,23.647058823529413,25,34,9,3.7777777777777777,34,0,0,0,0.9999999999999706,0.00216,0.00335,0.5081641748793143,0.4622577751318516,0.5081641748793143,24.277350098112613,unique_starts
939,474,7,37,3,5,24,1,7.0,6.702702702702703,13,37,3,12.333333333333334,37,46,46,46,-0.10843373493975773,0.002335,0.00345,0.47326325022320526,0.473565075387291,0.473565075387291,7.447213595499958,unique_starts
940,474,21,21,4,21,4,15,19.0,19.0,23,21,4,5.25,21,0,0,0,0.9999999999999525,0.002335,0.001335,0.47326325022320526,0.7000075364621832,0.7000075364621832,19.21821789023599,unique_starts
941,474,58,207,5,28,37,1,10.0,10.222222222222221,25,207,5,41.4,207,0,0,0,0.9999999999999952,0.002335,0.0027,0.47326325022320526,0.45943690378043944,0.47326325022320526,10.188982236504614,unique_starts
942,474,115,41,5,16,15,1,6.0,9.341463414634147,25,41,5,8.2,41,19,19,19,0.36666666666666053,0.002335,0.002855,0.47326325022320526,0.4573735327292514,0.47326325022320526,6.25,unique_starts
943,474,121,34,6,24,8,16,21.0,21.176470588235293,25,34,6,5.666666666666667,34,0,0,0,0.9999999999999706,0.002335,0.00212,0.47326325022320526,0.4790562634901327,0.4790562634901327,21.20412414523193,unique_starts
944,474,139,14,2,8,4,20,23.5,23.142857142857142,25,14,2,7.0,14,0,0,0,0.9999999999999286,0.002335,0.00315,0.47326325022320526,0.5763001546805818,0.5763001546805818,23.853553390593273,unique_starts
945,474,147,200,6,42,47,10,21.0,20.755,25,200,6,33.333333333333336,200,78,78,78,0.43884892086330773,0.002335,0.00412,0.47326325022320526,0.4966726365256857,0.4966726365256857,21.154303349962092,unique_starts
946,474,163,5,2,5,2,1,3.0,9.0,20,5,2,2.5,5,0,0,0,0.9999999999997999,0.002335,0.000755,0.47326325022320526,0.8074492857931624,0.8074492857931624,3.447213595499958,unique_starts
947,474,169,106,10,59,27,15,21.0,20.641509433962263,25,106,10,10.6,106,0,0,0,0.9999999999999906,0.002335,0.003075,0.47326325022320526,0.5191317792488794,0.5191317792488794,21.130188910980824,unique_starts
948,474,179,63,12,60,13,7,13.0,13.285714285714286,21,63,12,5.25,63,0,0,0,0.9999999999999841,0.002335,0.00165,0.47326325022320526,0.5689519284458886,0.5689519284458886,13.12909944487358,unique_starts
949,474,199,54,3,11,15,3,11.0,14.277777777777779,25,54,3,18.0,54,0,0,0,0.9999999999999815,0.002335,0.00268,0.47326325022320526,0.5690552560543798,0.5690552560543798,11.301511344577763,unique_starts
950,474,217,861,21,131,157,1,9.0,9.197444831591174,25,861,21,41.0,861,0,0,0,0.9999999999999988,0.002335,0.003145,0.47326325022320526,0.5280768414975939,0.5280768414975939,9.087370405666103,unique_starts
951,474,224,99,3,13,34,15,22.0,21.404040404040405,25,99,3,33.0,99,588,588,588,-0.7117903930130994,0.002335,0.003435,0.47326325022320526,0.5524327933598494,0.5524327933598494,22.277350098112613,unique_starts
952,474,243,128,6,24,28,2,16.5,16.078125,25,128,6,21.333333333333332,128,0,0,0,0.9999999999999922,0.002335,0.002845,0.47326325022320526,0.47798288494927843,0.47798288494927843,16.70412414523193,unique_starts
953,474,251,36,4,11,17,19,24.0,23.305555555555557,25,36,4,9.0,36,2,0,0,0.9999999999999721,0.002335,0.002675,0.47326325022320526,0.4733873703025864,0.4733873703025864,24.301511344577765,unique_starts
954,474,266,27,2,6,13,17,23.0,22.25925925925926,25,27,2,13.5,27,41,41,41,-0.20588235294117346,0.002335,0.0038,0.47326325022320526,0.6115361362052629,0.6115361362052629,23.408248290463863,unique_starts
955,474,273,85,5,23,21,16,22.0,21.91764705882353,25,85,5,17.0,85,0,0,0,0.9999999999999883,0.002335,0.0032,0.47326325022320526,0.505500130278,0.505500130278,22.208514414057074,unique_starts
956,474,309,30,2,14,4,1,5.0,5.1,10,30,2,15.0,30,15,15,15,0.33333333333332593,0.002335,0.003055,0.47326325022320526,0.48484104579254805,0.48484104579254805,5.267261241912425,unique_starts
957,474,383,17,2,4,13,4,8.0,8.470588235294118,14,17,2,8.5,17,0,0,0,0.9999999999999413,0.002335,0.00295,0.47326325022320526,0.47953992323646644,0.47953992323646644,8.5,unique_starts
958,474,385,842,16,128,179,1,7.0,8.058194774346793,25,842,16,52.625,842,363,363,363,0.3975103734439831,0.002335,0.00381,0.47326325022320526,0.544885989019332,0.544885989019332,7.088388347648318,unique_starts
959,474,463,13,3,9,5,17,19.0,20.53846153846154,25,13,3,4.333333333333333,13,0,0,0,0.9999999999999231,0.002335,0.00216,0.47326325022320526,0.5081641748793143,0.5081641748793143,19.333333333333332,unique_starts
960,487,3,608,19,96,228,1,10.0,10.194078947368421,18,608,19,32.0,608,1322,1322,1322,-0.36994818652849726,0.00309,0.003565,0.4986519883489159,0.5904218374331804,0.5904218374331804,10.102062072615965,unique_starts
961,487,46,72,6,28,26,1,5.5,5.458333333333333,11,72,6,12.0,72,239,239,239,-0.536977491961413,0.00309,0.00281,0.4986519883489159,0.4994811286042713,0.4994811286042713,5.688982236504613,unique_starts
962,487,140,946,17,145,187,1,8.0,8.219873150105709,19,946,17,55.64705882352941,946,47,47,47,0.9053373615307141,0.00309,0.00296,0.4986519883489159,0.4551836186304672,0.4986519883489159,8.08304547985374,unique_starts
963,487,163,25,6,17,10,1,3.0,2.84,5,25,6,4.166666666666667,25,0,0,0,0.99999999999996,0.00309,0.000755,0.4986519883489159,0.8074492857931624,0.8074492857931624,3.242535625036333,unique_starts
964,487,169,7,2,4,4,23,25.0,24.428571428571427,25,7,2,3.5,7,32,32,32,-0.6410256410256245,0.00309,0.003075,0.4986519883489159,0.5191317792488794,0.5191317792488794,25.5,unique_starts
965,487,199,204,8,59,41,15,22.0,21.504901960784313,25,204,8,25.5,204,317,317,317,-0.2168905950095965,0.00309,0.00268,0.4986519883489159,0.5690552560543798,0.5690552560543798,22.130188910980824,unique_starts
966,487,205,20,3,11,7,4,11.0,10.3,16,20,3,6.666666666666667,20,6,6,6,0.5384615384615178,0.00309,0.00069,0.4986519883489159,0.4815721475373711,0.4986519883489159,11.301511344577763,unique_starts
967,487,259,29,6,23,10,5,8.0,8.03448275862069,11,29,6,4.833333333333333,29,2,0,0,0.9999999999999656,0.00309,0.00102,0.4986519883489159,1.0660615445434947,1.0660615445434947,8.208514414057074,unique_starts
968,487,266,484,11,92,82,1,7.0,7.198347107438017,15,484,11,44.0,484,217,217,217,0.3808844507845929,0.00309,0.0038,0.4986519883489159,0.6115361362052629,0.6115361362052629,7.104257207028537,unique_starts
969,487,371,11,3,9,4,1,3.0,8.545454545454545,21,11,3,3.6666666666666665,11,0,0,0,0.9999999999999091,0.00309,0.00072,0.4986519883489159,2.0840511964640234,2.0840511964640234,3.3333333333333335,unique_starts
970,487,383,42,3,13,9,16,22.0,21.69047619047619,25,42,3,14.0,42,0,0,0,0.9999999999999761,0.00309,0.00295,0.4986519883489159,0.47953992323646644,0.4986519883489159,22.277350098112613,unique_starts
971,487,404,907,23,198,168,12,21.0,20.93715545755237,25,907,23,39.43478260869565,907,22,22,22,0.9526372443487611,0.00309,0.00219,0.4986519883489159,0.5171261636058332,0.5171261636058332,21.07106690545187,unique_starts
972,487,406,340,14,61,115,5,15.0,14.947058823529412,21,340,14,24.285714285714285,340,2009,2009,2009,-0.7105151128139631,0.00309,0.002805,0.4986519883489159,0.47566766402598537,0.4986519883489159,15.128036879932896,unique_starts
973,487,462,95,5,19,23,1,7.0,7.0,12,95,5,19.0,95,82,82,82,0.0734463276836154,0.00309,0.00335,0.4986519883489159,0.4622577751318516,0.4986519883489159,7.229415733870562,unique_starts
