edge_id,src,dst,num_segments,num_episodes,num_unique_starts,num_unique_terminations,min_h,median_h,mean_h,max_h,num_unique_start_goal_pairs,num_unique_episodes,support_density_per_episode,support_count,reverse_support_raw,reverse_support_certified,reverse_support_count,asymmetry,src_density,dst_density,src_bottleneck_score,dst_bottleneck_score,edge_bottleneck_score,cost,cost_support_unit
0,2,21,197,15,197,19,2,8.0,9.446700507614214,25,197,15,13.133333333333333,197,85,85,85,0.39716312056737446,0.00384,0.001335,0.49557695833984555,0.7000075364621832,0.7000075364621832,8.07124704998791,unique_starts
1,2,42,3,3,3,3,25,25.0,25.0,25,3,3,1.0,3,133,133,133,-0.9558823529411695,0.00384,0.002905,0.49557695833984555,0.49705178564663943,0.49705178564663943,25.577350269189626,unique_starts
2,2,43,129,8,91,13,3,10.0,10.542635658914728,25,129,8,16.125,129,0,0,0,0.9999999999999923,0.00384,0.00192,0.49557695833984555,0.4331654262548746,0.49557695833984555,10.104828483672192,unique_starts
3,2,144,82,6,34,19,1,4.0,4.414634146341464,10,82,6,13.666666666666666,82,352,352,352,-0.6221198156682013,0.00384,0.00326,0.49557695833984555,0.4284130917563028,0.49557695833984555,4.171498585142508,unique_starts
4,2,171,12,3,5,8,14,19.0,19.416666666666668,25,12,3,4.0,12,9,9,9,0.14285714285713608,0.00384,0.00343,0.49557695833984555,0.6091865893282263,0.6091865893282263,19.447213595499957,unique_starts
5,2,175,82,6,39,28,1,3.0,3.4146341463414633,7,82,6,13.666666666666666,82,162,162,162,-0.32786885245901504,0.00384,0.00503,0.49557695833984555,0.7573380297747923,0.7573380297747923,3.160128153805087,unique_starts
6,2,179,110,8,110,8,2,9.0,10.454545454545455,25,110,8,13.75,110,76,76,76,0.18279569892473022,0.00384,0.00165,0.49557695833984555,0.5689519284458886,0.5689519284458886,9.09534625892456,unique_starts
7,2,186,29,4,29,4,3,7.0,7.310344827586207,12,29,4,7.25,29,26,26,26,0.05454545454545355,0.00384,0.00126,0.49557695833984555,0.4246314878988181,0.49557695833984555,7.185695338177052,unique_starts
8,2,199,11,2,10,3,18,23.0,22.363636363636363,25,11,2,5.5,11,3,0,0,0.9999999999999091,0.00384,0.00268,0.49557695833984555,0.5690552560543798,0.5690552560543798,23.316227766016837,unique_starts
9,2,248,333,23,280,35,5,11.0,12.0,25,333,23,14.478260869565217,333,316,316,316,0.026194144838212592,0.00384,0.002135,0.49557695833984555,0.4551679911609592,0.49557695833984555,11.05976143046672,unique_starts
10,2,261,27,2,9,9,20,24.0,23.555555555555557,25,27,2,13.5,27,28,0,0,0.999999999999963,0.00384,0.003005,0.49557695833984555,0.3332476057918914,0.49557695833984555,24.333333333333332,unique_starts
11,2,271,74,5,36,13,15,21.0,20.7027027027027,25,74,5,14.8,74,22,22,22,0.5416666666666611,0.00384,0.002355,0.49557695833984555,0.46904630509061107,0.49557695833984555,21.166666666666668,unique_starts
12,2,335,517,12,93,76,8,18.0,18.290135396518377,25,517,12,43.083333333333336,517,368,368,368,0.16836158192090375,0.00384,0.003265,0.49557695833984555,0.33863745508677673,0.49557695833984555,18.103695169473042,unique_starts
13,2,440,27,3,18,6,19,23.0,22.925925925925927,25,27,3,9.0,27,3,0,0,0.999999999999963,0.00384,0.002505,0.49557695833984555,0.4432001412722737,0.49557695833984555,23.235702260395517,unique_starts
14,2,463,459,23,283,52,7,13.0,13.004357298474945,25,459,23,19.956521739130434,459,0,0,0,0.9999999999999978,0.00384,0.00216,0.49557695833984555,0.5081641748793143,0.5081641748793143,13.059443829827776,unique_starts
15,2,481,778,9,100,96,9,19.0,18.52827763496144,25,778,9,86.44444444444444,778,598,598,598,0.13081395348837202,0.00384,0.00295,0.49557695833984555,0.3715708750101002,0.49557695833984555,19.1,unique_starts
16,3,109,92,7,26,29,18,23.0,22.869565217391305,25,92,7,13.142857142857142,92,266,266,266,-0.4860335195530712,0.003565,0.002985,0.5904218374331804,0.3581978582570581,0.5904218374331804,23.196116135138183,unique_starts
17,3,112,12,2,7,4,22,24.0,23.916666666666668,25,12,2,6.0,12,0,0,0,0.9999999999999166,0.003565,0.00296,0.5904218374331804,0.4285491187954342,0.5904218374331804,24.37796447300923,unique_starts
18,3,140,11,4,7,8,23,25.0,24.545454545454547,25,11,4,2.75,11,981,981,981,-0.9778225806451603,0.003565,0.00296,0.5904218374331804,0.4551836186304672,0.5904218374331804,25.37796447300923,unique_starts
19,3,206,3632,47,595,511,1,10.0,10.51238986784141,25,3632,47,77.27659574468085,3632,0,0,0,0.9999999999999998,0.003565,0.002645,0.5904218374331804,0.4388475670472349,0.5904218374331804,10.040996003084539,unique_starts
20,3,262,169,2,24,23,9,17.0,16.881656804733726,25,169,2,84.5,169,371,371,371,-0.3740740740740734,0.003565,0.00278,0.5904218374331804,0.20145072035126035,0.5904218374331804,17.20412414523193,unique_starts
21,3,266,50,12,27,27,20,25.0,24.12,25,50,12,4.166666666666667,50,2649,2649,2649,-0.9629492404594291,0.003565,0.0038,0.5904218374331804,0.6115361362052629,0.6115361362052629,25.192450089729874,unique_starts
22,3,329,134,5,28,30,13,22.0,21.46268656716418,25,134,5,26.8,134,0,0,0,0.9999999999999926,0.003565,0.00267,0.5904218374331804,0.48285513264051666,0.5904218374331804,22.188982236504614,unique_starts
23,3,406,1510,36,349,331,1,6.0,5.907947019867549,14,1510,36,41.94444444444444,1510,0,0,0,0.9999999999999994,0.003565,0.002805,0.5904218374331804,0.47566766402598537,0.5904218374331804,6.053528772757219,unique_starts
24,3,430,74,13,48,29,18,24.0,23.635135135135137,25,74,13,5.6923076923076925,74,3273,3273,3273,-0.955781296683597,0.003565,0.00263,0.5904218374331804,0.45111919326183225,0.5904218374331804,24.144337567297406,unique_starts
25,3,487,1322,33,299,331,13,23.0,22.14750378214826,25,1322,33,40.06060606060606,1322,608,608,608,0.36994818652849726,0.003565,0.00309,0.5904218374331804,0.4986519883489159,0.5904218374331804,23.057831493196623,unique_starts
26,4,8,144,6,44,28,5,15.0,15.284722222222221,25,144,6,24.0,144,57,57,57,0.43283582089552025,0.0034,0.00305,0.42665327824002786,0.5406985617322061,0.5406985617322061,15.150755672288883,unique_starts
27,4,22,69,6,26,22,13,24.0,22.956521739130434,25,69,6,11.5,69,1,0,0,0.9999999999999856,0.0034,0.00375,0.42665327824002786,0.6446610524678009,0.6446610524678009,24.196116135138183,unique_starts
28,4,63,679,9,92,110,1,8.0,8.004418262150221,19,679,9,75.44444444444444,679,151,151,151,0.6361445783132522,0.0034,0.00318,0.42665327824002786,0.5301456261038152,0.5301456261038152,8.104257207028537,unique_starts
29,4,79,69,5,31,16,15,22.0,21.3768115942029,25,69,5,13.8,69,182,182,182,-0.4501992031872492,0.0034,0.003325,0.42665327824002786,0.5566279042981374,0.5566279042981374,22.179605302026776,unique_starts
30,4,80,96,3,22,12,9,17.0,16.729166666666668,24,96,3,32.0,96,122,122,122,-0.11926605504587101,0.0034,0.003105,0.42665327824002786,0.54911977059455,0.54911977059455,17.21320071635561,unique_starts
31,4,138,27,2,11,6,1,4.0,4.518518518518518,9,27,2,13.5,27,0,0,0,0.999999999999963,0.0034,0.002785,0.42665327824002786,0.37021778866614363,0.42665327824002786,4.301511344577763,unique_starts
32,4,149,256,8,75,36,9,19.0,18.90234375,25,256,8,32.0,256,183,183,183,0.1662870159453299,0.0034,0.002245,0.42665327824002786,0.4477196573186491,0.4477196573186491,19.115470053837925,unique_starts
33,4,166,323,18,100,97,18,24.0,23.260061919504643,25,323,18,17.944444444444443,323,276,276,276,0.0784641068447411,0.0034,0.00289,0.42665327824002786,0.4782304215414501,0.4782304215414501,24.1,unique_starts
34,4,184,712,13,108,107,5,19.0,19.0,25,712,13,54.76923076923077,712,1201,1201,1201,-0.25561944589649754,0.0034,0.00261,0.42665327824002786,0.4440022572428347,0.4440022572428347,19.096225044864937,unique_starts
35,4,230,366,9,104,66,7,20.0,19.898907103825138,25,366,9,40.666666666666664,366,2418,2418,2418,-0.7370689655172411,0.0034,0.00344,0.42665327824002786,0.5276863910046072,0.5276863910046072,20.09805806756909,unique_starts
36,4,268,79,2,15,16,16,23.0,22.21518987341772,25,79,2,39.5,79,0,0,0,0.9999999999999875,0.0034,0.00255,0.42665327824002786,0.43791978219162725,0.43791978219162725,23.25819888974716,unique_starts
37,4,273,57,4,22,18,17,24.0,23.19298245614035,25,57,4,14.25,57,166,166,166,-0.48878923766815924,0.0034,0.0032,0.42665327824002786,0.505500130278,0.505500130278,24.21320071635561,unique_starts
38,4,332,60,5,23,23,19,24.0,23.683333333333334,25,60,5,12.0,60,813,813,813,-0.8625429553264594,0.0034,0.00266,0.42665327824002786,0.3973389111790975,0.42665327824002786,24.208514414057074,unique_starts
39,4,500,2640,26,400,287,8,20.0,19.336742424242424,25,2640,26,101.53846153846153,2640,658,658,658,0.6009702850212248,0.0034,0.00264,0.42665327824002786,0.41474401777690195,0.42665327824002786,20.05,unique_starts
40,6,7,16,4,7,9,19,21.0,21.4375,25,16,4,4.0,16,19,0,0,0.9999999999999376,0.003095,0.00345,0.5183369733262979,0.473565075387291,0.5183369733262979,21.37796447300923,unique_starts
41,6,10,154,11,57,41,19,23.0,23.149350649350648,25,154,11,14.0,154,45,45,45,0.547738693467334,0.003095,0.003525,0.5183369733262979,0.49946110985903625,0.5183369733262979,23.132453235706503,unique_starts
42,6,21,95,11,95,11,2,7.0,7.7894736842105265,25,95,11,8.636363636363637,95,21,21,21,0.6379310344827531,0.003095,0.001335,0.5183369733262979,0.7000075364621832,0.7000075364621832,7.102597835208515,unique_starts
43,6,24,7,2,7,2,20,23.0,22.857142857142858,25,7,2,3.5,7,0,0,0,0.9999999999998571,0.003095,0.002975,0.5183369733262979,0.4451639107771672,0.5183369733262979,23.37796447300923,unique_starts
44,6,80,26,4,18,6,17,21.0,21.076923076923077,25,26,4,6.5,26,1,0,0,0.9999999999999616,0.003095,0.003105,0.5183369733262979,0.54911977059455,0.54911977059455,21.235702260395517,unique_starts
45,6,117,236,12,57,68,13,22.0,21.50423728813559,25,236,12,19.666666666666668,236,16,16,16,0.8730158730158696,0.003095,0.002995,0.5183369733262979,0.4921561459247037,0.5183369733262979,22.132453235706503,unique_starts
46,6,121,365,20,206,46,7,12.0,12.008219178082191,25,365,20,18.25,365,0,0,0,0.9999999999999972,0.003095,0.00212,0.5183369733262979,0.4790562634901327,0.5183369733262979,12.069673301429162,unique_starts
47,6,125,270,7,39,56,1,14.0,13.537037037037036,25,270,7,38.57142857142857,270,810,810,810,-0.49999999999999956,0.003095,0.004175,0.5183369733262979,0.3723974808647528,0.5183369733262979,14.160128153805086,unique_starts
48,6,133,51,5,22,16,18,23.0,22.784313725490197,25,51,5,10.2,51,8,8,8,0.7288135593220215,0.003095,0.003455,0.5183369733262979,0.40834813465235587,0.5183369733262979,23.21320071635561,unique_starts
49,6,147,264,10,41,64,9,19.0,19.079545454545453,25,264,10,26.4,264,1065,1065,1065,-0.6027088036117377,0.003095,0.00412,0.5183369733262979,0.4966726365256857,0.5183369733262979,19.156173761888606,unique_starts
50,6,157,45,3,16,13,20,24.0,23.42222222222222,25,45,3,15.0,45,0,0,0,0.9999999999999777,0.003095,0.00224,0.5183369733262979,0.4360808470049738,0.5183369733262979,24.25,unique_starts
51,6,179,184,19,184,23,2,6.0,7.25,25,184,19,9.68421052631579,184,47,47,47,0.5930735930735905,0.003095,0.00165,0.5183369733262979,0.5689519284458886,0.5689519284458886,6.073720978077448,unique_starts
52,6,186,98,8,80,11,2,6.0,7.489795918367347,24,98,8,12.25,98,97,97,97,0.005128205128205102,0.003095,0.00126,0.5183369733262979,0.4246314878988181,0.5183369733262979,6.111803398874989,unique_starts
53,6,196,98,7,38,20,17,23.0,22.275510204081634,25,98,7,14.0,98,1,0,0,0.9999999999999899,0.003095,0.00287,0.5183369733262979,0.36280201708894627,0.5183369733262979,23.162221421130763,unique_starts
54,6,199,103,6,44,15,16,21.0,21.349514563106798,25,103,6,17.166666666666668,103,0,0,0,0.9999999999999903,0.003095,0.00268,0.5183369733262979,0.5690552560543798,0.5690552560543798,21.15075567228888,unique_starts
55,6,243,6,4,6,4,1,1.0,1.3333333333333333,2,6,4,1.5,6,19,19,19,-0.5199999999999793,0.003095,0.002845,0.5183369733262979,0.47798288494927843,0.5183369733262979,1.4082482904638631,unique_starts
56,6,259,36,2,24,3,12,18.5,18.5,25,36,2,18.0,36,2,0,0,0.9999999999999721,0.003095,0.00102,0.5183369733262979,1.0660615445434947,1.0660615445434947,18.70412414523193,unique_starts
57,6,281,1249,22,212,171,8,17.0,17.147317854283425,25,1249,22,56.77272727272727,1249,837,837,837,0.1975071907957813,0.003095,0.003665,0.5183369733262979,0.5084243360159619,0.5183369733262979,17.068680281974345,unique_starts
58,6,309,1035,26,171,240,1,12.0,11.827053140096618,25,1035,26,39.80769230769231,1035,1260,1260,1260,-0.09803921568627447,0.003095,0.003055,0.5183369733262979,0.48484104579254805,0.5183369733262979,12.076471911290188,unique_starts
59,6,319,172,14,112,29,2,7.0,8.354651162790697,25,172,14,12.285714285714286,172,267,267,267,-0.2164009111617307,0.003095,0.002245,0.5183369733262979,0.4303008855946258,0.5183369733262979,7.094491118252307,unique_starts
60,6,371,35,3,23,4,9,18.0,17.257142857142856,25,35,3,11.666666666666666,35,0,0,0,0.9999999999999714,0.003095,0.00072,0.5183369733262979,2.0840511964640234,2.0840511964640234,18.208514414057074,unique_starts
61,6,402,3,2,2,3,8,9.0,8.666666666666666,9,3,2,1.5,3,25,25,25,-0.7857142857142577,0.003095,0.00217,0.5183369733262979,0.45222558449769595,0.5183369733262979,9.707106781186548,unique_starts
62,6,481,47,3,7,20,9,14.0,13.914893617021276,21,47,3,15.666666666666666,47,73,73,73,-0.21666666666666487,0.003095,0.00295,0.5183369733262979,0.3715708750101002,0.5183369733262979,14.377964473009227,unique_starts
63,7,2,11,2,9,3,19,22.0,22.0,25,11,2,5.5,11,0,0,0,0.9999999999999091,0.00345,0.00384,0.473565075387291,0.49557695833984555,0.49557695833984555,22.333333333333332,unique_starts
64,7,28,123,5,24,25,1,9.0,8.504065040650406,23,123,5,24.6,123,31,31,31,0.5974025974025935,0.00345,0.002415,0.473565075387291,0.42854134755998907,0.473565075387291,9.204124145231932,unique_starts
65,7,56,20,7,11,14,1,24.0,22.1,25,20,7,2.857142857142857,20,292,292,292,-0.8717948717948689,0.00345,0.003085,0.473565075387291,0.5396960390661362,0.5396960390661362,24.301511344577765,unique_starts
66,7,77,195,10,34,94,1,10.0,9.953846153846154,22,195,10,19.5,195,101,101,101,0.3175675675675665,0.00345,0.00234,0.473565075387291,0.4473317645634032,0.473565075387291,10.171498585142508,unique_starts
67,7,133,222,8,27,83,1,9.0,9.121621621621621,25,222,8,27.75,222,490,490,490,-0.37640449438202195,0.00345,0.003455,0.473565075387291,0.40834813465235587,0.473565075387291,9.192450089729876,unique_starts
68,7,139,70,7,25,29,19,24.0,23.47142857142857,25,70,7,10.0,70,0,0,0,0.9999999999999858,0.00345,0.00315,0.473565075387291,0.5763001546805818,0.5763001546805818,24.2,unique_starts
69,7,143,181,6,23,53,1,9.0,9.066298342541437,20,181,6,30.166666666666668,181,302,302,302,-0.25051759834368476,0.00345,0.003425,0.473565075387291,0.4310573077101274,0.473565075387291,9.208514414057074,unique_starts
70,7,167,7,2,3,4,1,3.0,2.5714285714285716,4,7,2,3.5,7,61,61,61,-0.7941176470588119,0.00345,0.002905,0.473565075387291,0.5523326473861818,0.5523326473861818,3.5773502691896257,unique_starts
71,7,175,53,4,21,15,18,23.0,22.452830188679247,25,53,4,13.25,53,37,37,37,0.17777777777777581,0.00345,0.00503,0.473565075387291,0.7573380297747923,0.7573380297747923,23.21821789023599,unique_starts
72,7,179,32,7,32,7,11,15.0,15.4375,23,32,7,4.571428571428571,32,30,30,30,0.03225806451612851,0.00345,0.00165,0.473565075387291,0.5689519284458886,0.5689519284458886,15.176776695296637,unique_starts
73,7,196,74,3,10,19,1,6.0,6.878378378378378,15,74,3,24.666666666666668,74,12,0,0,0.9999999999999866,0.00345,0.00287,0.473565075387291,0.36280201708894627,0.473565075387291,6.316227766016838,unique_starts
74,7,222,1128,11,114,136,1,13.0,13.040780141843971,25,1128,11,102.54545454545455,1128,98,98,98,0.8401305057096242,0.00345,0.00284,0.473565075387291,0.4041667145429749,0.473565075387291,13.09365858115817,unique_starts
75,7,243,46,3,9,16,18,22.5,22.391304347826086,25,46,3,15.333333333333334,46,0,0,0,0.9999999999999782,0.00345,0.002845,0.473565075387291,0.47798288494927843,0.47798288494927843,22.833333333333332,unique_starts
76,7,271,30,7,14,20,13,16.0,17.866666666666667,25,30,7,4.285714285714286,30,84,84,84,-0.47368421052631166,0.00345,0.002355,0.473565075387291,0.46904630509061107,0.473565075387291,16.267261241912426,unique_starts
77,7,273,35,3,13,11,20,24.0,23.37142857142857,25,35,3,11.666666666666666,35,9,0,0,0.9999999999999714,0.00345,0.0032,0.473565075387291,0.505500130278,0.505500130278,24.277350098112613,unique_starts
78,7,290,60,6,15,32,1,5.0,4.633333333333334,10,60,6,10.0,60,771,771,771,-0.855595667870035,0.00345,0.002905,0.473565075387291,0.5506580655999675,0.5506580655999675,5.258198889747161,unique_starts
79,7,318,3252,16,284,328,1,13.0,13.134378843788438,25,3252,16,203.25,3252,503,503,503,0.7320905459387481,0.00345,0.003055,0.473565075387291,0.4226365509545472,0.473565075387291,13.059339082909693,unique_starts
80,7,319,40,5,20,10,12,16.5,16.85,23,40,5,8.0,40,141,141,141,-0.5580110497237538,0.00345,0.002245,0.473565075387291,0.4303008855946258,0.473565075387291,16.72360679774998,unique_starts
81,7,347,1179,11,139,109,1,15.0,14.661577608142494,25,1179,11,107.18181818181819,1179,287,287,287,0.6084583901773529,0.00345,0.002635,0.473565075387291,0.42694736380270404,0.473565075387291,15.084818892967997,unique_starts
82,7,362,623,20,178,172,16,23.0,22.892455858747994,25,623,20,31.15,623,0,0,0,0.9999999999999983,0.00345,0.002515,0.473565075387291,0.439699243799817,0.473565075387291,23.074953168899587,unique_starts
83,7,410,48,3,12,10,8,18.5,17.958333333333332,24,48,3,16.0,48,48,48,48,0.0,0.00345,0.002505,0.473565075387291,0.5908932537877524,0.5908932537877524,18.78867513459481,unique_starts
84,7,429,49,2,11,8,9,16.0,15.857142857142858,21,49,2,24.5,49,138,138,138,-0.4759358288770028,0.00345,0.0033,0.473565075387291,0.6319999683881292,0.6319999683881292,16.301511344577765,unique_starts
85,7,463,27,5,19,7,16,20.0,20.14814814814815,25,27,5,5.4,27,0,0,0,0.999999999999963,0.00345,0.00216,0.473565075387291,0.5081641748793143,0.5081641748793143,20.22941573387056,unique_starts
86,7,474,46,4,12,15,1,5.0,5.8478260869565215,13,46,4,11.5,46,37,37,37,0.10843373493975773,0.00345,0.002335,0.473565075387291,0.47326325022320526,0.473565075387291,5.288675134594813,unique_starts
87,8,4,57,3,9,27,10,20.0,19.43859649122807,25,57,3,19.0,57,144,144,144,-0.43283582089552025,0.00305,0.0034,0.5406985617322061,0.42665327824002786,0.5406985617322061,20.333333333333332,unique_starts
88,8,21,31,4,31,5,10,17.0,16.451612903225808,23,31,4,7.75,31,5,0,0,0.9999999999999678,0.00305,0.001335,0.5406985617322061,0.7000075364621832,0.7000075364621832,17.179605302026776,unique_starts
89,8,22,1089,27,152,211,1,11.0,10.579430670339761,22,1089,27,40.333333333333336,1089,0,0,0,0.9999999999999991,0.00305,0.00375,0.5406985617322061,0.6446610524678009,0.6446610524678009,11.081110710565381,unique_starts
90,8,43,302,20,104,64,12,20.0,19.814569536423843,25,302,20,15.1,302,0,0,0,0.9999999999999966,0.00305,0.00192,0.5406985617322061,0.4331654262548746,0.5406985617322061,20.09805806756909,unique_starts
91,8,77,43,2,9,9,13,18.0,17.813953488372093,23,43,2,21.5,43,9,9,9,0.6538461538461412,0.00305,0.00234,0.5406985617322061,0.4473317645634032,0.5406985617322061,18.333333333333332,unique_starts
92,8,79,1437,27,207,247,1,8.0,8.193458594293668,19,1437,27,53.22222222222222,1437,222,222,222,0.7323688969258586,0.00305,0.003325,0.5406985617322061,0.5566279042981374,0.5566279042981374,8.06950480468569,unique_starts
93,8,80,90,3,15,23,3,9.0,9.277777777777779,16,90,3,30.0,90,29,29,29,0.5126050420168025,0.00305,0.003105,0.5406985617322061,0.54911977059455,0.54911977059455,9.258198889747161,unique_starts
94,8,100,297,8,54,58,1,15.0,14.774410774410775,25,297,8,37.125,297,50,50,50,0.7118155619596521,0.00305,0.0028,0.5406985617322061,0.4530066985824541,0.5406985617322061,15.136082763487954,unique_starts
95,8,118,84,2,8,24,10,20.0,19.428571428571427,25,84,2,42.0,84,154,154,154,-0.2941176470588223,0.00305,0.002715,0.5406985617322061,0.3381375536578267,0.5406985617322061,20.353553390593273,unique_starts
96,8,144,607,12,97,94,1,9.0,9.199341021416805,22,607,12,50.583333333333336,607,58,58,58,0.8255639097744348,0.00305,0.00326,0.5406985617322061,0.4284130917563028,0.5406985617322061,9.101534616513362,unique_starts
97,8,149,119,5,32,27,3,9.0,9.571428571428571,17,119,5,23.8,119,151,151,151,-0.11851851851851807,0.00305,0.002245,0.5406985617322061,0.4477196573186491,0.5406985617322061,9.176776695296637,unique_starts
98,8,164,443,23,165,92,10,20.0,20.103837471783297,25,443,23,19.26086956521739,443,973,973,973,-0.3742937853107342,0.00305,0.002755,0.5406985617322061,0.46236208579247506,0.5406985617322061,20.07784989441615,unique_starts
99,8,169,50,4,16,10,16,21.0,21.2,25,50,4,12.5,50,0,0,0,0.99999999999998,0.00305,0.003075,0.5406985617322061,0.5191317792488794,0.5406985617322061,21.25,unique_starts
100,8,171,933,28,184,183,1,16.0,15.988210075026796,25,933,28,33.32142857142857,933,209,209,209,0.6339754816112079,0.00305,0.00343,0.5406985617322061,0.6091865893282263,0.6091865893282263,16.07372097807745,unique_starts
101,8,172,54,4,21,15,3,12.5,12.962962962962964,24,54,4,13.5,54,553,553,553,-0.8220757825370661,0.00305,0.00297,0.5406985617322061,0.4684363793861522,0.5406985617322061,12.718217890235993,unique_starts
102,8,179,102,17,102,18,9,17.0,16.392156862745097,24,102,17,6.0,102,3,3,3,0.942857142857134,0.00305,0.00165,0.5406985617322061,0.5689519284458886,0.5689519284458886,17.099014754297666,unique_starts
103,8,184,281,12,57,72,1,7.0,7.313167259786477,16,281,12,23.416666666666668,281,8,8,8,0.9446366782006888,0.00305,0.00261,0.5406985617322061,0.4440022572428347,0.5406985617322061,7.132453235706504,unique_starts
104,8,186,21,5,19,6,11,16.0,15.904761904761905,22,21,5,4.2,21,0,0,0,0.9999999999999525,0.00305,0.00126,0.5406985617322061,0.4246314878988181,0.5406985617322061,16.22941573387056,unique_starts
105,8,229,775,16,105,184,1,16.0,14.838709677419354,25,775,16,48.4375,775,127,127,127,0.7184035476718396,0.00305,0.00306,0.5406985617322061,0.23617874098724062,0.5406985617322061,16.097590007294855,unique_starts
106,8,230,395,19,84,115,1,6.0,7.491139240506329,20,395,19,20.789473684210527,395,160,160,160,0.42342342342342265,0.00305,0.00344,0.5406985617322061,0.5276863910046072,0.5406985617322061,6.109108945117996,unique_starts
107,8,248,102,12,67,20,13,19.0,19.225490196078432,25,102,12,8.5,102,5,0,0,0.9999999999999902,0.00305,0.002135,0.5406985617322061,0.4551679911609592,0.5406985617322061,19.122169444356306,unique_starts
108,8,251,66,9,35,21,18,23.0,22.78787878787879,25,66,9,7.333333333333333,66,0,0,0,0.9999999999999849,0.00305,0.002675,0.5406985617322061,0.4733873703025864,0.5406985617322061,23.169030850945703,unique_starts
109,8,258,60,5,27,16,1,4.0,3.65,7,60,5,12.0,60,0,0,0,0.9999999999999833,0.00305,0.00251,0.5406985617322061,0.4379225923469485,0.5406985617322061,4.192450089729875,unique_starts
110,8,271,57,9,34,19,16,19.0,19.42105263157895,25,57,9,6.333333333333333,57,582,582,582,-0.821596244131454,0.00305,0.002355,0.5406985617322061,0.46904630509061107,0.5406985617322061,19.17149858514251,unique_starts
111,8,273,119,9,36,32,7,14.0,14.033613445378151,21,119,9,13.222222222222221,119,2,0,0,0.9999999999999917,0.00305,0.0032,0.5406985617322061,0.505500130278,0.5406985617322061,14.166666666666666,unique_starts
112,8,288,385,7,47,79,5,19.0,18.73766233766234,25,385,7,55.0,385,176,176,176,0.3725490196078425,0.00305,0.002855,0.5406985617322061,0.3565540314868625,0.5406985617322061,19.145864991497895,unique_starts
113,8,315,42,2,7,9,3,8.0,8.30952380952381,14,42,2,21.0,42,2,0,0,0.9999999999999761,0.00305,0.00307,0.5406985617322061,0.5338410601299857,0.5406985617322061,8.377964473009227,unique_starts
114,8,335,128,6,39,31,16,22.0,21.6953125,25,128,6,21.333333333333332,128,10,0,0,0.9999999999999922,0.00305,0.003265,0.5406985617322061,0.33863745508677673,0.5406985617322061,22.160128153805086,unique_starts
115,8,410,70,20,52,36,18,24.0,23.457142857142856,25,70,20,3.5,70,141,141,141,-0.3364928909952591,0.00305,0.002505,0.5406985617322061,0.5908932537877524,0.5908932537877524,24.138675049056307,unique_starts
116,8,463,79,12,62,19,14,20.0,20.354430379746834,25,79,12,6.583333333333333,79,0,0,0,0.9999999999999875,0.00305,0.00216,0.5406985617322061,0.5081641748793143,0.5406985617322061,20.12700012700019,unique_starts
117,8,485,37,2,7,8,4,9.0,9.027027027027026,14,37,2,18.5,37,66,66,66,-0.2815533980582497,0.00305,0.002155,0.5406985617322061,0.43599835801952425,0.5406985617322061,9.377964473009227,unique_starts
118,10,6,45,8,29,16,20,23.0,23.155555555555555,25,45,8,5.625,45,154,154,154,-0.547738693467334,0.003525,0.003095,0.49946110985903625,0.5183369733262979,0.5183369733262979,23.18569533817705,unique_starts
119,10,21,24,10,24,10,12,16.0,16.458333333333332,22,24,10,2.4,24,30,30,30,-0.11111111111110905,0.003525,0.001335,0.49946110985903625,0.7000075364621832,0.7000075364621832,16.20412414523193,unique_starts
120,10,42,37,3,25,6,15,19.0,19.324324324324323,24,37,3,12.333333333333334,37,61,61,61,-0.244897959183671,0.003525,0.002905,0.49946110985903625,0.49705178564663943,0.49946110985903625,19.2,unique_starts
121,10,46,271,8,52,68,14,22.0,21.974169741697416,25,271,8,33.875,271,0,0,0,0.9999999999999962,0.003525,0.00281,0.49946110985903625,0.4994811286042713,0.4994811286042713,22.138675049056307,unique_starts
122,10,109,16,2,13,3,3,6.0,7.625,19,16,2,8.0,16,8,0,0,0.9999999999999376,0.003525,0.002985,0.49946110985903625,0.3581978582570581,0.49946110985903625,6.277350098112614,unique_starts
123,10,112,1116,20,414,133,1,19.0,18.406810035842295,25,1116,20,55.8,1116,532,532,532,0.35436893203883474,0.003525,0.00296,0.49946110985903625,0.4285491187954342,0.49946110985903625,19.049147318718298,unique_starts
124,10,117,20,4,11,10,1,24.0,17.6,25,20,4,5.0,20,1195,1195,1195,-0.9670781893004108,0.003525,0.002995,0.49946110985903625,0.4921561459247037,0.49946110985903625,24.301511344577765,unique_starts
125,10,121,47,10,27,22,17,22.0,21.78723404255319,25,47,10,4.7,47,0,0,0,0.9999999999999787,0.003525,0.00212,0.49946110985903625,0.4790562634901327,0.49946110985903625,22.192450089729874,unique_starts
126,10,139,4,2,2,4,23,24.5,24.25,25,4,2,2.0,4,0,0,0,0.99999999999975,0.003525,0.00315,0.49946110985903625,0.5763001546805818,0.5763001546805818,25.207106781186546,unique_starts
127,10,147,36,2,10,12,7,12.5,12.5,18,36,2,18.0,36,0,0,0,0.9999999999999721,0.003525,0.00412,0.49946110985903625,0.4966726365256857,0.49946110985903625,12.816227766016837,unique_starts
128,10,173,38,2,22,7,1,4.5,4.447368421052632,8,38,2,19.0,38,5,0,0,0.9999999999999737,0.003525,0.002675,0.49946110985903625,0.5108604177721788,0.5108604177721788,4.71320071635561,unique_starts
129,10,175,69,9,23,37,18,23.0,23.144927536231883,25,69,9,7.666666666666667,69,133,133,133,-0.3168316831683153,0.003525,0.00503,0.49946110985903625,0.7573380297747923,0.7573380297747923,23.208514414057074,unique_starts
130,10,179,17,5,17,5,12,16.0,16.88235294117647,24,17,5,3.4,17,52,52,52,-0.5072463768115869,0.003525,0.00165,0.49946110985903625,0.5689519284458886,0.5689519284458886,16.242535625036332,unique_starts
131,10,186,25,4,15,5,15,19.0,19.52,25,25,4,6.25,25,38,38,38,-0.20634920634920306,0.003525,0.00126,0.49946110985903625,0.4246314878988181,0.49946110985903625,19.25819888974716,unique_starts
132,10,205,91,7,59,16,13,17.0,17.32967032967033,25,91,7,13.0,91,96,96,96,-0.02673796791443836,0.003525,0.00069,0.49946110985903625,0.4815721475373711,0.49946110985903625,17.130188910980824,unique_starts
133,10,213,1654,20,310,285,10,22.0,21.325876662636034,25,1654,20,82.7,1654,0,0,0,0.9999999999999994,0.003525,0.00257,0.49946110985903625,0.4255281791303589,0.49946110985903625,22.056796183424705,unique_starts
134,10,238,16,3,9,9,1,4.5,11.0,25,16,3,5.333333333333333,16,907,907,907,-0.9653304442036825,0.003525,0.002405,0.49946110985903625,0.44709407160762304,0.49946110985903625,4.833333333333333,unique_starts
135,10,248,34,10,30,13,16,21.0,21.0,25,34,10,3.4,34,87,87,87,-0.4380165289256162,0.003525,0.002135,0.49946110985903625,0.4551679911609592,0.49946110985903625,21.182574185835055,unique_starts
136,10,259,18,5,16,6,4,13.0,11.333333333333334,18,18,5,3.6,18,29,29,29,-0.23404255319148437,0.003525,0.00102,0.49946110985903625,1.0660615445434947,1.0660615445434947,13.25,unique_starts
137,10,268,41,2,5,15,1,7.0,7.219512195121951,14,41,2,20.5,41,60,60,60,-0.18811881188118626,0.003525,0.00255,0.49946110985903625,0.43791978219162725,0.49946110985903625,7.447213595499958,unique_starts
138,10,281,437,19,79,109,3,12.0,12.5675057208238,23,437,19,23.0,437,1258,1258,1258,-0.4843657817109142,0.003525,0.003665,0.49946110985903625,0.5084243360159619,0.5084243360159619,12.112508790092603,unique_starts
139,10,294,257,9,34,77,1,8.0,8.194552529182879,21,257,9,28.555555555555557,257,32,32,32,0.7785467128027654,0.003525,0.00253,0.49946110985903625,0.42896663505169463,0.49946110985903625,8.171498585142508,unique_starts
140,10,324,3195,20,305,406,1,11.0,11.8037558685446,25,3195,20,159.75,3195,312,312,312,0.8220701454234386,0.003525,0.00328,0.49946110985903625,0.38585339304776145,0.49946110985903625,11.057259833431386,unique_starts
141,10,371,8,2,5,3,9,11.5,11.625,16,8,2,4.0,8,9,0,0,0.999999999999875,0.003525,0.00072,0.49946110985903625,2.0840511964640234,2.0840511964640234,11.947213595499958,unique_starts
142,10,378,365,5,44,52,1,13.0,13.106849315068493,25,365,5,73.0,365,112,112,112,0.5303983228511518,0.003525,0.00272,0.49946110985903625,0.2874139677247253,0.49946110985903625,13.150755672288883,unique_starts
143,10,382,86,4,22,19,1,20.0,16.77906976744186,25,86,4,21.5,86,2885,2885,2885,-0.9421070346684615,0.003525,0.00306,0.49946110985903625,0.5168753927781407,0.5168753927781407,20.21320071635561,unique_starts
144,10,462,439,8,78,61,1,9.0,9.542141230068337,24,439,8,54.875,439,0,0,0,0.9999999999999977,0.003525,0.00335,0.49946110985903625,0.4622577751318516,0.49946110985903625,9.11322770341446,unique_starts
145,16,3,802,11,163,80,3,16.0,16.473815461346632,25,802,11,72.9090909090909,802,3,0,0,0.9999999999999988,0.00306,0.003565,0.3930741805154096,0.5904218374331804,0.5904218374331804,16.078326044998796,unique_starts
146,16,39,364,10,83,62,4,18.0,17.62912087912088,25,364,10,36.4,364,500,500,500,-0.15740740740740722,0.00306,0.002705,0.3930741805154096,0.41176789607065134,0.41176789607065134,18.10976425998969,unique_starts
147,16,46,1596,15,248,157,1,13.0,13.427318295739349,25,1596,15,106.4,1596,53,53,53,0.9357186173438442,0.00306,0.00281,0.3930741805154096,0.4994811286042713,0.4994811286042713,13.063500063500095,unique_starts
148,16,117,203,5,51,37,12,20.0,19.995073891625616,25,203,5,40.6,203,764,764,764,-0.5801447776628743,0.00306,0.002995,0.3930741805154096,0.4921561459247037,0.4921561459247037,20.1400280084028,unique_starts
149,16,169,164,9,45,42,15,23.0,22.609756097560975,25,164,9,18.22222222222222,164,80,80,80,0.3442622950819658,0.00306,0.003075,0.3930741805154096,0.5191317792488794,0.5191317792488794,23.149071198499986,unique_starts
150,16,176,11,3,5,6,22,24.0,24.09090909090909,25,11,3,3.6666666666666665,11,518,518,518,-0.9584120982986749,0.00306,0.00293,0.3930741805154096,0.4160949662438087,0.4160949662438087,24.447213595499957,unique_starts
151,16,199,419,9,87,52,4,16.0,16.0381861575179,25,419,9,46.55555555555556,419,293,293,293,0.1769662921348312,0.00306,0.00268,0.3930741805154096,0.5690552560543798,0.5690552560543798,16.10721125348378,unique_starts
152,16,206,202,9,66,51,15,23.0,22.806930693069308,25,202,9,22.444444444444443,202,323,323,323,-0.23047619047619003,0.00306,0.002645,0.3930741805154096,0.4388475670472349,0.4388475670472349,23.123091490979334,unique_starts
153,16,238,1354,10,202,150,1,12.0,12.694977843426884,25,1354,10,135.4,1354,405,405,405,0.5395110858442294,0.00306,0.002405,0.3930741805154096,0.44709407160762304,0.44709407160762304,12.07035975447303,unique_starts
154,16,252,40,3,24,5,9,19.0,18.45,25,40,3,13.333333333333334,40,9,0,0,0.9999999999999749,0.00306,0.00348,0.3930741805154096,0.32521551737612986,0.3930741805154096,19.20412414523193,unique_starts
155,16,294,292,9,69,49,8,21.0,20.565068493150687,25,292,9,32.44444444444444,292,0,0,0,0.9999999999999964,0.00306,0.00253,0.3930741805154096,0.42896663505169463,0.42896663505169463,21.120385853085768,unique_starts
156,16,324,7,3,6,5,1,1.0,2.857142857142857,7,7,3,2.3333333333333335,7,121,121,121,-0.8906249999999931,0.00306,0.00328,0.3930741805154096,0.38585339304776145,0.3930741805154096,1.4082482904638631,unique_starts
157,16,328,895,18,179,135,1,7.0,7.326256983240223,22,895,18,49.72222222222222,895,79,79,79,0.8377823408624221,0.00306,0.00278,0.3930741805154096,0.4295227114706557,0.4295227114706557,7.074743509275193,unique_starts
158,16,382,138,6,46,22,1,6.0,5.920289855072464,14,138,6,23.0,138,9,9,9,0.8775510204081574,0.00306,0.00306,0.3930741805154096,0.5168753927781407,0.5168753927781407,6.147441956154897,unique_starts
159,16,383,36,2,13,6,12,18.5,18.63888888888889,25,36,2,18.0,36,58,0,0,0.9999999999999721,0.00306,0.00295,0.3930741805154096,0.47953992323646644,0.47953992323646644,18.777350098112613,unique_starts
160,16,404,449,11,102,64,2,14.0,14.456570155902005,25,449,11,40.81818181818182,449,96,96,96,0.6477064220183474,0.00306,0.00219,0.3930741805154096,0.5171261636058332,0.5171261636058332,14.099014754297668,unique_starts
161,16,406,1048,15,197,141,8,20.0,20.114503816793892,25,1048,15,69.86666666666666,1048,420,420,420,0.42779291553133486,0.00306,0.002805,0.3930741805154096,0.47566766402598537,0.47566766402598537,20.07124704998791,unique_starts
162,16,430,298,8,93,33,3,10.0,10.070469798657719,21,298,8,37.25,298,0,0,0,0.9999999999999966,0.00306,0.00263,0.3930741805154096,0.45111919326183225,0.45111919326183225,10.103695169473042,unique_starts
163,16,462,56,5,17,23,1,23.0,18.982142857142858,25,56,5,11.2,56,695,695,695,-0.8508655126497991,0.00306,0.00335,0.3930741805154096,0.4622577751318516,0.4622577751318516,23.242535625036332,unique_starts
164,16,487,570,11,155,51,1,9.0,9.312280701754386,25,570,11,51.81818181818182,570,1637,1637,1637,-0.4834617127322155,0.00306,0.00309,0.3930741805154096,0.4986519883489159,0.4986519883489159,9.08032193289025,unique_starts
165,16,494,454,9,81,65,8,20.0,19.004405286343612,25,454,9,50.44444444444444,454,1078,1078,1078,-0.40731070496083527,0.00306,0.002885,0.3930741805154096,0.4433285498558166,0.4433285498558166,20.11111111111111,unique_starts
166,21,2,85,6,9,85,7,13.0,14.470588235294118,25,85,6,14.166666666666666,85,197,197,197,-0.39716312056737446,0.001335,0.00384,0.7000075364621832,0.49557695833984555,0.7000075364621832,13.333333333333334,unique_starts
167,21,6,21,5,5,21,7,20.0,15.761904761904763,25,21,5,4.2,21,95,95,95,-0.6379310344827531,0.001335,0.003095,0.7000075364621832,0.5183369733262979,0.7000075364621832,20.447213595499957,unique_starts
168,21,7,16,2,2,16,16,21.5,21.0,25,16,2,8.0,16,4,0,0,0.9999999999999376,0.001335,0.00345,0.7000075364621832,0.473565075387291,0.7000075364621832,22.207106781186546,unique_starts
169,21,10,30,5,5,30,17,22.0,21.633333333333333,25,30,5,6.0,30,24,24,24,0.11111111111110905,0.001335,0.003525,0.7000075364621832,0.49946110985903625,0.7000075364621832,22.447213595499957,unique_starts
170,21,22,30,10,10,30,7,23.5,21.9,25,30,10,3.0,30,171,171,171,-0.7014925373134293,0.001335,0.00375,0.7000075364621832,0.6446610524678009,0.7000075364621832,23.816227766016837,unique_starts
171,21,39,53,7,9,53,13,19.0,18.69811320754717,25,53,7,7.571428571428571,53,31,31,31,0.2619047619047588,0.001335,0.002705,0.7000075364621832,0.41176789607065134,0.7000075364621832,19.333333333333332,unique_starts
172,21,58,34,13,14,34,6,9.0,13.794117647058824,25,34,13,2.6153846153846154,34,26,26,26,0.1333333333333311,0.001335,0.0027,0.7000075364621832,0.45943690378043944,0.7000075364621832,9.267261241912424,unique_starts
173,21,79,36,10,11,36,14,21.0,20.555555555555557,25,36,10,3.6,36,3,0,0,0.9999999999999721,0.001335,0.003325,0.7000075364621832,0.5566279042981374,0.7000075364621832,21.301511344577765,unique_starts
174,21,80,70,15,15,70,12,18.0,18.7,25,70,15,4.666666666666667,70,11,11,11,0.7283950617283861,0.001335,0.003105,0.7000075364621832,0.54911977059455,0.7000075364621832,18.25819888974716,unique_starts
175,21,84,9,4,4,9,17,24.0,23.0,25,9,4,2.25,9,3,0,0,0.9999999999998889,0.001335,0.003185,0.7000075364621832,0.4087675614805981,0.7000075364621832,24.5,unique_starts
176,21,98,10,4,5,10,17,24.0,22.8,25,10,4,2.5,10,1,0,0,0.9999999999999,0.001335,0.00306,0.7000075364621832,0.34307339056976743,0.7000075364621832,24.447213595499957,unique_starts
177,21,100,3,2,2,3,18,23.0,22.0,25,3,2,1.5,3,2,0,0,0.9999999999996666,0.001335,0.0028,0.7000075364621832,0.4530066985824541,0.7000075364621832,23.707106781186546,unique_starts
178,21,115,40,11,12,40,17,19.0,19.05,23,40,11,3.6363636363636362,40,14,14,14,0.4814814814814726,0.001335,0.002855,0.7000075364621832,0.4573735327292514,0.7000075364621832,19.28867513459481,unique_starts
179,21,117,73,12,13,67,11,19.0,18.52054794520548,25,73,12,6.083333333333333,73,17,17,17,0.6222222222222153,0.001335,0.002995,0.7000075364621832,0.4921561459247037,0.7000075364621832,19.277350098112613,unique_starts
180,21,121,175,78,107,175,4,6.0,5.617142857142857,7,175,78,2.2435897435897436,175,7,7,7,0.923076923076918,0.001335,0.00212,0.7000075364621832,0.4790562634901327,0.7000075364621832,6.0966736489045665,unique_starts
181,21,125,11,2,2,11,17,20.0,20.727272727272727,25,11,2,5.5,11,45,45,45,-0.6071428571428463,0.001335,0.004175,0.7000075364621832,0.3723974808647528,0.7000075364621832,20.707106781186546,unique_starts
182,21,139,144,24,26,144,8,12.5,12.618055555555555,23,144,24,6.0,144,47,47,47,0.5078534031413586,0.001335,0.00315,0.7000075364621832,0.5763001546805818,0.7000075364621832,12.696116135138183,unique_starts
183,21,144,87,8,8,87,6,12.0,13.045977011494253,25,87,8,10.875,87,89,89,89,-0.0113636363636363,0.001335,0.00326,0.7000075364621832,0.4284130917563028,0.7000075364621832,12.353553390593273,unique_starts
184,21,149,18,7,7,18,13,18.5,19.0,25,18,7,2.5714285714285716,18,4,4,4,0.6363636363636075,0.001335,0.002245,0.7000075364621832,0.4477196573186491,0.7000075364621832,18.87796447300923,unique_starts
185,21,157,25,5,5,25,17,21.0,21.04,25,25,5,5.0,25,1,0,0,0.99999999999996,0.001335,0.00224,0.7000075364621832,0.4360808470049738,0.7000075364621832,21.447213595499957,unique_starts
186,21,167,4,2,2,4,21,23.5,23.25,25,4,2,2.0,4,33,33,33,-0.7837837837837626,0.001335,0.002905,0.7000075364621832,0.5523326473861818,0.7000075364621832,24.207106781186546,unique_starts
187,21,169,51,11,12,51,6,9.0,9.03921568627451,14,51,11,4.636363636363637,51,78,78,78,-0.20930232558139372,0.001335,0.003075,0.7000075364621832,0.5191317792488794,0.7000075364621832,9.288675134594813,unique_starts
188,21,175,221,25,30,221,6,11.0,12.248868778280542,25,221,25,8.84,221,161,161,161,0.1570680628272247,0.001335,0.00503,0.7000075364621832,0.7573380297747923,0.7573380297747923,11.182574185835055,unique_starts
189,21,184,36,5,6,36,16,21.0,20.63888888888889,25,36,5,7.2,36,54,54,54,-0.1999999999999978,0.001335,0.00261,0.7000075364621832,0.4440022572428347,0.7000075364621832,21.408248290463863,unique_starts
190,21,186,9,9,9,9,1,1.0,1.0,1,9,9,1.0,9,8,8,8,0.05882352941176125,0.001335,0.00126,0.7000075364621832,0.4246314878988181,0.7000075364621832,1.3333333333333333,unique_starts
191,21,196,6,2,2,6,15,17.0,16.833333333333332,18,6,2,3.0,6,1,0,0,0.9999999999998334,0.001335,0.00287,0.7000075364621832,0.36280201708894627,0.7000075364621832,17.707106781186546,unique_starts
192,21,199,66,13,14,66,11,17.0,17.772727272727273,25,66,13,5.076923076923077,66,43,43,43,0.21100917431192467,0.001335,0.00268,0.7000075364621832,0.5690552560543798,0.7000075364621832,17.267261241912426,unique_starts
193,21,217,16,5,5,16,11,22.0,20.9375,25,16,5,3.2,16,56,56,56,-0.5555555555555479,0.001335,0.003145,0.7000075364621832,0.5280768414975939,0.7000075364621832,22.447213595499957,unique_starts
194,21,229,3,2,2,3,16,17.0,17.333333333333332,19,3,2,1.5,3,13,13,13,-0.624999999999961,0.001335,0.00306,0.7000075364621832,0.23617874098724062,0.7000075364621832,17.707106781186546,unique_starts
195,21,230,30,8,8,30,17,19.5,19.933333333333334,25,30,8,3.75,30,21,21,21,0.17647058823529066,0.001335,0.00344,0.7000075364621832,0.5276863910046072,0.7000075364621832,19.853553390593273,unique_starts
196,21,238,3,2,2,3,17,18.0,17.666666666666668,18,3,2,1.5,3,45,45,45,-0.8749999999999818,0.001335,0.002405,0.7000075364621832,0.44709407160762304,0.7000075364621832,18.707106781186546,unique_starts
197,21,243,71,14,15,71,7,10.0,10.985915492957746,21,71,14,5.071428571428571,71,30,30,30,0.4059405940594019,0.001335,0.002845,0.7000075364621832,0.47798288494927843,0.7000075364621832,10.258198889747161,unique_starts
198,21,247,5,2,2,5,15,17.0,18.2,25,5,2,2.5,5,0,0,0,0.9999999999997999,0.001335,0.002885,0.7000075364621832,0.36620018911671115,0.7000075364621832,17.707106781186546,unique_starts
199,21,248,196,93,155,194,3,4.0,4.142857142857143,6,196,93,2.10752688172043,196,6,6,6,0.940594059405936,0.001335,0.002135,0.7000075364621832,0.4551679911609592,0.7000075364621832,4.08032193289025,unique_starts
200,21,251,12,3,3,12,7,9.0,9.666666666666666,14,12,3,4.0,12,31,31,31,-0.44186046511626875,0.001335,0.002675,0.7000075364621832,0.4733873703025864,0.7000075364621832,9.577350269189626,unique_starts
201,21,252,9,3,3,9,17,23.0,22.11111111111111,25,9,3,3.0,9,27,27,27,-0.49999999999998607,0.001335,0.00348,0.7000075364621832,0.32521551737612986,0.7000075364621832,23.577350269189626,unique_starts
202,21,258,23,7,8,23,19,22.0,22.08695652173913,25,23,7,3.2857142857142856,23,71,71,71,-0.5106382978723351,0.001335,0.00251,0.7000075364621832,0.4379225923469485,0.7000075364621832,22.353553390593273,unique_starts
203,21,261,12,3,3,12,17,22.5,21.75,25,12,3,4.0,12,4,0,0,0.9999999999999166,0.001335,0.003005,0.7000075364621832,0.3332476057918914,0.7000075364621832,23.077350269189626,unique_starts
204,21,262,4,2,2,4,7,8.5,8.5,10,4,2,2.0,4,23,0,0,0.99999999999975,0.001335,0.00278,0.7000075364621832,0.20145072035126035,0.7000075364621832,9.207106781186548,unique_starts
205,21,268,10,4,4,10,20,24.0,23.5,25,10,4,2.5,10,0,0,0,0.9999999999999,0.001335,0.00255,0.7000075364621832,0.43791978219162725,0.7000075364621832,24.5,unique_starts
206,21,273,105,16,20,105,6,10.0,11.571428571428571,25,105,16,6.5625,105,91,91,91,0.07142857142857106,0.001335,0.0032,0.7000075364621832,0.505500130278,0.7000075364621832,10.223606797749978,unique_starts
207,21,281,110,12,13,110,6,11.0,12.972727272727273,25,110,12,9.166666666666666,110,124,124,124,-0.059829059829059575,0.001335,0.003665,0.7000075364621832,0.5084243360159619,0.7000075364621832,11.277350098112615,unique_starts
208,21,294,6,2,2,6,20,22.0,22.0,24,6,2,3.0,6,116,116,116,-0.9016393442622878,0.001335,0.00253,0.7000075364621832,0.42896663505169463,0.7000075364621832,22.707106781186546,unique_starts
209,21,309,41,8,9,41,13,19.0,19.634146341463413,25,41,8,5.125,41,33,33,33,0.10810810810810666,0.001335,0.003055,0.7000075364621832,0.48484104579254805,0.7000075364621832,19.333333333333332,unique_starts
210,21,315,62,9,10,62,11,20.0,19.85483870967742,25,62,9,6.888888888888889,62,9,9,9,0.7464788732394262,0.001335,0.00307,0.7000075364621832,0.5338410601299857,0.7000075364621832,20.316227766016837,unique_starts
211,21,316,8,2,2,8,20,22.5,22.5,25,8,2,4.0,8,6,0,0,0.999999999999875,0.001335,0.0025,0.7000075364621832,0.4490634320386163,0.7000075364621832,23.207106781186546,unique_starts
212,21,319,117,42,57,117,1,2.0,1.7435897435897436,3,117,42,2.7857142857142856,117,0,0,0,0.9999999999999915,0.001335,0.002245,0.7000075364621832,0.4303008855946258,0.7000075364621832,2.1324532357065045,unique_starts
213,21,335,83,9,11,83,6,14.0,14.662650602409638,25,83,9,9.222222222222221,83,82,82,82,0.006060606060606024,0.001335,0.003265,0.7000075364621832,0.33863745508677673,0.7000075364621832,14.301511344577763,unique_starts
214,21,383,43,10,11,42,7,17.0,17.53488372093023,25,43,10,4.3,43,116,116,116,-0.45911949685534303,0.001335,0.00295,0.7000075364621832,0.47953992323646644,0.7000075364621832,17.301511344577765,unique_starts
215,21,385,15,4,4,15,15,20.0,20.133333333333333,25,15,4,3.75,15,5,0,0,0.9999999999999333,0.001335,0.00381,0.7000075364621832,0.544885989019332,0.7000075364621832,20.5,unique_starts
216,21,389,30,5,5,30,16,22.0,21.466666666666665,25,30,5,6.0,30,12,12,12,0.42857142857141833,0.001335,0.002875,0.7000075364621832,0.26692962496119355,0.7000075364621832,22.447213595499957,unique_starts
217,21,402,8,2,2,8,16,21.5,21.25,25,8,2,4.0,8,6,6,6,0.14285714285713266,0.001335,0.00217,0.7000075364621832,0.45222558449769595,0.7000075364621832,22.207106781186546,unique_starts
218,21,433,26,6,7,25,6,15.5,14.884615384615385,25,26,6,4.333333333333333,26,59,59,59,-0.3882352941176425,0.001335,0.00295,0.7000075364621832,0.4187955072680345,0.7000075364621832,15.877964473009227,unique_starts
219,21,440,9,5,5,9,15,17.0,18.0,25,9,5,1.8,9,11,11,11,-0.09999999999999501,0.001335,0.002505,0.7000075364621832,0.4432001412722737,0.7000075364621832,17.447213595499957,unique_starts
220,21,463,193,91,116,189,4,6.0,5.642487046632124,7,193,91,2.120879120879121,193,3,3,3,0.9693877551020359,0.001335,0.00216,0.7000075364621832,0.5081641748793143,0.7000075364621832,6.092847669088526,unique_starts
221,21,481,88,7,10,88,7,12.5,13.556818181818182,25,88,7,12.571428571428571,88,59,59,59,0.19727891156462452,0.001335,0.00295,0.7000075364621832,0.3715708750101002,0.7000075364621832,12.816227766016837,unique_starts
222,21,485,9,3,4,9,16,22.0,20.11111111111111,24,9,3,3.0,9,7,7,7,0.1249999999999922,0.001335,0.002155,0.7000075364621832,0.43599835801952425,0.7000075364621832,22.5,unique_starts
223,21,494,39,6,6,39,18,21.0,21.256410256410255,25,39,6,6.5,39,34,34,34,0.06849315068493057,0.001335,0.002885,0.7000075364621832,0.4433285498558166,0.7000075364621832,21.408248290463863,unique_starts
224,22,7,70,6,31,19,20,24.0,23.314285714285713,25,70,6,11.666666666666666,70,0,0,0,0.9999999999999858,0.00375,0.00345,0.6446610524678009,0.473565075387291,0.6446610524678009,24.179605302026776,unique_starts
225,22,21,171,19,171,21,2,6.0,6.684210526315789,20,171,19,9.0,171,30,30,30,0.7014925373134293,0.00375,0.001335,0.6446610524678009,0.7000075364621832,0.7000075364621832,6.076471911290187,unique_starts
226,22,39,277,10,87,60,16,23.0,22.498194945848375,25,277,10,27.7,277,1,0,0,0.9999999999999963,0.00375,0.002705,0.6446610524678009,0.41176789607065134,0.6446610524678009,23.10721125348378,unique_starts
227,22,43,1059,45,365,153,3,8.0,8.277620396600566,16,1059,45,23.533333333333335,1059,0,0,0,0.9999999999999991,0.00375,0.00192,0.6446610524678009,0.4331654262548746,0.6446610524678009,8.052342392259021,unique_starts
228,22,79,131,7,18,43,2,11.0,11.381679389312977,20,131,7,18.714285714285715,131,209,209,209,-0.22941176470588165,0.00375,0.003325,0.6446610524678009,0.5566279042981374,0.6446610524678009,11.235702260395517,unique_starts
229,22,80,56,3,7,24,4,12.0,12.071428571428571,20,56,3,18.666666666666668,56,221,221,221,-0.5956678700360989,0.00375,0.003105,0.6446610524678009,0.54911977059455,0.6446610524678009,12.377964473009227,unique_starts
230,22,88,45,2,10,12,17,22.0,22.08888888888889,25,45,2,22.5,45,0,0,0,0.9999999999999777,0.00375,0.00285,0.6446610524678009,0.3243399356820196,0.6446610524678009,22.316227766016837,unique_starts
231,22,117,196,9,49,49,15,22.0,21.709183673469386,25,196,9,21.77777777777778,196,0,0,0,0.9999999999999949,0.00375,0.002995,0.6446610524678009,0.4921561459247037,0.6446610524678009,22.142857142857142,unique_starts
232,22,139,107,12,28,62,1,4.0,4.570093457943925,13,107,12,8.916666666666666,107,825,825,825,-0.7703862660944197,0.00375,0.00315,0.6446610524678009,0.5763001546805818,0.6446610524678009,4.188982236504613,unique_starts
233,22,143,58,3,17,10,17,22.0,22.20689655172414,25,58,3,19.333333333333332,58,0,0,0,0.9999999999999827,0.00375,0.003425,0.6446610524678009,0.4310573077101274,0.6446610524678009,22.242535625036332,unique_starts
234,22,144,47,5,17,17,1,4.0,3.617021276595745,7,47,5,9.4,47,6,6,6,0.7735849056603628,0.00375,0.00326,0.6446610524678009,0.4284130917563028,0.6446610524678009,4.242535625036333,unique_starts
235,22,149,5,2,3,3,10,13.0,14.4,19,5,2,2.5,5,295,295,295,-0.9666666666666633,0.00375,0.002245,0.6446610524678009,0.4477196573186491,0.6446610524678009,13.577350269189626,unique_starts
236,22,157,35,7,18,19,20,24.0,23.742857142857144,25,35,7,5.0,35,42,42,42,-0.09090909090908973,0.00375,0.00224,0.6446610524678009,0.4360808470049738,0.6446610524678009,24.235702260395517,unique_starts
237,22,167,11,2,5,5,22,24.0,24.09090909090909,25,11,2,5.5,11,0,0,0,0.9999999999999091,0.00375,0.002905,0.6446610524678009,0.5523326473861818,0.6446610524678009,24.447213595499957,unique_starts
238,22,169,498,15,125,72,9,16.0,16.20281124497992,25,498,15,33.2,498,60,60,60,0.7849462365591383,0.00375,0.003075,0.6446610524678009,0.5191317792488794,0.6446610524678009,16.089442719099992,unique_starts
239,22,171,32,2,6,12,12,18.5,18.40625,25,32,2,16.0,32,38,38,38,-0.0857142857142845,0.00375,0.00343,0.6446610524678009,0.6091865893282263,0.6446610524678009,18.908248290463863,unique_starts
240,22,175,82,8,45,22,1,3.0,3.5609756097560976,7,82,8,10.25,82,29,29,29,0.4774774774774732,0.00375,0.00503,0.6446610524678009,0.7573380297747923,0.7573380297747923,3.149071198499986,unique_starts
241,22,179,246,32,246,36,2,6.0,6.162601626016261,13,246,32,7.6875,246,13,13,13,0.899613899613896,0.00375,0.00165,0.6446610524678009,0.5689519284458886,0.6446610524678009,6.063757671306334,unique_starts
242,22,186,114,15,106,18,2,7.0,6.885964912280702,13,114,15,7.6,114,35,35,35,0.5302013422818757,0.00375,0.00126,0.6446610524678009,0.4246314878988181,0.6446610524678009,7.097128586235726,unique_starts
243,22,199,556,17,121,90,13,21.0,20.584532374100718,25,556,17,32.705882352941174,556,1,0,0,0.9999999999999981,0.00375,0.00268,0.6446610524678009,0.5690552560543798,0.6446610524678009,21.09090909090909,unique_starts
244,22,248,385,35,298,54,6,11.0,10.958441558441558,18,385,35,11.0,385,153,153,153,0.4312267657992557,0.00375,0.002135,0.6446610524678009,0.4551679911609592,0.6446610524678009,11.05792844463635,unique_starts
245,22,251,1019,31,260,137,9,17.0,16.619234543670267,25,1019,31,32.87096774193548,1019,81,81,81,0.852727272727272,0.00375,0.002675,0.6446610524678009,0.4733873703025864,0.6446610524678009,17.062017367294604,unique_starts
246,22,271,13,4,10,7,16,21.0,21.153846153846153,25,13,4,3.25,13,51,51,51,-0.5937499999999908,0.00375,0.002355,0.6446610524678009,0.46904630509061107,0.6446610524678009,21.316227766016837,unique_starts
247,22,273,356,29,165,100,1,4.0,4.558988764044944,18,356,29,12.275862068965518,356,941,941,941,-0.4510408635312256,0.00375,0.0032,0.6446610524678009,0.505500130278,0.6446610524678009,4.077849894416152,unique_starts
248,22,279,219,12,62,49,1,23.0,21.91324200913242,25,219,12,18.25,219,90,0,0,0.9999999999999954,0.00375,0.00293,0.6446610524678009,0.40818291842784804,0.6446610524678009,23.12700012700019,unique_starts
249,22,288,73,4,9,32,13,21.0,20.397260273972602,25,73,4,18.25,73,55,55,55,0.14062499999999892,0.00375,0.002855,0.6446610524678009,0.3565540314868625,0.6446610524678009,21.333333333333332,unique_starts
250,22,335,59,2,10,11,12,19.0,18.779661016949152,25,59,2,29.5,59,0,0,0,0.999999999999983,0.00375,0.003265,0.6446610524678009,0.33863745508677673,0.6446610524678009,19.316227766016837,unique_starts
251,22,383,212,10,54,40,12,22.0,21.004716981132077,25,212,10,21.2,212,50,50,50,0.6183206106870205,0.00375,0.00295,0.6446610524678009,0.47953992323646644,0.6446610524678009,22.136082763487956,unique_starts
252,22,432,15,2,7,6,22,24.0,24.066666666666666,25,15,2,7.5,15,0,0,0,0.9999999999999333,0.00375,0.002895,0.6446610524678009,0.38597465955399696,0.6446610524678009,24.37796447300923,unique_starts
253,22,433,25,2,9,11,8,14.0,14.96,25,25,2,12.5,25,4,0,0,0.99999999999996,0.00375,0.00295,0.6446610524678009,0.4187955072680345,0.6446610524678009,14.333333333333334,unique_starts
254,22,440,41,8,18,15,19,24.0,23.414634146341463,25,41,8,5.125,41,3,0,0,0.9999999999999756,0.00375,0.002505,0.6446610524678009,0.4432001412722737,0.6446610524678009,24.235702260395517,unique_starts
255,22,463,551,38,337,74,7,12.0,12.397459165154265,25,551,38,14.5,551,0,0,0,0.9999999999999981,0.00375,0.00216,0.6446610524678009,0.5081641748793143,0.6446610524678009,12.054473471070285,unique_starts
256,22,485,11,2,5,6,11,23.0,19.818181818181817,25,11,2,5.5,11,342,342,342,-0.9376770538243598,0.00375,0.002155,0.6446610524678009,0.43599835801952425,0.6446610524678009,23.447213595499957,unique_starts
257,22,494,148,13,58,46,20,24.0,23.39864864864865,25,148,13,11.384615384615385,148,17,17,17,0.7939393939393892,0.00375,0.002885,0.6446610524678009,0.4433285498558166,0.6446610524678009,24.131306432859724,unique_starts
258,24,84,13,2,5,4,1,3.0,3.3076923076923075,6,13,2,6.5,13,639,639,639,-0.9601226993865015,0.002975,0.003185,0.4451639107771672,0.4087675614805981,0.4451639107771672,3.447213595499958,unique_starts
259,24,120,3738,33,507,414,5,18.0,17.399143927233816,25,3738,33,113.27272727272727,3738,29,0,0,0.9999999999999998,0.002975,0.00351,0.4451639107771672,0.6286366289947183,0.6286366289947183,18.044411559168434,unique_starts
260,24,147,8,2,2,8,1,11.5,10.625,15,8,2,4.0,8,526,526,526,-0.9700374531835187,0.002975,0.00412,0.4451639107771672,0.4966726365256857,0.4966726365256857,12.207106781186548,unique_starts
261,24,205,5,2,4,3,15,16.0,15.8,17,5,2,2.5,5,45,45,45,-0.799999999999984,0.002975,0.00069,0.4451639107771672,0.4815721475373711,0.4815721475373711,16.5,unique_starts
262,24,224,1694,26,273,236,1,8.0,8.438606847697757,20,1694,26,65.15384615384616,1694,15,15,15,0.9824458747805729,0.002975,0.003435,0.4451639107771672,0.5524327933598494,0.5524327933598494,8.06052275326688,unique_starts
263,24,304,1418,34,542,149,1,13.0,12.800423131170662,25,1418,34,41.705882352941174,1418,5,0,0,0.9999999999999993,0.002975,0.003015,0.4451639107771672,0.5149114583441843,0.5149114583441843,13.042953677958756,unique_starts
264,24,316,57,2,9,16,16,22.0,21.666666666666668,25,57,2,28.5,57,244,244,244,-0.6212624584717586,0.002975,0.0025,0.4451639107771672,0.4490634320386163,0.4490634320386163,22.333333333333332,unique_starts
265,24,402,4,2,4,2,1,22.5,17.5,24,4,2,2.0,4,1368,1368,1368,-0.9941690962099119,0.002975,0.00217,0.4451639107771672,0.45222558449769595,0.45222558449769595,23.0,unique_starts
266,28,7,31,6,18,14,21,24.0,23.903225806451612,25,31,6,5.166666666666667,31,123,123,123,-0.5974025974025935,0.002415,0.00345,0.42854134755998907,0.473565075387291,0.473565075387291,24.235702260395517,unique_starts
267,28,56,409,17,75,122,1,13.0,12.185819070904646,25,409,17,24.058823529411764,409,701,701,701,-0.2630630630630629,0.002415,0.003085,0.42854134755998907,0.5396960390661362,0.5396960390661362,13.115470053837925,unique_starts
268,28,167,100,6,24,36,6,20.5,19.53,25,100,6,16.666666666666668,100,226,226,226,-0.38650306748466134,0.002415,0.002905,0.42854134755998907,0.5523326473861818,0.5523326473861818,20.70412414523193,unique_starts
269,28,222,49,3,12,15,1,6.0,6.469387755102041,14,49,3,16.333333333333332,49,1,0,0,0.9999999999999796,0.002415,0.00284,0.42854134755998907,0.4041667145429749,0.42854134755998907,6.288675134594813,unique_starts
270,28,261,6,2,3,6,13,23.5,22.0,25,6,2,3.0,6,150,150,150,-0.9230769230769172,0.002415,0.003005,0.42854134755998907,0.3332476057918914,0.42854134755998907,24.077350269189626,unique_starts
271,28,271,152,17,106,32,1,4.0,4.565789473684211,12,152,17,8.941176470588236,152,62,62,62,0.42056074766354945,0.002415,0.002355,0.42854134755998907,0.46904630509061107,0.46904630509061107,4.097128586235726,unique_starts
272,28,318,41,3,10,20,1,7.0,8.317073170731707,25,41,3,13.666666666666666,41,1,0,0,0.9999999999999756,0.002415,0.003055,0.42854134755998907,0.4226365509545472,0.42854134755998907,7.316227766016838,unique_starts
273,28,347,367,9,61,64,1,7.0,7.591280653950954,19,367,9,40.77777777777778,367,10,10,10,0.9469496021220133,0.002415,0.002635,0.42854134755998907,0.42694736380270404,0.42854134755998907,7.128036879932896,unique_starts
274,28,362,521,14,95,95,11,21.0,20.476007677543187,25,521,14,37.214285714285715,521,12,0,0,0.999999999999998,0.002415,0.002515,0.42854134755998907,0.439699243799817,0.439699243799817,21.102597835208517,unique_starts
275,28,410,683,33,295,114,1,11.0,10.202049780380673,16,683,33,20.696969696969695,683,17,17,17,0.9514285714285701,0.002415,0.002505,0.42854134755998907,0.5908932537877524,0.5908932537877524,11.058222250973959,unique_starts
276,28,414,1123,22,187,193,8,16.0,15.917186108637578,25,1123,22,51.04545454545455,1123,103,103,103,0.8319738988580744,0.002415,0.002705,0.42854134755998907,0.4480758181537895,0.4480758181537895,16.073127242412713,unique_starts
277,28,429,1843,39,330,327,1,8.0,7.895822029300054,15,1843,39,47.256410256410255,1843,2,0,0,0.9999999999999996,0.002415,0.0033,0.42854134755998907,0.6319999683881292,0.6319999683881292,8.055048188256318,unique_starts
278,28,440,184,18,71,97,8,22.0,20.331521739130434,25,184,18,10.222222222222221,184,2047,2047,2047,-0.8350515463917523,0.002415,0.002505,0.42854134755998907,0.4432001412722737,0.4432001412722737,22.118678165819386,unique_starts
279,28,485,92,5,24,22,17,22.0,22.01086956521739,25,92,5,18.4,92,21,0,0,0.9999999999999892,0.002415,0.002155,0.42854134755998907,0.43599835801952425,0.43599835801952425,22.20412414523193,unique_starts
280,39,3,13,2,6,6,22,24.0,24.153846153846153,25,13,2,6.5,13,0,0,0,0.9999999999999231,0.002705,0.003565,0.41176789607065134,0.5904218374331804,0.5904218374331804,24.408248290463863,unique_starts
281,39,16,500,10,58,105,1,18.0,17.628,25,500,10,50.0,500,364,364,364,0.15740740740740722,0.002705,0.00306,0.41176789607065134,0.3930741805154096,0.41176789607065134,18.131306432859724,unique_starts
282,39,21,31,10,31,10,10,14.0,13.870967741935484,17,31,10,3.1,31,53,53,53,-0.2619047619047588,0.002705,0.001335,0.41176789607065134,0.7000075364621832,0.7000075364621832,14.179605302026776,unique_starts
283,39,46,3,2,2,3,22,24.0,23.666666666666668,25,3,2,1.5,3,0,0,0,0.9999999999996666,0.002705,0.00281,0.41176789607065134,0.4994811286042713,0.4994811286042713,24.707106781186546,unique_starts
284,39,58,4,3,4,3,22,23.5,23.5,25,4,3,1.3333333333333333,4,178,178,178,-0.9560439560439509,0.002705,0.0027,0.41176789607065134,0.45943690378043944,0.45943690378043944,24.0,unique_starts
285,39,79,4,2,3,3,24,25.0,24.75,25,4,2,2.0,4,0,0,0,0.99999999999975,0.002705,0.003325,0.41176789607065134,0.5566279042981374,0.5566279042981374,25.577350269189626,unique_starts
286,39,109,98,6,28,18,10,17.0,17.020408163265305,25,98,6,16.333333333333332,98,70,70,70,0.16666666666666569,0.002705,0.002985,0.41176789607065134,0.3581978582570581,0.41176789607065134,17.188982236504614,unique_starts
287,39,117,4,2,2,4,1,1.5,1.75,3,4,2,2.0,4,3,0,0,0.99999999999975,0.002705,0.002995,0.41176789607065134,0.4921561459247037,0.4921561459247037,2.2071067811865475,unique_starts
288,39,121,93,16,60,33,16,20.0,19.881720430107528,25,93,16,5.8125,93,0,0,0,0.9999999999999893,0.002705,0.00212,0.41176789607065134,0.4790562634901327,0.4790562634901327,20.12909944487358,unique_starts
289,39,139,91,10,29,41,19,24.0,23.494505494505493,25,91,10,9.1,91,2,0,0,0.9999999999999891,0.002705,0.00315,0.41176789607065134,0.5763001546805818,0.5763001546805818,24.18569533817705,unique_starts
290,39,140,49,2,10,10,16,21.0,21.20408163265306,25,49,2,24.5,49,0,0,0,0.9999999999999796,0.002705,0.00296,0.41176789607065134,0.4551836186304672,0.4551836186304672,21.316227766016837,unique_starts
291,39,163,13,7,11,9,11,19.0,18.76923076923077,22,13,7,1.8571428571428572,13,12,12,12,0.039999999999998405,0.002705,0.000755,0.41176789607065134,0.8074492857931624,0.8074492857931624,19.301511344577765,unique_starts
292,39,169,704,29,108,207,1,9.0,8.801136363636363,25,704,29,24.275862068965516,704,1005,1005,1005,-0.1761263897015798,0.002705,0.003075,0.41176789607065134,0.5191317792488794,0.5191317792488794,9.096225044864937,unique_starts
293,39,176,2542,25,260,385,1,11.0,11.027930763178599,25,2542,25,101.68,2542,0,0,0,0.9999999999999997,0.002705,0.00293,0.41176789607065134,0.4160949662438087,0.4160949662438087,11.062017367294604,unique_starts
294,39,179,12,6,12,6,11,13.0,13.25,16,12,6,2.0,12,46,46,46,-0.586206896551714,0.002705,0.00165,0.41176789607065134,0.5689519284458886,0.5689519284458886,13.288675134594813,unique_starts
295,39,186,27,8,27,9,11,15.0,15.148148148148149,22,27,8,3.375,27,52,52,52,-0.31645569620252767,0.002705,0.00126,0.41176789607065134,0.4246314878988181,0.4246314878988181,15.192450089729876,unique_starts
296,39,199,287,18,80,95,1,5.0,4.735191637630662,11,287,18,15.944444444444445,287,205,205,205,0.16666666666666632,0.002705,0.00268,0.41176789607065134,0.5690552560543798,0.5690552560543798,5.111803398874989,unique_starts
297,39,217,15,3,5,9,20,23.0,23.133333333333333,25,15,3,5.0,15,174,174,174,-0.8412698412698368,0.002705,0.003145,0.41176789607065134,0.5280768414975939,0.5280768414975939,23.447213595499957,unique_starts
298,39,224,64,2,4,32,4,13.5,13.5,24,64,2,32.0,64,0,0,0,0.9999999999999845,0.002705,0.003435,0.41176789607065134,0.5524327933598494,0.5524327933598494,14.0,unique_starts
299,39,243,153,15,43,60,16,22.0,22.124183006535947,25,153,15,10.2,153,90,90,90,0.2592592592592582,0.002705,0.002845,0.41176789607065134,0.47798288494927843,0.47798288494927843,22.152498570332604,unique_starts
300,39,248,81,16,61,26,14,18.0,18.432098765432098,25,81,16,5.0625,81,175,175,175,-0.36718749999999856,0.002705,0.002135,0.41176789607065134,0.4551679911609592,0.4551679911609592,18.128036879932896,unique_starts
301,39,252,1286,13,100,202,1,14.0,14.099533437013998,25,1286,13,98.92307692307692,1286,1351,1351,1351,-0.024649222601441024,0.002705,0.00348,0.41176789607065134,0.32521551737612986,0.41176789607065134,14.1,unique_starts
302,39,259,19,6,18,8,3,9.0,11.789473684210526,25,19,6,3.1666666666666665,19,45,45,45,-0.40624999999999367,0.002705,0.00102,0.41176789607065134,1.0660615445434947,1.0660615445434947,9.235702260395517,unique_starts
303,39,266,1469,24,229,228,10,20.0,19.35125936010892,25,1469,24,61.208333333333336,1469,408,408,408,0.565263718700053,0.002705,0.0038,0.41176789607065134,0.6115361362052629,0.6115361362052629,20.066081860045507,unique_starts
304,39,273,180,14,54,67,17,22.0,22.15,25,180,14,12.857142857142858,180,177,177,177,0.00840336134453779,0.002705,0.0032,0.41176789607065134,0.505500130278,0.505500130278,22.136082763487956,unique_starts
305,39,294,32,3,7,13,1,4.5,4.5625,9,32,3,10.666666666666666,32,0,0,0,0.9999999999999687,0.002705,0.00253,0.41176789607065134,0.42896663505169463,0.42896663505169463,4.877964473009227,unique_starts
306,39,328,32,6,12,12,1,23.5,22.46875,25,32,6,5.333333333333333,32,764,764,764,-0.9195979899497475,0.002705,0.00278,0.41176789607065134,0.4295227114706557,0.4295227114706557,23.78867513459481,unique_starts
307,39,371,20,3,14,4,2,6.0,5.85,10,20,3,6.666666666666667,20,21,21,21,-0.02439024390243843,0.002705,0.00072,0.41176789607065134,2.0840511964640234,2.0840511964640234,6.267261241912425,unique_starts
308,39,383,344,22,53,168,1,6.0,7.703488372093023,25,344,22,15.636363636363637,344,178,178,178,0.3180076628352484,0.002705,0.00295,0.41176789607065134,0.47953992323646644,0.47953992323646644,6.137360563948689,unique_starts
309,39,404,20,4,12,12,1,4.5,4.95,10,20,4,5.0,20,438,438,438,-0.9126637554585132,0.002705,0.00219,0.41176789607065134,0.5171261636058332,0.5171261636058332,4.788675134594813,unique_starts
310,39,430,352,23,132,116,17,24.0,23.397727272727273,25,352,23,15.304347826086957,352,7,7,7,0.9610027855153176,0.002705,0.00263,0.41176789607065134,0.45111919326183225,0.45111919326183225,24.08703882797785,unique_starts
311,39,462,340,9,34,104,5,16.0,16.28529411764706,25,340,9,37.77777777777778,340,7,7,7,0.9596541786743488,0.002705,0.00335,0.41176789607065134,0.4622577751318516,0.4622577751318516,16.17149858514251,unique_starts
312,39,487,272,19,112,67,8,21.0,20.441176470588236,25,272,19,14.31578947368421,272,342,342,342,-0.11400651465798027,0.002705,0.00309,0.41176789607065134,0.4986519883489159,0.4986519883489159,21.094491118252307,unique_starts
313,39,494,73,11,21,46,1,4.0,5.506849315068493,25,73,11,6.636363636363637,73,438,438,438,-0.7142857142857129,0.002705,0.002885,0.41176789607065134,0.4433285498558166,0.4433285498558166,4.218217890235993,unique_starts
314,42,2,133,4,19,26,13,19.0,18.984962406015036,25,133,4,33.25,133,3,3,3,0.9558823529411695,0.002905,0.00384,0.49705178564663943,0.49557695833984555,0.49705178564663943,19.22941573387056,unique_starts
315,42,4,23,2,7,8,19,24.0,23.217391304347824,25,23,2,11.5,23,4,0,0,0.9999999999999566,0.002905,0.0034,0.49705178564663943,0.42665327824002786,0.49705178564663943,24.37796447300923,unique_starts
316,42,8,353,13,68,80,1,6.0,6.164305949008498,17,353,13,27.153846153846153,353,0,0,0,0.9999999999999971,0.002905,0.00305,0.49705178564663943,0.5406985617322061,0.5406985617322061,6.121267812518166,unique_starts
317,42,10,61,4,9,33,1,11.0,10.901639344262295,23,61,4,15.25,61,37,37,37,0.244897959183671,0.002905,0.003525,0.49705178564663943,0.49946110985903625,0.49946110985903625,11.333333333333334,unique_starts
318,42,21,14,6,14,6,22,24.0,23.785714285714285,25,14,6,2.3333333333333335,14,0,0,0,0.9999999999999286,0.002905,0.001335,0.49705178564663943,0.7000075364621832,0.7000075364621832,24.267261241912426,unique_starts
319,42,22,345,10,46,84,11,19.0,19.24927536231884,25,345,10,34.5,345,0,0,0,0.999999999999997,0.002905,0.00375,0.49705178564663943,0.6446610524678009,0.6446610524678009,19.147441956154896,unique_starts
320,42,43,49,9,27,23,22,24.0,24.224489795918366,25,49,9,5.444444444444445,49,0,0,0,0.9999999999999796,0.002905,0.00192,0.49705178564663943,0.4331654262548746,0.49705178564663943,24.192450089729874,unique_starts
321,42,79,79,5,27,16,5,12.0,12.265822784810126,20,79,5,15.8,79,242,242,242,-0.5077881619937679,0.002905,0.003325,0.49705178564663943,0.5566279042981374,0.5566279042981374,12.192450089729876,unique_starts
322,42,80,618,13,107,116,1,13.0,13.310679611650485,22,618,13,47.53846153846154,618,938,938,938,-0.20565552699228778,0.002905,0.003105,0.49705178564663943,0.54911977059455,0.54911977059455,13.096673648904567,unique_starts
323,42,100,12,2,12,2,18,21.0,21.166666666666668,25,12,2,6.0,12,0,0,0,0.9999999999999166,0.002905,0.0028,0.49705178564663943,0.4530066985824541,0.49705178564663943,21.28867513459481,unique_starts
324,42,117,12,2,2,12,8,11.5,12.0,17,12,2,6.0,12,8,8,8,0.19999999999999002,0.002905,0.002995,0.49705178564663943,0.4921561459247037,0.49705178564663943,12.207106781186548,unique_starts
325,42,138,45,4,8,23,15,22.0,21.266666666666666,25,45,4,11.25,45,258,258,258,-0.7029702970297006,0.002905,0.002785,0.49705178564663943,0.37021778866614363,0.49705178564663943,22.353553390593273,unique_starts
326,42,149,193,9,47,37,1,12.0,10.756476683937823,21,193,9,21.444444444444443,193,374,374,374,-0.319223985890652,0.002905,0.002245,0.49705178564663943,0.4477196573186491,0.49705178564663943,12.145864991497895,unique_starts
327,42,171,823,20,145,157,5,20.0,19.54070473876063,25,823,20,41.15,823,88,88,88,0.8068057080131714,0.002905,0.00343,0.49705178564663943,0.6091865893282263,0.6091865893282263,20.08304547985374,unique_starts
328,42,173,161,15,86,39,16,23.0,22.86335403726708,25,161,15,10.733333333333333,161,1095,1095,1095,-0.7436305732484071,0.002905,0.002675,0.49705178564663943,0.5108604177721788,0.5108604177721788,23.107832773203437,unique_starts
329,42,175,506,19,126,97,14,21.0,21.16403162055336,25,506,19,26.63157894736842,506,5,5,5,0.9804305283757319,0.002905,0.00503,0.49705178564663943,0.7573380297747923,0.7573380297747923,21.089087080637476,unique_starts
330,42,179,26,10,26,10,21,24.0,23.807692307692307,25,26,10,2.6,26,0,0,0,0.9999999999999616,0.002905,0.00165,0.49705178564663943,0.5689519284458886,0.5689519284458886,24.196116135138183,unique_starts
331,42,186,12,4,12,4,22,24.0,23.916666666666668,25,12,4,3.0,12,0,0,0,0.9999999999999166,0.002905,0.00126,0.49705178564663943,0.4246314878988181,0.49705178564663943,24.28867513459481,unique_starts
332,42,258,1962,35,320,296,1,11.0,11.523955147808358,25,1962,35,56.05714285714286,1962,2,0,0,0.9999999999999996,0.002905,0.00251,0.49705178564663943,0.4379225923469485,0.49705178564663943,11.055901699437495,unique_starts
333,42,268,186,11,54,46,5,20.0,19.13978494623656,25,186,11,16.90909090909091,186,2517,2517,2517,-0.8623751387347389,0.002905,0.00255,0.49705178564663943,0.43791978219162725,0.49705178564663943,20.136082763487956,unique_starts
334,42,271,11,5,9,7,17,24.0,23.272727272727273,25,11,5,2.2,11,723,723,723,-0.9700272479564019,0.002905,0.002355,0.49705178564663943,0.46904630509061107,0.49705178564663943,24.333333333333332,unique_starts
335,42,281,18,2,4,12,14,17.0,18.0,24,18,2,9.0,18,0,0,0,0.9999999999999445,0.002905,0.003665,0.49705178564663943,0.5084243360159619,0.5084243360159619,17.5,unique_starts
336,42,288,22,2,9,5,18,23.0,22.636363636363637,25,22,2,11.0,22,0,0,0,0.9999999999999546,0.002905,0.002855,0.49705178564663943,0.3565540314868625,0.49705178564663943,23.333333333333332,unique_starts
337,42,340,19,2,9,9,22,24.0,24.210526315789473,25,19,2,9.5,19,474,474,474,-0.922920892494927,0.002905,0.00264,0.49705178564663943,0.388332655852337,0.49705178564663943,24.333333333333332,unique_starts
338,42,371,8,2,8,2,17,20.5,20.875,25,8,2,4.0,8,6,0,0,0.999999999999875,0.002905,0.00072,0.49705178564663943,2.0840511964640234,2.0840511964640234,20.853553390593273,unique_starts
339,42,410,3,2,3,2,24,25.0,24.666666666666668,25,3,2,1.5,3,24,24,24,-0.777777777777749,0.002905,0.002505,0.49705178564663943,0.5908932537877524,0.5908932537877524,25.577350269189626,unique_starts
340,43,7,150,9,31,52,13,19.0,19.44,25,150,9,16.666666666666668,150,0,0,0,0.9999999999999933,0.00192,0.00345,0.4331654262548746,0.473565075387291,0.473565075387291,19.179605302026776,unique_starts
341,43,28,11,6,8,9,24,25.0,24.727272727272727,25,11,6,1.8333333333333333,11,0,0,0,0.9999999999999091,0.00192,0.002415,0.4331654262548746,0.42854134755998907,0.4331654262548746,25.353553390593273,unique_starts
342,43,88,72,5,18,21,10,16.0,16.26388888888889,24,72,5,14.4,72,0,0,0,0.9999999999999862,0.00192,0.00285,0.4331654262548746,0.3243399356820196,0.4331654262548746,16.235702260395517,unique_starts
343,43,133,62,4,12,18,12,18.0,18.870967741935484,25,62,4,15.5,62,24,0,0,0.9999999999999838,0.00192,0.003455,0.4331654262548746,0.40834813465235587,0.4331654262548746,18.28867513459481,unique_starts
344,43,143,73,7,20,29,12,22.0,20.71232876712329,25,73,7,10.428571428571429,73,0,0,0,0.9999999999999863,0.00192,0.003425,0.4331654262548746,0.4310573077101274,0.4331654262548746,22.22360679774998,unique_starts
345,43,157,159,13,38,54,10,19.0,18.440251572327043,25,159,13,12.23076923076923,159,28,28,28,0.700534759358285,0.00192,0.00224,0.4331654262548746,0.4360808470049738,0.4360808470049738,19.162221421130763,unique_starts
346,43,167,41,2,6,14,16,20.0,20.51219512195122,25,41,2,20.5,41,0,0,0,0.9999999999999756,0.00192,0.002905,0.4331654262548746,0.5523326473861818,0.5523326473861818,20.408248290463863,unique_starts
347,43,196,81,9,26,31,14,22.0,21.40740740740741,25,81,9,9.0,81,0,0,0,0.9999999999999877,0.00192,0.00287,0.4331654262548746,0.36280201708894627,0.4331654262548746,22.196116135138183,unique_starts
348,43,222,4,2,3,3,24,25.0,24.75,25,4,2,2.0,4,0,0,0,0.99999999999975,0.00192,0.00284,0.4331654262548746,0.4041667145429749,0.4331654262548746,25.577350269189626,unique_starts
349,43,251,459,35,110,160,4,8.0,9.562091503267974,25,459,35,13.114285714285714,459,0,0,0,0.9999999999999978,0.00192,0.002675,0.4331654262548746,0.4733873703025864,0.4733873703025864,8.09534625892456,unique_starts
350,43,279,165,14,38,64,11,17.0,18.03030303030303,25,165,14,11.785714285714286,165,0,0,0,0.999999999999994,0.00192,0.00293,0.4331654262548746,0.40818291842784804,0.4331654262548746,17.162221421130763,unique_starts
351,43,371,6,2,4,4,24,25.0,24.666666666666668,25,6,2,3.0,6,0,0,0,0.9999999999998334,0.00192,0.00072,0.4331654262548746,2.0840511964640234,2.0840511964640234,25.5,unique_starts
352,43,432,24,4,10,11,17,20.5,21.291666666666668,25,24,4,6.0,24,0,0,0,0.9999999999999584,0.00192,0.002895,0.4331654262548746,0.38597465955399696,0.4331654262548746,20.816227766016837,unique_starts
353,43,440,66,9,26,24,13,18.5,19.181818181818183,25,66,9,7.333333333333333,66,0,0,0,0.9999999999999849,0.00192,0.002505,0.4331654262548746,0.4432001412722737,0.4432001412722737,18.696116135138183,unique_starts
354,43,481,326,12,36,178,4,11.0,12.757668711656441,25,326,12,27.166666666666668,326,0,0,0,0.9999999999999969,0.00192,0.00295,0.4331654262548746,0.3715708750101002,0.4331654262548746,11.166666666666666,unique_starts
355,46,3,188,14,85,62,1,4.0,3.867021276595745,8,188,14,13.428571428571429,188,0,0,0,0.9999999999999947,0.00281,0.003565,0.4994811286042713,0.5904218374331804,0.5904218374331804,4.108465228909328,unique_starts
356,46,16,53,3,16,16,1,23.0,21.471698113207548,25,53,3,17.666666666666668,53,1596,1596,1596,-0.9357186173438442,0.00281,0.00306,0.4994811286042713,0.3930741805154096,0.4994811286042713,23.25,unique_starts
357,46,112,115,4,27,28,17,23.0,22.808695652173913,25,115,4,28.75,115,38,38,38,0.5032679738562059,0.00281,0.00296,0.4994811286042713,0.4285491187954342,0.4994811286042713,23.192450089729874,unique_starts
358,46,117,17,2,6,8,9,13.0,15.470588235294118,25,17,2,8.5,17,261,261,261,-0.8776978417266155,0.00281,0.002995,0.4994811286042713,0.4921561459247037,0.4994811286042713,13.408248290463863,unique_starts
359,46,163,36,2,18,4,5,11.5,12.25,23,36,2,18.0,36,6,0,0,0.9999999999999721,0.00281,0.000755,0.4994811286042713,0.8074492857931624,0.8074492857931624,11.735702260395517,unique_starts
360,46,206,187,10,62,49,9,15.0,14.898395721925134,21,187,10,18.7,187,0,0,0,0.9999999999999947,0.00281,0.002645,0.4994811286042713,0.4388475670472349,0.4994811286042713,15.12700012700019,unique_starts
361,46,238,48,3,15,10,1,6.0,8.0625,25,48,3,16.0,48,0,0,0,0.9999999999999791,0.00281,0.002405,0.4994811286042713,0.44709407160762304,0.4994811286042713,6.258198889747161,unique_starts
362,46,259,10,2,10,2,8,14.5,14.3,19,10,2,5.0,10,9,0,0,0.9999999999999,0.00281,0.00102,0.4994811286042713,1.0660615445434947,1.0660615445434947,14.816227766016837,unique_starts
363,46,329,18,4,9,9,22,24.5,24.22222222222222,25,18,4,4.5,18,0,0,0,0.9999999999999445,0.00281,0.00267,0.4994811286042713,0.48285513264051666,0.4994811286042713,24.833333333333332,unique_starts
364,46,371,14,3,13,4,3,15.5,12.928571428571429,22,14,3,4.666666666666667,14,0,0,0,0.9999999999999286,0.00281,0.00072,0.4994811286042713,2.0840511964640234,2.0840511964640234,15.777350098112615,unique_starts
365,46,378,10,3,7,6,23,24.5,24.4,25,10,3,3.3333333333333335,10,2074,2074,2074,-0.9904030710172741,0.00281,0.00272,0.4994811286042713,0.2874139677247253,0.4994811286042713,24.87796447300923,unique_starts
366,46,406,2523,31,354,350,1,9.0,9.055093143083631,20,2523,31,81.38709677419355,2523,0,0,0,0.9999999999999997,0.00281,0.002805,0.4994811286042713,0.47566766402598537,0.4994811286042713,9.053149400345273,unique_starts
367,46,487,239,13,66,79,1,23.0,22.824267782426777,25,239,13,18.384615384615383,239,72,72,72,0.536977491961413,0.00281,0.00309,0.4994811286042713,0.4986519883489159,0.4994811286042713,23.123091490979334,unique_starts
368,50,43,4,2,3,3,24,25.0,24.75,25,4,2,2.0,4,0,0,0,0.99999999999975,0.00344,0.00192,0.4362745814366093,0.4331654262548746,0.4362745814366093,25.577350269189626,unique_starts
369,50,100,23,3,13,6,1,19.0,17.782608695652176,25,23,3,7.666666666666667,23,1140,1140,1140,-0.9604471195184859,0.00344,0.0028,0.4362745814366093,0.4530066985824541,0.4530066985824541,19.277350098112613,unique_starts
370,50,146,215,6,41,34,1,7.0,6.725581395348837,14,215,6,35.833333333333336,215,229,229,229,-0.03153153153153146,0.00344,0.00289,0.4362745814366093,0.49858717633061933,0.49858717633061933,7.156173761888606,unique_starts
371,50,149,158,5,37,20,5,14.0,13.80379746835443,25,158,5,31.6,158,166,166,166,-0.02469135802469128,0.00344,0.002245,0.4362745814366093,0.4477196573186491,0.4477196573186491,14.164398987305358,unique_starts
372,50,184,336,7,66,56,8,21.0,19.907738095238095,25,336,7,48.0,336,1362,1362,1362,-0.604240282685512,0.00344,0.00261,0.4362745814366093,0.4440022572428347,0.4440022572428347,21.123091490979334,unique_starts
373,50,229,171,4,38,33,12,20.0,19.555555555555557,25,171,4,42.75,171,81,81,81,0.3571428571428557,0.00344,0.00306,0.4362745814366093,0.23617874098724062,0.4362745814366093,20.162221421130763,unique_starts
374,50,230,144,4,37,21,9,20.0,19.20138888888889,25,144,4,36.0,144,745,745,745,-0.676040494938132,0.00344,0.00344,0.4362745814366093,0.5276863910046072,0.5276863910046072,20.164398987305358,unique_starts
375,50,288,6,3,3,6,1,1.5,1.6666666666666667,3,6,3,2.0,6,167,167,167,-0.9306358381502836,0.00344,0.002855,0.4362745814366093,0.3565540314868625,0.4362745814366093,2.0773502691896257,unique_starts
376,50,315,590,11,151,66,1,18.0,16.730508474576272,25,590,11,53.63636363636363,590,1759,1759,1759,-0.497658578118348,0.00344,0.00307,0.4362745814366093,0.5338410601299857,0.5338410601299857,18.081378845877115,unique_starts
377,50,500,358,9,94,44,9,21.0,20.40223463687151,25,358,9,39.77777777777778,358,37,37,37,0.8126582278480992,0.00344,0.00264,0.4362745814366093,0.41474401777690195,0.4362745814366093,21.10314212462588,unique_starts
378,56,7,292,10,61,65,1,15.0,14.743150684931507,25,292,10,29.2,292,20,20,20,0.8717948717948689,0.003085,0.00345,0.5396960390661362,0.473565075387291,0.5396960390661362,15.128036879932896,unique_starts
379,56,21,6,2,6,2,23,24.0,24.0,25,6,2,3.0,6,0,0,0,0.9999999999998334,0.003085,0.001335,0.5396960390661362,0.7000075364621832,0.7000075364621832,24.408248290463863,unique_starts
380,56,28,701,15,136,137,1,21.0,21.27960057061341,25,701,15,46.733333333333334,701,409,409,409,0.2630630630630629,0.003085,0.002415,0.5396960390661362,0.42854134755998907,0.5396960390661362,21.085749292571254,unique_starts
381,56,88,105,3,19,22,17,22.0,22.057142857142857,25,105,3,35.0,105,0,0,0,0.9999999999999906,0.003085,0.00285,0.5396960390661362,0.3243399356820196,0.5396960390661362,22.22941573387056,unique_starts
382,56,143,537,9,53,82,4,16.0,15.972067039106145,25,537,9,59.666666666666664,537,1,0,0,0.9999999999999981,0.003085,0.003425,0.5396960390661362,0.4310573077101274,0.5396960390661362,16.13736056394869,unique_starts
383,56,157,59,3,11,15,10,16.0,15.508474576271187,20,59,3,19.666666666666668,59,146,146,146,-0.42439024390243696,0.003085,0.00224,0.5396960390661362,0.4360808470049738,0.5396960390661362,16.301511344577765,unique_starts
384,56,163,8,2,8,2,17,19.5,19.5,22,8,2,4.0,8,0,0,0,0.999999999999875,0.003085,0.000755,0.5396960390661362,0.8074492857931624,0.8074492857931624,19.853553390593273,unique_starts
385,56,167,1087,25,213,191,1,7.0,8.427782888684453,25,1087,25,43.48,1087,0,0,0,0.9999999999999991,0.003085,0.002905,0.5396960390661362,0.5523326473861818,0.5523326473861818,7.0685188709827536,unique_starts
386,56,179,15,5,15,5,21,24.0,23.666666666666668,25,15,5,3.0,15,0,0,0,0.9999999999999333,0.003085,0.00165,0.5396960390661362,0.5689519284458886,0.5689519284458886,24.25819888974716,unique_starts
387,56,196,182,8,32,70,6,16.0,15.93956043956044,25,182,8,22.75,182,3,3,3,0.9675675675675623,0.003085,0.00287,0.5396960390661362,0.36280201708894627,0.5396960390661362,16.17677669529664,unique_starts
388,56,207,151,9,37,37,1,6.0,6.1655629139072845,16,151,9,16.77777777777778,151,1,0,0,0.9999999999999934,0.003085,0.002905,0.5396960390661362,0.5142383888493315,0.5396960390661362,6.164398987305358,unique_starts
389,56,222,25,4,9,13,1,24.0,18.76,25,25,4,6.25,25,283,283,283,-0.8376623376623349,0.003085,0.00284,0.5396960390661362,0.4041667145429749,0.5396960390661362,24.333333333333332,unique_starts
390,56,251,298,9,62,50,13,21.0,20.808724832214764,25,298,9,33.111111111111114,298,0,0,0,0.9999999999999966,0.003085,0.002675,0.5396960390661362,0.4733873703025864,0.5396960390661362,21.12700012700019,unique_starts
391,56,259,20,4,20,4,17,22.5,22.15,25,20,4,5.0,20,2,0,0,0.99999999999995,0.003085,0.00102,0.5396960390661362,1.0660615445434947,1.0660615445434947,22.72360679774998,unique_starts
392,56,261,98,4,29,18,7,16.0,16.714285714285715,25,98,4,24.5,98,0,0,0,0.9999999999999899,0.003085,0.003005,0.5396960390661362,0.3332476057918914,0.5396960390661362,16.18569533817705,unique_starts
393,56,271,45,10,35,14,20,24.0,23.444444444444443,25,45,10,4.5,45,582,582,582,-0.8564593301435393,0.003085,0.002355,0.5396960390661362,0.46904630509061107,0.5396960390661362,24.169030850945703,unique_starts
394,56,279,277,6,55,47,7,14.0,14.833935018050541,25,277,6,46.166666666666664,277,28,28,28,0.8163934426229481,0.003085,0.00293,0.5396960390661362,0.40818291842784804,0.5396960390661362,14.134839972492648,unique_starts
395,56,316,21,2,13,6,8,14.0,13.714285714285714,18,21,2,10.5,21,0,0,0,0.9999999999999525,0.003085,0.0025,0.5396960390661362,0.4490634320386163,0.5396960390661362,14.277350098112615,unique_starts
396,56,318,129,5,21,39,12,22.0,21.45736434108527,25,129,5,25.8,129,270,270,270,-0.35338345864661563,0.003085,0.003055,0.5396960390661362,0.4226365509545472,0.5396960390661362,22.21821789023599,unique_starts
397,56,319,23,7,16,14,23,25.0,24.52173913043478,25,23,7,3.2857142857142856,23,0,0,0,0.9999999999999566,0.003085,0.002245,0.5396960390661362,0.4303008855946258,0.5396960390661362,25.25,unique_starts
398,56,371,36,6,23,8,14,20.0,19.72222222222222,25,36,6,6.0,36,11,11,11,0.5319148936170099,0.003085,0.00072,0.5396960390661362,2.0840511964640234,2.0840511964640234,20.208514414057074,unique_starts
399,56,398,15,3,6,9,1,23.0,18.066666666666666,25,15,3,5.0,15,189,189,189,-0.8529411764705841,0.003085,0.00324,0.5396960390661362,0.4886541548049501,0.5396960390661362,23.408248290463863,unique_starts
400,56,410,14,4,13,5,7,23.0,20.714285714285715,25,14,4,3.5,14,14,14,14,0.0,0.003085,0.002505,0.5396960390661362,0.5908932537877524,0.5908932537877524,23.277350098112613,unique_starts
401,56,414,8,2,4,6,1,9.5,7.625,13,8,2,4.0,8,0,0,0,0.999999999999875,0.003085,0.002705,0.5396960390661362,0.4480758181537895,0.5396960390661362,10.0,unique_starts
402,56,429,51,12,29,32,1,25.0,22.019607843137255,25,51,12,4.25,51,0,0,0,0.9999999999999803,0.003085,0.0033,0.5396960390661362,0.6319999683881292,0.6319999683881292,25.18569533817705,unique_starts
403,56,432,58,3,20,12,17,23.0,22.586206896551722,25,58,3,19.333333333333332,58,0,0,0,0.9999999999999827,0.003085,0.002895,0.5396960390661362,0.38597465955399696,0.5396960390661362,23.22360679774998,unique_starts
404,56,440,1625,32,342,244,1,13.0,12.68,25,1625,32,50.78125,1625,23,23,23,0.9720873786407762,0.003085,0.002505,0.5396960390661362,0.4432001412722737,0.5396960390661362,13.054073807043588,unique_starts
405,58,21,26,3,26,3,2,6.0,5.923076923076923,11,26,3,8.666666666666666,26,34,34,34,-0.1333333333333311,0.0027,0.001335,0.45943690378043944,0.7000075364621832,0.7000075364621832,6.196116135138184,unique_starts
406,58,39,178,9,59,45,15,23.0,22.56741573033708,25,178,9,19.77777777777778,178,4,4,4,0.9560439560439509,0.0027,0.002705,0.45943690378043944,0.41176789607065134,0.45943690378043944,23.130188910980824,unique_starts
407,58,84,237,6,23,43,4,16.0,16.122362869198312,25,237,6,39.5,237,551,551,551,-0.39847715736040557,0.0027,0.003185,0.45943690378043944,0.4087675614805981,0.45943690378043944,16.208514414057074,unique_starts
408,58,88,43,3,18,9,17,23.0,22.41860465116279,25,43,3,14.333333333333334,43,44,44,44,-0.011494252873563086,0.0027,0.00285,0.45943690378043944,0.3243399356820196,0.45943690378043944,23.235702260395517,unique_starts
409,58,115,173,23,39,115,8,13.0,13.294797687861271,22,173,23,7.521739130434782,173,1826,1826,1826,-0.8269134567283638,0.0027,0.002855,0.45943690378043944,0.4573735327292514,0.45943690378043944,13.160128153805086,unique_starts
410,58,121,232,14,140,27,6,11.5,11.629310344827585,18,232,14,16.571428571428573,232,0,0,0,0.9999999999999957,0.0027,0.00212,0.45943690378043944,0.4790562634901327,0.4790562634901327,11.584515425472851,unique_starts
411,58,157,25,3,9,9,10,24.0,22.4,25,25,3,8.333333333333334,25,39,39,39,-0.2187499999999966,0.0027,0.00224,0.45943690378043944,0.4360808470049738,0.45943690378043944,24.333333333333332,unique_starts
412,58,169,261,10,86,40,9,15.0,15.67432950191571,25,261,10,26.1,261,18,18,18,0.8709677419354807,0.0027,0.003075,0.45943690378043944,0.5191317792488794,0.5191317792488794,15.10783277320344,unique_starts
413,58,179,126,13,126,15,1,6.0,5.928571428571429,11,126,13,9.692307692307692,126,37,37,37,0.5460122699386469,0.0027,0.00165,0.45943690378043944,0.5689519284458886,0.5689519284458886,6.089087080637475,unique_starts
414,58,186,102,8,83,12,1,6.0,6.215686274509804,12,102,8,12.75,102,38,38,38,0.4571428571428539,0.0027,0.00126,0.45943690378043944,0.4246314878988181,0.45943690378043944,6.10976425998969,unique_starts
415,58,199,250,6,53,32,12,20.0,20.004,25,250,6,41.666666666666664,250,0,0,0,0.999999999999996,0.0027,0.00268,0.45943690378043944,0.5690552560543798,0.5690552560543798,20.13736056394869,unique_starts
416,58,243,15,4,11,7,1,2.0,2.8666666666666667,7,15,4,3.75,15,62,62,62,-0.6103896103896025,0.0027,0.002845,0.45943690378043944,0.47798288494927843,0.47798288494927843,2.3015113445777637,unique_starts
417,58,251,89,3,22,16,9,16.0,16.04494382022472,24,89,3,29.666666666666668,89,18,18,18,0.6635514018691527,0.0027,0.002675,0.45943690378043944,0.4733873703025864,0.4733873703025864,16.21320071635561,unique_starts
418,58,252,23,3,17,6,19,23.0,22.73913043478261,25,23,3,7.666666666666667,23,2,0,0,0.9999999999999566,0.0027,0.00348,0.45943690378043944,0.32521551737612986,0.45943690378043944,23.242535625036332,unique_starts
419,58,371,10,3,9,4,19,21.5,21.6,25,10,3,3.3333333333333335,10,0,0,0,0.9999999999999,0.0027,0.00072,0.45943690378043944,2.0840511964640234,2.0840511964640234,21.833333333333332,unique_starts
420,58,389,206,10,18,124,1,17.0,16.223300970873787,25,206,10,20.6,206,856,856,856,-0.612052730696798,0.0027,0.002875,0.45943690378043944,0.26692962496119355,0.45943690378043944,17.235702260395517,unique_starts
421,58,404,6,2,5,3,23,24.5,24.333333333333332,25,6,2,3.0,6,75,75,75,-0.8518518518518414,0.0027,0.00219,0.45943690378043944,0.5171261636058332,0.5171261636058332,24.947213595499957,unique_starts
422,58,433,1186,22,228,172,9,17.0,17.568296795952783,25,1186,22,53.90909090909091,1186,249,249,249,0.6529616724738672,0.0027,0.00295,0.45943690378043944,0.4187955072680345,0.45943690378043944,17.066226617853253,unique_starts
423,58,494,34,4,16,10,20,24.0,23.41176470588235,25,34,4,8.5,34,0,0,0,0.9999999999999706,0.0027,0.002885,0.45943690378043944,0.4433285498558166,0.45943690378043944,24.25,unique_starts
424,63,4,151,3,25,30,13,22.0,21.589403973509935,25,151,3,50.333333333333336,151,679,679,679,-0.6361445783132522,0.00318,0.0034,0.5301456261038152,0.42665327824002786,0.5301456261038152,22.2,unique_starts
425,63,8,708,19,149,108,1,8.0,8.73870056497175,23,708,19,37.26315789473684,708,0,0,0,0.9999999999999986,0.00318,0.00305,0.5301456261038152,0.5406985617322061,0.5406985617322061,8.081923192051905,unique_starts
426,63,22,1056,20,157,178,7,21.0,20.071969696969695,25,1056,20,52.8,1056,0,0,0,0.9999999999999991,0.00318,0.00375,0.5301456261038152,0.6446610524678009,0.6446610524678009,21.07980868844676,unique_starts
427,63,42,139,13,45,47,1,4.0,4.546762589928058,13,139,13,10.692307692307692,139,0,0,0,0.9999999999999929,0.00318,0.002905,0.5301456261038152,0.49705178564663943,0.5301456261038152,4.149071198499986,unique_starts
428,63,43,47,9,23,21,21,24.0,23.914893617021278,25,47,9,5.222222222222222,47,0,0,0,0.9999999999999787,0.00318,0.00192,0.5301456261038152,0.4331654262548746,0.5301456261038152,24.208514414057074,unique_starts
429,63,77,49,2,14,9,17,23.0,22.244897959183675,25,49,2,24.5,49,0,0,0,0.9999999999999796,0.00318,0.00234,0.5301456261038152,0.4473317645634032,0.5301456261038152,23.267261241912426,unique_starts
430,63,79,250,10,61,54,7,16.0,16.22,25,250,10,25.0,250,28,28,28,0.7985611510791337,0.00318,0.003325,0.5301456261038152,0.5566279042981374,0.5566279042981374,16.128036879932896,unique_starts
431,63,80,378,11,97,72,1,13.0,12.404761904761905,24,378,11,34.36363636363637,378,55,55,55,0.7459584295611992,0.00318,0.003105,0.5301456261038152,0.54911977059455,0.54911977059455,13.101534616513362,unique_starts
432,63,118,267,7,59,57,1,23.0,21.9625468164794,25,267,7,38.142857142857146,267,1504,1504,1504,-0.698475437605872,0.00318,0.002715,0.5301456261038152,0.3381375536578267,0.5301456261038152,23.130188910980824,unique_starts
433,63,138,95,8,24,41,1,22.0,18.242105263157896,25,95,8,11.875,95,958,958,958,-0.8195631528964855,0.00318,0.002785,0.5301456261038152,0.37021778866614363,0.5301456261038152,22.20412414523193,unique_starts
434,63,139,20,3,17,4,9,15.5,15.1,21,20,3,6.666666666666667,20,1,0,0,0.99999999999995,0.00318,0.00315,0.5301456261038152,0.5763001546805818,0.5763001546805818,15.742535625036332,unique_starts
435,63,146,27,2,11,5,1,4.0,4.0,7,27,2,13.5,27,0,0,0,0.999999999999963,0.00318,0.00289,0.5301456261038152,0.49858717633061933,0.5301456261038152,4.301511344577763,unique_starts
436,63,149,1416,24,275,184,1,11.0,11.5,25,1416,24,59.0,1416,120,120,120,0.8437499999999996,0.00318,0.002245,0.5301456261038152,0.4477196573186491,0.5301456261038152,11.060302268915553,unique_starts
437,63,164,28,3,16,7,20,23.5,23.25,25,28,3,9.333333333333334,28,147,147,147,-0.6799999999999962,0.00318,0.002755,0.5301456261038152,0.46236208579247506,0.5301456261038152,23.75,unique_starts
438,63,171,324,17,105,87,6,22.0,20.969135802469136,25,324,17,19.058823529411764,324,3,3,3,0.9816513761467859,0.00318,0.00343,0.5301456261038152,0.6091865893282263,0.6091865893282263,22.097590007294855,unique_starts
439,63,172,6,2,6,2,21,23.5,23.333333333333332,25,6,2,3.0,6,3349,3349,3349,-0.996423248882265,0.00318,0.00297,0.5301456261038152,0.4684363793861522,0.5301456261038152,23.908248290463863,unique_starts
440,63,175,97,6,22,37,13,22.0,21.649484536082475,25,97,6,16.166666666666668,97,0,0,0,0.9999999999999898,0.00318,0.00503,0.5301456261038152,0.7573380297747923,0.7573380297747923,22.21320071635561,unique_starts
441,63,179,22,7,22,8,20,24.0,23.545454545454547,25,22,7,3.142857142857143,22,0,0,0,0.9999999999999546,0.00318,0.00165,0.5301456261038152,0.5689519284458886,0.5689519284458886,24.21320071635561,unique_starts
442,63,184,65,3,28,7,10,15.0,15.784615384615385,24,65,3,21.666666666666668,65,0,0,0,0.9999999999999847,0.00318,0.00261,0.5301456261038152,0.4440022572428347,0.5301456261038152,15.188982236504614,unique_starts
443,63,186,3,2,3,2,24,25.0,24.666666666666668,25,3,2,1.5,3,0,0,0,0.9999999999996666,0.00318,0.00126,0.5301456261038152,0.4246314878988181,0.5301456261038152,25.577350269189626,unique_starts
444,63,229,34,4,24,5,9,14.0,14.5,25,34,4,8.5,34,0,0,0,0.9999999999999706,0.00318,0.00306,0.5301456261038152,0.23617874098724062,0.5301456261038152,14.204124145231932,unique_starts
445,63,230,763,11,187,89,1,13.0,13.158584534731324,25,763,11,69.36363636363636,763,2,0,0,0.9999999999999987,0.00318,0.00344,0.5301456261038152,0.5276863910046072,0.5301456261038152,13.073127242412713,unique_starts
446,63,238,77,4,29,12,1,5.0,5.220779220779221,11,77,4,19.25,77,0,0,0,0.9999999999999871,0.00318,0.002405,0.5301456261038152,0.44709407160762304,0.5301456261038152,5.185695338177052,unique_starts
447,63,258,215,10,57,51,1,9.0,10.2,25,215,10,21.5,215,0,0,0,0.9999999999999953,0.00318,0.00251,0.5301456261038152,0.4379225923469485,0.5301456261038152,9.132453235706505,unique_starts
448,63,268,345,10,68,61,10,21.0,20.359420289855073,25,345,10,34.5,345,66,66,66,0.6788321167883195,0.00318,0.00255,0.5301456261038152,0.43791978219162725,0.5301456261038152,21.121267812518166,unique_starts
449,63,271,29,9,27,12,20,24.0,23.655172413793103,25,29,9,3.2222222222222223,29,30,30,30,-0.016949152542372593,0.00318,0.002355,0.5301456261038152,0.46904630509061107,0.5301456261038152,24.192450089729874,unique_starts
450,63,288,322,10,57,63,11,22.0,21.31055900621118,25,322,10,32.2,322,472,472,472,-0.18891687657430706,0.00318,0.002855,0.5301456261038152,0.3565540314868625,0.5301456261038152,22.132453235706503,unique_starts
451,63,294,113,7,46,18,6,19.0,17.787610619469028,25,113,7,16.142857142857142,113,0,0,0,0.9999999999999912,0.00318,0.00253,0.5301456261038152,0.42896663505169463,0.5301456261038152,19.147441956154896,unique_starts
452,63,371,18,3,18,3,3,10.5,12.5,25,18,3,6.0,18,1,0,0,0.9999999999999445,0.00318,0.00072,0.5301456261038152,2.0840511964640234,2.0840511964640234,10.735702260395517,unique_starts
453,63,404,12,2,12,2,6,9.0,9.166666666666666,13,12,2,6.0,12,0,0,0,0.9999999999999166,0.00318,0.00219,0.5301456261038152,0.5171261636058332,0.5301456261038152,9.288675134594813,unique_starts
454,63,410,17,4,17,4,17,23.0,22.11764705882353,25,17,4,4.25,17,16,16,16,0.030303030303029384,0.00318,0.002505,0.5301456261038152,0.5908932537877524,0.5908932537877524,23.242535625036332,unique_starts
455,77,7,101,12,52,39,21,24.0,23.940594059405942,25,101,12,8.416666666666666,101,195,195,195,-0.3175675675675665,0.00234,0.00345,0.4473317645634032,0.473565075387291,0.473565075387291,24.138675049056307,unique_starts
456,77,8,9,2,6,5,19,22.0,22.11111111111111,25,9,2,4.5,9,43,43,43,-0.6538461538461412,0.00234,0.00305,0.4473317645634032,0.5406985617322061,0.5406985617322061,22.408248290463863,unique_starts
457,77,163,25,3,25,3,2,8.0,7.8,14,25,3,8.333333333333334,25,4,4,4,0.7241379310344578,0.00234,0.000755,0.4473317645634032,0.8074492857931624,0.8074492857931624,8.2,unique_starts
458,77,184,12,3,6,6,22,24.5,24.166666666666668,25,12,3,4.0,12,38,38,38,-0.5199999999999896,0.00234,0.00261,0.4473317645634032,0.4440022572428347,0.4473317645634032,24.908248290463863,unique_starts
459,77,205,50,7,35,10,2,7.5,9.14,18,50,7,7.142857142857143,50,0,0,0,0.99999999999998,0.00234,0.00069,0.4473317645634032,0.4815721475373711,0.4815721475373711,7.6690308509457035,unique_starts
460,77,247,54,4,20,16,19,23.5,23.203703703703702,25,54,4,13.5,54,107,107,107,-0.3291925465838489,0.00234,0.002885,0.4473317645634032,0.36620018911671115,0.4473317645634032,23.72360679774998,unique_starts
461,77,259,23,3,23,3,9,13.0,13.08695652173913,18,23,3,7.666666666666667,23,6,0,0,0.9999999999999566,0.00234,0.00102,0.4473317645634032,1.0660615445434947,1.0660615445434947,13.208514414057074,unique_starts
462,77,290,1578,43,303,343,3,21.0,20.55196451204056,25,1578,43,36.69767441860465,1578,681,681,681,0.3970783532536519,0.00234,0.002905,0.4473317645634032,0.5506580655999675,0.5506580655999675,21.05744849896214,unique_starts
463,77,402,87,5,29,21,17,23.0,22.379310344827587,25,87,5,17.4,87,439,439,439,-0.6692015209125463,0.00234,0.00217,0.4473317645634032,0.45222558449769595,0.45222558449769595,23.18569533817705,unique_starts
464,77,474,22,2,12,4,19,23.0,22.636363636363637,25,22,2,11.0,22,73,73,73,-0.5368421052631522,0.00234,0.002335,0.4473317645634032,0.47326325022320526,0.47326325022320526,23.28867513459481,unique_starts
465,79,4,182,9,34,69,6,20.0,18.895604395604394,25,182,9,20.22222222222222,182,69,69,69,0.4501992031872492,0.003325,0.0034,0.5566279042981374,0.42665327824002786,0.5566279042981374,20.17149858514251,unique_starts
466,79,8,222,23,89,94,1,24.0,20.78828828828829,25,222,23,9.652173913043478,222,1437,1437,1437,-0.7323688969258586,0.003325,0.00305,0.5566279042981374,0.5406985617322061,0.5566279042981374,24.105999788000634,unique_starts
467,79,22,209,14,27,116,2,12.0,11.325358851674642,18,209,14,14.928571428571429,209,131,131,131,0.22941176470588165,0.003325,0.00375,0.5566279042981374,0.6446610524678009,0.6446610524678009,12.192450089729876,unique_starts
468,79,42,242,9,64,42,16,22.0,21.714876033057852,25,242,9,26.88888888888889,242,79,79,79,0.5077881619937679,0.003325,0.002905,0.5566279042981374,0.49705178564663943,0.5566279042981374,22.125,unique_starts
469,79,43,33,6,12,19,18,20.0,20.242424242424242,23,33,6,5.5,33,0,0,0,0.9999999999999697,0.003325,0.00192,0.5566279042981374,0.4331654262548746,0.5566279042981374,20.28867513459481,unique_starts
470,79,50,52,3,11,15,9,16.5,16.5,25,52,3,17.333333333333332,52,4,0,0,0.9999999999999807,0.003325,0.00344,0.5566279042981374,0.4362745814366093,0.5566279042981374,16.801511344577765,unique_starts
471,79,63,28,4,27,5,16,21.0,20.785714285714285,25,28,4,7.0,28,250,250,250,-0.7985611510791337,0.003325,0.00318,0.5566279042981374,0.5301456261038152,0.5566279042981374,21.192450089729874,unique_starts
472,79,100,534,12,93,99,1,7.0,7.4700374531835205,18,534,12,44.5,534,18,18,18,0.9347826086956504,0.003325,0.0028,0.5566279042981374,0.4530066985824541,0.5566279042981374,7.103695169473043,unique_starts
473,79,138,77,2,9,22,13,20.0,19.532467532467532,25,77,2,38.5,77,18,0,0,0.9999999999999871,0.003325,0.002785,0.5566279042981374,0.37021778866614363,0.5566279042981374,20.333333333333332,unique_starts
474,79,146,444,13,110,81,15,22.0,21.98198198198198,25,444,13,34.15384615384615,444,734,734,734,-0.2461799660441424,0.003325,0.00289,0.5566279042981374,0.49858717633061933,0.5566279042981374,22.095346258924558,unique_starts
475,79,149,153,13,74,56,1,4.0,4.026143790849673,10,153,13,11.76923076923077,153,30,30,30,0.6721311475409799,0.003325,0.002245,0.5566279042981374,0.4477196573186491,0.5566279042981374,4.116247638743819,unique_starts
476,79,163,13,2,13,2,8,14.0,14.0,20,13,2,6.5,13,4,0,0,0.9999999999999231,0.003325,0.000755,0.5566279042981374,0.8074492857931624,0.8074492857931624,14.277350098112615,unique_starts
477,79,164,1387,38,459,216,4,16.0,15.915645277577505,25,1387,38,36.5,1387,568,568,568,0.41892583120204585,0.003325,0.002755,0.5566279042981374,0.46236208579247506,0.5566279042981374,16.046676002800933,unique_starts
478,79,169,12,6,8,10,23,25.0,24.416666666666668,25,12,6,2.0,12,297,297,297,-0.9223300970873756,0.003325,0.003075,0.5566279042981374,0.5191317792488794,0.5566279042981374,25.353553390593273,unique_starts
479,79,171,1305,32,293,205,1,8.0,8.592337164750958,25,1305,32,40.78125,1305,119,119,119,0.8328651685393254,0.003325,0.00343,0.5566279042981374,0.6091865893282263,0.6091865893282263,8.058420623783698,unique_starts
480,79,172,40,7,40,7,8,19.0,17.925,25,40,7,5.714285714285714,40,16,16,16,0.4285714285714209,0.003325,0.00297,0.5566279042981374,0.4684363793861522,0.5566279042981374,19.15811388300842,unique_starts
481,79,179,4,3,4,3,17,17.5,17.75,19,4,3,1.3333333333333333,4,45,45,45,-0.836734693877534,0.003325,0.00165,0.5566279042981374,0.5689519284458886,0.5689519284458886,18.0,unique_starts
482,79,184,127,11,20,68,1,6.0,6.141732283464567,15,127,11,11.545454545454545,127,190,190,190,-0.1987381703470025,0.003325,0.00261,0.5566279042981374,0.4440022572428347,0.5566279042981374,6.223606797749979,unique_starts
483,79,186,5,3,5,3,15,18.0,17.4,19,5,3,1.6666666666666667,5,85,85,85,-0.8888888888888791,0.003325,0.00126,0.5566279042981374,0.4246314878988181,0.5566279042981374,18.447213595499957,unique_starts
484,79,229,22,2,2,22,14,19.0,19.045454545454547,25,22,2,11.0,22,302,302,302,-0.8641975308641948,0.003325,0.00306,0.5566279042981374,0.23617874098724062,0.5566279042981374,19.707106781186546,unique_starts
485,79,230,359,25,102,117,1,5.0,6.8774373259052926,25,359,25,14.36,359,74,74,74,0.6581986143187052,0.003325,0.00344,0.5566279042981374,0.5276863910046072,0.5566279042981374,5.099014754297667,unique_starts
486,79,248,22,8,15,11,18,22.0,22.181818181818183,25,22,8,2.75,22,191,191,191,-0.7934272300469446,0.003325,0.002135,0.5566279042981374,0.4551679911609592,0.5566279042981374,22.25819888974716,unique_starts
487,79,251,5,4,4,5,24,25.0,24.8,25,5,4,1.25,5,97,97,97,-0.9019607843137167,0.003325,0.002675,0.5566279042981374,0.4733873703025864,0.5566279042981374,25.5,unique_starts
488,79,259,15,2,13,3,10,18.0,17.466666666666665,23,15,2,7.5,15,13,0,0,0.9999999999999333,0.003325,0.00102,0.5566279042981374,1.0660615445434947,1.0660615445434947,18.277350098112613,unique_starts
489,79,271,419,28,255,66,5,12.0,12.708830548926015,23,419,28,14.964285714285714,419,187,187,187,0.3828382838283822,0.003325,0.002355,0.5566279042981374,0.46904630509061107,0.5566279042981374,12.062622429108515,unique_starts
490,79,273,30,6,9,22,1,14.0,12.366666666666667,17,30,6,5.0,30,1799,1799,1799,-0.967195188627665,0.003325,0.0032,0.5566279042981374,0.505500130278,0.5566279042981374,14.333333333333334,unique_starts
491,79,288,774,16,78,174,1,15.0,14.488372093023257,25,774,16,48.375,774,100,100,100,0.771167048054919,0.003325,0.002855,0.5566279042981374,0.3565540314868625,0.5566279042981374,15.11322770341446,unique_starts
492,79,410,739,34,285,101,6,18.0,18.020297699594046,25,739,34,21.735294117647058,739,196,196,196,0.5807486631016037,0.003325,0.002505,0.5566279042981374,0.5908932537877524,0.5908932537877524,18.059234887775908,unique_starts
493,79,414,1175,29,261,208,14,22.0,21.75404255319149,25,1175,29,40.51724137931034,1175,518,518,518,0.3880685174246897,0.003325,0.002705,0.5566279042981374,0.4480758181537895,0.5566279042981374,22.06189844605902,unique_starts
494,79,463,19,8,14,11,19,23.0,22.94736842105263,25,19,8,2.375,19,0,0,0,0.9999999999999475,0.003325,0.00216,0.5566279042981374,0.5081641748793143,0.5566279042981374,23.267261241912426,unique_starts
495,79,485,168,15,69,60,1,24.0,22.56547619047619,25,168,15,11.2,168,152,152,152,0.04999999999999984,0.003325,0.002155,0.5566279042981374,0.43599835801952425,0.5566279042981374,24.120385853085768,unique_starts
496,80,4,122,3,13,36,11,20.0,19.450819672131146,25,122,3,40.666666666666664,122,96,96,96,0.11926605504587101,0.003105,0.0034,0.54911977059455,0.42665327824002786,0.54911977059455,20.277350098112613,unique_starts
497,80,8,29,2,11,7,20,23.0,23.24137931034483,25,29,2,14.5,29,90,90,90,-0.5126050420168025,0.003105,0.00305,0.54911977059455,0.5406985617322061,0.54911977059455,23.301511344577765,unique_starts
498,80,10,102,7,18,37,1,6.0,7.509803921568627,25,102,7,14.571428571428571,102,2,0,0,0.9999999999999902,0.003105,0.003525,0.54911977059455,0.49946110985903625,0.54911977059455,6.235702260395516,unique_starts
499,80,21,11,3,11,3,14,20.0,19.545454545454547,24,11,3,3.6666666666666665,11,70,70,70,-0.7283950617283861,0.003105,0.001335,0.54911977059455,0.7000075364621832,0.7000075364621832,20.301511344577765,unique_starts
500,80,22,221,8,27,63,5,13.0,13.14027149321267,21,221,8,27.625,221,56,56,56,0.5956678700360989,0.003105,0.00375,0.54911977059455,0.6446610524678009,0.6446610524678009,13.192450089729876,unique_starts
501,80,42,938,24,198,194,14,22.0,21.93496801705757,25,938,24,39.083333333333336,938,618,618,618,0.20565552699228778,0.003105,0.002905,0.54911977059455,0.49705178564663943,0.54911977059455,22.07106690545187,unique_starts
502,80,43,46,6,15,21,16,20.0,20.369565217391305,25,46,6,7.666666666666667,46,0,0,0,0.9999999999999782,0.003105,0.00192,0.54911977059455,0.4331654262548746,0.54911977059455,20.25819888974716,unique_starts
503,80,63,55,3,18,8,1,21.0,21.036363636363635,25,55,3,18.333333333333332,55,378,378,378,-0.7459584295611992,0.003105,0.00318,0.54911977059455,0.5301456261038152,0.54911977059455,21.235702260395517,unique_starts
504,80,79,14,2,4,10,1,3.5,4.214285714285714,9,14,2,7.0,14,0,0,0,0.9999999999999286,0.003105,0.003325,0.54911977059455,0.5566279042981374,0.5566279042981374,4.0,unique_starts
505,80,112,25,4,13,7,7,9.0,9.36,12,25,4,6.25,25,0,0,0,0.99999999999996,0.003105,0.00296,0.54911977059455,0.4285491187954342,0.54911977059455,9.277350098112615,unique_starts
506,80,117,5,3,4,4,1,24.0,15.2,25,5,3,1.6666666666666667,5,101,101,101,-0.905660377358482,0.003105,0.002995,0.54911977059455,0.4921561459247037,0.54911977059455,24.5,unique_starts
507,80,118,356,4,31,55,3,15.0,15.014044943820224,25,356,4,89.0,356,36,36,36,0.8163265306122428,0.003105,0.002715,0.54911977059455,0.3381375536578267,0.54911977059455,15.179605302026776,unique_starts
508,80,138,465,9,56,117,4,18.0,17.468817204301075,25,465,9,51.666666666666664,465,253,253,253,0.29526462395543135,0.003105,0.002785,0.54911977059455,0.37021778866614363,0.54911977059455,18.13363062095621,unique_starts
509,80,149,94,9,30,32,1,4.0,4.638297872340425,25,94,9,10.444444444444445,94,5,5,5,0.8989898989898899,0.003105,0.002245,0.54911977059455,0.4477196573186491,0.54911977059455,4.182574185835056,unique_starts
510,80,163,8,2,6,3,11,13.5,13.25,15,8,2,4.0,8,7,0,0,0.999999999999875,0.003105,0.000755,0.54911977059455,0.8074492857931624,0.8074492857931624,13.908248290463863,unique_starts
511,80,171,1254,21,232,200,1,9.0,9.724880382775119,25,1254,21,59.714285714285715,1254,96,96,96,0.8577777777777772,0.003105,0.00343,0.54911977059455,0.6091865893282263,0.6091865893282263,9.065653216429862,unique_starts
512,80,173,293,17,171,44,6,14.0,15.160409556313994,25,293,17,17.235294117647058,293,102,102,102,0.4835443037974671,0.003105,0.002675,0.54911977059455,0.5108604177721788,0.54911977059455,14.076471911290188,unique_starts
513,80,175,89,9,17,45,1,13.0,12.910112359550562,21,89,9,9.88888888888889,89,1350,1350,1350,-0.8763029881862399,0.003105,0.00503,0.54911977059455,0.7573380297747923,0.7573380297747923,13.242535625036332,unique_starts
514,80,179,4,4,4,4,15,16.5,16.5,18,4,4,1.0,4,69,69,69,-0.8904109589040975,0.003105,0.00165,0.54911977059455,0.5689519284458886,0.5689519284458886,17.0,unique_starts
515,80,186,4,2,4,2,14,18.5,18.5,23,4,2,2.0,4,77,77,77,-0.9012345679012235,0.003105,0.00126,0.54911977059455,0.4246314878988181,0.54911977059455,19.0,unique_starts
516,80,205,13,2,8,3,18,21.0,20.76923076923077,23,13,2,6.5,13,1,0,0,0.9999999999999231,0.003105,0.00069,0.54911977059455,0.4815721475373711,0.54911977059455,21.353553390593273,unique_starts
517,80,230,119,4,24,26,1,7.0,7.235294117647059,17,119,4,29.75,119,7,7,7,0.8888888888888818,0.003105,0.00344,0.54911977059455,0.5276863910046072,0.54911977059455,7.204124145231932,unique_starts
518,80,248,16,7,15,8,17,23.0,21.5625,25,16,7,2.2857142857142856,16,183,183,183,-0.8391959798994932,0.003105,0.002135,0.54911977059455,0.4551679911609592,0.54911977059455,23.25819888974716,unique_starts
519,80,258,122,16,44,62,1,8.5,10.80327868852459,25,122,16,7.625,122,712,712,712,-0.7074340527577929,0.003105,0.00251,0.54911977059455,0.4379225923469485,0.54911977059455,8.650755672288883,unique_starts
520,80,259,18,4,12,7,9,16.5,16.666666666666668,25,18,4,4.5,18,7,0,0,0.9999999999999445,0.003105,0.00102,0.54911977059455,1.0660615445434947,1.0660615445434947,16.78867513459481,unique_starts
521,80,268,1666,31,300,276,1,7.0,7.73109243697479,20,1666,31,53.74193548387097,1666,80,80,80,0.9083619702176399,0.003105,0.00255,0.54911977059455,0.43791978219162725,0.54911977059455,7.057735026918962,unique_starts
522,80,271,363,27,237,51,5,14.0,14.09366391184573,25,363,27,13.444444444444445,363,124,124,124,0.4907597535934281,0.003105,0.002355,0.54911977059455,0.46904630509061107,0.54911977059455,14.064956980246164,unique_starts
523,80,281,20,4,6,14,13,22.0,20.2,25,20,4,5.0,20,328,328,328,-0.8850574712643652,0.003105,0.003665,0.54911977059455,0.5084243360159619,0.54911977059455,22.408248290463863,unique_starts
524,80,294,14,3,6,11,4,9.5,9.357142857142858,15,14,3,4.666666666666667,14,99,99,99,-0.7522123893805244,0.003105,0.00253,0.54911977059455,0.42896663505169463,0.54911977059455,9.908248290463863,unique_starts
525,80,340,134,8,26,41,10,20.0,19.53731343283582,25,134,8,16.75,134,172,172,172,-0.1241830065359473,0.003105,0.00264,0.54911977059455,0.388332655852337,0.54911977059455,20.196116135138183,unique_starts
526,80,371,7,3,7,3,10,14.0,15.0,21,7,3,2.3333333333333335,7,1,0,0,0.9999999999998571,0.003105,0.00072,0.54911977059455,2.0840511964640234,2.0840511964640234,14.377964473009227,unique_starts
527,80,382,95,5,17,26,15,21.0,20.57894736842105,25,95,5,19.0,95,48,48,48,0.32867132867132637,0.003105,0.00306,0.54911977059455,0.5168753927781407,0.54911977059455,21.242535625036332,unique_starts
528,80,410,281,14,143,36,5,18.0,17.298932384341636,25,281,14,20.071428571428573,281,94,94,94,0.4986666666666653,0.003105,0.002505,0.54911977059455,0.5908932537877524,0.5908932537877524,18.08362420100071,unique_starts
529,80,463,20,7,12,12,18,20.5,21.65,25,20,7,2.857142857142857,20,9,9,9,0.37931034482757314,0.003105,0.00216,0.54911977059455,0.5081641748793143,0.54911977059455,20.78867513459481,unique_starts
530,84,24,639,9,68,120,1,15.0,14.237871674491393,25,639,9,71.0,639,13,13,13,0.9601226993865015,0.003185,0.002975,0.4087675614805981,0.4451639107771672,0.4451639107771672,15.121267812518166,unique_starts
531,84,58,551,11,60,102,4,17.0,16.646098003629763,25,551,11,50.09090909090909,551,237,237,237,0.39847715736040557,0.003185,0.0027,0.4087675614805981,0.45943690378043944,0.45943690378043944,17.12909944487358,unique_starts
532,84,77,88,3,12,21,7,17.0,16.522727272727273,24,88,3,29.333333333333332,88,0,0,0,0.9999999999999887,0.003185,0.00234,0.4087675614805981,0.4473317645634032,0.4473317645634032,17.28867513459481,unique_starts
533,84,115,715,16,133,105,1,10.0,10.658741258741259,25,715,16,44.6875,715,347,347,347,0.3465160075329564,0.003185,0.002855,0.4087675614805981,0.4573735327292514,0.4573735327292514,10.086710996952412,unique_starts
534,84,120,109,7,28,39,17,23.0,22.559633027522935,25,109,7,15.571428571428571,109,0,0,0,0.9999999999999909,0.003185,0.00351,0.4087675614805981,0.6286366289947183,0.6286366289947183,23.188982236504614,unique_starts
535,84,121,4,3,3,4,24,24.5,24.5,25,4,3,1.3333333333333333,4,0,0,0,0.99999999999975,0.003185,0.00212,0.4087675614805981,0.4790562634901327,0.4790562634901327,25.077350269189626,unique_starts
536,84,157,61,5,24,14,15,21.0,20.672131147540984,25,61,5,12.2,61,8,8,8,0.7681159420289745,0.003185,0.00224,0.4087675614805981,0.4360808470049738,0.4360808470049738,21.20412414523193,unique_starts
537,84,179,25,5,25,5,13,19.0,19.32,25,25,5,5.0,25,4,0,0,0.99999999999996,0.003185,0.00165,0.4087675614805981,0.5689519284458886,0.5689519284458886,19.2,unique_starts
538,84,186,7,3,6,4,19,21.0,21.428571428571427,24,7,3,2.3333333333333335,7,0,0,0,0.9999999999998571,0.003185,0.00126,0.4087675614805981,0.4246314878988181,0.4246314878988181,21.408248290463863,unique_starts
539,84,217,198,7,23,58,3,14.0,14.232323232323232,25,198,7,28.285714285714285,198,42,42,42,0.6499999999999974,0.003185,0.003145,0.4087675614805981,0.5280768414975939,0.5280768414975939,14.208514414057074,unique_starts
540,84,224,21,3,7,14,17,23.0,22.285714285714285,25,21,3,7.0,21,12,12,12,0.27272727272726444,0.003185,0.003435,0.4087675614805981,0.5524327933598494,0.5524327933598494,23.37796447300923,unique_starts
541,84,243,6,2,6,2,15,20.0,20.0,25,6,2,3.0,6,354,354,354,-0.9666666666666639,0.003185,0.002845,0.4087675614805981,0.47798288494927843,0.47798288494927843,20.408248290463863,unique_starts
542,84,304,46,5,26,9,12,21.0,20.32608695652174,25,46,5,9.2,46,64,64,64,-0.16363636363636216,0.003185,0.003015,0.4087675614805981,0.5149114583441843,0.5149114583441843,21.196116135138183,unique_starts
543,84,316,38,6,14,18,1,8.5,8.394736842105264,25,38,6,6.333333333333333,38,309,309,309,-0.7809798270893349,0.003185,0.0025,0.4087675614805981,0.4490634320386163,0.4490634320386163,8.767261241912424,unique_starts
544,84,385,1047,18,180,176,1,18.0,17.382999044890163,25,1047,18,58.166666666666664,1047,1463,1463,1463,-0.16573705179282863,0.003185,0.00381,0.4087675614805981,0.544885989019332,0.544885989019332,18.074535599249995,unique_starts
545,84,389,1210,15,198,186,1,18.0,17.211570247933885,25,1210,15,80.66666666666667,1210,1995,1995,1995,-0.2449297971918876,0.003185,0.002875,0.4087675614805981,0.26692962496119355,0.4087675614805981,18.07106690545187,unique_starts
546,84,402,369,14,80,97,1,8.0,8.398373983739837,19,369,14,26.357142857142858,369,117,117,117,0.5185185185185174,0.003185,0.00217,0.4087675614805981,0.45222558449769595,0.45222558449769595,8.11180339887499,unique_starts
547,84,433,11,4,7,8,22,24.0,24.09090909090909,25,11,4,2.75,11,3,0,0,0.9999999999999091,0.003185,0.00295,0.4087675614805981,0.4187955072680345,0.4187955072680345,24.37796447300923,unique_starts
548,84,474,108,10,56,32,1,8.0,12.527777777777779,25,108,10,10.8,108,405,405,405,-0.5789473684210514,0.003185,0.002335,0.4087675614805981,0.47326325022320526,0.47326325022320526,8.133630620956213,unique_starts
549,88,21,33,3,33,3,10,17.0,17.545454545454547,25,33,3,11.0,33,0,0,0,0.9999999999999697,0.00285,0.001335,0.3243399356820196,0.7000075364621832,0.7000075364621832,17.1740776559557,unique_starts
550,88,58,44,4,23,7,17,21.0,21.454545454545453,25,44,4,11.0,44,43,43,43,0.011494252873563086,0.00285,0.0027,0.3243399356820196,0.45943690378043944,0.45943690378043944,21.208514414057074,unique_starts
551,88,133,48,2,13,10,11,20.5,19.5625,25,48,2,24.0,48,93,93,93,-0.3191489361702105,0.00285,0.003455,0.3243399356820196,0.40834813465235587,0.40834813465235587,20.777350098112613,unique_starts
552,88,139,49,2,13,13,19,23.0,23.142857142857142,25,49,2,24.5,49,0,0,0,0.9999999999999796,0.00285,0.00315,0.3243399356820196,0.5763001546805818,0.5763001546805818,23.277350098112613,unique_starts
553,88,143,35,4,13,13,1,23.0,19.857142857142858,25,35,4,8.75,35,659,659,659,-0.8991354466858776,0.00285,0.003425,0.3243399356820196,0.4310573077101274,0.4310573077101274,23.277350098112613,unique_starts
554,88,157,954,20,171,171,1,9.0,10.837526205450734,25,954,20,47.7,954,365,365,365,0.44655041698256226,0.00285,0.00224,0.3243399356820196,0.4360808470049738,0.4360808470049738,9.076471911290188,unique_starts
555,88,186,17,2,17,2,10,18.0,17.647058823529413,25,17,2,8.5,17,6,0,0,0.9999999999999413,0.00285,0.00126,0.3243399356820196,0.4246314878988181,0.4246314878988181,18.242535625036332,unique_starts
556,88,271,3,2,3,2,16,18.0,19.666666666666668,25,3,2,1.5,3,5,5,5,-0.24999999999996875,0.00285,0.002355,0.3243399356820196,0.46904630509061107,0.46904630509061107,18.577350269189626,unique_starts
557,88,273,14,2,14,2,18,21.5,21.5,25,14,2,7.0,14,0,0,0,0.9999999999999286,0.00285,0.0032,0.3243399356820196,0.505500130278,0.505500130278,21.767261241912426,unique_starts
558,88,279,124,4,21,19,1,11.0,11.290322580645162,21,124,4,31.0,124,0,0,0,0.999999999999992,0.00285,0.00293,0.3243399356820196,0.40818291842784804,0.40818291842784804,11.218217890235993,unique_starts
559,88,398,33,2,5,19,12,22.0,20.696969696969695,25,33,2,16.5,33,128,128,128,-0.5900621118012386,0.00285,0.00324,0.3243399356820196,0.4886541548049501,0.4886541548049501,22.447213595499957,unique_starts
560,88,410,13,4,6,10,22,24.0,24.153846153846153,25,13,4,3.25,13,0,0,0,0.9999999999999231,0.00285,0.002505,0.3243399356820196,0.5908932537877524,0.5908932537877524,24.408248290463863,unique_starts
561,88,429,76,4,18,23,17,22.0,22.092105263157894,25,76,4,19.0,76,0,0,0,0.9999999999999869,0.00285,0.0033,0.3243399356820196,0.6319999683881292,0.6319999683881292,22.235702260395517,unique_starts
562,88,432,1971,19,271,238,1,19.0,18.380010147133437,25,1971,19,103.73684210526316,1971,1131,1131,1131,0.2707930367504835,0.00285,0.002895,0.3243399356820196,0.38597465955399696,0.38597465955399696,19.06074567392308,unique_starts
563,88,463,50,5,28,8,15,20.0,20.32,25,50,5,10.0,50,0,0,0,0.99999999999998,0.00285,0.00216,0.3243399356820196,0.5081641748793143,0.5081641748793143,20.188982236504614,unique_starts
564,88,474,81,4,14,23,10,15.0,14.962962962962964,20,81,4,20.25,81,232,232,232,-0.4824281150159729,0.00285,0.002335,0.3243399356820196,0.47326325022320526,0.47326325022320526,15.267261241912424,unique_starts
565,98,24,88,2,11,28,8,21.0,20.0,25,88,2,44.0,88,0,0,0,0.9999999999999887,0.00306,0.002975,0.34307339056976743,0.4451639107771672,0.4451639107771672,21.301511344577765,unique_starts
566,98,77,63,2,14,10,9,21.0,20.58730158730159,25,63,2,31.5,63,6,0,0,0.9999999999999841,0.00306,0.00234,0.34307339056976743,0.4473317645634032,0.4473317645634032,21.267261241912426,unique_starts
567,98,84,21,2,9,6,1,4.0,3.857142857142857,7,21,2,10.5,21,1,0,0,0.9999999999999525,0.00306,0.003185,0.34307339056976743,0.4087675614805981,0.4087675614805981,4.333333333333333,unique_starts
568,98,179,31,4,31,5,13,19.0,19.193548387096776,25,31,4,7.75,31,10,10,10,0.512195121951207,0.00306,0.00165,0.34307339056976743,0.5689519284458886,0.5689519284458886,19.179605302026776,unique_starts
569,98,252,419,4,66,42,1,13.0,12.954653937947494,25,419,4,104.75,419,18,0,0,0.9999999999999976,0.00306,0.00348,0.34307339056976743,0.32521551737612986,0.34307339056976743,13.123091490979332,unique_starts
570,98,316,7,2,6,3,21,24.0,23.428571428571427,25,7,2,3.5,7,249,249,249,-0.9453124999999962,0.00306,0.0025,0.34307339056976743,0.4490634320386163,0.4490634320386163,24.408248290463863,unique_starts
571,98,319,10,3,6,5,16,18.5,18.9,22,10,3,3.3333333333333335,10,25,25,25,-0.4285714285714163,0.00306,0.002245,0.34307339056976743,0.4303008855946258,0.4303008855946258,18.908248290463863,unique_starts
572,98,335,105,4,27,31,9,22.0,21.266666666666666,25,105,4,26.25,105,260,260,260,-0.42465753424657415,0.00306,0.003265,0.34307339056976743,0.33863745508677673,0.34307339056976743,22.192450089729874,unique_starts
573,98,385,90,6,38,22,13,22.0,20.955555555555556,25,90,6,15.0,90,168,168,168,-0.30232558139534765,0.00306,0.00381,0.34307339056976743,0.544885989019332,0.544885989019332,22.162221421130763,unique_starts
574,98,402,139,6,32,30,1,9.0,9.956834532374101,25,139,6,23.166666666666668,139,148,148,148,-0.03135888501742149,0.00306,0.00217,0.34307339056976743,0.45222558449769595,0.45222558449769595,9.176776695296637,unique_starts
575,100,8,50,5,20,14,1,21.0,16.94,25,50,5,10.0,50,297,297,297,-0.7118155619596521,0.0028,0.00305,0.4530066985824541,0.5406985617322061,0.5406985617322061,21.22360679774998,unique_starts
576,100,50,1140,10,112,165,1,11.0,11.346491228070175,25,1140,10,114.0,1140,23,23,23,0.9604471195184859,0.0028,0.00344,0.4530066985824541,0.4362745814366093,0.4530066985824541,11.094491118252307,unique_starts
577,100,79,18,4,10,8,22,24.0,24.166666666666668,25,18,4,4.5,18,534,534,534,-0.9347826086956504,0.0028,0.003325,0.4530066985824541,0.5566279042981374,0.5566279042981374,24.316227766016837,unique_starts
578,100,109,77,4,13,42,1,5.0,6.259740259740259,21,77,4,19.25,77,67,67,67,0.06944444444444396,0.0028,0.002985,0.4530066985824541,0.3581978582570581,0.4530066985824541,5.277350098112614,unique_starts
579,100,144,38,2,7,13,3,12.0,11.18421052631579,18,38,2,19.0,38,429,429,429,-0.8372591006423965,0.0028,0.00326,0.4530066985824541,0.4284130917563028,0.4530066985824541,12.377964473009227,unique_starts
580,100,146,721,16,154,159,1,16.0,16.098474341192787,25,721,16,45.0625,721,1162,1162,1162,-0.23420074349442369,0.0028,0.00289,0.4530066985824541,0.49858717633061933,0.49858717633061933,16.08058229640254,unique_starts
581,100,164,1455,23,306,182,1,9.0,9.766323024054984,25,1455,23,63.26086956521739,1455,143,143,143,0.8210262828535665,0.0028,0.002755,0.4530066985824541,0.46236208579247506,0.46236208579247506,9.057166195047502,unique_starts
582,100,171,17,4,14,5,1,3.0,2.9411764705882355,7,17,4,4.25,17,0,0,0,0.9999999999999413,0.0028,0.00343,0.4530066985824541,0.6091865893282263,0.6091865893282263,3.2672612419124243,unique_starts
583,100,173,111,9,63,31,1,5.0,5.63063063063063,19,111,9,12.333333333333334,111,1,0,0,0.999999999999991,0.0028,0.002675,0.4530066985824541,0.5108604177721788,0.5108604177721788,5.125988157669743,unique_starts
584,100,184,4,2,3,3,24,25.0,24.75,25,4,2,2.0,4,0,0,0,0.99999999999975,0.0028,0.00261,0.4530066985824541,0.4440022572428347,0.4530066985824541,25.577350269189626,unique_starts
585,100,186,8,3,7,4,15,16.5,16.75,19,8,3,2.6666666666666665,8,24,24,24,-0.49999999999998435,0.0028,0.00126,0.4530066985824541,0.4246314878988181,0.4530066985824541,16.87796447300923,unique_starts
586,100,205,24,4,13,10,15,18.0,18.333333333333332,21,24,4,6.0,24,1,0,0,0.9999999999999584,0.0028,0.00069,0.4530066985824541,0.4815721475373711,0.4815721475373711,18.277350098112613,unique_starts
587,100,230,46,8,26,17,21,24.0,23.847826086956523,25,46,8,5.75,46,73,73,73,-0.22689075630251912,0.0028,0.00344,0.4530066985824541,0.5276863910046072,0.5276863910046072,24.196116135138183,unique_starts
588,100,248,13,4,9,5,19,20.0,20.615384615384617,23,13,4,3.25,13,71,71,71,-0.6904761904761822,0.0028,0.002135,0.4530066985824541,0.4551679911609592,0.4551679911609592,20.333333333333332,unique_starts
589,100,259,3,2,3,2,7,8.0,7.666666666666667,8,3,2,1.5,3,2,0,0,0.9999999999996666,0.0028,0.00102,0.4530066985824541,1.0660615445434947,1.0660615445434947,8.577350269189626,unique_starts
590,100,271,77,8,55,11,1,6.0,7.558441558441558,25,77,8,9.625,77,55,55,55,0.1666666666666654,0.0028,0.002355,0.4530066985824541,0.46904630509061107,0.46904630509061107,6.134839972492649,unique_starts
591,100,315,171,12,76,93,1,22.0,18.327485380116958,25,171,12,14.25,171,2400,2400,2400,-0.8669778296382727,0.0028,0.00307,0.4530066985824541,0.5338410601299857,0.5338410601299857,22.11470786693528,unique_starts
592,100,410,453,20,209,57,2,13.0,12.812362030905078,25,453,20,22.65,453,24,24,24,0.899371069182388,0.0028,0.002505,0.4530066985824541,0.5908932537877524,0.5908932537877524,13.069171446386607,unique_starts
593,100,414,223,7,45,46,11,17.0,17.49775784753363,25,223,7,31.857142857142858,223,22,0,0,0.9999999999999956,0.0028,0.002705,0.4530066985824541,0.4480758181537895,0.4530066985824541,17.149071198499986,unique_starts
594,100,463,14,4,9,7,20,21.5,21.785714285714285,24,14,4,3.5,14,6,6,6,0.39999999999998004,0.0028,0.00216,0.4530066985824541,0.5081641748793143,0.5081641748793143,21.833333333333332,unique_starts
595,100,485,523,19,137,104,6,21.0,20.879541108986615,25,523,19,27.526315789473685,523,277,277,277,0.3074999999999996,0.0028,0.002155,0.4530066985824541,0.43599835801952425,0.4530066985824541,21.085435765771678,unique_starts
596,109,3,266,4,39,32,6,17.0,17.01127819548872,25,266,4,66.5,266,92,92,92,0.4860335195530712,0.002985,0.003565,0.3581978582570581,0.5904218374331804,0.5904218374331804,17.160128153805086,unique_starts
597,109,39,70,5,22,16,9,20.0,19.485714285714284,25,70,5,14.0,70,98,98,98,-0.16666666666666569,0.002985,0.002705,0.3581978582570581,0.41176789607065134,0.41176789607065134,20.21320071635561,unique_starts
598,109,100,67,3,26,10,3,12.0,14.507462686567164,25,67,3,22.333333333333332,67,77,77,77,-0.06944444444444396,0.002985,0.0028,0.3581978582570581,0.4530066985824541,0.4530066985824541,12.196116135138183,unique_starts
599,109,117,17,2,6,5,18,21.0,20.823529411764707,24,17,2,8.5,17,14,14,14,0.09677419354838399,0.002985,0.002995,0.3581978582570581,0.4921561459247037,0.4921561459247037,21.408248290463863,unique_starts
600,109,140,158,6,62,18,1,9.0,10.094936708860759,25,158,6,26.333333333333332,158,8,8,8,0.9036144578313199,0.002985,0.00296,0.3581978582570581,0.4551836186304672,0.4551836186304672,9.12700012700019,unique_starts
601,109,146,177,5,80,17,1,14.0,13.44632768361582,25,177,5,35.4,177,76,76,76,0.3992094861660063,0.002985,0.00289,0.3581978582570581,0.49858717633061933,0.49858717633061933,14.11180339887499,unique_starts
602,109,163,51,7,45,11,1,3.0,3.588235294117647,10,51,7,7.285714285714286,51,0,0,0,0.9999999999999803,0.002985,0.000755,0.3581978582570581,0.8074492857931624,0.8074492857931624,3.149071198499986,unique_starts
603,109,169,27,2,6,11,14,21.0,20.333333333333332,25,27,2,13.5,27,71,71,71,-0.44897959183673014,0.002985,0.003075,0.3581978582570581,0.5191317792488794,0.5191317792488794,21.408248290463863,unique_starts
604,109,186,3,2,3,2,23,24.0,24.0,25,3,2,1.5,3,5,0,0,0.9999999999996666,0.002985,0.00126,0.3581978582570581,0.4246314878988181,0.4246314878988181,24.577350269189626,unique_starts
605,109,205,151,22,101,42,1,13.0,13.205298013245033,25,151,22,6.863636363636363,151,70,70,70,0.36651583710407076,0.002985,0.00069,0.3581978582570581,0.4815721475373711,0.4815721475373711,13.099503719021,unique_starts
606,109,259,132,10,127,18,1,9.0,9.704545454545455,25,132,10,13.2,132,35,35,35,0.58083832335329,0.002985,0.00102,0.3581978582570581,1.0660615445434947,1.0660615445434947,9.088735650941612,unique_starts
607,109,328,1010,16,234,99,1,11.0,12.093069306930692,25,1010,16,63.125,1010,243,243,243,0.6121308858739022,0.002985,0.00278,0.3581978582570581,0.4295227114706557,0.4295227114706557,11.065372045046061,unique_starts
608,109,335,69,6,20,38,12,22.0,21.130434782608695,25,69,6,11.5,69,132,132,132,-0.313432835820894,0.002985,0.003265,0.3581978582570581,0.33863745508677673,0.3581978582570581,22.22360679774998,unique_starts
609,109,371,12,2,12,2,1,3.5,3.9166666666666665,9,12,2,6.0,12,2,0,0,0.9999999999999166,0.002985,0.00072,0.3581978582570581,2.0840511964640234,2.0840511964640234,3.788675134594813,unique_starts
610,109,404,380,8,88,48,3,18.0,17.844736842105263,25,380,8,47.5,380,149,149,149,0.4366729678638933,0.002985,0.00219,0.3581978582570581,0.5171261636058332,0.5171261636058332,18.106600358177804,unique_starts
611,109,406,91,2,15,15,13,21.0,20.813186813186814,25,91,2,45.5,91,66,66,66,0.1592356687898079,0.002985,0.002805,0.3581978582570581,0.47566766402598537,0.47566766402598537,21.25819888974716,unique_starts
612,109,430,89,2,19,8,1,10.0,10.674157303370787,23,89,2,44.5,89,0,0,0,0.9999999999999888,0.002985,0.00263,0.3581978582570581,0.45111919326183225,0.45111919326183225,10.229415733870562,unique_starts
613,109,433,18,4,6,14,17,21.0,21.055555555555557,25,18,4,4.5,18,102,102,102,-0.6999999999999942,0.002985,0.00295,0.3581978582570581,0.4187955072680345,0.4187955072680345,21.408248290463863,unique_starts
614,109,485,112,3,20,17,1,16.0,15.196428571428571,24,112,3,37.333333333333336,112,0,0,0,0.9999999999999911,0.002985,0.002155,0.3581978582570581,0.43599835801952425,0.43599835801952425,16.22360679774998,unique_starts
615,109,487,63,4,34,14,1,7.0,8.031746031746032,25,63,4,15.75,63,73,73,73,-0.07352941176470534,0.002985,0.00309,0.3581978582570581,0.4986519883489159,0.4986519883489159,7.171498585142508,unique_starts
616,109,494,424,14,98,118,1,16.0,16.31132075471698,25,424,14,30.285714285714285,424,183,183,183,0.3970345963756171,0.002985,0.002885,0.3581978582570581,0.4433285498558166,0.4433285498558166,16.10101525445522,unique_starts
617,112,10,532,17,166,144,14,23.0,22.469924812030076,25,532,17,31.294117647058822,532,1116,1116,1116,-0.35436893203883474,0.00296,0.003525,0.4285491187954342,0.49946110985903625,0.49946110985903625,23.077615052570632,unique_starts
618,112,42,28,3,13,5,12,21.0,20.25,25,28,3,9.333333333333334,28,0,0,0,0.9999999999999644,0.00296,0.002905,0.4285491187954342,0.49705178564663943,0.49705178564663943,21.277350098112613,unique_starts
619,112,46,38,2,7,10,1,7.0,6.868421052631579,13,38,2,19.0,38,115,115,115,-0.5032679738562059,0.00296,0.00281,0.4285491187954342,0.4994811286042713,0.4994811286042713,7.377964473009227,unique_starts
620,112,117,104,11,49,41,19,23.0,23.26923076923077,25,104,11,9.454545454545455,104,256,256,256,-0.422222222222221,0.00296,0.002995,0.4285491187954342,0.4921561459247037,0.4921561459247037,23.142857142857142,unique_starts
621,112,140,43,2,5,26,4,9.0,8.790697674418604,13,43,2,21.5,43,0,0,0,0.9999999999999767,0.00296,0.00296,0.4285491187954342,0.4551836186304672,0.4551836186304672,9.447213595499958,unique_starts
622,112,205,9,4,7,5,1,12.0,10.555555555555555,13,9,4,2.25,9,0,0,0,0.9999999999998889,0.00296,0.00069,0.4285491187954342,0.4815721475373711,0.4815721475373711,12.377964473009227,unique_starts
623,112,213,1211,20,148,391,1,6.0,5.985136251032205,15,1211,20,60.55,1211,787,787,787,0.21221221221221212,0.00296,0.00257,0.4285491187954342,0.4255281791303589,0.4285491187954342,6.082199493652679,unique_starts
624,112,238,530,14,149,83,13,21.0,20.467924528301886,25,530,14,37.857142857142854,530,5,0,0,0.9999999999999981,0.00296,0.002405,0.4285491187954342,0.44709407160762304,0.44709407160762304,21.081923192051903,unique_starts
625,112,259,7,3,5,4,1,6.0,4.714285714285714,8,7,3,2.3333333333333335,7,0,0,0,0.9999999999998571,0.00296,0.00102,0.4285491187954342,1.0660615445434947,1.0660615445434947,6.447213595499958,unique_starts
626,112,294,53,6,19,20,18,23.0,22.641509433962263,25,53,6,8.833333333333334,53,0,0,0,0.9999999999999811,0.00296,0.00253,0.4285491187954342,0.42896663505169463,0.42896663505169463,23.22941573387056,unique_starts
627,112,324,1420,13,235,128,1,9.0,9.225352112676056,24,1420,13,109.23076923076923,1420,1599,1599,1599,-0.05929115601192446,0.00296,0.00328,0.4285491187954342,0.38585339304776145,0.4285491187954342,9.065232807305344,unique_starts
628,112,378,127,5,23,24,1,6.0,6.732283464566929,15,127,5,25.4,127,120,120,120,0.028340080971659805,0.00296,0.00272,0.4285491187954342,0.2874139677247253,0.4285491187954342,6.208514414057075,unique_starts
629,112,382,3755,21,421,424,5,15.0,15.599733688415446,25,3755,21,178.8095238095238,3755,5,0,0,0.9999999999999998,0.00296,0.00306,0.4285491187954342,0.5168753927781407,0.5168753927781407,15.048737017882859,unique_starts
630,112,404,109,4,34,13,14,21.0,20.81651376146789,25,109,4,27.25,109,0,0,0,0.9999999999999909,0.00296,0.00219,0.4285491187954342,0.5171261636058332,0.5171261636058332,21.17149858514251,unique_starts
631,115,21,14,3,14,3,11,13.5,13.642857142857142,17,14,3,4.666666666666667,14,40,40,40,-0.4814814814814726,0.002855,0.001335,0.4573735327292514,0.7000075364621832,0.7000075364621832,13.767261241912424,unique_starts
632,115,24,121,3,11,29,2,13.0,12.553719008264462,22,121,3,40.333333333333336,121,0,0,0,0.9999999999999918,0.002855,0.002975,0.4573735327292514,0.4451639107771672,0.4573735327292514,13.301511344577763,unique_starts
633,115,58,1826,30,202,365,1,8.0,8.468784227820372,22,1826,30,60.86666666666667,1826,173,173,173,0.8269134567283638,0.002855,0.0027,0.4573735327292514,0.45943690378043944,0.45943690378043944,8.07035975447303,unique_starts
634,115,84,347,18,62,134,1,11.0,10.746397694524497,25,347,18,19.27777777777778,347,715,715,715,-0.3465160075329564,0.002855,0.003185,0.4573735327292514,0.4087675614805981,0.4573735327292514,11.12700012700019,unique_starts
635,115,120,89,13,39,36,18,24.0,23.43820224719101,25,89,13,6.846153846153846,89,0,0,0,0.9999999999999888,0.002855,0.00351,0.4573735327292514,0.6286366289947183,0.6286366289947183,24.160128153805086,unique_starts
636,115,121,122,13,69,22,15,20.0,20.12295081967213,25,122,13,9.384615384615385,122,0,0,0,0.9999999999999919,0.002855,0.00212,0.4573735327292514,0.4790562634901327,0.4790562634901327,20.120385853085768,unique_starts
637,115,163,49,6,31,11,11,18.0,17.367346938775512,25,49,6,8.166666666666666,49,46,46,46,0.03157894736842072,0.002855,0.000755,0.4573735327292514,0.8074492857931624,0.8074492857931624,18.179605302026776,unique_starts
638,115,169,66,6,25,22,18,23.0,22.424242424242426,25,66,6,11.0,66,113,113,113,-0.2625698324022332,0.002855,0.003075,0.4573735327292514,0.5191317792488794,0.5191317792488794,23.2,unique_starts
639,115,179,54,12,54,13,10,14.0,14.75925925925926,22,54,12,4.5,54,31,31,31,0.27058823529411447,0.002855,0.00165,0.4573735327292514,0.5689519284458886,0.5689519284458886,14.136082763487954,unique_starts
640,115,186,60,6,42,8,11,15.0,15.133333333333333,20,60,6,10.0,60,40,40,40,0.199999999999998,0.002855,0.00126,0.4573735327292514,0.4246314878988181,0.4573735327292514,15.154303349962092,unique_starts
641,115,199,25,3,9,12,21,24.0,23.8,25,25,3,8.333333333333334,25,0,0,0,0.99999999999996,0.002855,0.00268,0.4573735327292514,0.5690552560543798,0.5690552560543798,24.333333333333332,unique_starts
642,115,217,93,5,12,38,1,7.0,6.731182795698925,12,93,5,18.6,93,0,0,0,0.9999999999999893,0.002855,0.003145,0.4573735327292514,0.5280768414975939,0.5280768414975939,7.288675134594813,unique_starts
643,115,224,114,4,11,50,3,17.0,16.771929824561404,25,114,4,28.5,114,16,0,0,0.9999999999999912,0.002855,0.003435,0.4573735327292514,0.5524327933598494,0.5524327933598494,17.301511344577765,unique_starts
644,115,243,5,2,5,2,12,13.0,13.4,15,5,2,2.5,5,282,282,282,-0.9651567944250836,0.002855,0.002845,0.4573735327292514,0.47798288494927843,0.47798288494927843,13.447213595499958,unique_starts
645,115,251,40,3,10,16,19,23.0,22.7,25,40,3,13.333333333333334,40,35,35,35,0.06666666666666578,0.002855,0.002675,0.4573735327292514,0.4733873703025864,0.4733873703025864,23.316227766016837,unique_starts
646,115,259,32,5,27,11,11,20.0,19.25,25,32,5,6.4,32,32,32,32,0.0,0.002855,0.00102,0.4573735327292514,1.0660615445434947,1.0660615445434947,20.192450089729874,unique_starts
647,115,316,20,5,6,18,1,4.0,4.2,8,20,5,4.0,20,8,8,8,0.4285714285714133,0.002855,0.0025,0.4573735327292514,0.4490634320386163,0.4573735327292514,4.408248290463863,unique_starts
648,115,319,5,2,3,3,14,15.0,15.0,16,5,2,2.5,5,65,65,65,-0.857142857142845,0.002855,0.002245,0.4573735327292514,0.4303008855946258,0.4573735327292514,15.577350269189626,unique_starts
649,115,371,17,7,14,9,7,11.0,11.823529411764707,18,17,7,2.4285714285714284,17,0,0,0,0.9999999999999413,0.002855,0.00072,0.4573735327292514,2.0840511964640234,2.0840511964640234,11.267261241912424,unique_starts
650,115,385,30,3,6,12,1,7.0,7.966666666666667,25,30,3,10.0,30,12,0,0,0.9999999999999667,0.002855,0.00381,0.4573735327292514,0.544885989019332,0.544885989019332,7.408248290463863,unique_starts
651,115,389,216,14,33,108,1,12.5,13.643518518518519,25,216,14,15.428571428571429,216,268,268,268,-0.10743801652892539,0.002855,0.002875,0.4573735327292514,0.26692962496119355,0.4573735327292514,12.674077655955697,unique_starts
652,115,402,9,2,6,5,1,3.0,2.7777777777777777,5,9,2,4.5,9,55,55,55,-0.7187499999999888,0.002855,0.00217,0.4573735327292514,0.45222558449769595,0.4573735327292514,3.408248290463863,unique_starts
653,115,433,280,17,94,71,18,23.0,22.514285714285716,25,280,17,16.470588235294116,280,263,263,263,0.03130755064456716,0.002855,0.00295,0.4573735327292514,0.4187955072680345,0.4573735327292514,23.10314212462588,unique_starts
654,115,474,19,3,4,17,3,7.0,8.736842105263158,19,19,3,6.333333333333333,19,41,41,41,-0.36666666666666053,0.002855,0.002335,0.4573735327292514,0.47326325022320526,0.47326325022320526,7.5,unique_starts
655,117,6,16,5,10,8,21,23.5,23.4375,25,16,5,3.2,16,236,236,236,-0.8730158730158696,0.002995,0.003095,0.4921561459247037,0.5183369733262979,0.5183369733262979,23.816227766016837,unique_starts
656,117,10,1195,25,204,245,1,7.0,7.727196652719665,20,1195,25,47.8,1195,20,20,20,0.9670781893004108,0.002995,0.003525,0.4921561459247037,0.49946110985903625,0.49946110985903625,7.070014004201401,unique_starts
657,117,16,764,9,100,115,2,17.0,16.68193717277487,25,764,9,84.88888888888889,764,203,203,203,0.5801447776628743,0.002995,0.00306,0.4921561459247037,0.3930741805154096,0.4921561459247037,17.1,unique_starts
658,117,21,17,6,17,6,14,17.0,16.88235294117647,21,17,6,2.8333333333333335,17,73,73,73,-0.6222222222222153,0.002995,0.001335,0.4921561459247037,0.7000075364621832,0.7000075364621832,17.242535625036332,unique_starts
659,117,42,8,3,5,5,23,25.0,24.5,25,8,3,2.6666666666666665,8,12,12,12,-0.19999999999999002,0.002995,0.002905,0.4921561459247037,0.49705178564663943,0.49705178564663943,25.447213595499957,unique_starts
660,117,46,261,15,86,86,17,24.0,23.36015325670498,25,261,15,17.4,261,17,17,17,0.8776978417266155,0.002995,0.00281,0.4921561459247037,0.4994811286042713,0.4994811286042713,24.107832773203437,unique_starts
661,117,80,101,8,33,28,1,4.0,4.148514851485149,9,101,8,12.625,101,5,5,5,0.905660377358482,0.002995,0.003105,0.4921561459247037,0.54911977059455,0.54911977059455,4.174077655955698,unique_starts
662,117,109,14,3,14,3,8,14.5,14.071428571428571,19,14,3,4.666666666666667,14,17,17,17,-0.09677419354838399,0.002995,0.002985,0.4921561459247037,0.3581978582570581,0.4921561459247037,14.767261241912424,unique_starts
663,117,112,256,17,107,73,11,23.0,22.19140625,25,256,17,15.058823529411764,256,104,104,104,0.422222222222221,0.002995,0.00296,0.4921561459247037,0.4285491187954342,0.4921561459247037,23.096673648904567,unique_starts
664,117,121,42,11,32,17,17,22.0,21.452380952380953,25,42,11,3.8181818181818183,42,0,0,0,0.9999999999999761,0.002995,0.00212,0.4921561459247037,0.4790562634901327,0.4921561459247037,22.17677669529664,unique_starts
665,117,139,35,5,12,15,20,24.0,23.485714285714284,25,35,5,7.0,35,1,0,0,0.9999999999999714,0.002995,0.00315,0.4921561459247037,0.5763001546805818,0.5763001546805818,24.28867513459481,unique_starts
666,117,163,41,3,26,8,5,11.0,11.609756097560975,19,41,3,13.666666666666666,41,18,0,0,0.9999999999999756,0.002995,0.000755,0.4921561459247037,0.8074492857931624,0.8074492857931624,11.196116135138183,unique_starts
667,117,173,12,2,10,4,7,12.5,12.5,18,12,2,6.0,12,0,0,0,0.9999999999999166,0.002995,0.002675,0.4921561459247037,0.5108604177721788,0.5108604177721788,12.816227766016837,unique_starts
668,117,175,56,10,29,23,19,23.0,23.178571428571427,25,56,10,5.6,56,578,578,578,-0.8233438485804403,0.002995,0.00503,0.4921561459247037,0.7573380297747923,0.7573380297747923,23.18569533817705,unique_starts
669,117,179,15,6,15,6,13,17.0,17.933333333333334,24,15,6,2.5,15,150,150,150,-0.8181818181818132,0.002995,0.00165,0.4921561459247037,0.5689519284458886,0.5689519284458886,17.25819888974716,unique_starts
670,117,186,31,5,24,6,12,17.0,17.161290322580644,22,31,5,6.2,31,96,96,96,-0.5118110236220432,0.002995,0.00126,0.4921561459247037,0.4246314878988181,0.4921561459247037,17.20412414523193,unique_starts
671,117,199,191,8,32,42,1,7.0,7.371727748691099,25,191,8,23.875,191,71,71,71,0.45801526717557073,0.002995,0.00268,0.4921561459247037,0.5690552560543798,0.5690552560543798,7.1767766952966365,unique_starts
672,117,205,27,4,16,7,20,24.0,23.296296296296298,25,27,4,6.75,27,37,37,37,-0.15624999999999759,0.002995,0.00069,0.4921561459247037,0.4815721475373711,0.4921561459247037,24.25,unique_starts
673,117,213,113,13,46,49,20,24.0,23.86725663716814,25,113,13,8.692307692307692,113,0,0,0,0.9999999999999912,0.002995,0.00257,0.4921561459247037,0.4255281791303589,0.4921561459247037,24.147441956154896,unique_starts
674,117,238,107,4,28,39,1,13.0,12.97196261682243,25,107,4,26.75,107,775,775,775,-0.7573696145124708,0.002995,0.002405,0.4921561459247037,0.44709407160762304,0.4921561459247037,13.188982236504614,unique_starts
675,117,243,30,7,19,11,18,22.5,22.366666666666667,25,30,7,4.285714285714286,30,8,0,0,0.9999999999999667,0.002995,0.002845,0.4921561459247037,0.47798288494927843,0.4921561459247037,22.72941573387056,unique_starts
676,117,248,50,11,35,15,16,21.0,20.74,25,50,11,4.545454545454546,50,174,174,174,-0.5535714285714262,0.002995,0.002135,0.4921561459247037,0.4551679911609592,0.4921561459247037,21.169030850945703,unique_starts
677,117,259,30,4,29,7,8,17.0,16.9,25,30,4,7.5,30,16,16,16,0.3043478260869499,0.002995,0.00102,0.4921561459247037,1.0660615445434947,1.0660615445434947,17.18569533817705,unique_starts
678,117,268,76,5,16,23,2,8.5,8.31578947368421,12,76,5,15.2,76,15,15,15,0.670329670329663,0.002995,0.00255,0.4921561459247037,0.43791978219162725,0.4921561459247037,8.75,unique_starts
679,117,273,11,2,4,8,21,24.0,23.727272727272727,25,11,2,5.5,11,0,0,0,0.9999999999999091,0.002995,0.0032,0.4921561459247037,0.505500130278,0.505500130278,24.5,unique_starts
680,117,281,304,11,41,79,1,11.0,11.266447368421053,22,304,11,27.636363636363637,304,1379,1379,1379,-0.6387403446226972,0.002995,0.003665,0.4921561459247037,0.5084243360159619,0.5084243360159619,11.156173761888606,unique_starts
681,117,294,239,11,52,70,1,7.0,7.2217573221757325,18,239,11,21.727272727272727,239,261,261,261,-0.04399999999999991,0.002995,0.00253,0.4921561459247037,0.42896663505169463,0.4921561459247037,7.138675049056308,unique_starts
682,117,324,1870,23,192,347,1,15.0,14.640106951871658,25,1870,23,81.30434782608695,1870,210,210,210,0.7980769230769227,0.002995,0.00328,0.4921561459247037,0.38585339304776145,0.4921561459247037,15.072168783648703,unique_starts
683,117,371,13,2,13,2,6,12.0,11.76923076923077,17,13,2,6.5,13,5,0,0,0.9999999999999231,0.002995,0.00072,0.4921561459247037,2.0840511964640234,2.0840511964640234,12.277350098112615,unique_starts
684,117,378,903,8,86,123,1,17.0,16.630121816168327,25,903,8,112.875,903,313,313,313,0.48519736842105227,0.002995,0.00272,0.4921561459247037,0.2874139677247253,0.4921561459247037,17.107832773203437,unique_starts
685,117,382,54,7,20,26,14,23.5,22.64814814814815,25,54,7,7.714285714285714,54,721,721,721,-0.8606451612903214,0.002995,0.00306,0.4921561459247037,0.5168753927781407,0.5168753927781407,23.72360679774998,unique_starts
686,117,383,21,2,2,21,1,7.0,6.809523809523809,13,21,2,10.5,21,6,0,0,0.9999999999999525,0.002995,0.00295,0.4921561459247037,0.47953992323646644,0.4921561459247037,7.707106781186548,unique_starts
687,117,462,1844,22,225,264,1,13.0,13.378524945770065,25,1844,22,83.81818181818181,1844,5,0,0,0.9999999999999996,0.002995,0.00335,0.4921561459247037,0.4622577751318516,0.4921561459247037,13.066666666666666,unique_starts
688,117,494,72,4,13,16,1,7.0,7.055555555555555,15,72,4,18.0,72,125,125,125,-0.2690355329949225,0.002995,0.002885,0.4921561459247037,0.4433285498558166,0.4921561459247037,7.277350098112614,unique_starts
689,118,8,154,6,38,28,8,15.0,15.0,23,154,6,25.666666666666668,154,84,84,84,0.2941176470588223,0.002715,0.00305,0.3381375536578267,0.5406985617322061,0.5406985617322061,15.162221421130763,unique_starts
690,118,22,64,7,17,30,18,23.0,22.984375,25,64,7,9.142857142857142,64,3,0,0,0.9999999999999845,0.002715,0.00375,0.3381375536578267,0.6446610524678009,0.6446610524678009,23.242535625036332,unique_starts
691,118,63,1504,17,184,203,1,9.0,9.226063829787234,25,1504,17,88.47058823529412,1504,267,267,267,0.698475437605872,0.002715,0.00318,0.3381375536578267,0.5301456261038152,0.5301456261038152,9.073720978077448,unique_starts
692,118,80,36,2,11,9,13,22.5,21.22222222222222,25,36,2,18.0,36,356,356,356,-0.8163265306122428,0.002715,0.003105,0.3381375536578267,0.54911977059455,0.54911977059455,22.801511344577765,unique_starts
693,118,149,340,11,83,68,8,17.0,17.720588235294116,25,340,11,30.90909090909091,340,254,254,254,0.14478114478114454,0.002715,0.002245,0.3381375536578267,0.4477196573186491,0.4477196573186491,17.10976425998969,unique_starts
694,118,166,266,10,76,70,18,23.0,23.13157894736842,25,266,10,26.6,266,769,769,769,-0.4859903381642508,0.002715,0.00289,0.3381375536578267,0.4782304215414501,0.4782304215414501,23.11470786693528,unique_starts
695,118,230,21,3,12,8,15,20.0,20.047619047619047,25,21,3,7.0,21,91,0,0,0.9999999999999525,0.002715,0.00344,0.3381375536578267,0.5276863910046072,0.5276863910046072,20.28867513459481,unique_starts
696,118,258,35,2,10,8,13,18.0,18.8,25,35,2,17.5,35,43,43,43,-0.10256410256410126,0.002715,0.00251,0.3381375536578267,0.4379225923469485,0.4379225923469485,18.316227766016837,unique_starts
697,118,294,30,3,12,9,20,24.0,23.5,25,30,3,10.0,30,0,0,0,0.9999999999999667,0.002715,0.00253,0.3381375536578267,0.42896663505169463,0.42896663505169463,24.28867513459481,unique_starts
698,118,332,92,9,35,34,19,24.0,23.565217391304348,25,92,9,10.222222222222221,92,1170,1170,1170,-0.8541996830427886,0.002715,0.00266,0.3381375536578267,0.3973389111790975,0.3973389111790975,24.169030850945703,unique_starts
699,118,340,23,2,9,8,1,3.0,2.869565217391304,5,23,2,11.5,23,0,0,0,0.9999999999999566,0.002715,0.00264,0.3381375536578267,0.388332655852337,0.388332655852337,3.3333333333333335,unique_starts
700,118,410,6,2,6,2,6,8.0,8.0,10,6,2,3.0,6,0,0,0,0.9999999999998334,0.002715,0.002505,0.3381375536578267,0.5908932537877524,0.5908932537877524,8.408248290463863,unique_starts
701,118,414,27,3,8,10,9,11.0,11.11111111111111,14,27,3,9.0,27,0,0,0,0.999999999999963,0.002715,0.002705,0.3381375536578267,0.4480758181537895,0.4480758181537895,11.353553390593273,unique_starts
702,118,500,625,7,109,67,11,21.0,20.2144,25,625,7,89.28571428571429,625,56,56,56,0.8355359765051382,0.002715,0.00264,0.3381375536578267,0.41474401777690195,0.41474401777690195,21.095782628522116,unique_starts
703,120,163,12,2,8,3,9,12.0,14.166666666666666,22,12,2,6.0,12,0,0,0,0.9999999999999166,0.00351,0.000755,0.6286366289947183,0.8074492857931624,0.8074492857931624,12.353553390593273,unique_starts
704,120,259,17,2,13,3,7,14.0,13.352941176470589,18,17,2,8.5,17,4,0,0,0.9999999999999413,0.00351,0.00102,0.6286366289947183,1.0660615445434947,1.0660615445434947,14.277350098112615,unique_starts
705,120,304,335,26,121,125,1,24.0,23.18507462686567,25,335,26,12.884615384615385,335,1047,1047,1047,-0.5151953690303904,0.00351,0.003015,0.6286366289947183,0.5149114583441843,0.6286366289947183,24.09090909090909,unique_starts
706,120,329,158,7,41,42,17,23.0,23.0,25,158,7,22.571428571428573,158,0,0,0,0.9999999999999937,0.00351,0.00267,0.6286366289947183,0.48285513264051666,0.6286366289947183,23.156173761888606,unique_starts
707,121,2,227,11,21,174,1,13.0,12.73568281938326,25,227,11,20.636363636363637,227,0,0,0,0.9999999999999957,0.00212,0.00384,0.4790562634901327,0.49557695833984555,0.49557695833984555,13.218217890235993,unique_starts
708,121,4,24,8,11,20,21,24.0,23.916666666666668,25,24,8,3.0,24,0,0,0,0.9999999999999584,0.00212,0.0034,0.4790562634901327,0.42665327824002786,0.4790562634901327,24.301511344577765,unique_starts
709,121,7,128,9,16,75,9,19.0,18.140625,25,128,9,14.222222222222221,128,0,0,0,0.9999999999999922,0.00212,0.00345,0.4790562634901327,0.473565075387291,0.4790562634901327,19.25,unique_starts
710,121,21,7,7,7,7,23,25.0,24.571428571428573,25,7,7,1.0,7,175,175,175,-0.923076923076918,0.00212,0.001335,0.4790562634901327,0.7000075364621832,0.7000075364621832,25.37796447300923,unique_starts
711,121,22,225,21,41,139,1,20.0,19.013333333333332,25,225,21,10.714285714285714,225,0,0,0,0.9999999999999956,0.00212,0.00375,0.4790562634901327,0.6446610524678009,0.6446610524678009,20.156173761888606,unique_starts
712,121,28,15,4,5,14,21,24.0,23.666666666666668,25,15,4,3.75,15,0,0,0,0.9999999999999333,0.00212,0.002415,0.4790562634901327,0.42854134755998907,0.4790562634901327,24.447213595499957,unique_starts
713,121,79,238,23,46,151,7,16.0,15.491596638655462,25,238,23,10.347826086956522,238,0,0,0,0.9999999999999958,0.00212,0.003325,0.4790562634901327,0.5566279042981374,0.5566279042981374,16.147441956154896,unique_starts
714,121,80,207,23,42,120,6,13.0,13.85024154589372,22,207,23,9.0,207,0,0,0,0.9999999999999952,0.00212,0.003105,0.4790562634901327,0.54911977059455,0.54911977059455,13.154303349962092,unique_starts
715,121,88,29,2,4,15,9,18.0,17.82758620689655,25,29,2,14.5,29,0,0,0,0.9999999999999656,0.00212,0.00285,0.4790562634901327,0.3243399356820196,0.4790562634901327,18.5,unique_starts
716,121,100,125,11,18,82,13,22.0,21.368,25,125,11,11.363636363636363,125,0,0,0,0.999999999999992,0.00212,0.0028,0.4790562634901327,0.4530066985824541,0.4790562634901327,22.235702260395517,unique_starts
717,121,133,82,8,12,51,11,20.0,19.695121951219512,25,82,8,10.25,82,0,0,0,0.9999999999999879,0.00212,0.003455,0.4790562634901327,0.40834813465235587,0.4790562634901327,20.28867513459481,unique_starts
718,121,139,576,54,105,350,1,7.0,6.786458333333333,17,576,54,10.666666666666666,576,0,0,0,0.9999999999999982,0.00212,0.00315,0.4790562634901327,0.5763001546805818,0.5763001546805818,7.097590007294853,unique_starts
719,121,143,129,9,17,78,11,20.0,19.899224806201552,25,129,9,14.333333333333334,129,0,0,0,0.9999999999999923,0.00212,0.003425,0.4790562634901327,0.4310573077101274,0.4790562634901327,20.242535625036332,unique_starts
720,121,144,288,12,24,203,1,7.0,9.072916666666666,25,288,12,24.0,288,0,0,0,0.9999999999999964,0.00212,0.00326,0.4790562634901327,0.4284130917563028,0.4790562634901327,7.204124145231932,unique_starts
721,121,149,58,16,25,35,8,11.5,13.379310344827585,20,58,16,3.625,58,0,0,0,0.9999999999999827,0.00212,0.002245,0.4790562634901327,0.4477196573186491,0.4790562634901327,11.7,unique_starts
722,121,157,59,7,13,30,11,15.0,15.033898305084746,20,59,7,8.428571428571429,59,2,0,0,0.999999999999983,0.00212,0.00224,0.4790562634901327,0.4360808470049738,0.4790562634901327,15.277350098112615,unique_starts
723,121,163,4,2,4,2,18,20.0,20.0,22,4,2,2.0,4,0,0,0,0.99999999999975,0.00212,0.000755,0.4790562634901327,0.8074492857931624,0.8074492857931624,20.5,unique_starts
724,121,167,5,2,2,5,16,17.0,17.4,19,5,2,2.5,5,0,0,0,0.9999999999997999,0.00212,0.002905,0.4790562634901327,0.5523326473861818,0.5523326473861818,17.707106781186546,unique_starts
725,121,171,73,14,20,56,20,23.0,23.08219178082192,25,73,14,5.214285714285714,73,0,0,0,0.9999999999999863,0.00212,0.00343,0.4790562634901327,0.6091865893282263,0.6091865893282263,23.22360679774998,unique_starts
726,121,175,671,35,81,392,1,7.0,9.700447093889716,25,671,35,19.17142857142857,671,0,0,0,0.9999999999999984,0.00212,0.00503,0.4790562634901327,0.7573380297747923,0.7573380297747923,7.111111111111111,unique_starts
727,121,184,210,18,33,137,10,16.0,16.804761904761904,25,210,18,11.666666666666666,210,0,0,0,0.9999999999999952,0.00212,0.00261,0.4790562634901327,0.4440022572428347,0.4790562634901327,16.1740776559557,unique_starts
728,121,186,6,3,4,4,23,24.5,24.333333333333332,25,6,3,2.0,6,207,207,207,-0.9436619718309815,0.00212,0.00126,0.4790562634901327,0.4246314878988181,0.4790562634901327,25.0,unique_starts
729,121,196,109,9,17,58,9,18.0,17.68807339449541,25,109,9,12.11111111111111,109,0,0,0,0.9999999999999909,0.00212,0.00287,0.4790562634901327,0.36280201708894627,0.4790562634901327,18.242535625036332,unique_starts
730,121,222,14,2,4,8,21,24.0,23.571428571428573,25,14,2,7.0,14,0,0,0,0.9999999999999286,0.00212,0.00284,0.4790562634901327,0.4041667145429749,0.4790562634901327,24.5,unique_starts
731,121,229,60,7,13,32,8,20.0,18.166666666666668,25,60,7,8.571428571428571,60,0,0,0,0.9999999999999833,0.00212,0.00306,0.4790562634901327,0.23617874098724062,0.4790562634901327,20.277350098112613,unique_starts
732,121,230,229,23,44,127,10,16.0,16.270742358078603,25,229,23,9.956521739130435,229,0,0,0,0.9999999999999957,0.00212,0.00344,0.4790562634901327,0.5276863910046072,0.5276863910046072,16.15075567228888,unique_starts
733,121,247,61,5,8,38,9,19.0,18.885245901639344,25,61,5,12.2,61,16,16,16,0.5844155844155768,0.00212,0.002885,0.4790562634901327,0.36620018911671115,0.4790562634901327,19.353553390593273,unique_starts
734,121,251,177,21,39,113,1,4.0,5.265536723163842,25,177,21,8.428571428571429,177,0,0,0,0.9999999999999943,0.00212,0.002675,0.4790562634901327,0.4733873703025864,0.4790562634901327,4.160128153805087,unique_starts
735,121,258,80,12,22,47,11,18.0,18.0875,25,80,12,6.666666666666667,80,0,0,0,0.9999999999999876,0.00212,0.00251,0.4790562634901327,0.4379225923469485,0.4790562634901327,18.21320071635561,unique_starts
736,121,259,5,4,5,4,20,24.0,23.0,25,5,4,1.25,5,0,0,0,0.9999999999997999,0.00212,0.00102,0.4790562634901327,1.0660615445434947,1.0660615445434947,24.447213595499957,unique_starts
737,121,268,141,14,25,82,14,22.0,21.98581560283688,25,141,14,10.071428571428571,141,0,0,0,0.9999999999999929,0.00212,0.00255,0.4790562634901327,0.43791978219162725,0.4790562634901327,22.2,unique_starts
738,121,273,495,43,91,319,1,4.0,6.646464646464646,25,495,43,11.511627906976743,495,0,0,0,0.9999999999999979,0.00212,0.0032,0.4790562634901327,0.505500130278,0.505500130278,4.1048284836721916,unique_starts
739,121,279,56,6,7,52,7,17.0,17.160714285714285,25,56,6,9.333333333333334,56,0,0,0,0.9999999999999821,0.00212,0.00293,0.4790562634901327,0.40818291842784804,0.4790562634901327,17.37796447300923,unique_starts
740,121,288,23,6,8,17,21,24.0,23.782608695652176,25,23,6,3.8333333333333335,23,0,0,0,0.9999999999999566,0.00212,0.002855,0.4790562634901327,0.3565540314868625,0.4790562634901327,24.353553390593273,unique_starts
741,121,315,239,18,39,138,5,14.0,13.841004184100418,22,239,18,13.277777777777779,239,0,0,0,0.9999999999999959,0.00212,0.00307,0.4790562634901327,0.5338410601299857,0.5338410601299857,14.160128153805086,unique_starts
742,121,318,15,3,5,9,21,24.0,23.666666666666668,25,15,3,5.0,15,0,0,0,0.9999999999999333,0.00212,0.003055,0.4790562634901327,0.4226365509545472,0.4790562634901327,24.447213595499957,unique_starts
743,121,371,9,4,5,7,21,22.0,22.333333333333332,24,9,4,2.25,9,0,0,0,0.9999999999998889,0.00212,0.00072,0.4790562634901327,2.0840511964640234,2.0840511964640234,22.447213595499957,unique_starts
744,121,432,5,2,3,3,12,13.0,15.4,25,5,2,2.5,5,0,0,0,0.9999999999997999,0.00212,0.002895,0.4790562634901327,0.38597465955399696,0.4790562634901327,13.577350269189626,unique_starts
745,121,440,71,10,14,50,9,15.0,14.845070422535212,21,71,10,7.1,71,0,0,0,0.999999999999986,0.00212,0.002505,0.4790562634901327,0.4432001412722737,0.4790562634901327,15.267261241912424,unique_starts
746,121,481,14,2,3,13,1,5.5,5.785714285714286,12,14,2,7.0,14,0,0,0,0.9999999999999286,0.00212,0.00295,0.4790562634901327,0.3715708750101002,0.4790562634901327,6.077350269189626,unique_starts
747,121,485,19,4,9,10,9,16.0,14.421052631578947,20,19,4,4.75,19,3,0,0,0.9999999999999475,0.00212,0.002155,0.4790562634901327,0.43599835801952425,0.4790562634901327,16.333333333333332,unique_starts
748,125,6,810,9,105,58,1,13.0,12.991358024691358,25,810,9,90.0,810,270,270,270,0.49999999999999956,0.004175,0.003095,0.3723974808647528,0.5183369733262979,0.5183369733262979,13.097590007294853,unique_starts
749,125,21,45,4,45,4,11,17.0,17.622222222222224,25,45,4,11.25,45,11,11,11,0.6071428571428463,0.004175,0.001335,0.3723974808647528,0.7000075364621832,0.7000075364621832,17.149071198499986,unique_starts
750,125,24,202,4,29,30,9,18.0,18.193069306930692,25,202,4,50.5,202,0,0,0,0.9999999999999951,0.004175,0.002975,0.3723974808647528,0.4451639107771672,0.4451639107771672,18.18569533817705,unique_starts
751,125,121,71,5,41,9,17,21.0,21.3943661971831,25,71,5,14.2,71,0,0,0,0.999999999999986,0.004175,0.00212,0.3723974808647528,0.4790562634901327,0.4790562634901327,21.156173761888606,unique_starts
752,125,147,2470,19,381,307,6,19.0,18.852226720647774,25,2470,19,130.0,2470,2532,2532,2532,-0.012395041983206715,0.004175,0.00412,0.3723974808647528,0.4966726365256857,0.4966726365256857,19.051231551957855,unique_starts
753,125,179,48,3,48,3,9,17.5,17.416666666666668,25,48,3,16.0,48,11,0,0,0.9999999999999791,0.004175,0.00165,0.3723974808647528,0.5689519284458886,0.5689519284458886,17.644337567297406,unique_starts
754,125,217,291,5,40,37,1,11.0,11.38831615120275,25,291,5,58.2,291,11,11,11,0.9271523178807916,0.004175,0.003145,0.3723974808647528,0.5280768414975939,0.5280768414975939,11.158113883008419,unique_starts
755,125,224,52,2,10,14,16,22.0,21.846153846153847,25,52,2,26.0,52,91,91,91,-0.2727272727272708,0.004175,0.003435,0.3723974808647528,0.5524327933598494,0.5524327933598494,22.316227766016837,unique_starts
756,125,247,351,3,66,59,1,18.0,17.507122507122507,25,351,3,117.0,351,480,480,480,-0.155234657039711,0.004175,0.002885,0.3723974808647528,0.36620018911671115,0.3723974808647528,18.123091490979334,unique_starts
757,125,281,121,4,32,21,16,22.0,22.0,25,121,4,30.25,121,43,43,43,0.47560975609755807,0.004175,0.003665,0.3723974808647528,0.5084243360159619,0.5084243360159619,22.17677669529664,unique_starts
758,125,304,4,2,3,3,24,25.0,24.75,25,4,2,2.0,4,15,0,0,0.99999999999975,0.004175,0.003015,0.3723974808647528,0.5149114583441843,0.5149114583441843,25.577350269189626,unique_starts
759,125,309,742,19,180,132,1,12.0,13.55256064690027,25,742,19,39.05263157894737,742,953,953,953,-0.12448377581120937,0.004175,0.003055,0.3723974808647528,0.48484104579254805,0.48484104579254805,12.074535599249993,unique_starts
760,125,316,26,3,11,8,5,10.0,10.423076923076923,15,26,3,8.666666666666666,26,393,393,393,-0.8758949880668236,0.004175,0.0025,0.3723974808647528,0.4490634320386163,0.4490634320386163,10.301511344577763,unique_starts
761,125,319,63,3,29,7,13,19.0,18.952380952380953,25,63,3,21.0,63,42,42,42,0.1999999999999981,0.004175,0.002245,0.3723974808647528,0.4303008855946258,0.4303008855946258,19.18569533817705,unique_starts
762,125,385,20,2,5,7,1,5.0,4.75,9,20,2,10.0,20,12,12,12,0.24999999999999217,0.004175,0.00381,0.3723974808647528,0.544885989019332,0.544885989019332,5.447213595499958,unique_starts
763,125,402,183,10,58,44,3,18.0,15.557377049180328,25,183,10,18.3,183,45,45,45,0.6052631578947342,0.004175,0.00217,0.3723974808647528,0.45222558449769595,0.45222558449769595,18.131306432859724,unique_starts
764,125,474,60,3,14,19,10,15.0,14.95,20,60,3,20.0,60,218,218,218,-0.5683453237410051,0.004175,0.002335,0.3723974808647528,0.47326325022320526,0.47326325022320526,15.267261241912424,unique_starts
765,133,6,8,2,4,5,23,24.5,24.375,25,8,2,4.0,8,51,51,51,-0.7288135593220215,0.003455,0.003095,0.40834813465235587,0.5183369733262979,0.5183369733262979,25.0,unique_starts
766,133,7,490,8,80,71,1,10.0,10.987755102040817,25,490,8,61.25,490,222,222,222,0.37640449438202195,0.003455,0.00345,0.40834813465235587,0.473565075387291,0.473565075387291,10.11180339887499,unique_starts
767,133,21,11,2,11,2,16,21.0,20.818181818181817,25,11,2,5.5,11,7,0,0,0.9999999999999091,0.003455,0.001335,0.40834813465235587,0.7000075364621832,0.7000075364621832,21.301511344577765,unique_starts
768,133,77,106,3,15,22,7,20.0,19.433962264150942,25,106,3,35.333333333333336,106,0,0,0,0.9999999999999906,0.003455,0.00234,0.40834813465235587,0.4473317645634032,0.4473317645634032,20.25819888974716,unique_starts
769,133,88,93,2,20,25,12,20.0,20.118279569892472,25,93,2,46.5,93,48,48,48,0.3191489361702105,0.003455,0.00285,0.40834813465235587,0.3243399356820196,0.40834813465235587,20.22360679774998,unique_starts
770,133,157,214,10,78,33,1,19.5,17.042056074766354,25,214,10,21.4,214,8,0,0,0.9999999999999953,0.003455,0.00224,0.40834813465235587,0.4360808470049738,0.4360808470049738,19.61322770341446,unique_starts
771,133,175,76,5,26,19,11,23.0,21.407894736842106,25,76,5,15.2,76,46,46,46,0.2459016393442603,0.003455,0.00503,0.40834813465235587,0.7573380297747923,0.7573380297747923,23.196116135138183,unique_starts
772,133,179,36,4,36,4,13,19.0,18.88888888888889,25,36,4,9.0,36,4,0,0,0.9999999999999721,0.003455,0.00165,0.40834813465235587,0.5689519284458886,0.5689519284458886,19.166666666666668,unique_starts
773,133,186,17,2,12,3,17,23.0,22.294117647058822,25,17,2,8.5,17,5,5,5,0.5454545454545207,0.003455,0.00126,0.40834813465235587,0.4246314878988181,0.4246314878988181,23.28867513459481,unique_starts
774,133,196,243,5,45,50,1,13.0,13.65843621399177,25,243,5,48.6,243,108,108,108,0.38461538461538347,0.003455,0.00287,0.40834813465235587,0.36280201708894627,0.40834813465235587,13.149071198499986,unique_starts
775,133,207,7,2,4,4,23,25.0,24.428571428571427,25,7,2,3.5,7,35,35,35,-0.6666666666666508,0.003455,0.002905,0.40834813465235587,0.5142383888493315,0.5142383888493315,25.5,unique_starts
776,133,222,444,8,74,79,1,16.0,15.51126126126126,25,444,8,55.5,444,197,197,197,0.38533541341653604,0.003455,0.00284,0.40834813465235587,0.4041667145429749,0.40834813465235587,16.11624763874382,unique_starts
777,133,271,28,4,26,6,14,20.5,20.107142857142858,25,28,4,7.0,28,4,0,0,0.9999999999999644,0.003455,0.002355,0.40834813465235587,0.46904630509061107,0.46904630509061107,20.696116135138183,unique_starts
778,133,319,42,4,21,9,16,21.5,21.238095238095237,25,42,4,10.5,42,28,28,28,0.19999999999999715,0.003455,0.002245,0.40834813465235587,0.4303008855946258,0.4303008855946258,21.71821789023599,unique_starts
779,133,410,26,3,11,8,17,23.0,22.384615384615383,25,26,3,8.666666666666666,26,22,22,22,0.0833333333333316,0.003455,0.002505,0.40834813465235587,0.5908932537877524,0.5908932537877524,23.301511344577765,unique_starts
780,133,429,57,3,12,15,16,21.0,21.035087719298247,25,57,3,19.0,57,48,48,48,0.0857142857142849,0.003455,0.0033,0.40834813465235587,0.6319999683881292,0.6319999683881292,21.28867513459481,unique_starts
781,133,432,97,3,22,22,1,6.0,6.484536082474227,15,97,3,32.333333333333336,97,32,0,0,0.9999999999999898,0.003455,0.002895,0.40834813465235587,0.38597465955399696,0.40834813465235587,6.21320071635561,unique_starts
782,133,463,17,4,10,6,21,23.0,23.058823529411764,25,17,4,4.25,17,0,0,0,0.9999999999999413,0.003455,0.00216,0.40834813465235587,0.5081641748793143,0.5081641748793143,23.316227766016837,unique_starts
783,138,8,99,3,22,13,6,15.0,14.969696969696969,24,99,3,33.0,99,10,0,0,0.9999999999999899,0.002785,0.00305,0.37021778866614363,0.5406985617322061,0.5406985617322061,15.21320071635561,unique_starts
784,138,42,258,7,65,42,1,9.0,9.565891472868216,25,258,7,36.857142857142854,258,45,45,45,0.7029702970297006,0.002785,0.002905,0.37021778866614363,0.49705178564663943,0.49705178564663943,9.124034734589209,unique_starts
785,138,63,958,14,199,122,1,8.0,8.730688935281837,24,958,14,68.42857142857143,958,95,95,95,0.8195631528964855,0.002785,0.00318,0.37021778866614363,0.5301456261038152,0.5301456261038152,8.070888120500834,unique_starts
786,138,80,253,5,55,36,8,20.0,19.229249011857707,25,253,5,50.6,253,465,465,465,-0.29526462395543135,0.002785,0.003105,0.37021778866614363,0.54911977059455,0.54911977059455,20.13483997249265,unique_starts
787,138,149,193,5,42,26,8,19.0,18.373056994818654,25,193,5,38.6,193,130,130,130,0.19504643962848237,0.002785,0.002245,0.37021778866614363,0.4477196573186491,0.4477196573186491,19.154303349962092,unique_starts
788,138,166,517,15,130,125,16,23.0,22.711798839458414,25,517,15,34.46666666666667,517,1623,1623,1623,-0.5168224299065418,0.002785,0.00289,0.37021778866614363,0.4782304215414501,0.4782304215414501,23.087705801930703,unique_starts
789,138,171,60,5,15,14,1,22.0,20.666666666666668,25,60,5,12.0,60,926,926,926,-0.8782961460446238,0.002785,0.00343,0.37021778866614363,0.6091865893282263,0.6091865893282263,22.25819888974716,unique_starts
790,138,175,75,2,13,14,12,22.0,20.946666666666665,25,75,2,37.5,75,0,0,0,0.9999999999999868,0.002785,0.00503,0.37021778866614363,0.7573380297747923,0.7573380297747923,22.277350098112613,unique_starts
791,138,229,22,2,16,3,14,21.0,20.818181818181817,25,22,2,11.0,22,35,0,0,0.9999999999999546,0.002785,0.00306,0.37021778866614363,0.23617874098724062,0.37021778866614363,21.25,unique_starts
792,138,230,72,3,31,10,12,20.0,19.791666666666668,25,72,3,24.0,72,70,70,70,0.014084507042253423,0.002785,0.00344,0.37021778866614363,0.5276863910046072,0.5276863910046072,20.179605302026776,unique_starts
793,138,258,441,6,94,47,2,17.0,16.401360544217688,25,441,6,73.5,441,96,96,96,0.642458100558658,0.002785,0.00251,0.37021778866614363,0.4379225923469485,0.4379225923469485,17.10314212462588,unique_starts
794,138,268,40,4,15,13,16,24.0,23.025,25,40,4,10.0,40,0,0,0,0.9999999999999749,0.002785,0.00255,0.37021778866614363,0.43791978219162725,0.43791978219162725,24.25819888974716,unique_starts
795,138,288,25,2,5,10,1,4.0,4.2,8,25,2,12.5,25,161,161,161,-0.7311827956989209,0.002785,0.002855,0.37021778866614363,0.3565540314868625,0.37021778866614363,4.447213595499958,unique_starts
796,138,290,71,2,16,9,11,18.0,18.056338028169016,25,71,2,35.5,71,148,148,148,-0.35159817351598016,0.002785,0.002905,0.37021778866614363,0.5506580655999675,0.5506580655999675,18.25,unique_starts
797,138,332,47,8,20,21,20,24.0,23.893617021276597,25,47,8,5.875,47,288,288,288,-0.7194029850746246,0.002785,0.00266,0.37021778866614363,0.3973389111790975,0.3973389111790975,24.22360679774998,unique_starts
798,138,340,132,7,53,29,1,5.0,5.1893939393939394,14,132,7,18.857142857142858,132,5,5,5,0.9270072992700663,0.002785,0.00264,0.37021778866614363,0.388332655852337,0.388332655852337,5.137360563948689,unique_starts
799,138,383,31,2,16,5,13,22.0,21.096774193548388,25,31,2,15.5,31,0,0,0,0.9999999999999678,0.002785,0.00295,0.37021778866614363,0.47953992323646644,0.47953992323646644,22.25,unique_starts
800,138,500,173,6,39,24,11,20.0,19.90751445086705,25,173,6,28.833333333333332,173,171,171,171,0.005813953488372076,0.002785,0.00264,0.37021778866614363,0.41474401777690195,0.41474401777690195,20.160128153805086,unique_starts
801,139,2,11,2,5,8,1,10.0,9.0,15,11,2,5.5,11,1,0,0,0.9999999999999091,0.00315,0.00384,0.5763001546805818,0.49557695833984555,0.5763001546805818,10.447213595499958,unique_starts
802,139,4,580,13,71,129,4,21.0,19.924137931034483,25,580,13,44.61538461538461,580,14,0,0,0.9999999999999982,0.00315,0.0034,0.5763001546805818,0.42665327824002786,0.5763001546805818,21.118678165819386,unique_starts
803,139,16,8,2,2,8,19,22.5,22.375,25,8,2,4.0,8,0,0,0,0.999999999999875,0.00315,0.00306,0.5763001546805818,0.3930741805154096,0.5763001546805818,23.207106781186546,unique_starts
804,139,21,47,9,47,9,13,20.0,20.21276595744681,25,47,9,5.222222222222222,47,144,144,144,-0.5078534031413586,0.00315,0.001335,0.5763001546805818,0.7000075364621832,0.7000075364621832,20.145864991497895,unique_starts
805,139,22,825,21,139,136,1,15.0,14.18060606060606,25,825,21,39.285714285714285,825,107,107,107,0.7703862660944197,0.00315,0.00375,0.5763001546805818,0.6446610524678009,0.6446610524678009,15.084818892967997,unique_starts
806,139,42,15,6,8,10,22,25.0,24.266666666666666,25,15,6,2.5,15,0,0,0,0.9999999999999333,0.00315,0.002905,0.5763001546805818,0.49705178564663943,0.5763001546805818,25.353553390593273,unique_starts
807,139,43,80,8,34,20,15,22.0,21.75,25,80,8,10.0,80,0,0,0,0.9999999999999876,0.00315,0.00192,0.5763001546805818,0.4331654262548746,0.5763001546805818,22.17149858514251,unique_starts
808,139,50,137,3,18,27,11,21.0,20.313868613138688,25,137,3,45.666666666666664,137,0,0,0,0.9999999999999928,0.00315,0.00344,0.5763001546805818,0.4362745814366093,0.5763001546805818,21.235702260395517,unique_starts
809,139,79,603,25,145,149,1,8.0,8.381426202321725,19,603,25,24.12,603,1,0,0,0.9999999999999983,0.00315,0.003325,0.5763001546805818,0.5566279042981374,0.5763001546805818,8.08304547985374,unique_starts
810,139,80,771,28,153,173,1,8.0,7.783398184176394,18,771,28,27.535714285714285,771,0,0,0,0.9999999999999987,0.00315,0.003105,0.5763001546805818,0.54911977059455,0.5763001546805818,8.080845208345444,unique_starts
811,139,100,154,4,17,41,7,16.0,15.811688311688311,23,154,4,38.5,154,0,0,0,0.9999999999999936,0.00315,0.0028,0.5763001546805818,0.4530066985824541,0.5763001546805818,16.242535625036332,unique_starts
812,139,118,120,4,20,39,11,22.0,21.55,25,120,4,30.0,120,0,0,0,0.9999999999999917,0.00315,0.002715,0.5763001546805818,0.3381375536578267,0.5763001546805818,22.22360679774998,unique_starts
813,139,138,87,2,10,23,13,21.0,20.57471264367816,25,87,2,43.5,87,0,0,0,0.9999999999999886,0.00315,0.002785,0.5763001546805818,0.37021778866614363,0.5763001546805818,21.316227766016837,unique_starts
814,139,144,3,2,3,2,1,1.0,1.3333333333333333,2,3,2,1.5,3,33,33,33,-0.8333333333333102,0.00315,0.00326,0.5763001546805818,0.4284130917563028,0.5763001546805818,1.5773502691896257,unique_starts
815,139,149,344,20,149,62,1,6.0,6.2063953488372094,20,344,20,17.2,344,0,0,0,0.999999999999997,0.00315,0.002245,0.5763001546805818,0.4477196573186491,0.5763001546805818,6.081923192051904,unique_starts
816,139,164,80,11,39,23,12,21.5,21.1125,25,80,11,7.2727272727272725,80,0,0,0,0.9999999999999876,0.00315,0.002755,0.5763001546805818,0.46236208579247506,0.5763001546805818,21.660128153805086,unique_starts
817,139,169,30,5,14,14,19,24.0,23.666666666666668,25,30,5,6.0,30,999,999,999,-0.9416909620991245,0.00315,0.003075,0.5763001546805818,0.5191317792488794,0.5763001546805818,24.267261241912426,unique_starts
818,139,171,362,17,65,99,8,18.0,17.773480662983424,25,362,17,21.294117647058822,362,0,0,0,0.9999999999999972,0.00315,0.00343,0.5763001546805818,0.6091865893282263,0.6091865893282263,18.12403473458921,unique_starts
819,139,173,27,6,17,10,19,23.0,22.666666666666668,25,27,6,4.5,27,0,0,0,0.999999999999963,0.00315,0.002675,0.5763001546805818,0.5108604177721788,0.5763001546805818,23.242535625036332,unique_starts
820,139,175,235,13,58,56,1,17.0,15.897872340425533,25,235,13,18.076923076923077,235,495,495,495,-0.3561643835616433,0.00315,0.00503,0.5763001546805818,0.7573380297747923,0.7573380297747923,17.131306432859724,unique_starts
821,139,179,25,5,25,5,16,22.0,21.68,25,25,5,5.0,25,116,116,116,-0.6453900709219813,0.00315,0.00165,0.5763001546805818,0.5689519284458886,0.5763001546805818,22.2,unique_starts
822,139,184,1121,24,193,160,1,9.0,9.545941123996432,23,1121,24,46.708333333333336,1121,11,11,11,0.9805653710247342,0.00315,0.00261,0.5763001546805818,0.4440022572428347,0.5763001546805818,9.071981575074869,unique_starts
823,139,186,79,11,65,13,12,21.0,20.329113924050635,25,79,11,7.181818181818182,79,208,208,208,-0.4494773519163747,0.00315,0.00126,0.5763001546805818,0.4246314878988181,0.5763001546805818,21.12403473458921,unique_starts
824,139,199,25,4,4,25,1,4.0,3.88,7,25,4,6.25,25,1,0,0,0.99999999999996,0.00315,0.00268,0.5763001546805818,0.5690552560543798,0.5763001546805818,4.5,unique_starts
825,139,229,300,8,44,67,1,15.0,14.116666666666667,25,300,8,37.5,300,0,0,0,0.9999999999999966,0.00315,0.00306,0.5763001546805818,0.23617874098724062,0.5763001546805818,15.150755672288883,unique_starts
826,139,230,910,22,160,145,1,10.0,10.065934065934066,22,910,22,41.36363636363637,910,0,0,0,0.9999999999999989,0.00315,0.00344,0.5763001546805818,0.5276863910046072,0.5763001546805818,10.07905694150421,unique_starts
827,139,248,91,17,74,23,16,23.0,22.604395604395606,25,91,17,5.352941176470588,91,444,444,444,-0.6598130841121482,0.00315,0.002135,0.5763001546805818,0.4551679911609592,0.5763001546805818,23.11624763874382,unique_starts
828,139,251,12,2,6,5,22,24.0,24.083333333333332,25,12,2,6.0,12,494,494,494,-0.9525691699604724,0.00315,0.002675,0.5763001546805818,0.4733873703025864,0.5763001546805818,24.408248290463863,unique_starts
829,139,258,283,12,57,59,2,12.0,12.010600706713781,23,283,12,23.583333333333332,283,13,13,13,0.9121621621621591,0.00315,0.00251,0.5763001546805818,0.4379225923469485,0.5763001546805818,12.132453235706505,unique_starts
830,139,268,480,15,73,103,9,16.0,16.41875,24,480,15,32.0,480,0,0,0,0.9999999999999979,0.00315,0.00255,0.5763001546805818,0.43791978219162725,0.5763001546805818,16.11704114719613,unique_starts
831,139,271,199,27,138,45,13,21.0,20.944723618090453,25,199,27,7.37037037037037,199,0,0,0,0.999999999999995,0.00315,0.002355,0.5763001546805818,0.46904630509061107,0.5763001546805818,21.085125653075874,unique_starts
832,139,273,475,21,123,77,1,14.0,13.633684210526315,25,475,21,22.61904761904762,475,721,721,721,-0.20568561872909683,0.00315,0.0032,0.5763001546805818,0.505500130278,0.5763001546805818,14.090166963466743,unique_starts
833,139,281,9,2,5,5,23,25.0,24.444444444444443,25,9,2,4.5,9,366,366,366,-0.9519999999999974,0.00315,0.003665,0.5763001546805818,0.5084243360159619,0.5763001546805818,25.447213595499957,unique_starts
834,139,288,333,7,37,77,7,20.0,19.834834834834833,25,333,7,47.57142857142857,333,0,0,0,0.9999999999999969,0.00315,0.002855,0.5763001546805818,0.3565540314868625,0.5763001546805818,20.164398987305358,unique_starts
835,139,315,56,3,11,15,1,7.0,6.75,13,56,3,18.666666666666668,56,0,0,0,0.9999999999999821,0.00315,0.00307,0.5763001546805818,0.5338410601299857,0.5763001546805818,7.301511344577763,unique_starts
836,139,340,13,5,6,12,19,24.0,23.307692307692307,25,13,5,2.6,13,0,0,0,0.9999999999999231,0.00315,0.00264,0.5763001546805818,0.388332655852337,0.5763001546805818,24.408248290463863,unique_starts
837,139,371,15,2,11,3,15,19.0,19.6,25,15,2,7.5,15,0,0,0,0.9999999999999333,0.00315,0.00072,0.5763001546805818,2.0840511964640234,2.0840511964640234,19.301511344577765,unique_starts
838,139,410,67,11,37,32,15,23.0,22.08955223880597,25,67,11,6.090909090909091,67,0,0,0,0.9999999999999851,0.00315,0.002505,0.5763001546805818,0.5908932537877524,0.5908932537877524,23.164398987305358,unique_starts
839,139,414,12,2,4,7,22,24.0,23.916666666666668,25,12,2,6.0,12,0,0,0,0.9999999999999166,0.00315,0.002705,0.5763001546805818,0.4480758181537895,0.5763001546805818,24.5,unique_starts
840,139,463,83,15,55,25,17,23.0,22.96385542168675,25,83,15,5.533333333333333,83,0,0,0,0.999999999999988,0.00315,0.00216,0.5763001546805818,0.5081641748793143,0.5763001546805818,23.13483997249265,unique_starts
841,139,494,34,4,4,34,8,12.0,12.617647058823529,20,34,4,8.5,34,111,111,111,-0.5310344827586171,0.00315,0.002885,0.5763001546805818,0.4433285498558166,0.5763001546805818,12.5,unique_starts
842,140,3,981,19,207,169,6,15.0,15.212028542303772,25,981,19,51.63157894736842,981,11,11,11,0.9778225806451603,0.00296,0.003565,0.4551836186304672,0.5904218374331804,0.5904218374331804,15.06950480468569,unique_starts
843,140,109,8,2,5,5,1,4.0,4.25,9,8,2,4.0,8,158,158,158,-0.9036144578313199,0.00296,0.002985,0.4551836186304672,0.3581978582570581,0.4551836186304672,4.447213595499958,unique_starts
844,140,206,285,17,100,80,16,23.0,22.95438596491228,25,285,17,16.764705882352942,285,423,423,423,-0.19491525423728787,0.00296,0.002645,0.4551836186304672,0.4388475670472349,0.4551836186304672,23.1,unique_starts
845,140,294,24,3,13,7,19,22.5,22.458333333333332,25,24,3,8.0,24,0,0,0,0.9999999999999584,0.00296,0.00253,0.4551836186304672,0.42896663505169463,0.4551836186304672,22.777350098112613,unique_starts
846,140,328,1242,18,201,195,1,7.0,7.334943639291465,18,1242,18,69.0,1242,61,61,61,0.9063699155794315,0.00296,0.00278,0.4551836186304672,0.4295227114706557,0.4551836186304672,7.07053456158586,unique_starts
847,140,371,31,2,16,4,1,17.0,15.225806451612904,25,31,2,15.5,31,0,0,0,0.9999999999999678,0.00296,0.00072,0.4551836186304672,2.0840511964640234,2.0840511964640234,17.25,unique_starts
848,140,404,734,11,137,101,3,14.0,14.059945504087194,25,734,11,66.72727272727273,734,80,80,80,0.8034398034398025,0.00296,0.00219,0.4551836186304672,0.5171261636058332,0.5171261636058332,14.085435765771676,unique_starts
849,140,406,775,17,161,134,12,20.0,20.015483870967742,25,775,17,45.588235294117645,775,211,211,211,0.572008113590263,0.00296,0.002805,0.4551836186304672,0.47566766402598537,0.47566766402598537,20.07881104062391,unique_starts
850,140,430,28,2,11,8,3,7.0,7.0,11,28,2,14.0,28,0,0,0,0.9999999999999644,0.00296,0.00263,0.4551836186304672,0.45111919326183225,0.4551836186304672,7.301511344577763,unique_starts
851,140,433,173,8,46,46,15,23.0,22.612716763005782,25,173,8,21.625,173,121,121,121,0.17687074829931912,0.00296,0.00295,0.4551836186304672,0.4187955072680345,0.4551836186304672,23.147441956154896,unique_starts
852,140,485,41,2,12,7,10,19.0,18.170731707317074,25,41,2,20.5,41,1,0,0,0.9999999999999756,0.00296,0.002155,0.4551836186304672,0.43599835801952425,0.4551836186304672,19.28867513459481,unique_starts
853,140,487,47,4,27,8,1,4.0,4.659574468085107,12,47,4,11.75,47,946,946,946,-0.9053373615307141,0.00296,0.00309,0.4551836186304672,0.4986519883489159,0.4986519883489159,4.192450089729875,unique_starts
854,143,7,302,11,48,72,1,11.0,11.592715231788079,25,302,11,27.454545454545453,302,181,181,181,0.25051759834368476,0.003425,0.00345,0.4310573077101274,0.473565075387291,0.473565075387291,11.144337567297406,unique_starts
855,143,28,7,2,2,7,19,22.0,21.857142857142858,24,7,2,3.5,7,0,0,0,0.9999999999998571,0.003425,0.002415,0.4310573077101274,0.42854134755998907,0.4310573077101274,22.707106781186546,unique_starts
856,143,77,32,3,5,18,5,18.0,16.25,24,32,3,10.666666666666666,32,1,0,0,0.9999999999999687,0.003425,0.00234,0.4310573077101274,0.4473317645634032,0.4473317645634032,18.447213595499957,unique_starts
857,143,88,659,15,149,117,1,19.0,18.477996965098633,25,659,15,43.93333333333333,659,35,35,35,0.8991354466858776,0.003425,0.00285,0.4310573077101274,0.3243399356820196,0.4310573077101274,19.081923192051903,unique_starts
858,143,133,17,2,11,5,1,4.0,4.0588235294117645,9,17,2,8.5,17,0,0,0,0.9999999999999413,0.003425,0.003455,0.4310573077101274,0.40834813465235587,0.4310573077101274,4.301511344577763,unique_starts
859,143,157,386,16,127,71,14,22.0,21.696891191709845,25,386,16,24.125,386,51,51,51,0.7665903890160165,0.003425,0.00224,0.4310573077101274,0.4360808470049738,0.4360808470049738,22.08873565094161,unique_starts
860,143,163,29,2,19,3,1,6.0,6.0,11,29,2,14.5,29,4,4,4,0.7575757575757346,0.003425,0.000755,0.4310573077101274,0.8074492857931624,0.8074492857931624,6.229415733870562,unique_starts
861,143,251,17,2,7,7,10,13.0,13.764705882352942,18,17,2,8.5,17,595,595,595,-0.9444444444444429,0.003425,0.002675,0.4310573077101274,0.4733873703025864,0.4733873703025864,13.377964473009227,unique_starts
862,143,261,95,4,26,26,3,18.0,16.957894736842107,25,95,4,23.75,95,23,0,0,0.9999999999999896,0.003425,0.003005,0.4310573077101274,0.3332476057918914,0.4310573077101274,18.196116135138183,unique_starts
863,143,271,7,3,5,5,14,23.0,20.142857142857142,25,7,3,2.3333333333333335,7,30,30,30,-0.6216216216216048,0.003425,0.002355,0.4310573077101274,0.46904630509061107,0.46904630509061107,23.447213595499957,unique_starts
864,143,279,1587,21,358,220,1,20.0,18.622558286074355,25,1587,21,75.57142857142857,1587,1143,1143,1143,0.1626373626373626,0.003425,0.00293,0.4310573077101274,0.40818291842784804,0.4310573077101274,20.05285164225817,unique_starts
865,143,318,112,4,20,32,10,20.0,19.491071428571427,25,112,4,28.0,112,0,0,0,0.9999999999999911,0.003425,0.003055,0.4310573077101274,0.4226365509545472,0.4310573077101274,20.22360679774998,unique_starts
866,143,319,17,3,8,7,18,22.0,21.941176470588236,25,17,3,5.666666666666667,17,74,74,74,-0.6263736263736195,0.003425,0.002245,0.4310573077101274,0.4303008855946258,0.4310573077101274,22.353553390593273,unique_starts
867,143,347,408,10,56,95,4,19.0,18.169117647058822,25,408,10,40.8,408,367,367,367,0.05290322580645154,0.003425,0.002635,0.4310573077101274,0.42694736380270404,0.4310573077101274,19.13363062095621,unique_starts
868,143,362,34,3,11,13,20,24.0,23.529411764705884,25,34,3,11.333333333333334,34,0,0,0,0.9999999999999706,0.003425,0.002515,0.4310573077101274,0.439699243799817,0.439699243799817,24.301511344577765,unique_starts
869,143,432,1018,28,268,204,1,7.0,8.528487229862476,25,1018,28,36.357142857142854,1018,1131,1131,1131,-0.0525825965565379,0.003425,0.002895,0.4310573077101274,0.38597465955399696,0.4310573077101274,7.061084722178153,unique_starts
870,143,440,49,8,24,20,1,23.0,20.040816326530614,25,49,8,6.125,49,131,131,131,-0.45555555555555305,0.003425,0.002505,0.4310573077101274,0.4432001412722737,0.4432001412722737,23.20412414523193,unique_starts
871,143,474,69,8,29,26,1,9.0,13.333333333333334,25,69,8,8.625,69,180,180,180,-0.4457831325301187,0.003425,0.002335,0.4310573077101274,0.47326325022320526,0.47326325022320526,9.185695338177052,unique_starts
872,144,2,352,6,52,39,1,13.0,12.767045454545455,24,352,6,58.666666666666664,352,82,82,82,0.6221198156682013,0.00326,0.00384,0.4284130917563028,0.49557695833984555,0.49557695833984555,13.138675049056307,unique_starts
873,144,8,58,3,20,8,5,11.0,11.120689655172415,17,58,3,19.333333333333332,58,607,607,607,-0.8255639097744348,0.00326,0.00305,0.4284130917563028,0.5406985617322061,0.5406985617322061,11.223606797749978,unique_starts
874,144,21,89,6,89,8,2,9.0,11.03370786516854,25,89,6,14.833333333333334,89,87,87,87,0.0113636363636363,0.00326,0.001335,0.4284130917563028,0.7000075364621832,0.7000075364621832,9.105999788000636,unique_starts
875,144,22,6,2,4,3,1,1.5,2.0,4,6,2,3.0,6,47,47,47,-0.7735849056603628,0.00326,0.00375,0.4284130917563028,0.6446610524678009,0.6446610524678009,2.0,unique_starts
876,144,79,464,9,98,52,1,10.0,9.801724137931034,20,464,9,51.55555555555556,464,8,0,0,0.9999999999999978,0.00326,0.003325,0.4284130917563028,0.5566279042981374,0.5566279042981374,10.101015254455222,unique_starts
877,144,100,429,8,85,48,2,16.0,15.993006993006993,25,429,8,53.625,429,38,38,38,0.8372591006423965,0.00326,0.0028,0.4284130917563028,0.4530066985824541,0.4530066985824541,16.108465228909328,unique_starts
878,144,139,33,3,11,12,1,4.0,4.121212121212121,9,33,3,11.0,33,3,3,3,0.8333333333333102,0.00326,0.00315,0.4284130917563028,0.5763001546805818,0.5763001546805818,4.301511344577763,unique_starts
879,144,164,290,12,113,35,12,20.0,20.03448275862069,25,290,12,24.166666666666668,290,0,0,0,0.9999999999999964,0.00326,0.002755,0.4284130917563028,0.46236208579247506,0.46236208579247506,20.09407208683836,unique_starts
880,144,167,49,4,16,18,20,24.0,23.551020408163264,25,49,4,12.25,49,27,27,27,0.28947368421052255,0.00326,0.002905,0.4284130917563028,0.5523326473861818,0.5523326473861818,24.25,unique_starts
881,144,171,384,11,107,49,9,18.0,17.666666666666668,25,384,11,34.90909090909091,384,0,0,0,0.9999999999999973,0.00326,0.00343,0.4284130917563028,0.6091865893282263,0.6091865893282263,18.096673648904567,unique_starts
882,144,179,102,9,102,10,1,8.0,11.490196078431373,25,102,9,11.333333333333334,102,84,84,84,0.09677419354838658,0.00326,0.00165,0.4284130917563028,0.5689519284458886,0.5689519284458886,8.099014754297668,unique_starts
883,144,186,101,3,90,7,2,11.0,12.188118811881187,25,101,3,33.666666666666664,101,44,44,44,0.39310344827585936,0.00326,0.00126,0.4284130917563028,0.4246314878988181,0.4284130917563028,11.105409255338946,unique_starts
884,144,229,164,3,22,30,1,10.0,11.323170731707316,25,164,3,54.666666666666664,164,63,0,0,0.9999999999999939,0.00326,0.00306,0.4284130917563028,0.23617874098724062,0.4284130917563028,10.21320071635561,unique_starts
885,144,248,325,12,222,30,5,13.0,13.455384615384615,25,325,12,27.083333333333332,325,309,309,309,0.025236593059936866,0.00326,0.002135,0.4284130917563028,0.4551679911609592,0.4551679911609592,13.067115605521403,unique_starts
886,144,271,55,4,34,6,14,20.0,20.036363636363635,25,55,4,13.75,55,9,0,0,0.9999999999999818,0.00326,0.002355,0.4284130917563028,0.46904630509061107,0.46904630509061107,20.17149858514251,unique_starts
887,144,315,57,2,15,8,1,8.0,8.12280701754386,15,57,2,28.5,57,9,0,0,0.9999999999999825,0.00326,0.00307,0.4284130917563028,0.5338410601299857,0.5338410601299857,8.258198889747161,unique_starts
888,144,335,919,12,196,136,8,18.0,18.064200217627857,25,919,12,76.58333333333333,919,1844,1844,1844,-0.3347810351067679,0.00326,0.003265,0.4284130917563028,0.33863745508677673,0.4284130917563028,18.071428571428573,unique_starts
889,144,410,75,8,38,20,16,23.0,22.96,25,75,8,9.375,75,0,0,0,0.9999999999999868,0.00326,0.002505,0.4284130917563028,0.5908932537877524,0.5908932537877524,23.162221421130763,unique_starts
890,144,414,4,2,3,3,24,25.0,24.75,25,4,2,2.0,4,0,0,0,0.99999999999975,0.00326,0.002705,0.4284130917563028,0.4480758181537895,0.4480758181537895,25.577350269189626,unique_starts
891,144,440,41,3,17,10,19,22.0,22.341463414634145,25,41,3,13.666666666666666,41,3,0,0,0.9999999999999756,0.00326,0.002505,0.4284130917563028,0.4432001412722737,0.4432001412722737,22.242535625036332,unique_starts
892,144,463,260,11,190,26,6,14.0,14.796153846153846,25,260,11,23.636363636363637,260,0,0,0,0.9999999999999961,0.00326,0.00216,0.4284130917563028,0.5081641748793143,0.5081641748793143,14.072547625011001,unique_starts
893,146,8,1272,26,225,238,1,6.0,6.889150943396227,20,1272,26,48.92307692307692,1272,0,0,0,0.9999999999999993,0.00289,0.00305,0.49858717633061933,0.5406985617322061,0.5406985617322061,6.066666666666666,unique_starts
894,146,21,4,2,4,2,24,24.5,24.5,25,4,2,2.0,4,0,0,0,0.99999999999975,0.00289,0.001335,0.49858717633061933,0.7000075364621832,0.7000075364621832,25.0,unique_starts
895,146,22,270,8,45,49,13,20.0,19.603703703703705,25,270,8,33.75,270,0,0,0,0.9999999999999962,0.00289,0.00375,0.49858717633061933,0.6446610524678009,0.6446610524678009,20.149071198499986,unique_starts
896,146,42,10,2,3,6,1,2.5,2.7,5,10,2,5.0,10,0,0,0,0.9999999999999,0.00289,0.002905,0.49858717633061933,0.49705178564663943,0.49858717633061933,3.0773502691896257,unique_starts
897,146,43,35,7,18,17,22,24.0,24.17142857142857,25,35,7,5.0,35,0,0,0,0.9999999999999714,0.00289,0.00192,0.49858717633061933,0.4331654262548746,0.49858717633061933,24.235702260395517,unique_starts
898,146,50,229,8,52,57,17,23.0,22.759825327510917,25,229,8,28.625,229,215,215,215,0.03153153153153146,0.00289,0.00344,0.49858717633061933,0.4362745814366093,0.49858717633061933,23.138675049056307,unique_starts
899,146,79,734,16,100,151,1,14.0,13.970027247956404,24,734,16,45.875,734,444,444,444,0.2461799660441424,0.00289,0.003325,0.49858717633061933,0.5566279042981374,0.5566279042981374,14.1,unique_starts
900,146,100,1162,21,187,214,1,20.0,18.803786574870912,25,1162,21,55.333333333333336,1162,721,721,721,0.23420074349442369,0.00289,0.0028,0.49858717633061933,0.4530066985824541,0.49858717633061933,20.073127242412713,unique_starts
901,146,109,76,3,10,39,1,21.0,19.592105263157894,25,76,3,25.333333333333332,76,177,177,177,-0.3992094861660063,0.00289,0.002985,0.49858717633061933,0.3581978582570581,0.49858717633061933,21.316227766016837,unique_starts
902,146,149,66,4,31,10,4,12.0,11.954545454545455,18,66,4,16.5,66,113,113,113,-0.2625698324022332,0.00289,0.002245,0.49858717633061933,0.4477196573186491,0.49858717633061933,12.179605302026776,unique_starts
903,146,164,180,20,91,67,18,24.0,23.583333333333332,25,180,20,9.0,180,1733,1733,1733,-0.8118139048614738,0.00289,0.002755,0.49858717633061933,0.46236208579247506,0.49858717633061933,24.104828483672193,unique_starts
904,146,171,290,12,63,67,15,21.0,21.217241379310344,25,290,12,24.166666666666668,290,2,0,0,0.9999999999999964,0.00289,0.00343,0.49858717633061933,0.6091865893282263,0.6091865893282263,21.12598815766974,unique_starts
905,146,179,16,5,16,5,21,23.5,23.3125,25,16,5,3.2,16,0,0,0,0.9999999999999376,0.00289,0.00165,0.49858717633061933,0.5689519284458886,0.5689519284458886,23.75,unique_starts
906,146,184,263,6,42,39,7,16.0,15.783269961977187,25,263,6,43.833333333333336,263,14,14,14,0.898916967509022,0.00289,0.00261,0.49858717633061933,0.4440022572428347,0.49858717633061933,16.154303349962092,unique_starts
907,146,186,11,3,8,4,22,24.0,23.90909090909091,25,11,3,3.6666666666666665,11,0,0,0,0.9999999999999091,0.00289,0.00126,0.49858717633061933,0.4246314878988181,0.49858717633061933,24.353553390593273,unique_starts
908,146,229,541,14,115,99,5,19.0,17.90388170055453,25,541,14,38.642857142857146,541,7,7,7,0.9744525547445237,0.00289,0.00306,0.49858717633061933,0.23617874098724062,0.49858717633061933,19.093250480824032,unique_starts
909,146,230,778,18,153,123,1,12.0,12.42159383033419,25,778,18,43.22222222222222,778,120,120,120,0.7327394209354112,0.00289,0.00344,0.49858717633061933,0.5276863910046072,0.5276863910046072,12.080845208345444,unique_starts
910,146,271,60,11,47,18,15,24.0,23.116666666666667,25,60,11,5.454545454545454,60,382,382,382,-0.728506787330315,0.00289,0.002355,0.49858717633061933,0.46904630509061107,0.49858717633061933,24.145864991497895,unique_starts
911,146,273,29,2,10,6,17,22.0,21.75862068965517,25,29,2,14.5,29,1,0,0,0.9999999999999656,0.00289,0.0032,0.49858717633061933,0.505500130278,0.505500130278,22.316227766016837,unique_starts
912,146,288,89,6,20,28,16,23.0,22.415730337078653,25,89,6,14.833333333333334,89,45,45,45,0.32835820895522144,0.00289,0.002855,0.49858717633061933,0.3565540314868625,0.49858717633061933,23.22360679774998,unique_starts
913,146,315,1090,13,233,199,2,13.0,13.173394495412843,24,1090,13,83.84615384615384,1090,825,825,825,0.13838120104438636,0.00289,0.00307,0.49858717633061933,0.5338410601299857,0.5338410601299857,13.065512178208042,unique_starts
914,146,371,7,2,7,2,17,20.0,20.285714285714285,25,7,2,3.5,7,15,15,15,-0.36363636363634716,0.00289,0.00072,0.49858717633061933,2.0840511964640234,2.0840511964640234,20.37796447300923,unique_starts
915,146,404,25,2,8,12,1,4.0,4.2,7,25,2,12.5,25,0,0,0,0.99999999999996,0.00289,0.00219,0.49858717633061933,0.5171261636058332,0.5171261636058332,4.353553390593274,unique_starts
916,146,410,10,5,10,5,21,24.5,23.9,25,10,5,2.0,10,229,229,229,-0.9163179916317954,0.00289,0.002505,0.49858717633061933,0.5908932537877524,0.5908932537877524,24.816227766016837,unique_starts
917,146,485,547,15,119,108,1,6.0,6.546617915904936,19,547,15,36.46666666666667,547,0,0,0,0.9999999999999981,0.00289,0.002155,0.49858717633061933,0.43599835801952425,0.49858717633061933,6.091669849702821,unique_starts
918,147,6,1065,15,139,134,2,14.0,14.603755868544601,25,1065,15,71.0,1065,264,264,264,0.6027088036117377,0.00412,0.003095,0.4966726365256857,0.5183369733262979,0.5183369733262979,14.084818892967997,unique_starts
919,147,21,16,3,16,3,15,18.5,18.6875,25,16,3,5.333333333333333,16,4,0,0,0.9999999999999376,0.00412,0.001335,0.4966726365256857,0.7000075364621832,0.7000075364621832,18.75,unique_starts
920,147,24,526,7,91,58,1,17.5,16.427756653992397,25,526,7,75.14285714285714,526,8,8,8,0.9700374531835187,0.00412,0.002975,0.4966726365256857,0.4451639107771672,0.4966726365256857,17.604828483672193,unique_starts
921,147,121,51,7,29,13,20,23.0,23.176470588235293,25,51,7,7.285714285714286,51,0,0,0,0.9999999999999803,0.00412,0.00212,0.4966726365256857,0.4790562634901327,0.4966726365256857,23.18569533817705,unique_starts
922,147,125,2532,22,338,353,7,19.0,18.9478672985782,25,2532,22,115.0909090909091,2532,2470,2470,2470,0.012395041983206715,0.00412,0.004175,0.4966726365256857,0.3723974808647528,0.4966726365256857,19.05439282932204,unique_starts
923,147,179,65,9,65,9,12,19.0,18.723076923076924,25,65,9,7.222222222222222,65,18,18,18,0.566265060240957,0.00412,0.00165,0.4966726365256857,0.5689519284458886,0.5689519284458886,19.12403473458921,unique_starts
924,147,186,10,2,8,3,18,24.0,22.7,25,10,2,5.0,10,7,0,0,0.9999999999999,0.00412,0.00126,0.4966726365256857,0.4246314878988181,0.4966726365256857,24.353553390593273,unique_starts
925,147,217,334,8,57,59,1,17.0,16.188622754491018,25,334,8,41.75,334,2,0,0,0.9999999999999969,0.00412,0.003145,0.4966726365256857,0.5280768414975939,0.5280768414975939,17.132453235706503,unique_starts
926,147,224,105,3,20,21,11,22.0,21.047619047619047,25,105,3,35.0,105,33,33,33,0.5217391304347788,0.00412,0.003435,0.4966726365256857,0.5524327933598494,0.5524327933598494,22.22360679774998,unique_starts
927,147,281,94,9,32,29,19,24.0,23.30851063829787,25,94,9,10.444444444444445,94,6,0,0,0.9999999999999895,0.00412,0.003665,0.4966726365256857,0.5084243360159619,0.5084243360159619,24.17677669529664,unique_starts
928,147,304,21,4,9,11,16,24.0,21.952380952380953,25,21,4,5.25,21,20,0,0,0.9999999999999525,0.00412,0.003015,0.4966726365256857,0.5149114583441843,0.5149114583441843,24.333333333333332,unique_starts
929,147,309,850,18,224,119,1,10.0,10.83529411764706,25,850,18,47.22222222222222,850,1146,1146,1146,-0.14829659318637267,0.00412,0.003055,0.4966726365256857,0.48484104579254805,0.4966726365256857,10.066815310478106,unique_starts
930,147,316,227,11,55,59,1,14.0,14.295154185022026,25,227,11,20.636363636363637,227,760,760,760,-0.5400202634245181,0.00412,0.0025,0.4966726365256857,0.4490634320386163,0.4966726365256857,14.134839972492648,unique_starts
931,147,319,59,5,28,11,16,20.0,20.135593220338983,25,59,5,11.8,59,22,22,22,0.4567901234567845,0.00412,0.002245,0.4966726365256857,0.4303008855946258,0.4966726365256857,20.188982236504614,unique_starts
932,147,385,345,7,65,49,9,20.0,19.205797101449274,25,345,7,49.285714285714285,345,361,361,361,-0.022662889518413564,0.00412,0.00381,0.4966726365256857,0.544885989019332,0.544885989019332,20.12403473458921,unique_starts
933,147,402,379,15,104,77,1,8.0,11.266490765171504,25,379,15,25.266666666666666,379,298,298,298,0.11964549483013276,0.00412,0.00217,0.4966726365256857,0.45222558449769595,0.4966726365256857,8.098058067569092,unique_starts
934,147,474,78,5,22,17,1,13.5,12.371794871794872,25,78,5,15.6,78,200,200,200,-0.43884892086330773,0.00412,0.002335,0.4966726365256857,0.47326325022320526,0.4966726365256857,13.71320071635561,unique_starts
935,149,4,183,8,25,91,7,20.0,19.48633879781421,25,183,8,22.875,183,256,256,256,-0.1662870159453299,0.002245,0.0034,0.4477196573186491,0.42665327824002786,0.4477196573186491,20.2,unique_starts
936,149,8,151,15,37,63,1,12.0,14.85430463576159,25,151,15,10.066666666666666,151,119,119,119,0.11851851851851807,0.002245,0.00305,0.4477196573186491,0.5406985617322061,0.5406985617322061,12.164398987305358,unique_starts
937,149,21,4,2,4,2,17,18.0,18.0,19,4,2,2.0,4,18,18,18,-0.6363636363636075,0.002245,0.001335,0.4477196573186491,0.7000075364621832,0.7000075364621832,18.5,unique_starts
938,149,22,295,11,40,78,6,16.0,15.884745762711864,25,295,11,26.818181818181817,295,5,5,5,0.9666666666666633,0.002245,0.00375,0.4477196573186491,0.6446610524678009,0.6446610524678009,16.15811388300842,unique_starts
939,149,42,374,18,91,91,1,22.0,21.46524064171123,25,374,18,20.77777777777778,374,193,193,193,0.319223985890652,0.002245,0.002905,0.4477196573186491,0.49705178564663943,0.49705178564663943,22.104828483672193,unique_starts
940,149,43,87,9,31,27,19,23.0,22.71264367816092,25,87,9,9.666666666666666,87,0,0,0,0.9999999999999886,0.002245,0.00192,0.4477196573186491,0.4331654262548746,0.4477196573186491,23.179605302026776,unique_starts
941,149,50,166,4,17,46,10,20.0,19.43975903614458,25,166,4,41.5,166,158,158,158,0.02469135802469128,0.002245,0.00344,0.4477196573186491,0.4362745814366093,0.4477196573186491,20.242535625036332,unique_starts
942,149,63,120,6,31,26,16,22.0,21.466666666666665,25,120,6,20.0,120,1416,1416,1416,-0.8437499999999996,0.002245,0.00318,0.4477196573186491,0.5301456261038152,0.5301456261038152,22.179605302026776,unique_starts
943,149,79,30,8,16,16,1,5.0,5.3,12,30,8,3.75,30,153,153,153,-0.6721311475409799,0.002245,0.003325,0.4477196573186491,0.5566279042981374,0.5566279042981374,5.25,unique_starts
944,149,80,5,3,3,5,1,2.0,2.2,4,5,3,1.6666666666666667,5,94,94,94,-0.8989898989898899,0.002245,0.003105,0.4477196573186491,0.54911977059455,0.54911977059455,2.5773502691896257,unique_starts
945,149,100,30,2,10,14,1,7.0,7.1,15,30,2,15.0,30,0,0,0,0.9999999999999667,0.002245,0.0028,0.4477196573186491,0.4530066985824541,0.4530066985824541,7.316227766016838,unique_starts
946,149,118,254,8,33,76,11,20.0,20.098425196850393,25,254,8,31.75,254,340,340,340,-0.14478114478114454,0.002245,0.002715,0.4477196573186491,0.3381375536578267,0.4477196573186491,20.1740776559557,unique_starts
947,149,138,130,4,17,33,10,19.0,18.392307692307693,25,130,4,32.5,130,193,193,193,-0.19504643962848237,0.002245,0.002785,0.4477196573186491,0.37021778866614363,0.4477196573186491,19.242535625036332,unique_starts
948,149,146,113,9,25,50,16,22.0,21.575221238938052,25,113,9,12.555555555555555,113,66,66,66,0.2625698324022332,0.002245,0.00289,0.4477196573186491,0.49858717633061933,0.49858717633061933,22.2,unique_starts
949,149,163,5,2,5,2,17,19.0,19.0,21,5,2,2.5,5,0,0,0,0.9999999999997999,0.002245,0.000755,0.4477196573186491,0.8074492857931624,0.8074492857931624,19.447213595499957,unique_starts
950,149,164,136,17,76,52,6,14.0,13.816176470588236,25,136,17,8.0,136,81,81,81,0.25345622119815553,0.002245,0.002755,0.4477196573186491,0.46236208579247506,0.46236208579247506,14.11470786693528,unique_starts
951,149,169,5,2,4,3,24,25.0,24.6,25,5,2,2.5,5,76,76,76,-0.8765432098765324,0.002245,0.003075,0.4477196573186491,0.5191317792488794,0.5191317792488794,25.5,unique_starts
952,149,171,513,23,119,132,1,7.0,7.610136452241715,25,513,23,22.304347826086957,513,5,5,5,0.9806949806949787,0.002245,0.00343,0.4477196573186491,0.6091865893282263,0.6091865893282263,7.091669849702821,unique_starts
953,149,172,80,6,26,28,3,10.0,10.75,19,80,6,13.333333333333334,80,304,304,304,-0.5833333333333318,0.002245,0.00297,0.4477196573186491,0.4684363793861522,0.4684363793861522,10.196116135138183,unique_starts
954,149,173,37,4,22,9,6,10.0,11.378378378378379,25,37,4,9.25,37,15,15,15,0.4230769230769149,0.002245,0.002675,0.4477196573186491,0.5108604177721788,0.5108604177721788,10.21320071635561,unique_starts
955,149,175,54,4,13,16,12,18.0,17.666666666666668,24,54,4,13.5,54,23,23,23,0.4025974025973974,0.002245,0.00503,0.4477196573186491,0.7573380297747923,0.7573380297747923,18.277350098112613,unique_starts
956,149,179,27,7,27,7,18,21.0,21.37037037037037,25,27,7,3.857142857142857,27,24,24,24,0.05882352941176355,0.002245,0.00165,0.4477196573186491,0.5689519284458886,0.5689519284458886,21.192450089729874,unique_starts
957,149,184,234,11,38,74,2,10.0,10.525641025641026,20,234,11,21.272727272727273,234,17,17,17,0.8645418326693193,0.002245,0.00261,0.4477196573186491,0.4440022572428347,0.4477196573186491,10.162221421130763,unique_starts
958,149,186,11,4,10,5,17,22.0,21.545454545454547,25,11,4,2.75,11,15,15,15,-0.15384615384614794,0.002245,0.00126,0.4477196573186491,0.4246314878988181,0.4477196573186491,22.316227766016837,unique_starts
959,149,205,19,4,19,4,7,13.0,13.368421052631579,22,19,4,4.75,19,3,0,0,0.9999999999999475,0.002245,0.00069,0.4477196573186491,0.4815721475373711,0.4815721475373711,13.229415733870562,unique_starts
960,149,230,434,23,95,164,1,6.0,6.002304147465438,25,434,23,18.869565217391305,434,50,50,50,0.7933884297520645,0.002245,0.00344,0.4477196573186491,0.5276863910046072,0.5276863910046072,6.102597835208515,unique_starts
961,149,248,9,4,6,6,21,22.0,22.11111111111111,24,9,4,2.25,9,52,52,52,-0.7049180327868737,0.002245,0.002135,0.4477196573186491,0.4551679911609592,0.4551679911609592,22.408248290463863,unique_starts
962,149,258,114,7,22,34,5,13.0,13.640350877192983,25,114,7,16.285714285714285,114,8,8,8,0.8688524590163864,0.002245,0.00251,0.4477196573186491,0.4379225923469485,0.4477196573186491,13.21320071635561,unique_starts
963,149,259,6,3,6,3,14,21.5,20.666666666666668,24,6,3,2.0,6,15,15,15,-0.4285714285714082,0.002245,0.00102,0.4477196573186491,1.0660615445434947,1.0660615445434947,21.908248290463863,unique_starts
964,149,268,598,16,105,141,1,7.0,8.05685618729097,22,598,16,37.375,598,22,22,22,0.9290322580645146,0.002245,0.00255,0.4477196573186491,0.43791978219162725,0.4477196573186491,7.097590007294853,unique_starts
965,149,271,279,30,138,71,5,15.0,14.817204301075268,25,279,30,9.3,279,38,38,38,0.7602523659305969,0.002245,0.002355,0.4477196573186491,0.46904630509061107,0.46904630509061107,15.085125653075876,unique_starts
966,149,273,11,2,9,3,15,20.0,19.818181818181817,25,11,2,5.5,11,254,254,254,-0.9169811320754682,0.002245,0.0032,0.4477196573186491,0.505500130278,0.505500130278,20.333333333333332,unique_starts
967,149,288,340,8,34,108,1,18.0,17.20294117647059,25,340,8,42.5,340,242,242,242,0.16838487972508562,0.002245,0.002855,0.4477196573186491,0.3565540314868625,0.4477196573186491,18.17149858514251,unique_starts
968,149,315,3,2,2,3,1,3.0,2.6666666666666665,4,3,2,1.5,3,7,0,0,0.9999999999996666,0.002245,0.00307,0.4477196573186491,0.5338410601299857,0.5338410601299857,3.7071067811865475,unique_starts
969,149,371,23,5,23,5,11,17.0,17.0,25,23,5,4.6,23,5,5,5,0.6428571428571199,0.002245,0.00072,0.4477196573186491,2.0840511964640234,2.0840511964640234,17.208514414057074,unique_starts
970,149,382,5,2,2,5,22,24.0,23.8,25,5,2,2.5,5,10,0,0,0.9999999999997999,0.002245,0.00306,0.4477196573186491,0.5168753927781407,0.5168753927781407,24.707106781186546,unique_starts
971,149,410,168,22,113,46,6,17.0,16.99404761904762,25,168,22,7.636363636363637,168,37,37,37,0.6390243902438993,0.002245,0.002505,0.4477196573186491,0.5908932537877524,0.5908932537877524,17.09407208683836,unique_starts
972,149,414,287,11,57,68,16,21.0,21.156794425087107,25,287,11,26.09090909090909,287,70,70,70,0.6078431372549002,0.002245,0.002705,0.4477196573186491,0.4480758181537895,0.4480758181537895,21.132453235706503,unique_starts
973,149,463,8,4,6,5,22,23.0,23.25,25,8,4,2.0,8,0,0,0,0.999999999999875,0.002245,0.00216,0.4477196573186491,0.5081641748793143,0.5081641748793143,23.408248290463863,unique_starts
974,149,485,49,6,21,22,21,24.0,23.714285714285715,25,49,6,8.166666666666666,49,36,36,36,0.15294117647058644,0.002245,0.002155,0.4477196573186491,0.43599835801952425,0.4477196573186491,24.21821789023599,unique_starts
975,157,8,33,2,5,9,4,9.0,8.909090909090908,14,33,2,16.5,33,0,0,0,0.9999999999999697,0.00224,0.00305,0.4360808470049738,0.5406985617322061,0.5406985617322061,9.447213595499958,unique_starts
976,157,22,42,3,12,12,12,17.0,17.023809523809526,22,42,3,14.0,42,35,35,35,0.09090909090908973,0.00224,0.00375,0.4360808470049738,0.6446610524678009,0.6446610524678009,17.28867513459481,unique_starts
977,157,28,243,9,45,49,1,8.0,8.382716049382717,25,243,9,27.0,243,0,0,0,0.9999999999999959,0.00224,0.002415,0.4360808470049738,0.42854134755998907,0.4360808470049738,8.149071198499986,unique_starts
978,157,43,28,3,11,9,21,24.0,23.5,25,28,3,9.333333333333334,28,159,159,159,-0.700534759358285,0.00224,0.00192,0.4360808470049738,0.4331654262548746,0.4360808470049738,24.301511344577765,unique_starts
979,157,56,146,7,33,37,15,22.0,22.116438356164384,25,146,7,20.857142857142858,146,59,59,59,0.42439024390243696,0.00224,0.003085,0.4360808470049738,0.5396960390661362,0.5396960390661362,22.1740776559557,unique_starts
980,157,58,39,3,7,19,7,14.0,14.076923076923077,21,39,3,13.0,39,25,25,25,0.2187499999999966,0.00224,0.0027,0.4360808470049738,0.45943690378043944,0.45943690378043944,14.377964473009227,unique_starts
981,157,77,127,4,20,31,1,6.0,6.307086614173229,14,127,4,31.75,127,0,0,0,0.9999999999999921,0.00224,0.00234,0.4360808470049738,0.4473317645634032,0.4473317645634032,6.223606797749979,unique_starts
982,157,79,24,2,7,7,1,3.5,3.5,6,24,2,12.0,24,0,0,0,0.9999999999999584,0.00224,0.003325,0.4360808470049738,0.5566279042981374,0.5566279042981374,3.8779644730092273,unique_starts
983,157,84,8,2,6,3,1,4.0,3.75,6,8,2,4.0,8,61,61,61,-0.7681159420289745,0.00224,0.003185,0.4360808470049738,0.4087675614805981,0.4360808470049738,4.408248290463863,unique_starts
984,157,88,365,8,35,82,1,12.0,11.821917808219178,22,365,8,45.625,365,954,954,954,-0.44655041698256226,0.00224,0.00285,0.4360808470049738,0.3243399356820196,0.4360808470049738,12.169030850945703,unique_starts
985,157,100,19,2,4,7,1,8.0,8.105263157894736,12,19,2,9.5,19,0,0,0,0.9999999999999475,0.00224,0.0028,0.4360808470049738,0.4530066985824541,0.4530066985824541,8.5,unique_starts
986,157,143,51,4,16,13,1,4.0,4.588235294117647,25,51,4,12.75,51,386,386,386,-0.7665903890160165,0.00224,0.003425,0.4360808470049738,0.4310573077101274,0.4360808470049738,4.25,unique_starts
987,157,163,6,2,6,2,11,14.5,14.333333333333334,17,6,2,3.0,6,8,8,8,-0.14285714285713266,0.00224,0.000755,0.4360808470049738,0.8074492857931624,0.8074492857931624,14.908248290463863,unique_starts
988,157,167,37,6,16,21,2,11.0,14.81081081081081,25,37,6,6.166666666666667,37,188,188,188,-0.6711111111111081,0.00224,0.002905,0.4360808470049738,0.5523326473861818,0.5523326473861818,11.25,unique_starts
989,157,179,8,2,8,2,16,21.5,21.125,25,8,2,4.0,8,28,28,28,-0.5555555555555401,0.00224,0.00165,0.4360808470049738,0.5689519284458886,0.5689519284458886,21.853553390593273,unique_starts
990,157,184,10,2,2,10,6,8.5,9.1,13,10,2,5.0,10,0,0,0,0.9999999999999,0.00224,0.00261,0.4360808470049738,0.4440022572428347,0.4440022572428347,9.207106781186548,unique_starts
991,157,186,5,2,5,2,20,22.0,21.6,23,5,2,2.5,5,10,10,10,-0.3333333333333111,0.00224,0.00126,0.4360808470049738,0.4246314878988181,0.4360808470049738,22.447213595499957,unique_starts
992,157,196,79,4,13,24,1,9.0,10.177215189873417,22,79,4,19.75,79,0,0,0,0.9999999999999875,0.00224,0.00287,0.4360808470049738,0.36280201708894627,0.4360808470049738,9.277350098112615,unique_starts
993,157,207,342,16,87,85,16,23.0,22.485380116959064,25,342,16,21.375,342,82,82,82,0.6132075471698099,0.00224,0.002905,0.4360808470049738,0.5142383888493315,0.5142383888493315,23.10721125348378,unique_starts
994,157,229,43,3,5,33,1,6.0,9.13953488372093,25,43,3,14.333333333333334,43,373,373,373,-0.7932692307692288,0.00224,0.00306,0.4360808470049738,0.23617874098724062,0.4360808470049738,6.447213595499958,unique_starts
995,157,230,21,3,10,8,2,5.0,4.9523809523809526,9,21,3,7.0,21,0,0,0,0.9999999999999525,0.00224,0.00344,0.4360808470049738,0.5276863910046072,0.5276863910046072,5.316227766016838,unique_starts
996,157,271,171,22,110,38,7,13.0,13.584795321637428,25,171,22,7.7727272727272725,171,3,0,0,0.9999999999999942,0.00224,0.002355,0.4360808470049738,0.46904630509061107,0.46904630509061107,13.09534625892456,unique_starts
997,157,273,6,2,3,5,17,19.5,20.5,25,6,2,3.0,6,46,46,46,-0.7692307692307544,0.00224,0.0032,0.4360808470049738,0.505500130278,0.505500130278,20.077350269189626,unique_starts
998,157,279,180,5,18,50,1,11.0,10.933333333333334,22,180,5,36.0,180,296,296,296,-0.2436974789915961,0.00224,0.00293,0.4360808470049738,0.40818291842784804,0.4360808470049738,11.235702260395517,unique_starts
999,157,315,5,2,3,3,1,2.0,1.8,3,5,2,2.5,5,4,0,0,0.9999999999997999,0.00224,0.00307,0.4360808470049738,0.5338410601299857,0.5338410601299857,2.5773502691896257,unique_starts
1000,157,347,30,3,9,14,17,23.0,22.433333333333334,25,30,3,10.0,30,74,74,74,-0.423076923076919,0.00224,0.002635,0.4360808470049738,0.42694736380270404,0.4360808470049738,23.333333333333332,unique_starts
1001,157,389,104,4,8,47,1,10.0,10.14423076923077,21,104,4,26.0,104,59,59,59,0.27607361963190014,0.00224,0.002875,0.4360808470049738,0.26692962496119355,0.4360808470049738,10.353553390593273,unique_starts
1002,157,398,102,4,12,36,12,19.0,18.980392156862745,25,102,4,25.5,102,22,0,0,0.9999999999999902,0.00224,0.00324,0.4360808470049738,0.4886541548049501,0.4886541548049501,19.28867513459481,unique_starts
1003,157,402,9,2,7,5,1,2.0,2.3333333333333335,5,9,2,4.5,9,0,0,0,0.9999999999998889,0.00224,0.00217,0.4360808470049738,0.45222558449769595,0.45222558449769595,2.3779644730092273,unique_starts
1004,157,410,328,21,110,67,9,18.0,18.210365853658537,25,328,21,15.619047619047619,328,0,0,0,0.9999999999999969,0.00224,0.002505,0.4360808470049738,0.5908932537877524,0.5908932537877524,18.095346258924558,unique_starts
1005,157,414,269,11,68,61,17,23.0,22.345724907063197,25,269,11,24.454545454545453,269,0,0,0,0.9999999999999962,0.00224,0.002705,0.4360808470049738,0.4480758181537895,0.4480758181537895,23.121267812518166,unique_starts
1006,157,429,536,20,112,100,8,15.0,15.680970149253731,25,536,20,26.8,536,0,0,0,0.9999999999999981,0.00224,0.0033,0.4360808470049738,0.6319999683881292,0.6319999683881292,15.094491118252307,unique_starts
1007,157,432,24,4,8,16,1,4.5,7.708333333333333,25,24,4,6.0,24,626,626,626,-0.9261538461538447,0.00224,0.002895,0.4360808470049738,0.38597465955399696,0.4360808470049738,4.853553390593274,unique_starts
1008,157,440,24,4,4,24,1,4.5,4.833333333333333,10,24,4,6.0,24,0,0,0,0.9999999999999584,0.00224,0.002505,0.4360808470049738,0.4432001412722737,0.4432001412722737,5.0,unique_starts
1009,157,474,55,5,11,29,3,8.0,7.709090909090909,13,55,5,11.0,55,0,0,0,0.9999999999999818,0.00224,0.002335,0.4360808470049738,0.47326325022320526,0.47326325022320526,8.301511344577763,unique_starts
1010,157,485,68,7,27,25,20,24.0,23.779411764705884,25,68,7,9.714285714285714,68,0,0,0,0.9999999999999853,0.00224,0.002155,0.4360808470049738,0.43599835801952425,0.4360808470049738,24.192450089729874,unique_starts
1011,163,10,12,2,2,12,13,19.0,18.583333333333332,23,12,2,6.0,12,2,0,0,0.9999999999999166,0.000755,0.003525,0.8074492857931624,0.49946110985903625,0.8074492857931624,19.707106781186546,unique_starts
1012,163,39,12,5,6,11,17,18.5,19.166666666666668,23,12,5,2.4,12,13,13,13,-0.039999999999998405,0.000755,0.002705,0.8074492857931624,0.41176789607065134,0.8074492857931624,18.908248290463863,unique_starts
1013,163,58,7,2,3,6,22,24.0,24.0,25,7,2,3.5,7,0,0,0,0.9999999999998571,0.000755,0.0027,0.8074492857931624,0.45943690378043944,0.8074492857931624,24.577350269189626,unique_starts
1014,163,77,4,2,2,4,15,16.5,18.25,25,4,2,2.0,4,25,25,25,-0.7241379310344578,0.000755,0.00234,0.8074492857931624,0.4473317645634032,0.8074492857931624,17.207106781186546,unique_starts
1015,163,88,16,2,2,16,2,11.5,13.875,25,16,2,8.0,16,0,0,0,0.9999999999999376,0.000755,0.00285,0.8074492857931624,0.3243399356820196,0.8074492857931624,12.207106781186548,unique_starts
1016,163,115,46,6,12,29,15,19.5,19.91304347826087,25,46,6,7.666666666666667,46,49,49,49,-0.03157894736842072,0.000755,0.002855,0.8074492857931624,0.4573735327292514,0.8074492857931624,19.78867513459481,unique_starts
1017,163,143,4,2,3,3,6,13.5,13.5,21,4,2,2.0,4,29,29,29,-0.7575757575757346,0.000755,0.003425,0.8074492857931624,0.4310573077101274,0.8074492857931624,14.077350269189626,unique_starts
1018,163,146,8,2,3,8,8,10.0,9.75,11,8,2,4.0,8,1,0,0,0.999999999999875,0.000755,0.00289,0.8074492857931624,0.49858717633061933,0.8074492857931624,10.577350269189626,unique_starts
1019,163,157,8,2,2,8,13,16.0,15.75,18,8,2,4.0,8,6,6,6,0.14285714285713266,0.000755,0.00224,0.8074492857931624,0.4360808470049738,0.8074492857931624,16.707106781186546,unique_starts
1020,163,169,7,2,3,6,22,24.0,24.0,25,7,2,3.5,7,9,9,9,-0.1249999999999922,0.000755,0.003075,0.8074492857931624,0.5191317792488794,0.8074492857931624,24.577350269189626,unique_starts
1021,163,199,14,2,4,12,14,20.5,19.642857142857142,24,14,2,7.0,14,79,79,79,-0.6989247311827882,0.000755,0.00268,0.8074492857931624,0.5690552560543798,0.8074492857931624,21.0,unique_starts
1022,163,207,28,2,4,14,9,15.0,14.714285714285714,20,28,2,14.0,28,0,0,0,0.9999999999999644,0.000755,0.002905,0.8074492857931624,0.5142383888493315,0.8074492857931624,15.5,unique_starts
1023,163,217,11,2,2,11,20,23.0,22.727272727272727,25,11,2,5.5,11,0,0,0,0.9999999999999091,0.000755,0.003145,0.8074492857931624,0.5280768414975939,0.8074492857931624,23.707106781186546,unique_starts
1024,163,247,5,3,3,5,3,5.0,7.8,19,5,3,1.6666666666666667,5,23,23,23,-0.6428571428571199,0.000755,0.002885,0.8074492857931624,0.36620018911671115,0.8074492857931624,5.577350269189626,unique_starts
1025,163,252,17,3,4,16,3,12.0,12.352941176470589,25,17,3,5.666666666666667,17,2,0,0,0.9999999999999413,0.000755,0.00348,0.8074492857931624,0.32521551737612986,0.8074492857931624,12.5,unique_starts
1026,163,259,178,60,127,123,1,6.0,6.556179775280899,23,178,60,2.966666666666667,178,8,8,8,0.913978494623651,0.000755,0.00102,0.8074492857931624,1.0660615445434947,1.0660615445434947,6.0887356509416115,unique_starts
1027,163,279,10,2,3,9,12,16.5,16.5,21,10,2,5.0,10,0,0,0,0.9999999999999,0.000755,0.00293,0.8074492857931624,0.40818291842784804,0.8074492857931624,17.077350269189626,unique_starts
1028,163,288,38,3,5,29,3,9.0,9.973684210526315,21,38,3,12.666666666666666,38,3,3,3,0.853658536585345,0.000755,0.002855,0.8074492857931624,0.3565540314868625,0.8074492857931624,9.447213595499958,unique_starts
1029,163,290,13,2,2,13,12,18.0,18.46153846153846,25,13,2,6.5,13,5,5,5,0.4444444444444198,0.000755,0.002905,0.8074492857931624,0.5506580655999675,0.8074492857931624,18.707106781186546,unique_starts
1030,163,294,16,2,3,10,18,21.5,21.375,24,16,2,8.0,16,2,0,0,0.9999999999999376,0.000755,0.00253,0.8074492857931624,0.42896663505169463,0.8074492857931624,22.077350269189626,unique_starts
1031,163,309,10,2,3,6,16,17.5,17.7,20,10,2,5.0,10,19,19,19,-0.3103448275861962,0.000755,0.003055,0.8074492857931624,0.48484104579254805,0.8074492857931624,18.077350269189626,unique_starts
1032,163,316,50,7,11,36,13,19.0,18.84,25,50,7,7.142857142857143,50,32,32,32,0.21951219512194856,0.000755,0.0025,0.8074492857931624,0.4490634320386163,0.8074492857931624,19.301511344577765,unique_starts
1033,163,328,61,10,17,45,5,8.0,8.459016393442623,12,61,10,6.1,61,3,0,0,0.9999999999999836,0.000755,0.00278,0.8074492857931624,0.4295227114706557,0.8074492857931624,8.242535625036332,unique_starts
1034,163,371,5,4,5,4,1,1.0,8.8,21,5,4,1.25,5,28,28,28,-0.6969696969696758,0.000755,0.00072,0.8074492857931624,2.0840511964640234,2.0840511964640234,1.4472135954999579,unique_starts
1035,163,382,18,3,5,16,6,9.0,8.944444444444445,12,18,3,6.0,18,6,0,0,0.9999999999999445,0.000755,0.00306,0.8074492857931624,0.5168753927781407,0.8074492857931624,9.447213595499958,unique_starts
1036,163,389,8,2,3,5,22,24.0,23.875,25,8,2,4.0,8,0,0,0,0.999999999999875,0.000755,0.002875,0.8074492857931624,0.26692962496119355,0.8074492857931624,24.577350269189626,unique_starts
1037,163,398,13,2,3,12,7,11.0,11.461538461538462,17,13,2,6.5,13,4,0,0,0.9999999999999231,0.000755,0.00324,0.8074492857931624,0.4886541548049501,0.8074492857931624,11.577350269189626,unique_starts
1038,163,402,9,2,2,9,12,21.0,19.333333333333332,25,9,2,4.5,9,62,62,62,-0.7464788732394262,0.000755,0.00217,0.8074492857931624,0.45222558449769595,0.8074492857931624,21.707106781186546,unique_starts
1039,163,404,58,9,14,53,10,15.0,15.017241379310345,25,58,9,6.444444444444445,58,39,39,39,0.19587628865979181,0.000755,0.00219,0.8074492857931624,0.5171261636058332,0.8074492857931624,15.267261241912424,unique_starts
1040,163,410,17,2,3,11,4,7.0,6.705882352941177,10,17,2,8.5,17,2,0,0,0.9999999999999413,0.000755,0.002505,0.8074492857931624,0.5908932537877524,0.8074492857931624,7.577350269189626,unique_starts
1041,163,485,14,2,3,11,8,12.0,11.928571428571429,15,14,2,7.0,14,7,7,7,0.3333333333333175,0.000755,0.002155,0.8074492857931624,0.43599835801952425,0.8074492857931624,12.577350269189626,unique_starts
1042,163,494,123,9,16,84,9,16.0,16.51219512195122,25,123,9,13.666666666666666,123,64,64,64,0.31550802139037265,0.000755,0.002885,0.8074492857931624,0.4433285498558166,0.8074492857931624,16.25,unique_starts
1043,164,4,28,3,6,13,1,5.0,5.071428571428571,10,28,3,9.333333333333334,28,21,0,0,0.9999999999999644,0.002755,0.0034,0.46236208579247506,0.42665327824002786,0.46236208579247506,5.408248290463863,unique_starts
1044,164,8,973,32,203,312,4,15.0,14.957862281603289,25,973,32,30.40625,973,443,443,443,0.3742937853107342,0.002755,0.00305,0.46236208579247506,0.5406985617322061,0.5406985617322061,15.07018624063436,unique_starts
1045,164,22,109,12,27,65,16,23.0,22.73394495412844,25,109,12,9.083333333333334,109,3,0,0,0.9999999999999909,0.002755,0.00375,0.46236208579247506,0.6446610524678009,0.6446610524678009,23.192450089729874,unique_starts
1046,164,42,46,5,16,19,1,5.0,6.6521739130434785,16,46,5,9.2,46,5,0,0,0.9999999999999782,0.002755,0.002905,0.46236208579247506,0.49705178564663943,0.49705178564663943,5.25,unique_starts
1047,164,50,13,4,4,13,1,4.0,7.076923076923077,25,13,4,3.25,13,23,0,0,0.9999999999999231,0.002755,0.00344,0.46236208579247506,0.4362745814366093,0.46236208579247506,4.5,unique_starts
1048,164,63,147,7,26,38,1,8.0,7.816326530612245,15,147,7,21.0,147,28,28,28,0.6799999999999962,0.002755,0.00318,0.46236208579247506,0.5301456261038152,0.5301456261038152,8.196116135138183,unique_starts
1049,164,79,568,24,122,216,7,21.0,20.20774647887324,25,568,24,23.666666666666668,568,1387,1387,1387,-0.41892583120204585,0.002755,0.003325,0.46236208579247506,0.5566279042981374,0.5566279042981374,21.09053574604252,unique_starts
1050,164,100,143,14,48,73,1,23.0,21.41958041958042,25,143,14,10.214285714285714,143,1455,1455,1455,-0.8210262828535665,0.002755,0.0028,0.46236208579247506,0.4530066985824541,0.46236208579247506,23.144337567297406,unique_starts
1051,164,146,1733,34,242,346,1,10.0,9.959607616849395,25,1733,34,50.970588235294116,1733,180,180,180,0.8118139048614738,0.002755,0.00289,0.46236208579247506,0.49858717633061933,0.49858717633061933,10.064282434653322,unique_starts
1052,164,149,81,8,33,21,10,17.0,17.71604938271605,25,81,8,10.125,81,136,136,136,-0.25345622119815553,0.002755,0.002245,0.46236208579247506,0.4477196573186491,0.46236208579247506,17.1740776559557,unique_starts
1053,164,166,44,3,8,17,18,22.0,22.113636363636363,25,44,3,14.666666666666666,44,96,96,96,-0.3714285714285688,0.002755,0.00289,0.46236208579247506,0.4782304215414501,0.4782304215414501,22.353553390593273,unique_starts
1054,164,171,98,15,37,65,1,23.0,21.540816326530614,25,98,15,6.533333333333333,98,377,377,377,-0.5873684210526303,0.002755,0.00343,0.46236208579247506,0.6091865893282263,0.6091865893282263,23.164398987305358,unique_starts
1055,164,172,8,3,6,6,1,2.0,4.75,25,8,3,2.6666666666666665,8,945,945,945,-0.9832109129066097,0.002755,0.00297,0.46236208579247506,0.4684363793861522,0.4684363793861522,2.408248290463863,unique_starts
1056,164,184,102,9,28,35,15,22.0,21.647058823529413,25,102,9,11.333333333333334,102,20,20,20,0.6721311475409781,0.002755,0.00261,0.46236208579247506,0.4440022572428347,0.46236208579247506,22.188982236504614,unique_starts
1057,164,229,143,12,57,47,12,21.0,20.342657342657343,25,143,12,11.916666666666666,143,75,75,75,0.31192660550458573,0.002755,0.00306,0.46236208579247506,0.23617874098724062,0.46236208579247506,21.132453235706503,unique_starts
1058,164,230,369,29,105,158,10,21.0,19.897018970189702,25,369,29,12.724137931034482,369,255,255,255,0.1826923076923074,0.002755,0.00344,0.46236208579247506,0.5276863910046072,0.5276863910046072,21.097590007294855,unique_starts
1059,164,271,9,8,8,9,1,1.0,1.5555555555555556,5,9,8,1.125,9,102,102,102,-0.8378378378378303,0.002755,0.002355,0.46236208579247506,0.46904630509061107,0.46904630509061107,1.3535533905932737,unique_starts
1060,164,288,28,6,10,20,1,4.5,9.071428571428571,25,28,6,4.666666666666667,28,330,330,330,-0.843575418994411,0.002755,0.002855,0.46236208579247506,0.3565540314868625,0.46236208579247506,4.816227766016838,unique_starts
1061,164,315,115,8,43,47,13,21.0,20.965217391304346,25,115,8,14.375,115,432,432,432,-0.5795246800731251,0.002755,0.00307,0.46236208579247506,0.5338410601299857,0.5338410601299857,21.152498570332604,unique_starts
1062,164,332,6,2,4,4,24,25.0,24.666666666666668,25,6,2,3.0,6,0,0,0,0.9999999999998334,0.002755,0.00266,0.46236208579247506,0.3973389111790975,0.46236208579247506,25.5,unique_starts
1063,164,410,197,37,110,105,1,8.0,7.720812182741117,11,197,37,5.324324324324325,197,6,6,6,0.9408866995073846,0.002755,0.002505,0.46236208579247506,0.5908932537877524,0.5908932537877524,8.09534625892456,unique_starts
1064,164,414,417,26,74,205,8,12.0,12.32853717026379,20,417,26,16.03846153846154,417,1,0,0,0.9999999999999976,0.002755,0.002705,0.46236208579247506,0.4480758181537895,0.46236208579247506,12.11624763874382,unique_starts
1065,164,485,456,23,91,166,7,17.0,16.67324561403509,25,456,23,19.82608695652174,456,42,42,42,0.8313253012048176,0.002755,0.002155,0.46236208579247506,0.43599835801952425,0.46236208579247506,17.104828483672193,unique_starts
1066,164,500,324,11,74,60,9,18.0,18.47530864197531,25,324,11,29.454545454545453,324,199,199,199,0.23900573613766685,0.002755,0.00264,0.46236208579247506,0.41474401777690195,0.46236208579247506,18.11624763874382,unique_starts
1067,166,4,276,11,58,63,13,21.0,20.659420289855074,25,276,11,25.09090909090909,276,323,323,323,-0.0784641068447411,0.00289,0.0034,0.4782304215414501,0.42665327824002786,0.4782304215414501,21.131306432859724,unique_starts
1068,166,42,27,2,9,9,20,24.0,23.555555555555557,25,27,2,13.5,27,0,0,0,0.999999999999963,0.00289,0.002905,0.4782304215414501,0.49705178564663943,0.49705178564663943,24.333333333333332,unique_starts
1069,166,63,1045,32,277,263,15,23.0,22.75885167464115,25,1045,32,32.65625,1045,0,0,0,0.9999999999999991,0.00289,0.00318,0.4782304215414501,0.5301456261038152,0.5301456261038152,23.060084176812612,unique_starts
1070,166,118,769,12,112,134,8,20.0,19.271781534460338,25,769,12,64.08333333333333,769,266,266,266,0.4859903381642508,0.00289,0.002715,0.4782304215414501,0.3381375536578267,0.4782304215414501,20.094491118252307,unique_starts
1071,166,138,1623,16,207,219,4,18.0,17.80468268638324,25,1623,16,101.4375,1623,517,517,517,0.5168224299065418,0.00289,0.002785,0.4782304215414501,0.37021778866614363,0.4782304215414501,18.069504804685693,unique_starts
1072,166,163,15,2,15,2,1,12.0,10.133333333333333,19,15,2,7.5,15,0,0,0,0.9999999999999333,0.00289,0.000755,0.4782304215414501,0.8074492857931624,0.8074492857931624,12.258198889747161,unique_starts
1073,166,164,96,4,33,12,11,17.0,17.28125,25,96,4,24.0,96,44,44,44,0.3714285714285688,0.00289,0.002755,0.4782304215414501,0.46236208579247506,0.4782304215414501,17.1740776559557,unique_starts
1074,166,172,3261,35,402,408,1,10.0,9.941429009506287,22,3261,35,93.17142857142858,3261,25,25,25,0.9847839318320143,0.00289,0.00297,0.4782304215414501,0.4684363793861522,0.4782304215414501,10.049875466805382,unique_starts
1075,166,173,446,9,63,76,2,12.0,12.008968609865471,22,446,9,49.55555555555556,446,47,47,47,0.8093306288032438,0.00289,0.002675,0.4782304215414501,0.5108604177721788,0.5108604177721788,12.125988157669742,unique_starts
1076,166,288,498,10,106,63,4,20.0,19.234939759036145,25,498,10,49.8,498,129,129,129,0.5885167464114823,0.00289,0.002855,0.4782304215414501,0.3565540314868625,0.4782304215414501,20.097128586235726,unique_starts
1077,166,332,1216,32,254,263,1,6.0,6.009046052631579,14,1216,32,38.0,1216,12,0,0,0.9999999999999992,0.00289,0.00266,0.4782304215414501,0.3973389111790975,0.4782304215414501,6.062745580513816,unique_starts
1078,166,340,125,9,45,35,16,22.0,21.872,25,125,9,13.88888888888889,125,80,80,80,0.21951219512195017,0.00289,0.00264,0.4782304215414501,0.388332655852337,0.4782304215414501,22.149071198499986,unique_starts
1079,166,371,37,3,18,7,1,5.0,7.513513513513513,25,37,3,12.333333333333334,37,0,0,0,0.9999999999999729,0.00289,0.00072,0.4782304215414501,2.0840511964640234,2.0840511964640234,5.235702260395516,unique_starts
1080,167,7,61,4,16,14,2,10.0,11.049180327868852,21,61,4,15.25,61,7,7,7,0.7941176470588119,0.002905,0.00345,0.5523326473861818,0.473565075387291,0.5523326473861818,10.25,unique_starts
1081,167,21,33,8,33,8,14,18.0,18.181818181818183,23,33,8,4.125,33,4,4,4,0.7837837837837626,0.002905,0.001335,0.5523326473861818,0.7000075364621832,0.7000075364621832,18.1740776559557,unique_starts
1082,167,28,226,9,41,57,10,16.0,16.460176991150444,25,226,9,25.11111111111111,226,100,100,100,0.38650306748466134,0.002905,0.002415,0.5523326473861818,0.42854134755998907,0.5523326473861818,16.156173761888606,unique_starts
1083,167,58,23,5,14,8,21,24.0,23.695652173913043,25,23,5,4.6,23,0,0,0,0.9999999999999566,0.002905,0.0027,0.5523326473861818,0.45943690378043944,0.5523326473861818,24.267261241912426,unique_starts
1084,167,77,39,2,6,13,12,16.0,15.76923076923077,20,39,2,19.5,39,0,0,0,0.9999999999999744,0.002905,0.00234,0.5523326473861818,0.4473317645634032,0.5523326473861818,16.408248290463863,unique_starts
1085,167,88,651,14,107,125,1,14.0,13.71889400921659,25,651,14,46.5,651,2,0,0,0.9999999999999984,0.002905,0.00285,0.5523326473861818,0.3243399356820196,0.5523326473861818,14.096673648904567,unique_starts
1086,167,98,10,2,2,10,21,23.0,23.0,25,10,2,5.0,10,0,0,0,0.9999999999999,0.002905,0.00306,0.5523326473861818,0.34307339056976743,0.5523326473861818,23.707106781186546,unique_starts
1087,167,133,26,3,10,7,1,5.0,6.923076923076923,25,26,3,8.666666666666666,26,0,0,0,0.9999999999999616,0.002905,0.003455,0.5523326473861818,0.40834813465235587,0.5523326473861818,5.316227766016838,unique_starts
1088,167,143,447,14,89,86,1,10.0,10.807606263982104,25,447,14,31.928571428571427,447,0,0,0,0.9999999999999977,0.002905,0.003425,0.5523326473861818,0.4310573077101274,0.5523326473861818,10.105999788000636,unique_starts
1089,167,144,27,4,9,16,21,24.0,23.77777777777778,25,27,4,6.75,27,49,49,49,-0.28947368421052255,0.002905,0.00326,0.5523326473861818,0.4284130917563028,0.5523326473861818,24.333333333333332,unique_starts
1090,167,157,188,8,51,40,3,10.0,12.638297872340425,25,188,8,23.5,188,37,37,37,0.6711111111111081,0.002905,0.00224,0.5523326473861818,0.4360808470049738,0.5523326473861818,10.140028008402801,unique_starts
1091,167,163,16,3,13,4,5,14.5,16.4375,25,16,3,5.333333333333333,16,0,0,0,0.9999999999999376,0.002905,0.000755,0.5523326473861818,0.8074492857931624,0.8074492857931624,14.777350098112615,unique_starts
1092,167,179,26,5,26,5,13,18.0,18.307692307692307,24,26,5,5.2,26,24,24,24,0.039999999999999196,0.002905,0.00165,0.5523326473861818,0.5689519284458886,0.5689519284458886,18.196116135138183,unique_starts
1093,167,186,18,3,18,3,16,19.5,19.61111111111111,24,18,3,6.0,18,0,0,0,0.9999999999999445,0.002905,0.00126,0.5523326473861818,0.4246314878988181,0.5523326473861818,19.735702260395517,unique_starts
1094,167,196,144,5,24,43,2,14.0,13.020833333333334,22,144,5,28.8,144,12,12,12,0.8461538461538407,0.002905,0.00287,0.5523326473861818,0.36280201708894627,0.5523326473861818,14.204124145231932,unique_starts
1095,167,243,14,3,8,7,23,24.5,24.357142857142858,25,14,3,4.666666666666667,14,0,0,0,0.9999999999999286,0.002905,0.002845,0.5523326473861818,0.47798288494927843,0.5523326473861818,24.853553390593273,unique_starts
1096,167,251,29,5,17,10,9,15.0,15.827586206896552,22,29,5,5.8,29,19,19,19,0.20833333333332898,0.002905,0.002675,0.5523326473861818,0.4733873703025864,0.5523326473861818,15.242535625036332,unique_starts
1097,167,261,708,12,100,114,1,9.0,10.52683615819209,25,708,12,59.0,708,25,0,0,0.9999999999999986,0.002905,0.003005,0.5523326473861818,0.3332476057918914,0.5523326473861818,9.1,unique_starts
1098,167,271,8,2,5,5,16,19.5,19.75,25,8,2,4.0,8,358,358,358,-0.9562841530054618,0.002905,0.002355,0.5523326473861818,0.46904630509061107,0.5523326473861818,19.947213595499957,unique_starts
1099,167,273,12,4,9,6,20,24.0,23.583333333333332,25,12,4,3.0,12,14,0,0,0.9999999999999166,0.002905,0.0032,0.5523326473861818,0.505500130278,0.5523326473861818,24.333333333333332,unique_starts
1100,167,279,418,11,63,91,1,8.0,8.380382775119617,23,418,11,38.0,418,0,0,0,0.9999999999999976,0.002905,0.00293,0.5523326473861818,0.40818291842784804,0.5523326473861818,8.125988157669742,unique_starts
1101,167,290,10,2,4,4,1,3.0,2.8,5,10,2,5.0,10,0,0,0,0.9999999999999,0.002905,0.002905,0.5523326473861818,0.5506580655999675,0.5523326473861818,3.5,unique_starts
1102,167,316,6,3,4,5,1,2.0,2.1666666666666665,4,6,3,2.0,6,0,0,0,0.9999999999998334,0.002905,0.0025,0.5523326473861818,0.4490634320386163,0.5523326473861818,2.5,unique_starts
1103,167,318,56,3,12,16,17,23.0,22.517857142857142,25,56,3,18.666666666666668,56,24,0,0,0.9999999999999821,0.002905,0.003055,0.5523326473861818,0.4226365509545472,0.5523326473861818,23.28867513459481,unique_starts
1104,167,319,102,9,46,24,14,21.0,21.029411764705884,25,102,9,11.333333333333334,102,13,13,13,0.7739130434782542,0.002905,0.002245,0.5523326473861818,0.4303008855946258,0.5523326473861818,21.147441956154896,unique_starts
1105,167,347,30,2,10,10,21,24.0,23.666666666666668,25,30,2,15.0,30,240,240,240,-0.7777777777777748,0.002905,0.002635,0.5523326473861818,0.42694736380270404,0.5523326473861818,24.316227766016837,unique_starts
1106,167,398,176,5,31,40,12,22.0,21.051136363636363,25,176,5,35.2,176,135,135,135,0.1318327974276523,0.002905,0.00324,0.5523326473861818,0.4886541548049501,0.5523326473861818,22.179605302026776,unique_starts
1107,167,410,51,9,23,21,18,24.0,22.88235294117647,25,51,9,5.666666666666667,51,157,157,157,-0.5096153846153821,0.002905,0.002505,0.5523326473861818,0.5908932537877524,0.5908932537877524,24.208514414057074,unique_starts
1108,167,429,199,11,49,55,18,23.0,22.56281407035176,25,199,11,18.09090909090909,199,247,247,247,-0.10762331838564998,0.002905,0.0033,0.5523326473861818,0.6319999683881292,0.6319999683881292,23.142857142857142,unique_starts
1109,167,432,318,15,90,86,1,20.0,17.61320754716981,25,318,15,21.2,318,4,0,0,0.9999999999999968,0.002905,0.002895,0.5523326473861818,0.38597465955399696,0.5523326473861818,20.105409255338945,unique_starts
1110,167,440,301,13,78,79,1,6.0,6.3754152823920265,19,301,13,23.153846153846153,301,159,159,159,0.30869565217391237,0.002905,0.002505,0.5523326473861818,0.4432001412722737,0.5523326473861818,6.113227703414459,unique_starts
1111,167,463,42,10,34,13,19,23.5,23.285714285714285,25,42,10,4.2,42,0,0,0,0.9999999999999761,0.002905,0.00216,0.5523326473861818,0.5081641748793143,0.5523326473861818,23.67149858514251,unique_starts
1112,167,474,33,5,15,18,1,3.0,3.3636363636363638,7,33,5,6.6,33,0,0,0,0.9999999999999697,0.002905,0.002335,0.5523326473861818,0.47326325022320526,0.5523326473861818,3.258198889747161,unique_starts
1113,169,16,80,4,12,23,14,22.0,21.3125,25,80,4,20.0,80,164,164,164,-0.3442622950819658,0.003075,0.00306,0.5191317792488794,0.3930741805154096,0.5191317792488794,22.28867513459481,unique_starts
1114,169,21,78,13,78,16,1,4.0,6.0256410256410255,25,78,13,6.0,78,51,51,51,0.20930232558139372,0.003075,0.001335,0.5191317792488794,0.7000075364621832,0.7000075364621832,4.113227703414459,unique_starts
1115,169,22,60,6,20,19,12,19.0,19.383333333333333,25,60,6,10.0,60,498,498,498,-0.7849462365591383,0.003075,0.00375,0.5191317792488794,0.6446610524678009,0.6446610524678009,19.22360679774998,unique_starts
1116,169,39,1005,28,167,208,1,10.0,10.288557213930348,25,1005,28,35.892857142857146,1005,704,704,704,0.1761263897015798,0.003075,0.002705,0.5191317792488794,0.41176789607065134,0.5191317792488794,10.077382323253413,unique_starts
1117,169,58,18,4,17,5,10,14.5,15.333333333333334,25,18,4,4.5,18,261,261,261,-0.8709677419354807,0.003075,0.0027,0.5191317792488794,0.45943690378043944,0.5191317792488794,14.742535625036332,unique_starts
1118,169,79,297,14,89,74,15,22.0,21.77104377104377,25,297,14,21.214285714285715,297,12,12,12,0.9223300970873756,0.003075,0.003325,0.5191317792488794,0.5566279042981374,0.5566279042981374,22.105999788000634,unique_starts
1119,169,80,48,3,10,13,15,20.0,19.875,24,48,3,16.0,48,0,0,0,0.9999999999999791,0.003075,0.003105,0.5191317792488794,0.54911977059455,0.54911977059455,20.316227766016837,unique_starts
1120,169,84,7,2,7,2,20,23.0,22.857142857142858,25,7,2,3.5,7,15,0,0,0.9999999999998571,0.003075,0.003185,0.5191317792488794,0.4087675614805981,0.5191317792488794,23.37796447300923,unique_starts
1121,169,109,71,7,28,22,18,23.0,22.929577464788732,25,71,7,10.142857142857142,71,27,27,27,0.44897959183673014,0.003075,0.002985,0.5191317792488794,0.3581978582570581,0.5191317792488794,23.188982236504614,unique_starts
1122,169,115,113,7,32,36,19,23.0,22.938053097345133,25,113,7,16.142857142857142,113,66,66,66,0.2625698324022332,0.003075,0.002855,0.5191317792488794,0.4573735327292514,0.5191317792488794,23.17677669529664,unique_starts
1123,169,121,377,35,232,76,6,10.0,10.726790450928382,25,377,35,10.771428571428572,377,0,0,0,0.9999999999999973,0.003075,0.00212,0.5191317792488794,0.4790562634901327,0.5191317792488794,10.065653216429862,unique_starts
1124,169,139,999,27,175,207,1,17.0,17.00900900900901,25,999,27,37.0,999,30,30,30,0.9416909620991245,0.003075,0.00315,0.5191317792488794,0.5763001546805818,0.5763001546805818,17.075592894601847,unique_starts
1125,169,149,76,8,40,17,17,22.0,21.710526315789473,25,76,8,9.5,76,5,5,5,0.8765432098765324,0.003075,0.002245,0.5191317792488794,0.4477196573186491,0.5191317792488794,22.15811388300842,unique_starts
1126,169,163,9,2,7,3,20,22.0,22.0,25,9,2,4.5,9,7,7,7,0.1249999999999922,0.003075,0.000755,0.5191317792488794,0.8074492857931624,0.8074492857931624,22.37796447300923,unique_starts
1127,169,176,531,11,60,115,9,20.0,19.261770244821093,25,531,11,48.27272727272727,531,24,24,24,0.9135135135135118,0.003075,0.00293,0.5191317792488794,0.4160949662438087,0.5191317792488794,20.12909944487358,unique_starts
1128,169,179,67,8,67,9,1,7.0,8.73134328358209,25,67,8,8.375,67,61,61,61,0.04687499999999964,0.003075,0.00165,0.5191317792488794,0.5689519284458886,0.5689519284458886,7.122169444356305,unique_starts
1129,169,184,267,16,82,78,18,23.0,22.9812734082397,25,267,16,16.6875,267,356,356,356,-0.14285714285714263,0.003075,0.00261,0.5191317792488794,0.4440022572428347,0.5191317792488794,23.110431526074848,unique_starts
1130,169,186,144,20,142,23,2,5.0,7.041666666666667,25,144,20,7.2,144,49,49,49,0.4922279792746089,0.003075,0.00126,0.5191317792488794,0.4246314878988181,0.5191317792488794,5.083918135829669,unique_starts
1131,169,199,440,22,87,138,1,8.0,9.25,25,440,22,20.0,440,384,384,384,0.0679611650485436,0.003075,0.00268,0.5191317792488794,0.5690552560543798,0.5690552560543798,8.10721125348378,unique_starts
1132,169,217,120,3,24,19,10,18.0,18.308333333333334,25,120,3,40.0,120,347,347,347,-0.48608137044967775,0.003075,0.003145,0.5191317792488794,0.5280768414975939,0.5280768414975939,18.20412414523193,unique_starts
1133,169,229,42,3,11,12,16,21.0,20.928571428571427,25,42,3,14.0,42,9,9,9,0.647058823529399,0.003075,0.00306,0.5191317792488794,0.23617874098724062,0.5191317792488794,21.301511344577765,unique_starts
1134,169,230,234,18,84,72,19,23.0,22.675213675213676,25,234,18,13.0,234,63,63,63,0.5757575757575738,0.003075,0.00344,0.5191317792488794,0.5276863910046072,0.5276863910046072,23.109108945117995,unique_starts
1135,169,243,890,23,166,168,9,15.0,15.697752808988763,25,890,23,38.69565217391305,890,87,87,87,0.8219037871033769,0.003075,0.002845,0.5191317792488794,0.47798288494927843,0.5191317792488794,15.077615052570634,unique_starts
1136,169,248,305,34,228,57,5,9.0,9.111475409836066,25,305,34,8.970588235294118,305,182,182,182,0.2525667351129358,0.003075,0.002135,0.5191317792488794,0.4551679911609592,0.5191317792488794,9.066226617853252,unique_starts
1137,169,252,160,9,30,44,8,20.0,19.6125,25,160,9,17.77777777777778,160,420,420,420,-0.44827586206896475,0.003075,0.00348,0.5191317792488794,0.32521551737612986,0.5191317792488794,20.182574185835055,unique_starts
1138,169,259,5,3,5,3,19,21.0,21.4,25,5,3,1.6666666666666667,5,26,26,26,-0.6774193548386879,0.003075,0.00102,0.5191317792488794,1.0660615445434947,1.0660615445434947,21.447213595499957,unique_starts
1139,169,266,89,4,25,23,18,23.0,23.04494382022472,25,89,4,22.25,89,33,33,33,0.4590163934426192,0.003075,0.0038,0.5191317792488794,0.6115361362052629,0.6115361362052629,23.2,unique_starts
1140,169,273,999,33,218,201,8,14.0,14.761761761761761,25,999,33,30.272727272727273,999,334,334,334,0.4988747186796696,0.003075,0.0032,0.5191317792488794,0.505500130278,0.5191317792488794,14.06772854614786,unique_starts
1141,169,309,10,2,4,5,21,24.0,23.7,25,10,2,5.0,10,0,0,0,0.9999999999999,0.003075,0.003055,0.5191317792488794,0.48484104579254805,0.5191317792488794,24.5,unique_starts
1142,169,316,19,3,5,12,20,23.0,22.94736842105263,25,19,3,6.333333333333333,19,26,26,26,-0.1555555555555521,0.003075,0.0025,0.5191317792488794,0.4490634320386163,0.5191317792488794,23.447213595499957,unique_starts
1143,169,371,11,4,8,5,8,18.0,16.818181818181817,20,11,4,2.75,11,0,0,0,0.9999999999999091,0.003075,0.00072,0.5191317792488794,2.0840511964640234,2.0840511964640234,18.353553390593273,unique_starts
1144,169,383,198,11,49,67,1,16.0,14.217171717171718,23,198,11,18.0,198,871,871,871,-0.6295603367633297,0.003075,0.00295,0.5191317792488794,0.47953992323646644,0.5191317792488794,16.142857142857142,unique_starts
1145,169,385,209,12,45,60,15,22.0,21.669856459330145,25,209,12,17.416666666666668,209,77,77,77,0.4615384615384599,0.003075,0.00381,0.5191317792488794,0.544885989019332,0.544885989019332,22.149071198499986,unique_starts
1146,169,389,30,3,11,7,18,23.0,22.5,25,30,3,10.0,30,15,15,15,0.33333333333332593,0.003075,0.002875,0.5191317792488794,0.26692962496119355,0.5191317792488794,23.301511344577765,unique_starts
1147,169,402,19,3,11,7,17,22.0,21.68421052631579,25,19,3,6.333333333333333,19,5,5,5,0.5833333333333091,0.003075,0.00217,0.5191317792488794,0.45222558449769595,0.5191317792488794,22.301511344577765,unique_starts
1148,169,404,3,2,2,3,14,15.0,15.0,16,3,2,1.5,3,439,439,439,-0.9864253393665136,0.003075,0.00219,0.5191317792488794,0.5171261636058332,0.5191317792488794,15.707106781186548,unique_starts
1149,169,433,104,6,14,26,1,8.0,8.25,18,104,6,17.333333333333332,104,60,60,60,0.2682926829268276,0.003075,0.00295,0.5191317792488794,0.4187955072680345,0.5191317792488794,8.267261241912424,unique_starts
1150,169,462,13,2,3,9,21,23.0,23.307692307692307,25,13,2,6.5,13,10,0,0,0.9999999999999231,0.003075,0.00335,0.5191317792488794,0.4622577751318516,0.5191317792488794,23.577350269189626,unique_starts
1151,169,487,32,5,20,10,17,24.0,23.03125,25,32,5,6.4,32,7,7,7,0.6410256410256245,0.003075,0.00309,0.5191317792488794,0.4986519883489159,0.5191317792488794,24.22360679774998,unique_starts
1152,169,494,314,15,49,119,8,13.0,13.506369426751592,23,314,15,20.933333333333334,314,1154,1154,1154,-0.5722070844686645,0.003075,0.002885,0.5191317792488794,0.4433285498558166,0.5191317792488794,13.142857142857142,unique_starts
1153,171,2,9,2,5,5,23,25.0,24.444444444444443,25,9,2,4.5,9,12,12,12,-0.14285714285713608,0.00343,0.00384,0.6091865893282263,0.49557695833984555,0.6091865893282263,25.447213595499957,unique_starts
1154,171,4,654,5,78,60,1,10.0,10.839449541284404,25,654,5,130.8,654,10,0,0,0.9999999999999984,0.00343,0.0034,0.6091865893282263,0.42665327824002786,0.6091865893282263,10.11322770341446,unique_starts
1155,171,8,209,17,69,78,1,21.0,18.27751196172249,25,209,17,12.294117647058824,209,933,933,933,-0.6339754816112079,0.00343,0.00305,0.6091865893282263,0.5406985617322061,0.6091865893282263,21.120385853085768,unique_starts
1156,171,22,38,5,6,37,10,19.5,19.18421052631579,25,38,5,7.6,38,32,32,32,0.0857142857142845,0.00343,0.00375,0.6091865893282263,0.6446610524678009,0.6446610524678009,19.908248290463863,unique_starts
1157,171,42,88,12,19,83,1,4.0,5.5,25,88,12,7.333333333333333,88,823,823,823,-0.8068057080131714,0.00343,0.002905,0.6091865893282263,0.49705178564663943,0.6091865893282263,4.229415733870562,unique_starts
1158,171,63,3,2,3,3,1,1.0,9.0,25,3,2,1.5,3,324,324,324,-0.9816513761467859,0.00343,0.00318,0.6091865893282263,0.5301456261038152,0.6091865893282263,1.5773502691896257,unique_starts
1159,171,79,119,15,54,61,12,24.0,22.81512605042017,25,119,15,7.933333333333334,119,1305,1305,1305,-0.8328651685393254,0.00343,0.003325,0.6091865893282263,0.5566279042981374,0.6091865893282263,24.136082763487956,unique_starts
1160,171,80,96,11,37,64,12,22.0,20.833333333333332,25,96,11,8.727272727272727,96,1254,1254,1254,-0.8577777777777772,0.00343,0.003105,0.6091865893282263,0.54911977059455,0.6091865893282263,22.164398987305358,unique_starts
1161,171,109,77,9,35,24,1,4.0,4.545454545454546,20,77,9,8.555555555555555,77,0,0,0,0.9999999999999871,0.00343,0.002985,0.6091865893282263,0.3581978582570581,0.6091865893282263,4.1690308509457035,unique_starts
1162,171,118,191,6,20,66,1,8.0,8.167539267015707,18,191,6,31.833333333333332,191,2,0,0,0.9999999999999948,0.00343,0.002715,0.6091865893282263,0.3381375536578267,0.6091865893282263,8.223606797749978,unique_starts
1163,171,138,926,11,108,128,1,10.0,10.083153347732182,21,926,11,84.18181818181819,926,60,60,60,0.8782961460446238,0.00343,0.002785,0.6091865893282263,0.37021778866614363,0.6091865893282263,10.096225044864937,unique_starts
1164,171,149,5,4,5,4,24,25.0,24.8,25,5,4,1.25,5,513,513,513,-0.9806949806949787,0.00343,0.002245,0.6091865893282263,0.4477196573186491,0.6091865893282263,25.447213595499957,unique_starts
1165,171,163,37,2,23,3,1,7.0,7.27027027027027,15,37,2,18.5,37,2,0,0,0.9999999999999729,0.00343,0.000755,0.6091865893282263,0.8074492857931624,0.8074492857931624,7.208514414057075,unique_starts
1166,171,164,377,28,189,94,1,4.0,5.43501326259947,19,377,28,13.464285714285714,377,98,98,98,0.5873684210526303,0.00343,0.002755,0.6091865893282263,0.46236208579247506,0.6091865893282263,4.072739296745331,unique_starts
1167,171,172,77,7,45,21,1,5.0,5.987012987012987,19,77,7,11.0,77,6,6,6,0.8554216867469777,0.00343,0.00297,0.6091865893282263,0.4684363793861522,0.6091865893282263,5.149071198499986,unique_starts
1168,171,173,239,19,131,42,1,5.0,6.2259414225941425,19,239,19,12.578947368421053,239,17,17,17,0.8671874999999966,0.00343,0.002675,0.6091865893282263,0.5108604177721788,0.6091865893282263,5.087370405666104,unique_starts
1169,171,184,4,2,4,2,23,24.5,24.25,25,4,2,2.0,4,31,31,31,-0.7714285714285494,0.00343,0.00261,0.6091865893282263,0.4440022572428347,0.6091865893282263,25.0,unique_starts
1170,171,205,67,11,49,20,1,16.0,15.044776119402986,20,67,11,6.090909090909091,67,22,22,22,0.5056179775280842,0.00343,0.00069,0.6091865893282263,0.4815721475373711,0.6091865893282263,16.142857142857142,unique_starts
1171,171,230,129,20,59,55,18,24.0,23.5968992248062,25,129,20,6.45,129,328,328,328,-0.4354485776805242,0.00343,0.00344,0.6091865893282263,0.5276863910046072,0.6091865893282263,24.130188910980824,unique_starts
1172,171,258,47,8,22,35,7,17.0,16.06382978723404,25,47,8,5.875,47,309,309,309,-0.7359550561797732,0.00343,0.00251,0.6091865893282263,0.4379225923469485,0.6091865893282263,17.21320071635561,unique_starts
1173,171,259,25,3,25,3,4,9.0,9.68,18,25,3,8.333333333333334,25,6,6,6,0.6129032258064319,0.00343,0.00102,0.6091865893282263,1.0660615445434947,1.0660615445434947,9.2,unique_starts
1174,171,268,5,3,4,4,24,25.0,24.8,25,5,3,1.6666666666666667,5,77,77,77,-0.8780487804877942,0.00343,0.00255,0.6091865893282263,0.43791978219162725,0.6091865893282263,25.5,unique_starts
1175,171,271,101,16,80,23,1,4.0,4.138613861386139,13,101,16,6.3125,101,144,144,144,-0.17551020408163195,0.00343,0.002355,0.6091865893282263,0.46904630509061107,0.6091865893282263,4.111803398874989,unique_starts
1176,171,288,49,3,7,18,1,8.0,8.16326530612245,15,49,3,16.333333333333332,49,0,0,0,0.9999999999999796,0.00343,0.002855,0.6091865893282263,0.3565540314868625,0.6091865893282263,8.377964473009227,unique_starts
1177,171,410,739,50,336,136,1,12.0,11.784844384303112,24,739,50,14.78,739,8,8,8,0.978580990629182,0.00343,0.002505,0.6091865893282263,0.5908932537877524,0.6091865893282263,12.054554472558998,unique_starts
1178,171,414,831,25,139,179,9,16.0,16.044524669073404,25,831,25,33.24,831,40,0,0,0.9999999999999988,0.00343,0.002705,0.6091865893282263,0.4480758181537895,0.6091865893282263,16.084818892968,unique_starts
1179,171,485,231,10,46,65,16,20.0,20.303030303030305,25,231,10,23.1,231,9,0,0,0.9999999999999957,0.00343,0.002155,0.6091865893282263,0.43599835801952425,0.6091865893282263,20.147441956154896,unique_starts
1180,171,494,26,2,8,17,17,23.0,22.576923076923077,25,26,2,13.0,26,14,0,0,0.9999999999999616,0.00343,0.002885,0.6091865893282263,0.4433285498558166,0.6091865893282263,23.353553390593273,unique_starts
1181,171,500,90,6,29,23,18,23.0,22.988888888888887,25,90,6,15.0,90,0,0,0,0.9999999999999889,0.00343,0.00264,0.6091865893282263,0.41474401777690195,0.6091865893282263,23.18569533817705,unique_starts
1182,172,4,600,15,97,136,1,9.0,9.225,18,600,15,40.0,600,1,0,0,0.9999999999999983,0.00297,0.0034,0.4684363793861522,0.42665327824002786,0.4684363793861522,9.101534616513362,unique_starts
1183,172,8,553,23,149,120,7,22.0,21.750452079566003,25,553,23,24.043478260869566,553,54,54,54,0.8220757825370661,0.00297,0.00305,0.4684363793861522,0.5406985617322061,0.5406985617322061,22.081923192051903,unique_starts
1184,172,22,13,4,5,12,17,23.0,22.153846153846153,25,13,4,3.25,13,0,0,0,0.9999999999999231,0.00297,0.00375,0.4684363793861522,0.6446610524678009,0.6446610524678009,23.447213595499957,unique_starts
1185,172,42,100,5,32,18,2,21.0,19.74,25,100,5,20.0,100,5,0,0,0.99999999999999,0.00297,0.002905,0.4684363793861522,0.49705178564663943,0.49705178564663943,21.17677669529664,unique_starts
1186,172,50,36,3,7,16,9,12.0,12.277777777777779,17,36,3,12.0,36,0,0,0,0.9999999999999721,0.00297,0.00344,0.4684363793861522,0.4362745814366093,0.4684363793861522,12.377964473009227,unique_starts
1187,172,63,3349,35,423,435,5,17.0,17.071364586443714,25,3349,35,95.68571428571428,3349,6,6,6,0.996423248882265,0.00297,0.00318,0.4684363793861522,0.5301456261038152,0.5301456261038152,17.04862166383263,unique_starts
1188,172,79,16,8,8,16,21,24.0,23.5,25,16,8,2.0,16,40,40,40,-0.4285714285714209,0.00297,0.003325,0.4684363793861522,0.5566279042981374,0.5566279042981374,24.353553390593273,unique_starts
1189,172,80,28,5,15,8,18,22.0,22.0,25,28,5,5.6,28,0,0,0,0.9999999999999644,0.00297,0.003105,0.4684363793861522,0.54911977059455,0.54911977059455,22.25819888974716,unique_starts
1190,172,118,535,7,86,62,1,9.0,9.663551401869158,22,535,7,76.42857142857143,535,10,0,0,0.9999999999999981,0.00297,0.002715,0.4684363793861522,0.3381375536578267,0.4684363793861522,9.10783277320344,unique_starts
1191,172,138,1187,12,143,169,1,10.0,9.985678180286437,25,1187,12,98.91666666666667,1187,1,0,0,0.9999999999999992,0.00297,0.002785,0.4684363793861522,0.37021778866614363,0.4684363793861522,10.08362420100071,unique_starts
1192,172,146,658,13,93,119,9,18.0,18.220364741641337,25,658,13,50.61538461538461,658,0,0,0,0.9999999999999984,0.00297,0.00289,0.4684363793861522,0.49858717633061933,0.49858717633061933,18.103695169473042,unique_starts
1193,172,149,304,17,95,68,8,23.0,22.342105263157894,25,304,17,17.88235294117647,304,80,80,80,0.5833333333333318,0.00297,0.002245,0.4684363793861522,0.4477196573186491,0.4684363793861522,23.102597835208517,unique_starts
1194,172,164,945,19,136,177,1,9.0,9.049735449735449,23,945,19,49.73684210526316,945,8,8,8,0.9832109129066097,0.00297,0.002755,0.4684363793861522,0.46236208579247506,0.4684363793861522,9.085749292571254,unique_starts
1195,172,166,25,2,3,18,15,21.0,20.84,25,25,2,12.5,25,3261,3261,3261,-0.9847839318320143,0.00297,0.00289,0.4684363793861522,0.4782304215414501,0.4782304215414501,21.577350269189626,unique_starts
1196,172,171,6,3,5,4,1,19.0,17.0,25,6,3,2.0,6,77,77,77,-0.8554216867469777,0.00297,0.00343,0.4684363793861522,0.6091865893282263,0.6091865893282263,19.447213595499957,unique_starts
1197,172,173,38,3,10,14,1,4.0,4.447368421052632,10,38,3,12.666666666666666,38,0,0,0,0.9999999999999737,0.00297,0.002675,0.4684363793861522,0.5108604177721788,0.5108604177721788,4.316227766016838,unique_starts
1198,172,184,22,4,11,9,21,24.0,23.727272727272727,25,22,4,5.5,22,0,0,0,0.9999999999999546,0.00297,0.00261,0.4684363793861522,0.4440022572428347,0.4684363793861522,24.301511344577765,unique_starts
1199,172,229,8,4,7,5,24,25.0,24.625,25,8,4,2.0,8,4,0,0,0.999999999999875,0.00297,0.00306,0.4684363793861522,0.23617874098724062,0.4684363793861522,25.37796447300923,unique_starts
1200,172,230,124,13,54,42,16,23.0,22.725806451612904,25,124,13,9.538461538461538,124,10,10,10,0.8507462686567101,0.00297,0.00344,0.4684363793861522,0.5276863910046072,0.5276863910046072,23.136082763487956,unique_starts
1201,172,238,21,2,12,4,18,22.0,22.238095238095237,25,21,2,10.5,21,0,0,0,0.9999999999999525,0.00297,0.002405,0.4684363793861522,0.44709407160762304,0.4684363793861522,22.28867513459481,unique_starts
1202,172,258,22,4,8,9,14,23.5,22.90909090909091,25,22,4,5.5,22,0,0,0,0.9999999999999546,0.00297,0.00251,0.4684363793861522,0.4379225923469485,0.4684363793861522,23.853553390593273,unique_starts
1203,172,288,779,12,147,93,1,10.0,10.159178433889602,21,779,12,64.91666666666667,779,70,70,70,0.8351001177856291,0.00297,0.002855,0.4684363793861522,0.3565540314868625,0.4684363793861522,10.082478609884232,unique_starts
1204,172,290,28,2,10,9,20,24.0,23.428571428571427,25,28,2,14.0,28,0,0,0,0.9999999999999644,0.00297,0.002905,0.4684363793861522,0.5506580655999675,0.5506580655999675,24.316227766016837,unique_starts
1205,172,340,10,2,6,4,10,13.5,13.3,16,10,2,5.0,10,0,0,0,0.9999999999999,0.00297,0.00264,0.4684363793861522,0.388332655852337,0.4684363793861522,13.908248290463863,unique_starts
1206,172,410,13,6,8,10,7,8.0,8.153846153846153,9,13,6,2.1666666666666665,13,0,0,0,0.9999999999999231,0.00297,0.002505,0.4684363793861522,0.5908932537877524,0.5908932537877524,8.353553390593273,unique_starts
1207,172,414,40,5,7,28,9,12.0,11.875,16,40,5,8.0,40,0,0,0,0.9999999999999749,0.00297,0.002705,0.4684363793861522,0.4480758181537895,0.4684363793861522,12.377964473009227,unique_starts
1208,172,485,23,2,7,8,20,24.0,23.347826086956523,25,23,2,11.5,23,0,0,0,0.9999999999999566,0.00297,0.002155,0.4684363793861522,0.43599835801952425,0.4684363793861522,24.37796447300923,unique_starts
1209,173,42,1095,29,197,210,1,16.0,14.860273972602739,25,1095,29,37.758620689655174,1095,161,161,161,0.7436305732484071,0.002675,0.002905,0.5108604177721788,0.49705178564663943,0.5108604177721788,16.07124704998791,unique_starts
1210,173,50,31,2,7,11,6,10.0,10.451612903225806,15,31,2,15.5,31,14,0,0,0.9999999999999678,0.002675,0.00344,0.5108604177721788,0.4362745814366093,0.5108604177721788,10.377964473009227,unique_starts
1211,173,63,212,7,56,39,7,14.0,14.31132075471698,22,212,7,30.285714285714285,212,1,0,0,0.9999999999999953,0.002675,0.00318,0.5108604177721788,0.5301456261038152,0.5301456261038152,14.133630620956213,unique_starts
1212,173,80,102,12,39,49,14,22.0,21.392156862745097,25,102,12,8.5,102,293,293,293,-0.4835443037974671,0.002675,0.003105,0.5108604177721788,0.54911977059455,0.54911977059455,22.160128153805086,unique_starts
1213,173,118,41,2,11,10,1,6.0,5.658536585365853,11,41,2,20.5,41,4,0,0,0.9999999999999756,0.002675,0.002715,0.5108604177721788,0.3381375536578267,0.5108604177721788,6.301511344577763,unique_starts
1214,173,138,315,7,66,40,1,7.0,7.219047619047619,15,315,7,45.0,315,18,0,0,0.9999999999999968,0.002675,0.002785,0.5108604177721788,0.37021778866614363,0.5108604177721788,7.123091490979332,unique_starts
1215,173,146,42,3,18,13,1,12.0,11.952380952380953,21,42,3,14.0,42,7,0,0,0.9999999999999761,0.002675,0.00289,0.5108604177721788,0.49858717633061933,0.5108604177721788,12.235702260395517,unique_starts
1216,173,149,15,4,8,8,18,23.0,22.2,25,15,4,3.75,15,37,37,37,-0.4230769230769149,0.002675,0.002245,0.5108604177721788,0.4477196573186491,0.5108604177721788,23.353553390593273,unique_starts
1217,173,166,47,5,13,21,18,22.0,22.19148936170213,25,47,5,9.4,47,446,446,446,-0.8093306288032438,0.002675,0.00289,0.5108604177721788,0.4782304215414501,0.5108604177721788,22.277350098112613,unique_starts
1218,173,171,17,5,7,12,1,23.0,18.176470588235293,25,17,5,3.4,17,239,239,239,-0.8671874999999966,0.002675,0.00343,0.5108604177721788,0.6091865893282263,0.6091865893282263,23.37796447300923,unique_starts
1219,173,175,21,4,9,13,21,24.0,23.761904761904763,25,21,4,5.25,21,86,86,86,-0.6074766355140131,0.002675,0.00503,0.5108604177721788,0.7573380297747923,0.7573380297747923,24.333333333333332,unique_starts
1220,173,205,18,3,13,8,10,13.0,13.61111111111111,19,18,3,6.0,18,4,0,0,0.9999999999999445,0.002675,0.00069,0.5108604177721788,0.4815721475373711,0.5108604177721788,13.277350098112615,unique_starts
1221,173,207,15,2,2,15,11,16.0,15.666666666666666,20,15,2,7.5,15,0,0,0,0.9999999999999333,0.002675,0.002905,0.5108604177721788,0.5142383888493315,0.5142383888493315,16.707106781186546,unique_starts
1222,173,222,29,4,4,29,3,10.0,10.551724137931034,23,29,4,7.25,29,0,0,0,0.9999999999999656,0.002675,0.00284,0.5108604177721788,0.4041667145429749,0.5108604177721788,10.5,unique_starts
1223,173,258,341,21,93,120,7,21.0,19.900293255131963,25,341,21,16.238095238095237,341,103,103,103,0.5360360360360348,0.002675,0.00251,0.5108604177721788,0.4379225923469485,0.5108604177721788,21.103695169473042,unique_starts
1224,173,268,21,4,7,12,21,24.0,23.761904761904763,25,21,4,5.25,21,265,265,265,-0.8531468531468501,0.002675,0.00255,0.5108604177721788,0.43791978219162725,0.5108604177721788,24.37796447300923,unique_starts
1225,173,271,5,4,4,5,1,1.0,1.2,2,5,4,1.25,5,36,36,36,-0.7560975609755913,0.002675,0.002355,0.5108604177721788,0.46904630509061107,0.5108604177721788,1.5,unique_starts
1226,173,332,65,5,17,24,19,23.0,22.876923076923077,25,65,5,13.0,65,707,707,707,-0.8316062176165792,0.002675,0.00266,0.5108604177721788,0.3973389111790975,0.5108604177721788,23.242535625036332,unique_starts
1227,173,340,2484,18,310,280,1,10.0,10.588566827697262,25,2484,18,138.0,2484,344,344,344,0.7567185289957564,0.002675,0.00264,0.5108604177721788,0.388332655852337,0.5108604177721788,10.056796183424707,unique_starts
1228,173,382,48,3,27,6,8,15.0,15.291666666666666,25,48,3,16.0,48,0,0,0,0.9999999999999791,0.002675,0.00306,0.5108604177721788,0.5168753927781407,0.5168753927781407,15.192450089729876,unique_starts
1229,173,410,44,17,32,28,1,8.5,8.318181818181818,10,44,17,2.588235294117647,44,2,0,0,0.9999999999999772,0.002675,0.002505,0.5108604177721788,0.5908932537877524,0.5908932537877524,8.676776695296637,unique_starts
1230,173,485,13,2,3,12,14,20.0,19.615384615384617,25,13,2,6.5,13,0,0,0,0.9999999999999231,0.002675,0.002155,0.5108604177721788,0.43599835801952425,0.5108604177721788,20.577350269189626,unique_starts
1231,175,2,162,7,34,39,1,17.0,15.654320987654321,25,162,7,23.142857142857142,162,82,82,82,0.32786885245901504,0.00503,0.00384,0.7573380297747923,0.49557695833984555,0.7573380297747923,17.17149858514251,unique_starts
1232,175,7,37,3,9,14,19,23.0,22.64864864864865,25,37,3,12.333333333333334,37,53,53,53,-0.17777777777777581,0.00503,0.00345,0.7573380297747923,0.473565075387291,0.7573380297747923,23.333333333333332,unique_starts
1233,175,10,133,8,42,40,19,24.0,23.30075187969925,25,133,8,16.625,133,69,69,69,0.3168316831683153,0.00503,0.003525,0.7573380297747923,0.49946110985903625,0.7573380297747923,24.154303349962092,unique_starts
1234,175,21,161,16,139,19,1,7.0,9.049689440993788,25,161,16,10.0625,161,221,221,221,-0.1570680628272247,0.00503,0.001335,0.7573380297747923,0.7000075364621832,0.7573380297747923,7.084818892967997,unique_starts
1235,175,22,29,2,7,10,1,18.0,17.517241379310345,22,29,2,14.5,29,82,82,82,-0.4774774774774732,0.00503,0.00375,0.7573380297747923,0.6446610524678009,0.7573380297747923,18.37796447300923,unique_starts
1236,175,42,5,3,4,4,24,25.0,24.8,25,5,3,1.6666666666666667,5,506,506,506,-0.9804305283757319,0.00503,0.002905,0.7573380297747923,0.49705178564663943,0.7573380297747923,25.5,unique_starts
1237,175,43,698,30,247,110,2,7.0,9.174785100286533,25,698,30,23.266666666666666,698,0,0,0,0.9999999999999986,0.00503,0.00192,0.7573380297747923,0.4331654262548746,0.7573380297747923,7.063628476297578,unique_starts
1238,175,80,1350,31,222,235,1,10.0,10.407407407407407,25,1350,31,43.54838709677419,1350,89,89,89,0.8763029881862399,0.00503,0.003105,0.7573380297747923,0.54911977059455,0.7573380297747923,10.067115605521403,unique_starts
1239,175,100,37,3,13,8,17,20.0,20.2972972972973,25,37,3,12.333333333333334,37,0,0,0,0.9999999999999729,0.00503,0.0028,0.7573380297747923,0.4530066985824541,0.7573380297747923,20.277350098112613,unique_starts
1240,175,117,578,23,127,132,13,22.0,21.157439446366784,25,578,23,25.130434782608695,578,56,56,56,0.8233438485804403,0.00503,0.002995,0.7573380297747923,0.4921561459247037,0.7573380297747923,22.08873565094161,unique_starts
1241,175,118,17,2,5,10,18,24.0,22.88235294117647,25,17,2,8.5,17,0,0,0,0.9999999999999413,0.00503,0.002715,0.7573380297747923,0.3381375536578267,0.7573380297747923,24.447213595499957,unique_starts
1242,175,133,46,3,16,11,18,23.0,22.5,25,46,3,15.333333333333334,46,76,76,76,-0.2459016393442603,0.00503,0.003455,0.7573380297747923,0.40834813465235587,0.7573380297747923,23.25,unique_starts
1243,175,139,495,31,144,180,1,4.0,4.402020202020202,15,495,31,15.96774193548387,495,235,235,235,0.3561643835616433,0.00503,0.00315,0.7573380297747923,0.5763001546805818,0.7573380297747923,4.083333333333333,unique_starts
1244,175,149,23,4,15,9,6,10.0,10.652173913043478,18,23,4,5.75,23,54,54,54,-0.4025974025973974,0.00503,0.002245,0.7573380297747923,0.4477196573186491,0.7573380297747923,10.258198889747161,unique_starts
1245,175,171,398,16,88,79,9,20.0,19.27889447236181,25,398,16,24.875,398,0,0,0,0.9999999999999974,0.00503,0.00343,0.7573380297747923,0.6091865893282263,0.7573380297747923,20.106600358177804,unique_starts
1246,175,173,86,11,54,19,15,23.0,22.453488372093023,25,86,11,7.818181818181818,86,21,21,21,0.6074766355140131,0.00503,0.002675,0.7573380297747923,0.5108604177721788,0.7573380297747923,23.136082763487956,unique_starts
1247,175,179,132,19,132,21,1,5.0,6.674242424242424,25,132,19,6.947368421052632,132,136,136,136,-0.0149253731343283,0.00503,0.00165,0.7573380297747923,0.5689519284458886,0.7573380297747923,5.087038827977849,unique_starts
1248,175,186,241,17,178,24,2,8.0,10.406639004149378,25,241,17,14.176470588235293,241,139,139,139,0.2684210526315782,0.00503,0.00126,0.7573380297747923,0.4246314878988181,0.7573380297747923,8.074953168899587,unique_starts
1249,175,196,33,4,11,11,20,23.0,23.03030303030303,25,33,4,8.25,33,40,40,40,-0.0958904109589028,0.00503,0.00287,0.7573380297747923,0.36280201708894627,0.7573380297747923,23.301511344577765,unique_starts
1250,175,199,48,6,33,14,18,23.0,22.416666666666668,25,48,6,8.0,48,6,6,6,0.7777777777777634,0.00503,0.00268,0.7573380297747923,0.5690552560543798,0.7573380297747923,23.1740776559557,unique_starts
1251,175,248,287,31,280,40,5,10.0,11.393728222996515,25,287,31,9.258064516129032,287,447,447,447,-0.21798365122615773,0.00503,0.002135,0.7573380297747923,0.4551679911609592,0.7573380297747923,10.05976143046672,unique_starts
1252,175,258,259,16,87,72,1,14.0,13.54054054054054,25,259,16,16.1875,259,1631,1631,1631,-0.7259259259259255,0.00503,0.00251,0.7573380297747923,0.4379225923469485,0.7573380297747923,14.10721125348378,unique_starts
1253,175,268,802,25,146,174,10,19.0,19.112219451371573,25,802,25,32.08,802,0,0,0,0.9999999999999988,0.00503,0.00255,0.7573380297747923,0.43791978219162725,0.7573380297747923,19.082760588860236,unique_starts
1254,175,271,107,17,76,29,15,23.0,22.476635514018692,25,107,17,6.294117647058823,107,5,5,5,0.9107142857142776,0.00503,0.002355,0.7573380297747923,0.46904630509061107,0.7573380297747923,23.11470786693528,unique_starts
1255,175,273,15,2,4,9,1,3.0,3.2,6,15,2,7.5,15,12,0,0,0.9999999999999333,0.00503,0.0032,0.7573380297747923,0.505500130278,0.7573380297747923,3.5,unique_starts
1256,175,281,1417,22,206,216,8,16.0,16.55116443189838,25,1417,22,64.4090909090909,1417,920,920,920,0.21266581086863492,0.00503,0.003665,0.7573380297747923,0.5084243360159619,0.7573380297747923,16.069673301429162,unique_starts
1257,175,294,23,4,11,10,22,24.0,24.08695652173913,25,23,4,5.75,23,681,681,681,-0.9346590909090895,0.00503,0.00253,0.7573380297747923,0.42896663505169463,0.7573380297747923,24.301511344577765,unique_starts
1258,175,340,20,3,8,10,20,24.0,23.6,25,20,3,6.666666666666667,20,316,316,316,-0.8809523809523783,0.00503,0.00264,0.7573380297747923,0.388332655852337,0.7573380297747923,24.353553390593273,unique_starts
1259,175,410,41,5,30,8,17,23.0,22.048780487804876,25,41,5,8.2,41,26,26,26,0.22388059701492205,0.00503,0.002505,0.7573380297747923,0.5908932537877524,0.7573380297747923,23.182574185835055,unique_starts
1260,175,440,15,2,7,4,19,21.0,21.4,24,15,2,7.5,15,18,18,18,-0.09090909090908815,0.00503,0.002505,0.7573380297747923,0.4432001412722737,0.7573380297747923,21.37796447300923,unique_starts
1261,175,463,501,31,282,73,6,11.0,12.401197604790418,25,501,31,16.161290322580644,501,0,0,0,0.999999999999998,0.00503,0.00216,0.7573380297747923,0.5081641748793143,0.7573380297747923,11.05954913341754,unique_starts
1262,175,481,536,8,82,86,9,18.0,18.050373134328357,25,536,8,67.0,536,349,349,349,0.21129943502824836,0.00503,0.00295,0.7573380297747923,0.3715708750101002,0.7573380297747923,18.110431526074848,unique_starts
1263,176,3,1815,31,385,338,13,22.0,21.981267217630855,25,1815,31,58.54838709677419,1815,0,0,0,0.9999999999999994,0.00293,0.003565,0.4160949662438087,0.5904218374331804,0.5904218374331804,22.050964719143764,unique_starts
1264,176,16,518,6,62,60,1,9.0,8.876447876447877,18,518,6,86.33333333333333,518,11,11,11,0.9584120982986749,0.00293,0.00306,0.4160949662438087,0.3930741805154096,0.4160949662438087,9.12700012700019,unique_starts
1265,176,121,4,2,2,4,21,21.5,21.5,22,4,2,2.0,4,0,0,0,0.99999999999975,0.00293,0.00212,0.4160949662438087,0.4790562634901327,0.4790562634901327,22.207106781186546,unique_starts
1266,176,169,24,3,5,14,2,11.0,10.666666666666666,17,24,3,8.0,24,531,531,531,-0.9135135135135118,0.00293,0.003075,0.4160949662438087,0.5191317792488794,0.5191317792488794,11.447213595499958,unique_starts
1267,176,206,16,7,11,12,23,25.0,24.625,25,16,7,2.2857142857142856,16,0,0,0,0.9999999999999376,0.00293,0.002645,0.4160949662438087,0.4388475670472349,0.4388475670472349,25.301511344577765,unique_starts
1268,176,213,42,2,11,9,14,19.5,19.5,25,42,2,21.0,42,0,0,0,0.9999999999999761,0.00293,0.00257,0.4160949662438087,0.4255281791303589,0.4255281791303589,19.801511344577765,unique_starts
1269,176,243,5,2,3,4,20,22.0,22.6,25,5,2,2.5,5,1,0,0,0.9999999999997999,0.00293,0.002845,0.4160949662438087,0.47798288494927843,0.47798288494927843,22.577350269189626,unique_starts
1270,176,248,3,2,2,3,19,20.0,19.666666666666668,20,3,2,1.5,3,38,38,38,-0.853658536585345,0.00293,0.002135,0.4160949662438087,0.4551679911609592,0.4551679911609592,20.707106781186546,unique_starts
1271,176,266,4123,32,528,399,1,10.0,10.186514673781227,25,4123,32,128.84375,4123,433,433,433,0.8099209833187004,0.00293,0.0038,0.4160949662438087,0.6115361362052629,0.6115361362052629,10.043519413988925,unique_starts
1272,176,273,6,2,2,6,23,24.0,24.0,25,6,2,3.0,6,0,0,0,0.9999999999998334,0.00293,0.0032,0.4160949662438087,0.505500130278,0.505500130278,24.707106781186546,unique_starts
1273,176,383,37,4,6,26,1,9.0,9.243243243243244,15,37,4,9.25,37,150,150,150,-0.6042780748663069,0.00293,0.00295,0.4160949662438087,0.47953992323646644,0.47953992323646644,9.408248290463863,unique_starts
1274,176,406,23,7,14,14,22,25.0,24.391304347826086,25,23,7,3.2857142857142856,23,0,0,0,0.9999999999999566,0.00293,0.002805,0.4160949662438087,0.47566766402598537,0.47566766402598537,25.267261241912426,unique_starts
1275,176,430,3627,31,553,381,5,18.0,18.18362282878412,25,3627,31,117.0,3627,37,37,37,0.9798034934497815,0.00293,0.00263,0.4160949662438087,0.45111919326183225,0.45111919326183225,18.042524325556258,unique_starts
1276,176,462,45,2,10,11,1,5.0,5.266666666666667,10,45,2,22.5,45,0,0,0,0.9999999999999777,0.00293,0.00335,0.4160949662438087,0.4622577751318516,0.4622577751318516,5.316227766016838,unique_starts
1277,176,487,498,12,173,53,6,14.0,14.377510040160642,25,498,12,41.5,498,5,5,5,0.9801192842942326,0.00293,0.00309,0.4160949662438087,0.4986519883489159,0.4986519883489159,14.07602859212697,unique_starts
1278,179,2,76,5,7,76,6,13.5,14.763157894736842,25,76,5,15.2,76,110,110,110,-0.18279569892473022,0.00165,0.00384,0.5689519284458886,0.49557695833984555,0.5689519284458886,13.877964473009227,unique_starts
1279,179,6,47,10,12,47,7,10.0,12.808510638297872,25,47,10,4.7,47,184,184,184,-0.5930735930735905,0.00165,0.003095,0.5689519284458886,0.5183369733262979,0.5689519284458886,10.288675134594813,unique_starts
1280,179,7,30,6,7,30,17,21.0,21.3,25,30,6,5.0,30,32,32,32,-0.03225806451612851,0.00165,0.00345,0.5689519284458886,0.473565075387291,0.5689519284458886,21.37796447300923,unique_starts
1281,179,8,3,2,2,3,19,23.0,22.0,24,3,2,1.5,3,102,102,102,-0.942857142857134,0.00165,0.00305,0.5689519284458886,0.5406985617322061,0.5689519284458886,23.707106781186546,unique_starts
1282,179,10,52,12,12,52,17,22.5,22.01923076923077,25,52,12,4.333333333333333,52,17,17,17,0.5072463768115869,0.00165,0.003525,0.5689519284458886,0.49946110985903625,0.5689519284458886,22.78867513459481,unique_starts
1283,179,22,13,4,4,13,7,20.0,17.846153846153847,25,13,4,3.25,13,246,246,246,-0.899613899613896,0.00165,0.00375,0.5689519284458886,0.6446610524678009,0.6446610524678009,20.5,unique_starts
1284,179,39,46,11,12,46,13,19.0,19.130434782608695,24,46,11,4.181818181818182,46,12,12,12,0.586206896551714,0.00165,0.002705,0.5689519284458886,0.41176789607065134,0.5689519284458886,19.28867513459481,unique_starts
1285,179,43,232,65,77,232,1,2.0,2.1163793103448274,4,232,65,3.5692307692307694,232,0,0,0,0.9999999999999957,0.00165,0.00192,0.5689519284458886,0.4331654262548746,0.5689519284458886,2.113960576459638,unique_starts
1286,179,58,37,7,7,37,8,13.0,14.08108108108108,25,37,7,5.285714285714286,37,126,126,126,-0.5460122699386469,0.00165,0.0027,0.5689519284458886,0.45943690378043944,0.5689519284458886,13.377964473009227,unique_starts
1287,179,79,45,8,8,45,14,21.0,21.133333333333333,25,45,8,5.625,45,4,4,4,0.836734693877534,0.00165,0.003325,0.5689519284458886,0.5566279042981374,0.5689519284458886,21.353553390593273,unique_starts
1288,179,80,69,15,16,69,12,20.0,19.347826086956523,25,69,15,4.6,69,4,4,4,0.8904109589040975,0.00165,0.003105,0.5689519284458886,0.54911977059455,0.5689519284458886,20.25,unique_starts
1289,179,88,20,4,4,20,14,18.0,18.85,25,20,4,5.0,20,13,0,0,0.99999999999995,0.00165,0.00285,0.5689519284458886,0.3243399356820196,0.5689519284458886,18.5,unique_starts
1290,179,98,10,2,2,10,20,23.0,22.9,25,10,2,5.0,10,31,31,31,-0.512195121951207,0.00165,0.00306,0.5689519284458886,0.34307339056976743,0.5689519284458886,23.707106781186546,unique_starts
1291,179,100,16,2,2,16,18,21.5,21.5,25,16,2,8.0,16,5,0,0,0.9999999999999376,0.00165,0.0028,0.5689519284458886,0.4530066985824541,0.5689519284458886,22.207106781186546,unique_starts
1292,179,115,31,8,8,31,18,20.0,20.387096774193548,25,31,8,3.875,31,54,54,54,-0.27058823529411447,0.00165,0.002855,0.5689519284458886,0.4573735327292514,0.5689519284458886,20.353553390593273,unique_starts
1293,179,117,150,25,28,145,11,19.0,18.32,25,150,25,6.0,150,15,15,15,0.8181818181818132,0.00165,0.002995,0.5689519284458886,0.4921561459247037,0.5689519284458886,19.188982236504614,unique_starts
1294,179,139,116,27,27,116,7,11.5,11.594827586206897,20,116,27,4.296296296296297,116,25,25,25,0.6453900709219813,0.00165,0.00315,0.5689519284458886,0.5763001546805818,0.5763001546805818,11.692450089729876,unique_starts
1295,179,143,10,3,3,10,15,19.5,20.2,25,10,3,3.3333333333333335,10,6,0,0,0.9999999999999,0.00165,0.003425,0.5689519284458886,0.4310573077101274,0.5689519284458886,20.077350269189626,unique_starts
1296,179,144,84,10,10,84,7,11.0,12.69047619047619,25,84,10,8.4,84,102,102,102,-0.09677419354838658,0.00165,0.00326,0.5689519284458886,0.4284130917563028,0.5689519284458886,11.316227766016837,unique_starts
1297,179,147,18,5,5,18,16,22.5,21.944444444444443,25,18,5,3.6,18,65,65,65,-0.566265060240957,0.00165,0.00412,0.5689519284458886,0.4966726365256857,0.5689519284458886,22.947213595499957,unique_starts
1298,179,149,24,7,7,24,14,21.0,20.041666666666668,25,24,7,3.4285714285714284,24,27,27,27,-0.05882352941176355,0.00165,0.002245,0.5689519284458886,0.4477196573186491,0.5689519284458886,21.37796447300923,unique_starts
1299,179,157,28,7,7,28,15,21.0,20.678571428571427,25,28,7,4.0,28,8,8,8,0.5555555555555401,0.00165,0.00224,0.5689519284458886,0.4360808470049738,0.5689519284458886,21.37796447300923,unique_starts
1300,179,167,24,4,4,24,18,21.5,21.583333333333332,25,24,4,6.0,24,26,26,26,-0.039999999999999196,0.00165,0.002905,0.5689519284458886,0.5523326473861818,0.5689519284458886,22.0,unique_starts
1301,179,169,61,17,19,61,7,9.0,10.737704918032787,25,61,17,3.588235294117647,61,67,67,67,-0.04687499999999964,0.00165,0.003075,0.5689519284458886,0.5191317792488794,0.5689519284458886,9.229415733870562,unique_starts
1302,179,171,3,3,3,3,25,25.0,25.0,25,3,3,1.0,3,1,0,0,0.9999999999996666,0.00165,0.00343,0.5689519284458886,0.6091865893282263,0.6091865893282263,25.577350269189626,unique_starts
1303,179,175,136,19,22,136,7,11.0,11.867647058823529,25,136,19,7.157894736842105,136,132,132,132,0.0149253731343283,0.00165,0.00503,0.5689519284458886,0.7573380297747923,0.7573380297747923,11.21320071635561,unique_starts
1304,179,184,19,6,6,19,16,20.0,20.0,25,19,6,3.1666666666666665,19,63,63,63,-0.536585365853652,0.00165,0.00261,0.5689519284458886,0.4440022572428347,0.5689519284458886,20.408248290463863,unique_starts
1305,179,196,6,2,2,6,18,20.5,20.833333333333332,25,6,2,3.0,6,8,8,8,-0.14285714285713266,0.00165,0.00287,0.5689519284458886,0.36280201708894627,0.5689519284458886,21.207106781186546,unique_starts
1306,179,199,111,24,26,111,10,15.0,16.07207207207207,25,111,24,4.625,111,20,20,20,0.694656488549613,0.00165,0.00268,0.5689519284458886,0.5690552560543798,0.5690552560543798,15.196116135138183,unique_starts
1307,179,217,30,6,6,30,8,14.0,14.633333333333333,25,30,6,5.0,30,204,204,204,-0.7435897435897404,0.00165,0.003145,0.5689519284458886,0.5280768414975939,0.5689519284458886,14.408248290463863,unique_starts
1308,179,229,12,3,3,12,15,17.0,17.166666666666668,19,12,3,4.0,12,31,31,31,-0.44186046511626875,0.00165,0.00306,0.5689519284458886,0.23617874098724062,0.5689519284458886,17.577350269189626,unique_starts
1309,179,230,8,2,2,8,18,21.5,21.25,25,8,2,4.0,8,54,54,54,-0.7419354838709558,0.00165,0.00344,0.5689519284458886,0.5276863910046072,0.5689519284458886,22.207106781186546,unique_starts
1310,179,243,114,24,26,114,6,10.0,11.526315789473685,25,114,24,4.75,114,27,27,27,0.6170212765957404,0.00165,0.002845,0.5689519284458886,0.47798288494927843,0.5689519284458886,10.196116135138183,unique_starts
1311,179,251,99,22,23,99,7,10.0,11.585858585858587,25,99,22,4.5,99,54,54,54,0.2941176470588216,0.00165,0.002675,0.5689519284458886,0.4733873703025864,0.5689519284458886,10.208514414057074,unique_starts
1312,179,252,3,2,3,3,16,17.0,19.333333333333332,25,3,2,1.5,3,28,28,28,-0.8064516129031999,0.00165,0.00348,0.5689519284458886,0.32521551737612986,0.5689519284458886,17.577350269189626,unique_starts
1313,179,258,4,2,2,4,23,24.5,24.25,25,4,2,2.0,4,85,85,85,-0.9101123595505516,0.00165,0.00251,0.5689519284458886,0.4379225923469485,0.5689519284458886,25.207106781186546,unique_starts
1314,179,261,13,5,5,13,16,19.0,20.153846153846153,25,13,5,2.6,13,31,31,31,-0.4090909090908998,0.00165,0.003005,0.5689519284458886,0.3332476057918914,0.5689519284458886,19.447213595499957,unique_starts
1315,179,262,97,3,6,97,6,16.0,15.690721649484535,25,97,3,32.333333333333336,97,101,101,101,-0.0202020202020201,0.00165,0.00278,0.5689519284458886,0.20145072035126035,0.5689519284458886,16.408248290463863,unique_starts
1316,179,268,3,2,2,3,24,25.0,24.666666666666668,25,3,2,1.5,3,0,0,0,0.9999999999996666,0.00165,0.00255,0.5689519284458886,0.43791978219162725,0.5689519284458886,25.707106781186546,unique_starts
1317,179,273,112,17,17,112,7,11.0,12.741071428571429,25,112,17,6.588235294117647,112,65,65,65,0.2655367231638403,0.00165,0.0032,0.5689519284458886,0.505500130278,0.5689519284458886,11.242535625036332,unique_starts
1318,179,279,28,5,5,28,14,18.5,19.178571428571427,25,28,5,5.6,28,36,36,36,-0.12499999999999806,0.00165,0.00293,0.5689519284458886,0.40818291842784804,0.5689519284458886,18.947213595499957,unique_starts
1319,179,281,177,20,24,177,7,11.0,12.76271186440678,25,177,20,8.85,177,115,115,115,0.21232876712328694,0.00165,0.003665,0.5689519284458886,0.5084243360159619,0.5689519284458886,11.204124145231932,unique_starts
1320,179,294,9,3,3,9,21,23.0,23.22222222222222,25,9,3,3.0,9,125,125,125,-0.8656716417910384,0.00165,0.00253,0.5689519284458886,0.42896663505169463,0.5689519284458886,23.577350269189626,unique_starts
1321,179,309,53,11,13,53,17,21.0,20.81132075471698,25,53,11,4.818181818181818,53,61,61,61,-0.07017543859649061,0.00165,0.003055,0.5689519284458886,0.48484104579254805,0.5689519284458886,21.277350098112613,unique_starts
1322,179,315,34,6,7,34,12,19.5,19.11764705882353,25,34,6,5.666666666666667,34,14,14,14,0.41666666666665797,0.00165,0.00307,0.5689519284458886,0.5338410601299857,0.5689519284458886,19.87796447300923,unique_starts
1323,179,316,24,5,5,24,18,22.0,21.958333333333332,25,24,5,4.8,24,80,80,80,-0.5384615384615333,0.00165,0.0025,0.5689519284458886,0.4490634320386163,0.5689519284458886,22.447213595499957,unique_starts
1324,179,335,76,7,7,76,7,18.0,16.82894736842105,25,76,7,10.857142857142858,76,87,87,87,-0.0674846625766867,0.00165,0.003265,0.5689519284458886,0.33863745508677673,0.5689519284458886,18.37796447300923,unique_starts
1325,179,383,23,6,6,23,20,23.0,23.0,25,23,6,3.8333333333333335,23,128,128,128,-0.6953642384105915,0.00165,0.00295,0.5689519284458886,0.47953992323646644,0.5689519284458886,23.408248290463863,unique_starts
1326,179,385,12,2,3,12,17,19.5,19.916666666666668,24,12,2,6.0,12,37,37,37,-0.5102040816326426,0.00165,0.00381,0.5689519284458886,0.544885989019332,0.5689519284458886,20.077350269189626,unique_starts
1327,179,402,17,7,8,17,14,17.0,18.11764705882353,25,17,7,2.4285714285714284,17,34,34,34,-0.33333333333332676,0.00165,0.00217,0.5689519284458886,0.45222558449769595,0.5689519284458886,17.353553390593273,unique_starts
1328,179,433,110,17,18,110,6,11.5,13.409090909090908,25,110,17,6.470588235294118,110,75,75,75,0.18918918918918817,0.00165,0.00295,0.5689519284458886,0.4187955072680345,0.5689519284458886,11.735702260395517,unique_starts
1329,179,440,29,9,9,29,17,20.0,20.379310344827587,25,29,9,3.2222222222222223,29,13,13,13,0.3809523809523719,0.00165,0.002505,0.5689519284458886,0.4432001412722737,0.5689519284458886,20.333333333333332,unique_starts
1330,179,481,54,7,7,54,7,14.0,15.148148148148149,25,54,7,7.714285714285714,54,85,85,85,-0.22302158273381134,0.00165,0.00295,0.5689519284458886,0.3715708750101002,0.5689519284458886,14.377964473009227,unique_starts
1331,179,494,60,12,12,60,18,21.0,21.233333333333334,25,60,12,5.0,60,54,54,54,0.05263157894736796,0.00165,0.002885,0.5689519284458886,0.4433285498558166,0.5689519284458886,21.28867513459481,unique_starts
1332,184,4,1201,10,103,159,1,13.0,12.907577019150708,25,1201,10,120.1,1201,712,712,712,0.25561944589649754,0.00261,0.0034,0.4440022572428347,0.42665327824002786,0.4440022572428347,13.098532927816429,unique_starts
1333,184,8,8,2,6,4,1,2.5,2.625,5,8,2,4.0,8,281,281,281,-0.9446366782006888,0.00261,0.00305,0.4440022572428347,0.5406985617322061,0.5406985617322061,2.908248290463863,unique_starts
1334,184,21,54,10,54,12,7,13.0,12.75925925925926,19,54,10,5.4,54,36,36,36,0.1999999999999978,0.00261,0.001335,0.4440022572428347,0.7000075364621832,0.7000075364621832,13.136082763487954,unique_starts
1335,184,22,790,23,142,186,1,6.0,6.535443037974684,17,790,23,34.34782608695652,790,1,0,0,0.9999999999999987,0.00261,0.00375,0.4440022572428347,0.6446610524678009,0.6446610524678009,6.083918135829669,unique_starts
1336,184,39,28,3,10,10,20,24.0,23.607142857142858,25,28,3,9.333333333333334,28,0,0,0,0.9999999999999644,0.00261,0.002705,0.4440022572428347,0.41176789607065134,0.4440022572428347,24.316227766016837,unique_starts
1337,184,43,305,17,106,54,8,14.0,14.249180327868853,23,305,17,17.941176470588236,305,0,0,0,0.9999999999999967,0.00261,0.00192,0.4440022572428347,0.4331654262548746,0.4440022572428347,14.097128586235726,unique_starts
1338,184,50,1362,11,104,168,1,12.0,12.562408223201174,25,1362,11,123.81818181818181,1362,336,336,336,0.604240282685512,0.00261,0.00344,0.4440022572428347,0.4362745814366093,0.4440022572428347,12.098058067569092,unique_starts
1339,184,77,38,3,8,13,10,14.0,13.605263157894736,18,38,3,12.666666666666666,38,12,12,12,0.5199999999999896,0.00261,0.00234,0.4440022572428347,0.4473317645634032,0.4473317645634032,14.353553390593273,unique_starts
1340,184,79,190,9,38,62,1,7.0,6.889473684210526,15,190,9,21.11111111111111,190,127,127,127,0.1987381703470025,0.00261,0.003325,0.4440022572428347,0.5566279042981374,0.5566279042981374,7.162221421130763,unique_starts
1341,184,139,11,2,5,5,1,3.0,2.727272727272727,5,11,2,5.5,11,1121,1121,1121,-0.9805653710247342,0.00261,0.00315,0.4440022572428347,0.5763001546805818,0.5763001546805818,3.447213595499958,unique_starts
1342,184,146,14,4,7,8,22,24.5,24.214285714285715,25,14,4,3.5,14,263,263,263,-0.898916967509022,0.00261,0.00289,0.4440022572428347,0.49858717633061933,0.49858717633061933,24.87796447300923,unique_starts
1343,184,149,17,3,13,4,8,15.0,16.0,25,17,3,5.666666666666667,17,234,234,234,-0.8645418326693193,0.00261,0.002245,0.4440022572428347,0.4477196573186491,0.4477196573186491,15.277350098112615,unique_starts
1344,184,164,20,4,13,8,15,22.5,21.75,25,20,4,5.0,20,102,102,102,-0.6721311475409781,0.00261,0.002755,0.4440022572428347,0.46236208579247506,0.46236208579247506,22.777350098112613,unique_starts
1345,184,169,356,14,104,60,12,21.0,20.640449438202246,25,356,14,25.428571428571427,356,267,267,267,0.14285714285714263,0.00261,0.003075,0.4440022572428347,0.5191317792488794,0.5191317792488794,21.09805806756909,unique_starts
1346,184,171,31,4,7,19,10,15.0,15.35483870967742,24,31,4,7.75,31,4,4,4,0.7714285714285494,0.00261,0.00343,0.4440022572428347,0.6091865893282263,0.6091865893282263,15.377964473009227,unique_starts
1347,184,179,63,10,63,12,7,12.0,12.507936507936508,20,63,10,6.3,63,19,19,19,0.536585365853652,0.00261,0.00165,0.4440022572428347,0.5689519284458886,0.5689519284458886,12.125988157669742,unique_starts
1348,184,186,63,9,52,13,6,12.0,11.936507936507937,17,63,9,7.0,63,47,47,47,0.14545454545454414,0.00261,0.00126,0.4440022572428347,0.4246314878988181,0.4440022572428347,12.138675049056307,unique_starts
1349,184,199,61,5,20,20,19,24.0,23.40983606557377,25,61,5,12.2,61,0,0,0,0.9999999999999836,0.00261,0.00268,0.4440022572428347,0.5690552560543798,0.5690552560543798,24.22360679774998,unique_starts
1350,184,229,583,4,38,69,1,14.0,13.867924528301886,25,583,4,145.75,583,667,667,667,-0.06719999999999995,0.00261,0.00306,0.4440022572428347,0.23617874098724062,0.4440022572428347,14.162221421130763,unique_starts
1351,184,230,104,6,27,32,1,8.0,12.096153846153847,25,104,6,17.333333333333332,104,634,634,634,-0.7181571815718147,0.00261,0.00344,0.4440022572428347,0.5276863910046072,0.5276863910046072,8.192450089729876,unique_starts
1352,184,248,180,19,119,34,9,17.0,16.761111111111113,24,180,19,9.473684210526315,180,169,169,169,0.03151862464183372,0.00261,0.002135,0.4440022572428347,0.4551679911609592,0.4551679911609592,17.09166984970282,unique_starts
1353,184,251,215,12,60,52,15,21.0,21.344186046511627,25,215,12,17.916666666666668,215,42,42,42,0.6731517509727599,0.00261,0.002675,0.4440022572428347,0.4733873703025864,0.4733873703025864,21.12909944487358,unique_starts
1354,184,271,3,3,3,3,16,16.0,16.0,16,3,3,1.0,3,25,25,25,-0.7857142857142577,0.00261,0.002355,0.4440022572428347,0.46904630509061107,0.46904630509061107,16.577350269189626,unique_starts
1355,184,273,826,27,207,133,1,8.0,8.138014527845037,18,826,27,30.59259259259259,826,481,481,481,0.26396327467482766,0.00261,0.0032,0.4440022572428347,0.505500130278,0.505500130278,8.06950480468569,unique_starts
1356,184,288,148,3,17,28,1,10.0,9.912162162162161,21,148,3,49.333333333333336,148,10,0,0,0.9999999999999932,0.00261,0.002855,0.4440022572428347,0.3565540314868625,0.4440022572428347,10.242535625036332,unique_starts
1357,184,290,8,3,3,8,1,2.0,2.125,4,8,3,2.6666666666666665,8,239,239,239,-0.9352226720647736,0.00261,0.002905,0.4440022572428347,0.5506580655999675,0.5506580655999675,2.5773502691896257,unique_starts
1358,184,315,19,4,4,19,1,3.0,3.526315789473684,7,19,4,4.75,19,54,54,54,-0.479452054794514,0.00261,0.00307,0.4440022572428347,0.5338410601299857,0.5338410601299857,3.5,unique_starts
1359,184,383,62,5,13,24,1,6.0,8.790322580645162,25,62,5,12.4,62,21,21,21,0.4939759036144519,0.00261,0.00295,0.4440022572428347,0.47953992323646644,0.47953992323646644,6.277350098112614,unique_starts
1360,184,410,6,2,3,5,23,24.5,24.333333333333332,25,6,2,3.0,6,85,85,85,-0.8681318681318586,0.00261,0.002505,0.4440022572428347,0.5908932537877524,0.5908932537877524,25.077350269189626,unique_starts
1361,184,433,5,2,4,3,18,19.0,20.2,25,5,2,2.5,5,51,51,51,-0.8214285714285567,0.00261,0.00295,0.4440022572428347,0.4187955072680345,0.4440022572428347,19.5,unique_starts
1362,184,463,186,19,125,38,10,19.0,18.462365591397848,25,186,19,9.789473684210526,186,0,0,0,0.9999999999999947,0.00261,0.00216,0.4440022572428347,0.5081641748793143,0.5081641748793143,19.089442719099992,unique_starts
1363,184,500,30,9,20,17,22,25.0,24.4,25,30,9,3.3333333333333335,30,7,0,0,0.9999999999999667,0.00261,0.00264,0.4440022572428347,0.41474401777690195,0.4440022572428347,25.22360679774998,unique_starts
1364,186,2,26,2,2,26,6,18.5,17.115384615384617,25,26,2,13.0,26,29,29,29,-0.05454545454545355,0.00126,0.00384,0.4246314878988181,0.49557695833984555,0.49557695833984555,19.207106781186546,unique_starts
1365,186,6,97,9,12,69,6,12.0,14.329896907216495,25,97,9,10.777777777777779,97,98,98,98,-0.005128205128205102,0.00126,0.003095,0.4246314878988181,0.5183369733262979,0.5183369733262979,12.288675134594813,unique_starts
1366,186,7,26,2,3,18,17,21.0,21.153846153846153,25,26,2,13.0,26,14,0,0,0.9999999999999616,0.00126,0.00345,0.4246314878988181,0.473565075387291,0.473565075387291,21.577350269189626,unique_starts
1367,186,10,38,4,7,27,17,22.0,21.63157894736842,25,38,4,9.5,38,25,25,25,0.20634920634920306,0.00126,0.003525,0.4246314878988181,0.49946110985903625,0.49946110985903625,22.37796447300923,unique_starts
1368,186,21,8,8,8,8,1,1.0,1.0,1,8,8,1.0,8,9,9,9,-0.05882352941176125,0.00126,0.001335,0.4246314878988181,0.7000075364621832,0.7000075364621832,1.3535533905932737,unique_starts
1369,186,22,35,8,11,34,8,21.0,18.485714285714284,25,35,8,4.375,35,114,114,114,-0.5302013422818757,0.00126,0.00375,0.4246314878988181,0.6446610524678009,0.6446610524678009,21.301511344577765,unique_starts
1370,186,39,52,7,10,44,15,20.0,20.51923076923077,25,52,7,7.428571428571429,52,27,27,27,0.31645569620252767,0.00126,0.002705,0.4246314878988181,0.41176789607065134,0.4246314878988181,20.316227766016837,unique_starts
1371,186,58,38,10,11,31,6,9.5,14.631578947368421,25,38,10,3.8,38,102,102,102,-0.4571428571428539,0.00126,0.0027,0.4246314878988181,0.45943690378043944,0.45943690378043944,9.801511344577763,unique_starts
1372,186,79,85,15,16,85,13,21.0,20.376470588235293,25,85,15,5.666666666666667,85,5,5,5,0.8888888888888791,0.00126,0.003325,0.4246314878988181,0.5566279042981374,0.5566279042981374,21.25,unique_starts
1373,186,80,77,11,18,54,11,19.0,19.48051948051948,25,77,11,7.0,77,4,4,4,0.9012345679012235,0.00126,0.003105,0.4246314878988181,0.54911977059455,0.54911977059455,19.235702260395517,unique_starts
1374,186,100,24,6,7,21,19,24.0,23.25,25,24,6,4.0,24,8,8,8,0.49999999999998435,0.00126,0.0028,0.4246314878988181,0.4530066985824541,0.4530066985824541,24.37796447300923,unique_starts
1375,186,115,40,9,10,37,16,20.0,19.825,25,40,9,4.444444444444445,40,60,60,60,-0.199999999999998,0.00126,0.002855,0.4246314878988181,0.4573735327292514,0.4573735327292514,20.316227766016837,unique_starts
1376,186,117,96,15,16,92,10,17.5,17.59375,25,96,15,6.4,96,31,31,31,0.5118110236220432,0.00126,0.002995,0.4246314878988181,0.4921561459247037,0.4921561459247037,17.75,unique_starts
1377,186,121,207,85,124,174,4,6.0,5.681159420289855,8,207,85,2.4352941176470586,207,6,6,6,0.9436619718309815,0.00126,0.00212,0.4246314878988181,0.4790562634901327,0.4790562634901327,6.089802651013388,unique_starts
1378,186,133,5,2,2,5,22,24.0,23.8,25,5,2,2.5,5,17,17,17,-0.5454545454545207,0.00126,0.003455,0.4246314878988181,0.40834813465235587,0.4246314878988181,24.707106781186546,unique_starts
1379,186,139,208,29,39,174,7,12.0,12.274038461538462,23,208,29,7.172413793103448,208,79,79,79,0.4494773519163747,0.00126,0.00315,0.4246314878988181,0.5763001546805818,0.5763001546805818,12.160128153805086,unique_starts
1380,186,143,4,2,2,4,17,23.5,22.25,25,4,2,2.0,4,0,0,0,0.99999999999975,0.00126,0.003425,0.4246314878988181,0.4310573077101274,0.4310573077101274,24.207106781186546,unique_starts
1381,186,144,44,4,5,44,6,11.5,11.727272727272727,19,44,4,11.0,44,101,101,101,-0.39310344827585936,0.00126,0.00326,0.4246314878988181,0.4284130917563028,0.4284130917563028,11.947213595499958,unique_starts
1382,186,149,15,8,9,13,14,16.0,16.466666666666665,25,15,8,1.875,15,11,11,11,0.15384615384614794,0.00126,0.002245,0.4246314878988181,0.4477196573186491,0.4477196573186491,16.333333333333332,unique_starts
1383,186,157,10,3,3,10,18,20.5,20.6,24,10,3,3.3333333333333335,10,5,5,5,0.3333333333333111,0.00126,0.00224,0.4246314878988181,0.4360808470049738,0.4360808470049738,21.077350269189626,unique_starts
1384,186,169,49,7,9,38,6,11.0,11.795918367346939,25,49,7,7.0,49,144,144,144,-0.4922279792746089,0.00126,0.003075,0.4246314878988181,0.5191317792488794,0.5191317792488794,11.333333333333334,unique_starts
1385,186,175,139,18,28,106,6,10.0,11.43884892086331,25,139,18,7.722222222222222,139,241,241,241,-0.2684210526315782,0.00126,0.00503,0.4246314878988181,0.7573380297747923,0.7573380297747923,10.188982236504614,unique_starts
1386,186,184,47,8,11,42,16,20.0,20.404255319148938,25,47,8,5.875,47,63,63,63,-0.14545454545454414,0.00126,0.00261,0.4246314878988181,0.4440022572428347,0.4440022572428347,20.301511344577765,unique_starts
1387,186,196,15,4,4,15,15,21.0,20.666666666666668,25,15,4,3.75,15,0,0,0,0.9999999999999333,0.00126,0.00287,0.4246314878988181,0.36280201708894627,0.4246314878988181,21.5,unique_starts
1388,186,199,55,12,15,45,11,17.0,18.10909090909091,25,55,12,4.583333333333333,55,45,45,45,0.099999999999999,0.00126,0.00268,0.4246314878988181,0.5690552560543798,0.5690552560543798,17.25819888974716,unique_starts
1389,186,230,59,14,17,54,16,20.0,20.06779661016949,25,59,14,4.214285714285714,59,19,19,19,0.5128205128205063,0.00126,0.00344,0.4246314878988181,0.5276863910046072,0.5276863910046072,20.242535625036332,unique_starts
1390,186,243,3,2,2,3,8,9.0,8.666666666666666,9,3,2,1.5,3,10,0,0,0.9999999999996666,0.00126,0.002845,0.4246314878988181,0.47798288494927843,0.47798288494927843,9.707106781186548,unique_starts
1391,186,247,33,4,5,33,18,22.0,21.818181818181817,25,33,4,8.25,33,7,7,7,0.6499999999999837,0.00126,0.002885,0.4246314878988181,0.36620018911671115,0.4246314878988181,22.447213595499957,unique_starts
1392,186,248,215,96,168,180,2,4.0,4.232558139534884,6,215,96,2.2395833333333335,215,4,4,4,0.9634703196346989,0.00126,0.002135,0.4246314878988181,0.4551679911609592,0.4551679911609592,4.077151674981046,unique_starts
1393,186,251,17,5,5,17,7,9.0,9.470588235294118,14,17,5,3.4,17,9,9,9,0.3076923076922959,0.00126,0.002675,0.4246314878988181,0.4733873703025864,0.4733873703025864,9.447213595499958,unique_starts
1394,186,258,14,4,6,9,16,22.0,21.428571428571427,25,14,4,3.5,14,81,81,81,-0.7052631578947295,0.00126,0.00251,0.4246314878988181,0.4379225923469485,0.4379225923469485,22.408248290463863,unique_starts
1395,186,262,26,2,2,26,7,13.0,13.153846153846153,21,26,2,13.0,26,20,0,0,0.9999999999999616,0.00126,0.00278,0.4246314878988181,0.20145072035126035,0.4246314878988181,13.707106781186548,unique_starts
1396,186,268,12,5,5,12,21,24.0,23.75,25,12,5,2.4,12,0,0,0,0.9999999999999166,0.00126,0.00255,0.4246314878988181,0.43791978219162725,0.43791978219162725,24.447213595499957,unique_starts
1397,186,273,156,24,28,155,6,10.0,11.326923076923077,25,156,24,6.5,156,63,63,63,0.42465753424657343,0.00126,0.0032,0.4246314878988181,0.505500130278,0.505500130278,10.188982236504614,unique_starts
1398,186,281,149,13,18,140,6,11.0,12.812080536912752,25,149,13,11.461538461538462,149,175,175,175,-0.08024691358024666,0.00126,0.003665,0.4246314878988181,0.5084243360159619,0.5084243360159619,11.235702260395517,unique_starts
1399,186,294,8,2,2,8,20,22.5,22.5,25,8,2,4.0,8,187,187,187,-0.9179487179487132,0.00126,0.00253,0.4246314878988181,0.42896663505169463,0.42896663505169463,23.207106781186546,unique_starts
1400,186,309,75,8,12,56,14,20.0,19.933333333333334,25,75,8,9.375,75,36,36,36,0.3513513513513482,0.00126,0.003055,0.4246314878988181,0.48484104579254805,0.48484104579254805,20.28867513459481,unique_starts
1401,186,315,106,12,18,86,11,19.0,18.660377358490567,25,106,12,8.833333333333334,106,27,27,27,0.5939849624060106,0.00126,0.00307,0.4246314878988181,0.5338410601299857,0.5338410601299857,19.235702260395517,unique_starts
1402,186,319,51,22,28,44,1,2.0,1.803921568627451,3,51,22,2.3181818181818183,51,0,0,0,0.9999999999999803,0.00126,0.002245,0.4246314878988181,0.4303008855946258,0.4303008855946258,2.1889822365046134,unique_starts
1403,186,335,41,5,9,40,6,15.0,15.0,25,41,5,8.2,41,29,29,29,0.171428571428569,0.00126,0.003265,0.4246314878988181,0.33863745508677673,0.4246314878988181,15.333333333333334,unique_starts
1404,186,383,17,6,7,16,7,22.0,20.41176470588235,25,17,6,2.8333333333333335,17,69,69,69,-0.6046511627906906,0.00126,0.00295,0.4246314878988181,0.47953992323646644,0.47953992323646644,22.37796447300923,unique_starts
1405,186,389,16,2,2,16,15,21.5,20.9375,25,16,2,8.0,16,26,26,26,-0.23809523809523242,0.00126,0.002875,0.4246314878988181,0.26692962496119355,0.4246314878988181,22.207106781186546,unique_starts
1406,186,433,71,15,21,53,6,8.0,9.80281690140845,25,71,15,4.733333333333333,71,261,261,261,-0.5722891566265043,0.00126,0.00295,0.4246314878988181,0.4187955072680345,0.4246314878988181,8.218217890235993,unique_starts
1407,186,463,178,75,112,148,4,6.0,5.634831460674158,7,178,75,2.3733333333333335,178,16,16,16,0.8350515463917483,0.00126,0.00216,0.4246314878988181,0.5081641748793143,0.5081641748793143,6.094491118252307,unique_starts
1408,186,485,13,3,4,8,17,21.0,21.153846153846153,24,13,3,4.333333333333333,13,49,49,49,-0.5806451612903132,0.00126,0.002155,0.4246314878988181,0.43599835801952425,0.43599835801952425,21.5,unique_starts
1409,186,494,19,5,6,18,17,20.0,20.42105263157895,25,19,5,3.8,19,74,74,74,-0.5913978494623593,0.00126,0.002885,0.4246314878988181,0.4433285498558166,0.4433285498558166,20.408248290463863,unique_starts
1410,196,28,37,5,14,18,1,4.0,4.027027027027027,12,37,5,7.4,37,1,0,0,0.9999999999999729,0.00287,0.002415,0.36280201708894627,0.42854134755998907,0.42854134755998907,4.267261241912425,unique_starts
1411,196,56,3,2,2,3,1,2.0,9.333333333333334,25,3,2,1.5,3,182,182,182,-0.9675675675675623,0.00287,0.003085,0.36280201708894627,0.5396960390661362,0.5396960390661362,2.7071067811865475,unique_starts
1412,196,133,108,5,13,40,1,12.0,12.092592592592593,25,108,5,21.6,108,243,243,243,-0.38461538461538347,0.00287,0.003455,0.36280201708894627,0.40834813465235587,0.40834813465235587,12.277350098112615,unique_starts
1413,196,139,5,2,3,4,24,25.0,24.6,25,5,2,2.5,5,0,0,0,0.9999999999997999,0.00287,0.00315,0.36280201708894627,0.5763001546805818,0.5763001546805818,25.577350269189626,unique_starts
1414,196,167,12,3,3,12,5,9.0,8.833333333333334,12,12,3,4.0,12,144,144,144,-0.8461538461538407,0.00287,0.002905,0.36280201708894627,0.5523326473861818,0.5523326473861818,9.577350269189626,unique_starts
1415,196,175,40,6,15,20,20,24.0,23.525,25,40,6,6.666666666666667,40,33,33,33,0.0958904109589028,0.00287,0.00503,0.36280201708894627,0.7573380297747923,0.7573380297747923,24.25819888974716,unique_starts
1416,196,179,8,4,8,4,12,15.0,14.75,17,8,4,2.0,8,6,6,6,0.14285714285713266,0.00287,0.00165,0.36280201708894627,0.5689519284458886,0.5689519284458886,15.353553390593273,unique_starts
1417,196,207,53,7,14,33,1,3.0,4.7924528301886795,25,53,7,7.571428571428571,53,728,728,728,-0.8642765685019195,0.00287,0.002905,0.36280201708894627,0.5142383888493315,0.5142383888493315,3.2672612419124243,unique_starts
1418,196,222,1295,14,204,173,1,12.0,12.263320463320463,25,1295,14,92.5,1295,444,444,444,0.48936170212765934,0.00287,0.00284,0.36280201708894627,0.4041667145429749,0.4041667145429749,12.0700140042014,unique_starts
1419,196,258,11,2,4,5,2,4.0,5.363636363636363,12,11,2,5.5,11,34,34,34,-0.5111111111110997,0.00287,0.00251,0.36280201708894627,0.4379225923469485,0.4379225923469485,4.5,unique_starts
1420,196,259,21,4,20,5,6,14.0,14.285714285714286,23,21,4,5.25,21,0,0,0,0.9999999999999525,0.00287,0.00102,0.36280201708894627,1.0660615445434947,1.0660615445434947,14.223606797749978,unique_starts
1421,196,271,57,10,49,14,1,7.0,8.298245614035087,16,57,10,5.7,57,204,204,204,-0.5632183908045955,0.00287,0.002355,0.36280201708894627,0.46904630509061107,0.46904630509061107,7.142857142857143,unique_starts
1422,196,318,531,4,47,48,1,12.0,12.101694915254237,25,531,4,132.75,531,38,0,0,0.9999999999999981,0.00287,0.003055,0.36280201708894627,0.4226365509545472,0.4226365509545472,12.145864991497895,unique_starts
1423,196,319,8,2,3,5,15,16.5,16.625,19,8,2,4.0,8,52,52,52,-0.7333333333333211,0.00287,0.002245,0.36280201708894627,0.4303008855946258,0.4303008855946258,17.077350269189626,unique_starts
1424,196,362,51,6,28,18,19,24.0,23.58823529411765,25,51,6,8.5,51,0,0,0,0.9999999999999803,0.00287,0.002515,0.36280201708894627,0.439699243799817,0.439699243799817,24.188982236504614,unique_starts
1425,196,371,21,2,21,2,3,13.0,12.476190476190476,20,21,2,10.5,21,0,0,0,0.9999999999999525,0.00287,0.00072,0.36280201708894627,2.0840511964640234,2.0840511964640234,13.218217890235993,unique_starts
1426,196,410,253,18,186,32,2,14.0,14.58102766798419,24,253,18,14.055555555555555,253,25,25,25,0.8201438848920833,0.00287,0.002505,0.36280201708894627,0.5908932537877524,0.5908932537877524,14.073323557510676,unique_starts
1427,196,429,1259,21,235,150,1,10.0,11.270849880857824,25,1259,21,59.95238095238095,1259,56,56,56,0.9148288973384024,0.00287,0.0033,0.36280201708894627,0.6319999683881292,0.6319999683881292,10.065232807305344,unique_starts
1428,199,3,7,2,4,4,23,25.0,24.428571428571427,25,7,2,3.5,7,0,0,0,0.9999999999998571,0.00268,0.003565,0.5690552560543798,0.5904218374331804,0.5904218374331804,25.5,unique_starts
1429,199,10,152,9,25,76,1,5.0,5.980263157894737,17,152,9,16.88888888888889,152,8,0,0,0.9999999999999934,0.00268,0.003525,0.5690552560543798,0.49946110985903625,0.5690552560543798,5.2,unique_starts
1430,199,16,293,7,37,82,8,20.0,19.81911262798635,25,293,7,41.857142857142854,293,419,419,419,-0.1769662921348312,0.00268,0.00306,0.5690552560543798,0.3930741805154096,0.5690552560543798,20.164398987305358,unique_starts
1431,199,21,43,10,43,10,16,19.0,19.72093023255814,24,43,10,4.3,43,66,66,66,-0.21100917431192467,0.00268,0.001335,0.5690552560543798,0.7000075364621832,0.7000075364621832,19.152498570332604,unique_starts
1432,199,39,205,13,62,43,1,12.0,12.06829268292683,25,205,13,15.76923076923077,205,287,287,287,-0.16666666666666632,0.00268,0.002705,0.5690552560543798,0.41176789607065134,0.5690552560543798,12.12700012700019,unique_starts
1433,199,42,7,3,7,3,1,24.0,20.571428571428573,25,7,3,2.3333333333333335,7,4,0,0,0.9999999999998571,0.00268,0.002905,0.5690552560543798,0.49705178564663943,0.5690552560543798,24.37796447300923,unique_starts
1434,199,46,17,2,7,6,20,24.0,23.529411764705884,25,17,2,8.5,17,7,0,0,0.9999999999999413,0.00268,0.00281,0.5690552560543798,0.4994811286042713,0.5690552560543798,24.37796447300923,unique_starts
1435,199,77,87,3,20,13,2,7.0,6.839080459770115,12,87,3,29.0,87,0,0,0,0.9999999999999886,0.00268,0.00234,0.5690552560543798,0.4473317645634032,0.5690552560543798,7.223606797749979,unique_starts
1436,199,109,247,11,65,56,2,13.0,13.566801619433198,25,247,11,22.454545454545453,247,1,0,0,0.999999999999996,0.00268,0.002985,0.5690552560543798,0.3581978582570581,0.5690552560543798,13.124034734589209,unique_starts
1437,199,112,9,3,7,5,8,19.0,17.22222222222222,23,9,3,3.0,9,3,0,0,0.9999999999998889,0.00268,0.00296,0.5690552560543798,0.4285491187954342,0.5690552560543798,19.37796447300923,unique_starts
1438,199,117,71,7,24,20,1,5.0,6.0,16,71,7,10.142857142857142,71,191,191,191,-0.45801526717557073,0.00268,0.002995,0.5690552560543798,0.4921561459247037,0.5690552560543798,5.204124145231932,unique_starts
1439,199,121,99,20,63,40,20,24.0,23.707070707070706,25,99,20,4.95,99,0,0,0,0.9999999999999899,0.00268,0.00212,0.5690552560543798,0.4790562634901327,0.5690552560543798,24.12598815766974,unique_starts
1440,199,140,24,2,5,10,13,17.5,18.708333333333332,25,24,2,12.0,24,0,0,0,0.9999999999999584,0.00268,0.00296,0.5690552560543798,0.4551836186304672,0.5690552560543798,17.947213595499957,unique_starts
1441,199,163,79,10,57,16,10,15.0,14.848101265822784,21,79,10,7.9,79,14,14,14,0.6989247311827882,0.00268,0.000755,0.5690552560543798,0.8074492857931624,0.8074492857931624,15.132453235706505,unique_starts
1442,199,169,384,19,102,88,6,16.0,16.020833333333332,24,384,19,20.210526315789473,384,440,440,440,-0.0679611650485436,0.00268,0.003075,0.5690552560543798,0.5191317792488794,0.5690552560543798,16.099014754297666,unique_starts
1443,199,171,58,2,11,10,2,14.0,12.60344827586207,21,58,2,29.0,58,0,0,0,0.9999999999999827,0.00268,0.00343,0.5690552560543798,0.6091865893282263,0.6091865893282263,14.301511344577763,unique_starts
1444,199,175,6,3,4,5,24,25.0,24.666666666666668,25,6,3,2.0,6,48,48,48,-0.7777777777777634,0.00268,0.00503,0.5690552560543798,0.7573380297747923,0.7573380297747923,25.5,unique_starts
1445,199,176,686,18,75,173,1,13.0,12.379008746355685,25,686,18,38.111111111111114,686,0,0,0,0.9999999999999986,0.00268,0.00293,0.5690552560543798,0.4160949662438087,0.5690552560543798,13.115470053837925,unique_starts
1446,199,179,20,6,20,6,16,19.5,19.65,23,20,6,3.3333333333333335,20,111,111,111,-0.694656488549613,0.00268,0.00165,0.5690552560543798,0.5689519284458886,0.5690552560543798,19.72360679774998,unique_starts
1447,199,186,45,11,42,13,16,19.0,19.044444444444444,22,45,11,4.090909090909091,45,55,55,55,-0.099999999999999,0.00268,0.00126,0.5690552560543798,0.4246314878988181,0.5690552560543798,19.154303349962092,unique_starts
1448,199,205,64,8,41,14,16,22.0,21.65625,25,64,8,8.0,64,17,17,17,0.5802469135802398,0.00268,0.00069,0.5690552560543798,0.4815721475373711,0.5690552560543798,22.156173761888606,unique_starts
1449,199,213,46,3,15,15,20,24.0,23.58695652173913,25,46,3,15.333333333333334,46,0,0,0,0.9999999999999782,0.00268,0.00257,0.5690552560543798,0.4255281791303589,0.5690552560543798,24.25819888974716,unique_starts
1450,199,238,9,3,8,4,1,2.0,1.8888888888888888,4,9,3,3.0,9,86,86,86,-0.8105263157894652,0.00268,0.002405,0.5690552560543798,0.44709407160762304,0.5690552560543798,2.353553390593274,unique_starts
1451,199,243,14,7,10,11,24,25.0,24.714285714285715,25,14,7,2.0,14,130,130,130,-0.80555555555555,0.00268,0.002845,0.5690552560543798,0.47798288494927843,0.5690552560543798,25.316227766016837,unique_starts
1452,199,248,88,21,80,28,19,23.0,22.977272727272727,25,88,21,4.190476190476191,88,191,191,191,-0.369175627240142,0.00268,0.002135,0.5690552560543798,0.4551679911609592,0.5690552560543798,23.11180339887499,unique_starts
1453,199,252,263,9,45,65,1,20.0,19.05703422053232,25,263,9,29.22222222222222,263,672,672,672,-0.4374331550802134,0.00268,0.00348,0.5690552560543798,0.32521551737612986,0.5690552560543798,20.149071198499986,unique_starts
1454,199,259,78,11,61,17,15,20.0,19.794871794871796,25,78,11,7.090909090909091,78,41,41,41,0.31092436974789656,0.00268,0.00102,0.5690552560543798,1.0660615445434947,1.0660615445434947,20.128036879932896,unique_starts
1455,199,266,363,17,75,106,10,19.0,18.889807162534435,25,363,17,21.352941176470587,363,152,152,152,0.40970873786407686,0.00268,0.0038,0.5690552560543798,0.6115361362052629,0.6115361362052629,19.115470053837925,unique_starts
1456,199,273,45,10,24,25,22,25.0,24.31111111111111,25,45,10,4.5,45,132,132,132,-0.4915254237288108,0.00268,0.0032,0.5690552560543798,0.505500130278,0.5690552560543798,25.20412414523193,unique_starts
1457,199,281,72,5,13,29,8,15.0,14.541666666666666,19,72,5,14.4,72,138,138,138,-0.3142857142857128,0.00268,0.003665,0.5690552560543798,0.5084243360159619,0.5690552560543798,15.277350098112615,unique_starts
1458,199,290,19,3,9,9,22,24.0,24.210526315789473,25,19,3,6.333333333333333,19,45,45,45,-0.40624999999999367,0.00268,0.002905,0.5690552560543798,0.5506580655999675,0.5690552560543798,24.333333333333332,unique_starts
1459,199,294,69,4,16,17,5,10.0,10.0,15,69,4,17.25,69,0,0,0,0.9999999999999856,0.00268,0.00253,0.5690552560543798,0.42896663505169463,0.5690552560543798,10.25,unique_starts
1460,199,324,118,4,16,34,5,13.0,13.932203389830509,25,118,4,29.5,118,0,0,0,0.9999999999999916,0.00268,0.00328,0.5690552560543798,0.38585339304776145,0.5690552560543798,13.25,unique_starts
1461,199,328,240,13,69,53,2,22.0,20.2875,25,240,13,18.46153846153846,240,339,339,339,-0.17098445595854891,0.00268,0.00278,0.5690552560543798,0.4295227114706557,0.5690552560543798,22.120385853085768,unique_starts
1462,199,335,24,2,6,8,12,16.0,16.166666666666668,21,24,2,12.0,24,99,99,99,-0.6097560975609707,0.00268,0.003265,0.5690552560543798,0.33863745508677673,0.5690552560543798,16.408248290463863,unique_starts
1463,199,371,17,3,17,3,12,16.0,17.11764705882353,24,17,3,5.666666666666667,17,4,0,0,0.9999999999999413,0.00268,0.00072,0.5690552560543798,2.0840511964640234,2.0840511964640234,16.242535625036332,unique_starts
1464,199,382,41,2,10,8,9,20.0,18.463414634146343,25,41,2,20.5,41,15,0,0,0.9999999999999756,0.00268,0.00306,0.5690552560543798,0.5168753927781407,0.5690552560543798,20.316227766016837,unique_starts
1465,199,383,884,23,121,190,2,12.0,12.279411764705882,23,884,23,38.43478260869565,884,91,91,91,0.8133333333333325,0.00268,0.00295,0.5690552560543798,0.47953992323646644,0.5690552560543798,12.090909090909092,unique_starts
1466,199,402,4,2,3,3,1,2.0,2.0,3,4,2,2.0,4,0,0,0,0.99999999999975,0.00268,0.00217,0.5690552560543798,0.45222558449769595,0.5690552560543798,2.5773502691896257,unique_starts
1467,199,404,33,7,18,13,1,7.0,8.727272727272727,25,33,7,4.714285714285714,33,61,61,61,-0.29787234042552874,0.00268,0.00219,0.5690552560543798,0.5171261636058332,0.5690552560543798,7.235702260395516,unique_starts
1468,199,430,147,9,37,52,19,23.0,22.979591836734695,25,147,9,16.333333333333332,147,0,0,0,0.9999999999999932,0.00268,0.00263,0.5690552560543798,0.45111919326183225,0.5690552560543798,23.164398987305358,unique_starts
1469,199,433,32,3,9,12,11,14.0,14.3125,18,32,3,10.666666666666666,32,70,70,70,-0.3725490196078395,0.00268,0.00295,0.5690552560543798,0.4187955072680345,0.5690552560543798,14.333333333333334,unique_starts
1470,199,462,484,13,71,120,1,17.0,16.00206611570248,25,484,13,37.23076923076923,484,14,14,14,0.9437751004016045,0.00268,0.00335,0.5690552560543798,0.4622577751318516,0.5690552560543798,17.118678165819386,unique_starts
1471,199,487,317,13,88,47,6,14.0,14.731861198738171,25,317,13,24.384615384615383,317,204,204,204,0.2168905950095965,0.00268,0.00309,0.5690552560543798,0.4986519883489159,0.5690552560543798,14.106600358177806,unique_starts
1472,199,494,1290,33,228,259,1,8.0,8.952713178294573,25,1290,33,39.09090909090909,1290,140,140,140,0.8041958041958037,0.00268,0.002885,0.5690552560543798,0.4433285498558166,0.5690552560543798,8.066226617853252,unique_starts
1473,205,8,12,3,3,12,4,6.5,6.833333333333333,11,12,3,4.0,12,2,0,0,0.9999999999999166,0.00069,0.00305,0.4815721475373711,0.5406985617322061,0.5406985617322061,7.077350269189626,unique_starts
1474,205,10,96,8,13,59,6,16.0,15.604166666666666,25,96,8,12.0,96,91,91,91,0.02673796791443836,0.00069,0.003525,0.4815721475373711,0.49946110985903625,0.49946110985903625,16.277350098112613,unique_starts
1475,205,21,4,3,4,3,22,22.5,22.5,23,4,3,1.3333333333333333,4,0,0,0,0.99999999999975,0.00069,0.001335,0.4815721475373711,0.7000075364621832,0.7000075364621832,23.0,unique_starts
1476,205,24,45,2,6,27,8,18.0,17.555555555555557,25,45,2,22.5,45,5,5,5,0.799999999999984,0.00069,0.002975,0.4815721475373711,0.4451639107771672,0.4815721475373711,18.408248290463863,unique_starts
1477,205,39,10,3,5,6,9,13.0,12.9,17,10,3,3.3333333333333335,10,1,0,0,0.9999999999999,0.00069,0.002705,0.4815721475373711,0.41176789607065134,0.4815721475373711,13.447213595499958,unique_starts
1478,205,42,19,5,10,13,1,3.0,5.368421052631579,15,19,5,3.8,19,0,0,0,0.9999999999999475,0.00069,0.002905,0.4815721475373711,0.49705178564663943,0.49705178564663943,3.316227766016838,unique_starts
1479,205,58,37,3,6,17,14,21.0,20.594594594594593,25,37,3,12.333333333333334,37,0,0,0,0.9999999999999729,0.00069,0.0027,0.4815721475373711,0.45943690378043944,0.4815721475373711,21.408248290463863,unique_starts
1480,205,109,70,11,20,47,1,17.0,13.457142857142857,25,70,11,6.363636363636363,70,151,151,151,-0.36651583710407076,0.00069,0.002985,0.4815721475373711,0.3581978582570581,0.4815721475373711,17.22360679774998,unique_starts
1481,205,115,30,5,10,18,7,10.5,11.633333333333333,20,30,5,6.0,30,3,0,0,0.9999999999999667,0.00069,0.002855,0.4815721475373711,0.4573735327292514,0.4815721475373711,10.816227766016837,unique_starts
1482,205,117,37,8,9,35,7,12.0,12.567567567567568,23,37,8,4.625,37,27,27,27,0.15624999999999759,0.00069,0.002995,0.4815721475373711,0.4921561459247037,0.4921561459247037,12.333333333333334,unique_starts
1483,205,146,8,2,3,8,1,3.0,3.125,5,8,2,4.0,8,0,0,0,0.999999999999875,0.00069,0.00289,0.4815721475373711,0.49858717633061933,0.49858717633061933,3.5773502691896257,unique_starts
1484,205,167,15,3,4,12,4,15.0,12.6,20,15,3,5.0,15,0,0,0,0.9999999999999333,0.00069,0.002905,0.4815721475373711,0.5523326473861818,0.5523326473861818,15.5,unique_starts
1485,205,169,41,4,7,26,16,21.0,20.78048780487805,25,41,4,10.25,41,0,0,0,0.9999999999999756,0.00069,0.003075,0.4815721475373711,0.5191317792488794,0.5191317792488794,21.37796447300923,unique_starts
1486,205,171,22,4,7,16,7,21.0,19.772727272727273,25,22,4,5.5,22,67,67,67,-0.5056179775280842,0.00069,0.00343,0.4815721475373711,0.6091865893282263,0.6091865893282263,21.37796447300923,unique_starts
1487,205,179,4,4,4,4,23,24.0,23.75,24,4,4,1.0,4,0,0,0,0.99999999999975,0.00069,0.00165,0.4815721475373711,0.5689519284458886,0.5689519284458886,24.5,unique_starts
1488,205,186,5,4,5,4,24,25.0,24.8,25,5,4,1.25,5,0,0,0,0.9999999999997999,0.00069,0.00126,0.4815721475373711,0.4246314878988181,0.4815721475373711,25.447213595499957,unique_starts
1489,205,199,17,4,6,12,1,15.0,14.117647058823529,24,17,4,4.25,17,64,64,64,-0.5802469135802398,0.00069,0.00268,0.4815721475373711,0.5690552560543798,0.5690552560543798,15.408248290463863,unique_starts
1490,205,207,10,2,2,10,1,7.0,7.0,13,10,2,5.0,10,0,0,0,0.9999999999999,0.00069,0.002905,0.4815721475373711,0.5142383888493315,0.5142383888493315,7.707106781186548,unique_starts
1491,205,238,22,2,4,12,1,10.0,9.0,15,22,2,11.0,22,5,0,0,0.9999999999999546,0.00069,0.002405,0.4815721475373711,0.44709407160762304,0.4815721475373711,10.5,unique_starts
1492,205,258,8,2,2,8,7,13.5,13.5,20,8,2,4.0,8,0,0,0,0.999999999999875,0.00069,0.00251,0.4815721475373711,0.4379225923469485,0.4815721475373711,14.207106781186548,unique_starts
1493,205,259,6,5,5,6,1,2.0,2.3333333333333335,4,6,5,1.2,6,24,24,24,-0.59999999999998,0.00069,0.00102,0.4815721475373711,1.0660615445434947,1.0660615445434947,2.447213595499958,unique_starts
1494,205,272,10,2,2,10,19,23.0,22.6,25,10,2,5.0,10,2,0,0,0.9999999999999,0.00069,0.00276,0.4815721475373711,0.37401404934728055,0.4815721475373711,23.707106781186546,unique_starts
1495,205,290,52,5,8,31,2,13.0,12.115384615384615,25,52,5,10.4,52,3,0,0,0.9999999999999807,0.00069,0.002905,0.4815721475373711,0.5506580655999675,0.5506580655999675,13.353553390593273,unique_starts
1496,205,294,31,4,7,17,6,15.0,14.806451612903226,22,31,4,7.75,31,0,0,0,0.9999999999999678,0.00069,0.00253,0.4815721475373711,0.42896663505169463,0.4815721475373711,15.377964473009227,unique_starts
1497,205,316,43,6,8,32,7,16.0,16.162790697674417,24,43,6,7.166666666666667,43,0,0,0,0.9999999999999767,0.00069,0.0025,0.4815721475373711,0.4490634320386163,0.4815721475373711,16.353553390593273,unique_starts
1498,205,324,11,3,3,11,7,22.0,19.727272727272727,25,11,3,3.6666666666666665,11,2,0,0,0.9999999999999091,0.00069,0.00328,0.4815721475373711,0.38585339304776145,0.4815721475373711,22.577350269189626,unique_starts
1499,205,328,16,3,6,12,1,12.5,10.3125,20,16,3,5.333333333333333,16,0,0,0,0.9999999999999376,0.00069,0.00278,0.4815721475373711,0.4295227114706557,0.4815721475373711,12.908248290463863,unique_starts
1500,205,335,60,7,8,51,8,17.0,17.05,25,60,7,8.571428571428571,60,0,0,0,0.9999999999999833,0.00069,0.003265,0.4815721475373711,0.33863745508677673,0.4815721475373711,17.353553390593273,unique_starts
1501,205,378,28,2,4,13,2,21.5,17.357142857142858,25,28,2,14.0,28,12,12,12,0.39999999999999,0.00069,0.00272,0.4815721475373711,0.2874139677247253,0.4815721475373711,22.0,unique_starts
1502,205,382,14,3,5,8,1,7.5,8.214285714285714,25,14,3,4.666666666666667,14,10,10,10,0.16666666666665975,0.00069,0.00306,0.4815721475373711,0.5168753927781407,0.5168753927781407,7.947213595499958,unique_starts
1503,205,383,36,3,4,28,15,20.0,20.166666666666668,25,36,3,12.0,36,0,0,0,0.9999999999999721,0.00069,0.00295,0.4815721475373711,0.47953992323646644,0.4815721475373711,20.5,unique_starts
1504,205,385,10,2,3,9,18,22.5,22.1,25,10,2,5.0,10,4,0,0,0.9999999999999,0.00069,0.00381,0.4815721475373711,0.544885989019332,0.544885989019332,23.077350269189626,unique_starts
1505,205,402,26,3,8,9,5,13.0,13.923076923076923,24,26,3,8.666666666666666,26,61,61,61,-0.40229885057470804,0.00069,0.00217,0.4815721475373711,0.45222558449769595,0.4815721475373711,13.353553390593273,unique_starts
1506,205,404,6,3,3,6,7,11.5,11.833333333333334,17,6,3,2.0,6,0,0,0,0.9999999999998334,0.00069,0.00219,0.4815721475373711,0.5171261636058332,0.5171261636058332,12.077350269189626,unique_starts
1507,205,410,4,3,3,4,1,6.5,8.5,20,4,3,1.3333333333333333,4,4,4,4,0.0,0.00069,0.002505,0.4815721475373711,0.5908932537877524,0.5908932537877524,7.077350269189626,unique_starts
1508,205,433,9,2,3,6,20,22.0,22.0,24,9,2,4.5,9,0,0,0,0.9999999999998889,0.00069,0.00295,0.4815721475373711,0.4187955072680345,0.4815721475373711,22.577350269189626,unique_starts
1509,205,462,27,3,4,21,19,22.0,22.11111111111111,25,27,3,9.0,27,10,10,10,0.459459459459447,0.00069,0.00335,0.4815721475373711,0.4622577751318516,0.4815721475373711,22.5,unique_starts
1510,205,487,6,2,3,4,4,22.5,16.833333333333332,24,6,2,3.0,6,20,20,20,-0.5384615384615178,0.00069,0.00309,0.4815721475373711,0.4986519883489159,0.4986519883489159,23.077350269189626,unique_starts
1511,205,494,139,9,17,90,1,9.0,9.323741007194245,17,139,9,15.444444444444445,139,19,19,19,0.7594936708860711,0.00069,0.002885,0.4815721475373711,0.4433285498558166,0.4815721475373711,9.242535625036332,unique_starts
1512,206,16,323,12,59,78,13,22.0,21.306501547987615,25,323,12,26.916666666666668,323,202,202,202,0.23047619047619003,0.002645,0.00306,0.4388475670472349,0.3930741805154096,0.4388475670472349,22.130188910980824,unique_starts
1513,206,109,131,5,21,40,8,19.0,18.52671755725191,25,131,5,26.2,131,18,0,0,0.9999999999999925,0.002645,0.002985,0.4388475670472349,0.3581978582570581,0.4388475670472349,19.21821789023599,unique_starts
1514,206,140,423,18,90,130,14,22.0,21.93144208037825,25,423,18,23.5,423,285,285,285,0.19491525423728787,0.002645,0.00296,0.4388475670472349,0.4551836186304672,0.4551836186304672,22.105409255338945,unique_starts
1515,206,262,289,2,26,43,1,11.0,13.370242214532873,25,289,2,144.5,289,130,130,130,0.37947494033412793,0.002645,0.00278,0.4388475670472349,0.20145072035126035,0.4388475670472349,11.196116135138183,unique_starts
1516,206,266,1545,27,294,273,12,21.0,21.1210355987055,25,1545,27,57.22222222222222,1545,877,877,877,0.27580511973575544,0.002645,0.0038,0.4388475670472349,0.6115361362052629,0.6115361362052629,21.058321184351982,unique_starts
1517,206,328,338,21,116,110,19,24.0,23.488165680473372,25,338,21,16.095238095238095,338,3,0,0,0.999999999999997,0.002645,0.00278,0.4388475670472349,0.4295227114706557,0.4388475670472349,24.092847669088528,unique_starts
1518,206,329,29,2,5,11,10,14.0,13.655172413793103,18,29,2,14.5,29,0,0,0,0.9999999999999656,0.002645,0.00267,0.4388475670472349,0.48285513264051666,0.48285513264051666,14.447213595499958,unique_starts
1519,206,430,177,13,114,30,13,18.0,18.468926553672315,24,177,13,13.615384615384615,177,2421,2421,2421,-0.8637413394919166,0.002645,0.00263,0.4388475670472349,0.45111919326183225,0.45111919326183225,18.09365858115817,unique_starts
1520,206,462,76,6,18,27,17,22.0,22.06578947368421,25,76,6,12.666666666666666,76,176,176,176,-0.39682539682539525,0.002645,0.00335,0.4388475670472349,0.4622577751318516,0.4622577751318516,22.235702260395517,unique_starts
1521,206,487,1934,33,248,373,2,15.0,14.374870734229576,25,1934,33,58.60606060606061,1934,427,427,427,0.6382888606522658,0.002645,0.00309,0.4388475670472349,0.4986519883489159,0.4986519883489159,15.063500063500095,unique_starts
1522,207,21,10,5,10,5,19,24.0,23.5,25,10,5,2.0,10,0,0,0,0.9999999999999,0.002905,0.001335,0.5142383888493315,0.7000075364621832,0.7000075364621832,24.316227766016837,unique_starts
1523,207,28,72,3,16,15,11,20.0,19.916666666666668,25,72,3,24.0,72,0,0,0,0.9999999999999862,0.002905,0.002415,0.5142383888493315,0.42854134755998907,0.5142383888493315,20.25,unique_starts
1524,207,88,168,6,25,43,9,19.0,18.458333333333332,25,168,6,28.0,168,1,0,0,0.9999999999999941,0.002905,0.00285,0.5142383888493315,0.3243399356820196,0.5142383888493315,19.2,unique_starts
1525,207,133,35,2,8,12,8,20.0,18.97142857142857,25,35,2,17.5,35,7,7,7,0.6666666666666508,0.002905,0.003455,0.5142383888493315,0.40834813465235587,0.5142383888493315,20.353553390593273,unique_starts
1526,207,143,242,4,36,36,9,19.0,18.74380165289256,25,242,4,60.5,242,0,0,0,0.9999999999999959,0.002905,0.003425,0.5142383888493315,0.4310573077101274,0.5142383888493315,19.166666666666668,unique_starts
1527,207,157,82,4,18,17,9,14.5,14.695121951219512,22,82,4,20.5,82,342,342,342,-0.6132075471698099,0.002905,0.00224,0.5142383888493315,0.4360808470049738,0.5142383888493315,14.735702260395517,unique_starts
1528,207,167,1255,31,232,234,1,7.0,7.785657370517928,20,1255,31,40.483870967741936,1255,0,0,0,0.9999999999999992,0.002905,0.002905,0.5142383888493315,0.5523326473861818,0.5523326473861818,7.065653216429861,unique_starts
1529,207,179,15,4,15,4,21,24.0,23.4,25,15,4,3.75,15,0,0,0,0.9999999999999333,0.002905,0.00165,0.5142383888493315,0.5689519284458886,0.5689519284458886,24.25819888974716,unique_starts
1530,207,186,6,3,6,3,22,24.5,24.0,25,6,3,2.0,6,0,0,0,0.9999999999998334,0.002905,0.00126,0.5142383888493315,0.4246314878988181,0.5142383888493315,24.908248290463863,unique_starts
1531,207,196,728,14,70,208,4,16.0,16.212912087912088,25,728,14,52.0,728,53,53,53,0.8642765685019195,0.002905,0.00287,0.5142383888493315,0.36280201708894627,0.5142383888493315,16.11952286093344,unique_starts
1532,207,222,18,5,12,8,22,24.0,23.88888888888889,25,18,5,3.6,18,213,213,213,-0.8441558441558406,0.002905,0.00284,0.5142383888493315,0.4041667145429749,0.5142383888493315,24.28867513459481,unique_starts
1533,207,251,78,7,25,26,16,22.0,21.897435897435898,25,78,7,11.142857142857142,78,0,0,0,0.9999999999999872,0.002905,0.002675,0.5142383888493315,0.4733873703025864,0.5142383888493315,22.2,unique_starts
1534,207,259,13,2,10,3,19,23.0,22.692307692307693,25,13,2,6.5,13,25,25,25,-0.3157894736842022,0.002905,0.00102,0.5142383888493315,1.0660615445434947,1.0660615445434947,23.316227766016837,unique_starts
1535,207,271,22,6,15,9,22,24.0,24.09090909090909,25,22,6,3.6666666666666665,22,351,351,351,-0.8820375335120619,0.002905,0.002355,0.5142383888493315,0.46904630509061107,0.5142383888493315,24.25819888974716,unique_starts
1536,207,319,7,4,6,5,24,25.0,24.714285714285715,25,7,4,1.75,7,0,0,0,0.9999999999998571,0.002905,0.002245,0.5142383888493315,0.4303008855946258,0.5142383888493315,25.408248290463863,unique_starts
1537,207,371,22,3,16,4,16,20.0,19.59090909090909,23,22,3,7.333333333333333,22,4,0,0,0.9999999999999546,0.002905,0.00072,0.5142383888493315,2.0840511964640234,2.0840511964640234,20.25,unique_starts
1538,207,398,95,7,30,32,18,24.0,23.263157894736842,25,95,7,13.571428571428571,95,317,317,317,-0.5388349514563093,0.002905,0.00324,0.5142383888493315,0.4886541548049501,0.5142383888493315,24.182574185835055,unique_starts
1539,207,410,11,4,10,5,21,24.0,23.90909090909091,25,11,4,2.75,11,122,122,122,-0.8345864661654073,0.002905,0.002505,0.5142383888493315,0.5908932537877524,0.5908932537877524,24.316227766016837,unique_starts
1540,207,429,47,7,22,19,18,24.0,23.25531914893617,25,47,7,6.714285714285714,47,93,93,93,-0.32857142857142624,0.002905,0.0033,0.5142383888493315,0.6319999683881292,0.6319999683881292,24.21320071635561,unique_starts
1541,207,432,62,4,31,10,7,20.0,18.5,25,62,4,15.5,62,4,4,4,0.8787878787878656,0.002905,0.002895,0.5142383888493315,0.38597465955399696,0.5142383888493315,20.179605302026776,unique_starts
1542,207,440,83,4,39,10,1,6.0,6.204819277108434,13,83,4,20.75,83,2,0,0,0.999999999999988,0.002905,0.002505,0.5142383888493315,0.4432001412722737,0.5142383888493315,6.160128153805087,unique_starts
1543,207,485,174,11,52,36,1,6.0,6.637931034482759,18,174,11,15.818181818181818,174,6,0,0,0.9999999999999943,0.002905,0.002155,0.5142383888493315,0.43599835801952425,0.5142383888493315,6.138675049056308,unique_starts
1544,213,112,787,12,189,194,1,23.0,22.55654383735705,25,787,12,65.58333333333333,787,1211,1211,1211,-0.21221221221221212,0.00257,0.00296,0.4255281791303589,0.4285491187954342,0.4285491187954342,23.07273929674533,unique_starts
1545,213,206,26,2,20,6,8,14.0,13.615384615384615,18,26,2,13.0,26,0,0,0,0.9999999999999616,0.00257,0.002645,0.4255281791303589,0.4388475670472349,0.4388475670472349,14.223606797749978,unique_starts
1546,213,329,134,3,24,27,16,22.0,22.05223880597015,25,134,3,44.666666666666664,134,0,0,0,0.9999999999999926,0.00257,0.00267,0.4255281791303589,0.48285513264051666,0.48285513264051666,22.20412414523193,unique_starts
1547,217,6,26,2,16,6,1,4.5,4.615384615384615,9,26,2,13.0,26,1,0,0,0.9999999999999616,0.003145,0.003095,0.5280768414975939,0.5183369733262979,0.5280768414975939,4.75,unique_starts
1548,217,7,66,3,19,16,18,23.0,22.954545454545453,25,66,3,22.0,66,2,0,0,0.9999999999999849,0.003145,0.00345,0.5280768414975939,0.473565075387291,0.5280768414975939,23.22941573387056,unique_starts
1549,217,21,56,7,56,8,2,6.0,8.0,25,56,7,8.0,56,16,16,16,0.5555555555555479,0.003145,0.001335,0.5280768414975939,0.7000075364621832,0.7000075364621832,6.133630620956212,unique_starts
1550,217,24,74,6,13,33,11,17.5,17.675675675675677,25,74,6,12.333333333333334,74,1,0,0,0.9999999999999866,0.003145,0.002975,0.5280768414975939,0.4451639107771672,0.5280768414975939,17.777350098112613,unique_starts
1551,217,39,174,12,68,41,15,23.0,22.551724137931036,25,174,12,14.5,174,15,15,15,0.8412698412698368,0.003145,0.002705,0.5280768414975939,0.41176789607065134,0.5280768414975939,23.121267812518166,unique_starts
1552,217,58,34,2,8,10,1,5.0,5.147058823529412,10,34,2,17.0,34,0,0,0,0.9999999999999706,0.003145,0.0027,0.5280768414975939,0.45943690378043944,0.5280768414975939,5.353553390593274,unique_starts
1553,217,84,42,2,6,14,8,16.0,15.119047619047619,21,42,2,21.0,42,198,198,198,-0.6499999999999974,0.003145,0.003185,0.5280768414975939,0.4087675614805981,0.5280768414975939,16.408248290463863,unique_starts
1554,217,117,511,18,131,98,13,22.0,21.868884540117417,25,511,18,28.38888888888889,511,0,0,0,0.999999999999998,0.003145,0.002995,0.5280768414975939,0.4921561459247037,0.5280768414975939,22.087370405666103,unique_starts
1555,217,121,332,23,221,41,7,12.0,12.515060240963855,25,332,23,14.434782608695652,332,0,0,0,0.9999999999999969,0.003145,0.00212,0.5280768414975939,0.4790562634901327,0.5280768414975939,12.067267279399632,unique_starts
1556,217,125,11,2,2,11,16,21.0,20.727272727272727,25,11,2,5.5,11,291,291,291,-0.9271523178807916,0.003145,0.004175,0.5280768414975939,0.3723974808647528,0.5280768414975939,21.707106781186546,unique_starts
1557,217,143,43,3,21,10,18,23.0,22.697674418604652,25,43,3,14.333333333333334,43,0,0,0,0.9999999999999767,0.003145,0.003425,0.5280768414975939,0.4310573077101274,0.5280768414975939,23.21821789023599,unique_starts
1558,217,157,25,2,9,9,21,24.0,23.8,25,25,2,12.5,25,28,0,0,0.99999999999996,0.003145,0.00224,0.5280768414975939,0.4360808470049738,0.5280768414975939,24.333333333333332,unique_starts
1559,217,167,4,2,3,3,24,25.0,24.75,25,4,2,2.0,4,0,0,0,0.99999999999975,0.003145,0.002905,0.5280768414975939,0.5523326473861818,0.5523326473861818,25.577350269189626,unique_starts
1560,217,169,347,12,110,44,9,16.0,16.26801152737752,25,347,12,28.916666666666668,347,120,120,120,0.48608137044967775,0.003145,0.003075,0.5280768414975939,0.5191317792488794,0.5280768414975939,16.095346258924558,unique_starts
1561,217,179,204,23,193,25,2,7.0,6.823529411764706,21,204,23,8.869565217391305,204,30,30,30,0.7435897435897404,0.003145,0.00165,0.5280768414975939,0.5689519284458886,0.5689519284458886,7.07198157507487,unique_starts
1562,217,186,36,3,26,4,2,7.0,7.25,14,36,3,12.0,36,0,0,0,0.9999999999999721,0.003145,0.00126,0.5280768414975939,0.4246314878988181,0.5280768414975939,7.196116135138184,unique_starts
1563,217,199,362,12,95,52,14,21.0,20.994475138121548,25,362,12,30.166666666666668,362,0,0,0,0.9999999999999972,0.003145,0.00268,0.5280768414975939,0.5690552560543798,0.5690552560543798,21.102597835208517,unique_starts
1564,217,224,56,4,11,25,16,23.0,22.339285714285715,25,56,4,14.0,56,266,266,266,-0.6521739130434762,0.003145,0.003435,0.5280768414975939,0.5524327933598494,0.5524327933598494,23.301511344577765,unique_starts
1565,217,238,14,2,14,2,19,22.0,22.0,25,14,2,7.0,14,0,0,0,0.9999999999999286,0.003145,0.002405,0.5280768414975939,0.44709407160762304,0.5280768414975939,22.267261241912426,unique_starts
1566,217,243,311,15,87,79,1,8.0,8.810289389067524,23,311,15,20.733333333333334,311,1002,1002,1002,-0.5262757044935259,0.003145,0.002845,0.5280768414975939,0.47798288494927843,0.5280768414975939,8.10721125348378,unique_starts
1567,217,251,689,14,146,73,8,17.0,16.641509433962263,25,689,14,49.214285714285715,689,25,25,25,0.9299719887955169,0.003145,0.002675,0.5280768414975939,0.4733873703025864,0.5280768414975939,17.082760588860236,unique_starts
1568,217,252,4,2,4,2,23,24.5,24.25,25,4,2,2.0,4,0,0,0,0.99999999999975,0.003145,0.00348,0.5280768414975939,0.32521551737612986,0.5280768414975939,25.0,unique_starts
1569,217,279,151,5,41,27,16,22.0,22.1523178807947,25,151,5,30.2,151,15,0,0,0.9999999999999934,0.003145,0.00293,0.5280768414975939,0.40818291842784804,0.5280768414975939,22.156173761888606,unique_starts
1570,217,281,39,2,12,9,11,17.0,17.076923076923077,23,39,2,19.5,39,0,0,0,0.9999999999999744,0.003145,0.003665,0.5280768414975939,0.5084243360159619,0.5280768414975939,17.28867513459481,unique_starts
1571,217,294,3,2,3,2,24,25.0,24.666666666666668,25,3,2,1.5,3,0,0,0,0.9999999999996666,0.003145,0.00253,0.5280768414975939,0.42896663505169463,0.5280768414975939,25.577350269189626,unique_starts
1572,217,309,12,2,2,12,1,6.5,7.833333333333333,16,12,2,6.0,12,137,137,137,-0.8389261744966386,0.003145,0.003055,0.5280768414975939,0.48484104579254805,0.5280768414975939,7.207106781186548,unique_starts
1573,217,316,13,2,2,13,9,15.0,15.461538461538462,22,13,2,6.5,13,1187,1187,1187,-0.9783333333333326,0.003145,0.0025,0.5280768414975939,0.4490634320386163,0.5280768414975939,15.707106781186548,unique_starts
1574,217,319,460,25,247,55,3,8.0,8.567391304347826,25,460,25,18.4,460,137,137,137,0.5410385259631482,0.003145,0.002245,0.5280768414975939,0.4303008855946258,0.5280768414975939,8.063628476297577,unique_starts
1575,217,383,28,5,13,13,22,24.0,24.142857142857142,25,28,5,5.6,28,229,229,229,-0.782101167315172,0.003145,0.00295,0.5280768414975939,0.47953992323646644,0.5280768414975939,24.277350098112613,unique_starts
1576,217,385,39,5,19,16,1,8.0,7.076923076923077,13,39,5,7.8,39,1296,1296,1296,-0.9415730337078645,0.003145,0.00381,0.5280768414975939,0.544885989019332,0.544885989019332,8.229415733870562,unique_starts
1577,217,402,5,2,2,5,6,8.0,12.0,20,5,2,2.5,5,460,460,460,-0.9784946236559118,0.003145,0.00217,0.5280768414975939,0.45222558449769595,0.5280768414975939,8.707106781186548,unique_starts
1578,217,440,158,8,47,36,17,23.0,22.430379746835442,25,158,8,19.75,158,0,0,0,0.9999999999999937,0.003145,0.002505,0.5280768414975939,0.4432001412722737,0.5280768414975939,23.145864991497895,unique_starts
1579,217,494,109,8,41,34,20,24.0,23.587155963302752,25,109,8,13.625,109,11,11,11,0.8166666666666599,0.003145,0.002885,0.5280768414975939,0.4433285498558166,0.5280768414975939,24.156173761888606,unique_starts
1580,222,7,98,9,33,40,9,18.0,17.551020408163264,25,98,9,10.88888888888889,98,1128,1128,1128,-0.8401305057096242,0.00284,0.00345,0.4041667145429749,0.473565075387291,0.473565075387291,18.1740776559557,unique_starts
1581,222,56,283,13,62,63,1,7.0,7.275618374558304,19,283,13,21.76923076923077,283,25,25,25,0.8376623376623349,0.00284,0.003085,0.4041667145429749,0.5396960390661362,0.5396960390661362,7.127000127000191,unique_starts
1582,222,133,197,3,32,35,3,19.0,18.19796954314721,25,197,3,65.66666666666667,197,444,444,444,-0.38533541341653604,0.00284,0.003455,0.4041667145429749,0.40834813465235587,0.40834813465235587,19.17677669529664,unique_starts
1583,222,167,58,6,21,19,7,14.0,13.948275862068966,21,58,6,9.666666666666666,58,13,0,0,0.9999999999999827,0.00284,0.002905,0.4041667145429749,0.5523326473861818,0.5523326473861818,14.218217890235993,unique_starts
1584,222,196,444,12,55,133,1,19.5,18.957207207207208,25,444,12,37.0,444,1295,1295,1295,-0.48936170212765934,0.00284,0.00287,0.4041667145429749,0.36280201708894627,0.4041667145429749,19.63483997249265,unique_starts
1585,222,207,213,12,57,55,1,6.0,6.164319248826291,16,213,12,17.75,213,18,18,18,0.8441558441558406,0.00284,0.002905,0.4041667145429749,0.5142383888493315,0.5142383888493315,6.132453235706504,unique_starts
1586,222,362,1305,17,284,110,5,17.0,16.730268199233716,25,1305,17,76.76470588235294,1305,8,8,8,0.9878141660319871,0.00284,0.002515,0.4041667145429749,0.439699243799817,0.439699243799817,17.05933908290969,unique_starts
1587,222,371,5,2,3,3,2,23.0,18.8,24,5,2,2.5,5,3,0,0,0.9999999999997999,0.00284,0.00072,0.4041667145429749,2.0840511964640234,2.0840511964640234,23.577350269189626,unique_starts
1588,222,410,11,5,5,11,2,8.0,6.818181818181818,10,11,5,2.2,11,3,3,3,0.5714285714285307,0.00284,0.002505,0.4041667145429749,0.5908932537877524,0.5908932537877524,8.447213595499958,unique_starts
1589,222,429,47,8,9,41,1,5.0,4.808510638297872,9,47,8,5.875,47,6,0,0,0.9999999999999787,0.00284,0.0033,0.4041667145429749,0.6319999683881292,0.6319999683881292,5.333333333333333,unique_starts
1590,224,24,15,4,9,9,1,24.0,21.266666666666666,25,15,4,3.75,15,1694,1694,1694,-0.9824458747805729,0.003435,0.002975,0.5524327933598494,0.4451639107771672,0.5524327933598494,24.333333333333332,unique_starts
1591,224,77,14,3,7,7,22,24.5,24.214285714285715,25,14,3,4.666666666666667,14,0,0,0,0.9999999999999286,0.003435,0.00234,0.5524327933598494,0.4473317645634032,0.5524327933598494,24.87796447300923,unique_starts
1592,224,84,12,3,12,3,15,19.0,19.166666666666668,25,12,3,4.0,12,21,21,21,-0.27272727272726444,0.003435,0.003185,0.5524327933598494,0.4087675614805981,0.5524327933598494,19.28867513459481,unique_starts
1593,224,120,2500,33,361,300,1,12.0,12.3204,25,2500,33,75.75757575757575,2500,0,0,0,0.9999999999999997,0.003435,0.00351,0.5524327933598494,0.6286366289947183,0.6286366289947183,12.052631578947368,unique_starts
1594,224,125,91,2,10,15,12,21.0,20.21978021978022,25,91,2,45.5,91,52,52,52,0.2727272727272708,0.003435,0.004175,0.5524327933598494,0.3723974808647528,0.5524327933598494,21.316227766016837,unique_starts
1595,224,147,33,3,15,9,12,18.0,18.939393939393938,25,33,3,11.0,33,105,105,105,-0.5217391304347788,0.003435,0.00412,0.5524327933598494,0.4966726365256857,0.5524327933598494,18.25819888974716,unique_starts
1596,224,217,266,13,80,61,11,22.0,20.99624060150376,25,266,13,20.46153846153846,266,56,56,56,0.6521739130434762,0.003435,0.003145,0.5524327933598494,0.5280768414975939,0.5524327933598494,22.11180339887499,unique_starts
1597,224,238,32,2,12,6,8,13.5,13.34375,18,32,2,16.0,32,0,0,0,0.9999999999999687,0.003435,0.002405,0.5524327933598494,0.44709407160762304,0.5524327933598494,13.788675134594813,unique_starts
1598,224,243,133,4,32,20,10,21.0,20.466165413533833,25,133,4,33.25,133,337,337,337,-0.43404255319148843,0.003435,0.002845,0.5524327933598494,0.47798288494927843,0.5524327933598494,21.17677669529664,unique_starts
1599,224,259,10,2,8,3,21,24.0,23.6,25,10,2,5.0,10,17,17,17,-0.2592592592592497,0.003435,0.00102,0.5524327933598494,1.0660615445434947,1.0660615445434947,24.353553390593273,unique_starts
1600,224,304,954,30,315,111,1,6.0,6.982180293501048,19,954,30,31.8,954,1849,1849,1849,-0.3193007491972885,0.003435,0.003015,0.5524327933598494,0.5149114583441843,0.5524327933598494,6.056343616981901,unique_starts
1601,224,309,99,6,47,12,10,18.0,17.525252525252526,24,99,6,16.5,99,607,607,607,-0.7195467422096307,0.003435,0.003055,0.5524327933598494,0.48484104579254805,0.5524327933598494,18.145864991497895,unique_starts
1602,224,316,687,15,140,103,1,18.0,17.07278020378457,25,687,15,45.8,687,277,277,277,0.4253112033195016,0.003435,0.0025,0.5524327933598494,0.4490634320386163,0.5524327933598494,18.08451542547285,unique_starts
1603,224,385,571,11,96,84,6,19.0,19.010507880910684,25,571,11,51.90909090909091,571,1173,1173,1173,-0.34518348623853196,0.003435,0.00381,0.5524327933598494,0.544885989019332,0.5524327933598494,19.102062072615965,unique_starts
1604,224,402,383,10,82,64,8,18.0,17.96083550913838,25,383,10,38.3,383,360,360,360,0.03095558546433374,0.003435,0.00217,0.5524327933598494,0.45222558449769595,0.5524327933598494,18.110431526074848,unique_starts
1605,224,404,61,5,36,9,2,14.0,13.540983606557377,19,61,5,12.2,61,151,151,151,-0.42452830188679047,0.003435,0.00219,0.5524327933598494,0.5171261636058332,0.5524327933598494,14.166666666666666,unique_starts
1606,224,474,588,14,118,92,3,17.0,17.292517006802722,25,588,14,42.0,588,99,99,99,0.7117903930130994,0.003435,0.002335,0.5524327933598494,0.47326325022320526,0.5524327933598494,17.09205746178983,unique_starts
1607,229,4,46,3,9,19,13,21.0,20.23913043478261,25,46,3,15.333333333333334,46,6,0,0,0.9999999999999782,0.00306,0.0034,0.23617874098724062,0.42665327824002786,0.42665327824002786,21.333333333333332,unique_starts
1608,229,8,127,2,36,9,1,18.0,17.73228346456693,25,127,2,63.5,127,775,775,775,-0.7184035476718396,0.00306,0.00305,0.23617874098724062,0.5406985617322061,0.5406985617322061,18.166666666666668,unique_starts
1609,229,21,13,2,9,3,15,20.0,19.923076923076923,25,13,2,6.5,13,3,3,3,0.624999999999961,0.00306,0.001335,0.23617874098724062,0.7000075364621832,0.7000075364621832,20.333333333333332,unique_starts
1610,229,22,259,10,51,57,2,17.0,16.583011583011583,25,259,10,25.9,259,0,0,0,0.999999999999996,0.00306,0.00375,0.23617874098724062,0.6446610524678009,0.6446610524678009,17.1400280084028,unique_starts
1611,229,43,100,6,35,18,13,19.0,18.81,25,100,6,16.666666666666668,100,0,0,0,0.99999999999999,0.00306,0.00192,0.23617874098724062,0.4331654262548746,0.4331654262548746,19.169030850945703,unique_starts
1612,229,50,81,4,12,34,11,21.0,20.012345679012345,25,81,4,20.25,81,171,171,171,-0.3571428571428557,0.00306,0.00344,0.23617874098724062,0.4362745814366093,0.4362745814366093,21.28867513459481,unique_starts
1613,229,77,202,6,57,24,10,18.0,18.207920792079207,25,202,6,33.666666666666664,202,0,0,0,0.9999999999999951,0.00306,0.00234,0.23617874098724062,0.4473317645634032,0.4473317645634032,18.132453235706503,unique_starts
1614,229,79,302,10,67,76,1,9.0,10.437086092715232,25,302,10,30.2,302,22,22,22,0.8641975308641948,0.00306,0.003325,0.23617874098724062,0.5566279042981374,0.5566279042981374,9.122169444356306,unique_starts
1615,229,100,245,10,72,63,4,16.0,16.253061224489795,25,245,10,24.5,245,41,0,0,0.9999999999999959,0.00306,0.0028,0.23617874098724062,0.4530066985824541,0.4530066985824541,16.117851130197757,unique_starts
1616,229,146,7,4,5,6,24,25.0,24.714285714285715,25,7,4,1.75,7,541,541,541,-0.9744525547445237,0.00306,0.00289,0.23617874098724062,0.49858717633061933,0.49858717633061933,25.447213595499957,unique_starts
1617,229,149,13,2,13,2,1,11.0,10.0,17,13,2,6.5,13,50,0,0,0.9999999999999231,0.00306,0.002245,0.23617874098724062,0.4477196573186491,0.4477196573186491,11.277350098112615,unique_starts
1618,229,157,373,8,132,22,1,14.0,14.136729222520108,25,373,8,46.625,373,43,43,43,0.7932692307692288,0.00306,0.00224,0.23617874098724062,0.4360808470049738,0.4360808470049738,14.08703882797785,unique_starts
1619,229,164,75,8,26,31,13,18.0,18.85333333333333,25,75,8,9.375,75,143,143,143,-0.31192660550458573,0.00306,0.002755,0.23617874098724062,0.46236208579247506,0.46236208579247506,18.196116135138183,unique_starts
1620,229,169,9,2,9,2,19,23.0,22.555555555555557,25,9,2,4.5,9,42,42,42,-0.647058823529399,0.00306,0.003075,0.23617874098724062,0.5191317792488794,0.5191317792488794,23.333333333333332,unique_starts
1621,229,171,69,4,15,15,5,19.0,17.17391304347826,25,69,4,17.25,69,0,0,0,0.9999999999999856,0.00306,0.00343,0.23617874098724062,0.6091865893282263,0.6091865893282263,19.25819888974716,unique_starts
1622,229,179,31,5,31,5,11,17.0,16.967741935483872,25,31,5,6.2,31,12,12,12,0.44186046511626875,0.00306,0.00165,0.23617874098724062,0.5689519284458886,0.5689519284458886,17.179605302026776,unique_starts
1623,229,184,667,17,157,87,1,13.0,12.9880059970015,25,667,17,39.23529411764706,667,583,583,583,0.06719999999999995,0.00306,0.00261,0.23617874098724062,0.4440022572428347,0.4440022572428347,13.079808688446763,unique_starts
1624,229,186,39,5,37,6,11,18.0,18.205128205128204,25,39,5,7.8,39,0,0,0,0.9999999999999744,0.00306,0.00126,0.23617874098724062,0.4246314878988181,0.4246314878988181,18.164398987305358,unique_starts
1625,229,230,314,10,72,40,1,15.0,14.48407643312102,25,314,10,31.4,314,231,231,231,0.15229357798165108,0.00306,0.00344,0.23617874098724062,0.5276863910046072,0.5276863910046072,15.117851130197758,unique_starts
1626,229,248,48,6,33,9,15,22.0,21.3125,25,48,6,8.0,48,25,25,25,0.31506849315068064,0.00306,0.002135,0.23617874098724062,0.4551679911609592,0.4551679911609592,22.1740776559557,unique_starts
1627,229,251,12,2,6,5,22,24.0,24.083333333333332,25,12,2,6.0,12,45,45,45,-0.5789473684210424,0.00306,0.002675,0.23617874098724062,0.4733873703025864,0.4733873703025864,24.408248290463863,unique_starts
1628,229,271,11,3,6,5,14,16.0,15.818181818181818,18,11,3,3.6666666666666665,11,24,24,24,-0.3714285714285608,0.00306,0.002355,0.23617874098724062,0.46904630509061107,0.46904630509061107,16.408248290463863,unique_starts
1629,229,273,208,9,64,30,4,15.0,15.721153846153847,25,208,9,23.11111111111111,208,200,200,200,0.019607843137254853,0.00306,0.0032,0.23617874098724062,0.505500130278,0.505500130278,15.125,unique_starts
1630,229,288,299,4,39,33,1,17.0,16.528428093645484,25,299,4,74.75,299,15,15,15,0.9044585987261117,0.00306,0.002855,0.23617874098724062,0.3565540314868625,0.3565540314868625,17.160128153805086,unique_starts
1631,229,315,409,7,66,46,1,14.0,13.7359413202934,25,409,7,58.42857142857143,409,94,94,94,0.6262425447316091,0.00306,0.00307,0.23617874098724062,0.5338410601299857,0.5338410601299857,14.123091490979332,unique_starts
1632,229,371,29,2,19,3,1,17.0,14.724137931034482,25,29,2,14.5,29,24,0,0,0.9999999999999656,0.00306,0.00072,0.23617874098724062,2.0840511964640234,2.0840511964640234,17.22941573387056,unique_starts
1633,229,410,34,7,16,19,17,24.0,23.147058823529413,25,34,7,4.857142857142857,34,3,0,0,0.9999999999999706,0.00306,0.002505,0.23617874098724062,0.5908932537877524,0.5908932537877524,24.25,unique_starts
1634,229,414,5,3,4,4,24,25.0,24.8,25,5,3,1.6666666666666667,5,66,66,66,-0.8591549295774528,0.00306,0.002705,0.23617874098724062,0.4480758181537895,0.4480758181537895,25.5,unique_starts
1635,229,430,27,2,15,4,12,19.0,19.11111111111111,25,27,2,13.5,27,0,0,0,0.999999999999963,0.00306,0.00263,0.23617874098724062,0.45111919326183225,0.45111919326183225,19.25819888974716,unique_starts
1636,229,433,41,3,16,8,18,23.0,22.536585365853657,25,41,3,13.666666666666666,41,0,0,0,0.9999999999999756,0.00306,0.00295,0.23617874098724062,0.4187955072680345,0.4187955072680345,23.25,unique_starts
1637,229,463,36,6,26,8,17,22.0,21.77777777777778,25,36,6,6.0,36,0,0,0,0.9999999999999721,0.00306,0.00216,0.23617874098724062,0.5081641748793143,0.5081641748793143,22.196116135138183,unique_starts
1638,230,4,2418,17,191,294,1,15.0,15.132754342431761,25,2418,17,142.23529411764707,2418,366,366,366,0.7370689655172411,0.00344,0.0034,0.5276863910046072,0.42665327824002786,0.5276863910046072,15.072357460529242,unique_starts
1639,230,8,160,13,46,50,1,5.0,5.76875,25,160,13,12.307692307692308,160,395,395,395,-0.42342342342342265,0.00344,0.00305,0.5276863910046072,0.5406985617322061,0.5406985617322061,5.147441956154897,unique_starts
1640,230,21,21,6,21,8,13,16.0,16.19047619047619,20,21,6,3.5,21,30,30,30,-0.17647058823529066,0.00344,0.001335,0.5276863910046072,0.7000075364621832,0.7000075364621832,16.21821789023599,unique_starts
1641,230,22,1093,33,133,305,1,10.0,9.503202195791399,21,1093,33,33.121212121212125,1093,10,0,0,0.9999999999999992,0.00344,0.00375,0.5276863910046072,0.6446610524678009,0.6446610524678009,10.086710996952412,unique_starts
1642,230,42,56,6,17,14,16,23.0,22.142857142857142,25,56,6,9.333333333333334,56,0,0,0,0.9999999999999821,0.00344,0.002905,0.5276863910046072,0.49705178564663943,0.5276863910046072,23.242535625036332,unique_starts
1643,230,43,235,22,87,68,14,18.0,18.638297872340427,25,235,22,10.681818181818182,235,0,0,0,0.9999999999999958,0.00344,0.00192,0.5276863910046072,0.4331654262548746,0.5276863910046072,18.10721125348378,unique_starts
1644,230,50,745,9,70,118,1,15.0,14.991946308724833,25,745,9,82.77777777777777,745,144,144,144,0.676040494938132,0.00344,0.00344,0.5276863910046072,0.4362745814366093,0.5276863910046072,15.11952286093344,unique_starts
1645,230,79,74,12,26,34,1,4.0,4.0,10,74,12,6.166666666666667,74,359,359,359,-0.6581986143187052,0.00344,0.003325,0.5276863910046072,0.5566279042981374,0.5566279042981374,4.196116135138184,unique_starts
1646,230,80,7,2,3,6,1,2.0,2.5714285714285716,5,7,2,3.5,7,119,119,119,-0.8888888888888818,0.00344,0.003105,0.5276863910046072,0.54911977059455,0.54911977059455,2.5773502691896257,unique_starts
1647,230,100,73,3,9,26,1,6.0,6.328767123287672,13,73,3,24.333333333333332,73,46,46,46,0.22689075630251912,0.00344,0.0028,0.5276863910046072,0.4530066985824541,0.5276863910046072,6.333333333333333,unique_starts
1648,230,138,70,4,22,20,11,21.0,20.47142857142857,25,70,4,17.5,70,72,72,72,-0.014084507042253423,0.00344,0.002785,0.5276863910046072,0.37021778866614363,0.5276863910046072,21.21320071635561,unique_starts
1649,230,146,120,13,40,41,1,23.0,22.816666666666666,25,120,13,9.23076923076923,120,778,778,778,-0.7327394209354112,0.00344,0.00289,0.5276863910046072,0.49858717633061933,0.5276863910046072,23.15811388300842,unique_starts
1650,230,149,50,11,17,46,1,3.5,3.8,8,50,11,4.545454545454546,50,434,434,434,-0.7933884297520645,0.00344,0.002245,0.5276863910046072,0.4477196573186491,0.5276863910046072,3.742535625036333,unique_starts
1651,230,164,255,16,112,50,7,19.0,18.345098039215685,25,255,16,15.9375,255,369,369,369,-0.1826923076923074,0.00344,0.002755,0.5276863910046072,0.46236208579247506,0.5276863910046072,19.094491118252307,unique_starts
1652,230,169,63,9,27,28,19,23.0,23.19047619047619,25,63,9,7.0,63,234,234,234,-0.5757575757575738,0.00344,0.003075,0.5276863910046072,0.5191317792488794,0.5276863910046072,23.192450089729874,unique_starts
1653,230,171,328,9,54,49,1,9.0,8.929878048780488,24,328,9,36.44444444444444,328,129,129,129,0.4354485776805242,0.00344,0.00343,0.5276863910046072,0.6091865893282263,0.6091865893282263,9.136082763487954,unique_starts
1654,230,172,10,3,9,4,15,17.0,17.0,19,10,3,3.3333333333333335,10,124,124,124,-0.8507462686567101,0.00344,0.00297,0.5276863910046072,0.4684363793861522,0.5276863910046072,17.333333333333332,unique_starts
1655,230,179,54,13,54,14,13,16.0,16.35185185185185,23,54,13,4.153846153846154,54,8,8,8,0.7419354838709558,0.00344,0.00165,0.5276863910046072,0.5689519284458886,0.5689519284458886,16.136082763487956,unique_starts
1656,230,184,634,22,119,175,1,6.0,6.496845425867508,18,634,22,28.818181818181817,634,104,104,104,0.7181571815718147,0.00344,0.00261,0.5276863910046072,0.4440022572428347,0.5276863910046072,6.091669849702821,unique_starts
1657,230,186,19,5,15,7,12,15.0,15.105263157894736,18,19,5,3.8,19,59,59,59,-0.5128205128205063,0.00344,0.00126,0.5276863910046072,0.4246314878988181,0.5276863910046072,15.258198889747161,unique_starts
1658,230,229,231,9,23,105,8,19.0,18.142857142857142,25,231,9,25.666666666666668,231,314,314,314,-0.15229357798165108,0.00344,0.00306,0.5276863910046072,0.23617874098724062,0.5276863910046072,19.208514414057074,unique_starts
1659,230,248,70,13,42,23,16,20.0,20.3,25,70,13,5.384615384615385,70,163,163,163,-0.39914163090128585,0.00344,0.002135,0.5276863910046072,0.4551679911609592,0.5276863910046072,20.154303349962092,unique_starts
1660,230,251,118,13,43,44,20,24.0,23.576271186440678,25,118,13,9.076923076923077,118,44,44,44,0.4567901234567873,0.00344,0.002675,0.5276863910046072,0.4733873703025864,0.5276863910046072,24.152498570332604,unique_starts
1661,230,258,4,2,4,2,7,8.0,8.25,10,4,2,2.0,4,0,0,0,0.99999999999975,0.00344,0.00251,0.5276863910046072,0.4379225923469485,0.5276863910046072,8.5,unique_starts
1662,230,268,15,2,2,15,6,10.0,9.8,14,15,2,7.5,15,0,0,0,0.9999999999999333,0.00344,0.00255,0.5276863910046072,0.43791978219162725,0.5276863910046072,10.707106781186548,unique_starts
1663,230,271,150,20,94,47,6,15.0,15.406666666666666,25,150,20,7.5,150,161,161,161,-0.03536977491961403,0.00344,0.002355,0.5276863910046072,0.46904630509061107,0.5276863910046072,15.10314212462588,unique_starts
1664,230,273,82,13,46,28,9,14.0,14.231707317073171,19,82,13,6.3076923076923075,82,405,405,405,-0.6632443531827501,0.00344,0.0032,0.5276863910046072,0.505500130278,0.5276863910046072,14.147441956154896,unique_starts
1665,230,288,2068,19,175,330,1,13.0,12.90183752417795,25,2068,19,108.84210526315789,2068,282,282,282,0.7599999999999997,0.00344,0.002855,0.5276863910046072,0.3565540314868625,0.5276863910046072,13.075592894601845,unique_starts
1666,230,371,13,3,8,4,3,6.0,8.076923076923077,19,13,3,4.333333333333333,13,0,0,0,0.9999999999999231,0.00344,0.00072,0.5276863910046072,2.0840511964640234,2.0840511964640234,6.353553390593274,unique_starts
1667,230,410,141,8,38,24,8,18.0,17.74468085106383,25,141,8,17.625,141,462,462,462,-0.5323383084577106,0.00344,0.002505,0.5276863910046072,0.5908932537877524,0.5908932537877524,18.162221421130763,unique_starts
1668,230,414,153,6,40,33,1,22.0,21.88235294117647,25,153,6,25.5,153,1216,1216,1216,-0.7764791818845868,0.00344,0.002705,0.5276863910046072,0.4480758181537895,0.5276863910046072,22.15811388300842,unique_starts
1669,230,463,60,14,44,24,18,21.5,21.433333333333334,25,60,14,4.285714285714286,60,0,0,0,0.9999999999999833,0.00344,0.00216,0.5276863910046072,0.5081641748793143,0.5276863910046072,21.65075567228888,unique_starts
1670,230,485,67,6,24,30,1,8.0,12.895522388059701,25,67,6,11.166666666666666,67,612,612,612,-0.8026509572901314,0.00344,0.002155,0.5276863910046072,0.43599835801952425,0.5276863910046072,8.204124145231932,unique_starts
1671,230,500,18,2,7,7,21,24.0,23.833333333333332,25,18,2,9.0,18,4,0,0,0.9999999999999445,0.00344,0.00264,0.5276863910046072,0.41474401777690195,0.5276863910046072,24.37796447300923,unique_starts
1672,238,10,907,16,131,195,1,10.0,10.127894156560089,23,907,16,56.6875,907,16,16,16,0.9653304442036825,0.002405,0.003525,0.44709407160762304,0.49946110985903625,0.49946110985903625,10.087370405666103,unique_starts
1673,238,16,405,6,60,101,1,21.0,19.017283950617283,25,405,6,67.5,405,1354,1354,1354,-0.5395110858442294,0.002405,0.00306,0.44709407160762304,0.3930741805154096,0.44709407160762304,21.12909944487358,unique_starts
1674,238,21,45,9,45,9,16,21.0,20.8,25,45,9,5.0,45,3,3,3,0.8749999999999818,0.002405,0.001335,0.44709407160762304,0.7000075364621832,0.7000075364621832,21.149071198499986,unique_starts
1675,238,39,25,2,11,7,5,8.0,8.28,11,25,2,12.5,25,1,0,0,0.99999999999996,0.002405,0.002705,0.44709407160762304,0.41176789607065134,0.44709407160762304,8.301511344577763,unique_starts
1676,238,80,25,3,14,5,1,8.0,7.8,15,25,3,8.333333333333334,25,6,0,0,0.99999999999996,0.002405,0.003105,0.44709407160762304,0.54911977059455,0.54911977059455,8.267261241912424,unique_starts
1677,238,117,775,14,152,128,1,9.0,9.758709677419354,24,775,14,55.357142857142854,775,107,107,107,0.7573696145124708,0.002405,0.002995,0.44709407160762304,0.4921561459247037,0.4921561459247037,9.081110710565381,unique_starts
1678,238,121,36,12,24,19,21,24.0,23.97222222222222,25,36,12,3.0,36,0,0,0,0.9999999999999721,0.002405,0.00212,0.44709407160762304,0.4790562634901327,0.4790562634901327,24.20412414523193,unique_starts
1679,238,149,35,4,30,9,1,7.0,9.142857142857142,25,35,4,8.75,35,1,0,0,0.9999999999999714,0.002405,0.002245,0.44709407160762304,0.4477196573186491,0.4477196573186491,7.182574185835056,unique_starts
1680,238,163,24,2,19,4,16,22.0,21.666666666666668,25,24,2,12.0,24,27,0,0,0.9999999999999584,0.002405,0.000755,0.44709407160762304,0.8074492857931624,0.8074492857931624,22.22941573387056,unique_starts
1681,238,169,115,6,22,36,8,16.0,15.965217391304348,24,115,6,19.166666666666668,115,0,0,0,0.9999999999999913,0.002405,0.003075,0.44709407160762304,0.5191317792488794,0.5191317792488794,16.21320071635561,unique_starts
1682,238,175,28,7,10,15,17,22.0,21.928571428571427,25,28,7,4.0,28,8,0,0,0.9999999999999644,0.002405,0.00503,0.44709407160762304,0.7573380297747923,0.7573380297747923,22.316227766016837,unique_starts
1683,238,179,36,7,36,7,14,20.5,20.63888888888889,25,36,7,5.142857142857143,36,2,0,0,0.9999999999999721,0.002405,0.00165,0.44709407160762304,0.5689519284458886,0.5689519284458886,20.666666666666668,unique_starts
1684,238,186,23,7,23,7,17,21.0,20.869565217391305,25,23,7,3.2857142857142856,23,0,0,0,0.9999999999999566,0.002405,0.00126,0.44709407160762304,0.4246314878988181,0.44709407160762304,21.208514414057074,unique_starts
1685,238,199,86,4,17,29,1,5.0,5.4186046511627906,12,86,4,21.5,86,9,9,9,0.8105263157894652,0.002405,0.00268,0.44709407160762304,0.5690552560543798,0.5690552560543798,5.242535625036333,unique_starts
1686,238,243,12,3,6,6,22,24.5,24.166666666666668,25,12,3,4.0,12,0,0,0,0.9999999999999166,0.002405,0.002845,0.44709407160762304,0.47798288494927843,0.47798288494927843,24.908248290463863,unique_starts
1687,238,248,51,13,37,20,19,24.0,23.313725490196077,25,51,13,3.923076923076923,51,2,0,0,0.9999999999999803,0.002405,0.002135,0.44709407160762304,0.4551679911609592,0.4551679911609592,24.164398987305358,unique_starts
1688,238,252,28,3,9,9,1,20.0,19.464285714285715,25,28,3,9.333333333333334,28,1,0,0,0.9999999999999644,0.002405,0.00348,0.44709407160762304,0.32521551737612986,0.44709407160762304,20.333333333333332,unique_starts
1689,238,259,7,2,7,2,18,21.0,21.142857142857142,25,7,2,3.5,7,33,33,33,-0.6499999999999837,0.002405,0.00102,0.44709407160762304,1.0660615445434947,1.0660615445434947,21.37796447300923,unique_starts
1690,238,268,163,2,28,21,5,14.0,14.515337423312884,25,163,2,81.5,163,25,25,25,0.7340425531914855,0.002405,0.00255,0.44709407160762304,0.43791978219162725,0.44709407160762304,14.188982236504614,unique_starts
1691,238,273,4,2,2,4,24,24.5,24.5,25,4,2,2.0,4,0,0,0,0.99999999999975,0.002405,0.0032,0.44709407160762304,0.505500130278,0.505500130278,25.207106781186546,unique_starts
1692,238,281,114,7,24,40,9,16.0,16.06140350877193,25,114,7,16.285714285714285,114,6,0,0,0.9999999999999912,0.002405,0.003665,0.44709407160762304,0.5084243360159619,0.5084243360159619,16.20412414523193,unique_starts
1693,238,294,1255,21,168,209,1,11.0,11.353784860557768,25,1255,21,59.76190476190476,1255,0,0,0,0.9999999999999992,0.002405,0.00253,0.44709407160762304,0.42896663505169463,0.44709407160762304,11.077151674981046,unique_starts
1694,238,309,10,2,5,4,1,3.5,3.9,8,10,2,5.0,10,0,0,0,0.9999999999999,0.002405,0.003055,0.44709407160762304,0.48484104579254805,0.48484104579254805,3.947213595499958,unique_starts
1695,238,324,309,6,43,85,2,20.0,19.01294498381877,25,309,6,51.5,309,261,261,261,0.08421052631578932,0.002405,0.00328,0.44709407160762304,0.38585339304776145,0.44709407160762304,20.152498570332604,unique_starts
1696,238,378,419,7,54,117,7,21.0,20.51073985680191,25,419,7,59.857142857142854,419,903,903,903,-0.366111951588502,0.002405,0.00272,0.44709407160762304,0.2874139677247253,0.44709407160762304,21.136082763487956,unique_starts
1697,238,383,45,3,12,13,7,14.0,13.977777777777778,23,45,3,15.0,45,0,0,0,0.9999999999999777,0.002405,0.00295,0.44709407160762304,0.47953992323646644,0.47953992323646644,14.288675134594813,unique_starts
1698,238,404,98,11,41,39,1,4.0,3.9285714285714284,10,98,11,8.909090909090908,98,0,0,0,0.9999999999999899,0.002405,0.00219,0.44709407160762304,0.5171261636058332,0.5171261636058332,4.156173761888606,unique_starts
1699,238,462,609,11,95,130,8,19.0,18.949096880131364,25,609,11,55.36363636363637,609,79,79,79,0.7703488372093011,0.002405,0.00335,0.44709407160762304,0.4622577751318516,0.4622577751318516,19.102597835208517,unique_starts
1700,238,494,204,9,45,48,1,9.0,8.82843137254902,20,204,9,22.666666666666668,204,28,28,28,0.7586206896551692,0.002405,0.002885,0.44709407160762304,0.4433285498558166,0.44709407160762304,9.149071198499986,unique_starts
1701,243,6,19,4,4,19,1,14.0,12.736842105263158,25,19,4,4.75,19,6,6,6,0.5199999999999793,0.002845,0.003095,0.47798288494927843,0.5183369733262979,0.5183369733262979,14.5,unique_starts
1702,243,21,30,4,30,4,2,9.5,10.933333333333334,25,30,4,7.5,30,71,71,71,-0.4059405940594019,0.002845,0.001335,0.47798288494927843,0.7000075364621832,0.7000075364621832,9.682574185835055,unique_starts
1703,243,24,641,17,92,129,12,21.0,20.566302652106085,25,641,17,37.705882352941174,641,0,0,0,0.9999999999999984,0.002845,0.002975,0.47798288494927843,0.4451639107771672,0.47798288494927843,21.10425720702854,unique_starts
1704,243,39,90,7,30,27,1,16.0,15.055555555555555,25,90,7,12.857142857142858,90,153,153,153,-0.2592592592592582,0.002845,0.002705,0.47798288494927843,0.41176789607065134,0.47798288494927843,16.182574185835055,unique_starts
1705,243,58,62,6,17,30,1,20.0,18.741935483870968,25,62,6,10.333333333333334,62,15,15,15,0.6103896103896025,0.002845,0.0027,0.47798288494927843,0.45943690378043944,0.47798288494927843,20.242535625036332,unique_starts
1706,243,84,354,12,63,66,3,19.0,18.02542372881356,25,354,12,29.5,354,6,6,6,0.9666666666666639,0.002845,0.003185,0.47798288494927843,0.4087675614805981,0.47798288494927843,19.12598815766974,unique_starts
1707,243,98,69,2,10,13,13,20.0,19.81159420289855,25,69,2,34.5,69,0,0,0,0.9999999999999856,0.002845,0.00306,0.47798288494927843,0.34307339056976743,0.47798288494927843,20.316227766016837,unique_starts
1708,243,115,282,15,60,59,1,10.0,10.02482269503546,19,282,15,18.8,282,5,5,5,0.9651567944250836,0.002845,0.002855,0.47798288494927843,0.4573735327292514,0.47798288494927843,10.12909944487358,unique_starts
1709,243,121,142,8,73,19,7,15.0,15.352112676056338,25,142,8,17.75,142,0,0,0,0.999999999999993,0.002845,0.00212,0.47798288494927843,0.4790562634901327,0.4790562634901327,15.117041147196131,unique_starts
1710,243,125,164,6,24,45,1,11.0,12.768292682926829,25,164,6,27.333333333333332,164,0,0,0,0.9999999999999939,0.002845,0.004175,0.47798288494927843,0.3723974808647528,0.47798288494927843,11.204124145231932,unique_starts
1711,243,143,23,2,8,7,19,23.0,22.956521739130434,25,23,2,11.5,23,3,0,0,0.9999999999999566,0.002845,0.003425,0.47798288494927843,0.4310573077101274,0.47798288494927843,23.353553390593273,unique_starts
1712,243,147,210,6,22,54,7,18.0,17.3,25,210,6,35.0,210,0,0,0,0.9999999999999952,0.002845,0.00412,0.47798288494927843,0.4966726365256857,0.4966726365256857,18.21320071635561,unique_starts
1713,243,163,21,3,16,6,18,23.0,22.38095238095238,25,21,3,7.0,21,0,0,0,0.9999999999999525,0.002845,0.000755,0.47798288494927843,0.8074492857931624,0.8074492857931624,23.25,unique_starts
1714,243,169,87,6,20,38,10,14.0,15.471264367816092,25,87,6,14.5,87,890,890,890,-0.8219037871033769,0.002845,0.003075,0.47798288494927843,0.5191317792488794,0.5191317792488794,14.223606797749978,unique_starts
1715,243,179,27,6,27,6,2,7.0,11.037037037037036,25,27,6,4.5,27,114,114,114,-0.6170212765957404,0.002845,0.00165,0.47798288494927843,0.5689519284458886,0.5689519284458886,7.192450089729875,unique_starts
1716,243,199,130,9,31,43,4,17.0,16.23846153846154,25,130,9,14.444444444444445,130,14,14,14,0.80555555555555,0.002845,0.00268,0.47798288494927843,0.5690552560543798,0.5690552560543798,17.179605302026776,unique_starts
1717,243,217,1002,24,131,209,1,15.0,13.957085828343313,25,1002,24,41.75,1002,311,311,311,0.5262757044935259,0.002845,0.003145,0.47798288494927843,0.5280768414975939,0.5280768414975939,15.087370405666103,unique_starts
1718,243,224,337,11,59,69,7,22.0,20.75074183976261,25,337,11,30.636363636363637,337,133,133,133,0.43404255319148843,0.002845,0.003435,0.47798288494927843,0.5524327933598494,0.5524327933598494,22.130188910980824,unique_starts
1719,243,251,107,6,51,16,9,18.0,17.635514018691588,25,107,6,17.833333333333332,107,479,479,479,-0.6348122866894187,0.002845,0.002675,0.47798288494927843,0.4733873703025864,0.47798288494927843,18.1400280084028,unique_starts
1720,243,259,27,7,19,11,9,23.0,21.555555555555557,25,27,7,3.857142857142857,27,0,0,0,0.999999999999963,0.002845,0.00102,0.47798288494927843,1.0660615445434947,1.0660615445434947,23.22941573387056,unique_starts
1721,243,272,31,2,6,13,18,23.0,22.612903225806452,25,31,2,15.5,31,3,0,0,0.9999999999999678,0.002845,0.00276,0.47798288494927843,0.37401404934728055,0.47798288494927843,23.408248290463863,unique_starts
1722,243,309,226,11,33,61,5,13.0,13.5929203539823,23,226,11,20.545454545454547,226,27,0,0,0.9999999999999956,0.002845,0.003055,0.47798288494927843,0.48484104579254805,0.48484104579254805,13.174077655955697,unique_starts
1723,243,316,312,20,59,130,1,14.0,13.64102564102564,25,312,20,15.6,312,78,78,78,0.5999999999999984,0.002845,0.0025,0.47798288494927843,0.4490634320386163,0.47798288494927843,14.130188910980824,unique_starts
1724,243,319,171,11,93,22,3,13.0,13.853801169590643,25,171,11,15.545454545454545,171,487,487,487,-0.48024316109422416,0.002845,0.002245,0.47798288494927843,0.4303008855946258,0.47798288494927843,13.103695169473042,unique_starts
1725,243,371,17,5,12,7,7,19.0,17.58823529411765,21,17,5,3.4,17,0,0,0,0.9999999999999413,0.002845,0.00072,0.47798288494927843,2.0840511964640234,2.0840511964640234,19.28867513459481,unique_starts
1726,243,383,7,2,3,5,23,24.0,24.285714285714285,25,7,2,3.5,7,1354,1354,1354,-0.9897134459955909,0.002845,0.00295,0.47798288494927843,0.47953992323646644,0.47953992323646644,24.577350269189626,unique_starts
1727,243,385,1253,25,194,185,1,10.0,10.5219473264166,25,1253,25,50.12,1253,83,83,83,0.8757485029940114,0.002845,0.00381,0.47798288494927843,0.544885989019332,0.544885989019332,10.071795815861774,unique_starts
1728,243,389,130,3,22,23,1,15.0,14.8,25,130,3,43.333333333333336,130,0,0,0,0.9999999999999923,0.002845,0.002875,0.47798288494927843,0.26692962496119355,0.47798288494927843,15.21320071635561,unique_starts
1729,243,402,302,18,94,60,5,12.0,11.880794701986755,20,302,18,16.77777777777778,302,53,53,53,0.7014084507042233,0.002845,0.00217,0.47798288494927843,0.45222558449769595,0.47798288494927843,12.10314212462588,unique_starts
1730,243,440,24,2,9,8,19,22.5,22.458333333333332,25,24,2,12.0,24,38,38,38,-0.22580645161289958,0.002845,0.002505,0.47798288494927843,0.4432001412722737,0.47798288494927843,22.833333333333332,unique_starts
1731,243,494,39,5,12,20,21,23.0,23.205128205128204,25,39,5,7.8,39,273,273,273,-0.7499999999999976,0.002845,0.002885,0.47798288494927843,0.4433285498558166,0.47798288494927843,23.28867513459481,unique_starts
1732,247,77,107,3,19,18,8,18.0,17.588785046728972,25,107,3,35.666666666666664,107,54,54,54,0.3291925465838489,0.002885,0.00234,0.36620018911671115,0.4473317645634032,0.4473317645634032,18.22941573387056,unique_starts
1733,247,120,30,2,9,8,18,23.0,22.866666666666667,25,30,2,15.0,30,0,0,0,0.9999999999999667,0.002885,0.00351,0.36620018911671115,0.6286366289947183,0.6286366289947183,23.333333333333332,unique_starts
1734,247,121,16,3,11,5,20,23.0,22.75,25,16,3,5.333333333333333,16,61,61,61,-0.5844155844155768,0.002885,0.00212,0.36620018911671115,0.4790562634901327,0.4790562634901327,23.301511344577765,unique_starts
1735,247,125,480,3,84,61,1,20.0,18.670833333333334,25,480,3,160.0,480,351,351,351,0.155234657039711,0.002885,0.004175,0.36620018911671115,0.3723974808647528,0.3723974808647528,20.109108945117995,unique_starts
1736,247,163,23,3,23,3,1,5.0,5.565217391304348,13,23,3,7.666666666666667,23,5,5,5,0.6428571428571199,0.002885,0.000755,0.36620018911671115,0.8074492857931624,0.8074492857931624,5.208514414057075,unique_starts
1737,247,179,8,3,8,3,16,19.5,19.125,22,8,3,2.6666666666666665,8,8,0,0,0.999999999999875,0.002885,0.00165,0.36620018911671115,0.5689519284458886,0.5689519284458886,19.853553390593273,unique_starts
1738,247,186,7,2,7,2,15,18.0,18.285714285714285,21,7,2,3.5,7,33,33,33,-0.6499999999999837,0.002885,0.00126,0.36620018911671115,0.4246314878988181,0.4246314878988181,18.37796447300923,unique_starts
1739,247,259,70,5,43,9,1,9.0,8.67142857142857,18,70,5,14.0,70,37,37,37,0.3084112149532682,0.002885,0.00102,0.36620018911671115,1.0660615445434947,1.0660615445434947,9.152498570332604,unique_starts
1740,247,262,126,4,11,44,1,10.0,11.103174603174603,25,126,4,31.5,126,148,148,148,-0.0802919708029194,0.002885,0.00278,0.36620018911671115,0.20145072035126035,0.36620018911671115,10.301511344577763,unique_starts
1741,247,319,32,2,16,8,16,19.0,19.6875,25,32,2,16.0,32,126,126,126,-0.5949367088607558,0.002885,0.002245,0.36620018911671115,0.4303008855946258,0.4303008855946258,19.25,unique_starts
1742,247,371,46,6,38,7,1,5.0,4.978260869565218,17,46,6,7.666666666666667,46,34,34,34,0.14999999999999813,0.002885,0.00072,0.36620018911671115,2.0840511964640234,2.0840511964640234,5.162221421130763,unique_starts
1743,247,402,278,5,62,38,1,14.0,13.70863309352518,25,278,5,55.6,278,101,101,101,0.46701846965699084,0.002885,0.00217,0.36620018911671115,0.45222558449769595,0.45222558449769595,14.12700012700019,unique_starts
1744,247,432,60,2,23,8,1,5.0,5.383333333333334,12,60,2,30.0,60,56,56,56,0.034482758620689356,0.002885,0.002895,0.36620018911671115,0.38597465955399696,0.38597465955399696,5.208514414057075,unique_starts
1745,248,2,316,13,29,194,2,14.0,13.996835443037975,25,316,13,24.307692307692307,316,333,333,333,-0.026194144838212592,0.002135,0.00384,0.4551679911609592,0.49557695833984555,0.49557695833984555,14.185695338177052,unique_starts
1746,248,4,12,3,4,9,22,24.0,23.75,25,12,3,4.0,12,0,0,0,0.9999999999999166,0.002135,0.0034,0.4551679911609592,0.42665327824002786,0.4551679911609592,24.5,unique_starts
1747,248,10,87,12,14,85,13,20.0,19.885057471264368,25,87,12,7.25,87,34,34,34,0.4380165289256162,0.002135,0.003525,0.4551679911609592,0.49946110985903625,0.49946110985903625,20.267261241912426,unique_starts
1748,248,16,4,2,2,4,23,23.5,23.75,25,4,2,2.0,4,0,0,0,0.99999999999975,0.002135,0.00306,0.4551679911609592,0.3930741805154096,0.4551679911609592,24.207106781186546,unique_starts
1749,248,21,6,4,6,4,24,25.0,24.666666666666668,25,6,4,1.5,6,196,196,196,-0.940594059405936,0.002135,0.001335,0.4551679911609592,0.7000075364621832,0.7000075364621832,25.408248290463863,unique_starts
1750,248,22,153,21,31,119,2,21.0,19.73856209150327,25,153,21,7.285714285714286,153,385,385,385,-0.4312267657992557,0.002135,0.00375,0.4551679911609592,0.6446610524678009,0.6446610524678009,21.179605302026776,unique_starts
1751,248,39,175,17,33,118,8,15.0,15.405714285714286,25,175,17,10.294117647058824,175,81,81,81,0.36718749999999856,0.002135,0.002705,0.4551679911609592,0.41176789607065134,0.4551679911609592,15.174077655955697,unique_starts
1752,248,79,191,24,39,156,9,17.0,16.643979057591622,25,191,24,7.958333333333333,191,22,22,22,0.7934272300469446,0.002135,0.003325,0.4551679911609592,0.5566279042981374,0.5566279042981374,17.160128153805086,unique_starts
1753,248,80,183,26,40,128,7,15.0,15.344262295081966,24,183,26,7.038461538461538,183,16,16,16,0.8391959798994932,0.002135,0.003105,0.4551679911609592,0.54911977059455,0.54911977059455,15.158113883008419,unique_starts
1754,248,98,34,2,5,24,14,22.0,21.58823529411765,25,34,2,17.0,34,0,0,0,0.9999999999999706,0.002135,0.00306,0.4551679911609592,0.34307339056976743,0.4551679911609592,22.447213595499957,unique_starts
1755,248,100,71,11,12,62,14,22.0,21.492957746478872,25,71,11,6.454545454545454,71,13,13,13,0.6904761904761822,0.002135,0.0028,0.4551679911609592,0.4530066985824541,0.4551679911609592,22.28867513459481,unique_starts
1756,248,109,20,4,6,16,17,23.5,22.7,25,20,4,5.0,20,0,0,0,0.99999999999995,0.002135,0.002985,0.4551679911609592,0.3581978582570581,0.4551679911609592,23.908248290463863,unique_starts
1757,248,117,174,26,28,173,6,14.0,14.574712643678161,24,174,26,6.6923076923076925,174,50,50,50,0.5535714285714262,0.002135,0.002995,0.4551679911609592,0.4921561459247037,0.4921561459247037,14.188982236504614,unique_starts
1758,248,121,332,109,217,264,1,2.0,1.5662650602409638,3,332,109,3.0458715596330275,332,0,0,0,0.9999999999999969,0.002135,0.00212,0.4551679911609592,0.4790562634901327,0.4790562634901327,2.067884423330213,unique_starts
1759,248,139,444,53,83,345,2,8.0,8.367117117117116,19,444,53,8.377358490566039,444,91,91,91,0.6598130841121482,0.002135,0.00315,0.4551679911609592,0.5763001546805818,0.5763001546805818,8.10976425998969,unique_starts
1760,248,144,309,15,28,268,2,8.0,9.6957928802589,25,309,15,20.6,309,325,325,325,-0.025236593059936866,0.002135,0.00326,0.4551679911609592,0.4284130917563028,0.4551679911609592,8.188982236504614,unique_starts
1761,248,149,52,16,23,35,9,13.0,14.884615384615385,22,52,16,3.25,52,9,9,9,0.7049180327868737,0.002135,0.002245,0.4551679911609592,0.4477196573186491,0.4551679911609592,13.208514414057074,unique_starts
1762,248,163,6,3,4,6,20,22.5,22.5,25,6,3,2.0,6,0,0,0,0.9999999999998334,0.002135,0.000755,0.4551679911609592,0.8074492857931624,0.8074492857931624,23.0,unique_starts
1763,248,169,182,20,35,123,2,6.0,8.747252747252746,25,182,20,9.1,182,305,305,305,-0.2525667351129358,0.002135,0.003075,0.4551679911609592,0.5191317792488794,0.5191317792488794,6.1690308509457035,unique_starts
1764,248,171,67,16,26,53,21,24.0,23.940298507462686,25,67,16,4.1875,67,0,0,0,0.9999999999999851,0.002135,0.00343,0.4551679911609592,0.6091865893282263,0.6091865893282263,24.196116135138183,unique_starts
1765,248,175,447,34,63,352,2,7.0,9.369127516778523,25,447,34,13.147058823529411,447,287,287,287,0.21798365122615773,0.002135,0.00503,0.4551679911609592,0.7573380297747923,0.7573380297747923,7.125988157669743,unique_starts
1766,248,176,38,8,11,29,19,24.0,23.42105263157895,25,38,8,4.75,38,3,3,3,0.853658536585345,0.002135,0.00293,0.4551679911609592,0.4160949662438087,0.4551679911609592,24.301511344577765,unique_starts
1767,248,184,169,18,27,132,11,18.0,18.09467455621302,25,169,18,9.38888888888889,169,180,180,180,-0.03151862464183372,0.002135,0.00261,0.4551679911609592,0.4440022572428347,0.4551679911609592,18.192450089729874,unique_starts
1768,248,186,4,3,4,3,24,25.0,24.75,25,4,3,1.3333333333333333,4,215,215,215,-0.9634703196346989,0.002135,0.00126,0.4551679911609592,0.4246314878988181,0.4551679911609592,25.5,unique_starts
1769,248,199,191,29,40,152,6,13.0,13.968586387434556,24,191,29,6.586206896551724,191,88,88,88,0.369175627240142,0.002135,0.00268,0.4551679911609592,0.5690552560543798,0.5690552560543798,13.158113883008419,unique_starts
1770,248,229,25,6,6,25,10,19.0,18.36,25,25,6,4.166666666666667,25,48,48,48,-0.31506849315068064,0.002135,0.00306,0.4551679911609592,0.23617874098724062,0.4551679911609592,19.408248290463863,unique_starts
1771,248,230,163,22,36,121,12,17.0,17.69325153374233,25,163,22,7.409090909090909,163,70,70,70,0.39914163090128585,0.002135,0.00344,0.4551679911609592,0.5276863910046072,0.5276863910046072,17.166666666666668,unique_starts
1772,248,252,27,4,6,17,12,21.0,20.37037037037037,25,27,4,6.75,27,40,40,40,-0.19402985074626578,0.002135,0.00348,0.4551679911609592,0.32521551737612986,0.4551679911609592,21.408248290463863,unique_starts
1773,248,258,54,11,16,44,13,18.0,18.5,25,54,11,4.909090909090909,54,167,167,167,-0.5113122171945679,0.002135,0.00251,0.4551679911609592,0.4379225923469485,0.4551679911609592,18.25,unique_starts
1774,248,262,43,3,4,40,2,10.0,11.44186046511628,25,43,3,14.333333333333334,43,19,0,0,0.9999999999999767,0.002135,0.00278,0.4551679911609592,0.20145072035126035,0.4551679911609592,10.5,unique_starts
1775,248,268,74,14,18,65,16,23.0,22.7972972972973,25,74,14,5.285714285714286,74,0,0,0,0.9999999999999866,0.002135,0.00255,0.4551679911609592,0.43791978219162725,0.4551679911609592,23.235702260395517,unique_starts
1776,248,273,410,43,72,308,2,6.0,7.634146341463414,25,410,43,9.534883720930232,410,157,157,157,0.44620811287477874,0.002135,0.0032,0.4551679911609592,0.505500130278,0.505500130278,6.117851130197758,unique_starts
1777,248,281,283,22,28,275,2,8.0,10.992932862190813,25,283,22,12.863636363636363,283,229,229,229,0.10546874999999979,0.002135,0.003665,0.4551679911609592,0.5084243360159619,0.5084243360159619,8.188982236504614,unique_starts
1778,248,288,11,5,6,9,23,25.0,24.363636363636363,25,11,5,2.2,11,0,0,0,0.9999999999999091,0.002135,0.002855,0.4551679911609592,0.3565540314868625,0.4551679911609592,25.408248290463863,unique_starts
1779,248,294,14,4,4,14,15,18.0,17.5,20,14,4,3.5,14,362,362,362,-0.9255319148936145,0.002135,0.00253,0.4551679911609592,0.42896663505169463,0.4551679911609592,18.5,unique_starts
1780,248,315,144,16,27,122,6,15.0,14.8125,23,144,16,9.0,144,23,23,23,0.7245508982035885,0.002135,0.00307,0.4551679911609592,0.5338410601299857,0.5338410601299857,15.192450089729876,unique_starts
1781,248,324,11,4,4,11,20,24.0,23.454545454545453,25,11,4,2.75,11,0,0,0,0.9999999999999091,0.002135,0.00328,0.4551679911609592,0.38585339304776145,0.4551679911609592,24.5,unique_starts
1782,248,335,364,19,39,271,2,14.0,13.48076923076923,25,364,19,19.157894736842106,364,368,368,368,-0.005464480874316932,0.002135,0.003265,0.4551679911609592,0.33863745508677673,0.4551679911609592,14.160128153805086,unique_starts
1783,248,371,9,4,5,7,19,23.0,22.666666666666668,25,9,4,2.25,9,0,0,0,0.9999999999998889,0.002135,0.00072,0.4551679911609592,2.0840511964640234,2.0840511964640234,23.447213595499957,unique_starts
1784,248,383,138,19,25,103,2,19.0,17.442028985507246,25,138,19,7.2631578947368425,138,275,275,275,-0.331719128329297,0.002135,0.00295,0.4551679911609592,0.47953992323646644,0.47953992323646644,19.2,unique_starts
1785,248,433,129,18,24,108,2,8.0,11.69767441860465,25,129,18,7.166666666666667,129,277,277,277,-0.36453201970443255,0.002135,0.00295,0.4551679911609592,0.4187955072680345,0.4551679911609592,8.204124145231932,unique_starts
1786,248,462,18,5,6,13,20,24.0,23.333333333333332,25,18,5,3.6,18,0,0,0,0.9999999999999445,0.002135,0.00335,0.4551679911609592,0.4622577751318516,0.4622577751318516,24.408248290463863,unique_starts
1787,248,463,288,108,191,248,1,1.0,1.5138888888888888,3,288,108,2.6666666666666665,288,0,0,0,0.9999999999999964,0.002135,0.00216,0.4551679911609592,0.5081641748793143,0.5081641748793143,1.072357460529242,unique_starts
1788,248,485,16,4,7,15,11,16.5,15.9375,21,16,4,4.0,16,17,17,17,-0.030303030303029384,0.002135,0.002155,0.4551679911609592,0.43599835801952425,0.4551679911609592,16.87796447300923,unique_starts
1789,248,494,88,14,17,74,13,17.0,17.056818181818183,23,88,14,6.285714285714286,88,157,157,157,-0.28163265306122337,0.002135,0.002885,0.4551679911609592,0.4433285498558166,0.4551679911609592,17.242535625036332,unique_starts
1790,251,7,74,7,16,40,7,19.0,18.10810810810811,25,74,7,10.571428571428571,74,16,0,0,0.9999999999999866,0.002675,0.00345,0.4733873703025864,0.473565075387291,0.473565075387291,19.25,unique_starts
1791,251,21,31,8,31,8,1,4.0,4.032258064516129,8,31,8,3.875,31,12,12,12,0.44186046511626875,0.002675,0.001335,0.4733873703025864,0.7000075364621832,0.7000075364621832,4.179605302026775,unique_starts
1792,251,22,81,10,42,21,8,16.0,17.28395061728395,25,81,10,8.1,81,1019,1019,1019,-0.852727272727272,0.002675,0.00375,0.4733873703025864,0.6446610524678009,0.6446610524678009,16.154303349962092,unique_starts
1793,251,28,234,11,45,63,14,21.0,20.811965811965813,25,234,11,21.272727272727273,234,0,0,0,0.9999999999999958,0.002675,0.002415,0.4733873703025864,0.42854134755998907,0.4733873703025864,21.149071198499986,unique_starts
1794,251,58,18,3,7,14,8,11.0,12.722222222222221,25,18,3,6.0,18,89,89,89,-0.6635514018691527,0.002675,0.0027,0.4733873703025864,0.45943690378043944,0.4733873703025864,11.377964473009227,unique_starts
1795,251,79,97,9,42,28,17,23.0,22.50515463917526,25,97,9,10.777777777777779,97,5,5,5,0.9019607843137167,0.002675,0.003325,0.4733873703025864,0.5566279042981374,0.5566279042981374,23.154303349962092,unique_starts
1796,251,80,24,3,14,7,19,23.0,22.625,25,24,3,8.0,24,1,0,0,0.9999999999999584,0.002675,0.003105,0.4733873703025864,0.54911977059455,0.54911977059455,23.267261241912426,unique_starts
1797,251,88,76,4,19,24,1,7.0,9.342105263157896,25,76,4,19.0,76,0,0,0,0.9999999999999869,0.002675,0.00285,0.4733873703025864,0.3243399356820196,0.4733873703025864,7.229415733870562,unique_starts
1798,251,115,35,5,15,16,19,22.0,21.97142857142857,25,35,5,7.0,35,40,40,40,-0.06666666666666578,0.002675,0.002855,0.4733873703025864,0.4573735327292514,0.4733873703025864,22.25819888974716,unique_starts
1799,251,139,494,16,78,111,9,16.0,16.2834008097166,25,494,16,30.875,494,12,12,12,0.9525691699604724,0.002675,0.00315,0.4733873703025864,0.5763001546805818,0.5763001546805818,16.11322770341446,unique_starts
1800,251,143,595,13,70,118,7,17.0,16.939495798319328,25,595,13,45.76923076923077,595,17,17,17,0.9444444444444429,0.002675,0.003425,0.4733873703025864,0.4310573077101274,0.4733873703025864,17.11952286093344,unique_starts
1801,251,149,62,7,26,19,16,21.0,21.032258064516128,25,62,7,8.857142857142858,62,1,0,0,0.9999999999999838,0.002675,0.002245,0.4733873703025864,0.4477196573186491,0.4733873703025864,21.196116135138183,unique_starts
1802,251,157,185,8,34,36,5,11.0,11.102702702702702,18,185,8,23.125,185,0,0,0,0.9999999999999947,0.002675,0.00224,0.4733873703025864,0.4360808470049738,0.4733873703025864,11.171498585142508,unique_starts
1803,251,167,19,2,3,14,11,14.0,14.210526315789474,19,19,2,9.5,19,29,29,29,-0.20833333333332898,0.002675,0.002905,0.4733873703025864,0.5523326473861818,0.5523326473861818,14.577350269189626,unique_starts
1804,251,175,72,2,7,21,10,16.0,16.0,23,72,2,36.0,72,6,0,0,0.9999999999999862,0.002675,0.00503,0.4733873703025864,0.7573380297747923,0.7573380297747923,16.37796447300923,unique_starts
1805,251,179,54,12,54,12,2,4.0,4.537037037037037,9,54,12,4.5,54,99,99,99,-0.2941176470588216,0.002675,0.00165,0.4733873703025864,0.5689519284458886,0.5689519284458886,4.136082763487955,unique_starts
1806,251,184,42,7,21,16,20,23.0,22.904761904761905,25,42,7,6.0,42,215,215,215,-0.6731517509727599,0.002675,0.00261,0.4733873703025864,0.4440022572428347,0.4733873703025864,23.21821789023599,unique_starts
1807,251,186,9,4,8,5,2,3.0,3.111111111111111,4,9,4,2.25,9,17,17,17,-0.3076923076922959,0.002675,0.00126,0.4733873703025864,0.4246314878988181,0.4733873703025864,3.353553390593274,unique_starts
1808,251,217,25,3,11,9,17,23.0,22.32,25,25,3,8.333333333333334,25,689,689,689,-0.9299719887955169,0.002675,0.003145,0.4733873703025864,0.5280768414975939,0.5280768414975939,23.301511344577765,unique_starts
1809,251,229,45,2,10,11,18,22.0,21.933333333333334,25,45,2,22.5,45,12,12,12,0.5789473684210424,0.002675,0.00306,0.4733873703025864,0.23617874098724062,0.4733873703025864,22.316227766016837,unique_starts
1810,251,230,44,2,11,11,19,23.0,22.954545454545453,25,44,2,22.0,44,118,118,118,-0.4567901234567873,0.002675,0.00344,0.4733873703025864,0.5276863910046072,0.5276863910046072,23.301511344577765,unique_starts
1811,251,243,479,21,118,87,8,14.0,14.521920668058454,25,479,21,22.80952380952381,479,107,107,107,0.6348122866894187,0.002675,0.002845,0.4733873703025864,0.47798288494927843,0.47798288494927843,14.092057461789832,unique_starts
1812,251,271,72,14,53,20,18,23.0,22.694444444444443,25,72,14,5.142857142857143,72,6,0,0,0.9999999999999862,0.002675,0.002355,0.4733873703025864,0.46904630509061107,0.4733873703025864,23.13736056394869,unique_starts
1813,251,273,511,15,77,101,9,17.0,17.39334637964775,25,511,15,34.06666666666667,511,243,243,243,0.35543766578249286,0.002675,0.0032,0.4733873703025864,0.505500130278,0.505500130278,17.11396057645964,unique_starts
1814,251,279,553,16,79,116,1,10.0,11.0,25,553,16,34.5625,553,39,39,39,0.8682432432432418,0.002675,0.00293,0.4733873703025864,0.40818291842784804,0.4733873703025864,10.112508790092603,unique_starts
1815,251,315,11,2,2,11,15,20.0,20.0,25,11,2,5.5,11,1,0,0,0.9999999999999091,0.002675,0.00307,0.4733873703025864,0.5338410601299857,0.5338410601299857,20.707106781186546,unique_starts
1816,251,316,67,6,24,21,17,23.0,22.671641791044777,25,67,6,11.166666666666666,67,56,56,56,0.08943089430894237,0.002675,0.0025,0.4733873703025864,0.4490634320386163,0.4733873703025864,23.20412414523193,unique_starts
1817,251,318,23,3,8,12,22,24.0,23.869565217391305,25,23,3,7.666666666666667,23,6,0,0,0.9999999999999566,0.002675,0.003055,0.4733873703025864,0.4226365509545472,0.4733873703025864,24.353553390593273,unique_starts
1818,251,319,292,24,133,57,2,6.0,7.325342465753424,25,292,24,12.166666666666666,292,188,188,188,0.2166666666666662,0.002675,0.002245,0.4733873703025864,0.4303008855946258,0.4733873703025864,6.086710996952412,unique_starts
1819,251,347,65,3,16,16,18,23.0,22.846153846153847,25,65,3,21.666666666666668,65,41,41,41,0.2264150943396205,0.002675,0.002635,0.4733873703025864,0.42694736380270404,0.4733873703025864,23.25,unique_starts
1820,251,385,49,5,23,10,18,22.0,22.26530612244898,25,49,5,9.8,49,148,148,148,-0.5025380710659874,0.002675,0.00381,0.4733873703025864,0.544885989019332,0.544885989019332,22.208514414057074,unique_starts
1821,251,398,19,2,4,7,18,22.0,21.68421052631579,25,19,2,9.5,19,0,0,0,0.9999999999999475,0.002675,0.00324,0.4733873703025864,0.4886541548049501,0.4886541548049501,22.5,unique_starts
1822,251,402,45,3,18,9,16,22.0,21.866666666666667,25,45,3,15.0,45,0,0,0,0.9999999999999777,0.002675,0.00217,0.4733873703025864,0.45222558449769595,0.4733873703025864,22.235702260395517,unique_starts
1823,251,410,8,3,8,3,21,24.0,23.625,25,8,3,2.6666666666666665,8,12,12,12,-0.19999999999999002,0.002675,0.002505,0.4733873703025864,0.5908932537877524,0.5908932537877524,24.353553390593273,unique_starts
1824,251,429,29,4,12,12,21,24.0,23.93103448275862,25,29,4,7.25,29,17,17,17,0.26086956521738563,0.002675,0.0033,0.4733873703025864,0.6319999683881292,0.6319999683881292,24.28867513459481,unique_starts
1825,251,432,62,6,25,17,10,21.0,20.06451612903226,25,62,6,10.333333333333334,62,0,0,0,0.9999999999999838,0.002675,0.002895,0.4733873703025864,0.38597465955399696,0.4733873703025864,21.2,unique_starts
1826,251,440,223,16,41,75,4,13.0,12.762331838565023,21,223,16,13.9375,223,110,110,110,0.3393393393393383,0.002675,0.002505,0.4733873703025864,0.4432001412722737,0.4733873703025864,13.156173761888606,unique_starts
1827,251,463,167,22,113,38,7,10.0,10.652694610778443,25,167,22,7.590909090909091,167,0,0,0,0.999999999999994,0.002675,0.00216,0.4733873703025864,0.5081641748793143,0.5081641748793143,10.09407208683836,unique_starts
1828,252,21,27,5,27,5,14,19.0,19.77777777777778,25,27,5,5.4,27,9,9,9,0.49999999999998607,0.00348,0.001335,0.32521551737612986,0.7000075364621832,0.7000075364621832,19.192450089729874,unique_starts
1829,252,39,1351,16,308,127,1,13.0,13.194670614359733,25,1351,16,84.4375,1351,1286,1286,1286,0.024649222601441024,0.00348,0.002705,0.32521551737612986,0.41176789607065134,0.41176789607065134,13.05698028822982,unique_starts
1830,252,77,82,2,22,8,11,18.0,17.951219512195124,25,82,2,41.0,82,0,0,0,0.9999999999999879,0.00348,0.00234,0.32521551737612986,0.4473317645634032,0.4473317645634032,18.21320071635561,unique_starts
1831,252,109,14,2,2,14,16,20.5,20.571428571428573,25,14,2,7.0,14,0,0,0,0.9999999999999286,0.00348,0.002985,0.32521551737612986,0.3581978582570581,0.3581978582570581,21.207106781186546,unique_starts
1832,252,121,33,6,23,9,19,23.0,22.939393939393938,25,33,6,5.5,33,0,0,0,0.9999999999999697,0.00348,0.00212,0.32521551737612986,0.4790562634901327,0.4790562634901327,23.208514414057074,unique_starts
1833,252,139,11,2,5,5,22,24.0,24.09090909090909,25,11,2,5.5,11,0,0,0,0.9999999999999091,0.00348,0.00315,0.32521551737612986,0.5763001546805818,0.5763001546805818,24.447213595499957,unique_starts
1834,252,169,420,12,96,53,7,16.0,16.414285714285715,25,420,12,35.0,420,160,160,160,0.44827586206896475,0.00348,0.003075,0.32521551737612986,0.5191317792488794,0.5191317792488794,16.102062072615965,unique_starts
1835,252,176,1998,13,232,207,1,17.0,15.86136136136136,25,1998,13,153.69230769230768,1998,36,0,0,0.9999999999999996,0.00348,0.00293,0.32521551737612986,0.4160949662438087,0.4160949662438087,17.06565321642986,unique_starts
1836,252,179,28,4,28,4,15,21.0,20.714285714285715,25,28,4,7.0,28,3,3,3,0.8064516129031999,0.00348,0.00165,0.32521551737612986,0.5689519284458886,0.5689519284458886,21.188982236504614,unique_starts
1837,252,186,9,3,9,3,15,18.0,19.333333333333332,25,9,3,3.0,9,0,0,0,0.9999999999998889,0.00348,0.00126,0.32521551737612986,0.4246314878988181,0.4246314878988181,18.333333333333332,unique_starts
1838,252,199,672,15,212,55,1,11.0,12.111607142857142,25,672,15,44.8,672,263,263,263,0.4374331550802134,0.00348,0.00268,0.32521551737612986,0.5690552560543798,0.5690552560543798,11.068680281974345,unique_starts
1839,252,243,52,4,15,16,19,24.0,23.23076923076923,25,52,4,13.0,52,0,0,0,0.9999999999999807,0.00348,0.002845,0.32521551737612986,0.47798288494927843,0.47798288494927843,24.25819888974716,unique_starts
1840,252,248,40,6,26,9,17,22.0,21.675,25,40,6,6.666666666666667,40,27,27,27,0.19402985074626578,0.00348,0.002135,0.32521551737612986,0.4551679911609592,0.4551679911609592,22.196116135138183,unique_starts
1841,252,259,5,3,5,3,1,4.0,7.4,25,5,3,1.6666666666666667,5,55,55,55,-0.8333333333333194,0.00348,0.00102,0.32521551737612986,1.0660615445434947,1.0660615445434947,4.447213595499958,unique_starts
1842,252,266,696,16,120,119,9,21.0,20.41522988505747,25,696,16,43.5,696,513,513,513,0.15136476426798995,0.00348,0.0038,0.32521551737612986,0.6115361362052629,0.6115361362052629,21.09128709291753,unique_starts
1843,252,273,31,6,17,13,20,24.0,23.70967741935484,25,31,6,5.166666666666667,31,8,8,8,0.5897435897435745,0.00348,0.0032,0.32521551737612986,0.505500130278,0.505500130278,24.242535625036332,unique_starts
1844,252,335,244,4,31,29,1,17.0,16.295081967213115,25,244,4,61.0,244,8,0,0,0.9999999999999959,0.00348,0.003265,0.32521551737612986,0.33863745508677673,0.33863745508677673,17.179605302026776,unique_starts
1845,252,371,5,2,3,3,1,2.0,1.8,3,5,2,2.5,5,88,88,88,-0.8924731182795603,0.00348,0.00072,0.32521551737612986,2.0840511964640234,2.0840511964640234,2.5773502691896257,unique_starts
1846,252,383,940,18,170,108,1,14.0,14.106382978723405,25,940,18,52.22222222222222,940,15,0,0,0.9999999999999989,0.00348,0.00295,0.32521551737612986,0.47953992323646644,0.47953992323646644,14.076696498884736,unique_starts
1847,252,430,104,5,32,30,18,24.0,23.10576923076923,25,104,5,20.8,104,153,153,153,-0.19066147859922103,0.00348,0.00263,0.32521551737612986,0.45111919326183225,0.45111919326183225,24.17677669529664,unique_starts
1848,252,433,83,3,22,14,10,21.0,19.72289156626506,25,83,3,27.666666666666668,83,150,150,150,-0.2875536480686683,0.00348,0.00295,0.32521551737612986,0.4187955072680345,0.4187955072680345,21.21320071635561,unique_starts
1849,252,462,129,4,29,31,15,23.0,22.48062015503876,25,129,4,32.25,129,26,26,26,0.6645161290322538,0.00348,0.00335,0.32521551737612986,0.4622577751318516,0.4622577751318516,23.18569533817705,unique_starts
1850,252,487,17,3,6,10,15,23.0,20.823529411764707,25,17,3,5.666666666666667,17,28,28,28,-0.244444444444439,0.00348,0.00309,0.32521551737612986,0.4986519883489159,0.4986519883489159,23.408248290463863,unique_starts
1851,258,2,138,5,29,37,1,6.0,6.601449275362318,16,138,5,27.6,138,0,0,0,0.9999999999999928,0.00251,0.00384,0.4379225923469485,0.49557695833984555,0.49557695833984555,6.185695338177052,unique_starts
1852,258,7,9,2,3,5,3,5.0,7.222222222222222,25,9,2,4.5,9,0,0,0,0.9999999999998889,0.00251,0.00345,0.4379225923469485,0.473565075387291,0.473565075387291,5.577350269189626,unique_starts
1853,258,21,71,14,70,16,6,11.0,10.943661971830986,18,71,14,5.071428571428571,71,23,23,23,0.5106382978723351,0.00251,0.001335,0.4379225923469485,0.7000075364621832,0.7000075364621832,11.11952286093344,unique_starts
1854,258,22,122,10,28,66,1,5.0,5.295081967213115,13,122,10,12.2,122,0,0,0,0.9999999999999919,0.00251,0.00375,0.4379225923469485,0.6446610524678009,0.6446610524678009,5.188982236504613,unique_starts
1855,258,43,470,22,145,77,6,13.0,14.053191489361701,25,470,22,21.363636363636363,470,9,0,0,0.9999999999999978,0.00251,0.00192,0.4379225923469485,0.4331654262548746,0.4379225923469485,13.08304547985374,unique_starts
1856,258,77,3,2,3,2,12,14.0,13.666666666666666,15,3,2,1.5,3,0,0,0,0.9999999999996666,0.00251,0.00234,0.4379225923469485,0.4473317645634032,0.4473317645634032,14.577350269189626,unique_starts
1857,258,80,712,19,119,177,1,7.0,8.151685393258427,25,712,19,37.473684210526315,712,122,122,122,0.7074340527577929,0.00251,0.003105,0.4379225923469485,0.54911977059455,0.54911977059455,7.091669849702821,unique_starts
1858,258,117,142,12,43,46,18,24.0,23.190140845070424,25,142,12,11.833333333333334,142,0,0,0,0.999999999999993,0.00251,0.002995,0.4379225923469485,0.4921561459247037,0.4921561459247037,24.152498570332604,unique_starts
1859,258,118,43,2,5,13,14,20.0,20.186046511627907,25,43,2,21.5,43,35,35,35,0.10256410256410126,0.00251,0.002715,0.4379225923469485,0.3381375536578267,0.4379225923469485,20.447213595499957,unique_starts
1860,258,138,96,4,14,29,12,21.0,20.552083333333332,25,96,4,24.0,96,441,441,441,-0.642458100558658,0.00251,0.002785,0.4379225923469485,0.37021778866614363,0.4379225923469485,21.267261241912426,unique_starts
1861,258,139,13,2,4,5,4,22.0,21.076923076923077,25,13,2,6.5,13,283,283,283,-0.9121621621621591,0.00251,0.00315,0.4379225923469485,0.5763001546805818,0.5763001546805818,22.5,unique_starts
1862,258,149,8,2,2,8,6,7.5,7.5,9,8,2,4.0,8,114,114,114,-0.8688524590163864,0.00251,0.002245,0.4379225923469485,0.4477196573186491,0.4477196573186491,8.207106781186548,unique_starts
1863,258,171,309,12,54,88,7,15.0,15.239482200647249,25,309,12,25.75,309,47,47,47,0.7359550561797732,0.00251,0.00343,0.4379225923469485,0.6091865893282263,0.6091865893282263,15.136082763487954,unique_starts
1864,258,173,103,10,50,22,15,19.0,18.78640776699029,23,103,10,10.3,103,341,341,341,-0.5360360360360348,0.00251,0.002675,0.4379225923469485,0.5108604177721788,0.5108604177721788,19.14142135623731,unique_starts
1865,258,175,1631,38,324,292,1,7.0,8.034947884733292,21,1631,38,42.921052631578945,1631,259,259,259,0.7259259259259255,0.00251,0.00503,0.4379225923469485,0.7573380297747923,0.7573380297747923,7.055555555555555,unique_starts
1866,258,179,85,15,85,15,5,10.0,11.141176470588235,22,85,15,5.666666666666667,85,4,4,4,0.9101123595505516,0.00251,0.00165,0.4379225923469485,0.5689519284458886,0.5689519284458886,10.108465228909328,unique_starts
1867,258,186,81,12,81,14,6,12.0,12.580246913580247,22,81,12,6.75,81,14,14,14,0.7052631578947295,0.00251,0.00126,0.4379225923469485,0.4246314878988181,0.4379225923469485,12.11111111111111,unique_starts
1868,258,196,34,3,6,18,1,13.5,13.764705882352942,25,34,3,11.333333333333334,34,11,11,11,0.5111111111110997,0.00251,0.00287,0.4379225923469485,0.36280201708894627,0.4379225923469485,13.908248290463863,unique_starts
1869,258,248,167,26,164,33,9,15.0,15.946107784431138,25,167,26,6.423076923076923,167,54,54,54,0.5113122171945679,0.00251,0.002135,0.4379225923469485,0.4551679911609592,0.4551679911609592,15.078086880944303,unique_starts
1870,258,259,13,2,12,3,5,11.0,13.692307692307692,25,13,2,6.5,13,4,0,0,0.9999999999999231,0.00251,0.00102,0.4379225923469485,1.0660615445434947,1.0660615445434947,11.288675134594813,unique_starts
1871,258,268,240,12,50,73,7,14.0,13.620833333333334,20,240,12,20.0,240,620,620,620,-0.4418604651162785,0.00251,0.00255,0.4379225923469485,0.43791978219162725,0.4379225923469485,14.14142135623731,unique_starts
1872,258,271,34,8,23,13,15,18.5,19.441176470588236,25,34,8,4.25,34,245,245,245,-0.756272401433689,0.00251,0.002355,0.4379225923469485,0.46904630509061107,0.46904630509061107,18.708514414057074,unique_starts
1873,258,281,666,15,112,118,12,20.0,20.237237237237238,25,666,15,44.4,666,38,38,38,0.8920454545454533,0.00251,0.003665,0.4379225923469485,0.5084243360159619,0.5084243360159619,20.094491118252307,unique_starts
1874,258,340,80,7,28,37,20,24.0,23.65,25,80,7,11.428571428571429,80,800,800,800,-0.8181818181818172,0.00251,0.00264,0.4379225923469485,0.388332655852337,0.4379225923469485,24.188982236504614,unique_starts
1875,258,410,28,9,19,15,15,24.0,22.25,25,28,9,3.111111111111111,28,32,32,32,-0.06666666666666556,0.00251,0.002505,0.4379225923469485,0.5908932537877524,0.5908932537877524,24.22941573387056,unique_starts
1876,258,463,281,27,164,58,10,17.0,17.18861209964413,25,281,27,10.407407407407407,281,0,0,0,0.9999999999999963,0.00251,0.00216,0.4379225923469485,0.5081641748793143,0.5081641748793143,17.0780868809443,unique_starts
1877,258,481,162,7,38,38,14,21.0,20.969135802469136,25,162,7,23.142857142857142,162,0,0,0,0.9999999999999939,0.00251,0.00295,0.4379225923469485,0.3715708750101002,0.4379225923469485,21.162221421130763,unique_starts
1878,259,10,29,5,6,20,9,17.0,16.689655172413794,25,29,5,5.8,29,18,18,18,0.23404255319148437,0.00102,0.003525,1.0660615445434947,0.49946110985903625,1.0660615445434947,17.408248290463863,unique_starts
1879,259,16,23,3,5,23,1,12.0,13.608695652173912,25,23,3,7.666666666666667,23,0,0,0,0.9999999999999566,0.00102,0.00306,1.0660615445434947,0.3930741805154096,1.0660615445434947,12.447213595499958,unique_starts
1880,259,24,6,2,2,6,21,23.5,23.333333333333332,25,6,2,3.0,6,2,0,0,0.9999999999998334,0.00102,0.002975,1.0660615445434947,0.4451639107771672,1.0660615445434947,24.207106781186546,unique_starts
1881,259,39,45,8,11,33,1,15.0,14.177777777777777,25,45,8,5.625,45,19,19,19,0.40624999999999367,0.00102,0.002705,1.0660615445434947,0.41176789607065134,1.0660615445434947,15.301511344577763,unique_starts
1882,259,58,15,2,2,15,17,22.0,21.6,25,15,2,7.5,15,0,0,0,0.9999999999999333,0.00102,0.0027,1.0660615445434947,0.45943690378043944,1.0660615445434947,22.707106781186546,unique_starts
1883,259,109,35,6,9,33,1,13.0,13.971428571428572,25,35,6,5.833333333333333,35,132,132,132,-0.58083832335329,0.00102,0.002985,1.0660615445434947,0.3581978582570581,1.0660615445434947,13.333333333333334,unique_starts
1884,259,115,32,6,9,32,9,15.0,15.5625,25,32,6,5.333333333333333,32,32,32,32,0.0,0.00102,0.002855,1.0660615445434947,0.4573735327292514,1.0660615445434947,15.333333333333334,unique_starts
1885,259,117,16,3,5,16,11,14.5,16.0,22,16,3,5.333333333333333,16,30,30,30,-0.3043478260869499,0.00102,0.002995,1.0660615445434947,0.4921561459247037,1.0660615445434947,14.947213595499958,unique_starts
1886,259,118,28,2,6,15,1,21.0,17.571428571428573,25,28,2,14.0,28,28,0,0,0.9999999999999644,0.00102,0.002715,1.0660615445434947,0.3381375536578267,1.0660615445434947,21.408248290463863,unique_starts
1887,259,146,10,3,4,10,1,2.5,4.7,15,10,3,3.3333333333333335,10,2,0,0,0.9999999999999,0.00102,0.00289,1.0660615445434947,0.49858717633061933,1.0660615445434947,3.0,unique_starts
1888,259,149,15,3,5,11,1,6.0,6.733333333333333,13,15,3,5.0,15,6,6,6,0.4285714285714082,0.00102,0.002245,1.0660615445434947,0.4477196573186491,1.0660615445434947,6.447213595499958,unique_starts
1889,259,157,12,2,4,8,9,12.0,12.0,14,12,2,6.0,12,10,0,0,0.9999999999999166,0.00102,0.00224,1.0660615445434947,0.4360808470049738,1.0660615445434947,12.5,unique_starts
1890,259,163,8,4,5,7,1,6.5,10.125,22,8,4,2.0,8,178,178,178,-0.913978494623651,0.00102,0.000755,1.0660615445434947,0.8074492857931624,1.0660615445434947,6.947213595499958,unique_starts
1891,259,169,26,4,5,23,15,22.0,21.423076923076923,25,26,4,6.5,26,5,5,5,0.6774193548386879,0.00102,0.003075,1.0660615445434947,0.5191317792488794,1.0660615445434947,22.447213595499957,unique_starts
1892,259,171,6,2,2,6,10,22.5,19.166666666666668,25,6,2,3.0,6,25,25,25,-0.6129032258064319,0.00102,0.00343,1.0660615445434947,0.6091865893282263,1.0660615445434947,23.207106781186546,unique_starts
1893,259,199,41,5,8,25,8,20.0,19.658536585365855,25,41,5,8.2,41,78,78,78,-0.31092436974789656,0.00102,0.00268,1.0660615445434947,0.5690552560543798,1.0660615445434947,20.353553390593273,unique_starts
1894,259,205,24,14,16,23,3,10.5,10.458333333333334,19,24,14,1.7142857142857142,24,6,6,6,0.59999999999998,0.00102,0.00069,1.0660615445434947,0.4815721475373711,1.0660615445434947,10.75,unique_starts
1895,259,207,25,2,4,13,2,8.0,10.28,25,25,2,12.5,25,13,13,13,0.3157894736842022,0.00102,0.002905,1.0660615445434947,0.5142383888493315,1.0660615445434947,8.5,unique_starts
1896,259,217,27,3,3,27,14,20.0,20.0,25,27,3,9.0,27,1,0,0,0.999999999999963,0.00102,0.003145,1.0660615445434947,0.5280768414975939,1.0660615445434947,20.577350269189626,unique_starts
1897,259,224,17,2,2,17,5,13.0,14.176470588235293,25,17,2,8.5,17,10,10,10,0.2592592592592497,0.00102,0.003435,1.0660615445434947,0.5524327933598494,1.0660615445434947,13.707106781186548,unique_starts
1898,259,238,33,3,8,27,11,16.0,17.272727272727273,25,33,3,11.0,33,7,7,7,0.6499999999999837,0.00102,0.002405,1.0660615445434947,0.44709407160762304,1.0660615445434947,16.353553390593273,unique_starts
1899,259,247,37,6,9,32,1,11.0,10.702702702702704,25,37,6,6.166666666666667,37,70,70,70,-0.3084112149532682,0.00102,0.002885,1.0660615445434947,0.36620018911671115,1.0660615445434947,11.333333333333334,unique_starts
1900,259,252,55,6,6,55,1,16.0,15.49090909090909,25,55,6,9.166666666666666,55,5,5,5,0.8333333333333194,0.00102,0.00348,1.0660615445434947,0.32521551737612986,1.0660615445434947,16.408248290463863,unique_starts
1901,259,262,20,2,4,13,18,23.0,22.65,25,20,2,10.0,20,33,0,0,0.99999999999995,0.00102,0.00278,1.0660615445434947,0.20145072035126035,1.0660615445434947,23.5,unique_starts
1902,259,288,46,3,7,30,1,6.0,7.130434782608695,19,46,3,15.333333333333334,46,22,22,22,0.3529411764705831,0.00102,0.002855,1.0660615445434947,0.3565540314868625,1.0660615445434947,6.377964473009227,unique_starts
1903,259,290,9,2,2,9,7,17.0,15.0,21,9,2,4.5,9,0,0,0,0.9999999999998889,0.00102,0.002905,1.0660615445434947,0.5506580655999675,1.0660615445434947,17.707106781186546,unique_starts
1904,259,294,18,3,3,18,13,18.0,18.5,25,18,3,6.0,18,3,0,0,0.9999999999999445,0.00102,0.00253,1.0660615445434947,0.42896663505169463,1.0660615445434947,18.577350269189626,unique_starts
1905,259,304,17,2,2,17,10,17.0,16.705882352941178,23,17,2,8.5,17,4,0,0,0.9999999999999413,0.00102,0.003015,1.0660615445434947,0.5149114583441843,1.0660615445434947,17.707106781186546,unique_starts
1906,259,309,7,3,3,7,10,12.0,12.571428571428571,19,7,3,2.3333333333333335,7,31,31,31,-0.6315789473684044,0.00102,0.003055,1.0660615445434947,0.48484104579254805,1.0660615445434947,12.577350269189626,unique_starts
1907,259,316,64,12,15,61,1,13.0,13.359375,25,64,12,5.333333333333333,64,12,12,12,0.6842105263157805,0.00102,0.0025,1.0660615445434947,0.4490634320386163,1.0660615445434947,13.258198889747161,unique_starts
1908,259,324,4,2,2,4,6,14.5,14.75,24,4,2,2.0,4,1,0,0,0.99999999999975,0.00102,0.00328,1.0660615445434947,0.38585339304776145,1.0660615445434947,15.207106781186548,unique_starts
1909,259,328,68,12,21,56,1,3.0,2.7058823529411766,6,68,12,5.666666666666667,68,0,0,0,0.9999999999999853,0.00102,0.00278,1.0660615445434947,0.4295227114706557,1.0660615445434947,3.2182178902359926,unique_starts
1910,259,371,7,5,7,6,1,17.0,12.428571428571429,21,7,5,1.4,7,105,105,105,-0.8749999999999922,0.00102,0.00072,1.0660615445434947,2.0840511964640234,2.0840511964640234,17.37796447300923,unique_starts
1911,259,382,30,5,7,23,1,5.5,6.2,17,30,5,6.0,30,3,0,0,0.9999999999999667,0.00102,0.00306,1.0660615445434947,0.5168753927781407,1.0660615445434947,5.877964473009227,unique_starts
1912,259,383,17,2,3,10,15,19.0,19.470588235294116,25,17,2,8.5,17,0,0,0,0.9999999999999413,0.00102,0.00295,1.0660615445434947,0.47953992323646644,1.0660615445434947,19.577350269189626,unique_starts
1913,259,385,10,3,3,10,1,23.0,17.4,25,10,3,3.3333333333333335,10,22,22,22,-0.3749999999999883,0.00102,0.00381,1.0660615445434947,0.544885989019332,1.0660615445434947,23.577350269189626,unique_starts
1914,259,389,9,2,2,9,18,20.0,20.22222222222222,22,9,2,4.5,9,0,0,0,0.9999999999998889,0.00102,0.002875,1.0660615445434947,0.26692962496119355,1.0660615445434947,20.707106781186546,unique_starts
1915,259,398,24,2,4,12,1,10.0,9.75,16,24,2,12.0,24,6,6,6,0.59999999999998,0.00102,0.00324,1.0660615445434947,0.4886541548049501,1.0660615445434947,10.5,unique_starts
1916,259,404,91,11,18,70,3,9.0,9.505494505494505,20,91,11,8.272727272727273,91,6,6,6,0.8762886597938054,0.00102,0.00219,1.0660615445434947,0.5171261636058332,1.0660615445434947,9.235702260395517,unique_starts
1917,259,410,14,4,5,13,1,3.5,3.4285714285714284,6,14,4,3.5,14,2,0,0,0.9999999999999286,0.00102,0.002505,1.0660615445434947,0.5908932537877524,1.0660615445434947,3.947213595499958,unique_starts
1918,259,485,29,4,5,23,3,15.0,14.620689655172415,25,29,4,7.25,29,2,0,0,0.9999999999999656,0.00102,0.002155,1.0660615445434947,0.43599835801952425,1.0660615445434947,15.447213595499958,unique_starts
1919,259,494,101,10,15,95,4,10.0,10.435643564356436,25,101,10,10.1,101,45,45,45,0.3835616438356138,0.00102,0.002885,1.0660615445434947,0.4433285498558166,1.0660615445434947,10.258198889747161,unique_starts
1920,261,28,150,7,26,40,9,17.0,16.58,24,150,7,21.428571428571427,150,6,6,6,0.9230769230769172,0.003005,0.002415,0.3332476057918914,0.42854134755998907,0.42854134755998907,17.196116135138183,unique_starts
1921,261,77,99,2,25,8,9,17.0,17.13131313131313,25,99,2,49.5,99,0,0,0,0.9999999999999899,0.003005,0.00234,0.3332476057918914,0.4473317645634032,0.4473317645634032,17.2,unique_starts
1922,261,139,11,2,5,5,22,24.0,23.818181818181817,25,11,2,5.5,11,0,0,0,0.9999999999999091,0.003005,0.00315,0.3332476057918914,0.5763001546805818,0.5763001546805818,24.447213595499957,unique_starts
1923,261,144,146,6,31,37,17,23.0,22.315068493150687,25,146,6,24.333333333333332,146,8,0,0,0.9999999999999932,0.003005,0.00326,0.3332476057918914,0.4284130917563028,0.4284130917563028,23.179605302026776,unique_starts
1924,261,157,106,4,21,14,1,8.0,8.047169811320755,17,106,4,26.5,106,20,0,0,0.9999999999999906,0.003005,0.00224,0.3332476057918914,0.4360808470049738,0.4360808470049738,8.218217890235993,unique_starts
1925,261,175,24,2,6,8,18,22.0,21.666666666666668,25,24,2,12.0,24,9,0,0,0.9999999999999584,0.003005,0.00503,0.3332476057918914,0.7573380297747923,0.7573380297747923,22.408248290463863,unique_starts
1926,261,179,31,6,31,6,9,13.0,14.064516129032258,22,31,6,5.166666666666667,31,13,13,13,0.4090909090908998,0.003005,0.00165,0.3332476057918914,0.5689519284458886,0.5689519284458886,13.179605302026776,unique_starts
1927,261,271,5,2,5,2,15,16.0,16.4,18,5,2,2.5,5,9,9,9,-0.2857142857142653,0.003005,0.002355,0.3332476057918914,0.46904630509061107,0.46904630509061107,16.447213595499957,unique_starts
1928,261,279,9,2,6,5,1,21.0,13.88888888888889,25,9,2,4.5,9,45,0,0,0.9999999999998889,0.003005,0.00293,0.3332476057918914,0.40818291842784804,0.40818291842784804,21.408248290463863,unique_starts
1929,261,319,136,10,68,23,12,17.5,18.397058823529413,25,136,10,13.6,136,196,196,196,-0.1807228915662645,0.003005,0.002245,0.3332476057918914,0.4303008855946258,0.4303008855946258,17.621267812518166,unique_starts
1930,261,410,23,6,15,9,22,24.0,23.82608695652174,25,23,6,3.8333333333333335,23,25,0,0,0.9999999999999566,0.003005,0.002505,0.3332476057918914,0.5908932537877524,0.5908932537877524,24.25819888974716,unique_starts
1931,261,429,143,8,31,44,16,21.0,21.181818181818183,25,143,8,17.875,143,48,0,0,0.999999999999993,0.003005,0.0033,0.3332476057918914,0.6319999683881292,0.6319999683881292,21.179605302026776,unique_starts
1932,261,440,92,7,28,33,1,12.0,12.173913043478262,25,92,7,13.142857142857142,92,116,116,116,-0.11538461538461484,0.003005,0.002505,0.3332476057918914,0.4432001412722737,0.4432001412722737,12.188982236504614,unique_starts
1933,261,481,105,4,13,38,1,8.0,8.99047619047619,25,105,4,26.25,105,314,314,314,-0.49880668257756444,0.003005,0.00295,0.3332476057918914,0.3715708750101002,0.3715708750101002,8.277350098112615,unique_starts
1934,262,3,371,2,66,28,1,18.0,17.194070080862534,25,371,2,185.5,371,169,169,169,0.3740740740740734,0.00278,0.003565,0.20145072035126035,0.5904218374331804,0.5904218374331804,18.123091490979334,unique_starts
1935,262,121,52,2,52,3,8,16.5,16.53846153846154,25,52,2,26.0,52,0,0,0,0.9999999999999807,0.00278,0.00212,0.20145072035126035,0.4790562634901327,0.4790562634901327,16.638675049056307,unique_starts
1936,262,179,101,3,101,6,1,10.0,10.415841584158416,25,101,3,33.666666666666664,101,97,97,97,0.0202020202020201,0.00278,0.00165,0.20145072035126035,0.5689519284458886,0.5689519284458886,10.099503719021,unique_starts
1937,262,206,130,2,25,16,10,21.0,19.93076923076923,25,130,2,65.0,130,289,289,289,-0.37947494033412793,0.00278,0.002645,0.20145072035126035,0.4388475670472349,0.4388475670472349,21.2,unique_starts
1938,262,247,148,4,18,26,1,10.0,10.195945945945946,25,148,4,37.0,148,126,126,126,0.0802919708029194,0.00278,0.002885,0.20145072035126035,0.36620018911671115,0.36620018911671115,10.235702260395517,unique_starts
1939,262,487,348,3,110,36,1,10.5,11.46264367816092,25,348,3,116.0,348,501,501,501,-0.1802120141342754,0.00278,0.00309,0.20145072035126035,0.4986519883489159,0.4986519883489159,10.59534625892456,unique_starts
1940,266,3,2649,33,390,380,7,16.0,16.391090977727444,25,2649,33,80.27272727272727,2649,50,50,50,0.9629492404594291,0.0038,0.003565,0.6115361362052629,0.5904218374331804,0.6115361362052629,16.050636968354183,unique_starts
1941,266,39,408,15,125,66,7,19.0,18.71323529411765,25,408,15,27.2,408,1469,1469,1469,-0.565263718700053,0.0038,0.002705,0.6115361362052629,0.41176789607065134,0.6115361362052629,19.089442719099992,unique_starts
1942,266,46,10,2,10,3,9,11.0,11.0,13,10,2,5.0,10,0,0,0,0.9999999999999,0.0038,0.00281,0.6115361362052629,0.4994811286042713,0.6115361362052629,11.316227766016837,unique_starts
1943,266,169,33,4,14,11,21,24.0,23.696969696969695,25,33,4,8.25,33,89,89,89,-0.4590163934426192,0.0038,0.003075,0.6115361362052629,0.5191317792488794,0.6115361362052629,24.267261241912426,unique_starts
1944,266,176,433,13,123,103,1,23.0,21.86605080831409,25,433,13,33.30769230769231,433,4123,4123,4123,-0.8099209833187004,0.0038,0.00293,0.6115361362052629,0.4160949662438087,0.6115361362052629,23.090166963466743,unique_starts
1945,266,199,152,5,34,28,9,19.5,18.973684210526315,25,152,5,30.4,152,363,363,363,-0.40970873786407686,0.0038,0.00268,0.6115361362052629,0.5690552560543798,0.6115361362052629,19.67149858514251,unique_starts
1946,266,206,877,28,245,225,15,23.0,22.762827822120865,25,877,28,31.321428571428573,877,1545,1545,1545,-0.27580511973575544,0.0038,0.002645,0.6115361362052629,0.4388475670472349,0.6115361362052629,23.063887656499993,unique_starts
1947,266,213,35,2,10,9,5,10.0,9.6,14,35,2,17.5,35,0,0,0,0.9999999999999714,0.0038,0.00257,0.6115361362052629,0.4255281791303589,0.6115361362052629,10.316227766016837,unique_starts
1948,266,238,28,2,11,5,12,16.0,16.428571428571427,21,28,2,14.0,28,13,0,0,0.9999999999999644,0.0038,0.002405,0.6115361362052629,0.44709407160762304,0.6115361362052629,16.301511344577765,unique_starts
1949,266,252,513,12,97,79,4,17.0,16.82456140350877,25,513,12,42.75,513,696,696,696,-0.15136476426798995,0.0038,0.00348,0.6115361362052629,0.32521551737612986,0.6115361362052629,17.101534616513362,unique_starts
1950,266,290,39,2,13,6,6,11.0,11.076923076923077,15,39,2,19.5,39,0,0,0,0.9999999999999744,0.0038,0.002905,0.6115361362052629,0.5506580655999675,0.6115361362052629,11.277350098112615,unique_starts
1951,266,328,649,14,94,108,1,7.0,7.248073959938367,17,649,14,46.357142857142854,649,5,5,5,0.9847094801223226,0.0038,0.00278,0.6115361362052629,0.4295227114706557,0.6115361362052629,7.1031421246258795,unique_starts
1952,266,383,615,26,146,133,9,22.0,20.54959349593496,25,615,26,23.653846153846153,615,66,66,66,0.8061674008810561,0.0038,0.00295,0.6115361362052629,0.47953992323646644,0.6115361362052629,22.082760588860236,unique_starts
1953,266,404,201,5,41,38,8,14.0,14.417910447761194,25,201,5,40.2,201,83,83,83,0.4154929577464774,0.0038,0.00219,0.6115361362052629,0.5171261636058332,0.6115361362052629,14.156173761888606,unique_starts
1954,266,406,224,13,88,49,14,21.0,20.875,25,224,13,17.23076923076923,224,83,83,83,0.4592833876221483,0.0038,0.002805,0.6115361362052629,0.47566766402598537,0.6115361362052629,21.106600358177804,unique_starts
1955,266,430,3053,33,404,407,1,9.0,9.382902063544055,23,3053,33,92.51515151515152,3053,209,209,209,0.8718577559779274,0.0038,0.00263,0.6115361362052629,0.45111919326183225,0.6115361362052629,9.049751859510499,unique_starts
1956,266,462,12,3,9,8,1,2.0,3.9166666666666665,25,12,3,4.0,12,238,238,238,-0.9039999999999964,0.0038,0.00335,0.6115361362052629,0.4622577751318516,0.6115361362052629,2.3333333333333335,unique_starts
1957,266,474,41,3,20,7,12,16.0,15.75609756097561,20,41,3,13.666666666666666,41,27,27,27,0.20588235294117346,0.0038,0.002335,0.6115361362052629,0.47326325022320526,0.6115361362052629,16.22360679774998,unique_starts
1958,266,487,217,10,80,36,1,5.0,4.972350230414746,10,217,10,21.7,217,484,484,484,-0.3808844507845929,0.0038,0.00309,0.6115361362052629,0.4986519883489159,0.6115361362052629,5.111803398874989,unique_starts
1959,266,494,313,11,72,60,6,17.0,16.945686900958467,25,313,11,28.454545454545453,313,45,45,45,0.7486033519553051,0.0038,0.002885,0.6115361362052629,0.4433285498558166,0.6115361362052629,17.117851130197757,unique_starts
1960,268,8,46,4,13,13,17,21.0,21.043478260869566,25,46,4,11.5,46,0,0,0,0.9999999999999782,0.00255,0.00305,0.43791978219162725,0.5406985617322061,0.5406985617322061,21.277350098112613,unique_starts
1961,268,10,60,4,15,18,16,22.0,21.95,25,60,4,15.0,60,41,41,41,0.18811881188118626,0.00255,0.003525,0.43791978219162725,0.49946110985903625,0.49946110985903625,22.25819888974716,unique_starts
1962,268,42,2517,35,362,360,9,17.0,17.614223281684545,25,2517,35,71.91428571428571,2517,186,186,186,0.8623751387347389,0.00255,0.002905,0.43791978219162725,0.49705178564663943,0.49705178564663943,17.052558833122763,unique_starts
1963,268,63,66,3,16,12,11,16.0,15.757575757575758,21,66,3,22.0,66,345,345,345,-0.6788321167883195,0.00255,0.00318,0.43791978219162725,0.5301456261038152,0.5301456261038152,16.25,unique_starts
1964,268,80,80,11,44,38,1,24.0,23.825,25,80,11,7.2727272727272725,80,1666,1666,1666,-0.9083619702176399,0.00255,0.003105,0.43791978219162725,0.54911977059455,0.54911977059455,24.15075567228888,unique_starts
1965,268,112,25,3,21,4,1,5.0,5.0,11,25,3,8.333333333333334,25,0,0,0,0.99999999999996,0.00255,0.00296,0.43791978219162725,0.4285491187954342,0.43791978219162725,5.218217890235993,unique_starts
1966,268,117,15,3,8,8,23,25.0,24.4,25,15,3,5.0,15,76,76,76,-0.670329670329663,0.00255,0.002995,0.43791978219162725,0.4921561459247037,0.4921561459247037,25.353553390593273,unique_starts
1967,268,149,22,5,12,9,21,24.0,23.863636363636363,25,22,5,4.4,22,598,598,598,-0.9290322580645146,0.00255,0.002245,0.43791978219162725,0.4477196573186491,0.4477196573186491,24.28867513459481,unique_starts
1968,268,163,24,3,18,5,6,8.0,8.25,12,24,3,8.0,24,0,0,0,0.9999999999999584,0.00255,0.000755,0.43791978219162725,0.8074492857931624,0.8074492857931624,8.235702260395517,unique_starts
1969,268,171,77,10,62,21,1,12.0,10.324675324675324,20,77,10,7.7,77,5,5,5,0.8780487804877942,0.00255,0.00343,0.43791978219162725,0.6091865893282263,0.6091865893282263,12.12700012700019,unique_starts
1970,268,173,265,19,143,46,1,12.0,11.49433962264151,21,265,19,13.947368421052632,265,21,21,21,0.8531468531468501,0.00255,0.002675,0.43791978219162725,0.5108604177721788,0.5108604177721788,12.08362420100071,unique_starts
1971,268,205,17,2,17,2,1,5.0,5.764705882352941,12,17,2,8.5,17,0,0,0,0.9999999999999413,0.00255,0.00069,0.43791978219162725,0.4815721475373711,0.4815721475373711,5.242535625036333,unique_starts
1972,268,238,25,2,6,6,18,22.0,21.96,25,25,2,12.5,25,163,163,163,-0.7340425531914855,0.00255,0.002405,0.43791978219162725,0.44709407160762304,0.44709407160762304,22.408248290463863,unique_starts
1973,268,258,620,19,162,115,15,22.0,22.01290322580645,25,620,19,32.63157894736842,620,240,240,240,0.4418604651162785,0.00255,0.00251,0.43791978219162725,0.4379225923469485,0.4379225923469485,22.07856742013184,unique_starts
1974,268,259,33,4,29,6,3,12.0,11.606060606060606,19,33,4,8.25,33,0,0,0,0.9999999999999697,0.00255,0.00102,0.43791978219162725,1.0660615445434947,1.0660615445434947,12.185695338177052,unique_starts
1975,268,271,527,35,349,80,1,7.0,7.39089184060721,20,527,35,15.057142857142857,527,10,10,10,0.9627560521415252,0.00255,0.002355,0.43791978219162725,0.46904630509061107,0.46904630509061107,7.053528772757219,unique_starts
1976,268,340,95,5,30,19,6,11.0,11.589473684210526,25,95,5,19.0,95,240,240,240,-0.4328358208955211,0.00255,0.00264,0.43791978219162725,0.388332655852337,0.43791978219162725,11.182574185835055,unique_starts
1977,268,371,14,3,14,3,5,7.0,6.928571428571429,10,14,3,4.666666666666667,14,0,0,0,0.9999999999999286,0.00255,0.00072,0.43791978219162725,2.0840511964640234,2.0840511964640234,7.267261241912425,unique_starts
1978,268,382,198,7,44,37,10,16.0,16.318181818181817,24,198,7,28.285714285714285,198,159,159,159,0.10924369747899128,0.00255,0.00306,0.43791978219162725,0.5168753927781407,0.5168753927781407,16.15075567228888,unique_starts
1979,268,410,139,13,75,30,1,8.0,7.892086330935252,15,139,13,10.692307692307692,139,120,120,120,0.07335907335907307,0.00255,0.002505,0.43791978219162725,0.5908932537877524,0.5908932537877524,8.115470053837925,unique_starts
1980,268,494,61,2,14,15,17,22.0,22.19672131147541,25,61,2,30.5,61,0,0,0,0.9999999999999836,0.00255,0.002885,0.43791978219162725,0.4433285498558166,0.4433285498558166,22.267261241912426,unique_starts
1981,271,2,22,6,7,20,20,23.5,23.227272727272727,25,22,6,3.6666666666666665,22,74,74,74,-0.5416666666666611,0.002355,0.00384,0.46904630509061107,0.49557695833984555,0.49557695833984555,23.87796447300923,unique_starts
1982,271,7,84,7,16,28,14,21.0,20.976190476190474,25,84,7,12.0,84,30,30,30,0.47368421052631166,0.002355,0.00345,0.46904630509061107,0.473565075387291,0.473565075387291,21.25,unique_starts
1983,271,8,582,38,98,297,5,16.0,15.436426116838488,25,582,38,15.31578947368421,582,57,57,57,0.821596244131454,0.002355,0.00305,0.46904630509061107,0.5406985617322061,0.5406985617322061,16.10101525445522,unique_starts
1984,271,22,51,10,16,40,17,24.0,23.137254901960784,25,51,10,5.1,51,13,13,13,0.5937499999999908,0.002355,0.00375,0.46904630509061107,0.6446610524678009,0.6446610524678009,24.25,unique_starts
1985,271,28,62,18,34,45,1,22.0,14.903225806451612,25,62,18,3.4444444444444446,62,152,152,152,-0.42056074766354945,0.002355,0.002415,0.46904630509061107,0.42854134755998907,0.46904630509061107,22.17149858514251,unique_starts
1986,271,42,723,47,112,416,1,10.0,9.544951590594744,20,723,47,15.382978723404255,723,11,11,11,0.9700272479564019,0.002355,0.002905,0.46904630509061107,0.49705178564663943,0.49705178564663943,10.094491118252307,unique_starts
1987,271,56,582,37,107,272,1,9.0,8.235395189003436,17,582,37,15.72972972972973,582,45,45,45,0.8564593301435393,0.002355,0.003085,0.46904630509061107,0.5396960390661362,0.5396960390661362,9.096673648904567,unique_starts
1988,271,63,30,5,12,10,2,8.0,7.5,11,30,5,6.0,30,29,29,29,0.016949152542372593,0.002355,0.00318,0.46904630509061107,0.5301456261038152,0.5301456261038152,8.288675134594813,unique_starts
1989,271,79,187,19,43,110,12,22.0,20.871657754010695,25,187,19,9.842105263157896,187,419,419,419,-0.3828382838283822,0.002355,0.003325,0.46904630509061107,0.5566279042981374,0.5566279042981374,22.152498570332604,unique_starts
1990,271,80,124,13,29,92,13,22.0,20.911290322580644,25,124,13,9.538461538461538,124,363,363,363,-0.4907597535934281,0.002355,0.003105,0.46904630509061107,0.54911977059455,0.54911977059455,22.18569533817705,unique_starts
1991,271,88,5,2,2,5,23,24.0,24.2,25,5,2,2.5,5,3,3,3,0.24999999999996875,0.002355,0.00285,0.46904630509061107,0.3243399356820196,0.46904630509061107,24.707106781186546,unique_starts
1992,271,100,55,16,21,52,1,23.0,20.10909090909091,25,55,16,3.4375,55,77,77,77,-0.1666666666666654,0.002355,0.0028,0.46904630509061107,0.4530066985824541,0.46904630509061107,23.21821789023599,unique_starts
1993,271,143,30,4,7,21,12,21.5,20.833333333333332,25,30,4,7.5,30,7,7,7,0.6216216216216048,0.002355,0.003425,0.46904630509061107,0.4310573077101274,0.46904630509061107,21.87796447300923,unique_starts
1994,271,146,382,34,72,239,1,11.0,10.19109947643979,20,382,34,11.235294117647058,382,60,60,60,0.728506787330315,0.002355,0.00289,0.46904630509061107,0.49858717633061933,0.49858717633061933,11.117851130197758,unique_starts
1995,271,149,38,7,13,22,6,17.0,16.13157894736842,25,38,7,5.428571428571429,38,279,279,279,-0.7602523659305969,0.002355,0.002245,0.46904630509061107,0.4477196573186491,0.46904630509061107,17.277350098112613,unique_starts
1996,271,164,102,31,68,60,1,7.0,5.8431372549019605,10,102,31,3.2903225806451615,102,9,9,9,0.8378378378378303,0.002355,0.002755,0.46904630509061107,0.46236208579247506,0.46904630509061107,7.121267812518166,unique_starts
1997,271,167,358,29,73,207,6,16.0,15.684357541899441,25,358,29,12.344827586206897,358,8,8,8,0.9562841530054618,0.002355,0.002905,0.46904630509061107,0.5523326473861818,0.5523326473861818,16.11704114719613,unique_starts
1998,271,171,144,25,41,91,1,22.0,19.006944444444443,25,144,25,5.76,144,101,101,101,0.17551020408163195,0.002355,0.00343,0.46904630509061107,0.6091865893282263,0.6091865893282263,22.156173761888606,unique_starts
1999,271,173,36,14,24,21,1,6.0,5.638888888888889,9,36,14,2.5714285714285716,36,5,5,5,0.7560975609755913,0.002355,0.002675,0.46904630509061107,0.5108604177721788,0.5108604177721788,6.204124145231932,unique_starts
2000,271,175,5,4,4,5,24,25.0,24.8,25,5,4,1.25,5,107,107,107,-0.9107142857142776,0.002355,0.00503,0.46904630509061107,0.7573380297747923,0.7573380297747923,25.5,unique_starts
2001,271,184,25,4,8,15,18,23.0,22.72,25,25,4,6.25,25,3,3,3,0.7857142857142577,0.002355,0.00261,0.46904630509061107,0.4440022572428347,0.46904630509061107,23.353553390593273,unique_starts
2002,271,196,204,16,42,116,1,21.0,19.715686274509803,25,204,16,12.75,204,57,57,57,0.5632183908045955,0.002355,0.00287,0.46904630509061107,0.36280201708894627,0.46904630509061107,21.154303349962092,unique_starts
2003,271,207,351,40,73,220,1,11.0,10.364672364672364,20,351,40,8.775,351,22,22,22,0.8820375335120619,0.002355,0.002905,0.46904630509061107,0.5142383888493315,0.5142383888493315,11.117041147196131,unique_starts
2004,271,222,49,12,28,22,1,7.0,5.938775510204081,10,49,12,4.083333333333333,49,2,0,0,0.9999999999999796,0.002355,0.00284,0.46904630509061107,0.4041667145429749,0.46904630509061107,7.188982236504613,unique_starts
2005,271,229,24,4,7,16,13,20.5,19.916666666666668,25,24,4,6.0,24,11,11,11,0.3714285714285608,0.002355,0.00306,0.46904630509061107,0.23617874098724062,0.46904630509061107,20.87796447300923,unique_starts
2006,271,230,161,20,39,111,12,22.0,21.217391304347824,25,161,20,8.05,161,150,150,150,0.03536977491961403,0.002355,0.00344,0.46904630509061107,0.5276863910046072,0.5276863910046072,22.160128153805086,unique_starts
2007,271,258,245,28,57,164,8,18.0,17.62857142857143,25,245,28,8.75,245,34,34,34,0.756272401433689,0.002355,0.00251,0.46904630509061107,0.4379225923469485,0.46904630509061107,18.132453235706503,unique_starts
2008,271,261,9,2,5,6,14,23.0,21.22222222222222,25,9,2,4.5,9,5,5,5,0.2857142857142653,0.002355,0.003005,0.46904630509061107,0.3332476057918914,0.46904630509061107,23.447213595499957,unique_starts
2009,271,268,10,5,5,10,21,24.0,23.5,25,10,5,2.0,10,527,527,527,-0.9627560521415252,0.002355,0.00255,0.46904630509061107,0.43791978219162725,0.46904630509061107,24.447213595499957,unique_starts
2010,271,288,6,2,2,6,22,24.0,23.833333333333332,25,6,2,3.0,6,0,0,0,0.9999999999998334,0.002355,0.002855,0.46904630509061107,0.3565540314868625,0.46904630509061107,24.707106781186546,unique_starts
2011,271,315,73,12,19,64,12,22.0,21.08219178082192,25,73,12,6.083333333333333,73,145,145,145,-0.3302752293577967,0.002355,0.00307,0.46904630509061107,0.5338410601299857,0.5338410601299857,22.22941573387056,unique_starts
2012,271,410,251,56,82,191,1,7.0,6.438247011952191,10,251,56,4.482142857142857,251,12,12,12,0.9087452471482854,0.002355,0.002505,0.46904630509061107,0.5908932537877524,0.5908932537877524,7.110431526074847,unique_starts
2013,271,414,226,22,34,181,7,12.0,12.601769911504425,20,226,22,10.272727272727273,226,139,139,139,0.23835616438356097,0.002355,0.002705,0.46904630509061107,0.4480758181537895,0.46904630509061107,12.171498585142508,unique_starts
2014,271,429,152,25,33,123,1,4.0,4.0131578947368425,8,152,25,6.08,152,0,0,0,0.9999999999999934,0.002355,0.0033,0.46904630509061107,0.6319999683881292,0.6319999683881292,4.174077655955698,unique_starts
2015,271,440,345,27,79,193,6,20.0,19.118840579710145,25,345,27,12.777777777777779,345,86,86,86,0.6009280742459383,0.002355,0.002505,0.46904630509061107,0.4432001412722737,0.46904630509061107,20.1125087900926,unique_starts
2016,271,485,158,20,32,115,13,17.0,17.348101265822784,25,158,20,7.9,158,107,107,107,0.1924528301886785,0.002355,0.002155,0.46904630509061107,0.43599835801952425,0.46904630509061107,17.17677669529664,unique_starts
2017,272,120,917,14,204,91,2,11.0,11.695747001090513,25,917,14,65.5,917,0,0,0,0.9999999999999989,0.00276,0.00351,0.37401404934728055,0.6286366289947183,0.6286366289947183,11.0700140042014,unique_starts
2018,272,316,62,3,13,15,12,20.0,19.483870967741936,25,62,3,20.666666666666668,62,40,0,0,0.9999999999999838,0.00276,0.0025,0.37401404934728055,0.4490634320386163,0.4490634320386163,20.277350098112613,unique_starts
2019,272,404,155,5,40,24,9,16.0,15.980645161290322,23,155,5,31.0,155,17,0,0,0.9999999999999936,0.00276,0.00219,0.37401404934728055,0.5171261636058332,0.5171261636058332,16.15811388300842,unique_starts
2020,273,4,166,13,39,60,15,23.0,22.620481927710845,25,166,13,12.76923076923077,166,57,57,57,0.48878923766815924,0.0032,0.0034,0.505500130278,0.42665327824002786,0.505500130278,23.160128153805086,unique_starts
2021,273,21,91,12,91,14,2,12.0,12.23076923076923,25,91,12,7.583333333333333,91,105,105,105,-0.07142857142857106,0.0032,0.001335,0.505500130278,0.7000075364621832,0.7000075364621832,12.104828483672192,unique_starts
2022,273,22,941,25,178,176,1,15.0,13.996811902231668,25,941,25,37.64,941,356,356,356,0.4510408635312256,0.0032,0.00375,0.505500130278,0.6446610524678009,0.6446610524678009,15.074953168899587,unique_starts
2023,273,39,177,10,41,67,15,22.0,22.0225988700565,25,177,10,17.7,177,180,180,180,-0.00840336134453779,0.0032,0.002705,0.505500130278,0.41176789607065134,0.505500130278,22.156173761888606,unique_starts
2024,273,43,307,19,104,61,2,8.0,11.635179153094462,25,307,19,16.157894736842106,307,0,0,0,0.9999999999999967,0.0032,0.00192,0.505500130278,0.4331654262548746,0.505500130278,8.098058067569092,unique_starts
2025,273,50,27,3,5,15,18,22.0,22.25925925925926,25,27,3,9.0,27,0,0,0,0.999999999999963,0.0032,0.00344,0.505500130278,0.4362745814366093,0.505500130278,22.447213595499957,unique_starts
2026,273,79,1799,36,276,261,1,10.0,10.41467481934408,23,1799,36,49.97222222222222,1799,30,30,30,0.967195188627665,0.0032,0.003325,0.505500130278,0.5566279042981374,0.5566279042981374,10.060192926542884,unique_starts
2027,273,80,302,9,50,53,1,9.0,9.447019867549669,20,302,9,33.55555555555556,302,0,0,0,0.9999999999999966,0.0032,0.003105,0.505500130278,0.54911977059455,0.54911977059455,9.14142135623731,unique_starts
2028,273,100,30,2,3,18,13,20.0,19.5,25,30,2,15.0,30,0,0,0,0.9999999999999667,0.0032,0.0028,0.505500130278,0.4530066985824541,0.505500130278,20.577350269189626,unique_starts
2029,273,138,29,3,8,14,14,22.0,21.344827586206897,25,29,3,9.666666666666666,29,7,0,0,0.9999999999999656,0.0032,0.002785,0.505500130278,0.37021778866614363,0.505500130278,22.353553390593273,unique_starts
2030,273,139,721,42,197,270,1,5.0,5.305131761442441,16,721,42,17.166666666666668,721,475,475,475,0.20568561872909683,0.0032,0.00315,0.505500130278,0.5763001546805818,0.5763001546805818,5.071247049987909,unique_starts
2031,273,144,28,2,10,4,1,6.0,5.821428571428571,11,28,2,14.0,28,0,0,0,0.9999999999999644,0.0032,0.00326,0.505500130278,0.4284130917563028,0.505500130278,6.316227766016838,unique_starts
2032,273,149,254,16,81,50,6,13.0,12.9251968503937,19,254,16,15.875,254,11,11,11,0.9169811320754682,0.0032,0.002245,0.505500130278,0.4477196573186491,0.505500130278,13.11111111111111,unique_starts
2033,273,157,46,7,18,21,12,23.0,22.217391304347824,25,46,7,6.571428571428571,46,6,6,6,0.7692307692307544,0.0032,0.00224,0.505500130278,0.4360808470049738,0.505500130278,23.235702260395517,unique_starts
2034,273,164,100,16,58,32,15,23.0,22.5,25,100,16,6.25,100,0,0,0,0.99999999999999,0.0032,0.002755,0.505500130278,0.46236208579247506,0.505500130278,23.131306432859724,unique_starts
2035,273,169,334,15,78,78,8,15.0,15.380239520958083,25,334,15,22.266666666666666,334,999,999,999,-0.4988747186796696,0.0032,0.003075,0.505500130278,0.5191317792488794,0.5191317792488794,15.11322770341446,unique_starts
2036,273,171,445,12,76,77,10,20.0,19.602247191011237,25,445,12,37.083333333333336,445,1,0,0,0.9999999999999977,0.0032,0.00343,0.505500130278,0.6091865893282263,0.6091865893282263,20.11470786693528,unique_starts
2037,273,172,12,2,7,3,20,23.0,22.916666666666668,25,12,2,6.0,12,0,0,0,0.9999999999999166,0.0032,0.00297,0.505500130278,0.4684363793861522,0.505500130278,23.37796447300923,unique_starts
2038,273,179,65,11,65,12,1,7.0,10.215384615384615,25,65,11,5.909090909090909,65,112,112,112,-0.2655367231638403,0.0032,0.00165,0.505500130278,0.5689519284458886,0.5689519284458886,7.124034734589208,unique_starts
2039,273,184,481,23,89,158,1,13.0,13.8004158004158,25,481,23,20.91304347826087,481,826,826,826,-0.26396327467482766,0.0032,0.00261,0.505500130278,0.4440022572428347,0.505500130278,13.105999788000636,unique_starts
2040,273,186,63,10,50,14,2,5.0,6.936507936507937,25,63,10,6.3,63,156,156,156,-0.42465753424657343,0.0032,0.00126,0.505500130278,0.4246314878988181,0.505500130278,5.141421356237309,unique_starts
2041,273,199,132,8,27,44,13,21.0,20.522727272727273,25,132,8,16.5,132,45,45,45,0.4915254237288108,0.0032,0.00268,0.505500130278,0.5690552560543798,0.5690552560543798,21.192450089729874,unique_starts
2042,273,229,200,10,37,57,1,11.0,13.625,25,200,10,20.0,200,208,208,208,-0.019607843137254853,0.0032,0.00306,0.505500130278,0.23617874098724062,0.505500130278,11.164398987305358,unique_starts
2043,273,230,405,24,114,125,1,13.0,13.096296296296297,24,405,24,16.875,405,82,82,82,0.6632443531827501,0.0032,0.00344,0.505500130278,0.5276863910046072,0.5276863910046072,13.09365858115817,unique_starts
2044,273,248,157,21,111,36,5,9.0,11.006369426751592,25,157,21,7.476190476190476,157,410,410,410,-0.44620811287477874,0.0032,0.002135,0.505500130278,0.4551679911609592,0.505500130278,9.09491579957525,unique_starts
2045,273,251,243,11,55,54,9,16.0,16.79423868312757,25,243,11,22.09090909090909,243,511,511,511,-0.35543766578249286,0.0032,0.002675,0.505500130278,0.4733873703025864,0.505500130278,16.13483997249265,unique_starts
2046,273,252,8,2,4,5,20,24.0,23.375,25,8,2,4.0,8,31,31,31,-0.5897435897435745,0.0032,0.00348,0.505500130278,0.32521551737612986,0.505500130278,24.5,unique_starts
2047,273,258,18,2,6,6,8,11.5,12.0,18,18,2,9.0,18,1,0,0,0.9999999999999445,0.0032,0.00251,0.505500130278,0.4379225923469485,0.505500130278,11.908248290463863,unique_starts
2048,273,259,13,2,10,3,12,17.0,17.76923076923077,25,13,2,6.5,13,0,0,0,0.9999999999999231,0.0032,0.00102,0.505500130278,1.0660615445434947,1.0660615445434947,17.316227766016837,unique_starts
2049,273,271,177,21,119,35,15,22.0,21.497175141242938,25,177,21,8.428571428571429,177,0,0,0,0.9999999999999943,0.0032,0.002355,0.505500130278,0.46904630509061107,0.505500130278,22.09166984970282,unique_starts
2050,273,279,14,3,7,10,18,22.0,21.928571428571427,25,14,3,4.666666666666667,14,181,181,181,-0.856410256410252,0.0032,0.00293,0.505500130278,0.40818291842784804,0.505500130278,22.37796447300923,unique_starts
2051,273,288,464,10,59,96,10,21.0,20.586206896551722,25,464,10,46.4,464,0,0,0,0.9999999999999978,0.0032,0.002855,0.505500130278,0.3565540314868625,0.505500130278,21.130188910980824,unique_starts
2052,273,315,52,3,8,17,9,14.0,14.346153846153847,20,52,3,17.333333333333332,52,0,0,0,0.9999999999999807,0.0032,0.00307,0.505500130278,0.5338410601299857,0.5338410601299857,14.353553390593273,unique_starts
2053,273,383,55,6,21,16,9,15.0,15.672727272727272,25,55,6,9.166666666666666,55,1133,1133,1133,-0.9074074074074067,0.0032,0.00295,0.505500130278,0.47953992323646644,0.505500130278,15.218217890235993,unique_starts
2054,273,410,94,8,45,24,16,23.0,22.46808510638298,25,94,8,11.75,94,10,10,10,0.8076923076922999,0.0032,0.002505,0.505500130278,0.5908932537877524,0.5908932537877524,23.149071198499986,unique_starts
2055,273,414,6,4,5,5,24,25.0,24.833333333333332,25,6,4,1.5,6,104,104,104,-0.8909090909090829,0.0032,0.002705,0.505500130278,0.4480758181537895,0.505500130278,25.447213595499957,unique_starts
2056,273,433,57,2,20,11,9,22.0,20.31578947368421,25,57,2,28.5,57,118,118,118,-0.3485714285714266,0.0032,0.00295,0.505500130278,0.4187955072680345,0.505500130278,22.22360679774998,unique_starts
2057,273,463,185,21,119,40,7,11.0,13.264864864864865,25,185,21,8.80952380952381,185,0,0,0,0.9999999999999947,0.0032,0.00216,0.505500130278,0.5081641748793143,0.5081641748793143,11.091669849702821,unique_starts
2058,273,494,52,5,15,23,20,23.0,23.23076923076923,25,52,5,10.4,52,260,260,260,-0.6666666666666645,0.0032,0.002885,0.505500130278,0.4433285498558166,0.505500130278,23.25819888974716,unique_starts
2059,279,7,193,8,67,39,1,21.0,19.10880829015544,25,193,8,24.125,193,6,0,0,0.9999999999999949,0.00293,0.00345,0.40818291842784804,0.473565075387291,0.473565075387291,21.122169444356306,unique_starts
2060,279,28,213,7,46,46,9,17.0,16.751173708920188,25,213,7,30.428571428571427,213,0,0,0,0.9999999999999953,0.00293,0.002415,0.40818291842784804,0.42854134755998907,0.42854134755998907,17.147441956154896,unique_starts
2061,279,56,28,6,14,14,22,24.5,24.214285714285715,25,28,6,4.666666666666667,28,277,277,277,-0.8163934426229481,0.00293,0.003085,0.40818291842784804,0.5396960390661362,0.5396960390661362,24.767261241912426,unique_starts
2062,279,77,91,6,18,34,9,14.0,14.604395604395604,23,91,6,15.166666666666666,91,6,0,0,0.9999999999999891,0.00293,0.00234,0.40818291842784804,0.4473317645634032,0.4473317645634032,14.235702260395517,unique_starts
2063,279,139,33,4,19,8,1,23.0,18.848484848484848,25,33,4,8.25,33,3,0,0,0.9999999999999697,0.00293,0.00315,0.40818291842784804,0.5763001546805818,0.5763001546805818,23.22941573387056,unique_starts
2064,279,143,1143,21,267,213,1,15.0,15.37095363079615,25,1143,21,54.42857142857143,1143,1587,1587,1587,-0.1626373626373626,0.00293,0.003425,0.40818291842784804,0.4310573077101274,0.4310573077101274,15.06119900613621,unique_starts
2065,279,157,296,12,69,68,1,6.0,6.885135135135135,25,296,12,24.666666666666668,296,180,180,180,0.2436974789915961,0.00293,0.00224,0.40818291842784804,0.4360808470049738,0.4360808470049738,6.120385853085769,unique_starts
2066,279,179,36,5,36,5,10,15.5,15.583333333333334,25,36,5,7.2,36,28,28,28,0.12499999999999806,0.00293,0.00165,0.40818291842784804,0.5689519284458886,0.5689519284458886,15.666666666666666,unique_starts
2067,279,205,8,2,8,2,16,18.5,18.625,22,8,2,4.0,8,0,0,0,0.999999999999875,0.00293,0.00069,0.40818291842784804,0.4815721475373711,0.4815721475373711,18.853553390593273,unique_starts
2068,279,243,98,8,35,31,17,23.0,22.285714285714285,25,98,8,12.25,98,6,0,0,0.9999999999999899,0.00293,0.002845,0.40818291842784804,0.47798288494927843,0.47798288494927843,23.169030850945703,unique_starts
2069,279,251,39,3,11,12,5,11.0,11.076923076923077,16,39,3,13.0,39,553,553,553,-0.8682432432432418,0.00293,0.002675,0.40818291842784804,0.4733873703025864,0.4733873703025864,11.301511344577763,unique_starts
2070,279,271,54,6,37,13,14,18.5,19.166666666666668,25,54,6,9.0,54,0,0,0,0.9999999999999815,0.00293,0.002355,0.40818291842784804,0.46904630509061107,0.46904630509061107,18.664398987305358,unique_starts
2071,279,273,181,8,39,48,16,22.0,22.03867403314917,25,181,8,22.625,181,14,14,14,0.856410256410252,0.00293,0.0032,0.40818291842784804,0.505500130278,0.505500130278,22.160128153805086,unique_starts
2072,279,318,82,3,20,24,11,20.5,19.804878048780488,25,82,3,27.333333333333332,82,56,56,56,0.18840579710144792,0.00293,0.003055,0.40818291842784804,0.4226365509545472,0.4226365509545472,20.72360679774998,unique_starts
2073,279,319,99,9,43,21,10,16.0,16.01010101010101,25,99,9,11.0,99,65,65,65,0.20731707317073045,0.00293,0.002245,0.40818291842784804,0.4303008855946258,0.4303008855946258,16.152498570332604,unique_starts
2074,279,347,393,7,64,60,8,21.0,20.040712468193384,25,393,7,56.142857142857146,393,359,359,359,0.04521276595744675,0.00293,0.002635,0.40818291842784804,0.42694736380270404,0.42694736380270404,21.125,unique_starts
2075,279,410,35,5,17,12,14,22.0,20.8,25,35,5,7.0,35,40,40,40,-0.06666666666666578,0.00293,0.002505,0.40818291842784804,0.5908932537877524,0.5908932537877524,22.242535625036332,unique_starts
2076,279,414,9,2,5,5,23,25.0,24.444444444444443,25,9,2,4.5,9,197,197,197,-0.9126213592232966,0.00293,0.002705,0.40818291842784804,0.4480758181537895,0.4480758181537895,25.447213595499957,unique_starts
2077,279,429,30,3,10,9,17,21.0,21.066666666666666,25,30,3,10.0,30,10,10,10,0.49999999999998745,0.00293,0.0033,0.40818291842784804,0.6319999683881292,0.6319999683881292,21.316227766016837,unique_starts
2078,279,432,857,16,155,117,7,19.0,19.02100350058343,25,857,16,53.5625,857,111,111,111,0.7706611570247925,0.00293,0.002895,0.40818291842784804,0.38597465955399696,0.40818291842784804,19.08032193289025,unique_starts
2079,279,440,133,6,26,26,1,10.0,10.947368421052632,25,133,6,22.166666666666668,133,112,112,112,0.08571428571428537,0.00293,0.002505,0.40818291842784804,0.4432001412722737,0.4432001412722737,10.196116135138183,unique_starts
2080,279,463,75,9,44,15,15,21.0,20.573333333333334,25,75,9,8.333333333333334,75,0,0,0,0.9999999999999868,0.00293,0.00216,0.40818291842784804,0.5081641748793143,0.5081641748793143,21.15075567228888,unique_starts
2081,279,474,117,6,24,38,1,9.0,8.923076923076923,18,117,6,19.5,117,258,258,258,-0.375999999999999,0.00293,0.002335,0.40818291842784804,0.47326325022320526,0.47326325022320526,9.204124145231932,unique_starts
2082,281,6,837,19,193,111,9,17.0,17.158900836320193,25,837,19,44.05263157894737,837,1249,1249,1249,-0.1975071907957813,0.003665,0.003095,0.5084243360159619,0.5183369733262979,0.5183369733262979,17.07198157507487,unique_starts
2083,281,10,1258,23,169,243,5,16.0,15.651033386327503,25,1258,23,54.69565217391305,1258,437,437,437,0.4843657817109142,0.003665,0.003525,0.5084243360159619,0.49946110985903625,0.5084243360159619,16.076923076923077,unique_starts
2084,281,21,124,18,124,19,1,5.0,7.104838709677419,25,124,18,6.888888888888889,124,110,110,110,0.059829059829059575,0.003665,0.001335,0.5084243360159619,0.7000075364621832,0.7000075364621832,5.089802651013388,unique_starts
2085,281,80,328,17,101,62,5,18.0,17.34451219512195,25,328,17,19.294117647058822,328,20,20,20,0.8850574712643652,0.003665,0.003105,0.5084243360159619,0.54911977059455,0.54911977059455,18.099503719020998,unique_starts
2086,281,112,67,6,39,12,16,22.0,21.865671641791046,25,67,6,11.166666666666666,67,2,0,0,0.9999999999999851,0.003665,0.00296,0.5084243360159619,0.4285491187954342,0.5084243360159619,22.160128153805086,unique_starts
2087,281,117,1379,29,244,210,1,8.0,8.490210297316896,22,1379,29,47.55172413793103,1379,304,304,304,0.6387403446226972,0.003665,0.002995,0.5084243360159619,0.4921561459247037,0.5084243360159619,8.064018439966448,unique_starts
2088,281,121,337,22,196,50,6,11.0,12.258160237388724,25,337,22,15.318181818181818,337,0,0,0,0.999999999999997,0.003665,0.00212,0.5084243360159619,0.4790562634901327,0.5084243360159619,11.071428571428571,unique_starts
2089,281,125,43,2,9,12,16,22.0,21.6046511627907,25,43,2,21.5,43,121,121,121,-0.47560975609755807,0.003665,0.004175,0.5084243360159619,0.3723974808647528,0.5084243360159619,22.333333333333332,unique_starts
2090,281,139,366,14,84,61,10,17.0,17.546448087431695,25,366,14,26.142857142857142,366,9,9,9,0.9519999999999974,0.003665,0.00315,0.5084243360159619,0.5763001546805818,0.5763001546805818,17.109108945117995,unique_starts
2091,281,163,13,3,13,3,17,22.0,21.53846153846154,25,13,3,4.333333333333333,13,0,0,0,0.9999999999999231,0.003665,0.000755,0.5084243360159619,0.8074492857931624,0.8074492857931624,22.277350098112613,unique_starts
2092,281,175,920,21,183,160,8,15.0,15.534782608695652,25,920,21,43.80952380952381,920,1417,1417,1417,-0.21266581086863492,0.003665,0.00503,0.5084243360159619,0.7573380297747923,0.7573380297747923,15.073922127095457,unique_starts
2093,281,179,115,11,115,13,2,7.0,10.191304347826087,25,115,11,10.454545454545455,115,177,177,177,-0.21232876712328694,0.003665,0.00165,0.5084243360159619,0.5689519284458886,0.5689519284458886,7.0932504808240315,unique_starts
2094,281,186,175,11,125,19,2,7.0,10.508571428571429,25,175,11,15.909090909090908,175,149,149,149,0.08024691358024666,0.003665,0.00126,0.5084243360159619,0.4246314878988181,0.5084243360159619,7.089442719099992,unique_starts
2095,281,199,138,10,44,32,4,10.0,10.847826086956522,20,138,10,13.8,138,72,72,72,0.3142857142857128,0.003665,0.00268,0.5084243360159619,0.5690552560543798,0.5690552560543798,10.150755672288883,unique_starts
2096,281,243,17,3,17,3,9,13.0,14.117647058823529,21,17,3,5.666666666666667,17,0,0,0,0.9999999999999413,0.003665,0.002845,0.5084243360159619,0.47798288494927843,0.5084243360159619,13.242535625036332,unique_starts
2097,281,248,229,20,191,33,5,10.0,10.947598253275109,25,229,20,11.45,229,283,283,283,-0.10546874999999979,0.003665,0.002135,0.5084243360159619,0.4551679911609592,0.5084243360159619,10.072357460529242,unique_starts
2098,281,258,38,7,24,14,19,24.0,23.605263157894736,25,38,7,5.428571428571429,38,666,666,666,-0.8920454545454533,0.003665,0.00251,0.5084243360159619,0.4379225923469485,0.5084243360159619,24.20412414523193,unique_starts
2099,281,259,13,3,13,3,18,22.0,21.846153846153847,25,13,3,4.333333333333333,13,3,0,0,0.9999999999999231,0.003665,0.00102,0.5084243360159619,1.0660615445434947,1.0660615445434947,22.277350098112613,unique_starts
2100,281,268,138,5,34,19,10,18.0,18.32608695652174,25,138,5,27.6,138,0,0,0,0.9999999999999928,0.003665,0.00255,0.5084243360159619,0.43791978219162725,0.5084243360159619,18.17149858514251,unique_starts
2101,281,294,94,4,20,21,8,13.0,13.563829787234043,21,94,4,23.5,94,448,448,448,-0.6531365313653125,0.003665,0.00253,0.5084243360159619,0.42896663505169463,0.5084243360159619,13.223606797749978,unique_starts
2102,281,309,312,18,113,91,19,23.0,23.064102564102566,25,312,18,17.333333333333332,312,238,238,238,0.1345454545454543,0.003665,0.003055,0.5084243360159619,0.48484104579254805,0.5084243360159619,23.09407208683836,unique_starts
2103,281,324,1012,17,137,169,3,21.0,19.73517786561265,25,1012,17,59.529411764705884,1012,9,9,9,0.9823702252693428,0.003665,0.00328,0.5084243360159619,0.38585339304776145,0.5084243360159619,21.085435765771678,unique_starts
2104,281,371,7,2,7,2,18,22.0,21.571428571428573,25,7,2,3.5,7,0,0,0,0.9999999999998571,0.003665,0.00072,0.5084243360159619,2.0840511964640234,2.0840511964640234,22.37796447300923,unique_starts
2105,281,402,11,2,7,3,18,20.0,20.272727272727273,22,11,2,5.5,11,0,0,0,0.9999999999999091,0.003665,0.00217,0.5084243360159619,0.45222558449769595,0.5084243360159619,20.37796447300923,unique_starts
2106,281,462,56,3,19,13,14,23.0,21.892857142857142,25,56,3,18.666666666666668,56,0,0,0,0.9999999999999821,0.003665,0.00335,0.5084243360159619,0.4622577751318516,0.5084243360159619,23.22941573387056,unique_starts
2107,288,4,198,6,52,34,1,7.0,6.803030303030303,15,198,6,33.0,198,2,0,0,0.999999999999995,0.002855,0.0034,0.3565540314868625,0.42665327824002786,0.42665327824002786,7.138675049056308,unique_starts
2108,288,8,176,7,34,37,9,17.0,16.710227272727273,25,176,7,25.142857142857142,176,385,385,385,-0.3725490196078425,0.002855,0.00305,0.3565540314868625,0.5406985617322061,0.5406985617322061,17.17149858514251,unique_starts
2109,288,22,55,4,19,15,14,23.0,22.054545454545455,25,55,4,13.75,55,73,73,73,-0.14062499999999892,0.002855,0.00375,0.3565540314868625,0.6446610524678009,0.6446610524678009,23.22941573387056,unique_starts
2110,288,50,167,4,39,21,1,7.0,7.377245508982036,16,167,4,41.75,167,6,6,6,0.9306358381502836,0.002855,0.00344,0.3565540314868625,0.4362745814366093,0.4362745814366093,7.160128153805087,unique_starts
2111,288,63,472,9,58,94,1,7.0,7.319915254237288,19,472,9,52.44444444444444,472,322,322,322,0.18891687657430706,0.002855,0.00318,0.3565540314868625,0.5301456261038152,0.5301456261038152,7.131306432859723,unique_starts
2112,288,79,100,4,18,25,16,22.0,21.77,25,100,4,25.0,100,774,774,774,-0.771167048054919,0.002855,0.003325,0.3565540314868625,0.5566279042981374,0.5566279042981374,22.235702260395517,unique_starts
2113,288,138,161,4,30,38,1,9.0,9.304347826086957,25,161,4,40.25,161,25,25,25,0.7311827956989209,0.002855,0.002785,0.3565540314868625,0.37021778866614363,0.37021778866614363,9.182574185835055,unique_starts
2114,288,146,45,2,10,9,2,7.0,7.333333333333333,12,45,2,22.5,45,89,89,89,-0.32835820895522144,0.002855,0.00289,0.3565540314868625,0.49858717633061933,0.49858717633061933,7.316227766016838,unique_starts
2115,288,149,242,9,49,48,9,19.0,18.50826446280992,25,242,9,26.88888888888889,242,340,340,340,-0.16838487972508562,0.002855,0.002245,0.3565540314868625,0.4477196573186491,0.4477196573186491,19.142857142857142,unique_starts
2116,288,163,3,2,3,2,1,19.0,13.333333333333334,20,3,2,1.5,3,38,38,38,-0.853658536585345,0.002855,0.000755,0.3565540314868625,0.8074492857931624,0.8074492857931624,19.577350269189626,unique_starts
2117,288,164,330,8,91,50,1,8.0,8.696969696969697,21,330,8,41.25,330,28,28,28,0.843575418994411,0.002855,0.002755,0.3565540314868625,0.46236208579247506,0.46236208579247506,8.104828483672192,unique_starts
2118,288,166,129,8,43,44,20,24.0,23.53488372093023,25,129,8,16.125,129,498,498,498,-0.5885167464114823,0.002855,0.00289,0.3565540314868625,0.4782304215414501,0.4782304215414501,24.152498570332604,unique_starts
2119,288,172,70,4,53,5,1,10.0,9.885714285714286,22,70,4,17.5,70,779,779,779,-0.8351001177856291,0.002855,0.00297,0.3565540314868625,0.4684363793861522,0.4684363793861522,10.13736056394869,unique_starts
2120,288,229,15,2,9,5,17,23.0,22.333333333333332,25,15,2,7.5,15,299,299,299,-0.9044585987261117,0.002855,0.00306,0.3565540314868625,0.23617874098724062,0.3565540314868625,23.333333333333332,unique_starts
2121,288,230,282,10,67,62,11,20.0,20.081560283687942,25,282,10,28.2,282,2068,2068,2068,-0.7599999999999997,0.002855,0.00344,0.3565540314868625,0.5276863910046072,0.5276863910046072,20.122169444356306,unique_starts
2122,288,259,22,3,21,5,1,20.0,15.045454545454545,25,22,3,7.333333333333333,22,46,46,46,-0.3529411764705831,0.002855,0.00102,0.3565540314868625,1.0660615445434947,1.0660615445434947,20.21821789023599,unique_starts
2123,288,500,602,17,145,103,11,22.0,21.774086378737543,25,602,17,35.411764705882355,602,85,85,85,0.7525473071324589,0.002855,0.00264,0.3565540314868625,0.41474401777690195,0.41474401777690195,22.08304547985374,unique_starts
2124,290,7,771,13,114,130,1,9.0,9.884565499351492,24,771,13,59.30769230769231,771,60,60,60,0.855595667870035,0.002905,0.00345,0.5506580655999675,0.473565075387291,0.5506580655999675,9.09365858115817,unique_starts
2125,290,8,17,2,5,6,1,4.0,3.823529411764706,7,17,2,8.5,17,6,0,0,0.9999999999999413,0.002905,0.00305,0.5506580655999675,0.5406985617322061,0.5506580655999675,4.447213595499958,unique_starts
2126,290,21,41,7,41,7,9,18.0,17.0,24,41,7,5.857142857142857,41,0,0,0,0.9999999999999756,0.002905,0.001335,0.5506580655999675,0.7000075364621832,0.7000075364621832,18.156173761888606,unique_starts
2127,290,39,7,2,7,3,4,6.0,8.714285714285714,25,7,2,3.5,7,0,0,0,0.9999999999998571,0.002905,0.002705,0.5506580655999675,0.41176789607065134,0.5506580655999675,6.377964473009227,unique_starts
2128,290,77,681,18,110,141,2,14.0,13.111600587371512,24,681,18,37.833333333333336,681,1578,1578,1578,-0.3970783532536519,0.002905,0.00234,0.5506580655999675,0.4473317645634032,0.5506580655999675,14.09534625892456,unique_starts
2129,290,88,72,3,17,12,6,15.0,15.458333333333334,25,72,3,24.0,72,0,0,0,0.9999999999999862,0.002905,0.00285,0.5506580655999675,0.3243399356820196,0.5506580655999675,15.242535625036332,unique_starts
2130,290,138,148,2,25,25,10,20.0,19.594594594594593,25,148,2,74.0,148,71,71,71,0.35159817351598016,0.002905,0.002785,0.5506580655999675,0.37021778866614363,0.5506580655999675,20.2,unique_starts
2131,290,143,139,5,27,45,1,11.0,11.820143884892087,25,139,5,27.8,139,0,0,0,0.9999999999999929,0.002905,0.003425,0.5506580655999675,0.4310573077101274,0.5506580655999675,11.192450089729876,unique_starts
2132,290,163,5,2,5,2,4,22.0,18.8,24,5,2,2.5,5,13,13,13,-0.4444444444444198,0.002905,0.000755,0.5506580655999675,0.8074492857931624,0.8074492857931624,22.447213595499957,unique_starts
2133,290,169,11,3,7,6,23,25.0,24.454545454545453,25,11,3,3.6666666666666665,11,0,0,0,0.9999999999999091,0.002905,0.003075,0.5506580655999675,0.5191317792488794,0.5506580655999675,25.37796447300923,unique_starts
2134,290,175,50,2,14,8,4,11.0,13.12,25,50,2,25.0,50,0,0,0,0.99999999999998,0.002905,0.00503,0.5506580655999675,0.7573380297747923,0.7573380297747923,11.267261241912424,unique_starts
2135,290,179,28,5,28,5,9,18.0,17.821428571428573,25,28,5,5.6,28,0,0,0,0.9999999999999644,0.002905,0.00165,0.5506580655999675,0.5689519284458886,0.5689519284458886,18.188982236504614,unique_starts
2136,290,184,239,8,60,41,1,8.0,8.96652719665272,25,239,8,29.875,239,8,8,8,0.9352226720647736,0.002905,0.00261,0.5506580655999675,0.4440022572428347,0.5506580655999675,8.12909944487358,unique_starts
2137,290,186,46,4,32,5,10,19.0,18.347826086956523,25,46,4,11.5,46,0,0,0,0.9999999999999782,0.002905,0.00126,0.5506580655999675,0.4246314878988181,0.5506580655999675,19.17677669529664,unique_starts
2138,290,199,45,2,6,15,5,10.0,10.333333333333334,16,45,2,22.5,45,19,19,19,0.40624999999999367,0.002905,0.00268,0.5506580655999675,0.5690552560543798,0.5690552560543798,10.408248290463863,unique_starts
2139,290,229,23,2,17,3,1,20.0,15.521739130434783,25,23,2,11.5,23,0,0,0,0.9999999999999566,0.002905,0.00306,0.5506580655999675,0.23617874098724062,0.5506580655999675,20.242535625036332,unique_starts
2140,290,247,61,2,7,16,1,10.0,10.295081967213115,19,61,2,30.5,61,0,0,0,0.9999999999999836,0.002905,0.002885,0.5506580655999675,0.36620018911671115,0.5506580655999675,10.377964473009227,unique_starts
2141,290,248,72,7,53,10,13,21.0,20.333333333333332,25,72,7,10.285714285714286,72,0,0,0,0.9999999999999862,0.002905,0.002135,0.5506580655999675,0.4551679911609592,0.5506580655999675,21.13736056394869,unique_starts
2142,290,261,217,4,32,20,2,13.0,12.746543778801843,25,217,4,54.25,217,0,0,0,0.9999999999999954,0.002905,0.003005,0.5506580655999675,0.3332476057918914,0.5506580655999675,13.176776695296637,unique_starts
2143,290,273,190,7,58,24,4,14.0,13.9,25,190,7,27.142857142857142,190,0,0,0,0.9999999999999948,0.002905,0.0032,0.5506580655999675,0.505500130278,0.5506580655999675,14.131306432859722,unique_starts
2144,290,279,152,3,23,22,3,14.0,13.68421052631579,24,152,3,50.666666666666664,152,0,0,0,0.9999999999999934,0.002905,0.00293,0.5506580655999675,0.40818291842784804,0.5506580655999675,14.208514414057074,unique_starts
2145,290,318,139,3,22,29,16,22.0,21.863309352517987,25,139,3,46.333333333333336,139,0,0,0,0.9999999999999929,0.002905,0.003055,0.5506580655999675,0.4226365509545472,0.5506580655999675,22.21320071635561,unique_starts
2146,290,319,57,3,22,7,11,20.0,19.210526315789473,25,57,3,19.0,57,0,0,0,0.9999999999999825,0.002905,0.002245,0.5506580655999675,0.4303008855946258,0.5506580655999675,20.21320071635561,unique_starts
2147,290,347,28,2,7,10,19,23.0,23.0,25,28,2,14.0,28,132,132,132,-0.6499999999999959,0.002905,0.002635,0.5506580655999675,0.42694736380270404,0.5506580655999675,23.37796447300923,unique_starts
2148,290,383,331,7,63,49,1,12.0,12.386706948640484,25,331,7,47.285714285714285,331,0,0,0,0.9999999999999969,0.002905,0.00295,0.5506580655999675,0.47953992323646644,0.5506580655999675,12.125988157669742,unique_starts
2149,290,402,63,2,11,12,1,7.0,6.666666666666667,12,63,2,31.5,63,88,88,88,-0.16556291390728367,0.002905,0.00217,0.5506580655999675,0.45222558449769595,0.5506580655999675,7.301511344577763,unique_starts
2150,290,432,55,3,19,13,10,22.0,20.654545454545456,25,55,3,18.333333333333332,55,0,0,0,0.9999999999999818,0.002905,0.002895,0.5506580655999675,0.38597465955399696,0.5506580655999675,22.22941573387056,unique_starts
2151,290,463,98,9,59,15,14,22.0,21.040816326530614,25,98,9,10.88888888888889,98,0,0,0,0.9999999999999899,0.002905,0.00216,0.5506580655999675,0.5081641748793143,0.5506580655999675,22.130188910980824,unique_starts
2152,290,474,316,14,95,51,1,6.0,6.832278481012659,18,316,14,22.571428571428573,316,0,0,0,0.9999999999999968,0.002905,0.002335,0.5506580655999675,0.47326325022320526,0.5506580655999675,6.102597835208515,unique_starts
2153,294,2,91,2,13,17,14,21.0,20.67032967032967,25,91,2,45.5,91,0,0,0,0.9999999999999891,0.00253,0.00384,0.42896663505169463,0.49557695833984555,0.49557695833984555,21.277350098112613,unique_starts
2154,294,6,34,5,33,6,13,18.0,18.08823529411765,25,34,5,6.8,34,3,0,0,0.9999999999999706,0.00253,0.003095,0.42896663505169463,0.5183369733262979,0.5183369733262979,18.1740776559557,unique_starts
2155,294,10,32,4,7,14,1,10.5,9.90625,15,32,4,8.0,32,257,257,257,-0.7785467128027654,0.00253,0.003525,0.42896663505169463,0.49946110985903625,0.49946110985903625,10.877964473009227,unique_starts
2156,294,21,116,17,116,18,3,10.0,10.172413793103448,16,116,17,6.823529411764706,116,6,6,6,0.9016393442622878,0.00253,0.001335,0.42896663505169463,0.7000075364621832,0.7000075364621832,10.092847669088526,unique_starts
2157,294,22,100,8,46,26,1,12.0,11.21,24,100,8,12.5,100,0,0,0,0.99999999999999,0.00253,0.00375,0.42896663505169463,0.6446610524678009,0.6446610524678009,12.147441956154896,unique_starts
2158,294,43,21,4,7,12,7,11.0,10.571428571428571,14,21,4,5.25,21,0,0,0,0.9999999999999525,0.00253,0.00192,0.42896663505169463,0.4331654262548746,0.4331654262548746,11.377964473009227,unique_starts
2159,294,79,10,3,8,4,22,24.0,24.0,25,10,3,3.3333333333333335,10,0,0,0,0.9999999999999,0.00253,0.003325,0.42896663505169463,0.5566279042981374,0.5566279042981374,24.353553390593273,unique_starts
2160,294,80,99,10,38,31,5,24.0,23.03030303030303,25,99,10,9.9,99,14,14,14,0.7522123893805244,0.00253,0.003105,0.42896663505169463,0.54911977059455,0.54911977059455,24.162221421130763,unique_starts
2161,294,117,261,12,52,83,1,6.0,7.444444444444445,25,261,12,21.75,261,239,239,239,0.04399999999999991,0.00253,0.002995,0.42896663505169463,0.4921561459247037,0.4921561459247037,6.138675049056308,unique_starts
2162,294,121,417,34,251,59,7,16.0,15.872901678657074,23,417,34,12.264705882352942,417,0,0,0,0.9999999999999976,0.00253,0.00212,0.42896663505169463,0.4790562634901327,0.4790562634901327,16.06311944030978,unique_starts
2163,294,139,687,19,138,117,10,21.0,20.374090247452692,25,687,19,36.1578947368421,687,0,0,0,0.9999999999999986,0.00253,0.00315,0.42896663505169463,0.5763001546805818,0.5763001546805818,21.085125653075874,unique_starts
2164,294,149,53,4,20,10,16,22.0,21.88679245283019,25,53,4,13.25,53,16,0,0,0.9999999999999811,0.00253,0.002245,0.42896663505169463,0.4477196573186491,0.4477196573186491,22.22360679774998,unique_starts
2165,294,169,281,12,67,59,1,6.0,5.889679715302491,12,281,12,23.416666666666668,281,0,0,0,0.9999999999999963,0.00253,0.003075,0.42896663505169463,0.5191317792488794,0.5191317792488794,6.122169444356305,unique_starts
2166,294,175,681,18,144,103,1,20.0,19.342143906020556,25,681,18,37.833333333333336,681,23,23,23,0.9346590909090895,0.00253,0.00503,0.42896663505169463,0.7573380297747923,0.7573380297747923,20.083333333333332,unique_starts
2167,294,179,125,16,125,16,2,9.0,9.88,22,125,16,7.8125,125,9,9,9,0.8656716417910384,0.00253,0.00165,0.42896663505169463,0.5689519284458886,0.5689519284458886,9.089442719099992,unique_starts
2168,294,186,187,21,157,28,2,10.0,9.95187165775401,16,187,21,8.904761904761905,187,8,8,8,0.9179487179487132,0.00253,0.00126,0.42896663505169463,0.4246314878988181,0.42896663505169463,10.079808688446763,unique_starts
2169,294,230,11,3,7,5,22,24.0,24.09090909090909,25,11,3,3.6666666666666665,11,0,0,0,0.9999999999999091,0.00253,0.00344,0.42896663505169463,0.5276863910046072,0.5276863910046072,24.37796447300923,unique_starts
2170,294,243,263,14,104,35,12,19.0,19.09505703422053,25,263,14,18.785714285714285,263,0,0,0,0.9999999999999961,0.00253,0.002845,0.42896663505169463,0.47798288494927843,0.47798288494927843,19.09805806756909,unique_starts
2171,294,248,362,35,259,53,6,14.0,14.353591160220995,21,362,35,10.342857142857143,362,14,14,14,0.9255319148936145,0.00253,0.002135,0.42896663505169463,0.4551679911609592,0.4551679911609592,14.06213697660012,unique_starts
2172,294,251,6,2,5,3,14,15.5,15.833333333333334,18,6,2,3.0,6,0,0,0,0.9999999999998334,0.00253,0.002675,0.42896663505169463,0.4733873703025864,0.4733873703025864,15.947213595499958,unique_starts
2173,294,273,271,12,64,60,14,20.0,20.162361623616235,25,271,12,22.583333333333332,271,0,0,0,0.9999999999999962,0.00253,0.0032,0.42896663505169463,0.505500130278,0.505500130278,20.125,unique_starts
2174,294,281,448,14,105,77,1,7.0,7.185267857142857,20,448,14,32.0,448,94,94,94,0.6531365313653125,0.00253,0.003665,0.42896663505169463,0.5084243360159619,0.5084243360159619,7.097590007294853,unique_starts
2175,294,309,18,5,12,8,21,24.0,23.944444444444443,25,18,5,3.6,18,0,0,0,0.9999999999999445,0.00253,0.003055,0.42896663505169463,0.48484104579254805,0.48484104579254805,24.28867513459481,unique_starts
2176,294,316,10,3,6,6,23,25.0,24.5,25,10,3,3.3333333333333335,10,0,0,0,0.9999999999999,0.00253,0.0025,0.42896663505169463,0.4490634320386163,0.4490634320386163,25.408248290463863,unique_starts
2177,294,324,54,2,6,19,9,18.0,17.75925925925926,25,54,2,27.0,54,70,70,70,-0.1290322580645151,0.00253,0.00328,0.42896663505169463,0.38585339304776145,0.42896663505169463,18.408248290463863,unique_starts
2178,294,378,337,7,32,96,11,20.0,19.658753709198812,25,337,7,48.142857142857146,337,1050,1050,1050,-0.5140591204037488,0.00253,0.00272,0.42896663505169463,0.2874139677247253,0.42896663505169463,20.17677669529664,unique_starts
2179,294,402,27,3,15,6,20,23.0,23.14814814814815,25,27,3,9.0,27,28,0,0,0.999999999999963,0.00253,0.00217,0.42896663505169463,0.45222558449769595,0.45222558449769595,23.25819888974716,unique_starts
2180,294,433,120,10,27,60,1,4.0,4.375,10,120,10,12.0,120,0,0,0,0.9999999999999917,0.00253,0.00295,0.42896663505169463,0.4187955072680345,0.42896663505169463,4.192450089729875,unique_starts
2181,294,462,76,2,7,33,11,18.5,18.43421052631579,25,76,2,38.0,76,0,0,0,0.9999999999999869,0.00253,0.00335,0.42896663505169463,0.4622577751318516,0.4622577751318516,18.87796447300923,unique_starts
2182,294,463,9,3,8,4,10,13.0,13.222222222222221,16,9,3,3.0,9,20,20,20,-0.37931034482757314,0.00253,0.00216,0.42896663505169463,0.5081641748793143,0.5081641748793143,13.353553390593273,unique_starts
2183,304,84,64,4,24,15,16,23.0,22.53125,25,64,4,16.0,64,46,46,46,0.16363636363636216,0.003015,0.003185,0.5149114583441843,0.4087675614805981,0.5149114583441843,23.20412414523193,unique_starts
2184,304,115,49,4,22,11,18,23.0,22.73469387755102,25,49,4,12.25,49,9,0,0,0.9999999999999796,0.003015,0.002855,0.5149114583441843,0.4573735327292514,0.5149114583441843,23.21320071635561,unique_starts
2185,304,120,1047,34,138,408,1,5.0,5.529130850047755,12,1047,34,30.794117647058822,1047,335,335,335,0.5151953690303904,0.003015,0.00351,0.5149114583441843,0.6286366289947183,0.6286366289947183,5.085125653075875,unique_starts
2186,304,217,67,6,25,16,18,23.0,22.671641791044777,25,67,6,11.166666666666666,67,0,0,0,0.9999999999999851,0.003015,0.003145,0.5149114583441843,0.5280768414975939,0.5280768414975939,23.2,unique_starts
2187,304,224,1849,26,257,249,1,8.0,8.141157382368847,23,1849,26,71.11538461538461,1849,954,954,954,0.3193007491972885,0.003015,0.003435,0.5149114583441843,0.5524327933598494,0.5524327933598494,8.06237828615518,unique_starts
2188,304,243,16,3,10,7,21,24.0,24.0,25,16,3,5.333333333333333,16,0,0,0,0.9999999999999376,0.003015,0.002845,0.5149114583441843,0.47798288494927843,0.5149114583441843,24.316227766016837,unique_starts
2189,304,309,41,6,25,11,19,24.0,23.21951219512195,25,41,6,6.833333333333333,41,138,138,138,-0.5418994413407792,0.003015,0.003055,0.5149114583441843,0.48484104579254805,0.5149114583441843,24.2,unique_starts
2190,304,316,410,18,121,90,12,21.5,21.221951219512196,25,410,18,22.77777777777778,410,75,75,75,0.6907216494845346,0.003015,0.0025,0.5149114583441843,0.4490634320386163,0.5149114583441843,21.59090909090909,unique_starts
2191,304,385,209,14,72,63,15,24.0,22.95693779904306,25,209,14,14.928571428571429,209,265,265,265,-0.11814345991561157,0.003015,0.00381,0.5149114583441843,0.544885989019332,0.544885989019332,24.117851130197757,unique_starts
2192,304,402,470,14,114,83,14,22.0,21.417021276595744,25,470,14,33.57142857142857,470,161,161,161,0.48969889064976146,0.003015,0.00217,0.5149114583441843,0.45222558449769595,0.5149114583441843,22.09365858115817,unique_starts
2193,304,404,51,6,31,11,15,21.0,20.607843137254903,25,51,6,8.5,51,0,0,0,0.9999999999999803,0.003015,0.00219,0.5149114583441843,0.5171261636058332,0.5171261636058332,21.179605302026776,unique_starts
2194,304,474,640,20,167,111,14,22.0,21.625,25,640,20,32.0,640,0,0,0,0.9999999999999984,0.003015,0.002335,0.5149114583441843,0.47326325022320526,0.5149114583441843,22.077382323253413,unique_starts
2195,309,6,1260,28,141,335,1,8.0,7.919047619047619,19,1260,28,45.0,1260,1035,1035,1035,0.09803921568627447,0.003055,0.003095,0.48484104579254805,0.5183369733262979,0.5183369733262979,8.084215192106653,unique_starts
2196,309,21,33,7,33,7,11,14.0,14.393939393939394,21,33,7,4.714285714285714,33,41,41,41,-0.10810810810810666,0.003055,0.001335,0.48484104579254805,0.7000075364621832,0.7000075364621832,14.174077655955697,unique_starts
2197,309,24,219,8,44,42,1,8.0,8.616438356164384,19,219,8,27.375,219,0,0,0,0.9999999999999954,0.003055,0.002975,0.48484104579254805,0.4451639107771672,0.48484104579254805,8.150755672288883,unique_starts
2198,309,77,8,2,2,8,1,9.5,8.875,13,8,2,4.0,8,3,0,0,0.999999999999875,0.003055,0.00234,0.48484104579254805,0.4473317645634032,0.48484104579254805,10.207106781186548,unique_starts
2199,309,120,26,2,8,9,20,24.0,23.5,25,26,2,13.0,26,0,0,0,0.9999999999999616,0.003055,0.00351,0.48484104579254805,0.6286366289947183,0.6286366289947183,24.353553390593273,unique_starts
2200,309,121,150,16,85,37,16,20.0,19.973333333333333,25,150,16,9.375,150,2,0,0,0.9999999999999933,0.003055,0.00212,0.48484104579254805,0.4790562634901327,0.48484104579254805,20.108465228909328,unique_starts
2201,309,125,953,21,130,274,1,15.0,15.269674711437565,25,953,21,45.38095238095238,953,742,742,742,0.12448377581120937,0.003055,0.004175,0.48484104579254805,0.3723974808647528,0.48484104579254805,15.087705801930703,unique_starts
2202,309,147,1146,19,161,215,1,10.0,10.767888307155323,25,1146,19,60.31578947368421,1146,850,850,850,0.14829659318637267,0.003055,0.00412,0.48484104579254805,0.4966726365256857,0.4966726365256857,10.07881104062391,unique_starts
2203,309,163,19,4,19,4,1,10.0,10.842105263157896,20,19,4,4.75,19,10,10,10,0.3103448275861962,0.003055,0.000755,0.48484104579254805,0.8074492857931624,0.8074492857931624,10.229415733870562,unique_starts
2204,309,179,61,16,61,17,11,14.0,14.049180327868852,19,61,16,3.8125,61,53,53,53,0.07017543859649061,0.003055,0.00165,0.48484104579254805,0.5689519284458886,0.5689519284458886,14.128036879932896,unique_starts
2205,309,186,36,6,28,9,12,14.0,14.694444444444445,20,36,6,6.0,36,75,75,75,-0.3513513513513482,0.003055,0.00126,0.48484104579254805,0.4246314878988181,0.48484104579254805,14.188982236504614,unique_starts
2206,309,217,137,5,19,31,1,8.0,8.058394160583942,17,137,5,27.4,137,12,12,12,0.8389261744966386,0.003055,0.003145,0.48484104579254805,0.5280768414975939,0.5280768414975939,8.229415733870562,unique_starts
2207,309,224,607,6,53,78,2,15.0,15.023064250411862,25,607,6,101.16666666666667,607,99,99,99,0.7195467422096307,0.003055,0.003435,0.48484104579254805,0.5524327933598494,0.5524327933598494,15.13736056394869,unique_starts
2208,309,259,31,4,20,7,4,11.0,12.451612903225806,25,31,4,7.75,31,7,7,7,0.6315789473684044,0.003055,0.00102,0.48484104579254805,1.0660615445434947,1.0660615445434947,11.223606797749978,unique_starts
2209,309,281,238,19,68,88,18,23.0,22.571428571428573,25,238,19,12.526315789473685,238,312,312,312,-0.1345454545454543,0.003055,0.003665,0.48484104579254805,0.5084243360159619,0.5084243360159619,23.121267812518166,unique_starts
2210,309,304,138,7,52,23,14,22.0,21.27536231884058,25,138,7,19.714285714285715,138,41,41,41,0.5418994413407792,0.003055,0.003015,0.48484104579254805,0.5149114583441843,0.5149114583441843,22.138675049056307,unique_starts
2211,309,316,80,8,15,43,1,4.0,4.125,9,80,8,10.0,80,36,36,36,0.37931034482758297,0.003055,0.0025,0.48484104579254805,0.4490634320386163,0.48484104579254805,4.258198889747161,unique_starts
2212,309,319,102,12,59,24,13,16.0,15.970588235294118,23,102,12,8.5,102,281,281,281,-0.46736292428198306,0.003055,0.002245,0.48484104579254805,0.4303008855946258,0.48484104579254805,16.130188910980824,unique_starts
2213,309,371,15,4,15,4,6,11.0,11.466666666666667,18,15,4,3.75,15,1,0,0,0.9999999999999333,0.003055,0.00072,0.48484104579254805,2.0840511964640234,2.0840511964640234,11.258198889747161,unique_starts
2214,309,474,15,2,4,12,3,5.0,5.0,8,15,2,7.5,15,30,30,30,-0.33333333333332593,0.003055,0.002335,0.48484104579254805,0.47326325022320526,0.48484104579254805,5.5,unique_starts
2215,315,21,9,2,9,2,15,19.0,18.88888888888889,23,9,2,4.5,9,62,62,62,-0.7464788732394262,0.00307,0.001335,0.5338410601299857,0.7000075364621832,0.7000075364621832,19.333333333333332,unique_starts
2216,315,22,9,3,3,9,7,10.0,10.0,14,9,3,3.0,9,0,0,0,0.9999999999998889,0.00307,0.00375,0.5338410601299857,0.6446610524678009,0.6446610524678009,10.577350269189626,unique_starts
2217,315,43,60,11,20,37,14,19.0,19.083333333333332,25,60,11,5.454545454545454,60,9,0,0,0.9999999999999833,0.00307,0.00192,0.5338410601299857,0.4331654262548746,0.5338410601299857,19.22360679774998,unique_starts
2218,315,50,1759,14,152,277,1,16.0,15.959636156907333,25,1759,14,125.64285714285714,1759,590,590,590,0.497658578118348,0.00307,0.00344,0.5338410601299857,0.4362745814366093,0.5338410601299857,16.08111071056538,unique_starts
2219,315,100,2400,21,342,366,1,9.0,9.76125,25,2400,21,114.28571428571429,2400,171,171,171,0.8669778296382727,0.00307,0.0028,0.5338410601299857,0.4530066985824541,0.5338410601299857,9.054073807043588,unique_starts
2220,315,146,825,17,224,173,16,23.0,22.19272727272727,25,825,17,48.529411764705884,825,1090,1090,1090,-0.13838120104438636,0.00307,0.00289,0.5338410601299857,0.49858717633061933,0.5338410601299857,23.066815310478106,unique_starts
2221,315,163,10,2,10,2,10,14.0,13.9,17,10,2,5.0,10,10,0,0,0.9999999999999,0.00307,0.000755,0.5338410601299857,0.8074492857931624,0.8074492857931624,14.316227766016837,unique_starts
2222,315,164,432,12,140,70,7,18.0,17.52314814814815,25,432,12,36.0,432,115,115,115,0.5795246800731251,0.00307,0.002755,0.5338410601299857,0.46236208579247506,0.5338410601299857,18.08451542547285,unique_starts
2223,315,173,51,5,32,8,7,13.0,13.96078431372549,25,51,5,10.2,51,9,0,0,0.9999999999999803,0.00307,0.002675,0.5338410601299857,0.5108604177721788,0.5338410601299857,13.176776695296637,unique_starts
2224,315,179,14,8,14,8,13,17.0,17.5,23,14,8,1.75,14,34,34,34,-0.41666666666665797,0.00307,0.00165,0.5338410601299857,0.5689519284458886,0.5689519284458886,17.267261241912426,unique_starts
2225,315,184,54,3,12,15,1,6.0,6.12962962962963,12,54,3,18.0,54,19,19,19,0.479452054794514,0.00307,0.00261,0.5338410601299857,0.4440022572428347,0.5338410601299857,6.288675134594813,unique_starts
2226,315,186,27,8,16,12,13,17.0,17.25925925925926,21,27,8,3.375,27,106,106,106,-0.5939849624060106,0.00307,0.00126,0.5338410601299857,0.4246314878988181,0.5338410601299857,17.25,unique_starts
2227,315,229,94,3,9,30,1,18.0,17.43617021276596,25,94,3,31.333333333333332,94,409,409,409,-0.6262425447316091,0.00307,0.00306,0.5338410601299857,0.23617874098724062,0.5338410601299857,18.333333333333332,unique_starts
2228,315,230,74,6,17,21,1,5.0,5.0,11,74,6,12.333333333333334,74,1,0,0,0.9999999999999866,0.00307,0.00344,0.5338410601299857,0.5276863910046072,0.5338410601299857,5.242535625036333,unique_starts
2229,315,248,23,10,19,11,18,21.0,21.782608695652176,25,23,10,2.3,23,144,144,144,-0.7245508982035885,0.00307,0.002135,0.5338410601299857,0.4551679911609592,0.5338410601299857,21.22941573387056,unique_starts
2230,315,271,145,15,123,24,6,14.0,14.434482758620689,23,145,15,9.666666666666666,145,73,73,73,0.3302752293577967,0.00307,0.002355,0.5338410601299857,0.46904630509061107,0.5338410601299857,14.090166963466743,unique_starts
2231,315,371,22,5,17,6,8,13.0,14.045454545454545,23,22,5,4.4,22,27,27,27,-0.10204081632652852,0.00307,0.00072,0.5338410601299857,2.0840511964640234,2.0840511964640234,13.242535625036332,unique_starts
2232,315,410,290,13,125,43,8,20.0,19.09655172413793,25,290,13,22.307692307692307,290,101,101,101,0.4833759590792826,0.00307,0.002505,0.5338410601299857,0.5908932537877524,0.5908932537877524,20.089442719099992,unique_starts
2233,315,433,29,8,16,18,21,24.0,23.689655172413794,25,29,8,3.625,29,445,445,445,-0.8776371308016858,0.00307,0.00295,0.5338410601299857,0.4187955072680345,0.5338410601299857,24.25,unique_starts
2234,315,463,39,10,23,20,19,22.0,22.41025641025641,25,39,10,3.9,39,0,0,0,0.9999999999999744,0.00307,0.00216,0.5338410601299857,0.5081641748793143,0.5338410601299857,22.208514414057074,unique_starts
2235,315,485,107,8,43,42,1,24.0,22.30841121495327,25,107,8,13.375,107,166,166,166,-0.2161172161172153,0.00307,0.002155,0.5338410601299857,0.43599835801952425,0.5338410601299857,24.152498570332604,unique_starts
2236,316,6,16,2,8,4,5,8.0,8.0,11,16,2,8.0,16,7,0,0,0.9999999999999376,0.0025,0.003095,0.4490634320386163,0.5183369733262979,0.5183369733262979,8.353553390593273,unique_starts
2237,316,24,244,10,33,97,1,14.0,13.778688524590164,25,244,10,24.4,244,57,57,57,0.6212624584717586,0.0025,0.002975,0.4490634320386163,0.4451639107771672,0.4490634320386163,14.174077655955697,unique_starts
2238,316,84,309,11,71,60,1,19.0,16.692556634304207,25,309,11,28.09090909090909,309,38,38,38,0.7809798270893349,0.0025,0.003185,0.4490634320386163,0.4087675614805981,0.4490634320386163,19.118678165819386,unique_starts
2239,316,98,249,7,62,39,1,21.0,19.180722891566266,25,249,7,35.57142857142857,249,7,7,7,0.9453124999999962,0.0025,0.00306,0.4490634320386163,0.34307339056976743,0.4490634320386163,21.12700012700019,unique_starts
2240,316,115,8,2,8,3,1,2.0,2.375,5,8,2,4.0,8,20,20,20,-0.4285714285714133,0.0025,0.002855,0.4490634320386163,0.4573735327292514,0.4573735327292514,2.353553390593274,unique_starts
2241,316,120,27,3,10,11,21,24.0,23.62962962962963,25,27,3,9.0,27,45,0,0,0.999999999999963,0.0025,0.00351,0.4490634320386163,0.6286366289947183,0.6286366289947183,24.316227766016837,unique_starts
2242,316,121,47,7,37,11,16,20.0,19.93617021276596,25,47,7,6.714285714285714,47,1,0,0,0.9999999999999787,0.0025,0.00212,0.4490634320386163,0.4790562634901327,0.4790562634901327,20.164398987305358,unique_starts
2243,316,125,393,7,56,57,1,8.0,8.188295165394402,25,393,7,56.142857142857146,393,26,26,26,0.8758949880668236,0.0025,0.004175,0.4490634320386163,0.3723974808647528,0.4490634320386163,8.133630620956213,unique_starts
2244,316,147,760,15,140,118,1,19.0,17.105263157894736,25,760,15,50.666666666666664,760,227,227,227,0.5400202634245181,0.0025,0.00412,0.4490634320386163,0.4966726365256857,0.4966726365256857,19.08451542547285,unique_starts
2245,316,163,32,2,11,5,2,8.0,8.3125,21,32,2,16.0,32,50,50,50,-0.21951219512194856,0.0025,0.000755,0.4490634320386163,0.8074492857931624,0.8074492857931624,8.301511344577763,unique_starts
2246,316,169,26,3,10,9,18,22.5,22.384615384615383,25,26,3,8.666666666666666,26,19,19,19,0.1555555555555521,0.0025,0.003075,0.4490634320386163,0.5191317792488794,0.5191317792488794,22.816227766016837,unique_starts
2247,316,179,80,14,78,16,9,14.0,14.1375,20,80,14,5.714285714285714,80,24,24,24,0.5384615384615333,0.0025,0.00165,0.4490634320386163,0.5689519284458886,0.5689519284458886,14.11322770341446,unique_starts
2248,316,199,19,4,10,10,22,25.0,24.31578947368421,25,19,4,4.75,19,0,0,0,0.9999999999999475,0.0025,0.00268,0.4490634320386163,0.5690552560543798,0.5690552560543798,25.316227766016837,unique_starts
2249,316,217,1187,25,143,240,1,8.0,7.993260320134794,21,1187,25,47.48,1187,13,13,13,0.9783333333333326,0.0025,0.003145,0.4490634320386163,0.5280768414975939,0.5280768414975939,8.08362420100071,unique_starts
2250,316,224,277,10,32,87,6,18.0,17.592057761732853,25,277,10,27.7,277,687,687,687,-0.4253112033195016,0.0025,0.003435,0.4490634320386163,0.5524327933598494,0.5524327933598494,18.17677669529664,unique_starts
2251,316,243,78,9,28,22,3,10.0,9.897435897435898,16,78,9,8.666666666666666,78,312,312,312,-0.5999999999999984,0.0025,0.002845,0.4490634320386163,0.47798288494927843,0.47798288494927843,10.188982236504614,unique_starts
2252,316,251,56,3,19,13,18,23.0,22.392857142857142,25,56,3,18.666666666666668,56,67,67,67,-0.08943089430894237,0.0025,0.002675,0.4490634320386163,0.4733873703025864,0.4733873703025864,23.22941573387056,unique_starts
2253,316,259,12,2,11,3,11,17.5,17.5,23,12,2,6.0,12,64,64,64,-0.6842105263157805,0.0025,0.00102,0.4490634320386163,1.0660615445434947,1.0660615445434947,17.801511344577765,unique_starts
2254,316,304,75,3,21,11,13,21.0,20.30666666666667,25,75,3,25.0,75,410,410,410,-0.6907216494845346,0.0025,0.003015,0.4490634320386163,0.5149114583441843,0.5149114583441843,21.21821789023599,unique_starts
2255,316,309,36,2,8,15,1,4.0,4.027777777777778,9,36,2,18.0,36,80,80,80,-0.37931034482758297,0.0025,0.003055,0.4490634320386163,0.48484104579254805,0.48484104579254805,4.353553390593274,unique_starts
2256,316,319,64,9,42,17,11,16.0,15.84375,23,64,9,7.111111111111111,64,168,168,168,-0.4482758620689636,0.0025,0.002245,0.4490634320386163,0.4303008855946258,0.4490634320386163,16.154303349962092,unique_starts
2257,316,371,10,2,9,3,1,5.5,5.5,10,10,2,5.0,10,14,14,14,-0.16666666666665975,0.0025,0.00072,0.4490634320386163,2.0840511964640234,2.0840511964640234,5.833333333333333,unique_starts
2258,316,385,1167,25,202,203,1,9.0,10.388174807197943,25,1167,25,46.68,1167,235,235,235,0.6647646219686159,0.0025,0.00381,0.4490634320386163,0.544885989019332,0.544885989019332,9.07035975447303,unique_starts
2259,316,389,93,4,21,20,1,6.0,8.806451612903226,25,93,4,23.25,93,0,0,0,0.9999999999999893,0.0025,0.002875,0.4490634320386163,0.26692962496119355,0.4490634320386163,6.218217890235993,unique_starts
2260,316,402,156,11,42,50,1,23.0,20.544871794871796,25,156,11,14.181818181818182,156,277,277,277,-0.2794457274826783,0.0025,0.00217,0.4490634320386163,0.45222558449769595,0.45222558449769595,23.154303349962092,unique_starts
2261,316,404,4,3,3,4,1,1.0,1.25,2,4,3,1.3333333333333333,4,208,208,208,-0.9622641509433917,0.0025,0.00219,0.4490634320386163,0.5171261636058332,0.5171261636058332,1.5773502691896257,unique_starts
2262,316,474,57,7,26,22,1,4.0,6.385964912280702,25,57,7,8.142857142857142,57,39,39,39,0.18749999999999806,0.0025,0.002335,0.4490634320386163,0.47326325022320526,0.47326325022320526,4.196116135138184,unique_starts
2263,318,7,503,12,109,102,11,20.0,19.47713717693837,25,503,12,41.916666666666664,503,3252,3252,3252,-0.7320905459387481,0.003055,0.00345,0.4226365509545472,0.473565075387291,0.473565075387291,20.095782628522116,unique_starts
2264,318,56,270,7,39,50,1,9.0,8.977777777777778,18,270,7,38.57142857142857,270,129,129,129,0.35338345864661563,0.003055,0.003085,0.4226365509545472,0.5396960390661362,0.5396960390661362,9.160128153805086,unique_starts
2265,318,77,10,3,5,7,23,24.5,24.3,25,10,3,3.3333333333333335,10,0,0,0,0.9999999999999,0.003055,0.00234,0.4226365509545472,0.4473317645634032,0.4473317645634032,24.947213595499957,unique_starts
2266,318,279,56,2,13,9,11,17.5,17.5,24,56,2,28.0,56,82,82,82,-0.18840579710144792,0.003055,0.00293,0.4226365509545472,0.40818291842784804,0.4226365509545472,17.777350098112613,unique_starts
2267,318,347,120,6,33,22,1,5.0,5.425,11,120,6,20.0,120,3,0,0,0.9999999999999917,0.003055,0.002635,0.4226365509545472,0.42694736380270404,0.42694736380270404,5.174077655955698,unique_starts
2268,318,362,1833,22,395,172,7,18.0,17.662302236770323,25,1833,22,83.31818181818181,1833,7,7,7,0.9923913043478256,0.003055,0.002515,0.4226365509545472,0.439699243799817,0.439699243799817,18.050315460542663,unique_starts
2269,318,440,87,3,15,22,14,21.0,20.908045977011493,25,87,3,29.0,87,373,373,373,-0.6217391304347812,0.003055,0.002505,0.4226365509545472,0.4432001412722737,0.4432001412722737,21.25819888974716,unique_starts
2270,318,474,24,2,12,4,12,17.5,17.5,22,24,2,12.0,24,0,0,0,0.9999999999999584,0.003055,0.002335,0.4226365509545472,0.47326325022320526,0.47326325022320526,17.78867513459481,unique_starts
2271,319,6,267,17,44,141,4,11.0,13.857677902621722,25,267,17,15.705882352941176,267,172,172,172,0.2164009111617307,0.002245,0.003095,0.4303008855946258,0.5183369733262979,0.5183369733262979,11.150755672288883,unique_starts
2272,319,7,141,10,24,60,13,21.0,20.22695035460993,25,141,10,14.1,141,40,40,40,0.5580110497237538,0.002245,0.00345,0.4303008855946258,0.473565075387291,0.473565075387291,21.20412414523193,unique_starts
2273,319,24,19,3,6,9,20,24.0,23.31578947368421,25,19,3,6.333333333333333,19,0,0,0,0.9999999999999475,0.002245,0.002975,0.4303008855946258,0.4451639107771672,0.4451639107771672,24.408248290463863,unique_starts
2274,319,28,6,4,5,5,24,25.0,24.833333333333332,25,6,4,1.5,6,0,0,0,0.9999999999998334,0.002245,0.002415,0.4303008855946258,0.42854134755998907,0.4303008855946258,25.447213595499957,unique_starts
2275,319,58,22,5,7,15,5,23.0,20.863636363636363,25,22,5,4.4,22,0,0,0,0.9999999999999546,0.002245,0.0027,0.4303008855946258,0.45943690378043944,0.45943690378043944,23.37796447300923,unique_starts
2276,319,84,19,4,7,11,15,23.0,21.42105263157895,25,19,4,4.75,19,1,0,0,0.9999999999999475,0.002245,0.003185,0.4303008855946258,0.4087675614805981,0.4303008855946258,23.37796447300923,unique_starts
2277,319,98,25,4,10,12,14,23.0,20.72,25,25,4,6.25,25,10,10,10,0.4285714285714163,0.002245,0.00306,0.4303008855946258,0.34307339056976743,0.4303008855946258,23.316227766016837,unique_starts
2278,319,115,65,10,18,35,13,17.0,17.923076923076923,25,65,10,6.5,65,5,5,5,0.857142857142845,0.002245,0.002855,0.4303008855946258,0.4573735327292514,0.4573735327292514,17.235702260395517,unique_starts
2279,319,121,170,46,102,88,2,4.0,4.070588235294117,6,170,46,3.6956521739130435,170,1,0,0,0.9999999999999941,0.002245,0.00212,0.4303008855946258,0.4790562634901327,0.4790562634901327,4.099014754297667,unique_starts
2280,319,125,42,5,11,21,15,22.0,21.071428571428573,25,42,5,8.4,42,63,63,63,-0.1999999999999981,0.002245,0.004175,0.4303008855946258,0.3723974808647528,0.4303008855946258,22.301511344577765,unique_starts
2281,319,133,28,3,5,13,15,21.0,20.678571428571427,25,28,3,9.333333333333334,28,42,42,42,-0.19999999999999715,0.002245,0.003455,0.4303008855946258,0.40834813465235587,0.4303008855946258,21.447213595499957,unique_starts
2282,319,143,74,8,14,43,14,22.5,21.7027027027027,25,74,8,9.25,74,17,17,17,0.6263736263736195,0.002245,0.003425,0.4303008855946258,0.4310573077101274,0.4310573077101274,22.767261241912426,unique_starts
2283,319,147,22,2,4,12,20,23.0,22.727272727272727,25,22,2,11.0,22,59,59,59,-0.4567901234567845,0.002245,0.00412,0.4303008855946258,0.4966726365256857,0.4966726365256857,23.5,unique_starts
2284,319,157,22,2,4,11,16,20.0,19.863636363636363,24,22,2,11.0,22,3,0,0,0.9999999999999546,0.002245,0.00224,0.4303008855946258,0.4360808470049738,0.4360808470049738,20.5,unique_starts
2285,319,167,13,3,7,6,19,21.0,21.153846153846153,24,13,3,4.333333333333333,13,102,102,102,-0.7739130434782542,0.002245,0.002905,0.4303008855946258,0.5523326473861818,0.5523326473861818,21.37796447300923,unique_starts
2286,319,196,52,5,9,26,16,21.0,21.03846153846154,25,52,5,10.4,52,8,8,8,0.7333333333333211,0.002245,0.00287,0.4303008855946258,0.36280201708894627,0.4303008855946258,21.333333333333332,unique_starts
2287,319,217,137,13,37,64,5,22.0,20.00729927007299,25,137,13,10.538461538461538,137,460,460,460,-0.5410385259631482,0.002245,0.003145,0.4303008855946258,0.5280768414975939,0.5280768414975939,22.164398987305358,unique_starts
2288,319,243,487,42,112,219,4,8.0,8.80287474332649,25,487,42,11.595238095238095,487,171,171,171,0.48024316109422416,0.002245,0.002845,0.4303008855946258,0.47798288494927843,0.47798288494927843,8.094491118252307,unique_starts
2289,319,247,126,6,19,63,12,20.0,20.03968253968254,25,126,6,21.0,126,32,32,32,0.5949367088607558,0.002245,0.002885,0.4303008855946258,0.36620018911671115,0.4303008855946258,20.22941573387056,unique_starts
2290,319,251,188,20,43,101,4,8.0,8.707446808510639,25,188,20,9.4,188,292,292,292,-0.2166666666666662,0.002245,0.002675,0.4303008855946258,0.4733873703025864,0.4733873703025864,8.152498570332604,unique_starts
2291,319,261,196,10,21,101,11,20.0,19.622448979591837,25,196,10,19.6,196,136,136,136,0.1807228915662645,0.002245,0.003005,0.4303008855946258,0.3332476057918914,0.4303008855946258,20.21821789023599,unique_starts
2292,319,262,14,2,4,12,5,9.0,9.642857142857142,16,14,2,7.0,14,0,0,0,0.9999999999999286,0.002245,0.00278,0.4303008855946258,0.20145072035126035,0.4303008855946258,9.5,unique_starts
2293,319,279,65,6,11,35,11,17.0,17.846153846153847,25,65,6,10.833333333333334,65,99,99,99,-0.20731707317073045,0.002245,0.00293,0.4303008855946258,0.40818291842784804,0.4303008855946258,17.301511344577765,unique_starts
2294,319,309,281,21,48,140,10,18.0,18.601423487544483,25,281,21,13.380952380952381,281,102,102,102,0.46736292428198306,0.002245,0.003055,0.4303008855946258,0.48484104579254805,0.48484104579254805,18.144337567297406,unique_starts
2295,319,316,168,14,34,75,13,21.0,20.458333333333332,25,168,14,12.0,168,64,64,64,0.4482758620689636,0.002245,0.0025,0.4303008855946258,0.4490634320386163,0.4490634320386163,21.17149858514251,unique_starts
2296,319,385,137,11,26,61,13,19.0,18.956204379562045,25,137,11,12.454545454545455,137,121,121,121,0.06201550387596875,0.002245,0.00381,0.4303008855946258,0.544885989019332,0.544885989019332,19.196116135138183,unique_starts
2297,319,402,51,9,20,25,12,18.0,18.372549019607842,25,51,9,5.666666666666667,51,34,34,34,0.19999999999999765,0.002245,0.00217,0.4303008855946258,0.45222558449769595,0.45222558449769595,18.22360679774998,unique_starts
2298,319,440,182,19,41,96,12,18.0,18.791208791208792,25,182,19,9.578947368421053,182,112,112,112,0.23809523809523728,0.002245,0.002505,0.4303008855946258,0.4432001412722737,0.4432001412722737,18.156173761888606,unique_starts
2299,319,463,255,63,161,119,2,4.0,4.0549019607843135,6,255,63,4.0476190476190474,255,0,0,0,0.9999999999999961,0.002245,0.00216,0.4303008855946258,0.5081641748793143,0.5081641748793143,4.07881104062391,unique_starts
2300,319,481,386,12,46,187,4,11.0,12.067357512953368,25,386,12,32.166666666666664,386,483,483,483,-0.11162255466052921,0.002245,0.00295,0.4303008855946258,0.3715708750101002,0.4303008855946258,11.147441956154896,unique_starts
2301,324,10,312,11,74,67,8,20.0,19.919871794871796,25,312,11,28.363636363636363,312,3195,3195,3195,-0.8220701454234386,0.00328,0.003525,0.38585339304776145,0.49946110985903625,0.49946110985903625,20.11624763874382,unique_starts
2302,324,16,121,3,13,38,1,9.0,9.24793388429752,23,121,3,40.333333333333336,121,7,7,7,0.8906249999999931,0.00328,0.00306,0.38585339304776145,0.3930741805154096,0.3930741805154096,9.277350098112615,unique_starts
2303,324,42,19,2,7,4,11,14.0,14.473684210526315,18,19,2,9.5,19,5,0,0,0.9999999999999475,0.00328,0.002905,0.38585339304776145,0.49705178564663943,0.49705178564663943,14.377964473009227,unique_starts
2304,324,46,141,4,18,34,9,18.0,17.79432624113475,25,141,4,35.25,141,0,0,0,0.9999999999999929,0.00328,0.00281,0.38585339304776145,0.4994811286042713,0.4994811286042713,18.235702260395517,unique_starts
2305,324,112,1599,21,496,123,1,10.0,10.390869293308318,25,1599,21,76.14285714285714,1599,1420,1420,1420,0.05929115601192446,0.00328,0.00296,0.38585339304776145,0.4285491187954342,0.4285491187954342,10.044901325506693,unique_starts
2306,324,117,210,9,54,41,13,21.0,20.452380952380953,25,210,9,23.333333333333332,210,1870,1870,1870,-0.7980769230769227,0.00328,0.002995,0.38585339304776145,0.4921561459247037,0.4921561459247037,21.136082763487956,unique_starts
2307,324,149,7,2,7,2,17,21.0,20.714285714285715,24,7,2,3.5,7,2,0,0,0.9999999999998571,0.00328,0.002245,0.38585339304776145,0.4477196573186491,0.4477196573186491,21.37796447300923,unique_starts
2308,324,213,4113,22,504,340,3,15.0,15.310722100656456,25,4113,22,186.95454545454547,4113,0,0,0,0.9999999999999998,0.00328,0.00257,0.38585339304776145,0.4255281791303589,0.4255281791303589,15.044543540318738,unique_starts
2309,324,238,261,9,67,63,3,14.0,13.71264367816092,25,261,9,29.0,261,309,309,309,-0.08421052631578932,0.00328,0.002405,0.38585339304776145,0.44709407160762304,0.44709407160762304,14.122169444356306,unique_starts
2310,324,268,26,3,9,10,19,24.0,23.384615384615383,25,26,3,8.666666666666666,26,22,0,0,0.9999999999999616,0.00328,0.00255,0.38585339304776145,0.43791978219162725,0.43791978219162725,24.333333333333332,unique_starts
2311,324,281,9,4,6,6,23,25.0,24.555555555555557,25,9,4,2.25,9,1012,1012,1012,-0.9823702252693428,0.00328,0.003665,0.38585339304776145,0.5084243360159619,0.5084243360159619,25.408248290463863,unique_starts
2312,324,294,70,2,12,14,13,19.0,19.17142857142857,25,70,2,35.0,70,54,54,54,0.1290322580645151,0.00328,0.00253,0.38585339304776145,0.42896663505169463,0.42896663505169463,19.28867513459481,unique_starts
2313,324,378,102,3,15,22,1,6.0,6.401960784313726,15,102,3,34.0,102,6,6,6,0.8888888888888807,0.00328,0.00272,0.38585339304776145,0.2874139677247253,0.38585339304776145,6.258198889747161,unique_starts
2314,324,382,1131,14,129,199,1,7.0,7.6861184792219275,19,1131,14,80.78571428571429,1131,521,521,521,0.3692493946731233,0.00328,0.00306,0.38585339304776145,0.5168753927781407,0.5168753927781407,7.088045090632562,unique_starts
2315,324,406,6,2,3,5,23,24.5,24.333333333333332,25,6,2,3.0,6,0,0,0,0.9999999999998334,0.00328,0.002805,0.38585339304776145,0.47566766402598537,0.47566766402598537,25.077350269189626,unique_starts
2316,328,16,79,4,16,20,16,23.0,22.227848101265824,25,79,4,19.75,79,895,895,895,-0.8377823408624221,0.00278,0.00306,0.4295227114706557,0.3930741805154096,0.4295227114706557,23.25,unique_starts
2317,328,21,16,5,16,5,21,24.0,23.5625,25,16,5,3.2,16,0,0,0,0.9999999999999376,0.00278,0.001335,0.4295227114706557,0.7000075364621832,0.7000075364621832,24.25,unique_starts
2318,328,39,764,22,175,128,1,13.0,12.68324607329843,25,764,22,34.72727272727273,764,32,32,32,0.9195979899497475,0.00278,0.002705,0.4295227114706557,0.41176789607065134,0.4295227114706557,13.075592894601845,unique_starts
2319,328,109,243,7,33,68,1,19.0,15.897119341563785,25,243,7,34.714285714285715,243,1010,1010,1010,-0.6121308858739022,0.00278,0.002985,0.4295227114706557,0.3581978582570581,0.4295227114706557,19.1740776559557,unique_starts
2320,328,140,61,7,21,20,1,23.0,18.459016393442624,25,61,7,8.714285714285714,61,1242,1242,1242,-0.9063699155794315,0.00278,0.00296,0.4295227114706557,0.4551836186304672,0.4551836186304672,23.21821789023599,unique_starts
2321,328,169,694,25,139,136,11,21.0,20.49135446685879,25,694,25,27.76,694,4,0,0,0.9999999999999986,0.00278,0.003075,0.4295227114706557,0.5191317792488794,0.5191317792488794,21.084818892968,unique_starts
2322,328,176,570,10,82,112,7,21.0,20.321052631578947,25,570,10,57.0,570,0,0,0,0.9999999999999982,0.00278,0.00293,0.4295227114706557,0.4160949662438087,0.4295227114706557,21.110431526074848,unique_starts
2323,328,179,15,5,15,6,21,23.0,23.333333333333332,25,15,5,3.0,15,4,0,0,0.9999999999999333,0.00278,0.00165,0.4295227114706557,0.5689519284458886,0.5689519284458886,23.25819888974716,unique_starts
2324,328,186,27,10,27,10,21,24.0,23.555555555555557,25,27,10,2.7,27,0,0,0,0.999999999999963,0.00278,0.00126,0.4295227114706557,0.4246314878988181,0.4295227114706557,24.192450089729874,unique_starts
2325,328,199,339,10,72,57,1,9.0,9.595870206489675,22,339,10,33.9,339,240,240,240,0.17098445595854891,0.00278,0.00268,0.4295227114706557,0.5690552560543798,0.5690552560543798,9.117851130197758,unique_starts
2326,328,238,117,6,27,33,1,6.0,6.47008547008547,14,117,6,19.5,117,0,0,0,0.9999999999999915,0.00278,0.002405,0.4295227114706557,0.44709407160762304,0.44709407160762304,6.192450089729875,unique_starts
2327,328,252,225,10,59,54,4,20.0,17.22222222222222,25,225,10,22.5,225,2,0,0,0.9999999999999956,0.00278,0.00348,0.4295227114706557,0.32521551737612986,0.4295227114706557,20.130188910980824,unique_starts
2328,328,266,5,3,4,4,1,25.0,20.0,25,5,3,1.6666666666666667,5,649,649,649,-0.9847094801223226,0.00278,0.0038,0.4295227114706557,0.6115361362052629,0.6115361362052629,25.5,unique_starts
2329,328,294,292,11,58,57,9,17.0,16.86986301369863,25,292,11,26.545454545454547,292,0,0,0,0.9999999999999964,0.00278,0.00253,0.4295227114706557,0.42896663505169463,0.4295227114706557,17.131306432859724,unique_starts
2330,328,383,324,13,80,60,4,18.0,17.84259259259259,25,324,13,24.923076923076923,324,1,0,0,0.9999999999999969,0.00278,0.00295,0.4295227114706557,0.47953992323646644,0.47953992323646644,18.11180339887499,unique_starts
2331,328,404,1245,28,251,197,1,8.0,8.33574297188755,25,1245,28,44.464285714285715,1245,1,0,0,0.9999999999999992,0.00278,0.00219,0.4295227114706557,0.5171261636058332,0.5171261636058332,8.06311944030978,unique_starts
2332,328,433,407,8,56,62,10,19.0,19.226044226044227,25,407,8,50.875,407,8,0,0,0.9999999999999974,0.00278,0.00295,0.4295227114706557,0.4187955072680345,0.4295227114706557,19.13363062095621,unique_starts
2333,328,462,101,3,22,23,16,22.0,22.11881188118812,25,101,3,33.666666666666664,101,0,0,0,0.9999999999999901,0.00278,0.00335,0.4295227114706557,0.4622577751318516,0.4622577751318516,22.21320071635561,unique_starts
2334,328,485,67,3,16,15,1,10.0,9.880597014925373,20,67,3,22.333333333333332,67,0,0,0,0.9999999999999851,0.00278,0.002155,0.4295227114706557,0.43599835801952425,0.43599835801952425,10.25,unique_starts
2335,328,487,22,6,11,14,20,23.5,23.272727272727273,25,22,6,3.6666666666666665,22,3029,3029,3029,-0.9855784988528349,0.00278,0.00309,0.4295227114706557,0.4986519883489159,0.4986519883489159,23.801511344577765,unique_starts
2336,328,494,1044,25,169,200,1,10.0,10.509578544061302,24,1044,25,41.76,1044,20,20,20,0.9624060150375932,0.00278,0.002885,0.4295227114706557,0.4433285498558166,0.4433285498558166,10.076923076923077,unique_starts
2337,329,8,87,3,21,19,18,23.0,22.75862068965517,25,87,3,29.0,87,0,0,0,0.9999999999999886,0.00267,0.00305,0.48285513264051666,0.5406985617322061,0.5406985617322061,23.21821789023599,unique_starts
2338,329,100,13,2,6,6,21,24.0,23.384615384615383,25,13,2,6.5,13,0,0,0,0.9999999999999231,0.00267,0.0028,0.48285513264051666,0.4530066985824541,0.48285513264051666,24.408248290463863,unique_starts
2339,329,109,378,7,47,58,1,10.0,10.404761904761905,25,378,7,54.0,378,1,0,0,0.9999999999999973,0.00267,0.002985,0.48285513264051666,0.3581978582570581,0.48285513264051666,10.145864991497895,unique_starts
2340,329,163,4,2,3,3,3,3.5,3.5,4,4,2,2.0,4,0,0,0,0.99999999999975,0.00267,0.000755,0.48285513264051666,0.8074492857931624,0.8074492857931624,4.077350269189626,unique_starts
2341,329,167,157,8,53,31,10,23.0,21.726114649681527,25,157,8,19.625,157,0,0,0,0.9999999999999937,0.00267,0.002905,0.48285513264051666,0.5523326473861818,0.5523326473861818,23.13736056394869,unique_starts
2342,329,205,9,2,9,2,14,20.0,19.77777777777778,24,9,2,4.5,9,0,0,0,0.9999999999998889,0.00267,0.00069,0.48285513264051666,0.4815721475373711,0.48285513264051666,20.333333333333332,unique_starts
2343,329,207,224,3,35,19,1,15.0,14.816964285714286,25,224,3,74.66666666666667,224,0,0,0,0.9999999999999956,0.00267,0.002905,0.48285513264051666,0.5142383888493315,0.5142383888493315,15.169030850945703,unique_starts
2344,329,259,12,4,9,6,5,8.5,12.666666666666666,25,12,4,3.0,12,0,0,0,0.9999999999999166,0.00267,0.00102,0.48285513264051666,1.0660615445434947,1.0660615445434947,8.833333333333334,unique_starts
2345,329,271,24,3,15,4,7,12.5,12.625,18,24,3,8.0,24,0,0,0,0.9999999999999584,0.00267,0.002355,0.48285513264051666,0.46904630509061107,0.48285513264051666,12.758198889747161,unique_starts
2346,329,290,156,4,30,27,14,22.0,21.487179487179485,25,156,4,39.0,156,0,0,0,0.9999999999999937,0.00267,0.002905,0.48285513264051666,0.5506580655999675,0.5506580655999675,22.182574185835055,unique_starts
2347,329,316,4,2,3,3,16,18.0,18.0,20,4,2,2.0,4,0,0,0,0.99999999999975,0.00267,0.0025,0.48285513264051666,0.4490634320386163,0.48285513264051666,18.577350269189626,unique_starts
2348,329,440,47,7,24,16,20,24.0,23.48936170212766,25,47,7,6.714285714285714,47,0,0,0,0.9999999999999787,0.00267,0.002505,0.48285513264051666,0.4432001412722737,0.48285513264051666,24.20412414523193,unique_starts
2349,329,485,134,3,27,17,14,21.0,20.895522388059703,25,134,3,44.666666666666664,134,0,0,0,0.9999999999999926,0.00267,0.002155,0.48285513264051666,0.43599835801952425,0.48285513264051666,21.192450089729874,unique_starts
2350,332,4,813,10,117,103,4,17.0,16.830258302583026,25,813,10,81.3,813,60,60,60,0.8625429553264594,0.00266,0.0034,0.3973389111790975,0.42665327824002786,0.42665327824002786,17.092450032704203,unique_starts
2351,332,8,19,2,7,5,20,23.0,23.210526315789473,25,19,2,9.5,19,0,0,0,0.9999999999999475,0.00266,0.00305,0.3973389111790975,0.5406985617322061,0.5406985617322061,23.37796447300923,unique_starts
2352,332,42,102,9,41,31,18,23.0,22.5,25,102,9,11.333333333333334,102,0,0,0,0.9999999999999902,0.00266,0.002905,0.3973389111790975,0.49705178564663943,0.49705178564663943,23.156173761888606,unique_starts
2353,332,63,1586,27,325,307,13,22.0,21.31651954602774,25,1586,27,58.74074074074074,1586,0,0,0,0.9999999999999994,0.00266,0.00318,0.3973389111790975,0.5301456261038152,0.5301456261038152,22.055470019622522,unique_starts
2354,332,80,18,3,9,8,22,24.0,24.055555555555557,25,18,3,6.0,18,0,0,0,0.9999999999999445,0.00266,0.003105,0.3973389111790975,0.54911977059455,0.54911977059455,24.333333333333332,unique_starts
2355,332,118,1170,11,155,160,1,16.0,15.826495726495727,25,1170,11,106.36363636363636,1170,92,92,92,0.8541996830427886,0.00266,0.002715,0.3973389111790975,0.3381375536578267,0.3973389111790975,16.08032193289025,unique_starts
2356,332,138,288,7,41,61,4,16.0,16.350694444444443,25,288,7,41.142857142857146,288,47,47,47,0.7194029850746246,0.00266,0.002785,0.3973389111790975,0.37021778866614363,0.3973389111790975,16.156173761888606,unique_starts
2357,332,149,27,4,14,14,21,25.0,24.14814814814815,25,27,4,6.75,27,0,0,0,0.999999999999963,0.00266,0.002245,0.3973389111790975,0.4477196573186491,0.4477196573186491,25.267261241912426,unique_starts
2358,332,172,623,19,163,130,1,6.0,6.656500802568218,19,623,19,32.78947368421053,623,0,0,0,0.9999999999999983,0.00266,0.00297,0.3973389111790975,0.4684363793861522,0.4684363793861522,6.0783260449987955,unique_starts
2359,332,173,707,15,102,148,1,7.0,7.551626591230551,19,707,15,47.13333333333333,707,65,65,65,0.8316062176165792,0.00266,0.002675,0.3973389111790975,0.5108604177721788,0.5108604177721788,7.099014754297667,unique_starts
2360,332,238,10,2,5,4,22,24.0,23.9,25,10,2,5.0,10,0,0,0,0.9999999999999,0.00266,0.002405,0.3973389111790975,0.44709407160762304,0.44709407160762304,24.447213595499957,unique_starts
2361,332,258,14,5,9,10,24,25.0,24.642857142857142,25,14,5,2.8,14,0,0,0,0.9999999999999286,0.00266,0.00251,0.3973389111790975,0.4379225923469485,0.4379225923469485,25.333333333333332,unique_starts
2362,332,288,42,2,8,11,12,17.0,16.642857142857142,21,42,2,21.0,42,1,0,0,0.9999999999999761,0.00266,0.002855,0.3973389111790975,0.3565540314868625,0.3973389111790975,17.353553390593273,unique_starts
2363,332,340,1146,16,139,173,6,18.0,17.517452006980804,25,1146,16,71.625,1146,58,58,58,0.9036544850498333,0.00266,0.00264,0.3973389111790975,0.388332655852337,0.3973389111790975,18.084818892968,unique_starts
2364,335,2,368,6,53,51,8,19.0,18.608695652173914,25,368,6,61.333333333333336,368,517,517,517,-0.16836158192090375,0.003265,0.00384,0.33863745508677673,0.49557695833984555,0.49557695833984555,19.13736056394869,unique_starts
2365,335,21,82,8,82,8,2,7.5,8.463414634146341,25,82,8,10.25,82,83,83,83,-0.006060606060606024,0.003265,0.001335,0.33863745508677673,0.7000075364621832,0.7000075364621832,7.610431526074847,unique_starts
2366,335,79,37,4,18,13,19,24.0,23.513513513513512,25,37,4,9.25,37,0,0,0,0.9999999999999729,0.003265,0.003325,0.33863745508677673,0.5566279042981374,0.5566279042981374,24.235702260395517,unique_starts
2367,335,98,260,6,36,67,8,21.0,19.838461538461537,25,260,6,43.333333333333336,260,105,105,105,0.42465753424657415,0.003265,0.00306,0.33863745508677673,0.34307339056976743,0.34307339056976743,21.166666666666668,unique_starts
2368,335,109,132,7,41,29,11,21.0,20.21212121212121,25,132,7,18.857142857142858,132,69,69,69,0.313432835820894,0.003265,0.002985,0.33863745508677673,0.3581978582570581,0.3581978582570581,21.156173761888606,unique_starts
2369,335,121,228,12,171,23,6,13.0,13.578947368421053,25,228,12,19.0,228,0,0,0,0.9999999999999957,0.003265,0.00212,0.33863745508677673,0.4790562634901327,0.4790562634901327,13.076471911290188,unique_starts
2370,335,144,1844,14,215,215,8,19.0,18.522234273318873,25,1844,14,131.71428571428572,1844,919,919,919,0.3347810351067679,0.003265,0.00326,0.33863745508677673,0.4284130917563028,0.4284130917563028,19.068199433947047,unique_starts
2371,335,171,109,4,31,14,10,19.0,18.59633027522936,25,109,4,27.25,109,0,0,0,0.9999999999999909,0.003265,0.00343,0.33863745508677673,0.6091865893282263,0.6091865893282263,19.179605302026776,unique_starts
2372,335,179,87,6,87,6,2,10.0,10.64367816091954,25,87,6,14.5,87,76,76,76,0.0674846625766867,0.003265,0.00165,0.33863745508677673,0.5689519284458886,0.5689519284458886,10.10721125348378,unique_starts
2373,335,186,29,3,29,3,2,7.0,7.517241379310345,16,29,3,9.666666666666666,29,41,41,41,-0.171428571428569,0.003265,0.00126,0.33863745508677673,0.4246314878988181,0.4246314878988181,7.185695338177052,unique_starts
2374,335,199,99,4,25,15,5,11.0,11.555555555555555,20,99,4,24.75,99,24,24,24,0.6097560975609707,0.003265,0.00268,0.33863745508677673,0.5690552560543798,0.5690552560543798,11.2,unique_starts
2375,335,248,368,17,287,33,5,12.0,12.502717391304348,25,368,17,21.647058823529413,368,364,364,364,0.005464480874316932,0.003265,0.002135,0.33863745508677673,0.4551679911609592,0.4551679911609592,12.059028133610095,unique_starts
2376,335,259,10,2,10,2,17,21.5,21.3,25,10,2,5.0,10,11,0,0,0.9999999999999,0.003265,0.00102,0.33863745508677673,1.0660615445434947,1.0660615445434947,21.816227766016837,unique_starts
2377,340,42,474,14,102,86,1,7.5,7.732067510548523,20,474,14,33.857142857142854,474,19,19,19,0.922920892494927,0.00264,0.002905,0.388332655852337,0.49705178564663943,0.49705178564663943,7.599014754297667,unique_starts
2378,340,43,6,2,4,4,24,25.0,24.666666666666668,25,6,2,3.0,6,0,0,0,0.9999999999998334,0.00264,0.00192,0.388332655852337,0.4331654262548746,0.4331654262548746,25.5,unique_starts
2379,340,63,114,8,31,42,1,5.0,4.745614035087719,10,114,8,14.25,114,0,0,0,0.9999999999999912,0.00264,0.00318,0.388332655852337,0.5301456261038152,0.5301456261038152,5.179605302026775,unique_starts
2380,340,80,172,9,72,31,8,16.0,16.209302325581394,25,172,9,19.11111111111111,172,134,134,134,0.1241830065359473,0.00264,0.003105,0.388332655852337,0.54911977059455,0.54911977059455,16.117851130197757,unique_starts
2381,340,138,5,2,3,4,1,1.0,1.6,3,5,2,2.5,5,132,132,132,-0.9270072992700663,0.00264,0.002785,0.388332655852337,0.37021778866614363,0.388332655852337,1.5773502691896257,unique_starts
2382,340,149,95,4,29,15,12,20.0,19.736842105263158,25,95,4,23.75,95,0,0,0,0.9999999999999896,0.00264,0.002245,0.388332655852337,0.4477196573186491,0.4477196573186491,20.18569533817705,unique_starts
2383,340,166,80,8,28,28,19,24.0,23.375,25,80,8,10.0,80,125,125,125,-0.21951219512195017,0.00264,0.00289,0.388332655852337,0.4782304215414501,0.4782304215414501,24.188982236504614,unique_starts
2384,340,173,344,13,100,81,1,4.0,4.441860465116279,25,344,13,26.46153846153846,344,2484,2484,2484,-0.7567185289957564,0.00264,0.002675,0.388332655852337,0.5108604177721788,0.5108604177721788,4.1,unique_starts
2385,340,175,316,13,85,61,12,22.0,21.86392405063291,25,316,13,24.307692307692307,316,20,20,20,0.8809523809523783,0.00264,0.00503,0.388332655852337,0.7573380297747923,0.7573380297747923,22.108465228909328,unique_starts
2386,340,179,4,2,4,2,23,24.5,24.25,25,4,2,2.0,4,0,0,0,0.99999999999975,0.00264,0.00165,0.388332655852337,0.5689519284458886,0.5689519284458886,25.0,unique_starts
2387,340,258,800,12,154,100,1,18.0,17.06375,25,800,12,66.66666666666667,800,80,80,80,0.8181818181818172,0.00264,0.00251,0.388332655852337,0.4379225923469485,0.4379225923469485,18.08058229640254,unique_starts
2388,340,268,240,8,53,44,11,22.0,21.25,25,240,8,30.0,240,95,95,95,0.4328358208955211,0.00264,0.00255,0.388332655852337,0.43791978219162725,0.43791978219162725,22.13736056394869,unique_starts
2389,340,271,14,4,12,5,21,24.0,23.785714285714285,25,14,4,3.5,14,3,0,0,0.9999999999999286,0.00264,0.002355,0.388332655852337,0.46904630509061107,0.46904630509061107,24.28867513459481,unique_starts
2390,340,332,58,11,30,29,20,24.0,23.93103448275862,25,58,11,5.2727272727272725,58,1146,1146,1146,-0.9036544850498333,0.00264,0.00266,0.388332655852337,0.3973389111790975,0.3973389111790975,24.182574185835055,unique_starts
2391,340,382,30,3,24,6,1,4.5,5.8,16,30,3,10.0,30,0,0,0,0.9999999999999667,0.00264,0.00306,0.388332655852337,0.5168753927781407,0.5168753927781407,4.704124145231932,unique_starts
2392,347,7,287,7,52,51,11,21.0,20.247386759581882,25,287,7,41.0,287,1179,1179,1179,-0.6084583901773529,0.002635,0.00345,0.42694736380270404,0.473565075387291,0.473565075387291,21.138675049056307,unique_starts
2393,347,28,10,4,7,8,1,24.0,19.5,25,10,4,2.5,10,367,367,367,-0.9469496021220133,0.002635,0.002415,0.42694736380270404,0.42854134755998907,0.42854134755998907,24.37796447300923,unique_starts
2394,347,56,780,15,104,132,1,7.0,7.43974358974359,17,780,15,52.0,780,7,0,0,0.9999999999999987,0.002635,0.003085,0.42694736380270404,0.5396960390661362,0.5396960390661362,7.098058067569092,unique_starts
2395,347,143,367,10,57,74,9,21.0,20.670299727520437,25,367,10,36.7,367,408,408,408,-0.05290322580645154,0.002635,0.003425,0.42694736380270404,0.4310573077101274,0.4310573077101274,21.132453235706503,unique_starts
2396,347,157,74,2,17,10,15,21.0,20.986486486486488,25,74,2,37.0,74,30,30,30,0.423076923076919,0.002635,0.00224,0.42694736380270404,0.4360808470049738,0.4360808470049738,21.242535625036332,unique_starts
2397,347,167,240,7,39,44,6,15.0,15.466666666666667,25,240,7,34.285714285714285,240,30,30,30,0.7777777777777748,0.002635,0.002905,0.42694736380270404,0.5523326473861818,0.5523326473861818,15.160128153805086,unique_starts
2398,347,207,116,4,18,27,1,10.0,9.620689655172415,18,116,4,29.0,116,0,0,0,0.9999999999999915,0.002635,0.002905,0.42694736380270404,0.5142383888493315,0.5142383888493315,10.235702260395517,unique_starts
2399,347,251,41,3,13,14,20,24.0,23.5609756097561,25,41,3,13.666666666666666,41,65,65,65,-0.2264150943396205,0.002635,0.002675,0.42694736380270404,0.4733873703025864,0.4733873703025864,24.277350098112613,unique_starts
2400,347,271,3,2,2,3,24,25.0,24.666666666666668,25,3,2,1.5,3,0,0,0,0.9999999999996666,0.002635,0.002355,0.42694736380270404,0.46904630509061107,0.46904630509061107,25.707106781186546,unique_starts
2401,347,279,359,9,65,56,6,19.0,18.197771587743734,25,359,9,39.888888888888886,359,393,393,393,-0.04521276595744675,0.002635,0.00293,0.42694736380270404,0.40818291842784804,0.42694736380270404,19.12403473458921,unique_starts
2402,347,290,132,5,37,18,7,14.0,13.93939393939394,25,132,5,26.4,132,28,28,28,0.6499999999999959,0.002635,0.002905,0.42694736380270404,0.5506580655999675,0.5506580655999675,14.164398987305358,unique_starts
2403,347,362,1825,26,261,217,4,15.0,15.004383561643836,25,1825,26,70.1923076923077,1825,19,19,19,0.9793926247288498,0.002635,0.002515,0.42694736380270404,0.439699243799817,0.439699243799817,15.061898446059017,unique_starts
2404,347,432,48,3,13,8,10,18.0,17.395833333333332,25,48,3,16.0,48,205,205,205,-0.620553359683792,0.002635,0.002895,0.42694736380270404,0.38597465955399696,0.42694736380270404,18.277350098112613,unique_starts
2405,347,440,67,4,25,13,14,20.0,20.08955223880597,25,67,4,16.75,67,433,433,433,-0.7319999999999985,0.002635,0.002505,0.42694736380270404,0.4432001412722737,0.4432001412722737,20.2,unique_starts
2406,347,474,190,8,57,30,10,16.5,16.852631578947367,25,190,8,23.75,190,13,0,0,0.9999999999999948,0.002635,0.002335,0.42694736380270404,0.47326325022320526,0.47326325022320526,16.632453235706503,unique_starts
2407,362,222,8,3,5,5,23,25.0,24.5,25,8,3,2.6666666666666665,8,1305,1305,1305,-0.9878141660319871,0.002515,0.00284,0.439699243799817,0.4041667145429749,0.439699243799817,25.447213595499957,unique_starts
2408,362,318,7,3,5,5,24,25.0,24.714285714285715,25,7,3,2.3333333333333335,7,1833,1833,1833,-0.9923913043478256,0.002515,0.003055,0.439699243799817,0.4226365509545472,0.439699243799817,25.447213595499957,unique_starts
2409,362,329,144,10,41,49,18,23.0,23.02777777777778,25,144,10,14.4,144,0,0,0,0.9999999999999931,0.002515,0.00267,0.439699243799817,0.48285513264051666,0.48285513264051666,23.156173761888606,unique_starts
2410,362,347,19,4,10,10,22,25.0,24.31578947368421,25,19,4,4.75,19,1825,1825,1825,-0.9793926247288498,0.002515,0.002635,0.439699243799817,0.42694736380270404,0.439699243799817,25.316227766016837,unique_starts
2411,362,398,13,2,6,7,22,24.0,24.153846153846153,25,13,2,6.5,13,15,15,15,-0.07142857142856888,0.002515,0.00324,0.439699243799817,0.4886541548049501,0.4886541548049501,24.408248290463863,unique_starts
2412,371,39,21,3,3,21,1,10.0,11.761904761904763,25,21,3,7.0,21,20,20,20,0.02439024390243843,0.00072,0.002705,2.0840511964640234,0.41176789607065134,2.0840511964640234,10.577350269189626,unique_starts
2413,371,56,11,2,2,11,7,10.0,10.363636363636363,15,11,2,5.5,11,36,36,36,-0.5319148936170099,0.00072,0.003085,2.0840511964640234,0.5396960390661362,2.0840511964640234,10.707106781186548,unique_starts
2414,371,100,6,2,2,6,22,24.0,23.833333333333332,25,6,2,3.0,6,0,0,0,0.9999999999998334,0.00072,0.0028,2.0840511964640234,0.4530066985824541,2.0840511964640234,24.707106781186546,unique_starts
2415,371,120,19,3,3,19,9,16.0,16.526315789473685,25,19,3,6.333333333333333,19,9,0,0,0.9999999999999475,0.00072,0.00351,2.0840511964640234,0.6286366289947183,2.0840511964640234,16.577350269189626,unique_starts
2416,371,143,9,2,2,9,7,21.0,18.77777777777778,25,9,2,4.5,9,9,0,0,0.9999999999998889,0.00072,0.003425,2.0840511964640234,0.4310573077101274,2.0840511964640234,21.707106781186546,unique_starts
2417,371,146,15,3,3,15,1,6.0,6.4,12,15,3,5.0,15,7,7,7,0.36363636363634716,0.00072,0.00289,2.0840511964640234,0.49858717633061933,2.0840511964640234,6.577350269189626,unique_starts
2418,371,149,5,2,2,5,14,16.0,16.0,18,5,2,2.5,5,23,23,23,-0.6428571428571199,0.00072,0.002245,2.0840511964640234,0.4477196573186491,2.0840511964640234,16.707106781186546,unique_starts
2419,371,163,28,17,22,24,1,1.0,2.4285714285714284,11,28,17,1.6470588235294117,28,5,5,5,0.6969696969696758,0.00072,0.000755,2.0840511964640234,0.8074492857931624,2.0840511964640234,1.2132007163556104,unique_starts
2420,371,205,5,3,5,4,9,18.0,17.4,24,5,3,1.6666666666666667,5,1,0,0,0.9999999999997999,0.00072,0.00069,2.0840511964640234,0.4815721475373711,2.0840511964640234,18.447213595499957,unique_starts
2421,371,247,34,5,6,29,1,10.0,11.264705882352942,25,34,5,6.8,34,46,46,46,-0.14999999999999813,0.00072,0.002885,2.0840511964640234,0.36620018911671115,2.0840511964640234,10.408248290463863,unique_starts
2422,371,252,88,4,5,70,1,15.0,14.261363636363637,25,88,4,22.0,88,5,5,5,0.8924731182795603,0.00072,0.00348,2.0840511964640234,0.32521551737612986,2.0840511964640234,15.447213595499958,unique_starts
2423,371,259,105,49,76,82,1,5.0,5.438095238095238,23,105,49,2.142857142857143,105,7,7,7,0.8749999999999922,0.00072,0.00102,2.0840511964640234,1.0660615445434947,2.0840511964640234,5.114707866935281,unique_starts
2424,371,288,19,2,3,14,6,12.0,11.894736842105264,17,19,2,9.5,19,9,0,0,0.9999999999999475,0.00072,0.002855,2.0840511964640234,0.3565540314868625,2.0840511964640234,12.577350269189626,unique_starts
2425,371,304,18,3,3,18,10,18.0,17.27777777777778,24,18,3,6.0,18,4,0,0,0.9999999999999445,0.00072,0.003015,2.0840511964640234,0.5149114583441843,2.0840511964640234,18.577350269189626,unique_starts
2426,371,315,27,2,3,27,10,18.0,17.814814814814813,23,27,2,13.5,27,22,22,22,0.10204081632652852,0.00072,0.00307,2.0840511964640234,0.5338410601299857,2.0840511964640234,18.577350269189626,unique_starts
2427,371,316,14,2,2,14,3,9.5,12.357142857142858,24,14,2,7.0,14,10,10,10,0.16666666666665975,0.00072,0.0025,2.0840511964640234,0.4490634320386163,2.0840511964640234,10.207106781186548,unique_starts
2428,371,328,12,3,3,12,6,8.0,8.166666666666666,10,12,3,4.0,12,6,0,0,0.9999999999999166,0.00072,0.00278,2.0840511964640234,0.4295227114706557,2.0840511964640234,8.577350269189626,unique_starts
2429,371,382,9,2,2,9,7,10.0,9.88888888888889,13,9,2,4.5,9,0,0,0,0.9999999999998889,0.00072,0.00306,2.0840511964640234,0.5168753927781407,2.0840511964640234,10.707106781186548,unique_starts
2430,371,385,9,2,2,9,1,3.0,3.6666666666666665,7,9,2,4.5,9,19,19,19,-0.3571428571428444,0.00072,0.00381,2.0840511964640234,0.544885989019332,2.0840511964640234,3.7071067811865475,unique_starts
2431,371,404,17,3,3,17,11,15.0,14.529411764705882,18,17,3,5.666666666666667,17,7,7,7,0.4166666666666493,0.00072,0.00219,2.0840511964640234,0.5171261636058332,2.0840511964640234,15.577350269189626,unique_starts
2432,371,494,15,2,2,15,11,15.0,14.733333333333333,18,15,2,7.5,15,15,15,15,0.0,0.00072,0.002885,2.0840511964640234,0.4433285498558166,2.0840511964640234,15.707106781186548,unique_starts
2433,378,10,112,5,29,26,12,21.0,20.116071428571427,25,112,5,22.4,112,365,365,365,-0.5303983228511518,0.00272,0.003525,0.2874139677247253,0.49946110985903625,0.49946110985903625,21.18569533817705,unique_starts
2434,378,46,2074,12,262,174,1,14.0,13.754580520732883,25,2074,12,172.83333333333334,2074,10,10,10,0.9904030710172741,0.00272,0.00281,0.2874139677247253,0.4994811286042713,0.4994811286042713,14.061780206321522,unique_starts
2435,378,112,120,4,48,13,1,6.0,6.991666666666666,17,120,4,30.0,120,127,127,127,-0.028340080971659805,0.00272,0.00296,0.2874139677247253,0.4285491187954342,0.4285491187954342,6.1443375672974065,unique_starts
2436,378,117,313,6,74,50,7,21.0,20.402555910543132,25,313,6,52.166666666666664,313,903,903,903,-0.48519736842105227,0.00272,0.002995,0.2874139677247253,0.4921561459247037,0.4921561459247037,21.11624763874382,unique_starts
2437,378,205,12,3,6,6,6,11.5,11.25,16,12,3,4.0,12,28,28,28,-0.39999999999999,0.00272,0.00069,0.2874139677247253,0.4815721475373711,0.4815721475373711,11.908248290463863,unique_starts
2438,378,213,464,4,55,42,1,13.0,12.963362068965518,25,464,4,116.0,464,0,0,0,0.9999999999999978,0.00272,0.00257,0.2874139677247253,0.4255281791303589,0.4255281791303589,13.134839972492648,unique_starts
2439,378,238,903,11,170,106,1,12.0,12.40531561461794,25,903,11,82.0909090909091,903,419,419,419,0.366111951588502,0.00272,0.002405,0.2874139677247253,0.44709407160762304,0.44709407160762304,12.076696498884736,unique_starts
2440,378,294,1050,13,182,135,2,19.0,18.125714285714285,25,1050,13,80.76923076923077,1050,337,337,337,0.5140591204037488,0.00272,0.00253,0.2874139677247253,0.42896663505169463,0.42896663505169463,19.07412493166611,unique_starts
2441,378,324,6,2,3,4,1,1.5,2.0,4,6,2,3.0,6,102,102,102,-0.8888888888888807,0.00272,0.00328,0.2874139677247253,0.38585339304776145,0.38585339304776145,2.0773502691896257,unique_starts
2442,378,382,619,10,143,94,1,7.0,8.336025848142166,25,619,10,61.9,619,131,131,131,0.6506666666666657,0.00272,0.00306,0.2874139677247253,0.5168753927781407,0.5168753927781407,7.083624201000709,unique_starts
2443,378,404,11,2,11,2,11,15.0,15.0,18,11,2,5.5,11,0,0,0,0.9999999999999091,0.00272,0.00219,0.2874139677247253,0.5171261636058332,0.5171261636058332,15.301511344577763,unique_starts
2444,378,406,756,9,120,102,9,20.0,19.41931216931217,25,756,9,84.0,756,200,200,200,0.5815899581589952,0.00272,0.002805,0.2874139677247253,0.47566766402598537,0.47566766402598537,20.09128709291753,unique_starts
2445,378,462,11,4,7,9,1,2.0,5.909090909090909,25,11,4,2.75,11,396,396,396,-0.9459459459459436,0.00272,0.00335,0.2874139677247253,0.4622577751318516,0.4622577751318516,2.3779644730092273,unique_starts
2446,378,494,33,2,11,6,9,16.0,15.727272727272727,21,33,2,16.5,33,124,124,124,-0.5796178343949008,0.00272,0.002885,0.2874139677247253,0.4433285498558166,0.4433285498558166,16.301511344577765,unique_starts
2447,382,10,2885,23,407,354,1,15.0,14.822876949740035,25,2885,23,125.43478260869566,2885,86,86,86,0.9421070346684615,0.00306,0.003525,0.5168753927781407,0.49946110985903625,0.5168753927781407,15.049568159709661,unique_starts
2448,382,16,9,3,4,6,1,23.0,18.444444444444443,25,9,3,3.0,9,138,138,138,-0.8775510204081574,0.00306,0.00306,0.5168753927781407,0.3930741805154096,0.5168753927781407,23.5,unique_starts
2449,382,21,46,9,46,10,18,23.0,22.869565217391305,25,46,9,5.111111111111111,46,0,0,0,0.9999999999999782,0.00306,0.001335,0.5168753927781407,0.7000075364621832,0.7000075364621832,23.147441956154896,unique_starts
2450,382,42,40,4,18,8,1,6.0,6.4,15,40,4,10.0,40,2,0,0,0.9999999999999749,0.00306,0.002905,0.5168753927781407,0.49705178564663943,0.5168753927781407,6.235702260395516,unique_starts
2451,382,80,48,2,12,8,12,17.0,17.125,22,48,2,24.0,48,95,95,95,-0.32867132867132637,0.00306,0.003105,0.5168753927781407,0.54911977059455,0.54911977059455,17.28867513459481,unique_starts
2452,382,117,721,15,153,140,5,14.0,14.539528432732316,25,721,15,48.06666666666667,721,54,54,54,0.8606451612903214,0.00306,0.002995,0.5168753927781407,0.4921561459247037,0.5168753927781407,14.080845208345444,unique_starts
2453,382,121,6,3,5,4,23,24.5,24.333333333333332,25,6,3,2.0,6,0,0,0,0.9999999999998334,0.00306,0.00212,0.5168753927781407,0.4790562634901327,0.5168753927781407,24.947213595499957,unique_starts
2454,382,175,36,4,8,23,17,23.0,22.444444444444443,25,36,4,9.0,36,0,0,0,0.9999999999999721,0.00306,0.00503,0.5168753927781407,0.7573380297747923,0.7573380297747923,23.353553390593273,unique_starts
2455,382,179,10,3,10,3,21,23.5,23.4,25,10,3,3.3333333333333335,10,0,0,0,0.9999999999999,0.00306,0.00165,0.5168753927781407,0.5689519284458886,0.5689519284458886,23.816227766016837,unique_starts
2456,382,186,11,2,11,2,19,23.0,22.636363636363637,25,11,2,5.5,11,0,0,0,0.9999999999999091,0.00306,0.00126,0.5168753927781407,0.4246314878988181,0.5168753927781407,23.301511344577765,unique_starts
2457,382,205,10,2,7,3,11,13.5,16.9,25,10,2,5.0,10,14,14,14,-0.16666666666665975,0.00306,0.00069,0.5168753927781407,0.4815721475373711,0.5168753927781407,13.877964473009227,unique_starts
2458,382,238,1592,26,314,275,1,7.0,7.1124371859296485,21,1592,26,61.23076923076923,1592,23,0,0,0.9999999999999994,0.00306,0.002405,0.5168753927781407,0.44709407160762304,0.5168753927781407,7.05643326479831,unique_starts
2459,382,248,10,5,10,5,22,24.5,24.1,25,10,5,2.0,10,0,0,0,0.9999999999999,0.00306,0.002135,0.5168753927781407,0.4551679911609592,0.5168753927781407,24.816227766016837,unique_starts
2460,382,268,159,3,22,22,10,20.0,19.90566037735849,25,159,3,53.0,159,198,198,198,-0.10924369747899128,0.00306,0.00255,0.5168753927781407,0.43791978219162725,0.5168753927781407,20.21320071635561,unique_starts
2461,382,281,726,19,168,103,9,21.0,20.961432506887054,25,726,19,38.21052631578947,726,0,0,0,0.9999999999999986,0.00306,0.003665,0.5168753927781407,0.5084243360159619,0.5168753927781407,21.077151674981046,unique_starts
2462,382,294,1077,23,164,197,1,16.0,15.58310120705664,25,1077,23,46.82608695652174,1077,0,0,0,0.9999999999999991,0.00306,0.00253,0.5168753927781407,0.42896663505169463,0.5168753927781407,16.0780868809443,unique_starts
2463,382,324,521,11,99,123,1,22.0,21.35700575815739,25,521,11,47.36363636363637,521,1131,1131,1131,-0.3692493946731233,0.00306,0.00328,0.5168753927781407,0.38585339304776145,0.5168753927781407,22.100503781525923,unique_starts
2464,382,378,131,7,33,54,1,23.0,20.229007633587788,25,131,7,18.714285714285715,131,619,619,619,-0.6506666666666657,0.00306,0.00272,0.5168753927781407,0.2874139677247253,0.5168753927781407,23.1740776559557,unique_starts
2465,382,404,118,5,40,14,1,7.5,7.533898305084746,13,118,5,23.6,118,0,0,0,0.9999999999999916,0.00306,0.00219,0.5168753927781407,0.5171261636058332,0.5171261636058332,7.6581138830084186,unique_starts
2466,382,462,104,5,29,32,18,23.0,22.78846153846154,25,104,5,20.8,104,8,0,0,0.9999999999999905,0.00306,0.00335,0.5168753927781407,0.4622577751318516,0.5168753927781407,23.18569533817705,unique_starts
2467,382,494,85,3,21,30,2,11.0,11.48235294117647,23,85,3,28.333333333333332,85,0,0,0,0.9999999999999883,0.00306,0.002885,0.5168753927781407,0.4433285498558166,0.5168753927781407,11.218217890235993,unique_starts
2468,383,21,116,18,116,21,1,8.0,7.982758620689655,19,116,18,6.444444444444445,116,43,43,43,0.45911949685534303,0.00295,0.001335,0.47953992323646644,0.7000075364621832,0.7000075364621832,8.092847669088526,unique_starts
2469,383,22,50,4,19,13,15,22.0,21.42,25,50,4,12.5,50,212,212,212,-0.6183206106870205,0.00295,0.00375,0.47953992323646644,0.6446610524678009,0.6446610524678009,22.22941573387056,unique_starts
2470,383,39,178,12,47,57,1,5.0,7.01685393258427,25,178,12,14.833333333333334,178,344,344,344,-0.3180076628352484,0.00295,0.002705,0.47953992323646644,0.41176789607065134,0.47953992323646644,5.145864991497895,unique_starts
2471,383,58,40,5,19,12,10,15.0,15.025,22,40,5,8.0,40,0,0,0,0.9999999999999749,0.00295,0.0027,0.47953992323646644,0.45943690378043944,0.47953992323646644,15.229415733870562,unique_starts
2472,383,77,20,2,4,10,10,13.0,13.25,16,20,2,10.0,20,0,0,0,0.99999999999995,0.00295,0.00234,0.47953992323646644,0.4473317645634032,0.47953992323646644,13.5,unique_starts
2473,383,79,75,9,30,23,19,24.0,23.32,25,75,9,8.333333333333334,75,0,0,0,0.9999999999999868,0.00295,0.003325,0.47953992323646644,0.5566279042981374,0.5566279042981374,24.182574185835055,unique_starts
2474,383,80,36,4,12,14,18,22.0,22.305555555555557,25,36,4,9.0,36,0,0,0,0.9999999999999721,0.00295,0.003105,0.47953992323646644,0.54911977059455,0.54911977059455,22.28867513459481,unique_starts
2475,383,115,70,10,35,26,20,24.0,23.742857142857144,25,70,10,7.0,70,0,0,0,0.9999999999999858,0.00295,0.002855,0.47953992323646644,0.4573735327292514,0.47953992323646644,24.169030850945703,unique_starts
2476,383,121,342,29,205,59,7,14.0,13.853801169590643,25,342,29,11.793103448275861,342,0,0,0,0.999999999999997,0.00295,0.00212,0.47953992323646644,0.4790562634901327,0.47953992323646644,14.069843029576958,unique_starts
2477,383,139,602,17,112,107,12,21.0,20.473421926910298,25,602,17,35.411764705882355,602,8,0,0,0.9999999999999983,0.00295,0.00315,0.47953992323646644,0.5763001546805818,0.5763001546805818,21.094491118252307,unique_starts
2478,383,144,59,2,9,15,14,21.0,20.93220338983051,25,59,2,29.5,59,0,0,0,0.999999999999983,0.00295,0.00326,0.47953992323646644,0.4284130917563028,0.47953992323646644,21.333333333333332,unique_starts
2479,383,147,46,2,12,12,18,23.0,22.956521739130434,25,46,2,23.0,46,0,0,0,0.9999999999999782,0.00295,0.00412,0.47953992323646644,0.4966726365256857,0.4966726365256857,23.28867513459481,unique_starts
2480,383,149,7,3,7,3,23,24.0,24.142857142857142,25,7,3,2.3333333333333335,7,0,0,0,0.9999999999998571,0.00295,0.002245,0.47953992323646644,0.4477196573186491,0.47953992323646644,24.37796447300923,unique_starts
2481,383,169,871,35,286,169,1,5.0,5.493685419058553,25,871,35,24.885714285714286,871,198,198,198,0.6295603367633297,0.00295,0.003075,0.47953992323646644,0.5191317792488794,0.5191317792488794,5.0591312395989085,unique_starts
2482,383,175,58,3,13,12,12,17.0,16.603448275862068,22,58,3,19.333333333333332,58,7,0,0,0.9999999999999827,0.00295,0.00503,0.47953992323646644,0.7573380297747923,0.7573380297747923,17.277350098112613,unique_starts
2483,383,176,150,3,16,42,5,16.5,16.293333333333333,25,150,3,50.0,150,37,37,37,0.6042780748663069,0.00295,0.00293,0.47953992323646644,0.4160949662438087,0.47953992323646644,16.75,unique_starts
2484,383,179,128,17,128,18,2,7.0,7.671875,17,128,17,7.529411764705882,128,23,23,23,0.6953642384105915,0.00295,0.00165,0.47953992323646644,0.5689519284458886,0.5689519284458886,7.088388347648318,unique_starts
2485,383,184,21,8,15,11,20,25.0,23.904761904761905,25,21,8,2.625,21,62,62,62,-0.4939759036144519,0.00295,0.00261,0.47953992323646644,0.4440022572428347,0.47953992323646644,25.25819888974716,unique_starts
2486,383,186,69,11,65,12,2,8.0,8.710144927536232,21,69,11,6.2727272727272725,69,17,17,17,0.6046511627906906,0.00295,0.00126,0.47953992323646644,0.4246314878988181,0.47953992323646644,8.124034734589209,unique_starts
2487,383,199,91,5,23,26,2,10.0,11.021978021978022,25,91,5,18.2,91,884,884,884,-0.8133333333333325,0.00295,0.00268,0.47953992323646644,0.5690552560543798,0.5690552560543798,10.208514414057074,unique_starts
2488,383,217,229,7,46,38,9,21.0,20.50655021834061,25,229,7,32.714285714285715,229,28,28,28,0.782101167315172,0.00295,0.003145,0.47953992323646644,0.5280768414975939,0.5280768414975939,21.147441956154896,unique_starts
2489,383,229,35,5,17,11,1,23.0,22.428571428571427,25,35,5,7.0,35,0,0,0,0.9999999999999714,0.00295,0.00306,0.47953992323646644,0.23617874098724062,0.47953992323646644,23.242535625036332,unique_starts
2490,383,230,49,10,34,19,21,24.0,23.93877551020408,25,49,10,4.9,49,1,0,0,0.9999999999999796,0.00295,0.00344,0.47953992323646644,0.5276863910046072,0.5276863910046072,24.17149858514251,unique_starts
2491,383,243,1354,28,265,175,9,18.0,18.194977843426884,25,1354,28,48.357142857142854,1354,7,7,7,0.9897134459955909,0.00295,0.002845,0.47953992323646644,0.47798288494927843,0.47953992323646644,18.061429511683396,unique_starts
2492,383,248,275,31,218,50,6,12.0,12.792727272727273,25,275,31,8.870967741935484,275,138,138,138,0.331719128329297,0.00295,0.002135,0.47953992323646644,0.4551679911609592,0.47953992323646644,12.06772854614786,unique_starts
2493,383,266,66,3,13,28,17,23.0,22.484848484848484,25,66,3,22.0,66,615,615,615,-0.8061674008810561,0.00295,0.0038,0.47953992323646644,0.6115361362052629,0.6115361362052629,23.277350098112613,unique_starts
2494,383,273,1133,28,205,191,1,18.0,17.40864960282436,25,1133,28,40.464285714285715,1133,55,55,55,0.9074074074074067,0.00295,0.0032,0.47953992323646644,0.505500130278,0.505500130278,18.06984302957696,unique_starts
2495,383,281,33,2,11,6,1,4.0,4.2727272727272725,8,33,2,16.5,33,0,0,0,0.9999999999999697,0.00295,0.003665,0.47953992323646644,0.5084243360159619,0.5084243360159619,4.301511344577763,unique_starts
2496,383,316,29,4,15,11,21,24.0,23.79310344827586,25,29,4,7.25,29,0,0,0,0.9999999999999656,0.00295,0.0025,0.47953992323646644,0.4490634320386163,0.47953992323646644,24.25819888974716,unique_starts
2497,383,335,72,3,23,10,1,5.0,5.583333333333333,11,72,3,24.0,72,5,0,0,0.9999999999999862,0.00295,0.003265,0.47953992323646644,0.33863745508677673,0.47953992323646644,5.208514414057075,unique_starts
2498,383,385,166,10,58,44,18,23.5,23.14457831325301,25,166,10,16.6,166,0,0,0,0.999999999999994,0.00295,0.00381,0.47953992323646644,0.544885989019332,0.544885989019332,23.631306432859724,unique_starts
2499,383,402,44,5,20,10,18,23.0,22.65909090909091,25,44,5,8.8,44,0,0,0,0.9999999999999772,0.00295,0.00217,0.47953992323646644,0.45222558449769595,0.47953992323646644,23.22360679774998,unique_starts
2500,383,433,22,4,13,9,1,3.0,3.0,6,22,4,5.5,22,0,0,0,0.9999999999999546,0.00295,0.00295,0.47953992323646644,0.4187955072680345,0.47953992323646644,3.2773500981126147,unique_starts
2501,383,462,56,2,5,26,12,20.0,19.767857142857142,25,56,2,28.0,56,0,0,0,0.9999999999999821,0.00295,0.00335,0.47953992323646644,0.4622577751318516,0.47953992323646644,20.447213595499957,unique_starts
2502,383,463,22,4,15,6,11,13.0,13.409090909090908,16,22,4,5.5,22,188,188,188,-0.7904761904761868,0.00295,0.00216,0.47953992323646644,0.5081641748793143,0.5081641748793143,13.258198889747161,unique_starts
2503,385,24,1015,18,134,204,1,12.0,12.377339901477832,25,1015,18,56.388888888888886,1015,1,0,0,0.999999999999999,0.00381,0.002975,0.544885989019332,0.4451639107771672,0.544885989019332,12.086386842558136,unique_starts
2504,385,58,21,3,8,13,1,11.0,12.714285714285714,24,21,3,7.0,21,1,0,0,0.9999999999999525,0.00381,0.0027,0.544885989019332,0.45943690378043944,0.544885989019332,11.353553390593273,unique_starts
2505,385,84,1463,20,242,200,1,15.0,15.165413533834586,25,1463,20,73.15,1463,1047,1047,1047,0.16573705179282863,0.00381,0.003185,0.544885989019332,0.4087675614805981,0.544885989019332,15.064282434653322,unique_starts
2506,385,98,168,6,31,48,6,16.0,17.172619047619047,25,168,6,28.0,168,90,90,90,0.30232558139534765,0.00381,0.00306,0.544885989019332,0.34307339056976743,0.544885989019332,16.179605302026776,unique_starts
2507,385,120,208,13,59,58,15,23.0,22.64903846153846,25,208,13,16.0,208,25,0,0,0.9999999999999952,0.00381,0.00351,0.544885989019332,0.6286366289947183,0.6286366289947183,23.130188910980824,unique_starts
2508,385,121,71,8,48,12,17,21.0,21.140845070422536,25,71,8,8.875,71,0,0,0,0.999999999999986,0.00381,0.00212,0.544885989019332,0.4790562634901327,0.544885989019332,21.144337567297406,unique_starts
2509,385,125,12,2,6,5,1,22.5,17.916666666666668,25,12,2,6.0,12,20,20,20,-0.24999999999999217,0.00381,0.004175,0.544885989019332,0.3723974808647528,0.544885989019332,22.908248290463863,unique_starts
2510,385,147,361,7,54,54,1,15.0,15.055401662049862,25,361,7,51.57142857142857,361,345,345,345,0.022662889518413564,0.00381,0.00412,0.544885989019332,0.4966726365256857,0.544885989019332,15.136082763487954,unique_starts
2511,385,157,57,4,13,13,1,6.0,6.228070175438597,13,57,4,14.25,57,0,0,0,0.9999999999999825,0.00381,0.00224,0.544885989019332,0.4360808470049738,0.544885989019332,6.277350098112614,unique_starts
2512,385,163,11,2,9,4,1,20.0,16.181818181818183,25,11,2,5.5,11,4,0,0,0.9999999999999091,0.00381,0.000755,0.544885989019332,0.8074492857931624,0.8074492857931624,20.333333333333332,unique_starts
2513,385,169,77,6,34,18,17,23.0,22.350649350649352,25,77,6,12.833333333333334,77,209,209,209,-0.4615384615384599,0.00381,0.003075,0.544885989019332,0.5191317792488794,0.544885989019332,23.17149858514251,unique_starts
2514,385,179,37,5,37,6,9,16.0,16.7027027027027,25,37,5,7.4,37,12,12,12,0.5102040816326426,0.00381,0.00165,0.544885989019332,0.5689519284458886,0.5689519284458886,16.164398987305358,unique_starts
2515,385,217,1296,22,151,182,1,10.0,10.438271604938272,25,1296,22,58.90909090909091,1296,39,39,39,0.9415730337078645,0.00381,0.003145,0.544885989019332,0.5280768414975939,0.544885989019332,10.081378845877117,unique_starts
2516,385,224,1173,16,122,161,1,17.0,16.41005967604433,25,1173,16,73.3125,1173,571,571,571,0.34518348623853196,0.00381,0.003435,0.544885989019332,0.5524327933598494,0.5524327933598494,17.09053574604252,unique_starts
2517,385,243,83,4,24,21,1,9.0,8.975903614457831,20,83,4,20.75,83,1253,1253,1253,-0.8757485029940114,0.00381,0.002845,0.544885989019332,0.47798288494927843,0.544885989019332,9.204124145231932,unique_starts
2518,385,251,148,10,50,41,19,23.0,22.91216216216216,25,148,10,14.8,148,49,49,49,0.5025380710659874,0.00381,0.002675,0.544885989019332,0.4733873703025864,0.544885989019332,23.14142135623731,unique_starts
2519,385,259,22,5,18,6,2,19.0,15.545454545454545,25,22,5,4.4,22,10,10,10,0.3749999999999883,0.00381,0.00102,0.544885989019332,1.0660615445434947,1.0660615445434947,19.235702260395517,unique_starts
2520,385,304,265,18,105,57,8,22.0,20.826415094339623,25,265,18,14.722222222222221,265,209,209,209,0.11814345991561157,0.00381,0.003015,0.544885989019332,0.5149114583441843,0.544885989019332,22.097590007294855,unique_starts
2521,385,316,235,12,54,63,1,10.0,11.689361702127659,25,235,12,19.583333333333332,235,1167,1167,1167,-0.6647646219686159,0.00381,0.0025,0.544885989019332,0.4490634320386163,0.544885989019332,10.136082763487954,unique_starts
2522,385,319,121,10,65,19,12,17.0,17.140495867768596,25,121,10,12.1,121,137,137,137,-0.06201550387596875,0.00381,0.002245,0.544885989019332,0.4303008855946258,0.544885989019332,17.12403473458921,unique_starts
2523,385,371,19,3,19,3,1,15.0,13.0,25,19,3,6.333333333333333,19,9,9,9,0.3571428571428444,0.00381,0.00072,0.544885989019332,2.0840511964640234,2.0840511964640234,15.229415733870562,unique_starts
2524,385,389,80,5,20,31,1,7.0,8.8125,25,80,5,16.0,80,140,140,140,-0.2727272727272715,0.00381,0.002875,0.544885989019332,0.26692962496119355,0.544885989019332,7.223606797749979,unique_starts
2525,385,402,547,21,143,140,1,19.0,16.084095063985373,25,547,21,26.047619047619047,547,107,107,107,0.672782874617736,0.00381,0.00217,0.544885989019332,0.45222558449769595,0.544885989019332,19.08362420100071,unique_starts
2526,385,474,363,14,129,73,1,11.0,11.460055096418733,25,363,14,25.928571428571427,363,842,842,842,-0.3975103734439831,0.00381,0.002335,0.544885989019332,0.47326325022320526,0.544885989019332,11.088045090632562,unique_starts
2527,389,21,12,2,12,2,9,14.5,16.083333333333332,25,12,2,6.0,12,30,30,30,-0.42857142857141833,0.002875,0.001335,0.26692962496119355,0.7000075364621832,0.7000075364621832,14.788675134594813,unique_starts
2528,389,58,856,12,103,107,1,11.0,11.466121495327103,25,856,12,71.33333333333333,856,206,206,206,0.612052730696798,0.002875,0.0027,0.26692962496119355,0.45943690378043944,0.45943690378043944,11.098532927816429,unique_starts
2529,389,84,1995,18,312,217,1,18.0,17.761904761904763,25,1995,18,110.83333333333333,1995,1210,1210,1210,0.2449297971918876,0.002875,0.003185,0.26692962496119355,0.4087675614805981,0.4087675614805981,18.05661385170723,unique_starts
2530,389,115,268,15,82,71,1,22.0,18.779850746268657,25,268,15,17.866666666666667,268,216,216,216,0.10743801652892539,0.002875,0.002855,0.26692962496119355,0.4573735327292514,0.4573735327292514,22.110431526074848,unique_starts
2531,389,121,48,4,31,8,15,20.5,20.5625,25,48,4,12.0,48,0,0,0,0.9999999999999791,0.002875,0.00212,0.26692962496119355,0.4790562634901327,0.4790562634901327,20.679605302026776,unique_starts
2532,389,157,59,6,34,15,1,7.0,8.338983050847459,25,59,6,9.833333333333334,59,104,104,104,-0.27607361963190014,0.002875,0.00224,0.26692962496119355,0.4360808470049738,0.4360808470049738,7.171498585142508,unique_starts
2533,389,169,15,3,15,3,18,22.0,21.533333333333335,25,15,3,5.0,15,30,30,30,-0.33333333333332593,0.002875,0.003075,0.26692962496119355,0.5191317792488794,0.5191317792488794,22.25819888974716,unique_starts
2534,389,179,32,4,32,4,10,15.5,16.5,25,32,4,8.0,32,0,0,0,0.9999999999999687,0.002875,0.00165,0.26692962496119355,0.5689519284458886,0.5689519284458886,15.676776695296637,unique_starts
2535,389,186,26,2,26,3,11,16.0,16.26923076923077,23,26,2,13.0,26,16,16,16,0.23809523809523242,0.002875,0.00126,0.26692962496119355,0.4246314878988181,0.4246314878988181,16.196116135138183,unique_starts
2536,389,385,140,9,42,47,1,6.0,7.107142857142857,25,140,9,15.555555555555555,140,80,80,80,0.2727272727272715,0.002875,0.00381,0.26692962496119355,0.544885989019332,0.544885989019332,6.154303349962092,unique_starts
2537,389,402,55,5,32,8,15,22.0,21.454545454545453,25,55,5,11.0,55,5,0,0,0.9999999999999818,0.002875,0.00217,0.26692962496119355,0.45222558449769595,0.45222558449769595,22.17677669529664,unique_starts
2538,389,433,21,3,21,3,17,21.0,21.38095238095238,25,21,3,7.0,21,43,43,43,-0.34374999999999467,0.002875,0.00295,0.26692962496119355,0.4187955072680345,0.4187955072680345,21.21821789023599,unique_starts
2539,389,474,65,3,10,20,1,10.0,9.107692307692307,17,65,3,21.666666666666668,65,281,281,281,-0.624277456647397,0.002875,0.002335,0.26692962496119355,0.47326325022320526,0.47326325022320526,10.316227766016837,unique_starts
2540,398,56,189,4,45,31,1,7.0,7.328042328042328,15,189,4,47.25,189,15,15,15,0.8529411764705841,0.00324,0.003085,0.4886541548049501,0.5396960390661362,0.5396960390661362,7.149071198499986,unique_starts
2541,398,88,128,5,30,34,14,22.0,21.484375,25,128,5,25.6,128,33,33,33,0.5900621118012386,0.00324,0.00285,0.4886541548049501,0.3243399356820196,0.4886541548049501,22.182574185835055,unique_starts
2542,398,167,135,8,51,27,9,18.0,18.133333333333333,25,135,8,16.875,135,176,176,176,-0.1318327974276523,0.00324,0.002905,0.4886541548049501,0.5523326473861818,0.5523326473861818,18.1400280084028,unique_starts
2543,398,207,317,7,58,43,1,11.0,11.305993690851736,21,317,7,45.285714285714285,317,95,95,95,0.5388349514563093,0.00324,0.002905,0.4886541548049501,0.5142383888493315,0.5142383888493315,11.131306432859722,unique_starts
2544,398,259,6,2,4,3,8,10.5,13.833333333333334,23,6,2,3.0,6,24,24,24,-0.59999999999998,0.00324,0.00102,0.4886541548049501,1.0660615445434947,1.0660615445434947,11.0,unique_starts
2545,398,362,15,3,15,3,12,15.0,15.2,19,15,3,5.0,15,13,13,13,0.07142857142856888,0.00324,0.002515,0.4886541548049501,0.439699243799817,0.4886541548049501,15.258198889747161,unique_starts
2546,398,432,52,2,7,12,15,21.0,21.153846153846153,25,52,2,26.0,52,0,0,0,0.9999999999999807,0.00324,0.002895,0.4886541548049501,0.38597465955399696,0.4886541548049501,21.37796447300923,unique_starts
2547,398,485,31,2,13,5,9,14.0,14.35483870967742,22,31,2,15.5,31,136,136,136,-0.6287425149700562,0.00324,0.002155,0.4886541548049501,0.43599835801952425,0.4886541548049501,14.277350098112615,unique_starts
2548,402,6,25,2,7,11,10,16.0,16.0,22,25,2,12.5,25,3,3,3,0.7857142857142577,0.00217,0.003095,0.45222558449769595,0.5183369733262979,0.5183369733262979,16.37796447300923,unique_starts
2549,402,7,9,2,5,3,1,3.0,3.0,5,9,2,4.5,9,0,0,0,0.9999999999998889,0.00217,0.00345,0.45222558449769595,0.473565075387291,0.473565075387291,3.447213595499958,unique_starts
2550,402,21,6,2,6,2,18,22.5,22.166666666666668,25,6,2,3.0,6,8,8,8,-0.14285714285713266,0.00217,0.001335,0.45222558449769595,0.7000075364621832,0.7000075364621832,22.908248290463863,unique_starts
2551,402,24,1368,21,126,311,1,12.0,12.551900584795321,25,1368,21,65.14285714285714,1368,4,4,4,0.9941690962099119,0.00217,0.002975,0.45222558449769595,0.4451639107771672,0.45222558449769595,12.089087080637475,unique_starts
2552,402,56,3,2,2,3,19,20.0,21.333333333333332,25,3,2,1.5,3,0,0,0,0.9999999999996666,0.00217,0.003085,0.45222558449769595,0.5396960390661362,0.5396960390661362,20.707106781186546,unique_starts
2553,402,77,439,6,66,67,1,7.0,7.507972665148063,19,439,6,73.16666666666667,439,87,87,87,0.6692015209125463,0.00217,0.00234,0.45222558449769595,0.4473317645634032,0.45222558449769595,7.123091490979332,unique_starts
2554,402,84,117,13,25,66,1,10.0,9.735042735042734,25,117,13,9.0,117,369,369,369,-0.5185185185185174,0.00217,0.003185,0.45222558449769595,0.4087675614805981,0.45222558449769595,10.2,unique_starts
2555,402,98,148,5,22,38,1,10.5,10.29054054054054,20,148,5,29.6,148,139,139,139,0.03135888501742149,0.00217,0.00306,0.45222558449769595,0.34307339056976743,0.45222558449769595,10.71320071635561,unique_starts
2556,402,115,55,9,21,31,1,4.0,4.581818181818182,13,55,9,6.111111111111111,55,9,9,9,0.7187499999999888,0.00217,0.002855,0.45222558449769595,0.4573735327292514,0.4573735327292514,4.218217890235993,unique_starts
2557,402,120,144,12,42,64,19,24.0,23.28472222222222,25,144,12,12.0,144,0,0,0,0.9999999999999931,0.00217,0.00351,0.45222558449769595,0.6286366289947183,0.6286366289947183,24.154303349962092,unique_starts
2558,402,121,10,4,7,6,23,24.0,23.8,25,10,4,2.5,10,0,0,0,0.9999999999999,0.00217,0.00212,0.45222558449769595,0.4790562634901327,0.4790562634901327,24.37796447300923,unique_starts
2559,402,125,45,2,5,27,8,12.0,12.4,17,45,2,22.5,45,183,183,183,-0.6052631578947342,0.00217,0.004175,0.45222558449769595,0.3723974808647528,0.45222558449769595,12.447213595499958,unique_starts
2560,402,147,298,11,42,68,1,14.0,12.503355704697986,25,298,11,27.09090909090909,298,379,379,379,-0.11964549483013276,0.00217,0.00412,0.45222558449769595,0.4966726365256857,0.4966726365256857,14.154303349962092,unique_starts
2561,402,163,62,8,45,12,12,17.0,17.532258064516128,24,62,8,7.75,62,9,9,9,0.7464788732394262,0.00217,0.000755,0.45222558449769595,0.8074492857931624,0.8074492857931624,17.149071198499986,unique_starts
2562,402,169,5,3,4,4,24,25.0,24.8,25,5,3,1.6666666666666667,5,19,19,19,-0.5833333333333091,0.00217,0.003075,0.45222558449769595,0.5191317792488794,0.5191317792488794,25.5,unique_starts
2563,402,179,34,9,34,9,16,20.5,20.441176470588236,25,34,9,3.7777777777777777,34,17,17,17,0.33333333333332676,0.00217,0.00165,0.45222558449769595,0.5689519284458886,0.5689519284458886,20.67149858514251,unique_starts
2564,402,205,61,5,31,10,8,21.0,20.016393442622952,25,61,5,12.2,61,26,26,26,0.40229885057470804,0.00217,0.00069,0.45222558449769595,0.4815721475373711,0.4815721475373711,21.179605302026776,unique_starts
2565,402,217,460,15,59,127,2,15.0,14.552173913043479,25,460,15,30.666666666666668,460,5,5,5,0.9784946236559118,0.00217,0.003145,0.45222558449769595,0.5280768414975939,0.5280768414975939,15.130188910980824,unique_starts
2566,402,224,360,10,52,87,7,18.0,18.105555555555554,25,360,10,36.0,360,383,383,383,-0.03095558546433374,0.00217,0.003435,0.45222558449769595,0.5524327933598494,0.5524327933598494,18.138675049056307,unique_starts
2567,402,243,53,7,29,14,7,17.0,16.641509433962263,22,53,7,7.571428571428571,53,302,302,302,-0.7014084507042233,0.00217,0.002845,0.45222558449769595,0.47798288494927843,0.47798288494927843,17.18569533817705,unique_starts
2568,402,247,101,2,17,25,1,7.0,8.029702970297029,25,101,2,50.5,101,278,278,278,-0.46701846965699084,0.00217,0.002885,0.45222558449769595,0.36620018911671115,0.45222558449769595,7.242535625036333,unique_starts
2569,402,259,46,10,42,13,9,20.0,19.23913043478261,25,46,10,4.6,46,3,0,0,0.9999999999999782,0.00217,0.00102,0.45222558449769595,1.0660615445434947,1.0660615445434947,20.154303349962092,unique_starts
2570,402,290,88,4,23,24,1,10.0,13.818181818181818,25,88,4,22.0,88,63,63,63,0.16556291390728367,0.00217,0.002905,0.45222558449769595,0.5506580655999675,0.5506580655999675,10.208514414057074,unique_starts
2571,402,304,161,13,61,46,16,22.0,21.782608695652176,25,161,13,12.384615384615385,161,470,470,470,-0.48969889064976146,0.00217,0.003015,0.45222558449769595,0.5149114583441843,0.5149114583441843,22.128036879932896,unique_starts
2572,402,309,42,4,16,20,1,6.0,6.690476190476191,15,42,4,10.5,42,0,0,0,0.9999999999999761,0.00217,0.003055,0.45222558449769595,0.48484104579254805,0.48484104579254805,6.25,unique_starts
2573,402,316,277,18,66,88,1,7.0,6.667870036101083,14,277,18,15.38888888888889,277,156,156,156,0.2794457274826783,0.00217,0.0025,0.45222558449769595,0.4490634320386163,0.45222558449769595,7.123091490979332,unique_starts
2574,402,319,34,6,17,13,19,22.5,22.176470588235293,25,34,6,5.666666666666667,34,51,51,51,-0.19999999999999765,0.00217,0.002245,0.45222558449769595,0.4303008855946258,0.45222558449769595,22.742535625036332,unique_starts
2575,402,385,107,7,21,36,1,16.0,15.392523364485982,25,107,7,15.285714285714286,107,547,547,547,-0.672782874617736,0.00217,0.00381,0.45222558449769595,0.544885989019332,0.544885989019332,16.21821789023599,unique_starts
2576,402,404,13,2,5,4,1,4.0,5.153846153846154,25,13,2,6.5,13,7,7,7,0.299999999999985,0.00217,0.00219,0.45222558449769595,0.5171261636058332,0.5171261636058332,4.447213595499958,unique_starts
2577,402,474,374,11,45,86,1,10.0,10.168449197860962,22,374,11,34.0,374,229,229,229,0.24046434494195648,0.00217,0.002335,0.45222558449769595,0.47326325022320526,0.47326325022320526,10.149071198499986,unique_starts
2578,404,10,123,4,13,44,1,10.0,9.723577235772357,19,123,4,30.75,123,0,0,0,0.9999999999999919,0.00219,0.003525,0.5171261636058332,0.49946110985903625,0.5171261636058332,10.277350098112615,unique_starts
2579,404,16,96,4,16,31,12,22.0,21.03125,25,96,4,24.0,96,449,449,449,-0.6477064220183474,0.00219,0.00306,0.5171261636058332,0.3930741805154096,0.5171261636058332,22.25,unique_starts
2580,404,21,26,7,26,7,11,17.0,16.653846153846153,20,26,7,3.7142857142857144,26,1,0,0,0.9999999999999616,0.00219,0.001335,0.5171261636058332,0.7000075364621832,0.7000075364621832,17.196116135138183,unique_starts
2581,404,24,57,3,9,21,10,15.0,15.368421052631579,20,57,3,19.0,57,0,0,0,0.9999999999999825,0.00219,0.002975,0.5171261636058332,0.4451639107771672,0.5171261636058332,15.333333333333334,unique_starts
2582,404,39,438,14,108,72,1,6.0,6.589041095890411,16,438,14,31.285714285714285,438,20,20,20,0.9126637554585132,0.00219,0.002705,0.5171261636058332,0.41176789607065134,0.5171261636058332,6.096225044864938,unique_starts
2583,404,58,75,6,21,15,6,14.0,14.92,25,75,6,12.5,75,6,6,6,0.8518518518518414,0.00219,0.0027,0.5171261636058332,0.45943690378043944,0.5171261636058332,14.218217890235993,unique_starts
2584,404,79,4,2,3,3,1,24.5,18.75,25,4,2,2.0,4,0,0,0,0.99999999999975,0.00219,0.003325,0.5171261636058332,0.5566279042981374,0.5566279042981374,25.077350269189626,unique_starts
2585,404,84,174,9,31,58,3,16.0,16.14367816091954,25,174,9,19.333333333333332,174,6,0,0,0.9999999999999943,0.00219,0.003185,0.5171261636058332,0.4087675614805981,0.5171261636058332,16.179605302026776,unique_starts
2586,404,109,149,5,30,28,12,20.0,20.140939597315437,25,149,5,29.8,149,380,380,380,-0.4366729678638933,0.00219,0.002985,0.5171261636058332,0.3581978582570581,0.5171261636058332,20.182574185835055,unique_starts
2587,404,115,209,7,48,44,1,6.0,6.84688995215311,19,209,7,29.857142857142858,209,0,0,0,0.9999999999999952,0.00219,0.002855,0.5171261636058332,0.4573735327292514,0.5171261636058332,6.1443375672974065,unique_starts
2588,404,117,18,3,4,15,2,5.0,6.0,12,18,3,6.0,18,0,0,0,0.9999999999999445,0.00219,0.002995,0.5171261636058332,0.4921561459247037,0.5171261636058332,5.5,unique_starts
2589,404,121,100,18,65,29,16,22.0,21.72,25,100,18,5.555555555555555,100,0,0,0,0.99999999999999,0.00219,0.00212,0.5171261636058332,0.4790562634901327,0.5171261636058332,22.12403473458921,unique_starts
2590,404,125,26,2,2,26,3,11.5,11.26923076923077,18,26,2,13.0,26,0,0,0,0.9999999999999616,0.00219,0.004175,0.5171261636058332,0.3723974808647528,0.5171261636058332,12.207106781186548,unique_starts
2591,404,139,70,8,17,34,19,23.0,22.928571428571427,25,70,8,8.75,70,0,0,0,0.9999999999999858,0.00219,0.00315,0.5171261636058332,0.5763001546805818,0.5763001546805818,23.242535625036332,unique_starts
2592,404,140,80,7,23,41,15,24.0,22.675,25,80,7,11.428571428571429,80,734,734,734,-0.8034398034398025,0.00219,0.00296,0.5171261636058332,0.4551836186304672,0.5171261636058332,24.208514414057074,unique_starts
2593,404,163,39,8,38,10,18,22.0,22.05128205128205,25,39,8,4.875,39,58,58,58,-0.19587628865979181,0.00219,0.000755,0.5171261636058332,0.8074492857931624,0.8074492857931624,22.162221421130763,unique_starts
2594,404,169,439,17,66,115,1,10.0,9.956719817767654,25,439,17,25.823529411764707,439,3,3,3,0.9864253393665136,0.00219,0.003075,0.5171261636058332,0.5191317792488794,0.5191317792488794,10.123091490979332,unique_starts
2595,404,176,363,4,39,61,1,17.0,16.8732782369146,25,363,4,90.75,363,3,0,0,0.9999999999999972,0.00219,0.00293,0.5171261636058332,0.4160949662438087,0.5171261636058332,17.160128153805086,unique_starts
2596,404,179,25,4,25,4,11,17.0,17.16,22,25,4,6.25,25,2,0,0,0.99999999999996,0.00219,0.00165,0.5171261636058332,0.5689519284458886,0.5689519284458886,17.2,unique_starts
2597,404,186,52,11,46,12,11,18.0,17.21153846153846,23,52,11,4.7272727272727275,52,0,0,0,0.9999999999999807,0.00219,0.00126,0.5171261636058332,0.4246314878988181,0.5171261636058332,18.147441956154896,unique_starts
2598,404,199,61,5,17,17,1,9.0,8.60655737704918,15,61,5,12.2,61,33,33,33,0.29787234042552874,0.00219,0.00268,0.5171261636058332,0.5690552560543798,0.5690552560543798,9.242535625036332,unique_starts
2599,404,217,16,3,4,15,3,8.5,8.75,16,16,3,5.333333333333333,16,0,0,0,0.9999999999999376,0.00219,0.003145,0.5171261636058332,0.5280768414975939,0.5280768414975939,9.0,unique_starts
2600,404,224,151,4,16,41,11,21.0,20.370860927152318,25,151,4,37.75,151,61,61,61,0.42452830188679047,0.00219,0.003435,0.5171261636058332,0.5524327933598494,0.5524327933598494,21.25,unique_starts
2601,404,243,76,9,23,34,4,22.0,20.67105263157895,25,76,9,8.444444444444445,76,0,0,0,0.9999999999999869,0.00219,0.002845,0.5171261636058332,0.47798288494927843,0.5171261636058332,22.208514414057074,unique_starts
2602,404,248,68,16,62,17,14,20.5,20.147058823529413,25,68,16,4.25,68,2,0,0,0.9999999999999853,0.00219,0.002135,0.5171261636058332,0.4551679911609592,0.5171261636058332,20.62700012700019,unique_starts
2603,404,252,205,5,26,47,1,18.0,17.619512195121953,25,205,5,41.0,205,12,0,0,0.9999999999999951,0.00219,0.00348,0.5171261636058332,0.32521551737612986,0.5171261636058332,18.196116135138183,unique_starts
2604,404,259,6,4,5,5,21,24.5,24.0,25,6,4,1.5,6,91,91,91,-0.8762886597938054,0.00219,0.00102,0.5171261636058332,1.0660615445434947,1.0660615445434947,24.947213595499957,unique_starts
2605,404,262,18,2,2,18,1,9.5,9.5,18,18,2,9.0,18,2,0,0,0.9999999999999445,0.00219,0.00278,0.5171261636058332,0.20145072035126035,0.5171261636058332,10.207106781186548,unique_starts
2606,404,266,83,3,22,24,19,23.0,23.180722891566266,25,83,3,27.666666666666668,83,201,201,201,-0.4154929577464774,0.00219,0.0038,0.5171261636058332,0.6115361362052629,0.6115361362052629,23.21320071635561,unique_starts
2607,404,273,79,10,35,27,17,23.0,21.962025316455698,25,79,10,7.9,79,0,0,0,0.9999999999999875,0.00219,0.0032,0.5171261636058332,0.505500130278,0.5171261636058332,23.169030850945703,unique_starts
2608,404,294,26,4,10,10,1,4.5,4.846153846153846,10,26,4,6.5,26,1,0,0,0.9999999999999616,0.00219,0.00253,0.5171261636058332,0.42896663505169463,0.5171261636058332,4.816227766016838,unique_starts
2609,404,309,20,3,5,12,1,3.5,3.6,7,20,3,6.666666666666667,20,0,0,0,0.99999999999995,0.00219,0.003055,0.5171261636058332,0.48484104579254805,0.5171261636058332,3.947213595499958,unique_starts
2610,404,316,208,7,21,48,1,9.0,9.466346153846153,21,208,7,29.714285714285715,208,4,4,4,0.9622641509433917,0.00219,0.0025,0.5171261636058332,0.4490634320386163,0.5171261636058332,9.218217890235993,unique_starts
2611,404,371,7,2,7,2,19,21.0,21.142857142857142,24,7,2,3.5,7,17,17,17,-0.4166666666666493,0.00219,0.00072,0.5171261636058332,2.0840511964640234,2.0840511964640234,21.37796447300923,unique_starts
2612,404,383,142,6,23,39,1,10.0,9.816901408450704,19,142,6,23.666666666666668,142,0,0,0,0.999999999999993,0.00219,0.00295,0.5171261636058332,0.47953992323646644,0.5171261636058332,10.208514414057074,unique_starts
2613,404,385,111,8,22,49,1,14.0,12.981981981981981,24,111,8,13.875,111,0,0,0,0.999999999999991,0.00219,0.00381,0.5171261636058332,0.544885989019332,0.544885989019332,14.21320071635561,unique_starts
2614,404,389,210,5,19,53,1,11.0,11.142857142857142,25,210,5,42.0,210,0,0,0,0.9999999999999952,0.00219,0.002875,0.5171261636058332,0.26692962496119355,0.5171261636058332,11.229415733870562,unique_starts
2615,404,402,7,2,3,4,1,10.0,9.142857142857142,12,7,2,3.5,7,13,13,13,-0.299999999999985,0.00219,0.00217,0.5171261636058332,0.45222558449769595,0.5171261636058332,10.577350269189626,unique_starts
2616,404,433,389,10,56,73,1,11.0,10.858611825192803,20,389,10,38.9,389,4,4,4,0.9796437659033054,0.00219,0.00295,0.5171261636058332,0.4187955072680345,0.5171261636058332,11.133630620956213,unique_starts
2617,404,462,181,5,14,81,10,19.0,18.54696132596685,25,181,5,36.2,181,151,151,151,0.09036144578313225,0.00219,0.00335,0.5171261636058332,0.4622577751318516,0.5171261636058332,19.267261241912426,unique_starts
2618,404,474,8,2,6,3,1,2.0,2.25,4,8,2,4.0,8,0,0,0,0.999999999999875,0.00219,0.002335,0.5171261636058332,0.47326325022320526,0.5171261636058332,2.408248290463863,unique_starts
2619,404,487,22,2,8,5,16,19.0,19.318181818181817,23,22,2,11.0,22,907,907,907,-0.9526372443487611,0.00219,0.00309,0.5171261636058332,0.4986519883489159,0.5171261636058332,19.353553390593273,unique_starts
2620,404,494,48,6,16,20,1,5.5,5.604166666666667,11,48,6,8.0,48,108,108,108,-0.38461538461538214,0.00219,0.002885,0.5171261636058332,0.4433285498558166,0.5171261636058332,5.75,unique_starts
2621,406,16,420,18,110,120,10,23.0,22.340476190476192,25,420,18,23.333333333333332,420,1048,1048,1048,-0.42779291553133486,0.002805,0.00306,0.47566766402598537,0.3930741805154096,0.47566766402598537,23.095346258924558,unique_starts
2622,406,109,66,4,19,19,18,23.0,23.045454545454547,25,66,4,16.5,66,91,91,91,-0.1592356687898079,0.002805,0.002985,0.47566766402598537,0.3581978582570581,0.47566766402598537,23.22941573387056,unique_starts
2623,406,112,8,2,4,4,16,19.0,18.75,21,8,2,4.0,8,0,0,0,0.999999999999875,0.002805,0.00296,0.47566766402598537,0.4285491187954342,0.47566766402598537,19.5,unique_starts
2624,406,140,211,17,83,90,20,24.0,23.805687203791468,25,211,17,12.411764705882353,211,775,775,775,-0.572008113590263,0.002805,0.00296,0.47566766402598537,0.4551836186304672,0.47566766402598537,24.10976425998969,unique_starts
2625,406,206,1085,30,257,247,1,6.0,6.1649769585253456,25,1085,30,36.166666666666664,1085,0,0,0,0.9999999999999991,0.002805,0.002645,0.47566766402598537,0.4388475670472349,0.47566766402598537,6.06237828615518,unique_starts
2626,406,266,83,11,33,48,20,24.0,23.903614457831324,25,83,11,7.545454545454546,83,224,224,224,-0.4592833876221483,0.002805,0.0038,0.47566766402598537,0.6115361362052629,0.6115361362052629,24.1740776559557,unique_starts
2627,406,329,157,4,20,31,11,19.0,18.78980891719745,25,157,4,39.25,157,0,0,0,0.9999999999999937,0.002805,0.00267,0.47566766402598537,0.48285513264051666,0.48285513264051666,19.22360679774998,unique_starts
2628,406,378,200,7,61,54,15,23.0,22.845,25,200,7,28.571428571428573,200,756,756,756,-0.5815899581589952,0.002805,0.00272,0.47566766402598537,0.2874139677247253,0.47566766402598537,23.128036879932896,unique_starts
2629,406,430,29,6,15,17,18,21.0,21.448275862068964,25,29,6,4.833333333333333,29,524,524,524,-0.8951175406871593,0.002805,0.00263,0.47566766402598537,0.45111919326183225,0.47566766402598537,21.25819888974716,unique_starts
2630,406,462,91,8,34,30,17,24.0,23.373626373626372,25,91,8,11.375,91,1595,1595,1595,-0.8920521945432973,0.002805,0.00335,0.47566766402598537,0.4622577751318516,0.47566766402598537,24.17149858514251,unique_starts
2631,406,487,2009,34,305,362,9,19.0,19.03036336485814,25,2009,34,59.088235294117645,2009,340,340,340,0.7105151128139631,0.002805,0.00309,0.47566766402598537,0.4986519883489159,0.4986519883489159,19.057259833431388,unique_starts
2632,410,2,147,12,19,92,14,22.0,21.26530612244898,25,147,12,12.25,147,0,0,0,0.9999999999999932,0.002505,0.00384,0.5908932537877524,0.49557695833984555,0.5908932537877524,22.22941573387056,unique_starts
2633,410,4,9,2,5,5,23,25.0,24.444444444444443,25,9,2,4.5,9,0,0,0,0.9999999999998889,0.002505,0.0034,0.5908932537877524,0.42665327824002786,0.5908932537877524,25.447213595499957,unique_starts
2634,410,7,48,7,15,27,11,17.5,17.916666666666668,25,48,7,6.857142857142857,48,48,48,48,0.0,0.002505,0.00345,0.5908932537877524,0.473565075387291,0.5908932537877524,17.75819888974716,unique_starts
2635,410,8,141,17,50,63,7,12.0,12.822695035460994,22,141,17,8.294117647058824,141,70,70,70,0.3364928909952591,0.002505,0.00305,0.5908932537877524,0.5406985617322061,0.5908932537877524,12.14142135623731,unique_starts
2636,410,22,162,15,31,94,14,22.0,21.796296296296298,25,162,15,10.8,162,7,0,0,0.9999999999999939,0.002505,0.00375,0.5908932537877524,0.6446610524678009,0.6446610524678009,22.179605302026776,unique_starts
2637,410,28,17,5,9,10,2,24.0,22.823529411764707,25,17,5,3.4,17,683,683,683,-0.9514285714285701,0.002505,0.002415,0.5908932537877524,0.42854134755998907,0.5908932537877524,24.333333333333332,unique_starts
2638,410,42,24,4,5,17,10,14.0,13.958333333333334,18,24,4,6.0,24,3,3,3,0.777777777777749,0.002505,0.002905,0.5908932537877524,0.49705178564663943,0.5908932537877524,14.447213595499958,unique_starts
2639,410,56,14,3,3,14,8,11.0,11.071428571428571,15,14,3,4.666666666666667,14,14,14,14,0.0,0.002505,0.003085,0.5908932537877524,0.5396960390661362,0.5908932537877524,11.577350269189626,unique_starts
2640,410,63,16,3,4,12,10,12.0,12.1875,14,16,3,5.333333333333333,16,17,17,17,-0.030303030303029384,0.002505,0.00318,0.5908932537877524,0.5301456261038152,0.5908932537877524,12.5,unique_starts
2641,410,79,196,17,46,87,11,17.0,16.93877551020408,25,196,17,11.529411764705882,196,739,739,739,-0.5807486631016037,0.002505,0.003325,0.5908932537877524,0.5566279042981374,0.5908932537877524,17.147441956154896,unique_starts
2642,410,80,94,10,23,46,12,16.5,17.02127659574468,25,94,10,9.4,94,281,281,281,-0.4986666666666653,0.002505,0.003105,0.5908932537877524,0.54911977059455,0.5908932537877524,16.708514414057074,unique_starts
2643,410,100,24,3,6,12,19,23.0,22.833333333333332,25,24,3,8.0,24,453,453,453,-0.899371069182388,0.002505,0.0028,0.5908932537877524,0.4530066985824541,0.5908932537877524,23.408248290463863,unique_starts
2644,410,133,22,2,3,16,17,22.0,21.727272727272727,25,22,2,11.0,22,26,26,26,-0.0833333333333316,0.002505,0.003455,0.5908932537877524,0.40834813465235587,0.5908932537877524,22.577350269189626,unique_starts
2645,410,146,229,15,47,98,1,5.0,5.882096069868996,14,229,15,15.266666666666667,229,10,10,10,0.9163179916317954,0.002505,0.00289,0.5908932537877524,0.49858717633061933,0.5908932537877524,5.145864991497895,unique_starts
2646,410,149,37,10,18,28,14,20.0,19.64864864864865,25,37,10,3.7,37,168,168,168,-0.6390243902438993,0.002505,0.002245,0.5908932537877524,0.4477196573186491,0.5908932537877524,20.235702260395517,unique_starts
2647,410,164,6,2,6,2,1,2.5,2.6666666666666665,5,6,2,3.0,6,197,197,197,-0.9408866995073846,0.002505,0.002755,0.5908932537877524,0.46236208579247506,0.5908932537877524,2.908248290463863,unique_starts
2648,410,167,157,16,34,78,6,16.0,15.503184713375797,25,157,16,9.8125,157,51,51,51,0.5096153846153821,0.002505,0.002905,0.5908932537877524,0.5523326473861818,0.5908932537877524,16.17149858514251,unique_starts
2649,410,171,8,2,2,8,21,23.5,23.375,25,8,2,4.0,8,739,739,739,-0.978580990629182,0.002505,0.00343,0.5908932537877524,0.6091865893282263,0.6091865893282263,24.207106781186546,unique_starts
2650,410,175,26,3,5,14,16,22.5,21.653846153846153,25,26,3,8.666666666666666,26,41,41,41,-0.22388059701492205,0.002505,0.00503,0.5908932537877524,0.7573380297747923,0.7573380297747923,22.947213595499957,unique_starts
2651,410,184,85,7,20,42,13,20.0,19.75294117647059,25,85,7,12.142857142857142,85,6,6,6,0.8681318681318586,0.002505,0.00261,0.5908932537877524,0.4440022572428347,0.5908932537877524,20.22360679774998,unique_starts
2652,410,196,25,3,4,14,14,20.0,19.56,25,25,3,8.333333333333334,25,253,253,253,-0.8201438848920833,0.002505,0.00287,0.5908932537877524,0.36280201708894627,0.5908932537877524,20.5,unique_starts
2653,410,205,4,3,4,3,2,3.0,4.75,11,4,3,1.3333333333333333,4,4,4,4,0.0,0.002505,0.00069,0.5908932537877524,0.4815721475373711,0.5908932537877524,3.5,unique_starts
2654,410,207,122,10,27,54,1,7.0,8.442622950819672,22,122,10,12.2,122,11,11,11,0.8345864661654073,0.002505,0.002905,0.5908932537877524,0.5142383888493315,0.5908932537877524,7.192450089729875,unique_starts
2655,410,222,3,3,3,3,7,8.0,13.333333333333334,25,3,3,1.0,3,11,11,11,-0.5714285714285307,0.002505,0.00284,0.5908932537877524,0.4041667145429749,0.5908932537877524,8.577350269189626,unique_starts
2656,410,230,462,32,97,168,7,16.0,16.385281385281385,25,462,32,14.4375,462,141,141,141,0.5323383084577106,0.002505,0.00344,0.5908932537877524,0.5276863910046072,0.5908932537877524,16.101534616513362,unique_starts
2657,410,247,4,2,2,4,23,24.0,24.0,25,4,2,2.0,4,0,0,0,0.99999999999975,0.002505,0.002885,0.5908932537877524,0.36620018911671115,0.5908932537877524,24.707106781186546,unique_starts
2658,410,251,12,3,5,7,21,23.5,23.416666666666668,25,12,3,4.0,12,8,8,8,0.19999999999999002,0.002505,0.002675,0.5908932537877524,0.4733873703025864,0.5908932537877524,23.947213595499957,unique_starts
2659,410,258,32,9,17,18,9,17.5,15.84375,22,32,9,3.5555555555555554,32,28,28,28,0.06666666666666556,0.002505,0.00251,0.5908932537877524,0.4379225923469485,0.5908932537877524,17.742535625036332,unique_starts
2660,410,268,120,11,20,84,13,22.0,21.45,25,120,11,10.909090909090908,120,139,139,139,-0.07335907335907307,0.002505,0.00255,0.5908932537877524,0.43791978219162725,0.5908932537877524,22.22360679774998,unique_starts
2661,410,271,12,4,5,11,1,5.5,5.666666666666667,11,12,4,3.0,12,251,251,251,-0.9087452471482854,0.002505,0.002355,0.5908932537877524,0.46904630509061107,0.5908932537877524,5.947213595499958,unique_starts
2662,410,273,10,3,4,8,20,24.0,23.5,25,10,3,3.3333333333333335,10,94,94,94,-0.8076923076922999,0.002505,0.0032,0.5908932537877524,0.505500130278,0.5908932537877524,24.5,unique_starts
2663,410,279,40,3,9,20,19,23.0,23.0,25,40,3,13.333333333333334,40,35,35,35,0.06666666666666578,0.002505,0.00293,0.5908932537877524,0.40818291842784804,0.5908932537877524,23.333333333333332,unique_starts
2664,410,288,28,3,7,14,20,23.5,23.321428571428573,25,28,3,9.333333333333334,28,0,0,0,0.9999999999999644,0.002505,0.002855,0.5908932537877524,0.3565540314868625,0.5908932537877524,23.87796447300923,unique_starts
2665,410,315,101,9,30,44,11,16.0,16.405940594059405,25,101,9,11.222222222222221,101,290,290,290,-0.4833759590792826,0.002505,0.00307,0.5908932537877524,0.5338410601299857,0.5908932537877524,16.182574185835055,unique_starts
2666,410,398,3,2,2,3,1,11.0,12.333333333333334,25,3,2,1.5,3,17,0,0,0.9999999999996666,0.002505,0.00324,0.5908932537877524,0.4886541548049501,0.5908932537877524,11.707106781186548,unique_starts
2667,410,414,1294,54,220,494,1,5.0,5.6816074188562595,17,1294,54,23.962962962962962,1294,11,0,0,0.9999999999999993,0.002505,0.002705,0.5908932537877524,0.4480758181537895,0.5908932537877524,5.067419986246324,unique_starts
2668,410,429,111,21,30,103,1,3.0,2.936936936936937,7,111,21,5.285714285714286,111,901,901,901,-0.7806324110671928,0.002505,0.0033,0.5908932537877524,0.6319999683881292,0.6319999683881292,3.1825741858350556,unique_starts
2669,410,440,50,6,15,23,11,17.0,17.2,25,50,6,8.333333333333334,50,583,583,583,-0.8420221169036322,0.002505,0.002505,0.5908932537877524,0.4432001412722737,0.5908932537877524,17.25819888974716,unique_starts
2670,410,481,16,2,2,16,17,21.5,21.4375,25,16,2,8.0,16,12,12,12,0.14285714285713777,0.002505,0.00295,0.5908932537877524,0.3715708750101002,0.5908932537877524,22.207106781186546,unique_starts
2671,410,485,694,36,130,256,4,10.0,10.893371757925072,25,694,36,19.27777777777778,694,20,20,20,0.9439775910364132,0.002505,0.002155,0.5908932537877524,0.43599835801952425,0.5908932537877524,10.087705801930703,unique_starts
2672,414,4,130,4,26,31,17,23.0,22.49230769230769,25,130,4,32.5,130,0,0,0,0.9999999999999923,0.002705,0.0034,0.4480758181537895,0.42665327824002786,0.4480758181537895,23.196116135138183,unique_starts
2673,414,7,72,2,11,14,7,14.0,14.083333333333334,22,72,2,36.0,72,0,0,0,0.9999999999999862,0.002705,0.00345,0.4480758181537895,0.473565075387291,0.473565075387291,14.301511344577763,unique_starts
2674,414,8,421,19,134,61,1,7.0,8.17102137767221,20,421,19,22.157894736842106,421,13,0,0,0.9999999999999976,0.002705,0.00305,0.4480758181537895,0.5406985617322061,0.5406985617322061,7.086386842558136,unique_starts
2675,414,21,11,3,11,3,21,24.0,23.545454545454547,25,11,3,3.6666666666666665,11,0,0,0,0.9999999999999091,0.002705,0.001335,0.4480758181537895,0.7000075364621832,0.7000075364621832,24.301511344577765,unique_starts
2676,414,22,631,15,90,123,8,19.0,18.99366085578447,25,631,15,42.06666666666667,631,0,0,0,0.9999999999999983,0.002705,0.00375,0.4480758181537895,0.6446610524678009,0.6446610524678009,19.105409255338945,unique_starts
2677,414,28,103,5,27,21,13,22.0,21.106796116504853,25,103,5,20.6,103,1123,1123,1123,-0.8319738988580744,0.002705,0.002415,0.4480758181537895,0.42854134755998907,0.4480758181537895,22.192450089729874,unique_starts
2678,414,43,14,5,9,9,23,25.0,24.571428571428573,25,14,5,2.8,14,0,0,0,0.9999999999999286,0.002705,0.00192,0.4480758181537895,0.4331654262548746,0.4480758181537895,25.333333333333332,unique_starts
2679,414,79,518,18,123,94,5,12.0,12.185328185328185,20,518,18,28.77777777777778,518,1175,1175,1175,-0.3880685174246897,0.002705,0.003325,0.4480758181537895,0.5566279042981374,0.5566279042981374,12.090166963466743,unique_starts
2680,414,143,53,2,8,12,14,20.0,19.60377358490566,25,53,2,26.5,53,0,0,0,0.9999999999999811,0.002705,0.003425,0.4480758181537895,0.4310573077101274,0.4480758181537895,20.353553390593273,unique_starts
2681,414,146,18,2,9,4,1,5.0,5.055555555555555,10,18,2,9.0,18,3,0,0,0.9999999999999445,0.002705,0.00289,0.4480758181537895,0.49858717633061933,0.49858717633061933,5.333333333333333,unique_starts
2682,414,149,70,4,22,16,10,14.0,14.442857142857143,20,70,4,17.5,70,287,287,287,-0.6078431372549002,0.002705,0.002245,0.4480758181537895,0.4477196573186491,0.4480758181537895,14.21320071635561,unique_starts
2683,414,167,279,8,59,40,1,10.0,10.240143369175627,20,279,8,34.875,279,0,0,0,0.9999999999999963,0.002705,0.002905,0.4480758181537895,0.5523326473861818,0.5523326473861818,10.130188910980824,unique_starts
2684,414,179,7,4,7,5,24,25.0,24.714285714285715,25,7,4,1.75,7,0,0,0,0.9999999999998571,0.002705,0.00165,0.4480758181537895,0.5689519284458886,0.5689519284458886,25.37796447300923,unique_starts
2685,414,184,320,6,52,48,6,16.0,15.934375,25,320,6,53.333333333333336,320,0,0,0,0.9999999999999968,0.002705,0.00261,0.4480758181537895,0.4440022572428347,0.4480758181537895,16.138675049056307,unique_starts
2686,414,186,10,2,10,2,21,23.0,23.0,25,10,2,5.0,10,0,0,0,0.9999999999999,0.002705,0.00126,0.4480758181537895,0.4246314878988181,0.4480758181537895,23.316227766016837,unique_starts
2687,414,229,66,3,19,15,17,23.0,22.651515151515152,25,66,3,22.0,66,5,5,5,0.8591549295774528,0.002705,0.00306,0.4480758181537895,0.23617874098724062,0.4480758181537895,23.22941573387056,unique_starts
2688,414,230,1216,32,220,189,1,11.0,11.421875,25,1216,32,38.0,1216,153,153,153,0.7764791818845868,0.002705,0.00344,0.4480758181537895,0.5276863910046072,0.5276863910046072,11.067419986246325,unique_starts
2689,414,251,93,5,21,22,15,21.0,20.93548387096774,25,93,5,18.6,93,0,0,0,0.9999999999999893,0.002705,0.002675,0.4480758181537895,0.4733873703025864,0.4733873703025864,21.21821789023599,unique_starts
2690,414,271,139,23,101,36,17,23.0,22.985611510791365,25,139,23,6.043478260869565,139,226,226,226,-0.23835616438356097,0.002705,0.002355,0.4480758181537895,0.46904630509061107,0.46904630509061107,23.099503719020998,unique_starts
2691,414,273,104,8,41,20,13,21.0,20.942307692307693,25,104,8,13.0,104,6,6,6,0.8909090909090829,0.002705,0.0032,0.4480758181537895,0.505500130278,0.505500130278,21.156173761888606,unique_starts
2692,414,279,197,3,27,31,11,20.0,19.502538071065988,25,197,3,65.66666666666667,197,9,9,9,0.9126213592232966,0.002705,0.00293,0.4480758181537895,0.40818291842784804,0.4480758181537895,20.192450089729874,unique_starts
2693,414,288,122,5,25,32,16,22.0,21.729508196721312,25,122,5,24.4,122,0,0,0,0.9999999999999919,0.002705,0.002855,0.4480758181537895,0.3565540314868625,0.4480758181537895,22.2,unique_starts
2694,414,318,28,2,7,9,19,23.0,23.0,25,28,2,14.0,28,0,0,0,0.9999999999999644,0.002705,0.003055,0.4480758181537895,0.4226365509545472,0.4480758181537895,23.37796447300923,unique_starts
2695,414,319,22,5,12,10,22,24.0,24.136363636363637,25,22,5,4.4,22,0,0,0,0.9999999999999546,0.002705,0.002245,0.4480758181537895,0.4303008855946258,0.4480758181537895,24.28867513459481,unique_starts
2696,414,371,8,3,8,3,22,24.0,24.0,25,8,3,2.6666666666666665,8,0,0,0,0.999999999999875,0.002705,0.00072,0.4480758181537895,2.0840511964640234,2.0840511964640234,24.353553390593273,unique_starts
2697,414,440,77,7,34,21,2,11.0,11.558441558441558,20,77,7,11.0,77,675,675,675,-0.7952127659574457,0.002705,0.002505,0.4480758181537895,0.4432001412722737,0.4480758181537895,11.171498585142508,unique_starts
2698,414,485,829,26,153,183,1,6.0,6.627261761158022,20,829,26,31.884615384615383,829,0,0,0,0.9999999999999988,0.002705,0.002155,0.4480758181537895,0.43599835801952425,0.4480758181537895,6.080845208345444,unique_starts
2699,429,7,138,8,46,26,13,19.0,19.26086956521739,25,138,8,17.25,138,49,49,49,0.4759358288770028,0.0033,0.00345,0.6319999683881292,0.473565075387291,0.6319999683881292,19.147441956154896,unique_starts
2700,429,133,48,2,11,13,18,23.0,22.854166666666668,25,48,2,24.0,48,57,57,57,-0.0857142857142849,0.0033,0.003455,0.6319999683881292,0.40834813465235587,0.6319999683881292,23.301511344577765,unique_starts
2701,429,167,247,11,54,52,9,18.0,17.77327935222672,25,247,11,22.454545454545453,247,199,199,199,0.10762331838564998,0.0033,0.002905,0.6319999683881292,0.5523326473861818,0.6319999683881292,18.136082763487956,unique_starts
2702,429,196,56,3,17,12,15,21.5,21.25,25,56,3,18.666666666666668,56,1259,1259,1259,-0.9148288973384024,0.0033,0.00287,0.6319999683881292,0.36280201708894627,0.6319999683881292,21.742535625036332,unique_starts
2703,429,207,93,6,22,25,5,10.0,11.268817204301076,23,93,6,15.5,93,47,47,47,0.32857142857142624,0.0033,0.002905,0.6319999683881292,0.5142383888493315,0.6319999683881292,10.21320071635561,unique_starts
2704,429,251,17,3,8,8,22,24.0,24.176470588235293,25,17,3,5.666666666666667,17,29,29,29,-0.26086956521738563,0.0033,0.002675,0.6319999683881292,0.4733873703025864,0.6319999683881292,24.353553390593273,unique_starts
2705,429,259,5,2,4,3,1,3.0,3.0,5,5,2,2.5,5,2,0,0,0.9999999999997999,0.0033,0.00102,0.6319999683881292,1.0660615445434947,1.0660615445434947,3.5,unique_starts
2706,429,279,10,2,6,6,23,25.0,24.5,25,10,2,5.0,10,30,30,30,-0.49999999999998745,0.0033,0.00293,0.6319999683881292,0.40818291842784804,0.6319999683881292,25.408248290463863,unique_starts
2707,429,410,901,71,498,201,1,4.0,3.8734739178690343,9,901,71,12.690140845070422,901,111,111,111,0.7806324110671928,0.0033,0.002505,0.6319999683881292,0.5908932537877524,0.6319999683881292,4.044811071494822,unique_starts
2708,429,414,1368,34,236,265,1,8.0,8.272660818713451,18,1368,34,40.23529411764706,1368,0,0,0,0.9999999999999993,0.0033,0.002705,0.6319999683881292,0.4480758181537895,0.6319999683881292,8.065094455490412,unique_starts
2709,429,440,112,7,38,21,12,18.0,18.642857142857142,25,112,7,16.0,112,1465,1465,1465,-0.8579581483830052,0.0033,0.002505,0.6319999683881292,0.4432001412722737,0.6319999683881292,18.162221421130763,unique_starts
2710,429,481,48,2,12,13,19,23.0,23.104166666666668,25,48,2,24.0,48,85,85,85,-0.27819548872180244,0.0033,0.00295,0.6319999683881292,0.3715708750101002,0.6319999683881292,23.28867513459481,unique_starts
2711,429,485,423,16,79,83,5,14.0,14.43498817966903,25,423,16,26.4375,423,14,0,0,0.9999999999999976,0.0033,0.002155,0.6319999683881292,0.43599835801952425,0.6319999683881292,14.112508790092603,unique_starts
2712,430,3,3273,36,466,519,1,7.0,7.566147265505652,19,3273,36,90.91666666666667,3273,74,74,74,0.955781296683597,0.00263,0.003565,0.45111919326183225,0.5904218374331804,0.5904218374331804,7.046324105461208,unique_starts
2713,430,39,7,3,3,7,21,23.0,23.0,25,7,3,2.3333333333333335,7,352,352,352,-0.9610027855153176,0.00263,0.002705,0.45111919326183225,0.41176789607065134,0.45111919326183225,23.577350269189626,unique_starts
2714,430,46,60,7,36,25,1,3.0,3.3333333333333335,8,60,7,8.571428571428571,60,0,0,0,0.9999999999999833,0.00263,0.00281,0.45111919326183225,0.4994811286042713,0.4994811286042713,3.1666666666666665,unique_starts
2715,430,176,37,3,11,9,12,18.0,17.972972972972972,25,37,3,12.333333333333334,37,3627,3627,3627,-0.9798034934497815,0.00263,0.00293,0.45111919326183225,0.4160949662438087,0.45111919326183225,18.301511344577765,unique_starts
2716,430,206,2421,32,398,393,6,17.0,17.49772821148286,25,2421,32,75.65625,2421,177,177,177,0.8637413394919166,0.00263,0.002645,0.45111919326183225,0.4388475670472349,0.45111919326183225,17.05012547071171,unique_starts
2717,430,252,153,6,20,49,1,14.0,14.627450980392156,25,153,6,25.5,153,104,104,104,0.19066147859922103,0.00263,0.00348,0.45111919326183225,0.32521551737612986,0.45111919326183225,14.223606797749978,unique_starts
2718,430,266,209,15,41,130,1,4.0,5.54066985645933,25,209,15,13.933333333333334,209,3053,3053,3053,-0.8718577559779274,0.00263,0.0038,0.45111919326183225,0.6115361362052629,0.6115361362052629,4.156173761888606,unique_starts
2719,430,328,10,2,2,10,1,11.5,10.8,16,10,2,5.0,10,0,0,0,0.9999999999999,0.00263,0.00278,0.45111919326183225,0.4295227114706557,0.45111919326183225,12.207106781186548,unique_starts
2720,430,404,19,3,3,19,15,19.0,18.736842105263158,23,19,3,6.333333333333333,19,0,0,0,0.9999999999999475,0.00263,0.00219,0.45111919326183225,0.5171261636058332,0.5171261636058332,19.577350269189626,unique_starts
2721,430,406,524,17,162,116,7,13.0,12.916030534351146,20,524,17,30.823529411764707,524,29,29,29,0.8951175406871593,0.00263,0.002805,0.45111919326183225,0.47566766402598537,0.47566766402598537,13.078567420131838,unique_starts
2722,430,487,48,13,28,30,1,24.0,17.791666666666668,25,48,13,3.6923076923076925,48,339,339,339,-0.751937984496122,0.00263,0.00309,0.45111919326183225,0.4986519883489159,0.4986519883489159,24.188982236504614,unique_starts
2723,430,494,7,2,3,5,21,23.0,22.571428571428573,24,7,2,3.5,7,48,48,48,-0.7454545454545318,0.00263,0.002885,0.45111919326183225,0.4433285498558166,0.45111919326183225,23.577350269189626,unique_starts
2724,430,500,57,3,11,16,7,13.0,13.140350877192983,22,57,3,19.0,57,0,0,0,0.9999999999999825,0.00263,0.00264,0.45111919326183225,0.41474401777690195,0.45111919326183225,13.301511344577763,unique_starts
2725,432,7,97,4,19,34,1,7.0,7.824742268041237,18,97,4,24.25,97,0,0,0,0.9999999999999898,0.002895,0.00345,0.38597465955399696,0.473565075387291,0.473565075387291,7.229415733870562,unique_starts
2726,432,21,23,3,23,3,13,18.0,18.82608695652174,25,23,3,7.666666666666667,23,0,0,0,0.9999999999999566,0.002895,0.001335,0.38597465955399696,0.7000075364621832,0.7000075364621832,18.208514414057074,unique_starts
2727,432,28,184,2,27,14,7,17.0,16.657608695652176,25,184,2,92.0,184,0,0,0,0.9999999999999946,0.002895,0.002415,0.38597465955399696,0.42854134755998907,0.42854134755998907,17.192450089729874,unique_starts
2728,432,58,13,2,6,6,22,24.0,24.153846153846153,25,13,2,6.5,13,11,0,0,0.9999999999999231,0.002895,0.0027,0.38597465955399696,0.45943690378043944,0.45943690378043944,24.408248290463863,unique_starts
2729,432,88,1131,23,170,238,1,17.0,17.28205128205128,25,1131,23,49.17391304347826,1131,1971,1971,1971,-0.2707930367504835,0.002895,0.00285,0.38597465955399696,0.3243399356820196,0.38597465955399696,17.076696498884736,unique_starts
2730,432,143,1131,16,142,196,1,12.0,11.873563218390805,25,1131,16,70.6875,1131,1018,1018,1018,0.0525825965565379,0.002895,0.003425,0.38597465955399696,0.4310573077101274,0.4310573077101274,12.083918135829668,unique_starts
2731,432,157,626,22,147,124,1,13.0,13.97923322683706,25,626,22,28.454545454545453,626,24,24,24,0.9261538461538447,0.002895,0.00224,0.38597465955399696,0.4360808470049738,0.4360808470049738,13.082478609884232,unique_starts
2732,432,207,4,2,3,3,24,25.0,24.75,25,4,2,2.0,4,62,62,62,-0.8787878787878656,0.002895,0.002905,0.38597465955399696,0.5142383888493315,0.5142383888493315,25.577350269189626,unique_starts
2733,432,243,54,5,18,19,20,24.0,23.59259259259259,25,54,5,10.8,54,0,0,0,0.9999999999999815,0.002895,0.002845,0.38597465955399696,0.47798288494927843,0.47798288494927843,24.235702260395517,unique_starts
2734,432,247,56,2,9,15,1,17.0,17.392857142857142,25,56,2,28.0,56,60,60,60,-0.034482758620689356,0.002895,0.002885,0.38597465955399696,0.36620018911671115,0.38597465955399696,17.333333333333332,unique_starts
2735,432,271,43,5,32,6,13,20.0,19.674418604651162,25,43,5,8.6,43,0,0,0,0.9999999999999767,0.002895,0.002355,0.38597465955399696,0.46904630509061107,0.46904630509061107,20.17677669529664,unique_starts
2736,432,279,111,9,39,57,1,17.0,15.63063063063063,25,111,9,12.333333333333334,111,857,857,857,-0.7706611570247925,0.002895,0.00293,0.38597465955399696,0.40818291842784804,0.40818291842784804,17.160128153805086,unique_starts
2737,432,318,46,3,8,19,13,21.0,20.23913043478261,25,46,3,15.333333333333334,46,0,0,0,0.9999999999999782,0.002895,0.003055,0.38597465955399696,0.4226365509545472,0.4226365509545472,21.353553390593273,unique_starts
2738,432,319,61,5,31,10,14,19.0,19.459016393442624,25,61,5,12.2,61,0,0,0,0.9999999999999836,0.002895,0.002245,0.38597465955399696,0.4303008855946258,0.4303008855946258,19.179605302026776,unique_starts
2739,432,347,205,5,41,49,16,23.0,22.28292682926829,25,205,5,41.0,205,48,48,48,0.620553359683792,0.002895,0.002635,0.38597465955399696,0.42694736380270404,0.42694736380270404,23.156173761888606,unique_starts
2740,432,410,62,5,30,16,17,23.0,22.870967741935484,25,62,5,12.4,62,3,0,0,0.9999999999999838,0.002895,0.002505,0.38597465955399696,0.5908932537877524,0.5908932537877524,23.182574185835055,unique_starts
2741,432,414,11,4,7,7,23,25.0,24.545454545454547,25,11,4,2.75,11,0,0,0,0.9999999999999091,0.002895,0.002705,0.38597465955399696,0.4480758181537895,0.4480758181537895,25.37796447300923,unique_starts
2742,432,429,182,6,46,32,15,22.0,21.626373626373628,25,182,6,30.333333333333332,182,0,0,0,0.9999999999999946,0.002895,0.0033,0.38597465955399696,0.6319999683881292,0.6319999683881292,22.147441956154896,unique_starts
2743,432,440,123,2,27,9,1,10.0,9.959349593495935,20,123,2,61.5,123,6,6,6,0.9069767441860395,0.002895,0.002505,0.38597465955399696,0.4432001412722737,0.4432001412722737,10.192450089729876,unique_starts
2744,432,463,61,7,34,13,18,23.0,22.40983606557377,25,61,7,8.714285714285714,61,0,0,0,0.9999999999999836,0.002895,0.00216,0.38597465955399696,0.5081641748793143,0.5081641748793143,23.17149858514251,unique_starts
2745,432,474,54,7,21,23,1,8.0,13.277777777777779,25,54,7,7.714285714285714,54,221,221,221,-0.607272727272725,0.002895,0.002335,0.38597465955399696,0.47326325022320526,0.47326325022320526,8.218217890235993,unique_starts
2746,433,21,59,8,59,9,2,6.0,7.305084745762712,25,59,8,7.375,59,26,26,26,0.3882352941176425,0.00295,0.001335,0.4187955072680345,0.7000075364621832,0.7000075364621832,6.130188910980824,unique_starts
2747,433,39,157,5,36,23,1,8.0,8.318471337579618,17,157,5,31.4,157,27,0,0,0.9999999999999937,0.00295,0.002705,0.4187955072680345,0.41176789607065134,0.4187955072680345,8.166666666666666,unique_starts
2748,433,58,249,10,68,37,9,18.0,17.734939759036145,25,249,10,24.9,249,1186,1186,1186,-0.6529616724738672,0.00295,0.0027,0.4187955072680345,0.45943690378043944,0.45943690378043944,18.121267812518166,unique_starts
2749,433,79,40,3,17,9,17,23.0,22.3,25,40,3,13.333333333333334,40,4,0,0,0.9999999999999749,0.00295,0.003325,0.4187955072680345,0.5566279042981374,0.5566279042981374,23.242535625036332,unique_starts
2750,433,100,31,4,17,11,19,24.0,23.258064516129032,25,31,4,7.75,31,1,0,0,0.9999999999999678,0.00295,0.0028,0.4187955072680345,0.4530066985824541,0.4530066985824541,24.242535625036332,unique_starts
2751,433,109,102,7,21,37,12,21.0,20.647058823529413,25,102,7,14.571428571428571,102,18,18,18,0.6999999999999942,0.00295,0.002985,0.4187955072680345,0.3581978582570581,0.4187955072680345,21.21821789023599,unique_starts
2752,433,115,263,13,77,77,18,23.0,22.927756653992397,25,263,13,20.23076923076923,263,280,280,280,-0.03130755064456716,0.00295,0.002855,0.4187955072680345,0.4573735327292514,0.4573735327292514,23.11396057645964,unique_starts
2753,433,121,385,20,232,45,6,12.0,12.745454545454546,25,385,20,19.25,385,0,0,0,0.9999999999999973,0.00295,0.00212,0.4187955072680345,0.4790562634901327,0.4790562634901327,12.065653216429862,unique_starts
2754,433,139,300,7,54,43,10,18.0,18.183333333333334,25,300,7,42.857142857142854,300,0,0,0,0.9999999999999966,0.00295,0.00315,0.4187955072680345,0.5763001546805818,0.5763001546805818,18.136082763487956,unique_starts
2755,433,140,121,8,29,46,16,23.0,22.619834710743802,25,121,8,15.125,121,173,173,173,-0.17687074829931912,0.00295,0.00296,0.4187955072680345,0.4551836186304672,0.4551836186304672,23.18569533817705,unique_starts
2756,433,144,70,2,8,15,9,16.0,16.385714285714286,24,70,2,35.0,70,0,0,0,0.9999999999999858,0.00295,0.00326,0.4187955072680345,0.4284130917563028,0.4284130917563028,16.353553390593273,unique_starts
2757,433,149,15,2,11,3,18,21.0,20.933333333333334,25,15,2,7.5,15,0,0,0,0.9999999999999333,0.00295,0.002245,0.4187955072680345,0.4477196573186491,0.4477196573186491,21.301511344577765,unique_starts
2758,433,169,60,5,19,28,1,16.0,12.716666666666667,24,60,5,12.0,60,104,104,104,-0.2682926829268276,0.00295,0.003075,0.4187955072680345,0.5191317792488794,0.5191317792488794,16.22941573387056,unique_starts
2759,433,176,71,3,7,28,13,20.0,19.732394366197184,25,71,3,23.666666666666668,71,0,0,0,0.999999999999986,0.00295,0.00293,0.4187955072680345,0.4160949662438087,0.4187955072680345,20.37796447300923,unique_starts
2760,433,179,75,11,75,11,1,6.0,8.346666666666666,25,75,11,6.818181818181818,75,110,110,110,-0.18918918918918817,0.00295,0.00165,0.4187955072680345,0.5689519284458886,0.5689519284458886,6.115470053837925,unique_starts
2761,433,184,51,3,15,14,19,24.0,23.19607843137255,25,51,3,17.0,51,5,5,5,0.8214285714285567,0.00295,0.00261,0.4187955072680345,0.4440022572428347,0.4440022572428347,24.25819888974716,unique_starts
2762,433,186,261,19,210,23,1,8.0,10.095785440613026,25,261,19,13.736842105263158,261,71,71,71,0.5722891566265043,0.00295,0.00126,0.4187955072680345,0.4246314878988181,0.4246314878988181,8.069006555934235,unique_starts
2763,433,199,70,7,19,29,1,6.0,6.642857142857143,16,70,7,10.0,70,32,32,32,0.3725490196078395,0.00295,0.00268,0.4187955072680345,0.5690552560543798,0.5690552560543798,6.229415733870562,unique_starts
2764,433,230,46,4,20,10,19,23.0,22.717391304347824,25,46,4,11.5,46,0,0,0,0.9999999999999782,0.00295,0.00344,0.4187955072680345,0.5276863910046072,0.5276863910046072,23.22360679774998,unique_starts
2765,433,248,277,18,215,28,4,11.0,12.40072202166065,25,277,18,15.38888888888889,277,129,129,129,0.36453201970443255,0.00295,0.002135,0.4187955072680345,0.4551679911609592,0.4551679911609592,11.068199433947047,unique_starts
2766,433,252,150,5,31,27,2,20.0,19.3,25,150,5,30.0,150,83,83,83,0.2875536480686683,0.00295,0.00348,0.4187955072680345,0.32521551737612986,0.4187955072680345,20.179605302026776,unique_starts
2767,433,273,118,5,49,12,9,15.0,15.915254237288135,25,118,5,23.6,118,57,57,57,0.3485714285714266,0.00295,0.0032,0.4187955072680345,0.505500130278,0.505500130278,15.142857142857142,unique_starts
2768,433,315,445,13,105,78,13,22.0,21.485393258426967,25,445,13,34.23076923076923,445,29,29,29,0.8776371308016858,0.00295,0.00307,0.4187955072680345,0.5338410601299857,0.5338410601299857,22.097590007294855,unique_starts
2769,433,389,43,2,10,13,19,23.0,22.976744186046513,25,43,2,21.5,43,21,21,21,0.34374999999999467,0.00295,0.002875,0.4187955072680345,0.26692962496119355,0.4187955072680345,23.316227766016837,unique_starts
2770,433,404,4,2,3,3,13,14.0,14.0,15,4,2,2.0,4,389,389,389,-0.9796437659033054,0.00295,0.00219,0.4187955072680345,0.5171261636058332,0.5171261636058332,14.577350269189626,unique_starts
2771,433,485,13,3,11,5,19,24.0,23.23076923076923,25,13,3,4.333333333333333,13,1,0,0,0.9999999999999231,0.00295,0.002155,0.4187955072680345,0.43599835801952425,0.43599835801952425,24.301511344577765,unique_starts
2772,433,494,6,2,3,5,10,12.5,12.5,15,6,2,3.0,6,0,0,0,0.9999999999998334,0.00295,0.002885,0.4187955072680345,0.4433285498558166,0.4433285498558166,13.077350269189626,unique_starts
2773,440,7,41,4,14,11,1,4.0,4.902439024390244,11,41,4,10.25,41,0,0,0,0.9999999999999756,0.002505,0.00345,0.4432001412722737,0.473565075387291,0.473565075387291,4.267261241912425,unique_starts
2774,440,21,11,4,11,4,14,17.0,16.818181818181817,20,11,4,2.75,11,9,9,9,0.09999999999999501,0.002505,0.001335,0.4432001412722737,0.7000075364621832,0.7000075364621832,17.301511344577765,unique_starts
2775,440,28,2047,28,321,290,1,8.0,8.488031265266244,22,2047,28,73.10714285714286,2047,184,184,184,0.8350515463917523,0.002505,0.002415,0.4432001412722737,0.42854134755998907,0.4432001412722737,8.055814557218595,unique_starts
2776,440,56,23,3,16,9,1,23.0,17.956521739130434,25,23,3,7.666666666666667,23,1625,1625,1625,-0.9720873786407762,0.002505,0.003085,0.4432001412722737,0.5396960390661362,0.5396960390661362,23.25,unique_starts
2777,440,88,14,2,2,14,10,13.0,13.0,16,14,2,7.0,14,4,0,0,0.9999999999999286,0.002505,0.00285,0.4432001412722737,0.3243399356820196,0.4432001412722737,13.707106781186548,unique_starts
2778,440,139,7,4,5,6,24,25.0,24.714285714285715,25,7,4,1.75,7,0,0,0,0.9999999999998571,0.002505,0.00315,0.4432001412722737,0.5763001546805818,0.5763001546805818,25.447213595499957,unique_starts
2779,440,143,131,9,14,84,1,8.0,8.49618320610687,25,131,9,14.555555555555555,131,49,49,49,0.45555555555555305,0.002505,0.003425,0.4432001412722737,0.4310573077101274,0.4432001412722737,8.267261241912424,unique_starts
2780,440,163,3,2,3,2,10,16.0,14.333333333333334,17,3,2,1.5,3,0,0,0,0.9999999999996666,0.002505,0.000755,0.4432001412722737,0.8074492857931624,0.8074492857931624,16.577350269189626,unique_starts
2781,440,167,159,11,30,77,1,6.0,5.886792452830188,13,159,11,14.454545454545455,159,301,301,301,-0.30869565217391237,0.002505,0.002905,0.4432001412722737,0.5523326473861818,0.5523326473861818,6.182574185835056,unique_starts
2782,440,175,18,6,10,13,22,24.0,24.166666666666668,25,18,6,3.0,18,15,15,15,0.09090909090908815,0.002505,0.00503,0.4432001412722737,0.7573380297747923,0.7573380297747923,24.316227766016837,unique_starts
2783,440,179,13,6,13,6,17,18.0,18.53846153846154,22,13,6,2.1666666666666665,13,29,29,29,-0.3809523809523719,0.002505,0.00165,0.4432001412722737,0.5689519284458886,0.5689519284458886,18.277350098112613,unique_starts
2784,440,243,38,8,20,19,21,24.0,23.657894736842106,25,38,8,4.75,38,24,24,24,0.22580645161289958,0.002505,0.002845,0.4432001412722737,0.47798288494927843,0.47798288494927843,24.22360679774998,unique_starts
2785,440,251,110,10,27,42,6,13.0,12.763636363636364,19,110,10,11.0,110,223,223,223,-0.3393393393393383,0.002505,0.002675,0.4432001412722737,0.4733873703025864,0.4733873703025864,13.192450089729876,unique_starts
2786,440,259,4,4,4,4,12,12.5,13.75,18,4,4,1.0,4,0,0,0,0.99999999999975,0.002505,0.00102,0.4432001412722737,1.0660615445434947,1.0660615445434947,13.0,unique_starts
2787,440,261,116,9,25,60,1,12.0,10.818965517241379,25,116,9,12.88888888888889,116,92,92,92,0.11538461538461484,0.002505,0.003005,0.4432001412722737,0.3332476057918914,0.4432001412722737,12.2,unique_starts
2788,440,271,86,9,56,15,6,12.0,12.127906976744185,23,86,9,9.555555555555555,86,345,345,345,-0.6009280742459383,0.002505,0.002355,0.4432001412722737,0.46904630509061107,0.46904630509061107,12.133630620956213,unique_starts
2789,440,273,7,3,3,7,22,24.0,24.0,25,7,3,2.3333333333333335,7,8,0,0,0.9999999999998571,0.002505,0.0032,0.4432001412722737,0.505500130278,0.505500130278,24.577350269189626,unique_starts
2790,440,279,112,7,15,43,1,14.0,13.455357142857142,25,112,7,16.0,112,133,133,133,-0.08571428571428537,0.002505,0.00293,0.4432001412722737,0.40818291842784804,0.4432001412722737,14.258198889747161,unique_starts
2791,440,318,373,4,25,52,1,13.0,13.46916890080429,25,373,4,93.25,373,87,87,87,0.6217391304347812,0.002505,0.003055,0.4432001412722737,0.4226365509545472,0.4432001412722737,13.2,unique_starts
2792,440,319,112,14,45,37,15,18.0,18.330357142857142,23,112,14,8.0,112,182,182,182,-0.23809523809523728,0.002505,0.002245,0.4432001412722737,0.4303008855946258,0.4432001412722737,18.149071198499986,unique_starts
2793,440,347,433,12,65,91,8,18.0,17.496535796766743,25,433,12,36.083333333333336,433,67,67,67,0.7319999999999985,0.002505,0.002635,0.4432001412722737,0.42694736380270404,0.4432001412722737,18.12403473458921,unique_starts
2794,440,362,39,6,17,19,22,24.0,24.102564102564102,25,39,6,6.5,39,0,0,0,0.9999999999999744,0.002505,0.002515,0.4432001412722737,0.439699243799817,0.4432001412722737,24.242535625036332,unique_starts
2795,440,371,9,6,7,8,9,10.0,12.11111111111111,18,9,6,1.5,9,1,0,0,0.9999999999998889,0.002505,0.00072,0.4432001412722737,2.0840511964640234,2.0840511964640234,10.377964473009227,unique_starts
2796,440,410,583,20,236,72,6,19.0,18.363636363636363,25,583,20,29.15,583,50,50,50,0.8420221169036322,0.002505,0.002505,0.4432001412722737,0.5908932537877524,0.5908932537877524,19.065094455490414,unique_starts
2797,440,414,675,15,164,117,15,22.0,21.844444444444445,25,675,15,45.0,675,77,77,77,0.7952127659574457,0.002505,0.002705,0.4432001412722737,0.4480758181537895,0.4480758181537895,22.0780868809443,unique_starts
2798,440,429,1465,24,257,203,8,16.0,16.00750853242321,25,1465,24,61.041666666666664,1465,112,112,112,0.8579581483830052,0.002505,0.0033,0.4432001412722737,0.6319999683881292,0.6319999683881292,16.06237828615518,unique_starts
2799,440,432,6,3,3,6,14,15.5,16.833333333333332,25,6,3,2.0,6,123,123,123,-0.9069767441860395,0.002505,0.002895,0.4432001412722737,0.38597465955399696,0.4432001412722737,16.077350269189626,unique_starts
2800,440,463,30,6,21,9,20,22.5,22.533333333333335,25,30,6,5.0,30,0,0,0,0.9999999999999667,0.002505,0.00216,0.4432001412722737,0.5081641748793143,0.5081641748793143,22.71821789023599,unique_starts
2801,440,481,40,4,10,16,9,13.0,12.65,16,40,4,10.0,40,29,29,29,0.15942028985507017,0.002505,0.00295,0.4432001412722737,0.3715708750101002,0.4432001412722737,13.316227766016837,unique_starts
2802,462,3,953,15,260,93,7,18.0,18.24239244491081,25,953,15,63.53333333333333,953,1,0,0,0.9999999999999989,0.00335,0.003565,0.4622577751318516,0.5904218374331804,0.5904218374331804,18.062017367294604,unique_starts
2803,462,16,695,11,113,124,1,8.0,8.339568345323741,19,695,11,63.18181818181818,695,56,56,56,0.8508655126497991,0.00335,0.00306,0.4622577751318516,0.3930741805154096,0.4622577751318516,8.09407208683836,unique_starts
2804,462,39,7,2,7,2,16,19.0,19.285714285714285,23,7,2,3.5,7,340,340,340,-0.9596541786743488,0.00335,0.002705,0.4622577751318516,0.41176789607065134,0.4622577751318516,19.37796447300923,unique_starts
2805,462,46,3562,32,519,385,3,17.0,16.444693992139246,25,3562,32,111.3125,3562,0,0,0,0.9999999999999998,0.00335,0.00281,0.4622577751318516,0.4994811286042713,0.4994811286042713,17.043895128130615,unique_starts
2806,462,109,14,3,6,7,1,3.0,3.2142857142857144,6,14,3,4.666666666666667,14,3,0,0,0.9999999999999286,0.00335,0.002985,0.4622577751318516,0.3581978582570581,0.4622577751318516,3.408248290463863,unique_starts
2807,462,199,14,2,6,4,11,14.5,14.357142857142858,18,14,2,7.0,14,484,484,484,-0.9437751004016045,0.00335,0.00268,0.4622577751318516,0.5690552560543798,0.5690552560543798,14.908248290463863,unique_starts
2808,462,205,10,3,6,5,13,14.0,14.3,16,10,3,3.3333333333333335,10,27,27,27,-0.459459459459447,0.00335,0.00069,0.4622577751318516,0.4815721475373711,0.4815721475373711,14.408248290463863,unique_starts
2809,462,206,176,13,69,52,19,24.0,23.460227272727273,25,176,13,13.538461538461538,176,76,76,76,0.39682539682539525,0.00335,0.002645,0.4622577751318516,0.4388475670472349,0.4622577751318516,24.120385853085768,unique_starts
2810,462,213,77,2,9,17,7,15.0,14.96103896103896,22,77,2,38.5,77,0,0,0,0.9999999999999871,0.00335,0.00257,0.4622577751318516,0.4255281791303589,0.4622577751318516,15.333333333333334,unique_starts
2811,462,238,79,5,22,21,6,11.0,11.253164556962025,16,79,5,15.8,79,609,609,609,-0.7703488372093011,0.00335,0.002405,0.4622577751318516,0.44709407160762304,0.4622577751318516,11.21320071635561,unique_starts
2812,462,252,26,2,12,7,14,22.5,21.53846153846154,25,26,2,13.0,26,129,129,129,-0.6645161290322538,0.00335,0.00348,0.4622577751318516,0.32521551737612986,0.4622577751318516,22.78867513459481,unique_starts
2813,462,266,238,5,72,33,1,7.0,7.222689075630252,16,238,5,47.6,238,12,12,12,0.9039999999999964,0.00335,0.0038,0.4622577751318516,0.6115361362052629,0.6115361362052629,7.117851130197758,unique_starts
2814,462,324,29,3,13,9,1,3.0,3.6551724137931036,8,29,3,9.666666666666666,29,4,0,0,0.9999999999999656,0.00335,0.00328,0.4622577751318516,0.38585339304776145,0.4622577751318516,3.2773500981126147,unique_starts
2815,462,378,396,6,85,45,1,8.0,7.863636363636363,16,396,6,66.0,396,11,11,11,0.9459459459459436,0.00335,0.00272,0.4622577751318516,0.2874139677247253,0.4622577751318516,8.108465228909328,unique_starts
2816,462,404,151,8,39,31,9,15.0,14.95364238410596,24,151,8,18.875,151,181,181,181,-0.09036144578313225,0.00335,0.00219,0.4622577751318516,0.5171261636058332,0.5171261636058332,15.160128153805086,unique_starts
2817,462,406,1595,27,329,238,11,22.0,21.157993730407522,25,1595,27,59.074074074074076,1595,91,91,91,0.8920521945432973,0.00335,0.002805,0.4622577751318516,0.47566766402598537,0.47566766402598537,22.055131784641997,unique_starts
2818,462,430,709,11,164,73,1,13.0,12.79407616361072,25,709,11,64.45454545454545,709,5,0,0,0.9999999999999986,0.00335,0.00263,0.4622577751318516,0.45111919326183225,0.4622577751318516,13.078086880944303,unique_starts
2819,462,487,82,5,48,16,2,12.0,12.378048780487806,25,82,5,16.4,82,95,95,95,-0.0734463276836154,0.00335,0.00309,0.4622577751318516,0.4986519883489159,0.4986519883489159,12.144337567297406,unique_starts
2820,462,494,63,5,18,21,14,20.0,20.253968253968253,25,63,5,12.6,63,614,614,614,-0.813884785819792,0.00335,0.002885,0.4622577751318516,0.4433285498558166,0.4622577751318516,20.235702260395517,unique_starts
2821,463,6,271,19,33,167,1,16.0,12.837638376383763,25,271,19,14.263157894736842,271,0,0,0,0.9999999999999962,0.00216,0.003095,0.5081641748793143,0.5183369733262979,0.5183369733262979,16.1740776559557,unique_starts
2822,463,10,194,12,25,104,11,19.0,18.623711340206185,25,194,12,16.166666666666668,194,0,0,0,0.9999999999999949,0.00216,0.003525,0.5081641748793143,0.49946110985903625,0.5081641748793143,19.2,unique_starts
2823,463,16,10,2,3,6,21,23.0,23.1,25,10,2,5.0,10,0,0,0,0.9999999999999,0.00216,0.00306,0.5081641748793143,0.3930741805154096,0.5081641748793143,23.577350269189626,unique_starts
2824,463,21,3,3,3,3,23,24.0,24.0,25,3,3,1.0,3,193,193,193,-0.9693877551020359,0.00216,0.001335,0.5081641748793143,0.7000075364621832,0.7000075364621832,24.577350269189626,unique_starts
2825,463,24,44,6,9,28,17,23.0,22.5,25,44,6,7.333333333333333,44,0,0,0,0.9999999999999772,0.00216,0.002975,0.5081641748793143,0.4451639107771672,0.5081641748793143,23.333333333333332,unique_starts
2826,463,39,186,17,34,119,7,13.5,13.790322580645162,25,186,17,10.941176470588236,186,0,0,0,0.9999999999999947,0.00216,0.002705,0.5081641748793143,0.41176789607065134,0.5081641748793143,13.671498585142508,unique_starts
2827,463,58,168,24,39,117,1,18.0,14.023809523809524,25,168,24,7.0,168,0,0,0,0.9999999999999941,0.00216,0.0027,0.5081641748793143,0.45943690378043944,0.5081641748793143,18.160128153805086,unique_starts
2828,463,80,9,3,4,8,16,19.0,18.333333333333332,21,9,3,3.0,9,20,20,20,-0.37931034482757314,0.00216,0.003105,0.5081641748793143,0.54911977059455,0.54911977059455,19.5,unique_starts
2829,463,84,59,7,11,38,11,21.0,20.54237288135593,25,59,7,8.428571428571429,59,0,0,0,0.999999999999983,0.00216,0.003185,0.5081641748793143,0.4087675614805981,0.5081641748793143,21.301511344577765,unique_starts
2830,463,98,45,4,6,32,12,21.0,20.177777777777777,25,45,4,11.25,45,0,0,0,0.9999999999999777,0.00216,0.00306,0.5081641748793143,0.34307339056976743,0.5081641748793143,21.408248290463863,unique_starts
2831,463,100,6,2,4,3,22,23.0,22.833333333333332,24,6,2,3.0,6,14,14,14,-0.39999999999998004,0.00216,0.0028,0.5081641748793143,0.4530066985824541,0.5081641748793143,23.5,unique_starts
2832,463,109,45,9,13,27,15,23.0,22.11111111111111,25,45,9,5.0,45,0,0,0,0.9999999999999777,0.00216,0.002985,0.5081641748793143,0.3581978582570581,0.5081641748793143,23.277350098112613,unique_starts
2833,463,115,159,24,40,103,10,14.0,14.39622641509434,23,159,24,6.625,159,0,0,0,0.9999999999999938,0.00216,0.002855,0.5081641748793143,0.4573735327292514,0.5081641748793143,14.158113883008419,unique_starts
2834,463,117,304,28,48,181,4,13.0,12.901315789473685,23,304,28,10.857142857142858,304,0,0,0,0.9999999999999967,0.00216,0.002995,0.5081641748793143,0.4921561459247037,0.5081641748793143,13.144337567297406,unique_starts
2835,463,125,61,6,11,33,11,21.0,19.78688524590164,25,61,6,10.166666666666666,61,0,0,0,0.9999999999999836,0.00216,0.004175,0.5081641748793143,0.3723974808647528,0.5081641748793143,21.301511344577765,unique_starts
2836,463,147,43,3,6,23,16,21.0,21.093023255813954,25,43,3,14.333333333333334,43,0,0,0,0.9999999999999767,0.00216,0.00412,0.5081641748793143,0.4966726365256857,0.5081641748793143,21.408248290463863,unique_starts
2837,463,163,9,4,6,6,19,23.0,21.88888888888889,24,9,4,2.25,9,0,0,0,0.9999999999998889,0.00216,0.000755,0.5081641748793143,0.8074492857931624,0.8074492857931624,23.408248290463863,unique_starts
2838,463,169,204,22,43,136,1,4.0,8.215686274509803,25,204,22,9.272727272727273,204,0,0,0,0.9999999999999951,0.00216,0.003075,0.5081641748793143,0.5191317792488794,0.5191317792488794,4.152498570332605,unique_starts
2839,463,171,22,5,8,14,21,24.0,23.545454545454547,25,22,5,4.4,22,0,0,0,0.9999999999999546,0.00216,0.00343,0.5081641748793143,0.6091865893282263,0.6091865893282263,24.353553390593273,unique_starts
2840,463,176,70,8,14,43,17,23.0,22.65714285714286,25,70,8,8.75,70,0,0,0,0.9999999999999858,0.00216,0.00293,0.5081641748793143,0.4160949662438087,0.5081641748793143,23.267261241912426,unique_starts
2841,463,179,4,4,4,4,25,25.0,25.0,25,4,4,1.0,4,0,0,0,0.99999999999975,0.00216,0.00165,0.5081641748793143,0.5689519284458886,0.5689519284458886,25.5,unique_starts
2842,463,186,16,9,12,11,22,24.0,23.9375,25,16,9,1.7777777777777777,16,178,178,178,-0.8350515463917483,0.00216,0.00126,0.5081641748793143,0.4246314878988181,0.5081641748793143,24.28867513459481,unique_starts
2843,463,199,264,30,56,160,4,12.0,12.912878787878787,23,264,30,8.8,264,0,0,0,0.9999999999999961,0.00216,0.00268,0.5081641748793143,0.5690552560543798,0.5690552560543798,12.133630620956213,unique_starts
2844,463,217,172,12,27,97,1,20.0,18.796511627906977,25,172,12,14.333333333333334,172,0,0,0,0.9999999999999942,0.00216,0.003145,0.5081641748793143,0.5280768414975939,0.5280768414975939,20.192450089729874,unique_starts
2845,463,238,6,2,4,3,11,12.0,12.166666666666666,13,6,2,3.0,6,0,0,0,0.9999999999998334,0.00216,0.002405,0.5081641748793143,0.44709407160762304,0.5081641748793143,12.5,unique_starts
2846,463,243,341,36,71,209,1,4.0,5.299120234604105,25,341,36,9.472222222222221,341,0,0,0,0.999999999999997,0.00216,0.002845,0.5081641748793143,0.47798288494927843,0.5081641748793143,4.118678165819385,unique_starts
2847,463,247,111,6,11,64,8,19.0,18.43243243243243,25,111,6,18.5,111,5,0,0,0.999999999999991,0.00216,0.002885,0.5081641748793143,0.36620018911671115,0.5081641748793143,19.301511344577765,unique_starts
2848,463,252,41,4,7,23,11,22.0,20.78048780487805,25,41,4,10.25,41,0,0,0,0.9999999999999756,0.00216,0.00348,0.5081641748793143,0.32521551737612986,0.5081641748793143,22.37796447300923,unique_starts
2849,463,259,4,2,3,3,23,24.0,24.0,25,4,2,2.0,4,0,0,0,0.99999999999975,0.00216,0.00102,0.5081641748793143,1.0660615445434947,1.0660615445434947,24.577350269189626,unique_starts
2850,463,262,95,4,7,57,1,10.0,11.08421052631579,25,95,4,23.75,95,0,0,0,0.9999999999999896,0.00216,0.00278,0.5081641748793143,0.20145072035126035,0.5081641748793143,10.377964473009227,unique_starts
2851,463,268,13,2,3,9,21,23.0,23.307692307692307,25,13,2,6.5,13,0,0,0,0.9999999999999231,0.00216,0.00255,0.5081641748793143,0.43791978219162725,0.5081641748793143,23.577350269189626,unique_starts
2852,463,281,476,22,48,291,1,7.0,10.15126050420168,25,476,22,21.636363636363637,476,0,0,0,0.9999999999999979,0.00216,0.003665,0.5081641748793143,0.5084243360159619,0.5084243360159619,7.1443375672974065,unique_starts
2853,463,294,20,4,6,14,13,16.0,16.1,19,20,4,5.0,20,9,9,9,0.37931034482757314,0.00216,0.00253,0.5081641748793143,0.42896663505169463,0.5081641748793143,16.408248290463863,unique_starts
2854,463,309,245,21,41,159,7,15.0,15.30204081632653,25,245,21,11.666666666666666,245,0,0,0,0.9999999999999959,0.00216,0.003055,0.5081641748793143,0.48484104579254805,0.5081641748793143,15.156173761888606,unique_starts
2855,463,316,101,10,17,64,9,17.0,17.455445544554454,25,101,10,10.1,101,0,0,0,0.9999999999999901,0.00216,0.0025,0.5081641748793143,0.4490634320386163,0.5081641748793143,17.242535625036332,unique_starts
2856,463,324,35,4,9,23,19,24.0,23.314285714285713,25,35,4,8.75,35,0,0,0,0.9999999999999714,0.00216,0.00328,0.5081641748793143,0.38585339304776145,0.5081641748793143,24.333333333333332,unique_starts
2857,463,335,371,18,37,285,1,14.0,13.080862533692722,25,371,18,20.61111111111111,371,0,0,0,0.9999999999999972,0.00216,0.003265,0.5081641748793143,0.33863745508677673,0.5081641748793143,14.164398987305358,unique_starts
2858,463,371,11,5,7,7,18,21.0,21.272727272727273,24,11,5,2.2,11,0,0,0,0.9999999999999091,0.00216,0.00072,0.5081641748793143,2.0840511964640234,2.0840511964640234,21.37796447300923,unique_starts
2859,463,383,188,21,33,124,1,18.0,16.361702127659573,25,188,21,8.952380952380953,188,22,22,22,0.7904761904761868,0.00216,0.00295,0.5081641748793143,0.47953992323646644,0.5081641748793143,18.1740776559557,unique_starts
2860,463,385,96,10,16,63,9,15.0,15.708333333333334,25,96,10,9.6,96,0,0,0,0.9999999999999897,0.00216,0.00381,0.5081641748793143,0.544885989019332,0.544885989019332,15.25,unique_starts
2861,463,389,115,8,13,76,9,19.0,18.765217391304347,25,115,8,14.375,115,0,0,0,0.9999999999999913,0.00216,0.002875,0.5081641748793143,0.26692962496119355,0.5081641748793143,19.277350098112613,unique_starts
2862,463,402,40,9,14,25,8,15.5,15.1,22,40,9,4.444444444444445,40,0,0,0,0.9999999999999749,0.00216,0.00217,0.5081641748793143,0.45222558449769595,0.5081641748793143,15.767261241912424,unique_starts
2863,463,433,196,18,38,118,1,7.0,10.168367346938776,25,196,18,10.88888888888889,196,0,0,0,0.9999999999999949,0.00216,0.00295,0.5081641748793143,0.4187955072680345,0.5081641748793143,7.162221421130763,unique_starts
2864,463,462,34,9,13,26,19,24.0,23.647058823529413,25,34,9,3.7777777777777777,34,0,0,0,0.9999999999999706,0.00216,0.00335,0.5081641748793143,0.4622577751318516,0.5081641748793143,24.277350098112613,unique_starts
2865,463,494,120,14,22,74,11,15.0,15.483333333333333,22,120,14,8.571428571428571,120,0,0,0,0.9999999999999917,0.00216,0.002885,0.5081641748793143,0.4433285498558166,0.5081641748793143,15.21320071635561,unique_starts
2866,474,7,37,3,5,24,1,7.0,6.702702702702703,13,37,3,12.333333333333334,37,46,46,46,-0.10843373493975773,0.002335,0.00345,0.47326325022320526,0.473565075387291,0.473565075387291,7.447213595499958,unique_starts
2867,474,21,21,4,21,4,15,19.0,19.0,23,21,4,5.25,21,0,0,0,0.9999999999999525,0.002335,0.001335,0.47326325022320526,0.7000075364621832,0.7000075364621832,19.21821789023599,unique_starts
2868,474,24,247,6,31,65,1,16.0,16.668016194331983,25,247,6,41.166666666666664,247,0,0,0,0.999999999999996,0.002335,0.002975,0.47326325022320526,0.4451639107771672,0.47326325022320526,16.179605302026776,unique_starts
2869,474,39,12,5,9,8,1,4.5,12.0,25,12,5,2.4,12,0,0,0,0.9999999999999166,0.002335,0.002705,0.47326325022320526,0.41176789607065134,0.47326325022320526,4.833333333333333,unique_starts
2870,474,58,207,5,28,37,1,10.0,10.222222222222221,25,207,5,41.4,207,0,0,0,0.9999999999999952,0.002335,0.0027,0.47326325022320526,0.45943690378043944,0.47326325022320526,10.188982236504614,unique_starts
2871,474,77,73,5,13,29,8,13.0,13.123287671232877,18,73,5,14.6,73,22,22,22,0.5368421052631522,0.002335,0.00234,0.47326325022320526,0.4473317645634032,0.47326325022320526,13.277350098112615,unique_starts
2872,474,84,405,12,74,74,1,19.0,17.896296296296295,25,405,12,33.75,405,108,108,108,0.5789473684210514,0.002335,0.003185,0.47326325022320526,0.4087675614805981,0.47326325022320526,19.11624763874382,unique_starts
2873,474,88,232,6,33,43,1,7.0,7.271551724137931,25,232,6,38.666666666666664,232,81,81,81,0.4824281150159729,0.002335,0.00285,0.47326325022320526,0.3243399356820196,0.47326325022320526,7.174077655955698,unique_starts
2874,474,98,24,2,8,6,18,21.0,21.333333333333332,24,24,2,12.0,24,0,0,0,0.9999999999999584,0.002335,0.00306,0.47326325022320526,0.34307339056976743,0.47326325022320526,21.353553390593273,unique_starts
2875,474,115,41,5,16,15,1,6.0,9.341463414634147,25,41,5,8.2,41,19,19,19,0.36666666666666053,0.002335,0.002855,0.47326325022320526,0.4573735327292514,0.47326325022320526,6.25,unique_starts
2876,474,121,34,6,24,8,16,21.0,21.176470588235293,25,34,6,5.666666666666667,34,0,0,0,0.9999999999999706,0.002335,0.00212,0.47326325022320526,0.4790562634901327,0.4790562634901327,21.20412414523193,unique_starts
2877,474,125,218,4,25,44,1,8.0,9.082568807339449,22,218,4,54.5,218,60,60,60,0.5683453237410051,0.002335,0.004175,0.47326325022320526,0.3723974808647528,0.47326325022320526,8.2,unique_starts
2878,474,139,14,2,8,4,20,23.5,23.142857142857142,25,14,2,7.0,14,0,0,0,0.9999999999999286,0.002335,0.00315,0.47326325022320526,0.5763001546805818,0.5763001546805818,23.853553390593273,unique_starts
2879,474,143,180,6,29,56,1,11.0,11.444444444444445,25,180,6,30.0,180,69,69,69,0.4457831325301187,0.002335,0.003425,0.47326325022320526,0.4310573077101274,0.47326325022320526,11.185695338177052,unique_starts
2880,474,147,200,6,42,47,10,21.0,20.755,25,200,6,33.333333333333336,200,78,78,78,0.43884892086330773,0.002335,0.00412,0.47326325022320526,0.4966726365256857,0.4966726365256857,21.154303349962092,unique_starts
2881,474,163,5,2,5,2,1,3.0,9.0,20,5,2,2.5,5,0,0,0,0.9999999999997999,0.002335,0.000755,0.47326325022320526,0.8074492857931624,0.8074492857931624,3.447213595499958,unique_starts
2882,474,169,106,10,59,27,15,21.0,20.641509433962263,25,106,10,10.6,106,0,0,0,0.9999999999999906,0.002335,0.003075,0.47326325022320526,0.5191317792488794,0.5191317792488794,21.130188910980824,unique_starts
2883,474,179,63,12,60,13,7,13.0,13.285714285714286,21,63,12,5.25,63,0,0,0,0.9999999999999841,0.002335,0.00165,0.47326325022320526,0.5689519284458886,0.5689519284458886,13.12909944487358,unique_starts
2884,474,199,54,3,11,15,3,11.0,14.277777777777779,25,54,3,18.0,54,0,0,0,0.9999999999999815,0.002335,0.00268,0.47326325022320526,0.5690552560543798,0.5690552560543798,11.301511344577763,unique_starts
2885,474,217,861,21,131,157,1,9.0,9.197444831591174,25,861,21,41.0,861,0,0,0,0.9999999999999988,0.002335,0.003145,0.47326325022320526,0.5280768414975939,0.5280768414975939,9.087370405666103,unique_starts
2886,474,224,99,3,13,34,15,22.0,21.404040404040405,25,99,3,33.0,99,588,588,588,-0.7117903930130994,0.002335,0.003435,0.47326325022320526,0.5524327933598494,0.5524327933598494,22.277350098112613,unique_starts
2887,474,243,128,6,24,28,2,16.5,16.078125,25,128,6,21.333333333333332,128,0,0,0,0.9999999999999922,0.002335,0.002845,0.47326325022320526,0.47798288494927843,0.47798288494927843,16.70412414523193,unique_starts
2888,474,251,36,4,11,17,19,24.0,23.305555555555557,25,36,4,9.0,36,2,0,0,0.9999999999999721,0.002335,0.002675,0.47326325022320526,0.4733873703025864,0.4733873703025864,24.301511344577765,unique_starts
2889,474,261,38,3,5,20,1,6.0,7.105263157894737,25,38,3,12.666666666666666,38,0,0,0,0.9999999999999737,0.002335,0.003005,0.47326325022320526,0.3332476057918914,0.47326325022320526,6.447213595499958,unique_starts
2890,474,266,27,2,6,13,17,23.0,22.25925925925926,25,27,2,13.5,27,41,41,41,-0.20588235294117346,0.002335,0.0038,0.47326325022320526,0.6115361362052629,0.6115361362052629,23.408248290463863,unique_starts
2891,474,273,85,5,23,21,16,22.0,21.91764705882353,25,85,5,17.0,85,0,0,0,0.9999999999999883,0.002335,0.0032,0.47326325022320526,0.505500130278,0.505500130278,22.208514414057074,unique_starts
2892,474,279,258,8,40,55,1,8.0,8.608527131782946,22,258,8,32.25,258,117,117,117,0.375999999999999,0.002335,0.00293,0.47326325022320526,0.40818291842784804,0.47326325022320526,8.158113883008419,unique_starts
2893,474,309,30,2,14,4,1,5.0,5.1,10,30,2,15.0,30,15,15,15,0.33333333333332593,0.002335,0.003055,0.47326325022320526,0.48484104579254805,0.48484104579254805,5.267261241912425,unique_starts
2894,474,316,39,2,9,8,1,7.0,7.17948717948718,25,39,2,19.5,39,57,57,57,-0.18749999999999806,0.002335,0.0025,0.47326325022320526,0.4490634320386163,0.47326325022320526,7.333333333333333,unique_starts
2895,474,319,138,12,62,26,11,18.0,17.891304347826086,25,138,12,11.5,138,0,0,0,0.9999999999999928,0.002335,0.002245,0.47326325022320526,0.4303008855946258,0.47326325022320526,18.12700012700019,unique_starts
2896,474,383,17,2,4,13,4,8.0,8.470588235294118,14,17,2,8.5,17,0,0,0,0.9999999999999413,0.002335,0.00295,0.47326325022320526,0.47953992323646644,0.47953992323646644,8.5,unique_starts
2897,474,385,842,16,128,179,1,7.0,8.058194774346793,25,842,16,52.625,842,363,363,363,0.3975103734439831,0.002335,0.00381,0.47326325022320526,0.544885989019332,0.544885989019332,7.088388347648318,unique_starts
2898,474,389,281,7,43,66,1,7.0,8.163701067615659,21,281,7,40.142857142857146,281,65,65,65,0.624277456647397,0.002335,0.002875,0.47326325022320526,0.26692962496119355,0.47326325022320526,7.152498570332605,unique_starts
2899,474,402,229,12,56,73,1,11.0,13.799126637554584,25,229,12,19.083333333333332,229,374,374,374,-0.24046434494195648,0.002335,0.00217,0.47326325022320526,0.45222558449769595,0.47326325022320526,11.133630620956213,unique_starts
2900,474,432,221,9,48,59,1,21.0,19.683257918552037,25,221,9,24.555555555555557,221,54,54,54,0.607272727272725,0.002335,0.002895,0.47326325022320526,0.38597465955399696,0.47326325022320526,21.144337567297406,unique_starts
2901,474,463,13,3,9,5,17,19.0,20.53846153846154,25,13,3,4.333333333333333,13,0,0,0,0.9999999999999231,0.002335,0.00216,0.47326325022320526,0.5081641748793143,0.5081641748793143,19.333333333333332,unique_starts
2902,481,2,598,5,74,74,9,19.0,18.83277591973244,25,598,5,119.6,598,778,778,778,-0.13081395348837202,0.00295,0.00384,0.3715708750101002,0.49557695833984555,0.49557695833984555,19.11624763874382,unique_starts
2903,481,6,73,2,51,6,9,16.0,15.931506849315069,25,73,2,36.5,73,47,47,47,0.21666666666666487,0.00295,0.003095,0.3715708750101002,0.5183369733262979,0.5183369733262979,16.1400280084028,unique_starts
2904,481,7,13,2,3,11,10,15.0,14.76923076923077,20,13,2,6.5,13,0,0,0,0.9999999999999231,0.00295,0.00345,0.3715708750101002,0.473565075387291,0.473565075387291,15.577350269189626,unique_starts
2905,481,21,59,3,59,5,2,10.0,11.101694915254237,25,59,3,19.666666666666668,59,88,88,88,-0.19727891156462452,0.00295,0.001335,0.3715708750101002,0.7000075364621832,0.7000075364621832,10.130188910980824,unique_starts
2906,481,28,89,4,18,19,10,19.0,18.292134831460675,24,89,4,22.25,89,0,0,0,0.9999999999999888,0.00295,0.002415,0.3715708750101002,0.42854134755998907,0.42854134755998907,19.235702260395517,unique_starts
2907,481,139,39,2,13,6,13,17.0,17.53846153846154,23,39,2,19.5,39,0,0,0,0.9999999999999744,0.00295,0.00315,0.3715708750101002,0.5763001546805818,0.5763001546805818,17.277350098112613,unique_starts
2908,481,175,349,7,72,49,9,17.0,16.845272206303726,25,349,7,49.857142857142854,349,536,536,536,-0.21129943502824836,0.00295,0.00503,0.3715708750101002,0.7573380297747923,0.7573380297747923,17.117851130197757,unique_starts
2909,481,179,85,5,85,6,2,9.0,11.235294117647058,25,85,5,17.0,85,54,54,54,0.22302158273381134,0.00295,0.00165,0.3715708750101002,0.5689519284458886,0.5689519284458886,9.108465228909328,unique_starts
2910,481,196,125,4,20,16,11,19.0,18.496,25,125,4,31.25,125,18,0,0,0.999999999999992,0.00295,0.00287,0.3715708750101002,0.36280201708894627,0.3715708750101002,19.22360679774998,unique_starts
2911,481,222,7,4,6,5,22,25.0,24.142857142857142,25,7,4,1.75,7,0,0,0,0.9999999999998571,0.00295,0.00284,0.3715708750101002,0.4041667145429749,0.4041667145429749,25.408248290463863,unique_starts
2912,481,261,314,5,28,38,1,14.0,14.054140127388536,25,314,5,62.8,314,105,105,105,0.49880668257756444,0.00295,0.003005,0.3715708750101002,0.3332476057918914,0.3715708750101002,14.188982236504614,unique_starts
2913,481,271,13,3,13,3,17,23.0,21.923076923076923,25,13,3,4.333333333333333,13,0,0,0,0.9999999999999231,0.00295,0.002355,0.3715708750101002,0.46904630509061107,0.46904630509061107,23.277350098112613,unique_starts
2914,481,319,483,12,211,39,3,11.0,12.113871635610765,25,483,12,40.25,483,386,386,386,0.11162255466052921,0.00295,0.002245,0.3715708750101002,0.4303008855946258,0.4303008855946258,11.068842839082151,unique_starts
2915,481,410,12,3,12,3,18,23.0,22.416666666666668,25,12,3,4.0,12,16,16,16,-0.14285714285713777,0.00295,0.002505,0.3715708750101002,0.5908932537877524,0.5908932537877524,23.28867513459481,unique_starts
2916,481,429,85,4,23,17,17,23.0,22.576470588235296,25,85,4,21.25,85,48,48,48,0.27819548872180244,0.00295,0.0033,0.3715708750101002,0.6319999683881292,0.6319999683881292,23.208514414057074,unique_starts
2917,481,440,29,4,14,14,8,10.0,10.068965517241379,13,29,4,7.25,29,40,40,40,-0.15942028985507017,0.00295,0.002505,0.3715708750101002,0.4432001412722737,0.4432001412722737,10.267261241912424,unique_starts
2918,481,463,30,3,30,3,8,14.0,14.3,23,30,3,10.0,30,0,0,0,0.9999999999999667,0.00295,0.00216,0.3715708750101002,0.5081641748793143,0.5081641748793143,14.182574185835055,unique_starts
2919,485,8,66,5,22,15,1,8.0,7.757575757575758,14,66,5,13.2,66,37,37,37,0.2815533980582497,0.002155,0.00305,0.43599835801952425,0.5406985617322061,0.5406985617322061,8.21320071635561,unique_starts
2920,485,21,7,2,7,2,20,23.0,22.714285714285715,25,7,2,3.5,7,9,9,9,-0.1249999999999922,0.002155,0.001335,0.43599835801952425,0.7000075364621832,0.7000075364621832,23.37796447300923,unique_starts
2921,485,22,342,9,48,68,6,16.0,15.821637426900585,24,342,9,38.0,342,11,11,11,0.9376770538243598,0.002155,0.00375,0.43599835801952425,0.6446610524678009,0.6446610524678009,16.144337567297406,unique_starts
2922,485,43,71,7,31,20,20,24.0,23.492957746478872,25,71,7,10.142857142857142,71,0,0,0,0.999999999999986,0.002155,0.00192,0.43599835801952425,0.4331654262548746,0.43599835801952425,24.179605302026776,unique_starts
2923,485,50,258,6,25,73,11,20.0,19.906976744186046,25,258,6,43.0,258,72,0,0,0.999999999999996,0.002155,0.00344,0.43599835801952425,0.4362745814366093,0.4362745814366093,20.2,unique_starts
2924,485,79,152,8,47,32,1,7.0,6.842105263157895,14,152,8,19.0,152,168,168,168,-0.04999999999999984,0.002155,0.003325,0.43599835801952425,0.5566279042981374,0.5566279042981374,7.145864991497895,unique_starts
2925,485,88,8,2,3,5,22,24.0,23.875,25,8,2,4.0,8,0,0,0,0.999999999999875,0.002155,0.00285,0.43599835801952425,0.3243399356820196,0.43599835801952425,24.577350269189626,unique_starts
2926,485,100,277,7,35,67,2,15.0,14.465703971119133,25,277,7,39.57142857142857,277,523,523,523,-0.3074999999999996,0.002155,0.0028,0.43599835801952425,0.4530066985824541,0.4530066985824541,15.169030850945703,unique_starts
2927,485,144,52,2,10,11,12,19.0,19.03846153846154,25,52,2,26.0,52,10,0,0,0.9999999999999807,0.002155,0.00326,0.43599835801952425,0.4284130917563028,0.43599835801952425,19.316227766016837,unique_starts
2928,485,149,36,4,26,16,3,7.0,7.694444444444445,15,36,4,9.0,36,49,49,49,-0.15294117647058644,0.002155,0.002245,0.43599835801952425,0.4477196573186491,0.4477196573186491,7.196116135138184,unique_starts
2929,485,163,7,2,7,2,6,9.0,10.428571428571429,17,7,2,3.5,7,14,14,14,-0.3333333333333175,0.002155,0.000755,0.43599835801952425,0.8074492857931624,0.8074492857931624,9.377964473009227,unique_starts
2930,485,164,42,9,20,29,12,22.0,20.904761904761905,25,42,9,4.666666666666667,42,456,456,456,-0.8313253012048176,0.002155,0.002755,0.43599835801952425,0.46236208579247506,0.46236208579247506,22.22360679774998,unique_starts
2931,485,167,51,4,13,20,1,6.0,5.686274509803922,11,51,4,12.75,51,0,0,0,0.9999999999999803,0.002155,0.002905,0.43599835801952425,0.5523326473861818,0.5523326473861818,6.277350098112614,unique_starts
2932,485,179,38,8,38,8,19,22.5,22.473684210526315,25,38,8,4.75,38,0,0,0,0.9999999999999737,0.002155,0.00165,0.43599835801952425,0.5689519284458886,0.5689519284458886,22.662221421130763,unique_starts
2933,485,186,49,8,34,13,18,22.0,21.775510204081634,25,49,8,6.125,49,13,13,13,0.5806451612903132,0.002155,0.00126,0.43599835801952425,0.4246314878988181,0.43599835801952425,22.17149858514251,unique_starts
2934,485,229,91,4,13,25,1,19.0,18.483516483516482,25,91,4,22.75,91,0,0,0,0.9999999999999891,0.002155,0.00306,0.43599835801952425,0.23617874098724062,0.43599835801952425,19.277350098112613,unique_starts
2935,485,230,612,21,137,118,1,7.0,7.511437908496732,19,612,21,29.142857142857142,612,67,67,67,0.8026509572901314,0.002155,0.00344,0.43599835801952425,0.5276863910046072,0.5276863910046072,7.085435765771676,unique_starts
2936,485,248,17,7,16,9,23,24.0,24.294117647058822,25,17,7,2.4285714285714284,17,16,16,16,0.030303030303029384,0.002155,0.002135,0.43599835801952425,0.4551679911609592,0.4551679911609592,24.25,unique_starts
2937,485,251,39,4,16,12,14,18.0,18.435897435897434,23,39,4,9.75,39,0,0,0,0.9999999999999744,0.002155,0.002675,0.43599835801952425,0.4733873703025864,0.4733873703025864,18.25,unique_starts
2938,485,271,107,14,66,30,16,20.0,20.261682242990656,25,107,14,7.642857142857143,107,158,158,158,-0.1924528301886785,0.002155,0.002355,0.43599835801952425,0.46904630509061107,0.46904630509061107,20.123091490979334,unique_starts
2939,485,273,16,3,16,3,16,19.5,19.6875,24,16,3,5.333333333333333,16,17,0,0,0.9999999999999376,0.002155,0.0032,0.43599835801952425,0.505500130278,0.505500130278,19.75,unique_starts
2940,485,288,198,4,21,40,8,18.5,18.424242424242426,25,198,4,49.5,198,0,0,0,0.999999999999995,0.002155,0.002855,0.43599835801952425,0.3565540314868625,0.43599835801952425,18.71821789023599,unique_starts
2941,485,315,166,10,67,48,1,6.0,5.9879518072289155,12,166,10,16.6,166,107,107,107,0.2161172161172153,0.002155,0.00307,0.43599835801952425,0.5338410601299857,0.5338410601299857,6.122169444356305,unique_starts
2942,485,371,29,4,29,4,6,14.0,14.931034482758621,25,29,4,7.25,29,1,0,0,0.9999999999999656,0.002155,0.00072,0.43599835801952425,2.0840511964640234,2.0840511964640234,14.185695338177052,unique_starts
2943,485,398,136,3,19,30,11,22.0,21.066176470588236,25,136,3,45.333333333333336,136,31,31,31,0.6287425149700562,0.002155,0.00324,0.43599835801952425,0.4886541548049501,0.4886541548049501,22.22941573387056,unique_starts
2944,485,410,20,3,8,10,16,23.5,22.2,25,20,3,6.666666666666667,20,694,694,694,-0.9439775910364132,0.002155,0.002505,0.43599835801952425,0.5908932537877524,0.5908932537877524,23.853553390593273,unique_starts
2945,485,463,7,4,6,5,24,25.0,24.714285714285715,25,7,4,1.75,7,10,0,0,0.9999999999998571,0.002155,0.00216,0.43599835801952425,0.5081641748793143,0.5081641748793143,25.408248290463863,unique_starts
2946,485,494,12,2,6,4,1,3.5,4.25,9,12,2,6.0,12,5,0,0,0.9999999999999166,0.002155,0.002885,0.43599835801952425,0.4433285498558166,0.4433285498558166,3.908248290463863,unique_starts
2947,487,3,608,19,96,228,1,10.0,10.194078947368421,18,608,19,32.0,608,1322,1322,1322,-0.36994818652849726,0.00309,0.003565,0.4986519883489159,0.5904218374331804,0.5904218374331804,10.102062072615965,unique_starts
2948,487,16,1637,19,214,188,1,10.0,10.502138057422114,25,1637,19,86.15789473684211,1637,570,570,570,0.4834617127322155,0.00309,0.00306,0.4986519883489159,0.3930741805154096,0.4986519883489159,10.068358592702467,unique_starts
2949,487,39,342,17,114,91,13,23.0,22.350877192982455,25,342,17,20.11764705882353,342,272,272,272,0.11400651465798027,0.00309,0.002705,0.4986519883489159,0.41176789607065134,0.4986519883489159,23.09365858115817,unique_starts
2950,487,46,72,6,28,26,1,5.5,5.458333333333333,11,72,6,12.0,72,239,239,239,-0.536977491961413,0.00309,0.00281,0.4986519883489159,0.4994811286042713,0.4994811286042713,5.688982236504613,unique_starts
2951,487,109,73,9,25,34,1,5.0,4.931506849315069,11,73,9,8.11111111111111,73,63,63,63,0.07352941176470534,0.00309,0.002985,0.4986519883489159,0.3581978582570581,0.4986519883489159,5.2,unique_starts
2952,487,140,946,17,145,187,1,8.0,8.219873150105709,19,946,17,55.64705882352941,946,47,47,47,0.9053373615307141,0.00309,0.00296,0.4986519883489159,0.4551836186304672,0.4986519883489159,8.08304547985374,unique_starts
2953,487,163,25,6,17,10,1,3.0,2.84,5,25,6,4.166666666666667,25,0,0,0,0.99999999999996,0.00309,0.000755,0.4986519883489159,0.8074492857931624,0.8074492857931624,3.242535625036333,unique_starts
2954,487,169,7,2,4,4,23,25.0,24.428571428571427,25,7,2,3.5,7,32,32,32,-0.6410256410256245,0.00309,0.003075,0.4986519883489159,0.5191317792488794,0.5191317792488794,25.5,unique_starts
2955,487,176,5,3,5,3,23,25.0,24.4,25,5,3,1.6666666666666667,5,498,498,498,-0.9801192842942326,0.00309,0.00293,0.4986519883489159,0.4160949662438087,0.4986519883489159,25.447213595499957,unique_starts
2956,487,199,204,8,59,41,15,22.0,21.504901960784313,25,204,8,25.5,204,317,317,317,-0.2168905950095965,0.00309,0.00268,0.4986519883489159,0.5690552560543798,0.5690552560543798,22.130188910980824,unique_starts
2957,487,205,20,3,11,7,4,11.0,10.3,16,20,3,6.666666666666667,20,6,6,6,0.5384615384615178,0.00309,0.00069,0.4986519883489159,0.4815721475373711,0.4986519883489159,11.301511344577763,unique_starts
2958,487,206,427,15,82,146,12,20.0,20.152224824355972,25,427,15,28.466666666666665,427,1934,1934,1934,-0.6382888606522658,0.00309,0.002645,0.4986519883489159,0.4388475670472349,0.4986519883489159,20.110431526074848,unique_starts
2959,487,238,222,7,52,43,12,20.0,20.144144144144143,25,222,7,31.714285714285715,222,24,0,0,0.9999999999999956,0.00309,0.002405,0.4986519883489159,0.44709407160762304,0.4986519883489159,20.138675049056307,unique_starts
2960,487,252,28,2,11,8,19,23.0,22.75,25,28,2,14.0,28,17,17,17,0.244444444444439,0.00309,0.00348,0.4986519883489159,0.32521551737612986,0.4986519883489159,23.301511344577765,unique_starts
2961,487,259,29,6,23,10,5,8.0,8.03448275862069,11,29,6,4.833333333333333,29,2,0,0,0.9999999999999656,0.00309,0.00102,0.4986519883489159,1.0660615445434947,1.0660615445434947,8.208514414057074,unique_starts
2962,487,262,501,3,35,81,1,16.0,15.415169660678643,25,501,3,167.0,501,348,348,348,0.1802120141342754,0.00309,0.00278,0.4986519883489159,0.20145072035126035,0.4986519883489159,16.169030850945703,unique_starts
2963,487,266,484,11,92,82,1,7.0,7.198347107438017,15,484,11,44.0,484,217,217,217,0.3808844507845929,0.00309,0.0038,0.4986519883489159,0.6115361362052629,0.6115361362052629,7.104257207028537,unique_starts
2964,487,294,14,4,8,9,22,24.0,23.857142857142858,25,14,4,3.5,14,0,0,0,0.9999999999999286,0.00309,0.00253,0.4986519883489159,0.42896663505169463,0.4986519883489159,24.353553390593273,unique_starts
2965,487,328,3029,42,445,425,2,15.0,15.211290855067679,25,3029,42,72.11904761904762,3029,22,22,22,0.9855784988528349,0.00309,0.00278,0.4986519883489159,0.4295227114706557,0.4986519883489159,15.047404546313997,unique_starts
2966,487,371,11,3,9,4,1,3.0,8.545454545454545,21,11,3,3.6666666666666665,11,0,0,0,0.9999999999999091,0.00309,0.00072,0.4986519883489159,2.0840511964640234,2.0840511964640234,3.3333333333333335,unique_starts
2967,487,383,42,3,13,9,16,22.0,21.69047619047619,25,42,3,14.0,42,0,0,0,0.9999999999999761,0.00309,0.00295,0.4986519883489159,0.47953992323646644,0.4986519883489159,22.277350098112613,unique_starts
2968,487,404,907,23,198,168,12,21.0,20.93715545755237,25,907,23,39.43478260869565,907,22,22,22,0.9526372443487611,0.00309,0.00219,0.4986519883489159,0.5171261636058332,0.5171261636058332,21.07106690545187,unique_starts
2969,487,406,340,14,61,115,5,15.0,14.947058823529412,21,340,14,24.285714285714285,340,2009,2009,2009,-0.7105151128139631,0.00309,0.002805,0.4986519883489159,0.47566766402598537,0.4986519883489159,15.128036879932896,unique_starts
2970,487,430,339,16,87,124,1,4.0,4.064896755162242,10,339,16,21.1875,339,48,48,48,0.751937984496122,0.00309,0.00263,0.4986519883489159,0.45111919326183225,0.4986519883489159,4.107211253483779,unique_starts
2971,487,462,95,5,19,23,1,7.0,7.0,12,95,5,19.0,95,82,82,82,0.0734463276836154,0.00309,0.00335,0.4986519883489159,0.4622577751318516,0.4986519883489159,7.229415733870562,unique_starts
2972,487,485,15,2,6,5,17,20.0,20.533333333333335,25,15,2,7.5,15,0,0,0,0.9999999999999333,0.00309,0.002155,0.4986519883489159,0.43599835801952425,0.4986519883489159,20.408248290463863,unique_starts
2973,487,494,471,22,99,159,11,20.0,19.872611464968152,25,471,22,21.40909090909091,471,227,227,227,0.34957020057306537,0.00309,0.002885,0.4986519883489159,0.4433285498558166,0.4986519883489159,20.100503781525923,unique_starts
2974,494,3,4,2,3,3,24,25.0,24.75,25,4,2,2.0,4,0,0,0,0.99999999999975,0.002885,0.003565,0.4433285498558166,0.5904218374331804,0.5904218374331804,25.577350269189626,unique_starts
2975,494,16,1078,7,86,128,1,16.0,15.54730983302412,25,1078,7,154.0,1078,454,454,454,0.40731070496083527,0.002885,0.00306,0.4433285498558166,0.3930741805154096,0.4433285498558166,16.107832773203437,unique_starts
2976,494,21,34,6,34,6,11,17.0,17.647058823529413,25,34,6,5.666666666666667,34,39,39,39,-0.06849315068493057,0.002885,0.001335,0.4433285498558166,0.7000075364621832,0.7000075364621832,17.17149858514251,unique_starts
2977,494,22,17,2,8,6,20,24.0,23.294117647058822,25,17,2,8.5,17,148,148,148,-0.7939393939393892,0.002885,0.00375,0.4433285498558166,0.6446610524678009,0.6446610524678009,24.353553390593273,unique_starts
2978,494,39,438,13,95,60,1,9.0,9.312785388127853,25,438,13,33.69230769230769,438,73,73,73,0.7142857142857129,0.002885,0.002705,0.4433285498558166,0.41176789607065134,0.4433285498558166,9.102597835208515,unique_starts
2979,494,46,85,7,31,31,20,24.0,23.576470588235296,25,85,7,12.142857142857142,85,0,0,0,0.9999999999999883,0.002885,0.00281,0.4433285498558166,0.4994811286042713,0.4994811286042713,24.179605302026776,unique_starts
2980,494,109,183,4,30,57,1,13.0,12.519125683060109,25,183,4,45.75,183,424,424,424,-0.3970345963756171,0.002885,0.002985,0.4433285498558166,0.3581978582570581,0.4433285498558166,13.182574185835055,unique_starts
2981,494,117,125,4,34,26,1,6.0,6.304,15,125,4,31.25,125,72,72,72,0.2690355329949225,0.002885,0.002995,0.4433285498558166,0.4921561459247037,0.4921561459247037,6.171498585142508,unique_starts
2982,494,121,165,18,103,35,15,21.0,20.73939393939394,25,165,18,9.166666666666666,165,0,0,0,0.999999999999994,0.002885,0.00212,0.4433285498558166,0.4790562634901327,0.4790562634901327,21.09853292781643,unique_starts
2983,494,139,111,7,37,37,19,24.0,23.414414414414413,25,111,7,15.857142857142858,111,34,34,34,0.5310344827586171,0.002885,0.00315,0.4433285498558166,0.5763001546805818,0.5763001546805818,24.164398987305358,unique_starts
2984,494,140,7,2,2,7,19,20.0,20.571428571428573,23,7,2,3.5,7,0,0,0,0.9999999999998571,0.002885,0.00296,0.4433285498558166,0.4551836186304672,0.4551836186304672,20.707106781186546,unique_starts
2985,494,163,64,6,34,10,1,14.0,14.375,25,64,6,10.666666666666666,64,123,123,123,-0.31550802139037265,0.002885,0.000755,0.4433285498558166,0.8074492857931624,0.8074492857931624,14.171498585142508,unique_starts
2986,494,169,1154,27,217,172,1,11.0,11.402946273830157,24,1154,27,42.74074074074074,1154,314,314,314,0.5722070844686645,0.002885,0.003075,0.4433285498558166,0.5191317792488794,0.5191317792488794,11.067884423330213,unique_starts
2987,494,176,233,6,29,51,1,10.0,10.51931330472103,24,233,6,38.833333333333336,233,1,0,0,0.9999999999999958,0.002885,0.00293,0.4433285498558166,0.4160949662438087,0.4433285498558166,10.185695338177052,unique_starts
2988,494,179,54,9,54,11,11,16.5,16.90740740740741,25,54,9,6.0,54,60,60,60,-0.05263157894736796,0.002885,0.00165,0.4433285498558166,0.5689519284458886,0.5689519284458886,16.636082763487956,unique_starts
2989,494,186,74,13,74,14,11,15.5,16.08108108108108,24,74,13,5.6923076923076925,74,19,19,19,0.5913978494623593,0.002885,0.00126,0.4433285498558166,0.4246314878988181,0.4433285498558166,15.61624763874382,unique_starts
2990,494,199,140,7,30,34,1,10.0,12.164285714285715,25,140,7,20.0,140,1290,1290,1290,-0.8041958041958037,0.002885,0.00268,0.4433285498558166,0.5690552560543798,0.5690552560543798,10.182574185835055,unique_starts
2991,494,205,19,2,19,2,13,21.0,20.526315789473685,25,19,2,9.5,19,139,139,139,-0.7594936708860711,0.002885,0.00069,0.4433285498558166,0.4815721475373711,0.4815721475373711,21.22941573387056,unique_starts
2992,494,217,11,2,5,5,22,24.0,24.09090909090909,25,11,2,5.5,11,109,109,109,-0.8166666666666599,0.002885,0.003145,0.4433285498558166,0.5280768414975939,0.5280768414975939,24.447213595499957,unique_starts
2993,494,238,28,2,10,9,1,4.5,4.535714285714286,9,28,2,14.0,28,204,204,204,-0.7586206896551692,0.002885,0.002405,0.4433285498558166,0.44709407160762304,0.44709407160762304,4.816227766016838,unique_starts
2994,494,243,273,16,85,76,18,23.0,22.802197802197803,25,273,16,17.0625,273,39,39,39,0.7499999999999976,0.002885,0.002845,0.4433285498558166,0.47798288494927843,0.47798288494927843,23.108465228909328,unique_starts
2995,494,248,157,20,115,29,14,20.0,20.076433121019107,25,157,20,7.85,157,88,88,88,0.28163265306122337,0.002885,0.002135,0.4433285498558166,0.4551679911609592,0.4551679911609592,20.093250480824032,unique_starts
2996,494,252,934,12,77,188,1,18.0,16.654175588865098,25,934,12,77.83333333333333,934,13,0,0,0.9999999999999989,0.002885,0.00348,0.4433285498558166,0.32521551737612986,0.4433285498558166,18.11396057645964,unique_starts
2997,494,259,45,5,23,8,13,21.0,20.022222222222222,25,45,5,9.0,45,101,101,101,-0.3835616438356138,0.002885,0.00102,0.4433285498558166,1.0660615445434947,1.0660615445434947,21.208514414057074,unique_starts
2998,494,266,45,4,10,22,15,22.0,21.68888888888889,25,45,4,11.25,45,313,313,313,-0.7486033519553051,0.002885,0.0038,0.4433285498558166,0.6115361362052629,0.6115361362052629,22.316227766016837,unique_starts
2999,494,273,260,16,86,75,17,23.0,22.473076923076924,25,260,16,16.25,260,52,52,52,0.6666666666666645,0.002885,0.0032,0.4433285498558166,0.505500130278,0.505500130278,23.107832773203437,unique_starts
3000,494,294,327,9,62,57,1,9.0,8.697247706422019,17,327,9,36.333333333333336,327,0,0,0,0.9999999999999969,0.002885,0.00253,0.4433285498558166,0.42896663505169463,0.4433285498558166,9.12700012700019,unique_starts
3001,494,328,20,4,10,14,21,24.0,23.95,25,20,4,5.0,20,1044,1044,1044,-0.9624060150375932,0.002885,0.00278,0.4433285498558166,0.4295227114706557,0.4433285498558166,24.316227766016837,unique_starts
3002,494,371,15,3,15,3,3,10.0,10.466666666666667,19,15,3,5.0,15,15,15,15,0.0,0.002885,0.00072,0.4433285498558166,2.0840511964640234,2.0840511964640234,10.258198889747161,unique_starts
3003,494,378,124,4,21,43,1,16.0,16.008064516129032,25,124,4,31.0,124,33,33,33,0.5796178343949008,0.002885,0.00272,0.4433285498558166,0.2874139677247253,0.4433285498558166,16.21821789023599,unique_starts
3004,494,383,959,25,164,226,1,8.0,7.885297184567258,25,959,25,38.36,959,0,0,0,0.9999999999999989,0.002885,0.00295,0.4433285498558166,0.47953992323646644,0.47953992323646644,8.078086880944303,unique_starts
3005,494,404,108,7,51,17,1,5.0,5.611111111111111,15,108,7,15.428571428571429,108,48,48,48,0.38461538461538214,0.002885,0.00219,0.4433285498558166,0.5171261636058332,0.5171261636058332,5.140028008402801,unique_starts
3006,494,430,48,5,25,15,19,24.0,23.333333333333332,25,48,5,9.6,48,7,7,7,0.7454545454545318,0.002885,0.00263,0.4433285498558166,0.45111919326183225,0.45111919326183225,24.2,unique_starts
3007,494,462,614,10,90,117,1,15.5,15.01628664495114,25,614,10,61.4,614,63,63,63,0.813884785819792,0.002885,0.00335,0.4433285498558166,0.4622577751318516,0.4622577751318516,15.605409255338946,unique_starts
3008,494,474,10,2,7,3,1,3.0,3.3,6,10,2,5.0,10,0,0,0,0.9999999999999,0.002885,0.002335,0.4433285498558166,0.47326325022320526,0.47326325022320526,3.3779644730092273,unique_starts
3009,494,487,227,10,80,35,6,21.0,20.145374449339208,25,227,10,22.7,227,471,471,471,-0.34957020057306537,0.002885,0.00309,0.4433285498558166,0.4986519883489159,0.4986519883489159,21.11180339887499,unique_starts
3010,500,4,658,17,134,147,10,23.0,21.68693009118541,25,658,17,38.705882352941174,658,2640,2640,2640,-0.6009702850212248,0.00264,0.0034,0.41474401777690195,0.42665327824002786,0.42665327824002786,23.086386842558134,unique_starts
3011,500,50,37,4,11,17,17,24.0,23.16216216216216,25,37,4,9.25,37,358,358,358,-0.8126582278480992,0.00264,0.00344,0.41474401777690195,0.4362745814366093,0.4362745814366093,24.301511344577765,unique_starts
3012,500,63,4,3,3,4,24,25.0,24.75,25,4,3,1.3333333333333333,4,0,0,0,0.99999999999975,0.00264,0.00318,0.41474401777690195,0.5301456261038152,0.5301456261038152,25.577350269189626,unique_starts
3013,500,118,56,4,20,20,20,24.0,23.642857142857142,25,56,4,14.0,56,625,625,625,-0.8355359765051382,0.00264,0.002715,0.41474401777690195,0.3381375536578267,0.41474401777690195,24.22360679774998,unique_starts
3014,500,138,171,10,48,48,17,23.0,22.900584795321638,25,171,10,17.1,171,173,173,173,-0.005813953488372076,0.00264,0.002785,0.41474401777690195,0.37021778866614363,0.41474401777690195,23.144337567297406,unique_starts
3015,500,164,199,10,54,57,14,23.0,22.35678391959799,25,199,10,19.9,199,324,324,324,-0.23900573613766685,0.00264,0.002755,0.41474401777690195,0.46236208579247506,0.46236208579247506,23.136082763487956,unique_starts
3016,500,166,1360,24,200,195,1,9.0,9.181617647058824,19,1360,24,56.666666666666664,1360,1,0,0,0.9999999999999993,0.00264,0.00289,0.41474401777690195,0.4782304215414501,0.4782304215414501,9.070710678118655,unique_starts
3017,500,172,1976,34,319,307,8,18.0,18.146255060728745,25,1976,34,58.11764705882353,1976,2,0,0,0.9999999999999996,0.00264,0.00297,0.41474401777690195,0.4684363793861522,0.4684363793861522,18.055989251095586,unique_starts
3018,500,206,19,2,10,5,1,4.0,3.6842105263157894,7,19,2,9.5,19,0,0,0,0.9999999999999475,0.00264,0.002645,0.41474401777690195,0.4388475670472349,0.4388475670472349,4.316227766016838,unique_starts
3019,500,259,8,2,8,2,1,4.5,8.75,25,8,2,4.0,8,1,0,0,0.999999999999875,0.00264,0.00102,0.41474401777690195,1.0660615445434947,1.0660615445434947,4.853553390593274,unique_starts
3020,500,288,85,9,32,32,11,23.0,22.235294117647058,25,85,9,9.444444444444445,85,602,602,602,-0.7525473071324589,0.00264,0.002855,0.41474401777690195,0.3565540314868625,0.41474401777690195,23.17677669529664,unique_starts
3021,500,329,230,8,43,50,10,19.0,18.63478260869565,25,230,8,28.75,230,0,0,0,0.9999999999999957,0.00264,0.00267,0.41474401777690195,0.48285513264051666,0.48285513264051666,19.152498570332604,unique_starts
3022,500,332,1452,15,161,194,1,11.0,11.015840220385675,24,1452,15,96.8,1452,0,0,0,0.9999999999999993,0.00264,0.00266,0.41474401777690195,0.3973389111790975,0.41474401777690195,11.07881104062391,unique_starts
