edge_id,src,dst,num_segments,num_episodes,num_unique_starts,num_unique_terminations,min_h,median_h,mean_h,max_h,num_unique_start_goal_pairs,num_unique_episodes,support_density_per_episode,support_count,reverse_support_raw,reverse_support_certified,reverse_support_count,asymmetry,src_density,dst_density,src_bottleneck_score,dst_bottleneck_score,edge_bottleneck_score,cost,cost_support_unit
0,2,21,197,15,197,19,2,8.0,9.446700507614214,25,197,15,13.133333333333333,197,85,85,85,0.39716312056737446,0.00384,0.001335,0.49557695833984555,0.7000075364621832,0.7000075364621832,8.07124704998791,unique_starts
1,2,42,3,3,3,3,25,25.0,25.0,25,3,3,1.0,3,133,133,133,-0.9558823529411695,0.00384,0.002905,0.49557695833984555,0.49705178564663943,0.49705178564663943,25.577350269189626,unique_starts
2,2,144,82,6,34,19,1,4.0,4.414634146341464,10,82,6,13.666666666666666,82,352,352,352,-0.6221198156682013,0.00384,0.00326,0.49557695833984555,0.4284130917563028,0.49557695833984555,4.171498585142508,unique_starts
3,2,171,12,3,5,8,14,19.0,19.416666666666668,25,12,3,4.0,12,9,9,9,0.14285714285713608,0.00384,0.00343,0.49557695833984555,0.6091865893282263,0.6091865893282263,19.447213595499957,unique_starts
4,2,175,82,6,39,28,1,3.0,3.4146341463414633,7,82,6,13.666666666666666,82,162,162,162,-0.32786885245901504,0.00384,0.00503,0.49557695833984555,0.7573380297747923,0.7573380297747923,3.160128153805087,unique_starts
5,2,179,110,8,110,8,2,9.0,10.454545454545455,25,110,8,13.75,110,76,76,76,0.18279569892473022,0.00384,0.00165,0.49557695833984555,0.5689519284458886,0.5689519284458886,9.09534625892456,unique_starts
6,2,199,11,2,10,3,18,23.0,22.363636363636363,25,11,2,5.5,11,3,0,0,0.9999999999999091,0.00384,0.00268,0.49557695833984555,0.5690552560543798,0.5690552560543798,23.316227766016837,unique_starts
7,2,261,27,2,9,9,20,24.0,23.555555555555557,25,27,2,13.5,27,28,0,0,0.999999999999963,0.00384,0.003005,0.49557695833984555,0.3332476057918914,0.49557695833984555,24.333333333333332,unique_starts
8,2,335,517,12,93,76,8,18.0,18.290135396518377,25,517,12,43.083333333333336,517,368,368,368,0.16836158192090375,0.00384,0.003265,0.49557695833984555,0.33863745508677673,0.49557695833984555,18.103695169473042,unique_starts
9,2,463,459,23,283,52,7,13.0,13.004357298474945,25,459,23,19.956521739130434,459,0,0,0,0.9999999999999978,0.00384,0.00216,0.49557695833984555,0.5081641748793143,0.5081641748793143,13.059443829827776,unique_starts
10,3,266,50,12,27,27,20,25.0,24.12,25,50,12,4.166666666666667,50,2649,2649,2649,-0.9629492404594291,0.003565,0.0038,0.5904218374331804,0.6115361362052629,0.6115361362052629,25.192450089729874,unique_starts
11,3,487,1322,33,299,331,13,23.0,22.14750378214826,25,1322,33,40.06060606060606,1322,608,608,608,0.36994818652849726,0.003565,0.00309,0.5904218374331804,0.4986519883489159,0.5904218374331804,23.057831493196623,unique_starts
12,4,8,144,6,44,28,5,15.0,15.284722222222221,25,144,6,24.0,144,57,57,57,0.43283582089552025,0.0034,0.00305,0.42665327824002786,0.5406985617322061,0.5406985617322061,15.150755672288883,unique_starts
13,4,22,69,6,26,22,13,24.0,22.956521739130434,25,69,6,11.5,69,1,0,0,0.9999999999999856,0.0034,0.00375,0.42665327824002786,0.6446610524678009,0.6446610524678009,24.196116135138183,unique_starts
14,4,63,679,9,92,110,1,8.0,8.004418262150221,19,679,9,75.44444444444444,679,151,151,151,0.6361445783132522,0.0034,0.00318,0.42665327824002786,0.5301456261038152,0.5301456261038152,8.104257207028537,unique_starts
15,4,79,69,5,31,16,15,22.0,21.3768115942029,25,69,5,13.8,69,182,182,182,-0.4501992031872492,0.0034,0.003325,0.42665327824002786,0.5566279042981374,0.5566279042981374,22.179605302026776,unique_starts
16,4,80,96,3,22,12,9,17.0,16.729166666666668,24,96,3,32.0,96,122,122,122,-0.11926605504587101,0.0034,0.003105,0.42665327824002786,0.54911977059455,0.54911977059455,17.21320071635561,unique_starts
17,4,230,366,9,104,66,7,20.0,19.898907103825138,25,366,9,40.666666666666664,366,2418,2418,2418,-0.7370689655172411,0.0034,0.00344,0.42665327824002786,0.5276863910046072,0.5276863910046072,20.09805806756909,unique_starts
18,4,273,57,4,22,18,17,24.0,23.19298245614035,25,57,4,14.25,57,166,166,166,-0.48878923766815924,0.0034,0.0032,0.42665327824002786,0.505500130278,0.505500130278,24.21320071635561,unique_starts
19,6,7,16,4,7,9,19,21.0,21.4375,25,16,4,4.0,16,19,0,0,0.9999999999999376,0.003095,0.00345,0.5183369733262979,0.473565075387291,0.5183369733262979,21.37796447300923,unique_starts
20,6,10,154,11,57,41,19,23.0,23.149350649350648,25,154,11,14.0,154,45,45,45,0.547738693467334,0.003095,0.003525,0.5183369733262979,0.49946110985903625,0.5183369733262979,23.132453235706503,unique_starts
21,6,21,95,11,95,11,2,7.0,7.7894736842105265,25,95,11,8.636363636363637,95,21,21,21,0.6379310344827531,0.003095,0.001335,0.5183369733262979,0.7000075364621832,0.7000075364621832,7.102597835208515,unique_starts
22,6,80,26,4,18,6,17,21.0,21.076923076923077,25,26,4,6.5,26,1,0,0,0.9999999999999616,0.003095,0.003105,0.5183369733262979,0.54911977059455,0.54911977059455,21.235702260395517,unique_starts
23,6,117,236,12,57,68,13,22.0,21.50423728813559,25,236,12,19.666666666666668,236,16,16,16,0.8730158730158696,0.003095,0.002995,0.5183369733262979,0.4921561459247037,0.5183369733262979,22.132453235706503,unique_starts
24,6,125,270,7,39,56,1,14.0,13.537037037037036,25,270,7,38.57142857142857,270,810,810,810,-0.49999999999999956,0.003095,0.004175,0.5183369733262979,0.3723974808647528,0.5183369733262979,14.160128153805086,unique_starts
25,6,133,51,5,22,16,18,23.0,22.784313725490197,25,51,5,10.2,51,8,8,8,0.7288135593220215,0.003095,0.003455,0.5183369733262979,0.40834813465235587,0.5183369733262979,23.21320071635561,unique_starts
26,6,147,264,10,41,64,9,19.0,19.079545454545453,25,264,10,26.4,264,1065,1065,1065,-0.6027088036117377,0.003095,0.00412,0.5183369733262979,0.4966726365256857,0.5183369733262979,19.156173761888606,unique_starts
27,6,179,184,19,184,23,2,6.0,7.25,25,184,19,9.68421052631579,184,47,47,47,0.5930735930735905,0.003095,0.00165,0.5183369733262979,0.5689519284458886,0.5689519284458886,6.073720978077448,unique_starts
28,6,199,103,6,44,15,16,21.0,21.349514563106798,25,103,6,17.166666666666668,103,0,0,0,0.9999999999999903,0.003095,0.00268,0.5183369733262979,0.5690552560543798,0.5690552560543798,21.15075567228888,unique_starts
29,6,259,36,2,24,3,12,18.5,18.5,25,36,2,18.0,36,2,0,0,0.9999999999999721,0.003095,0.00102,0.5183369733262979,1.0660615445434947,1.0660615445434947,18.70412414523193,unique_starts
30,6,281,1249,22,212,171,8,17.0,17.147317854283425,25,1249,22,56.77272727272727,1249,837,837,837,0.1975071907957813,0.003095,0.003665,0.5183369733262979,0.5084243360159619,0.5183369733262979,17.068680281974345,unique_starts
31,6,309,1035,26,171,240,1,12.0,11.827053140096618,25,1035,26,39.80769230769231,1035,1260,1260,1260,-0.09803921568627447,0.003095,0.003055,0.5183369733262979,0.48484104579254805,0.5183369733262979,12.076471911290188,unique_starts
32,6,371,35,3,23,4,9,18.0,17.257142857142856,25,35,3,11.666666666666666,35,0,0,0,0.9999999999999714,0.003095,0.00072,0.5183369733262979,2.0840511964640234,2.0840511964640234,18.208514414057074,unique_starts
33,7,2,11,2,9,3,19,22.0,22.0,25,11,2,5.5,11,0,0,0,0.9999999999999091,0.00345,0.00384,0.473565075387291,0.49557695833984555,0.49557695833984555,22.333333333333332,unique_starts
34,7,56,20,7,11,14,1,24.0,22.1,25,20,7,2.857142857142857,20,292,292,292,-0.8717948717948689,0.00345,0.003085,0.473565075387291,0.5396960390661362,0.5396960390661362,24.301511344577765,unique_starts
35,7,133,222,8,27,83,1,9.0,9.121621621621621,25,222,8,27.75,222,490,490,490,-0.37640449438202195,0.00345,0.003455,0.473565075387291,0.40834813465235587,0.473565075387291,9.192450089729876,unique_starts
36,7,139,70,7,25,29,19,24.0,23.47142857142857,25,70,7,10.0,70,0,0,0,0.9999999999999858,0.00345,0.00315,0.473565075387291,0.5763001546805818,0.5763001546805818,24.2,unique_starts
37,7,143,181,6,23,53,1,9.0,9.066298342541437,20,181,6,30.166666666666668,181,302,302,302,-0.25051759834368476,0.00345,0.003425,0.473565075387291,0.4310573077101274,0.473565075387291,9.208514414057074,unique_starts
38,7,167,7,2,3,4,1,3.0,2.5714285714285716,4,7,2,3.5,7,61,61,61,-0.7941176470588119,0.00345,0.002905,0.473565075387291,0.5523326473861818,0.5523326473861818,3.5773502691896257,unique_starts
39,7,175,53,4,21,15,18,23.0,22.452830188679247,25,53,4,13.25,53,37,37,37,0.17777777777777581,0.00345,0.00503,0.473565075387291,0.7573380297747923,0.7573380297747923,23.21821789023599,unique_starts
40,7,179,32,7,32,7,11,15.0,15.4375,23,32,7,4.571428571428571,32,30,30,30,0.03225806451612851,0.00345,0.00165,0.473565075387291,0.5689519284458886,0.5689519284458886,15.176776695296637,unique_starts
41,7,273,35,3,13,11,20,24.0,23.37142857142857,25,35,3,11.666666666666666,35,9,0,0,0.9999999999999714,0.00345,0.0032,0.473565075387291,0.505500130278,0.505500130278,24.277350098112613,unique_starts
42,7,290,60,6,15,32,1,5.0,4.633333333333334,10,60,6,10.0,60,771,771,771,-0.855595667870035,0.00345,0.002905,0.473565075387291,0.5506580655999675,0.5506580655999675,5.258198889747161,unique_starts
43,7,318,3252,16,284,328,1,13.0,13.134378843788438,25,3252,16,203.25,3252,503,503,503,0.7320905459387481,0.00345,0.003055,0.473565075387291,0.4226365509545472,0.473565075387291,13.059339082909693,unique_starts
44,7,410,48,3,12,10,8,18.5,17.958333333333332,24,48,3,16.0,48,48,48,48,0.0,0.00345,0.002505,0.473565075387291,0.5908932537877524,0.5908932537877524,18.78867513459481,unique_starts
45,7,429,49,2,11,8,9,16.0,15.857142857142858,21,49,2,24.5,49,138,138,138,-0.4759358288770028,0.00345,0.0033,0.473565075387291,0.6319999683881292,0.6319999683881292,16.301511344577765,unique_starts
46,7,463,27,5,19,7,16,20.0,20.14814814814815,25,27,5,5.4,27,0,0,0,0.999999999999963,0.00345,0.00216,0.473565075387291,0.5081641748793143,0.5081641748793143,20.22941573387056,unique_starts
47,8,4,57,3,9,27,10,20.0,19.43859649122807,25,57,3,19.0,57,144,144,144,-0.43283582089552025,0.00305,0.0034,0.5406985617322061,0.42665327824002786,0.5406985617322061,20.333333333333332,unique_starts
48,8,21,31,4,31,5,10,17.0,16.451612903225808,23,31,4,7.75,31,5,0,0,0.9999999999999678,0.00305,0.001335,0.5406985617322061,0.7000075364621832,0.7000075364621832,17.179605302026776,unique_starts
49,8,22,1089,27,152,211,1,11.0,10.579430670339761,22,1089,27,40.333333333333336,1089,0,0,0,0.9999999999999991,0.00305,0.00375,0.5406985617322061,0.6446610524678009,0.6446610524678009,11.081110710565381,unique_starts
50,8,79,1437,27,207,247,1,8.0,8.193458594293668,19,1437,27,53.22222222222222,1437,222,222,222,0.7323688969258586,0.00305,0.003325,0.5406985617322061,0.5566279042981374,0.5566279042981374,8.06950480468569,unique_starts
51,8,80,90,3,15,23,3,9.0,9.277777777777779,16,90,3,30.0,90,29,29,29,0.5126050420168025,0.00305,0.003105,0.5406985617322061,0.54911977059455,0.54911977059455,9.258198889747161,unique_starts
52,8,144,607,12,97,94,1,9.0,9.199341021416805,22,607,12,50.583333333333336,607,58,58,58,0.8255639097744348,0.00305,0.00326,0.5406985617322061,0.4284130917563028,0.5406985617322061,9.101534616513362,unique_starts
53,8,169,50,4,16,10,16,21.0,21.2,25,50,4,12.5,50,0,0,0,0.99999999999998,0.00305,0.003075,0.5406985617322061,0.5191317792488794,0.5406985617322061,21.25,unique_starts
54,8,171,933,28,184,183,1,16.0,15.988210075026796,25,933,28,33.32142857142857,933,209,209,209,0.6339754816112079,0.00305,0.00343,0.5406985617322061,0.6091865893282263,0.6091865893282263,16.07372097807745,unique_starts
55,8,179,102,17,102,18,9,17.0,16.392156862745097,24,102,17,6.0,102,3,3,3,0.942857142857134,0.00305,0.00165,0.5406985617322061,0.5689519284458886,0.5689519284458886,17.099014754297666,unique_starts
56,8,229,775,16,105,184,1,16.0,14.838709677419354,25,775,16,48.4375,775,127,127,127,0.7184035476718396,0.00305,0.00306,0.5406985617322061,0.23617874098724062,0.5406985617322061,16.097590007294855,unique_starts
57,8,230,395,19,84,115,1,6.0,7.491139240506329,20,395,19,20.789473684210527,395,160,160,160,0.42342342342342265,0.00305,0.00344,0.5406985617322061,0.5276863910046072,0.5406985617322061,6.109108945117996,unique_starts
58,8,273,119,9,36,32,7,14.0,14.033613445378151,21,119,9,13.222222222222221,119,2,0,0,0.9999999999999917,0.00305,0.0032,0.5406985617322061,0.505500130278,0.5406985617322061,14.166666666666666,unique_starts
59,8,315,42,2,7,9,3,8.0,8.30952380952381,14,42,2,21.0,42,2,0,0,0.9999999999999761,0.00305,0.00307,0.5406985617322061,0.5338410601299857,0.5406985617322061,8.377964473009227,unique_starts
60,8,335,128,6,39,31,16,22.0,21.6953125,25,128,6,21.333333333333332,128,10,0,0,0.9999999999999922,0.00305,0.003265,0.5406985617322061,0.33863745508677673,0.5406985617322061,22.160128153805086,unique_starts
61,8,410,70,20,52,36,18,24.0,23.457142857142856,25,70,20,3.5,70,141,141,141,-0.3364928909952591,0.00305,0.002505,0.5406985617322061,0.5908932537877524,0.5908932537877524,24.138675049056307,unique_starts
62,8,463,79,12,62,19,14,20.0,20.354430379746834,25,79,12,6.583333333333333,79,0,0,0,0.9999999999999875,0.00305,0.00216,0.5406985617322061,0.5081641748793143,0.5406985617322061,20.12700012700019,unique_starts
63,10,6,45,8,29,16,20,23.0,23.155555555555555,25,45,8,5.625,45,154,154,154,-0.547738693467334,0.003525,0.003095,0.49946110985903625,0.5183369733262979,0.5183369733262979,23.18569533817705,unique_starts
64,10,21,24,10,24,10,12,16.0,16.458333333333332,22,24,10,2.4,24,30,30,30,-0.11111111111110905,0.003525,0.001335,0.49946110985903625,0.7000075364621832,0.7000075364621832,16.20412414523193,unique_starts
65,10,42,37,3,25,6,15,19.0,19.324324324324323,24,37,3,12.333333333333334,37,61,61,61,-0.244897959183671,0.003525,0.002905,0.49946110985903625,0.49705178564663943,0.49946110985903625,19.2,unique_starts
66,10,46,271,8,52,68,14,22.0,21.974169741697416,25,271,8,33.875,271,0,0,0,0.9999999999999962,0.003525,0.00281,0.49946110985903625,0.4994811286042713,0.4994811286042713,22.138675049056307,unique_starts
67,10,117,20,4,11,10,1,24.0,17.6,25,20,4,5.0,20,1195,1195,1195,-0.9670781893004108,0.003525,0.002995,0.49946110985903625,0.4921561459247037,0.49946110985903625,24.301511344577765,unique_starts
68,10,139,4,2,2,4,23,24.5,24.25,25,4,2,2.0,4,0,0,0,0.99999999999975,0.003525,0.00315,0.49946110985903625,0.5763001546805818,0.5763001546805818,25.207106781186546,unique_starts
69,10,147,36,2,10,12,7,12.5,12.5,18,36,2,18.0,36,0,0,0,0.9999999999999721,0.003525,0.00412,0.49946110985903625,0.4966726365256857,0.49946110985903625,12.816227766016837,unique_starts
70,10,173,38,2,22,7,1,4.5,4.447368421052632,8,38,2,19.0,38,5,0,0,0.9999999999999737,0.003525,0.002675,0.49946110985903625,0.5108604177721788,0.5108604177721788,4.71320071635561,unique_starts
71,10,175,69,9,23,37,18,23.0,23.144927536231883,25,69,9,7.666666666666667,69,133,133,133,-0.3168316831683153,0.003525,0.00503,0.49946110985903625,0.7573380297747923,0.7573380297747923,23.208514414057074,unique_starts
72,10,179,17,5,17,5,12,16.0,16.88235294117647,24,17,5,3.4,17,52,52,52,-0.5072463768115869,0.003525,0.00165,0.49946110985903625,0.5689519284458886,0.5689519284458886,16.242535625036332,unique_starts
73,10,259,18,5,16,6,4,13.0,11.333333333333334,18,18,5,3.6,18,29,29,29,-0.23404255319148437,0.003525,0.00102,0.49946110985903625,1.0660615445434947,1.0660615445434947,13.25,unique_starts
74,10,281,437,19,79,109,3,12.0,12.5675057208238,23,437,19,23.0,437,1258,1258,1258,-0.4843657817109142,0.003525,0.003665,0.49946110985903625,0.5084243360159619,0.5084243360159619,12.112508790092603,unique_starts
75,10,324,3195,20,305,406,1,11.0,11.8037558685446,25,3195,20,159.75,3195,312,312,312,0.8220701454234386,0.003525,0.00328,0.49946110985903625,0.38585339304776145,0.49946110985903625,11.057259833431386,unique_starts
76,10,371,8,2,5,3,9,11.5,11.625,16,8,2,4.0,8,9,0,0,0.999999999999875,0.003525,0.00072,0.49946110985903625,2.0840511964640234,2.0840511964640234,11.947213595499958,unique_starts
77,10,382,86,4,22,19,1,20.0,16.77906976744186,25,86,4,21.5,86,2885,2885,2885,-0.9421070346684615,0.003525,0.00306,0.49946110985903625,0.5168753927781407,0.5168753927781407,20.21320071635561,unique_starts
78,10,462,439,8,78,61,1,9.0,9.542141230068337,24,439,8,54.875,439,0,0,0,0.9999999999999977,0.003525,0.00335,0.49946110985903625,0.4622577751318516,0.49946110985903625,9.11322770341446,unique_starts
79,16,3,802,11,163,80,3,16.0,16.473815461346632,25,802,11,72.9090909090909,802,3,0,0,0.9999999999999988,0.00306,0.003565,0.3930741805154096,0.5904218374331804,0.5904218374331804,16.078326044998796,unique_starts
80,16,46,1596,15,248,157,1,13.0,13.427318295739349,25,1596,15,106.4,1596,53,53,53,0.9357186173438442,0.00306,0.00281,0.3930741805154096,0.4994811286042713,0.4994811286042713,13.063500063500095,unique_starts
81,16,117,203,5,51,37,12,20.0,19.995073891625616,25,203,5,40.6,203,764,764,764,-0.5801447776628743,0.00306,0.002995,0.3930741805154096,0.4921561459247037,0.4921561459247037,20.1400280084028,unique_starts
82,16,169,164,9,45,42,15,23.0,22.609756097560975,25,164,9,18.22222222222222,164,80,80,80,0.3442622950819658,0.00306,0.003075,0.3930741805154096,0.5191317792488794,0.5191317792488794,23.149071198499986,unique_starts
83,16,199,419,9,87,52,4,16.0,16.0381861575179,25,419,9,46.55555555555556,419,293,293,293,0.1769662921348312,0.00306,0.00268,0.3930741805154096,0.5690552560543798,0.5690552560543798,16.10721125348378,unique_starts
84,16,252,40,3,24,5,9,19.0,18.45,25,40,3,13.333333333333334,40,9,0,0,0.9999999999999749,0.00306,0.00348,0.3930741805154096,0.32521551737612986,0.3930741805154096,19.20412414523193,unique_starts
85,16,324,7,3,6,5,1,1.0,2.857142857142857,7,7,3,2.3333333333333335,7,121,121,121,-0.8906249999999931,0.00306,0.00328,0.3930741805154096,0.38585339304776145,0.3930741805154096,1.4082482904638631,unique_starts
86,16,382,138,6,46,22,1,6.0,5.920289855072464,14,138,6,23.0,138,9,9,9,0.8775510204081574,0.00306,0.00306,0.3930741805154096,0.5168753927781407,0.5168753927781407,6.147441956154897,unique_starts
87,16,404,449,11,102,64,2,14.0,14.456570155902005,25,449,11,40.81818181818182,449,96,96,96,0.6477064220183474,0.00306,0.00219,0.3930741805154096,0.5171261636058332,0.5171261636058332,14.099014754297668,unique_starts
88,16,462,56,5,17,23,1,23.0,18.982142857142858,25,56,5,11.2,56,695,695,695,-0.8508655126497991,0.00306,0.00335,0.3930741805154096,0.4622577751318516,0.4622577751318516,23.242535625036332,unique_starts
89,16,487,570,11,155,51,1,9.0,9.312280701754386,25,570,11,51.81818181818182,570,1637,1637,1637,-0.4834617127322155,0.00306,0.00309,0.3930741805154096,0.4986519883489159,0.4986519883489159,9.08032193289025,unique_starts
90,21,2,85,6,9,85,7,13.0,14.470588235294118,25,85,6,14.166666666666666,85,197,197,197,-0.39716312056737446,0.001335,0.00384,0.7000075364621832,0.49557695833984555,0.7000075364621832,13.333333333333334,unique_starts
91,21,6,21,5,5,21,7,20.0,15.761904761904763,25,21,5,4.2,21,95,95,95,-0.6379310344827531,0.001335,0.003095,0.7000075364621832,0.5183369733262979,0.7000075364621832,20.447213595499957,unique_starts
92,21,7,16,2,2,16,16,21.5,21.0,25,16,2,8.0,16,4,0,0,0.9999999999999376,0.001335,0.00345,0.7000075364621832,0.473565075387291,0.7000075364621832,22.207106781186546,unique_starts
93,21,10,30,5,5,30,17,22.0,21.633333333333333,25,30,5,6.0,30,24,24,24,0.11111111111110905,0.001335,0.003525,0.7000075364621832,0.49946110985903625,0.7000075364621832,22.447213595499957,unique_starts
94,21,22,30,10,10,30,7,23.5,21.9,25,30,10,3.0,30,171,171,171,-0.7014925373134293,0.001335,0.00375,0.7000075364621832,0.6446610524678009,0.7000075364621832,23.816227766016837,unique_starts
95,21,79,36,10,11,36,14,21.0,20.555555555555557,25,36,10,3.6,36,3,0,0,0.9999999999999721,0.001335,0.003325,0.7000075364621832,0.5566279042981374,0.7000075364621832,21.301511344577765,unique_starts
96,21,80,70,15,15,70,12,18.0,18.7,25,70,15,4.666666666666667,70,11,11,11,0.7283950617283861,0.001335,0.003105,0.7000075364621832,0.54911977059455,0.7000075364621832,18.25819888974716,unique_starts
97,21,84,9,4,4,9,17,24.0,23.0,25,9,4,2.25,9,3,0,0,0.9999999999998889,0.001335,0.003185,0.7000075364621832,0.4087675614805981,0.7000075364621832,24.5,unique_starts
98,21,98,10,4,5,10,17,24.0,22.8,25,10,4,2.5,10,1,0,0,0.9999999999999,0.001335,0.00306,0.7000075364621832,0.34307339056976743,0.7000075364621832,24.447213595499957,unique_starts
99,21,117,73,12,13,67,11,19.0,18.52054794520548,25,73,12,6.083333333333333,73,17,17,17,0.6222222222222153,0.001335,0.002995,0.7000075364621832,0.4921561459247037,0.7000075364621832,19.277350098112613,unique_starts
100,21,125,11,2,2,11,17,20.0,20.727272727272727,25,11,2,5.5,11,45,45,45,-0.6071428571428463,0.001335,0.004175,0.7000075364621832,0.3723974808647528,0.7000075364621832,20.707106781186546,unique_starts
101,21,139,144,24,26,144,8,12.5,12.618055555555555,23,144,24,6.0,144,47,47,47,0.5078534031413586,0.001335,0.00315,0.7000075364621832,0.5763001546805818,0.7000075364621832,12.696116135138183,unique_starts
102,21,144,87,8,8,87,6,12.0,13.045977011494253,25,87,8,10.875,87,89,89,89,-0.0113636363636363,0.001335,0.00326,0.7000075364621832,0.4284130917563028,0.7000075364621832,12.353553390593273,unique_starts
103,21,167,4,2,2,4,21,23.5,23.25,25,4,2,2.0,4,33,33,33,-0.7837837837837626,0.001335,0.002905,0.7000075364621832,0.5523326473861818,0.7000075364621832,24.207106781186546,unique_starts
104,21,169,51,11,12,51,6,9.0,9.03921568627451,14,51,11,4.636363636363637,51,78,78,78,-0.20930232558139372,0.001335,0.003075,0.7000075364621832,0.5191317792488794,0.7000075364621832,9.288675134594813,unique_starts
105,21,175,221,25,30,221,6,11.0,12.248868778280542,25,221,25,8.84,221,161,161,161,0.1570680628272247,0.001335,0.00503,0.7000075364621832,0.7573380297747923,0.7573380297747923,11.182574185835055,unique_starts
106,21,199,66,13,14,66,11,17.0,17.772727272727273,25,66,13,5.076923076923077,66,43,43,43,0.21100917431192467,0.001335,0.00268,0.7000075364621832,0.5690552560543798,0.7000075364621832,17.267261241912426,unique_starts
107,21,217,16,5,5,16,11,22.0,20.9375,25,16,5,3.2,16,56,56,56,-0.5555555555555479,0.001335,0.003145,0.7000075364621832,0.5280768414975939,0.7000075364621832,22.447213595499957,unique_starts
108,21,229,3,2,2,3,16,17.0,17.333333333333332,19,3,2,1.5,3,13,13,13,-0.624999999999961,0.001335,0.00306,0.7000075364621832,0.23617874098724062,0.7000075364621832,17.707106781186546,unique_starts
109,21,230,30,8,8,30,17,19.5,19.933333333333334,25,30,8,3.75,30,21,21,21,0.17647058823529066,0.001335,0.00344,0.7000075364621832,0.5276863910046072,0.7000075364621832,19.853553390593273,unique_starts
110,21,252,9,3,3,9,17,23.0,22.11111111111111,25,9,3,3.0,9,27,27,27,-0.49999999999998607,0.001335,0.00348,0.7000075364621832,0.32521551737612986,0.7000075364621832,23.577350269189626,unique_starts
111,21,261,12,3,3,12,17,22.5,21.75,25,12,3,4.0,12,4,0,0,0.9999999999999166,0.001335,0.003005,0.7000075364621832,0.3332476057918914,0.7000075364621832,23.077350269189626,unique_starts
112,21,273,105,16,20,105,6,10.0,11.571428571428571,25,105,16,6.5625,105,91,91,91,0.07142857142857106,0.001335,0.0032,0.7000075364621832,0.505500130278,0.7000075364621832,10.223606797749978,unique_starts
113,21,281,110,12,13,110,6,11.0,12.972727272727273,25,110,12,9.166666666666666,110,124,124,124,-0.059829059829059575,0.001335,0.003665,0.7000075364621832,0.5084243360159619,0.7000075364621832,11.277350098112615,unique_starts
114,21,309,41,8,9,41,13,19.0,19.634146341463413,25,41,8,5.125,41,33,33,33,0.10810810810810666,0.001335,0.003055,0.7000075364621832,0.48484104579254805,0.7000075364621832,19.333333333333332,unique_starts
115,21,315,62,9,10,62,11,20.0,19.85483870967742,25,62,9,6.888888888888889,62,9,9,9,0.7464788732394262,0.001335,0.00307,0.7000075364621832,0.5338410601299857,0.7000075364621832,20.316227766016837,unique_starts
116,21,335,83,9,11,83,6,14.0,14.662650602409638,25,83,9,9.222222222222221,83,82,82,82,0.006060606060606024,0.001335,0.003265,0.7000075364621832,0.33863745508677673,0.7000075364621832,14.301511344577763,unique_starts
117,21,385,15,4,4,15,15,20.0,20.133333333333333,25,15,4,3.75,15,5,0,0,0.9999999999999333,0.001335,0.00381,0.7000075364621832,0.544885989019332,0.7000075364621832,20.5,unique_starts
118,21,463,193,91,116,189,4,6.0,5.642487046632124,7,193,91,2.120879120879121,193,3,3,3,0.9693877551020359,0.001335,0.00216,0.7000075364621832,0.5081641748793143,0.7000075364621832,6.092847669088526,unique_starts
119,22,7,70,6,31,19,20,24.0,23.314285714285713,25,70,6,11.666666666666666,70,0,0,0,0.9999999999999858,0.00375,0.00345,0.6446610524678009,0.473565075387291,0.6446610524678009,24.179605302026776,unique_starts
120,22,21,171,19,171,21,2,6.0,6.684210526315789,20,171,19,9.0,171,30,30,30,0.7014925373134293,0.00375,0.001335,0.6446610524678009,0.7000075364621832,0.7000075364621832,6.076471911290187,unique_starts
121,22,79,131,7,18,43,2,11.0,11.381679389312977,20,131,7,18.714285714285715,131,209,209,209,-0.22941176470588165,0.00375,0.003325,0.6446610524678009,0.5566279042981374,0.6446610524678009,11.235702260395517,unique_starts
122,22,80,56,3,7,24,4,12.0,12.071428571428571,20,56,3,18.666666666666668,56,221,221,221,-0.5956678700360989,0.00375,0.003105,0.6446610524678009,0.54911977059455,0.6446610524678009,12.377964473009227,unique_starts
123,22,117,196,9,49,49,15,22.0,21.709183673469386,25,196,9,21.77777777777778,196,0,0,0,0.9999999999999949,0.00375,0.002995,0.6446610524678009,0.4921561459247037,0.6446610524678009,22.142857142857142,unique_starts
124,22,139,107,12,28,62,1,4.0,4.570093457943925,13,107,12,8.916666666666666,107,825,825,825,-0.7703862660944197,0.00375,0.00315,0.6446610524678009,0.5763001546805818,0.6446610524678009,4.188982236504613,unique_starts
125,22,143,58,3,17,10,17,22.0,22.20689655172414,25,58,3,19.333333333333332,58,0,0,0,0.9999999999999827,0.00375,0.003425,0.6446610524678009,0.4310573077101274,0.6446610524678009,22.242535625036332,unique_starts
126,22,144,47,5,17,17,1,4.0,3.617021276595745,7,47,5,9.4,47,6,6,6,0.7735849056603628,0.00375,0.00326,0.6446610524678009,0.4284130917563028,0.6446610524678009,4.242535625036333,unique_starts
127,22,167,11,2,5,5,22,24.0,24.09090909090909,25,11,2,5.5,11,0,0,0,0.9999999999999091,0.00375,0.002905,0.6446610524678009,0.5523326473861818,0.6446610524678009,24.447213595499957,unique_starts
128,22,169,498,15,125,72,9,16.0,16.20281124497992,25,498,15,33.2,498,60,60,60,0.7849462365591383,0.00375,0.003075,0.6446610524678009,0.5191317792488794,0.6446610524678009,16.089442719099992,unique_starts
129,22,171,32,2,6,12,12,18.5,18.40625,25,32,2,16.0,32,38,38,38,-0.0857142857142845,0.00375,0.00343,0.6446610524678009,0.6091865893282263,0.6446610524678009,18.908248290463863,unique_starts
130,22,175,82,8,45,22,1,3.0,3.5609756097560976,7,82,8,10.25,82,29,29,29,0.4774774774774732,0.00375,0.00503,0.6446610524678009,0.7573380297747923,0.7573380297747923,3.149071198499986,unique_starts
131,22,179,246,32,246,36,2,6.0,6.162601626016261,13,246,32,7.6875,246,13,13,13,0.899613899613896,0.00375,0.00165,0.6446610524678009,0.5689519284458886,0.6446610524678009,6.063757671306334,unique_starts
132,22,199,556,17,121,90,13,21.0,20.584532374100718,25,556,17,32.705882352941174,556,1,0,0,0.9999999999999981,0.00375,0.00268,0.6446610524678009,0.5690552560543798,0.6446610524678009,21.09090909090909,unique_starts
133,22,273,356,29,165,100,1,4.0,4.558988764044944,18,356,29,12.275862068965518,356,941,941,941,-0.4510408635312256,0.00375,0.0032,0.6446610524678009,0.505500130278,0.6446610524678009,4.077849894416152,unique_starts
134,22,335,59,2,10,11,12,19.0,18.779661016949152,25,59,2,29.5,59,0,0,0,0.999999999999983,0.00375,0.003265,0.6446610524678009,0.33863745508677673,0.6446610524678009,19.316227766016837,unique_starts
135,22,463,551,38,337,74,7,12.0,12.397459165154265,25,551,38,14.5,551,0,0,0,0.9999999999999981,0.00375,0.00216,0.6446610524678009,0.5081641748793143,0.6446610524678009,12.054473471070285,unique_starts
136,42,2,133,4,19,26,13,19.0,18.984962406015036,25,133,4,33.25,133,3,3,3,0.9558823529411695,0.002905,0.00384,0.49705178564663943,0.49557695833984555,0.49705178564663943,19.22941573387056,unique_starts
137,42,4,23,2,7,8,19,24.0,23.217391304347824,25,23,2,11.5,23,4,0,0,0.9999999999999566,0.002905,0.0034,0.49705178564663943,0.42665327824002786,0.49705178564663943,24.37796447300923,unique_starts
138,42,8,353,13,68,80,1,6.0,6.164305949008498,17,353,13,27.153846153846153,353,0,0,0,0.9999999999999971,0.002905,0.00305,0.49705178564663943,0.5406985617322061,0.5406985617322061,6.121267812518166,unique_starts
139,42,10,61,4,9,33,1,11.0,10.901639344262295,23,61,4,15.25,61,37,37,37,0.244897959183671,0.002905,0.003525,0.49705178564663943,0.49946110985903625,0.49946110985903625,11.333333333333334,unique_starts
140,42,21,14,6,14,6,22,24.0,23.785714285714285,25,14,6,2.3333333333333335,14,0,0,0,0.9999999999999286,0.002905,0.001335,0.49705178564663943,0.7000075364621832,0.7000075364621832,24.267261241912426,unique_starts
141,42,22,345,10,46,84,11,19.0,19.24927536231884,25,345,10,34.5,345,0,0,0,0.999999999999997,0.002905,0.00375,0.49705178564663943,0.6446610524678009,0.6446610524678009,19.147441956154896,unique_starts
142,42,79,79,5,27,16,5,12.0,12.265822784810126,20,79,5,15.8,79,242,242,242,-0.5077881619937679,0.002905,0.003325,0.49705178564663943,0.5566279042981374,0.5566279042981374,12.192450089729876,unique_starts
143,42,80,618,13,107,116,1,13.0,13.310679611650485,22,618,13,47.53846153846154,618,938,938,938,-0.20565552699228778,0.002905,0.003105,0.49705178564663943,0.54911977059455,0.54911977059455,13.096673648904567,unique_starts
144,42,117,12,2,2,12,8,11.5,12.0,17,12,2,6.0,12,8,8,8,0.19999999999999002,0.002905,0.002995,0.49705178564663943,0.4921561459247037,0.49705178564663943,12.207106781186548,unique_starts
145,42,171,823,20,145,157,5,20.0,19.54070473876063,25,823,20,41.15,823,88,88,88,0.8068057080131714,0.002905,0.00343,0.49705178564663943,0.6091865893282263,0.6091865893282263,20.08304547985374,unique_starts
146,42,173,161,15,86,39,16,23.0,22.86335403726708,25,161,15,10.733333333333333,161,1095,1095,1095,-0.7436305732484071,0.002905,0.002675,0.49705178564663943,0.5108604177721788,0.5108604177721788,23.107832773203437,unique_starts
147,42,175,506,19,126,97,14,21.0,21.16403162055336,25,506,19,26.63157894736842,506,5,5,5,0.9804305283757319,0.002905,0.00503,0.49705178564663943,0.7573380297747923,0.7573380297747923,21.089087080637476,unique_starts
148,42,179,26,10,26,10,21,24.0,23.807692307692307,25,26,10,2.6,26,0,0,0,0.9999999999999616,0.002905,0.00165,0.49705178564663943,0.5689519284458886,0.5689519284458886,24.196116135138183,unique_starts
149,42,281,18,2,4,12,14,17.0,18.0,24,18,2,9.0,18,0,0,0,0.9999999999999445,0.002905,0.003665,0.49705178564663943,0.5084243360159619,0.5084243360159619,17.5,unique_starts
150,42,371,8,2,8,2,17,20.5,20.875,25,8,2,4.0,8,6,0,0,0.999999999999875,0.002905,0.00072,0.49705178564663943,2.0840511964640234,2.0840511964640234,20.853553390593273,unique_starts
151,42,410,3,2,3,2,24,25.0,24.666666666666668,25,3,2,1.5,3,24,24,24,-0.777777777777749,0.002905,0.002505,0.49705178564663943,0.5908932537877524,0.5908932537877524,25.577350269189626,unique_starts
152,46,3,188,14,85,62,1,4.0,3.867021276595745,8,188,14,13.428571428571429,188,0,0,0,0.9999999999999947,0.00281,0.003565,0.4994811286042713,0.5904218374331804,0.5904218374331804,4.108465228909328,unique_starts
153,46,16,53,3,16,16,1,23.0,21.471698113207548,25,53,3,17.666666666666668,53,1596,1596,1596,-0.9357186173438442,0.00281,0.00306,0.4994811286042713,0.3930741805154096,0.4994811286042713,23.25,unique_starts
154,46,117,17,2,6,8,9,13.0,15.470588235294118,25,17,2,8.5,17,261,261,261,-0.8776978417266155,0.00281,0.002995,0.4994811286042713,0.4921561459247037,0.4994811286042713,13.408248290463863,unique_starts
155,46,163,36,2,18,4,5,11.5,12.25,23,36,2,18.0,36,6,0,0,0.9999999999999721,0.00281,0.000755,0.4994811286042713,0.8074492857931624,0.8074492857931624,11.735702260395517,unique_starts
156,46,259,10,2,10,2,8,14.5,14.3,19,10,2,5.0,10,9,0,0,0.9999999999999,0.00281,0.00102,0.4994811286042713,1.0660615445434947,1.0660615445434947,14.816227766016837,unique_starts
157,46,371,14,3,13,4,3,15.5,12.928571428571429,22,14,3,4.666666666666667,14,0,0,0,0.9999999999999286,0.00281,0.00072,0.4994811286042713,2.0840511964640234,2.0840511964640234,15.777350098112615,unique_starts
158,46,487,239,13,66,79,1,23.0,22.824267782426777,25,239,13,18.384615384615383,239,72,72,72,0.536977491961413,0.00281,0.00309,0.4994811286042713,0.4986519883489159,0.4994811286042713,23.123091490979334,unique_starts
159,50,146,215,6,41,34,1,7.0,6.725581395348837,14,215,6,35.833333333333336,215,229,229,229,-0.03153153153153146,0.00344,0.00289,0.4362745814366093,0.49858717633061933,0.49858717633061933,7.156173761888606,unique_starts
160,50,229,171,4,38,33,12,20.0,19.555555555555557,25,171,4,42.75,171,81,81,81,0.3571428571428557,0.00344,0.00306,0.4362745814366093,0.23617874098724062,0.4362745814366093,20.162221421130763,unique_starts
161,50,230,144,4,37,21,9,20.0,19.20138888888889,25,144,4,36.0,144,745,745,745,-0.676040494938132,0.00344,0.00344,0.4362745814366093,0.5276863910046072,0.5276863910046072,20.164398987305358,unique_starts
162,50,315,590,11,151,66,1,18.0,16.730508474576272,25,590,11,53.63636363636363,590,1759,1759,1759,-0.497658578118348,0.00344,0.00307,0.4362745814366093,0.5338410601299857,0.5338410601299857,18.081378845877115,unique_starts
163,56,7,292,10,61,65,1,15.0,14.743150684931507,25,292,10,29.2,292,20,20,20,0.8717948717948689,0.003085,0.00345,0.5396960390661362,0.473565075387291,0.5396960390661362,15.128036879932896,unique_starts
164,56,21,6,2,6,2,23,24.0,24.0,25,6,2,3.0,6,0,0,0,0.9999999999998334,0.003085,0.001335,0.5396960390661362,0.7000075364621832,0.7000075364621832,24.408248290463863,unique_starts
165,56,143,537,9,53,82,4,16.0,15.972067039106145,25,537,9,59.666666666666664,537,1,0,0,0.9999999999999981,0.003085,0.003425,0.5396960390661362,0.4310573077101274,0.5396960390661362,16.13736056394869,unique_starts
166,56,163,8,2,8,2,17,19.5,19.5,22,8,2,4.0,8,0,0,0,0.999999999999875,0.003085,0.000755,0.5396960390661362,0.8074492857931624,0.8074492857931624,19.853553390593273,unique_starts
167,56,167,1087,25,213,191,1,7.0,8.427782888684453,25,1087,25,43.48,1087,0,0,0,0.9999999999999991,0.003085,0.002905,0.5396960390661362,0.5523326473861818,0.5523326473861818,7.0685188709827536,unique_starts
168,56,179,15,5,15,5,21,24.0,23.666666666666668,25,15,5,3.0,15,0,0,0,0.9999999999999333,0.003085,0.00165,0.5396960390661362,0.5689519284458886,0.5689519284458886,24.25819888974716,unique_starts
169,56,207,151,9,37,37,1,6.0,6.1655629139072845,16,151,9,16.77777777777778,151,1,0,0,0.9999999999999934,0.003085,0.002905,0.5396960390661362,0.5142383888493315,0.5396960390661362,6.164398987305358,unique_starts
170,56,259,20,4,20,4,17,22.5,22.15,25,20,4,5.0,20,2,0,0,0.99999999999995,0.003085,0.00102,0.5396960390661362,1.0660615445434947,1.0660615445434947,22.72360679774998,unique_starts
171,56,261,98,4,29,18,7,16.0,16.714285714285715,25,98,4,24.5,98,0,0,0,0.9999999999999899,0.003085,0.003005,0.5396960390661362,0.3332476057918914,0.5396960390661362,16.18569533817705,unique_starts
172,56,318,129,5,21,39,12,22.0,21.45736434108527,25,129,5,25.8,129,270,270,270,-0.35338345864661563,0.003085,0.003055,0.5396960390661362,0.4226365509545472,0.5396960390661362,22.21821789023599,unique_starts
173,56,371,36,6,23,8,14,20.0,19.72222222222222,25,36,6,6.0,36,11,11,11,0.5319148936170099,0.003085,0.00072,0.5396960390661362,2.0840511964640234,2.0840511964640234,20.208514414057074,unique_starts
174,56,398,15,3,6,9,1,23.0,18.066666666666666,25,15,3,5.0,15,189,189,189,-0.8529411764705841,0.003085,0.00324,0.5396960390661362,0.4886541548049501,0.5396960390661362,23.408248290463863,unique_starts
175,56,410,14,4,13,5,7,23.0,20.714285714285715,25,14,4,3.5,14,14,14,14,0.0,0.003085,0.002505,0.5396960390661362,0.5908932537877524,0.5908932537877524,23.277350098112613,unique_starts
176,56,429,51,12,29,32,1,25.0,22.019607843137255,25,51,12,4.25,51,0,0,0,0.9999999999999803,0.003085,0.0033,0.5396960390661362,0.6319999683881292,0.6319999683881292,25.18569533817705,unique_starts
177,63,4,151,3,25,30,13,22.0,21.589403973509935,25,151,3,50.333333333333336,151,679,679,679,-0.6361445783132522,0.00318,0.0034,0.5301456261038152,0.42665327824002786,0.5301456261038152,22.2,unique_starts
178,63,8,708,19,149,108,1,8.0,8.73870056497175,23,708,19,37.26315789473684,708,0,0,0,0.9999999999999986,0.00318,0.00305,0.5301456261038152,0.5406985617322061,0.5406985617322061,8.081923192051905,unique_starts
179,63,22,1056,20,157,178,7,21.0,20.071969696969695,25,1056,20,52.8,1056,0,0,0,0.9999999999999991,0.00318,0.00375,0.5301456261038152,0.6446610524678009,0.6446610524678009,21.07980868844676,unique_starts
180,63,42,139,13,45,47,1,4.0,4.546762589928058,13,139,13,10.692307692307692,139,0,0,0,0.9999999999999929,0.00318,0.002905,0.5301456261038152,0.49705178564663943,0.5301456261038152,4.149071198499986,unique_starts
181,63,79,250,10,61,54,7,16.0,16.22,25,250,10,25.0,250,28,28,28,0.7985611510791337,0.00318,0.003325,0.5301456261038152,0.5566279042981374,0.5566279042981374,16.128036879932896,unique_starts
182,63,80,378,11,97,72,1,13.0,12.404761904761905,24,378,11,34.36363636363637,378,55,55,55,0.7459584295611992,0.00318,0.003105,0.5301456261038152,0.54911977059455,0.54911977059455,13.101534616513362,unique_starts
183,63,139,20,3,17,4,9,15.5,15.1,21,20,3,6.666666666666667,20,1,0,0,0.99999999999995,0.00318,0.00315,0.5301456261038152,0.5763001546805818,0.5763001546805818,15.742535625036332,unique_starts
184,63,146,27,2,11,5,1,4.0,4.0,7,27,2,13.5,27,0,0,0,0.999999999999963,0.00318,0.00289,0.5301456261038152,0.49858717633061933,0.5301456261038152,4.301511344577763,unique_starts
185,63,171,324,17,105,87,6,22.0,20.969135802469136,25,324,17,19.058823529411764,324,3,3,3,0.9816513761467859,0.00318,0.00343,0.5301456261038152,0.6091865893282263,0.6091865893282263,22.097590007294855,unique_starts
186,63,175,97,6,22,37,13,22.0,21.649484536082475,25,97,6,16.166666666666668,97,0,0,0,0.9999999999999898,0.00318,0.00503,0.5301456261038152,0.7573380297747923,0.7573380297747923,22.21320071635561,unique_starts
187,63,179,22,7,22,8,20,24.0,23.545454545454547,25,22,7,3.142857142857143,22,0,0,0,0.9999999999999546,0.00318,0.00165,0.5301456261038152,0.5689519284458886,0.5689519284458886,24.21320071635561,unique_starts
188,63,229,34,4,24,5,9,14.0,14.5,25,34,4,8.5,34,0,0,0,0.9999999999999706,0.00318,0.00306,0.5301456261038152,0.23617874098724062,0.5301456261038152,14.204124145231932,unique_starts
189,63,230,763,11,187,89,1,13.0,13.158584534731324,25,763,11,69.36363636363636,763,2,0,0,0.9999999999999987,0.00318,0.00344,0.5301456261038152,0.5276863910046072,0.5301456261038152,13.073127242412713,unique_starts
190,63,371,18,3,18,3,3,10.5,12.5,25,18,3,6.0,18,1,0,0,0.9999999999999445,0.00318,0.00072,0.5301456261038152,2.0840511964640234,2.0840511964640234,10.735702260395517,unique_starts
191,63,404,12,2,12,2,6,9.0,9.166666666666666,13,12,2,6.0,12,0,0,0,0.9999999999999166,0.00318,0.00219,0.5301456261038152,0.5171261636058332,0.5301456261038152,9.288675134594813,unique_starts
192,63,410,17,4,17,4,17,23.0,22.11764705882353,25,17,4,4.25,17,16,16,16,0.030303030303029384,0.00318,0.002505,0.5301456261038152,0.5908932537877524,0.5908932537877524,23.242535625036332,unique_starts
193,79,4,182,9,34,69,6,20.0,18.895604395604394,25,182,9,20.22222222222222,182,69,69,69,0.4501992031872492,0.003325,0.0034,0.5566279042981374,0.42665327824002786,0.5566279042981374,20.17149858514251,unique_starts
194,79,8,222,23,89,94,1,24.0,20.78828828828829,25,222,23,9.652173913043478,222,1437,1437,1437,-0.7323688969258586,0.003325,0.00305,0.5566279042981374,0.5406985617322061,0.5566279042981374,24.105999788000634,unique_starts
195,79,22,209,14,27,116,2,12.0,11.325358851674642,18,209,14,14.928571428571429,209,131,131,131,0.22941176470588165,0.003325,0.00375,0.5566279042981374,0.6446610524678009,0.6446610524678009,12.192450089729876,unique_starts
196,79,42,242,9,64,42,16,22.0,21.714876033057852,25,242,9,26.88888888888889,242,79,79,79,0.5077881619937679,0.003325,0.002905,0.5566279042981374,0.49705178564663943,0.5566279042981374,22.125,unique_starts
197,79,50,52,3,11,15,9,16.5,16.5,25,52,3,17.333333333333332,52,4,0,0,0.9999999999999807,0.003325,0.00344,0.5566279042981374,0.4362745814366093,0.5566279042981374,16.801511344577765,unique_starts
198,79,63,28,4,27,5,16,21.0,20.785714285714285,25,28,4,7.0,28,250,250,250,-0.7985611510791337,0.003325,0.00318,0.5566279042981374,0.5301456261038152,0.5566279042981374,21.192450089729874,unique_starts
199,79,146,444,13,110,81,15,22.0,21.98198198198198,25,444,13,34.15384615384615,444,734,734,734,-0.2461799660441424,0.003325,0.00289,0.5566279042981374,0.49858717633061933,0.5566279042981374,22.095346258924558,unique_starts
200,79,163,13,2,13,2,8,14.0,14.0,20,13,2,6.5,13,4,0,0,0.9999999999999231,0.003325,0.000755,0.5566279042981374,0.8074492857931624,0.8074492857931624,14.277350098112615,unique_starts
201,79,169,12,6,8,10,23,25.0,24.416666666666668,25,12,6,2.0,12,297,297,297,-0.9223300970873756,0.003325,0.003075,0.5566279042981374,0.5191317792488794,0.5566279042981374,25.353553390593273,unique_starts
202,79,171,1305,32,293,205,1,8.0,8.592337164750958,25,1305,32,40.78125,1305,119,119,119,0.8328651685393254,0.003325,0.00343,0.5566279042981374,0.6091865893282263,0.6091865893282263,8.058420623783698,unique_starts
203,79,179,4,3,4,3,17,17.5,17.75,19,4,3,1.3333333333333333,4,45,45,45,-0.836734693877534,0.003325,0.00165,0.5566279042981374,0.5689519284458886,0.5689519284458886,18.0,unique_starts
204,79,229,22,2,2,22,14,19.0,19.045454545454547,25,22,2,11.0,22,302,302,302,-0.8641975308641948,0.003325,0.00306,0.5566279042981374,0.23617874098724062,0.5566279042981374,19.707106781186546,unique_starts
205,79,230,359,25,102,117,1,5.0,6.8774373259052926,25,359,25,14.36,359,74,74,74,0.6581986143187052,0.003325,0.00344,0.5566279042981374,0.5276863910046072,0.5566279042981374,5.099014754297667,unique_starts
206,79,259,15,2,13,3,10,18.0,17.466666666666665,23,15,2,7.5,15,13,0,0,0.9999999999999333,0.003325,0.00102,0.5566279042981374,1.0660615445434947,1.0660615445434947,18.277350098112613,unique_starts
207,79,273,30,6,9,22,1,14.0,12.366666666666667,17,30,6,5.0,30,1799,1799,1799,-0.967195188627665,0.003325,0.0032,0.5566279042981374,0.505500130278,0.5566279042981374,14.333333333333334,unique_starts
208,79,410,739,34,285,101,6,18.0,18.020297699594046,25,739,34,21.735294117647058,739,196,196,196,0.5807486631016037,0.003325,0.002505,0.5566279042981374,0.5908932537877524,0.5908932537877524,18.059234887775908,unique_starts
209,79,463,19,8,14,11,19,23.0,22.94736842105263,25,19,8,2.375,19,0,0,0,0.9999999999999475,0.003325,0.00216,0.5566279042981374,0.5081641748793143,0.5566279042981374,23.267261241912426,unique_starts
210,80,4,122,3,13,36,11,20.0,19.450819672131146,25,122,3,40.666666666666664,122,96,96,96,0.11926605504587101,0.003105,0.0034,0.54911977059455,0.42665327824002786,0.54911977059455,20.277350098112613,unique_starts
211,80,8,29,2,11,7,20,23.0,23.24137931034483,25,29,2,14.5,29,90,90,90,-0.5126050420168025,0.003105,0.00305,0.54911977059455,0.5406985617322061,0.54911977059455,23.301511344577765,unique_starts
212,80,10,102,7,18,37,1,6.0,7.509803921568627,25,102,7,14.571428571428571,102,2,0,0,0.9999999999999902,0.003105,0.003525,0.54911977059455,0.49946110985903625,0.54911977059455,6.235702260395516,unique_starts
213,80,21,11,3,11,3,14,20.0,19.545454545454547,24,11,3,3.6666666666666665,11,70,70,70,-0.7283950617283861,0.003105,0.001335,0.54911977059455,0.7000075364621832,0.7000075364621832,20.301511344577765,unique_starts
214,80,22,221,8,27,63,5,13.0,13.14027149321267,21,221,8,27.625,221,56,56,56,0.5956678700360989,0.003105,0.00375,0.54911977059455,0.6446610524678009,0.6446610524678009,13.192450089729876,unique_starts
215,80,42,938,24,198,194,14,22.0,21.93496801705757,25,938,24,39.083333333333336,938,618,618,618,0.20565552699228778,0.003105,0.002905,0.54911977059455,0.49705178564663943,0.54911977059455,22.07106690545187,unique_starts
216,80,63,55,3,18,8,1,21.0,21.036363636363635,25,55,3,18.333333333333332,55,378,378,378,-0.7459584295611992,0.003105,0.00318,0.54911977059455,0.5301456261038152,0.54911977059455,21.235702260395517,unique_starts
217,80,79,14,2,4,10,1,3.5,4.214285714285714,9,14,2,7.0,14,0,0,0,0.9999999999999286,0.003105,0.003325,0.54911977059455,0.5566279042981374,0.5566279042981374,4.0,unique_starts
218,80,117,5,3,4,4,1,24.0,15.2,25,5,3,1.6666666666666667,5,101,101,101,-0.905660377358482,0.003105,0.002995,0.54911977059455,0.4921561459247037,0.54911977059455,24.5,unique_starts
219,80,163,8,2,6,3,11,13.5,13.25,15,8,2,4.0,8,7,0,0,0.999999999999875,0.003105,0.000755,0.54911977059455,0.8074492857931624,0.8074492857931624,13.908248290463863,unique_starts
220,80,171,1254,21,232,200,1,9.0,9.724880382775119,25,1254,21,59.714285714285715,1254,96,96,96,0.8577777777777772,0.003105,0.00343,0.54911977059455,0.6091865893282263,0.6091865893282263,9.065653216429862,unique_starts
221,80,173,293,17,171,44,6,14.0,15.160409556313994,25,293,17,17.235294117647058,293,102,102,102,0.4835443037974671,0.003105,0.002675,0.54911977059455,0.5108604177721788,0.54911977059455,14.076471911290188,unique_starts
222,80,175,89,9,17,45,1,13.0,12.910112359550562,21,89,9,9.88888888888889,89,1350,1350,1350,-0.8763029881862399,0.003105,0.00503,0.54911977059455,0.7573380297747923,0.7573380297747923,13.242535625036332,unique_starts
223,80,179,4,4,4,4,15,16.5,16.5,18,4,4,1.0,4,69,69,69,-0.8904109589040975,0.003105,0.00165,0.54911977059455,0.5689519284458886,0.5689519284458886,17.0,unique_starts
224,80,230,119,4,24,26,1,7.0,7.235294117647059,17,119,4,29.75,119,7,7,7,0.8888888888888818,0.003105,0.00344,0.54911977059455,0.5276863910046072,0.54911977059455,7.204124145231932,unique_starts
225,80,259,18,4,12,7,9,16.5,16.666666666666668,25,18,4,4.5,18,7,0,0,0.9999999999999445,0.003105,0.00102,0.54911977059455,1.0660615445434947,1.0660615445434947,16.78867513459481,unique_starts
226,80,281,20,4,6,14,13,22.0,20.2,25,20,4,5.0,20,328,328,328,-0.8850574712643652,0.003105,0.003665,0.54911977059455,0.5084243360159619,0.54911977059455,22.408248290463863,unique_starts
227,80,371,7,3,7,3,10,14.0,15.0,21,7,3,2.3333333333333335,7,1,0,0,0.9999999999998571,0.003105,0.00072,0.54911977059455,2.0840511964640234,2.0840511964640234,14.377964473009227,unique_starts
228,80,382,95,5,17,26,15,21.0,20.57894736842105,25,95,5,19.0,95,48,48,48,0.32867132867132637,0.003105,0.00306,0.54911977059455,0.5168753927781407,0.54911977059455,21.242535625036332,unique_starts
229,80,410,281,14,143,36,5,18.0,17.298932384341636,25,281,14,20.071428571428573,281,94,94,94,0.4986666666666653,0.003105,0.002505,0.54911977059455,0.5908932537877524,0.5908932537877524,18.08362420100071,unique_starts
230,80,463,20,7,12,12,18,20.5,21.65,25,20,7,2.857142857142857,20,9,9,9,0.37931034482757314,0.003105,0.00216,0.54911977059455,0.5081641748793143,0.54911977059455,20.78867513459481,unique_starts
231,84,120,109,7,28,39,17,23.0,22.559633027522935,25,109,7,15.571428571428571,109,0,0,0,0.9999999999999909,0.003185,0.00351,0.4087675614805981,0.6286366289947183,0.6286366289947183,23.188982236504614,unique_starts
232,84,179,25,5,25,5,13,19.0,19.32,25,25,5,5.0,25,4,0,0,0.99999999999996,0.003185,0.00165,0.4087675614805981,0.5689519284458886,0.5689519284458886,19.2,unique_starts
233,84,217,198,7,23,58,3,14.0,14.232323232323232,25,198,7,28.285714285714285,198,42,42,42,0.6499999999999974,0.003185,0.003145,0.4087675614805981,0.5280768414975939,0.5280768414975939,14.208514414057074,unique_starts
234,84,224,21,3,7,14,17,23.0,22.285714285714285,25,21,3,7.0,21,12,12,12,0.27272727272726444,0.003185,0.003435,0.4087675614805981,0.5524327933598494,0.5524327933598494,23.37796447300923,unique_starts
235,84,304,46,5,26,9,12,21.0,20.32608695652174,25,46,5,9.2,46,64,64,64,-0.16363636363636216,0.003185,0.003015,0.4087675614805981,0.5149114583441843,0.5149114583441843,21.196116135138183,unique_starts
236,84,385,1047,18,180,176,1,18.0,17.382999044890163,25,1047,18,58.166666666666664,1047,1463,1463,1463,-0.16573705179282863,0.003185,0.00381,0.4087675614805981,0.544885989019332,0.544885989019332,18.074535599249995,unique_starts
237,98,84,21,2,9,6,1,4.0,3.857142857142857,7,21,2,10.5,21,1,0,0,0.9999999999999525,0.00306,0.003185,0.34307339056976743,0.4087675614805981,0.4087675614805981,4.333333333333333,unique_starts
238,98,179,31,4,31,5,13,19.0,19.193548387096776,25,31,4,7.75,31,10,10,10,0.512195121951207,0.00306,0.00165,0.34307339056976743,0.5689519284458886,0.5689519284458886,19.179605302026776,unique_starts
239,98,252,419,4,66,42,1,13.0,12.954653937947494,25,419,4,104.75,419,18,0,0,0.9999999999999976,0.00306,0.00348,0.34307339056976743,0.32521551737612986,0.34307339056976743,13.123091490979332,unique_starts
240,98,335,105,4,27,31,9,22.0,21.266666666666666,25,105,4,26.25,105,260,260,260,-0.42465753424657415,0.00306,0.003265,0.34307339056976743,0.33863745508677673,0.34307339056976743,22.192450089729874,unique_starts
241,98,385,90,6,38,22,13,22.0,20.955555555555556,25,90,6,15.0,90,168,168,168,-0.30232558139534765,0.00306,0.00381,0.34307339056976743,0.544885989019332,0.544885989019332,22.162221421130763,unique_starts
242,117,6,16,5,10,8,21,23.5,23.4375,25,16,5,3.2,16,236,236,236,-0.8730158730158696,0.002995,0.003095,0.4921561459247037,0.5183369733262979,0.5183369733262979,23.816227766016837,unique_starts
243,117,10,1195,25,204,245,1,7.0,7.727196652719665,20,1195,25,47.8,1195,20,20,20,0.9670781893004108,0.002995,0.003525,0.4921561459247037,0.49946110985903625,0.49946110985903625,7.070014004201401,unique_starts
244,117,16,764,9,100,115,2,17.0,16.68193717277487,25,764,9,84.88888888888889,764,203,203,203,0.5801447776628743,0.002995,0.00306,0.4921561459247037,0.3930741805154096,0.4921561459247037,17.1,unique_starts
245,117,21,17,6,17,6,14,17.0,16.88235294117647,21,17,6,2.8333333333333335,17,73,73,73,-0.6222222222222153,0.002995,0.001335,0.4921561459247037,0.7000075364621832,0.7000075364621832,17.242535625036332,unique_starts
246,117,42,8,3,5,5,23,25.0,24.5,25,8,3,2.6666666666666665,8,12,12,12,-0.19999999999999002,0.002995,0.002905,0.4921561459247037,0.49705178564663943,0.49705178564663943,25.447213595499957,unique_starts
247,117,46,261,15,86,86,17,24.0,23.36015325670498,25,261,15,17.4,261,17,17,17,0.8776978417266155,0.002995,0.00281,0.4921561459247037,0.4994811286042713,0.4994811286042713,24.107832773203437,unique_starts
248,117,80,101,8,33,28,1,4.0,4.148514851485149,9,101,8,12.625,101,5,5,5,0.905660377358482,0.002995,0.003105,0.4921561459247037,0.54911977059455,0.54911977059455,4.174077655955698,unique_starts
249,117,139,35,5,12,15,20,24.0,23.485714285714284,25,35,5,7.0,35,1,0,0,0.9999999999999714,0.002995,0.00315,0.4921561459247037,0.5763001546805818,0.5763001546805818,24.28867513459481,unique_starts
250,117,163,41,3,26,8,5,11.0,11.609756097560975,19,41,3,13.666666666666666,41,18,0,0,0.9999999999999756,0.002995,0.000755,0.4921561459247037,0.8074492857931624,0.8074492857931624,11.196116135138183,unique_starts
251,117,173,12,2,10,4,7,12.5,12.5,18,12,2,6.0,12,0,0,0,0.9999999999999166,0.002995,0.002675,0.4921561459247037,0.5108604177721788,0.5108604177721788,12.816227766016837,unique_starts
252,117,175,56,10,29,23,19,23.0,23.178571428571427,25,56,10,5.6,56,578,578,578,-0.8233438485804403,0.002995,0.00503,0.4921561459247037,0.7573380297747923,0.7573380297747923,23.18569533817705,unique_starts
253,117,179,15,6,15,6,13,17.0,17.933333333333334,24,15,6,2.5,15,150,150,150,-0.8181818181818132,0.002995,0.00165,0.4921561459247037,0.5689519284458886,0.5689519284458886,17.25819888974716,unique_starts
254,117,199,191,8,32,42,1,7.0,7.371727748691099,25,191,8,23.875,191,71,71,71,0.45801526717557073,0.002995,0.00268,0.4921561459247037,0.5690552560543798,0.5690552560543798,7.1767766952966365,unique_starts
255,117,259,30,4,29,7,8,17.0,16.9,25,30,4,7.5,30,16,16,16,0.3043478260869499,0.002995,0.00102,0.4921561459247037,1.0660615445434947,1.0660615445434947,17.18569533817705,unique_starts
256,117,273,11,2,4,8,21,24.0,23.727272727272727,25,11,2,5.5,11,0,0,0,0.9999999999999091,0.002995,0.0032,0.4921561459247037,0.505500130278,0.505500130278,24.5,unique_starts
257,117,281,304,11,41,79,1,11.0,11.266447368421053,22,304,11,27.636363636363637,304,1379,1379,1379,-0.6387403446226972,0.002995,0.003665,0.4921561459247037,0.5084243360159619,0.5084243360159619,11.156173761888606,unique_starts
258,117,324,1870,23,192,347,1,15.0,14.640106951871658,25,1870,23,81.30434782608695,1870,210,210,210,0.7980769230769227,0.002995,0.00328,0.4921561459247037,0.38585339304776145,0.4921561459247037,15.072168783648703,unique_starts
259,117,371,13,2,13,2,6,12.0,11.76923076923077,17,13,2,6.5,13,5,0,0,0.9999999999999231,0.002995,0.00072,0.4921561459247037,2.0840511964640234,2.0840511964640234,12.277350098112615,unique_starts
260,117,382,54,7,20,26,14,23.5,22.64814814814815,25,54,7,7.714285714285714,54,721,721,721,-0.8606451612903214,0.002995,0.00306,0.4921561459247037,0.5168753927781407,0.5168753927781407,23.72360679774998,unique_starts
261,117,462,1844,22,225,264,1,13.0,13.378524945770065,25,1844,22,83.81818181818181,1844,5,0,0,0.9999999999999996,0.002995,0.00335,0.4921561459247037,0.4622577751318516,0.4921561459247037,13.066666666666666,unique_starts
262,120,163,12,2,8,3,9,12.0,14.166666666666666,22,12,2,6.0,12,0,0,0,0.9999999999999166,0.00351,0.000755,0.6286366289947183,0.8074492857931624,0.8074492857931624,12.353553390593273,unique_starts
263,120,259,17,2,13,3,7,14.0,13.352941176470589,18,17,2,8.5,17,4,0,0,0.9999999999999413,0.00351,0.00102,0.6286366289947183,1.0660615445434947,1.0660615445434947,14.277350098112615,unique_starts
264,120,304,335,26,121,125,1,24.0,23.18507462686567,25,335,26,12.884615384615385,335,1047,1047,1047,-0.5151953690303904,0.00351,0.003015,0.6286366289947183,0.5149114583441843,0.6286366289947183,24.09090909090909,unique_starts
265,125,6,810,9,105,58,1,13.0,12.991358024691358,25,810,9,90.0,810,270,270,270,0.49999999999999956,0.004175,0.003095,0.3723974808647528,0.5183369733262979,0.5183369733262979,13.097590007294853,unique_starts
266,125,21,45,4,45,4,11,17.0,17.622222222222224,25,45,4,11.25,45,11,11,11,0.6071428571428463,0.004175,0.001335,0.3723974808647528,0.7000075364621832,0.7000075364621832,17.149071198499986,unique_starts
267,125,147,2470,19,381,307,6,19.0,18.852226720647774,25,2470,19,130.0,2470,2532,2532,2532,-0.012395041983206715,0.004175,0.00412,0.3723974808647528,0.4966726365256857,0.4966726365256857,19.051231551957855,unique_starts
268,125,179,48,3,48,3,9,17.5,17.416666666666668,25,48,3,16.0,48,11,0,0,0.9999999999999791,0.004175,0.00165,0.3723974808647528,0.5689519284458886,0.5689519284458886,17.644337567297406,unique_starts
269,125,217,291,5,40,37,1,11.0,11.38831615120275,25,291,5,58.2,291,11,11,11,0.9271523178807916,0.004175,0.003145,0.3723974808647528,0.5280768414975939,0.5280768414975939,11.158113883008419,unique_starts
270,125,224,52,2,10,14,16,22.0,21.846153846153847,25,52,2,26.0,52,91,91,91,-0.2727272727272708,0.004175,0.003435,0.3723974808647528,0.5524327933598494,0.5524327933598494,22.316227766016837,unique_starts
271,125,281,121,4,32,21,16,22.0,22.0,25,121,4,30.25,121,43,43,43,0.47560975609755807,0.004175,0.003665,0.3723974808647528,0.5084243360159619,0.5084243360159619,22.17677669529664,unique_starts
272,125,304,4,2,3,3,24,25.0,24.75,25,4,2,2.0,4,15,0,0,0.99999999999975,0.004175,0.003015,0.3723974808647528,0.5149114583441843,0.5149114583441843,25.577350269189626,unique_starts
273,125,309,742,19,180,132,1,12.0,13.55256064690027,25,742,19,39.05263157894737,742,953,953,953,-0.12448377581120937,0.004175,0.003055,0.3723974808647528,0.48484104579254805,0.48484104579254805,12.074535599249993,unique_starts
274,125,385,20,2,5,7,1,5.0,4.75,9,20,2,10.0,20,12,12,12,0.24999999999999217,0.004175,0.00381,0.3723974808647528,0.544885989019332,0.544885989019332,5.447213595499958,unique_starts
275,133,6,8,2,4,5,23,24.5,24.375,25,8,2,4.0,8,51,51,51,-0.7288135593220215,0.003455,0.003095,0.40834813465235587,0.5183369733262979,0.5183369733262979,25.0,unique_starts
276,133,7,490,8,80,71,1,10.0,10.987755102040817,25,490,8,61.25,490,222,222,222,0.37640449438202195,0.003455,0.00345,0.40834813465235587,0.473565075387291,0.473565075387291,10.11180339887499,unique_starts
277,133,21,11,2,11,2,16,21.0,20.818181818181817,25,11,2,5.5,11,7,0,0,0.9999999999999091,0.003455,0.001335,0.40834813465235587,0.7000075364621832,0.7000075364621832,21.301511344577765,unique_starts
278,133,175,76,5,26,19,11,23.0,21.407894736842106,25,76,5,15.2,76,46,46,46,0.2459016393442603,0.003455,0.00503,0.40834813465235587,0.7573380297747923,0.7573380297747923,23.196116135138183,unique_starts
279,133,179,36,4,36,4,13,19.0,18.88888888888889,25,36,4,9.0,36,4,0,0,0.9999999999999721,0.003455,0.00165,0.40834813465235587,0.5689519284458886,0.5689519284458886,19.166666666666668,unique_starts
280,133,207,7,2,4,4,23,25.0,24.428571428571427,25,7,2,3.5,7,35,35,35,-0.6666666666666508,0.003455,0.002905,0.40834813465235587,0.5142383888493315,0.5142383888493315,25.5,unique_starts
281,133,410,26,3,11,8,17,23.0,22.384615384615383,25,26,3,8.666666666666666,26,22,22,22,0.0833333333333316,0.003455,0.002505,0.40834813465235587,0.5908932537877524,0.5908932537877524,23.301511344577765,unique_starts
282,133,429,57,3,12,15,16,21.0,21.035087719298247,25,57,3,19.0,57,48,48,48,0.0857142857142849,0.003455,0.0033,0.40834813465235587,0.6319999683881292,0.6319999683881292,21.28867513459481,unique_starts
283,133,463,17,4,10,6,21,23.0,23.058823529411764,25,17,4,4.25,17,0,0,0,0.9999999999999413,0.003455,0.00216,0.40834813465235587,0.5081641748793143,0.5081641748793143,23.316227766016837,unique_starts
284,139,2,11,2,5,8,1,10.0,9.0,15,11,2,5.5,11,1,0,0,0.9999999999999091,0.00315,0.00384,0.5763001546805818,0.49557695833984555,0.5763001546805818,10.447213595499958,unique_starts
285,139,4,580,13,71,129,4,21.0,19.924137931034483,25,580,13,44.61538461538461,580,14,0,0,0.9999999999999982,0.00315,0.0034,0.5763001546805818,0.42665327824002786,0.5763001546805818,21.118678165819386,unique_starts
286,139,16,8,2,2,8,19,22.5,22.375,25,8,2,4.0,8,0,0,0,0.999999999999875,0.00315,0.00306,0.5763001546805818,0.3930741805154096,0.5763001546805818,23.207106781186546,unique_starts
287,139,21,47,9,47,9,13,20.0,20.21276595744681,25,47,9,5.222222222222222,47,144,144,144,-0.5078534031413586,0.00315,0.001335,0.5763001546805818,0.7000075364621832,0.7000075364621832,20.145864991497895,unique_starts
288,139,22,825,21,139,136,1,15.0,14.18060606060606,25,825,21,39.285714285714285,825,107,107,107,0.7703862660944197,0.00315,0.00375,0.5763001546805818,0.6446610524678009,0.6446610524678009,15.084818892967997,unique_starts
289,139,42,15,6,8,10,22,25.0,24.266666666666666,25,15,6,2.5,15,0,0,0,0.9999999999999333,0.00315,0.002905,0.5763001546805818,0.49705178564663943,0.5763001546805818,25.353553390593273,unique_starts
290,139,50,137,3,18,27,11,21.0,20.313868613138688,25,137,3,45.666666666666664,137,0,0,0,0.9999999999999928,0.00315,0.00344,0.5763001546805818,0.4362745814366093,0.5763001546805818,21.235702260395517,unique_starts
291,139,79,603,25,145,149,1,8.0,8.381426202321725,19,603,25,24.12,603,1,0,0,0.9999999999999983,0.00315,0.003325,0.5763001546805818,0.5566279042981374,0.5763001546805818,8.08304547985374,unique_starts
292,139,80,771,28,153,173,1,8.0,7.783398184176394,18,771,28,27.535714285714285,771,0,0,0,0.9999999999999987,0.00315,0.003105,0.5763001546805818,0.54911977059455,0.5763001546805818,8.080845208345444,unique_starts
293,139,144,3,2,3,2,1,1.0,1.3333333333333333,2,3,2,1.5,3,33,33,33,-0.8333333333333102,0.00315,0.00326,0.5763001546805818,0.4284130917563028,0.5763001546805818,1.5773502691896257,unique_starts
294,139,169,30,5,14,14,19,24.0,23.666666666666668,25,30,5,6.0,30,999,999,999,-0.9416909620991245,0.00315,0.003075,0.5763001546805818,0.5191317792488794,0.5763001546805818,24.267261241912426,unique_starts
295,139,171,362,17,65,99,8,18.0,17.773480662983424,25,362,17,21.294117647058822,362,0,0,0,0.9999999999999972,0.00315,0.00343,0.5763001546805818,0.6091865893282263,0.6091865893282263,18.12403473458921,unique_starts
296,139,173,27,6,17,10,19,23.0,22.666666666666668,25,27,6,4.5,27,0,0,0,0.999999999999963,0.00315,0.002675,0.5763001546805818,0.5108604177721788,0.5763001546805818,23.242535625036332,unique_starts
297,139,175,235,13,58,56,1,17.0,15.897872340425533,25,235,13,18.076923076923077,235,495,495,495,-0.3561643835616433,0.00315,0.00503,0.5763001546805818,0.7573380297747923,0.7573380297747923,17.131306432859724,unique_starts
298,139,179,25,5,25,5,16,22.0,21.68,25,25,5,5.0,25,116,116,116,-0.6453900709219813,0.00315,0.00165,0.5763001546805818,0.5689519284458886,0.5763001546805818,22.2,unique_starts
299,139,199,25,4,4,25,1,4.0,3.88,7,25,4,6.25,25,1,0,0,0.99999999999996,0.00315,0.00268,0.5763001546805818,0.5690552560543798,0.5763001546805818,4.5,unique_starts
300,139,229,300,8,44,67,1,15.0,14.116666666666667,25,300,8,37.5,300,0,0,0,0.9999999999999966,0.00315,0.00306,0.5763001546805818,0.23617874098724062,0.5763001546805818,15.150755672288883,unique_starts
301,139,230,910,22,160,145,1,10.0,10.065934065934066,22,910,22,41.36363636363637,910,0,0,0,0.9999999999999989,0.00315,0.00344,0.5763001546805818,0.5276863910046072,0.5763001546805818,10.07905694150421,unique_starts
302,139,273,475,21,123,77,1,14.0,13.633684210526315,25,475,21,22.61904761904762,475,721,721,721,-0.20568561872909683,0.00315,0.0032,0.5763001546805818,0.505500130278,0.5763001546805818,14.090166963466743,unique_starts
303,139,281,9,2,5,5,23,25.0,24.444444444444443,25,9,2,4.5,9,366,366,366,-0.9519999999999974,0.00315,0.003665,0.5763001546805818,0.5084243360159619,0.5763001546805818,25.447213595499957,unique_starts
304,139,315,56,3,11,15,1,7.0,6.75,13,56,3,18.666666666666668,56,0,0,0,0.9999999999999821,0.00315,0.00307,0.5763001546805818,0.5338410601299857,0.5763001546805818,7.301511344577763,unique_starts
305,139,371,15,2,11,3,15,19.0,19.6,25,15,2,7.5,15,0,0,0,0.9999999999999333,0.00315,0.00072,0.5763001546805818,2.0840511964640234,2.0840511964640234,19.301511344577765,unique_starts
306,139,410,67,11,37,32,15,23.0,22.08955223880597,25,67,11,6.090909090909091,67,0,0,0,0.9999999999999851,0.00315,0.002505,0.5763001546805818,0.5908932537877524,0.5908932537877524,23.164398987305358,unique_starts
307,139,463,83,15,55,25,17,23.0,22.96385542168675,25,83,15,5.533333333333333,83,0,0,0,0.999999999999988,0.00315,0.00216,0.5763001546805818,0.5081641748793143,0.5763001546805818,23.13483997249265,unique_starts
308,143,7,302,11,48,72,1,11.0,11.592715231788079,25,302,11,27.454545454545453,302,181,181,181,0.25051759834368476,0.003425,0.00345,0.4310573077101274,0.473565075387291,0.473565075387291,11.144337567297406,unique_starts
309,143,133,17,2,11,5,1,4.0,4.0588235294117645,9,17,2,8.5,17,0,0,0,0.9999999999999413,0.003425,0.003455,0.4310573077101274,0.40834813465235587,0.4310573077101274,4.301511344577763,unique_starts
310,143,163,29,2,19,3,1,6.0,6.0,11,29,2,14.5,29,4,4,4,0.7575757575757346,0.003425,0.000755,0.4310573077101274,0.8074492857931624,0.8074492857931624,6.229415733870562,unique_starts
311,143,261,95,4,26,26,3,18.0,16.957894736842107,25,95,4,23.75,95,23,0,0,0.9999999999999896,0.003425,0.003005,0.4310573077101274,0.3332476057918914,0.4310573077101274,18.196116135138183,unique_starts
312,143,318,112,4,20,32,10,20.0,19.491071428571427,25,112,4,28.0,112,0,0,0,0.9999999999999911,0.003425,0.003055,0.4310573077101274,0.4226365509545472,0.4310573077101274,20.22360679774998,unique_starts
313,144,2,352,6,52,39,1,13.0,12.767045454545455,24,352,6,58.666666666666664,352,82,82,82,0.6221198156682013,0.00326,0.00384,0.4284130917563028,0.49557695833984555,0.49557695833984555,13.138675049056307,unique_starts
314,144,8,58,3,20,8,5,11.0,11.120689655172415,17,58,3,19.333333333333332,58,607,607,607,-0.8255639097744348,0.00326,0.00305,0.4284130917563028,0.5406985617322061,0.5406985617322061,11.223606797749978,unique_starts
315,144,21,89,6,89,8,2,9.0,11.03370786516854,25,89,6,14.833333333333334,89,87,87,87,0.0113636363636363,0.00326,0.001335,0.4284130917563028,0.7000075364621832,0.7000075364621832,9.105999788000636,unique_starts
316,144,22,6,2,4,3,1,1.5,2.0,4,6,2,3.0,6,47,47,47,-0.7735849056603628,0.00326,0.00375,0.4284130917563028,0.6446610524678009,0.6446610524678009,2.0,unique_starts
317,144,79,464,9,98,52,1,10.0,9.801724137931034,20,464,9,51.55555555555556,464,8,0,0,0.9999999999999978,0.00326,0.003325,0.4284130917563028,0.5566279042981374,0.5566279042981374,10.101015254455222,unique_starts
318,144,139,33,3,11,12,1,4.0,4.121212121212121,9,33,3,11.0,33,3,3,3,0.8333333333333102,0.00326,0.00315,0.4284130917563028,0.5763001546805818,0.5763001546805818,4.301511344577763,unique_starts
319,144,167,49,4,16,18,20,24.0,23.551020408163264,25,49,4,12.25,49,27,27,27,0.28947368421052255,0.00326,0.002905,0.4284130917563028,0.5523326473861818,0.5523326473861818,24.25,unique_starts
320,144,171,384,11,107,49,9,18.0,17.666666666666668,25,384,11,34.90909090909091,384,0,0,0,0.9999999999999973,0.00326,0.00343,0.4284130917563028,0.6091865893282263,0.6091865893282263,18.096673648904567,unique_starts
321,144,179,102,9,102,10,1,8.0,11.490196078431373,25,102,9,11.333333333333334,102,84,84,84,0.09677419354838658,0.00326,0.00165,0.4284130917563028,0.5689519284458886,0.5689519284458886,8.099014754297668,unique_starts
322,144,229,164,3,22,30,1,10.0,11.323170731707316,25,164,3,54.666666666666664,164,63,0,0,0.9999999999999939,0.00326,0.00306,0.4284130917563028,0.23617874098724062,0.4284130917563028,10.21320071635561,unique_starts
323,144,315,57,2,15,8,1,8.0,8.12280701754386,15,57,2,28.5,57,9,0,0,0.9999999999999825,0.00326,0.00307,0.4284130917563028,0.5338410601299857,0.5338410601299857,8.258198889747161,unique_starts
324,144,335,919,12,196,136,8,18.0,18.064200217627857,25,919,12,76.58333333333333,919,1844,1844,1844,-0.3347810351067679,0.00326,0.003265,0.4284130917563028,0.33863745508677673,0.4284130917563028,18.071428571428573,unique_starts
325,144,410,75,8,38,20,16,23.0,22.96,25,75,8,9.375,75,0,0,0,0.9999999999999868,0.00326,0.002505,0.4284130917563028,0.5908932537877524,0.5908932537877524,23.162221421130763,unique_starts
326,144,463,260,11,190,26,6,14.0,14.796153846153846,25,260,11,23.636363636363637,260,0,0,0,0.9999999999999961,0.00326,0.00216,0.4284130917563028,0.5081641748793143,0.5081641748793143,14.072547625011001,unique_starts
327,146,8,1272,26,225,238,1,6.0,6.889150943396227,20,1272,26,48.92307692307692,1272,0,0,0,0.9999999999999993,0.00289,0.00305,0.49858717633061933,0.5406985617322061,0.5406985617322061,6.066666666666666,unique_starts
328,146,21,4,2,4,2,24,24.5,24.5,25,4,2,2.0,4,0,0,0,0.99999999999975,0.00289,0.001335,0.49858717633061933,0.7000075364621832,0.7000075364621832,25.0,unique_starts
329,146,22,270,8,45,49,13,20.0,19.603703703703705,25,270,8,33.75,270,0,0,0,0.9999999999999962,0.00289,0.00375,0.49858717633061933,0.6446610524678009,0.6446610524678009,20.149071198499986,unique_starts
330,146,42,10,2,3,6,1,2.5,2.7,5,10,2,5.0,10,0,0,0,0.9999999999999,0.00289,0.002905,0.49858717633061933,0.49705178564663943,0.49858717633061933,3.0773502691896257,unique_starts
331,146,50,229,8,52,57,17,23.0,22.759825327510917,25,229,8,28.625,229,215,215,215,0.03153153153153146,0.00289,0.00344,0.49858717633061933,0.4362745814366093,0.49858717633061933,23.138675049056307,unique_starts
332,146,79,734,16,100,151,1,14.0,13.970027247956404,24,734,16,45.875,734,444,444,444,0.2461799660441424,0.00289,0.003325,0.49858717633061933,0.5566279042981374,0.5566279042981374,14.1,unique_starts
333,146,171,290,12,63,67,15,21.0,21.217241379310344,25,290,12,24.166666666666668,290,2,0,0,0.9999999999999964,0.00289,0.00343,0.49858717633061933,0.6091865893282263,0.6091865893282263,21.12598815766974,unique_starts
334,146,179,16,5,16,5,21,23.5,23.3125,25,16,5,3.2,16,0,0,0,0.9999999999999376,0.00289,0.00165,0.49858717633061933,0.5689519284458886,0.5689519284458886,23.75,unique_starts
335,146,229,541,14,115,99,5,19.0,17.90388170055453,25,541,14,38.642857142857146,541,7,7,7,0.9744525547445237,0.00289,0.00306,0.49858717633061933,0.23617874098724062,0.49858717633061933,19.093250480824032,unique_starts
336,146,230,778,18,153,123,1,12.0,12.42159383033419,25,778,18,43.22222222222222,778,120,120,120,0.7327394209354112,0.00289,0.00344,0.49858717633061933,0.5276863910046072,0.5276863910046072,12.080845208345444,unique_starts
337,146,273,29,2,10,6,17,22.0,21.75862068965517,25,29,2,14.5,29,1,0,0,0.9999999999999656,0.00289,0.0032,0.49858717633061933,0.505500130278,0.505500130278,22.316227766016837,unique_starts
338,146,315,1090,13,233,199,2,13.0,13.173394495412843,24,1090,13,83.84615384615384,1090,825,825,825,0.13838120104438636,0.00289,0.00307,0.49858717633061933,0.5338410601299857,0.5338410601299857,13.065512178208042,unique_starts
339,146,371,7,2,7,2,17,20.0,20.285714285714285,25,7,2,3.5,7,15,15,15,-0.36363636363634716,0.00289,0.00072,0.49858717633061933,2.0840511964640234,2.0840511964640234,20.37796447300923,unique_starts
340,146,404,25,2,8,12,1,4.0,4.2,7,25,2,12.5,25,0,0,0,0.99999999999996,0.00289,0.00219,0.49858717633061933,0.5171261636058332,0.5171261636058332,4.353553390593274,unique_starts
341,146,410,10,5,10,5,21,24.5,23.9,25,10,5,2.0,10,229,229,229,-0.9163179916317954,0.00289,0.002505,0.49858717633061933,0.5908932537877524,0.5908932537877524,24.816227766016837,unique_starts
342,147,6,1065,15,139,134,2,14.0,14.603755868544601,25,1065,15,71.0,1065,264,264,264,0.6027088036117377,0.00412,0.003095,0.4966726365256857,0.5183369733262979,0.5183369733262979,14.084818892967997,unique_starts
343,147,21,16,3,16,3,15,18.5,18.6875,25,16,3,5.333333333333333,16,4,0,0,0.9999999999999376,0.00412,0.001335,0.4966726365256857,0.7000075364621832,0.7000075364621832,18.75,unique_starts
344,147,125,2532,22,338,353,7,19.0,18.9478672985782,25,2532,22,115.0909090909091,2532,2470,2470,2470,0.012395041983206715,0.00412,0.004175,0.4966726365256857,0.3723974808647528,0.4966726365256857,19.05439282932204,unique_starts
345,147,179,65,9,65,9,12,19.0,18.723076923076924,25,65,9,7.222222222222222,65,18,18,18,0.566265060240957,0.00412,0.00165,0.4966726365256857,0.5689519284458886,0.5689519284458886,19.12403473458921,unique_starts
346,147,217,334,8,57,59,1,17.0,16.188622754491018,25,334,8,41.75,334,2,0,0,0.9999999999999969,0.00412,0.003145,0.4966726365256857,0.5280768414975939,0.5280768414975939,17.132453235706503,unique_starts
347,147,224,105,3,20,21,11,22.0,21.047619047619047,25,105,3,35.0,105,33,33,33,0.5217391304347788,0.00412,0.003435,0.4966726365256857,0.5524327933598494,0.5524327933598494,22.22360679774998,unique_starts
348,147,281,94,9,32,29,19,24.0,23.30851063829787,25,94,9,10.444444444444445,94,6,0,0,0.9999999999999895,0.00412,0.003665,0.4966726365256857,0.5084243360159619,0.5084243360159619,24.17677669529664,unique_starts
349,147,304,21,4,9,11,16,24.0,21.952380952380953,25,21,4,5.25,21,20,0,0,0.9999999999999525,0.00412,0.003015,0.4966726365256857,0.5149114583441843,0.5149114583441843,24.333333333333332,unique_starts
350,147,309,850,18,224,119,1,10.0,10.83529411764706,25,850,18,47.22222222222222,850,1146,1146,1146,-0.14829659318637267,0.00412,0.003055,0.4966726365256857,0.48484104579254805,0.4966726365256857,10.066815310478106,unique_starts
351,147,385,345,7,65,49,9,20.0,19.205797101449274,25,345,7,49.285714285714285,345,361,361,361,-0.022662889518413564,0.00412,0.00381,0.4966726365256857,0.544885989019332,0.544885989019332,20.12403473458921,unique_starts
352,163,10,12,2,2,12,13,19.0,18.583333333333332,23,12,2,6.0,12,2,0,0,0.9999999999999166,0.000755,0.003525,0.8074492857931624,0.49946110985903625,0.8074492857931624,19.707106781186546,unique_starts
353,163,143,4,2,3,3,6,13.5,13.5,21,4,2,2.0,4,29,29,29,-0.7575757575757346,0.000755,0.003425,0.8074492857931624,0.4310573077101274,0.8074492857931624,14.077350269189626,unique_starts
354,163,146,8,2,3,8,8,10.0,9.75,11,8,2,4.0,8,1,0,0,0.999999999999875,0.000755,0.00289,0.8074492857931624,0.49858717633061933,0.8074492857931624,10.577350269189626,unique_starts
355,163,169,7,2,3,6,22,24.0,24.0,25,7,2,3.5,7,9,9,9,-0.1249999999999922,0.000755,0.003075,0.8074492857931624,0.5191317792488794,0.8074492857931624,24.577350269189626,unique_starts
356,163,199,14,2,4,12,14,20.5,19.642857142857142,24,14,2,7.0,14,79,79,79,-0.6989247311827882,0.000755,0.00268,0.8074492857931624,0.5690552560543798,0.8074492857931624,21.0,unique_starts
357,163,207,28,2,4,14,9,15.0,14.714285714285714,20,28,2,14.0,28,0,0,0,0.9999999999999644,0.000755,0.002905,0.8074492857931624,0.5142383888493315,0.8074492857931624,15.5,unique_starts
358,163,217,11,2,2,11,20,23.0,22.727272727272727,25,11,2,5.5,11,0,0,0,0.9999999999999091,0.000755,0.003145,0.8074492857931624,0.5280768414975939,0.8074492857931624,23.707106781186546,unique_starts
359,163,252,17,3,4,16,3,12.0,12.352941176470589,25,17,3,5.666666666666667,17,2,0,0,0.9999999999999413,0.000755,0.00348,0.8074492857931624,0.32521551737612986,0.8074492857931624,12.5,unique_starts
360,163,259,178,60,127,123,1,6.0,6.556179775280899,23,178,60,2.966666666666667,178,8,8,8,0.913978494623651,0.000755,0.00102,0.8074492857931624,1.0660615445434947,1.0660615445434947,6.0887356509416115,unique_starts
361,163,290,13,2,2,13,12,18.0,18.46153846153846,25,13,2,6.5,13,5,5,5,0.4444444444444198,0.000755,0.002905,0.8074492857931624,0.5506580655999675,0.8074492857931624,18.707106781186546,unique_starts
362,163,309,10,2,3,6,16,17.5,17.7,20,10,2,5.0,10,19,19,19,-0.3103448275861962,0.000755,0.003055,0.8074492857931624,0.48484104579254805,0.8074492857931624,18.077350269189626,unique_starts
363,163,371,5,4,5,4,1,1.0,8.8,21,5,4,1.25,5,28,28,28,-0.6969696969696758,0.000755,0.00072,0.8074492857931624,2.0840511964640234,2.0840511964640234,1.4472135954999579,unique_starts
364,163,382,18,3,5,16,6,9.0,8.944444444444445,12,18,3,6.0,18,6,0,0,0.9999999999999445,0.000755,0.00306,0.8074492857931624,0.5168753927781407,0.8074492857931624,9.447213595499958,unique_starts
365,163,398,13,2,3,12,7,11.0,11.461538461538462,17,13,2,6.5,13,4,0,0,0.9999999999999231,0.000755,0.00324,0.8074492857931624,0.4886541548049501,0.8074492857931624,11.577350269189626,unique_starts
366,163,404,58,9,14,53,10,15.0,15.017241379310345,25,58,9,6.444444444444445,58,39,39,39,0.19587628865979181,0.000755,0.00219,0.8074492857931624,0.5171261636058332,0.8074492857931624,15.267261241912424,unique_starts
367,163,410,17,2,3,11,4,7.0,6.705882352941177,10,17,2,8.5,17,2,0,0,0.9999999999999413,0.000755,0.002505,0.8074492857931624,0.5908932537877524,0.8074492857931624,7.577350269189626,unique_starts
368,167,7,61,4,16,14,2,10.0,11.049180327868852,21,61,4,15.25,61,7,7,7,0.7941176470588119,0.002905,0.00345,0.5523326473861818,0.473565075387291,0.5523326473861818,10.25,unique_starts
369,167,21,33,8,33,8,14,18.0,18.181818181818183,23,33,8,4.125,33,4,4,4,0.7837837837837626,0.002905,0.001335,0.5523326473861818,0.7000075364621832,0.7000075364621832,18.1740776559557,unique_starts
370,167,98,10,2,2,10,21,23.0,23.0,25,10,2,5.0,10,0,0,0,0.9999999999999,0.002905,0.00306,0.5523326473861818,0.34307339056976743,0.5523326473861818,23.707106781186546,unique_starts
371,167,133,26,3,10,7,1,5.0,6.923076923076923,25,26,3,8.666666666666666,26,0,0,0,0.9999999999999616,0.002905,0.003455,0.5523326473861818,0.40834813465235587,0.5523326473861818,5.316227766016838,unique_starts
372,167,143,447,14,89,86,1,10.0,10.807606263982104,25,447,14,31.928571428571427,447,0,0,0,0.9999999999999977,0.002905,0.003425,0.5523326473861818,0.4310573077101274,0.5523326473861818,10.105999788000636,unique_starts
373,167,144,27,4,9,16,21,24.0,23.77777777777778,25,27,4,6.75,27,49,49,49,-0.28947368421052255,0.002905,0.00326,0.5523326473861818,0.4284130917563028,0.5523326473861818,24.333333333333332,unique_starts
374,167,163,16,3,13,4,5,14.5,16.4375,25,16,3,5.333333333333333,16,0,0,0,0.9999999999999376,0.002905,0.000755,0.5523326473861818,0.8074492857931624,0.8074492857931624,14.777350098112615,unique_starts
375,167,179,26,5,26,5,13,18.0,18.307692307692307,24,26,5,5.2,26,24,24,24,0.039999999999999196,0.002905,0.00165,0.5523326473861818,0.5689519284458886,0.5689519284458886,18.196116135138183,unique_starts
376,167,261,708,12,100,114,1,9.0,10.52683615819209,25,708,12,59.0,708,25,0,0,0.9999999999999986,0.002905,0.003005,0.5523326473861818,0.3332476057918914,0.5523326473861818,9.1,unique_starts
377,167,273,12,4,9,6,20,24.0,23.583333333333332,25,12,4,3.0,12,14,0,0,0.9999999999999166,0.002905,0.0032,0.5523326473861818,0.505500130278,0.5523326473861818,24.333333333333332,unique_starts
378,167,290,10,2,4,4,1,3.0,2.8,5,10,2,5.0,10,0,0,0,0.9999999999999,0.002905,0.002905,0.5523326473861818,0.5506580655999675,0.5523326473861818,3.5,unique_starts
379,167,318,56,3,12,16,17,23.0,22.517857142857142,25,56,3,18.666666666666668,56,24,0,0,0.9999999999999821,0.002905,0.003055,0.5523326473861818,0.4226365509545472,0.5523326473861818,23.28867513459481,unique_starts
380,167,398,176,5,31,40,12,22.0,21.051136363636363,25,176,5,35.2,176,135,135,135,0.1318327974276523,0.002905,0.00324,0.5523326473861818,0.4886541548049501,0.5523326473861818,22.179605302026776,unique_starts
381,167,410,51,9,23,21,18,24.0,22.88235294117647,25,51,9,5.666666666666667,51,157,157,157,-0.5096153846153821,0.002905,0.002505,0.5523326473861818,0.5908932537877524,0.5908932537877524,24.208514414057074,unique_starts
382,167,429,199,11,49,55,18,23.0,22.56281407035176,25,199,11,18.09090909090909,199,247,247,247,-0.10762331838564998,0.002905,0.0033,0.5523326473861818,0.6319999683881292,0.6319999683881292,23.142857142857142,unique_starts
383,167,463,42,10,34,13,19,23.5,23.285714285714285,25,42,10,4.2,42,0,0,0,0.9999999999999761,0.002905,0.00216,0.5523326473861818,0.5081641748793143,0.5523326473861818,23.67149858514251,unique_starts
384,169,16,80,4,12,23,14,22.0,21.3125,25,80,4,20.0,80,164,164,164,-0.3442622950819658,0.003075,0.00306,0.5191317792488794,0.3930741805154096,0.5191317792488794,22.28867513459481,unique_starts
385,169,21,78,13,78,16,1,4.0,6.0256410256410255,25,78,13,6.0,78,51,51,51,0.20930232558139372,0.003075,0.001335,0.5191317792488794,0.7000075364621832,0.7000075364621832,4.113227703414459,unique_starts
386,169,22,60,6,20,19,12,19.0,19.383333333333333,25,60,6,10.0,60,498,498,498,-0.7849462365591383,0.003075,0.00375,0.5191317792488794,0.6446610524678009,0.6446610524678009,19.22360679774998,unique_starts
387,169,79,297,14,89,74,15,22.0,21.77104377104377,25,297,14,21.214285714285715,297,12,12,12,0.9223300970873756,0.003075,0.003325,0.5191317792488794,0.5566279042981374,0.5566279042981374,22.105999788000634,unique_starts
388,169,80,48,3,10,13,15,20.0,19.875,24,48,3,16.0,48,0,0,0,0.9999999999999791,0.003075,0.003105,0.5191317792488794,0.54911977059455,0.54911977059455,20.316227766016837,unique_starts
389,169,84,7,2,7,2,20,23.0,22.857142857142858,25,7,2,3.5,7,15,0,0,0.9999999999998571,0.003075,0.003185,0.5191317792488794,0.4087675614805981,0.5191317792488794,23.37796447300923,unique_starts
390,169,139,999,27,175,207,1,17.0,17.00900900900901,25,999,27,37.0,999,30,30,30,0.9416909620991245,0.003075,0.00315,0.5191317792488794,0.5763001546805818,0.5763001546805818,17.075592894601847,unique_starts
391,169,163,9,2,7,3,20,22.0,22.0,25,9,2,4.5,9,7,7,7,0.1249999999999922,0.003075,0.000755,0.5191317792488794,0.8074492857931624,0.8074492857931624,22.37796447300923,unique_starts
392,169,179,67,8,67,9,1,7.0,8.73134328358209,25,67,8,8.375,67,61,61,61,0.04687499999999964,0.003075,0.00165,0.5191317792488794,0.5689519284458886,0.5689519284458886,7.122169444356305,unique_starts
393,169,199,440,22,87,138,1,8.0,9.25,25,440,22,20.0,440,384,384,384,0.0679611650485436,0.003075,0.00268,0.5191317792488794,0.5690552560543798,0.5690552560543798,8.10721125348378,unique_starts
394,169,217,120,3,24,19,10,18.0,18.308333333333334,25,120,3,40.0,120,347,347,347,-0.48608137044967775,0.003075,0.003145,0.5191317792488794,0.5280768414975939,0.5280768414975939,18.20412414523193,unique_starts
395,169,229,42,3,11,12,16,21.0,20.928571428571427,25,42,3,14.0,42,9,9,9,0.647058823529399,0.003075,0.00306,0.5191317792488794,0.23617874098724062,0.5191317792488794,21.301511344577765,unique_starts
396,169,230,234,18,84,72,19,23.0,22.675213675213676,25,234,18,13.0,234,63,63,63,0.5757575757575738,0.003075,0.00344,0.5191317792488794,0.5276863910046072,0.5276863910046072,23.109108945117995,unique_starts
397,169,252,160,9,30,44,8,20.0,19.6125,25,160,9,17.77777777777778,160,420,420,420,-0.44827586206896475,0.003075,0.00348,0.5191317792488794,0.32521551737612986,0.5191317792488794,20.182574185835055,unique_starts
398,169,259,5,3,5,3,19,21.0,21.4,25,5,3,1.6666666666666667,5,26,26,26,-0.6774193548386879,0.003075,0.00102,0.5191317792488794,1.0660615445434947,1.0660615445434947,21.447213595499957,unique_starts
399,169,266,89,4,25,23,18,23.0,23.04494382022472,25,89,4,22.25,89,33,33,33,0.4590163934426192,0.003075,0.0038,0.5191317792488794,0.6115361362052629,0.6115361362052629,23.2,unique_starts
400,169,273,999,33,218,201,8,14.0,14.761761761761761,25,999,33,30.272727272727273,999,334,334,334,0.4988747186796696,0.003075,0.0032,0.5191317792488794,0.505500130278,0.5191317792488794,14.06772854614786,unique_starts
401,169,309,10,2,4,5,21,24.0,23.7,25,10,2,5.0,10,0,0,0,0.9999999999999,0.003075,0.003055,0.5191317792488794,0.48484104579254805,0.5191317792488794,24.5,unique_starts
402,169,371,11,4,8,5,8,18.0,16.818181818181817,20,11,4,2.75,11,0,0,0,0.9999999999999091,0.003075,0.00072,0.5191317792488794,2.0840511964640234,2.0840511964640234,18.353553390593273,unique_starts
403,169,385,209,12,45,60,15,22.0,21.669856459330145,25,209,12,17.416666666666668,209,77,77,77,0.4615384615384599,0.003075,0.00381,0.5191317792488794,0.544885989019332,0.544885989019332,22.149071198499986,unique_starts
404,169,404,3,2,2,3,14,15.0,15.0,16,3,2,1.5,3,439,439,439,-0.9864253393665136,0.003075,0.00219,0.5191317792488794,0.5171261636058332,0.5191317792488794,15.707106781186548,unique_starts
405,169,462,13,2,3,9,21,23.0,23.307692307692307,25,13,2,6.5,13,10,0,0,0.9999999999999231,0.003075,0.00335,0.5191317792488794,0.4622577751318516,0.5191317792488794,23.577350269189626,unique_starts
406,169,487,32,5,20,10,17,24.0,23.03125,25,32,5,6.4,32,7,7,7,0.6410256410256245,0.003075,0.00309,0.5191317792488794,0.4986519883489159,0.5191317792488794,24.22360679774998,unique_starts
407,171,2,9,2,5,5,23,25.0,24.444444444444443,25,9,2,4.5,9,12,12,12,-0.14285714285713608,0.00343,0.00384,0.6091865893282263,0.49557695833984555,0.6091865893282263,25.447213595499957,unique_starts
408,171,4,654,5,78,60,1,10.0,10.839449541284404,25,654,5,130.8,654,10,0,0,0.9999999999999984,0.00343,0.0034,0.6091865893282263,0.42665327824002786,0.6091865893282263,10.11322770341446,unique_starts
409,171,8,209,17,69,78,1,21.0,18.27751196172249,25,209,17,12.294117647058824,209,933,933,933,-0.6339754816112079,0.00343,0.00305,0.6091865893282263,0.5406985617322061,0.6091865893282263,21.120385853085768,unique_starts
410,171,22,38,5,6,37,10,19.5,19.18421052631579,25,38,5,7.6,38,32,32,32,0.0857142857142845,0.00343,0.00375,0.6091865893282263,0.6446610524678009,0.6446610524678009,19.908248290463863,unique_starts
411,171,42,88,12,19,83,1,4.0,5.5,25,88,12,7.333333333333333,88,823,823,823,-0.8068057080131714,0.00343,0.002905,0.6091865893282263,0.49705178564663943,0.6091865893282263,4.229415733870562,unique_starts
412,171,63,3,2,3,3,1,1.0,9.0,25,3,2,1.5,3,324,324,324,-0.9816513761467859,0.00343,0.00318,0.6091865893282263,0.5301456261038152,0.6091865893282263,1.5773502691896257,unique_starts
413,171,79,119,15,54,61,12,24.0,22.81512605042017,25,119,15,7.933333333333334,119,1305,1305,1305,-0.8328651685393254,0.00343,0.003325,0.6091865893282263,0.5566279042981374,0.6091865893282263,24.136082763487956,unique_starts
414,171,80,96,11,37,64,12,22.0,20.833333333333332,25,96,11,8.727272727272727,96,1254,1254,1254,-0.8577777777777772,0.00343,0.003105,0.6091865893282263,0.54911977059455,0.6091865893282263,22.164398987305358,unique_starts
415,171,163,37,2,23,3,1,7.0,7.27027027027027,15,37,2,18.5,37,2,0,0,0.9999999999999729,0.00343,0.000755,0.6091865893282263,0.8074492857931624,0.8074492857931624,7.208514414057075,unique_starts
416,171,173,239,19,131,42,1,5.0,6.2259414225941425,19,239,19,12.578947368421053,239,17,17,17,0.8671874999999966,0.00343,0.002675,0.6091865893282263,0.5108604177721788,0.6091865893282263,5.087370405666104,unique_starts
417,171,230,129,20,59,55,18,24.0,23.5968992248062,25,129,20,6.45,129,328,328,328,-0.4354485776805242,0.00343,0.00344,0.6091865893282263,0.5276863910046072,0.6091865893282263,24.130188910980824,unique_starts
418,171,259,25,3,25,3,4,9.0,9.68,18,25,3,8.333333333333334,25,6,6,6,0.6129032258064319,0.00343,0.00102,0.6091865893282263,1.0660615445434947,1.0660615445434947,9.2,unique_starts
419,171,410,739,50,336,136,1,12.0,11.784844384303112,24,739,50,14.78,739,8,8,8,0.978580990629182,0.00343,0.002505,0.6091865893282263,0.5908932537877524,0.6091865893282263,12.054554472558998,unique_starts
420,173,42,1095,29,197,210,1,16.0,14.860273972602739,25,1095,29,37.758620689655174,1095,161,161,161,0.7436305732484071,0.002675,0.002905,0.5108604177721788,0.49705178564663943,0.5108604177721788,16.07124704998791,unique_starts
421,173,50,31,2,7,11,6,10.0,10.451612903225806,15,31,2,15.5,31,14,0,0,0.9999999999999678,0.002675,0.00344,0.5108604177721788,0.4362745814366093,0.5108604177721788,10.377964473009227,unique_starts
422,173,63,212,7,56,39,7,14.0,14.31132075471698,22,212,7,30.285714285714285,212,1,0,0,0.9999999999999953,0.002675,0.00318,0.5108604177721788,0.5301456261038152,0.5301456261038152,14.133630620956213,unique_starts
423,173,80,102,12,39,49,14,22.0,21.392156862745097,25,102,12,8.5,102,293,293,293,-0.4835443037974671,0.002675,0.003105,0.5108604177721788,0.54911977059455,0.54911977059455,22.160128153805086,unique_starts
424,173,146,42,3,18,13,1,12.0,11.952380952380953,21,42,3,14.0,42,7,0,0,0.9999999999999761,0.002675,0.00289,0.5108604177721788,0.49858717633061933,0.5108604177721788,12.235702260395517,unique_starts
425,173,171,17,5,7,12,1,23.0,18.176470588235293,25,17,5,3.4,17,239,239,239,-0.8671874999999966,0.002675,0.00343,0.5108604177721788,0.6091865893282263,0.6091865893282263,23.37796447300923,unique_starts
426,173,175,21,4,9,13,21,24.0,23.761904761904763,25,21,4,5.25,21,86,86,86,-0.6074766355140131,0.002675,0.00503,0.5108604177721788,0.7573380297747923,0.7573380297747923,24.333333333333332,unique_starts
427,173,207,15,2,2,15,11,16.0,15.666666666666666,20,15,2,7.5,15,0,0,0,0.9999999999999333,0.002675,0.002905,0.5108604177721788,0.5142383888493315,0.5142383888493315,16.707106781186546,unique_starts
428,173,382,48,3,27,6,8,15.0,15.291666666666666,25,48,3,16.0,48,0,0,0,0.9999999999999791,0.002675,0.00306,0.5108604177721788,0.5168753927781407,0.5168753927781407,15.192450089729876,unique_starts
429,173,410,44,17,32,28,1,8.5,8.318181818181818,10,44,17,2.588235294117647,44,2,0,0,0.9999999999999772,0.002675,0.002505,0.5108604177721788,0.5908932537877524,0.5908932537877524,8.676776695296637,unique_starts
430,175,2,162,7,34,39,1,17.0,15.654320987654321,25,162,7,23.142857142857142,162,82,82,82,0.32786885245901504,0.00503,0.00384,0.7573380297747923,0.49557695833984555,0.7573380297747923,17.17149858514251,unique_starts
431,175,7,37,3,9,14,19,23.0,22.64864864864865,25,37,3,12.333333333333334,37,53,53,53,-0.17777777777777581,0.00503,0.00345,0.7573380297747923,0.473565075387291,0.7573380297747923,23.333333333333332,unique_starts
432,175,10,133,8,42,40,19,24.0,23.30075187969925,25,133,8,16.625,133,69,69,69,0.3168316831683153,0.00503,0.003525,0.7573380297747923,0.49946110985903625,0.7573380297747923,24.154303349962092,unique_starts
433,175,21,161,16,139,19,1,7.0,9.049689440993788,25,161,16,10.0625,161,221,221,221,-0.1570680628272247,0.00503,0.001335,0.7573380297747923,0.7000075364621832,0.7573380297747923,7.084818892967997,unique_starts
434,175,22,29,2,7,10,1,18.0,17.517241379310345,22,29,2,14.5,29,82,82,82,-0.4774774774774732,0.00503,0.00375,0.7573380297747923,0.6446610524678009,0.7573380297747923,18.37796447300923,unique_starts
435,175,42,5,3,4,4,24,25.0,24.8,25,5,3,1.6666666666666667,5,506,506,506,-0.9804305283757319,0.00503,0.002905,0.7573380297747923,0.49705178564663943,0.7573380297747923,25.5,unique_starts
436,175,80,1350,31,222,235,1,10.0,10.407407407407407,25,1350,31,43.54838709677419,1350,89,89,89,0.8763029881862399,0.00503,0.003105,0.7573380297747923,0.54911977059455,0.7573380297747923,10.067115605521403,unique_starts
437,175,117,578,23,127,132,13,22.0,21.157439446366784,25,578,23,25.130434782608695,578,56,56,56,0.8233438485804403,0.00503,0.002995,0.7573380297747923,0.4921561459247037,0.7573380297747923,22.08873565094161,unique_starts
438,175,133,46,3,16,11,18,23.0,22.5,25,46,3,15.333333333333334,46,76,76,76,-0.2459016393442603,0.00503,0.003455,0.7573380297747923,0.40834813465235587,0.7573380297747923,23.25,unique_starts
439,175,139,495,31,144,180,1,4.0,4.402020202020202,15,495,31,15.96774193548387,495,235,235,235,0.3561643835616433,0.00503,0.00315,0.7573380297747923,0.5763001546805818,0.7573380297747923,4.083333333333333,unique_starts
440,175,171,398,16,88,79,9,20.0,19.27889447236181,25,398,16,24.875,398,0,0,0,0.9999999999999974,0.00503,0.00343,0.7573380297747923,0.6091865893282263,0.7573380297747923,20.106600358177804,unique_starts
441,175,173,86,11,54,19,15,23.0,22.453488372093023,25,86,11,7.818181818181818,86,21,21,21,0.6074766355140131,0.00503,0.002675,0.7573380297747923,0.5108604177721788,0.7573380297747923,23.136082763487956,unique_starts
442,175,179,132,19,132,21,1,5.0,6.674242424242424,25,132,19,6.947368421052632,132,136,136,136,-0.0149253731343283,0.00503,0.00165,0.7573380297747923,0.5689519284458886,0.7573380297747923,5.087038827977849,unique_starts
443,175,199,48,6,33,14,18,23.0,22.416666666666668,25,48,6,8.0,48,6,6,6,0.7777777777777634,0.00503,0.00268,0.7573380297747923,0.5690552560543798,0.7573380297747923,23.1740776559557,unique_starts
444,175,273,15,2,4,9,1,3.0,3.2,6,15,2,7.5,15,12,0,0,0.9999999999999333,0.00503,0.0032,0.7573380297747923,0.505500130278,0.7573380297747923,3.5,unique_starts
445,175,281,1417,22,206,216,8,16.0,16.55116443189838,25,1417,22,64.4090909090909,1417,920,920,920,0.21266581086863492,0.00503,0.003665,0.7573380297747923,0.5084243360159619,0.7573380297747923,16.069673301429162,unique_starts
446,175,410,41,5,30,8,17,23.0,22.048780487804876,25,41,5,8.2,41,26,26,26,0.22388059701492205,0.00503,0.002505,0.7573380297747923,0.5908932537877524,0.7573380297747923,23.182574185835055,unique_starts
447,175,463,501,31,282,73,6,11.0,12.401197604790418,25,501,31,16.161290322580644,501,0,0,0,0.999999999999998,0.00503,0.00216,0.7573380297747923,0.5081641748793143,0.7573380297747923,11.05954913341754,unique_starts
448,179,2,76,5,7,76,6,13.5,14.763157894736842,25,76,5,15.2,76,110,110,110,-0.18279569892473022,0.00165,0.00384,0.5689519284458886,0.49557695833984555,0.5689519284458886,13.877964473009227,unique_starts
449,179,6,47,10,12,47,7,10.0,12.808510638297872,25,47,10,4.7,47,184,184,184,-0.5930735930735905,0.00165,0.003095,0.5689519284458886,0.5183369733262979,0.5689519284458886,10.288675134594813,unique_starts
450,179,7,30,6,7,30,17,21.0,21.3,25,30,6,5.0,30,32,32,32,-0.03225806451612851,0.00165,0.00345,0.5689519284458886,0.473565075387291,0.5689519284458886,21.37796447300923,unique_starts
451,179,8,3,2,2,3,19,23.0,22.0,24,3,2,1.5,3,102,102,102,-0.942857142857134,0.00165,0.00305,0.5689519284458886,0.5406985617322061,0.5689519284458886,23.707106781186546,unique_starts
452,179,10,52,12,12,52,17,22.5,22.01923076923077,25,52,12,4.333333333333333,52,17,17,17,0.5072463768115869,0.00165,0.003525,0.5689519284458886,0.49946110985903625,0.5689519284458886,22.78867513459481,unique_starts
453,179,22,13,4,4,13,7,20.0,17.846153846153847,25,13,4,3.25,13,246,246,246,-0.899613899613896,0.00165,0.00375,0.5689519284458886,0.6446610524678009,0.6446610524678009,20.5,unique_starts
454,179,79,45,8,8,45,14,21.0,21.133333333333333,25,45,8,5.625,45,4,4,4,0.836734693877534,0.00165,0.003325,0.5689519284458886,0.5566279042981374,0.5689519284458886,21.353553390593273,unique_starts
455,179,80,69,15,16,69,12,20.0,19.347826086956523,25,69,15,4.6,69,4,4,4,0.8904109589040975,0.00165,0.003105,0.5689519284458886,0.54911977059455,0.5689519284458886,20.25,unique_starts
456,179,98,10,2,2,10,20,23.0,22.9,25,10,2,5.0,10,31,31,31,-0.512195121951207,0.00165,0.00306,0.5689519284458886,0.34307339056976743,0.5689519284458886,23.707106781186546,unique_starts
457,179,117,150,25,28,145,11,19.0,18.32,25,150,25,6.0,150,15,15,15,0.8181818181818132,0.00165,0.002995,0.5689519284458886,0.4921561459247037,0.5689519284458886,19.188982236504614,unique_starts
458,179,139,116,27,27,116,7,11.5,11.594827586206897,20,116,27,4.296296296296297,116,25,25,25,0.6453900709219813,0.00165,0.00315,0.5689519284458886,0.5763001546805818,0.5763001546805818,11.692450089729876,unique_starts
459,179,143,10,3,3,10,15,19.5,20.2,25,10,3,3.3333333333333335,10,6,0,0,0.9999999999999,0.00165,0.003425,0.5689519284458886,0.4310573077101274,0.5689519284458886,20.077350269189626,unique_starts
460,179,144,84,10,10,84,7,11.0,12.69047619047619,25,84,10,8.4,84,102,102,102,-0.09677419354838658,0.00165,0.00326,0.5689519284458886,0.4284130917563028,0.5689519284458886,11.316227766016837,unique_starts
461,179,147,18,5,5,18,16,22.5,21.944444444444443,25,18,5,3.6,18,65,65,65,-0.566265060240957,0.00165,0.00412,0.5689519284458886,0.4966726365256857,0.5689519284458886,22.947213595499957,unique_starts
462,179,167,24,4,4,24,18,21.5,21.583333333333332,25,24,4,6.0,24,26,26,26,-0.039999999999999196,0.00165,0.002905,0.5689519284458886,0.5523326473861818,0.5689519284458886,22.0,unique_starts
463,179,169,61,17,19,61,7,9.0,10.737704918032787,25,61,17,3.588235294117647,61,67,67,67,-0.04687499999999964,0.00165,0.003075,0.5689519284458886,0.5191317792488794,0.5689519284458886,9.229415733870562,unique_starts
464,179,171,3,3,3,3,25,25.0,25.0,25,3,3,1.0,3,1,0,0,0.9999999999996666,0.00165,0.00343,0.5689519284458886,0.6091865893282263,0.6091865893282263,25.577350269189626,unique_starts
465,179,175,136,19,22,136,7,11.0,11.867647058823529,25,136,19,7.157894736842105,136,132,132,132,0.0149253731343283,0.00165,0.00503,0.5689519284458886,0.7573380297747923,0.7573380297747923,11.21320071635561,unique_starts
466,179,199,111,24,26,111,10,15.0,16.07207207207207,25,111,24,4.625,111,20,20,20,0.694656488549613,0.00165,0.00268,0.5689519284458886,0.5690552560543798,0.5690552560543798,15.196116135138183,unique_starts
467,179,217,30,6,6,30,8,14.0,14.633333333333333,25,30,6,5.0,30,204,204,204,-0.7435897435897404,0.00165,0.003145,0.5689519284458886,0.5280768414975939,0.5689519284458886,14.408248290463863,unique_starts
468,179,229,12,3,3,12,15,17.0,17.166666666666668,19,12,3,4.0,12,31,31,31,-0.44186046511626875,0.00165,0.00306,0.5689519284458886,0.23617874098724062,0.5689519284458886,17.577350269189626,unique_starts
469,179,230,8,2,2,8,18,21.5,21.25,25,8,2,4.0,8,54,54,54,-0.7419354838709558,0.00165,0.00344,0.5689519284458886,0.5276863910046072,0.5689519284458886,22.207106781186546,unique_starts
470,179,252,3,2,3,3,16,17.0,19.333333333333332,25,3,2,1.5,3,28,28,28,-0.8064516129031999,0.00165,0.00348,0.5689519284458886,0.32521551737612986,0.5689519284458886,17.577350269189626,unique_starts
471,179,261,13,5,5,13,16,19.0,20.153846153846153,25,13,5,2.6,13,31,31,31,-0.4090909090908998,0.00165,0.003005,0.5689519284458886,0.3332476057918914,0.5689519284458886,19.447213595499957,unique_starts
472,179,273,112,17,17,112,7,11.0,12.741071428571429,25,112,17,6.588235294117647,112,65,65,65,0.2655367231638403,0.00165,0.0032,0.5689519284458886,0.505500130278,0.5689519284458886,11.242535625036332,unique_starts
473,179,281,177,20,24,177,7,11.0,12.76271186440678,25,177,20,8.85,177,115,115,115,0.21232876712328694,0.00165,0.003665,0.5689519284458886,0.5084243360159619,0.5689519284458886,11.204124145231932,unique_starts
474,179,309,53,11,13,53,17,21.0,20.81132075471698,25,53,11,4.818181818181818,53,61,61,61,-0.07017543859649061,0.00165,0.003055,0.5689519284458886,0.48484104579254805,0.5689519284458886,21.277350098112613,unique_starts
475,179,315,34,6,7,34,12,19.5,19.11764705882353,25,34,6,5.666666666666667,34,14,14,14,0.41666666666665797,0.00165,0.00307,0.5689519284458886,0.5338410601299857,0.5689519284458886,19.87796447300923,unique_starts
476,179,335,76,7,7,76,7,18.0,16.82894736842105,25,76,7,10.857142857142858,76,87,87,87,-0.0674846625766867,0.00165,0.003265,0.5689519284458886,0.33863745508677673,0.5689519284458886,18.37796447300923,unique_starts
477,179,385,12,2,3,12,17,19.5,19.916666666666668,24,12,2,6.0,12,37,37,37,-0.5102040816326426,0.00165,0.00381,0.5689519284458886,0.544885989019332,0.5689519284458886,20.077350269189626,unique_starts
478,199,3,7,2,4,4,23,25.0,24.428571428571427,25,7,2,3.5,7,0,0,0,0.9999999999998571,0.00268,0.003565,0.5690552560543798,0.5904218374331804,0.5904218374331804,25.5,unique_starts
479,199,10,152,9,25,76,1,5.0,5.980263157894737,17,152,9,16.88888888888889,152,8,0,0,0.9999999999999934,0.00268,0.003525,0.5690552560543798,0.49946110985903625,0.5690552560543798,5.2,unique_starts
480,199,16,293,7,37,82,8,20.0,19.81911262798635,25,293,7,41.857142857142854,293,419,419,419,-0.1769662921348312,0.00268,0.00306,0.5690552560543798,0.3930741805154096,0.5690552560543798,20.164398987305358,unique_starts
481,199,21,43,10,43,10,16,19.0,19.72093023255814,24,43,10,4.3,43,66,66,66,-0.21100917431192467,0.00268,0.001335,0.5690552560543798,0.7000075364621832,0.7000075364621832,19.152498570332604,unique_starts
482,199,42,7,3,7,3,1,24.0,20.571428571428573,25,7,3,2.3333333333333335,7,4,0,0,0.9999999999998571,0.00268,0.002905,0.5690552560543798,0.49705178564663943,0.5690552560543798,24.37796447300923,unique_starts
483,199,46,17,2,7,6,20,24.0,23.529411764705884,25,17,2,8.5,17,7,0,0,0.9999999999999413,0.00268,0.00281,0.5690552560543798,0.4994811286042713,0.5690552560543798,24.37796447300923,unique_starts
484,199,117,71,7,24,20,1,5.0,6.0,16,71,7,10.142857142857142,71,191,191,191,-0.45801526717557073,0.00268,0.002995,0.5690552560543798,0.4921561459247037,0.5690552560543798,5.204124145231932,unique_starts
485,199,163,79,10,57,16,10,15.0,14.848101265822784,21,79,10,7.9,79,14,14,14,0.6989247311827882,0.00268,0.000755,0.5690552560543798,0.8074492857931624,0.8074492857931624,15.132453235706505,unique_starts
486,199,169,384,19,102,88,6,16.0,16.020833333333332,24,384,19,20.210526315789473,384,440,440,440,-0.0679611650485436,0.00268,0.003075,0.5690552560543798,0.5191317792488794,0.5690552560543798,16.099014754297666,unique_starts
487,199,171,58,2,11,10,2,14.0,12.60344827586207,21,58,2,29.0,58,0,0,0,0.9999999999999827,0.00268,0.00343,0.5690552560543798,0.6091865893282263,0.6091865893282263,14.301511344577763,unique_starts
488,199,175,6,3,4,5,24,25.0,24.666666666666668,25,6,3,2.0,6,48,48,48,-0.7777777777777634,0.00268,0.00503,0.5690552560543798,0.7573380297747923,0.7573380297747923,25.5,unique_starts
489,199,179,20,6,20,6,16,19.5,19.65,23,20,6,3.3333333333333335,20,111,111,111,-0.694656488549613,0.00268,0.00165,0.5690552560543798,0.5689519284458886,0.5690552560543798,19.72360679774998,unique_starts
490,199,252,263,9,45,65,1,20.0,19.05703422053232,25,263,9,29.22222222222222,263,672,672,672,-0.4374331550802134,0.00268,0.00348,0.5690552560543798,0.32521551737612986,0.5690552560543798,20.149071198499986,unique_starts
491,199,259,78,11,61,17,15,20.0,19.794871794871796,25,78,11,7.090909090909091,78,41,41,41,0.31092436974789656,0.00268,0.00102,0.5690552560543798,1.0660615445434947,1.0660615445434947,20.128036879932896,unique_starts
492,199,266,363,17,75,106,10,19.0,18.889807162534435,25,363,17,21.352941176470587,363,152,152,152,0.40970873786407686,0.00268,0.0038,0.5690552560543798,0.6115361362052629,0.6115361362052629,19.115470053837925,unique_starts
493,199,273,45,10,24,25,22,25.0,24.31111111111111,25,45,10,4.5,45,132,132,132,-0.4915254237288108,0.00268,0.0032,0.5690552560543798,0.505500130278,0.5690552560543798,25.20412414523193,unique_starts
494,199,281,72,5,13,29,8,15.0,14.541666666666666,19,72,5,14.4,72,138,138,138,-0.3142857142857128,0.00268,0.003665,0.5690552560543798,0.5084243360159619,0.5690552560543798,15.277350098112615,unique_starts
495,199,290,19,3,9,9,22,24.0,24.210526315789473,25,19,3,6.333333333333333,19,45,45,45,-0.40624999999999367,0.00268,0.002905,0.5690552560543798,0.5506580655999675,0.5690552560543798,24.333333333333332,unique_starts
496,199,324,118,4,16,34,5,13.0,13.932203389830509,25,118,4,29.5,118,0,0,0,0.9999999999999916,0.00268,0.00328,0.5690552560543798,0.38585339304776145,0.5690552560543798,13.25,unique_starts
497,199,335,24,2,6,8,12,16.0,16.166666666666668,21,24,2,12.0,24,99,99,99,-0.6097560975609707,0.00268,0.003265,0.5690552560543798,0.33863745508677673,0.5690552560543798,16.408248290463863,unique_starts
498,199,371,17,3,17,3,12,16.0,17.11764705882353,24,17,3,5.666666666666667,17,4,0,0,0.9999999999999413,0.00268,0.00072,0.5690552560543798,2.0840511964640234,2.0840511964640234,16.242535625036332,unique_starts
499,199,382,41,2,10,8,9,20.0,18.463414634146343,25,41,2,20.5,41,15,0,0,0.9999999999999756,0.00268,0.00306,0.5690552560543798,0.5168753927781407,0.5690552560543798,20.316227766016837,unique_starts
500,199,404,33,7,18,13,1,7.0,8.727272727272727,25,33,7,4.714285714285714,33,61,61,61,-0.29787234042552874,0.00268,0.00219,0.5690552560543798,0.5171261636058332,0.5690552560543798,7.235702260395516,unique_starts
501,199,462,484,13,71,120,1,17.0,16.00206611570248,25,484,13,37.23076923076923,484,14,14,14,0.9437751004016045,0.00268,0.00335,0.5690552560543798,0.4622577751318516,0.5690552560543798,17.118678165819386,unique_starts
502,199,487,317,13,88,47,6,14.0,14.731861198738171,25,317,13,24.384615384615383,317,204,204,204,0.2168905950095965,0.00268,0.00309,0.5690552560543798,0.4986519883489159,0.5690552560543798,14.106600358177806,unique_starts
503,207,21,10,5,10,5,19,24.0,23.5,25,10,5,2.0,10,0,0,0,0.9999999999999,0.002905,0.001335,0.5142383888493315,0.7000075364621832,0.7000075364621832,24.316227766016837,unique_starts
504,207,133,35,2,8,12,8,20.0,18.97142857142857,25,35,2,17.5,35,7,7,7,0.6666666666666508,0.002905,0.003455,0.5142383888493315,0.40834813465235587,0.5142383888493315,20.353553390593273,unique_starts
505,207,143,242,4,36,36,9,19.0,18.74380165289256,25,242,4,60.5,242,0,0,0,0.9999999999999959,0.002905,0.003425,0.5142383888493315,0.4310573077101274,0.5142383888493315,19.166666666666668,unique_starts
506,207,167,1255,31,232,234,1,7.0,7.785657370517928,20,1255,31,40.483870967741936,1255,0,0,0,0.9999999999999992,0.002905,0.002905,0.5142383888493315,0.5523326473861818,0.5523326473861818,7.065653216429861,unique_starts
507,207,179,15,4,15,4,21,24.0,23.4,25,15,4,3.75,15,0,0,0,0.9999999999999333,0.002905,0.00165,0.5142383888493315,0.5689519284458886,0.5689519284458886,24.25819888974716,unique_starts
508,207,259,13,2,10,3,19,23.0,22.692307692307693,25,13,2,6.5,13,25,25,25,-0.3157894736842022,0.002905,0.00102,0.5142383888493315,1.0660615445434947,1.0660615445434947,23.316227766016837,unique_starts
509,207,371,22,3,16,4,16,20.0,19.59090909090909,23,22,3,7.333333333333333,22,4,0,0,0.9999999999999546,0.002905,0.00072,0.5142383888493315,2.0840511964640234,2.0840511964640234,20.25,unique_starts
510,207,398,95,7,30,32,18,24.0,23.263157894736842,25,95,7,13.571428571428571,95,317,317,317,-0.5388349514563093,0.002905,0.00324,0.5142383888493315,0.4886541548049501,0.5142383888493315,24.182574185835055,unique_starts
511,207,410,11,4,10,5,21,24.0,23.90909090909091,25,11,4,2.75,11,122,122,122,-0.8345864661654073,0.002905,0.002505,0.5142383888493315,0.5908932537877524,0.5908932537877524,24.316227766016837,unique_starts
512,207,429,47,7,22,19,18,24.0,23.25531914893617,25,47,7,6.714285714285714,47,93,93,93,-0.32857142857142624,0.002905,0.0033,0.5142383888493315,0.6319999683881292,0.6319999683881292,24.21320071635561,unique_starts
513,217,6,26,2,16,6,1,4.5,4.615384615384615,9,26,2,13.0,26,1,0,0,0.9999999999999616,0.003145,0.003095,0.5280768414975939,0.5183369733262979,0.5280768414975939,4.75,unique_starts
514,217,7,66,3,19,16,18,23.0,22.954545454545453,25,66,3,22.0,66,2,0,0,0.9999999999999849,0.003145,0.00345,0.5280768414975939,0.473565075387291,0.5280768414975939,23.22941573387056,unique_starts
515,217,21,56,7,56,8,2,6.0,8.0,25,56,7,8.0,56,16,16,16,0.5555555555555479,0.003145,0.001335,0.5280768414975939,0.7000075364621832,0.7000075364621832,6.133630620956212,unique_starts
516,217,84,42,2,6,14,8,16.0,15.119047619047619,21,42,2,21.0,42,198,198,198,-0.6499999999999974,0.003145,0.003185,0.5280768414975939,0.4087675614805981,0.5280768414975939,16.408248290463863,unique_starts
517,217,117,511,18,131,98,13,22.0,21.868884540117417,25,511,18,28.38888888888889,511,0,0,0,0.999999999999998,0.003145,0.002995,0.5280768414975939,0.4921561459247037,0.5280768414975939,22.087370405666103,unique_starts
518,217,125,11,2,2,11,16,21.0,20.727272727272727,25,11,2,5.5,11,291,291,291,-0.9271523178807916,0.003145,0.004175,0.5280768414975939,0.3723974808647528,0.5280768414975939,21.707106781186546,unique_starts
519,217,143,43,3,21,10,18,23.0,22.697674418604652,25,43,3,14.333333333333334,43,0,0,0,0.9999999999999767,0.003145,0.003425,0.5280768414975939,0.4310573077101274,0.5280768414975939,23.21821789023599,unique_starts
520,217,167,4,2,3,3,24,25.0,24.75,25,4,2,2.0,4,0,0,0,0.99999999999975,0.003145,0.002905,0.5280768414975939,0.5523326473861818,0.5523326473861818,25.577350269189626,unique_starts
521,217,169,347,12,110,44,9,16.0,16.26801152737752,25,347,12,28.916666666666668,347,120,120,120,0.48608137044967775,0.003145,0.003075,0.5280768414975939,0.5191317792488794,0.5280768414975939,16.095346258924558,unique_starts
522,217,179,204,23,193,25,2,7.0,6.823529411764706,21,204,23,8.869565217391305,204,30,30,30,0.7435897435897404,0.003145,0.00165,0.5280768414975939,0.5689519284458886,0.5689519284458886,7.07198157507487,unique_starts
523,217,199,362,12,95,52,14,21.0,20.994475138121548,25,362,12,30.166666666666668,362,0,0,0,0.9999999999999972,0.003145,0.00268,0.5280768414975939,0.5690552560543798,0.5690552560543798,21.102597835208517,unique_starts
524,217,224,56,4,11,25,16,23.0,22.339285714285715,25,56,4,14.0,56,266,266,266,-0.6521739130434762,0.003145,0.003435,0.5280768414975939,0.5524327933598494,0.5524327933598494,23.301511344577765,unique_starts
525,217,252,4,2,4,2,23,24.5,24.25,25,4,2,2.0,4,0,0,0,0.99999999999975,0.003145,0.00348,0.5280768414975939,0.32521551737612986,0.5280768414975939,25.0,unique_starts
526,217,281,39,2,12,9,11,17.0,17.076923076923077,23,39,2,19.5,39,0,0,0,0.9999999999999744,0.003145,0.003665,0.5280768414975939,0.5084243360159619,0.5280768414975939,17.28867513459481,unique_starts
527,217,309,12,2,2,12,1,6.5,7.833333333333333,16,12,2,6.0,12,137,137,137,-0.8389261744966386,0.003145,0.003055,0.5280768414975939,0.48484104579254805,0.5280768414975939,7.207106781186548,unique_starts
528,217,385,39,5,19,16,1,8.0,7.076923076923077,13,39,5,7.8,39,1296,1296,1296,-0.9415730337078645,0.003145,0.00381,0.5280768414975939,0.544885989019332,0.544885989019332,8.229415733870562,unique_starts
529,224,84,12,3,12,3,15,19.0,19.166666666666668,25,12,3,4.0,12,21,21,21,-0.27272727272726444,0.003435,0.003185,0.5524327933598494,0.4087675614805981,0.5524327933598494,19.28867513459481,unique_starts
530,224,120,2500,33,361,300,1,12.0,12.3204,25,2500,33,75.75757575757575,2500,0,0,0,0.9999999999999997,0.003435,0.00351,0.5524327933598494,0.6286366289947183,0.6286366289947183,12.052631578947368,unique_starts
531,224,125,91,2,10,15,12,21.0,20.21978021978022,25,91,2,45.5,91,52,52,52,0.2727272727272708,0.003435,0.004175,0.5524327933598494,0.3723974808647528,0.5524327933598494,21.316227766016837,unique_starts
532,224,147,33,3,15,9,12,18.0,18.939393939393938,25,33,3,11.0,33,105,105,105,-0.5217391304347788,0.003435,0.00412,0.5524327933598494,0.4966726365256857,0.5524327933598494,18.25819888974716,unique_starts
533,224,217,266,13,80,61,11,22.0,20.99624060150376,25,266,13,20.46153846153846,266,56,56,56,0.6521739130434762,0.003435,0.003145,0.5524327933598494,0.5280768414975939,0.5524327933598494,22.11180339887499,unique_starts
534,224,259,10,2,8,3,21,24.0,23.6,25,10,2,5.0,10,17,17,17,-0.2592592592592497,0.003435,0.00102,0.5524327933598494,1.0660615445434947,1.0660615445434947,24.353553390593273,unique_starts
535,224,304,954,30,315,111,1,6.0,6.982180293501048,19,954,30,31.8,954,1849,1849,1849,-0.3193007491972885,0.003435,0.003015,0.5524327933598494,0.5149114583441843,0.5524327933598494,6.056343616981901,unique_starts
536,224,309,99,6,47,12,10,18.0,17.525252525252526,24,99,6,16.5,99,607,607,607,-0.7195467422096307,0.003435,0.003055,0.5524327933598494,0.48484104579254805,0.5524327933598494,18.145864991497895,unique_starts
537,224,385,571,11,96,84,6,19.0,19.010507880910684,25,571,11,51.90909090909091,571,1173,1173,1173,-0.34518348623853196,0.003435,0.00381,0.5524327933598494,0.544885989019332,0.5524327933598494,19.102062072615965,unique_starts
538,224,404,61,5,36,9,2,14.0,13.540983606557377,19,61,5,12.2,61,151,151,151,-0.42452830188679047,0.003435,0.00219,0.5524327933598494,0.5171261636058332,0.5524327933598494,14.166666666666666,unique_starts
539,229,4,46,3,9,19,13,21.0,20.23913043478261,25,46,3,15.333333333333334,46,6,0,0,0.9999999999999782,0.00306,0.0034,0.23617874098724062,0.42665327824002786,0.42665327824002786,21.333333333333332,unique_starts
540,229,8,127,2,36,9,1,18.0,17.73228346456693,25,127,2,63.5,127,775,775,775,-0.7184035476718396,0.00306,0.00305,0.23617874098724062,0.5406985617322061,0.5406985617322061,18.166666666666668,unique_starts
541,229,21,13,2,9,3,15,20.0,19.923076923076923,25,13,2,6.5,13,3,3,3,0.624999999999961,0.00306,0.001335,0.23617874098724062,0.7000075364621832,0.7000075364621832,20.333333333333332,unique_starts
542,229,22,259,10,51,57,2,17.0,16.583011583011583,25,259,10,25.9,259,0,0,0,0.999999999999996,0.00306,0.00375,0.23617874098724062,0.6446610524678009,0.6446610524678009,17.1400280084028,unique_starts
543,229,50,81,4,12,34,11,21.0,20.012345679012345,25,81,4,20.25,81,171,171,171,-0.3571428571428557,0.00306,0.00344,0.23617874098724062,0.4362745814366093,0.4362745814366093,21.28867513459481,unique_starts
544,229,79,302,10,67,76,1,9.0,10.437086092715232,25,302,10,30.2,302,22,22,22,0.8641975308641948,0.00306,0.003325,0.23617874098724062,0.5566279042981374,0.5566279042981374,9.122169444356306,unique_starts
545,229,146,7,4,5,6,24,25.0,24.714285714285715,25,7,4,1.75,7,541,541,541,-0.9744525547445237,0.00306,0.00289,0.23617874098724062,0.49858717633061933,0.49858717633061933,25.447213595499957,unique_starts
546,229,169,9,2,9,2,19,23.0,22.555555555555557,25,9,2,4.5,9,42,42,42,-0.647058823529399,0.00306,0.003075,0.23617874098724062,0.5191317792488794,0.5191317792488794,23.333333333333332,unique_starts
547,229,171,69,4,15,15,5,19.0,17.17391304347826,25,69,4,17.25,69,0,0,0,0.9999999999999856,0.00306,0.00343,0.23617874098724062,0.6091865893282263,0.6091865893282263,19.25819888974716,unique_starts
548,229,179,31,5,31,5,11,17.0,16.967741935483872,25,31,5,6.2,31,12,12,12,0.44186046511626875,0.00306,0.00165,0.23617874098724062,0.5689519284458886,0.5689519284458886,17.179605302026776,unique_starts
549,229,230,314,10,72,40,1,15.0,14.48407643312102,25,314,10,31.4,314,231,231,231,0.15229357798165108,0.00306,0.00344,0.23617874098724062,0.5276863910046072,0.5276863910046072,15.117851130197758,unique_starts
550,229,273,208,9,64,30,4,15.0,15.721153846153847,25,208,9,23.11111111111111,208,200,200,200,0.019607843137254853,0.00306,0.0032,0.23617874098724062,0.505500130278,0.505500130278,15.125,unique_starts
551,229,315,409,7,66,46,1,14.0,13.7359413202934,25,409,7,58.42857142857143,409,94,94,94,0.6262425447316091,0.00306,0.00307,0.23617874098724062,0.5338410601299857,0.5338410601299857,14.123091490979332,unique_starts
552,229,371,29,2,19,3,1,17.0,14.724137931034482,25,29,2,14.5,29,24,0,0,0.9999999999999656,0.00306,0.00072,0.23617874098724062,2.0840511964640234,2.0840511964640234,17.22941573387056,unique_starts
553,229,410,34,7,16,19,17,24.0,23.147058823529413,25,34,7,4.857142857142857,34,3,0,0,0.9999999999999706,0.00306,0.002505,0.23617874098724062,0.5908932537877524,0.5908932537877524,24.25,unique_starts
554,229,463,36,6,26,8,17,22.0,21.77777777777778,25,36,6,6.0,36,0,0,0,0.9999999999999721,0.00306,0.00216,0.23617874098724062,0.5081641748793143,0.5081641748793143,22.196116135138183,unique_starts
555,230,4,2418,17,191,294,1,15.0,15.132754342431761,25,2418,17,142.23529411764707,2418,366,366,366,0.7370689655172411,0.00344,0.0034,0.5276863910046072,0.42665327824002786,0.5276863910046072,15.072357460529242,unique_starts
556,230,8,160,13,46,50,1,5.0,5.76875,25,160,13,12.307692307692308,160,395,395,395,-0.42342342342342265,0.00344,0.00305,0.5276863910046072,0.5406985617322061,0.5406985617322061,5.147441956154897,unique_starts
557,230,21,21,6,21,8,13,16.0,16.19047619047619,20,21,6,3.5,21,30,30,30,-0.17647058823529066,0.00344,0.001335,0.5276863910046072,0.7000075364621832,0.7000075364621832,16.21821789023599,unique_starts
558,230,22,1093,33,133,305,1,10.0,9.503202195791399,21,1093,33,33.121212121212125,1093,10,0,0,0.9999999999999992,0.00344,0.00375,0.5276863910046072,0.6446610524678009,0.6446610524678009,10.086710996952412,unique_starts
559,230,42,56,6,17,14,16,23.0,22.142857142857142,25,56,6,9.333333333333334,56,0,0,0,0.9999999999999821,0.00344,0.002905,0.5276863910046072,0.49705178564663943,0.5276863910046072,23.242535625036332,unique_starts
560,230,50,745,9,70,118,1,15.0,14.991946308724833,25,745,9,82.77777777777777,745,144,144,144,0.676040494938132,0.00344,0.00344,0.5276863910046072,0.4362745814366093,0.5276863910046072,15.11952286093344,unique_starts
561,230,79,74,12,26,34,1,4.0,4.0,10,74,12,6.166666666666667,74,359,359,359,-0.6581986143187052,0.00344,0.003325,0.5276863910046072,0.5566279042981374,0.5566279042981374,4.196116135138184,unique_starts
562,230,80,7,2,3,6,1,2.0,2.5714285714285716,5,7,2,3.5,7,119,119,119,-0.8888888888888818,0.00344,0.003105,0.5276863910046072,0.54911977059455,0.54911977059455,2.5773502691896257,unique_starts
563,230,146,120,13,40,41,1,23.0,22.816666666666666,25,120,13,9.23076923076923,120,778,778,778,-0.7327394209354112,0.00344,0.00289,0.5276863910046072,0.49858717633061933,0.5276863910046072,23.15811388300842,unique_starts
564,230,169,63,9,27,28,19,23.0,23.19047619047619,25,63,9,7.0,63,234,234,234,-0.5757575757575738,0.00344,0.003075,0.5276863910046072,0.5191317792488794,0.5276863910046072,23.192450089729874,unique_starts
565,230,171,328,9,54,49,1,9.0,8.929878048780488,24,328,9,36.44444444444444,328,129,129,129,0.4354485776805242,0.00344,0.00343,0.5276863910046072,0.6091865893282263,0.6091865893282263,9.136082763487954,unique_starts
566,230,179,54,13,54,14,13,16.0,16.35185185185185,23,54,13,4.153846153846154,54,8,8,8,0.7419354838709558,0.00344,0.00165,0.5276863910046072,0.5689519284458886,0.5689519284458886,16.136082763487956,unique_starts
567,230,229,231,9,23,105,8,19.0,18.142857142857142,25,231,9,25.666666666666668,231,314,314,314,-0.15229357798165108,0.00344,0.00306,0.5276863910046072,0.23617874098724062,0.5276863910046072,19.208514414057074,unique_starts
568,230,273,82,13,46,28,9,14.0,14.231707317073171,19,82,13,6.3076923076923075,82,405,405,405,-0.6632443531827501,0.00344,0.0032,0.5276863910046072,0.505500130278,0.5276863910046072,14.147441956154896,unique_starts
569,230,371,13,3,8,4,3,6.0,8.076923076923077,19,13,3,4.333333333333333,13,0,0,0,0.9999999999999231,0.00344,0.00072,0.5276863910046072,2.0840511964640234,2.0840511964640234,6.353553390593274,unique_starts
570,230,410,141,8,38,24,8,18.0,17.74468085106383,25,141,8,17.625,141,462,462,462,-0.5323383084577106,0.00344,0.002505,0.5276863910046072,0.5908932537877524,0.5908932537877524,18.162221421130763,unique_starts
571,230,463,60,14,44,24,18,21.5,21.433333333333334,25,60,14,4.285714285714286,60,0,0,0,0.9999999999999833,0.00344,0.00216,0.5276863910046072,0.5081641748793143,0.5276863910046072,21.65075567228888,unique_starts
572,252,21,27,5,27,5,14,19.0,19.77777777777778,25,27,5,5.4,27,9,9,9,0.49999999999998607,0.00348,0.001335,0.32521551737612986,0.7000075364621832,0.7000075364621832,19.192450089729874,unique_starts
573,252,139,11,2,5,5,22,24.0,24.09090909090909,25,11,2,5.5,11,0,0,0,0.9999999999999091,0.00348,0.00315,0.32521551737612986,0.5763001546805818,0.5763001546805818,24.447213595499957,unique_starts
574,252,169,420,12,96,53,7,16.0,16.414285714285715,25,420,12,35.0,420,160,160,160,0.44827586206896475,0.00348,0.003075,0.32521551737612986,0.5191317792488794,0.5191317792488794,16.102062072615965,unique_starts
575,252,179,28,4,28,4,15,21.0,20.714285714285715,25,28,4,7.0,28,3,3,3,0.8064516129031999,0.00348,0.00165,0.32521551737612986,0.5689519284458886,0.5689519284458886,21.188982236504614,unique_starts
576,252,199,672,15,212,55,1,11.0,12.111607142857142,25,672,15,44.8,672,263,263,263,0.4374331550802134,0.00348,0.00268,0.32521551737612986,0.5690552560543798,0.5690552560543798,11.068680281974345,unique_starts
577,252,259,5,3,5,3,1,4.0,7.4,25,5,3,1.6666666666666667,5,55,55,55,-0.8333333333333194,0.00348,0.00102,0.32521551737612986,1.0660615445434947,1.0660615445434947,4.447213595499958,unique_starts
578,252,266,696,16,120,119,9,21.0,20.41522988505747,25,696,16,43.5,696,513,513,513,0.15136476426798995,0.00348,0.0038,0.32521551737612986,0.6115361362052629,0.6115361362052629,21.09128709291753,unique_starts
579,252,273,31,6,17,13,20,24.0,23.70967741935484,25,31,6,5.166666666666667,31,8,8,8,0.5897435897435745,0.00348,0.0032,0.32521551737612986,0.505500130278,0.505500130278,24.242535625036332,unique_starts
580,252,335,244,4,31,29,1,17.0,16.295081967213115,25,244,4,61.0,244,8,0,0,0.9999999999999959,0.00348,0.003265,0.32521551737612986,0.33863745508677673,0.33863745508677673,17.179605302026776,unique_starts
581,252,371,5,2,3,3,1,2.0,1.8,3,5,2,2.5,5,88,88,88,-0.8924731182795603,0.00348,0.00072,0.32521551737612986,2.0840511964640234,2.0840511964640234,2.5773502691896257,unique_starts
582,252,462,129,4,29,31,15,23.0,22.48062015503876,25,129,4,32.25,129,26,26,26,0.6645161290322538,0.00348,0.00335,0.32521551737612986,0.4622577751318516,0.4622577751318516,23.18569533817705,unique_starts
583,252,487,17,3,6,10,15,23.0,20.823529411764707,25,17,3,5.666666666666667,17,28,28,28,-0.244444444444439,0.00348,0.00309,0.32521551737612986,0.4986519883489159,0.4986519883489159,23.408248290463863,unique_starts
584,259,10,29,5,6,20,9,17.0,16.689655172413794,25,29,5,5.8,29,18,18,18,0.23404255319148437,0.00102,0.003525,1.0660615445434947,0.49946110985903625,1.0660615445434947,17.408248290463863,unique_starts
585,259,16,23,3,5,23,1,12.0,13.608695652173912,25,23,3,7.666666666666667,23,0,0,0,0.9999999999999566,0.00102,0.00306,1.0660615445434947,0.3930741805154096,1.0660615445434947,12.447213595499958,unique_starts
586,259,117,16,3,5,16,11,14.5,16.0,22,16,3,5.333333333333333,16,30,30,30,-0.3043478260869499,0.00102,0.002995,1.0660615445434947,0.4921561459247037,1.0660615445434947,14.947213595499958,unique_starts
587,259,146,10,3,4,10,1,2.5,4.7,15,10,3,3.3333333333333335,10,2,0,0,0.9999999999999,0.00102,0.00289,1.0660615445434947,0.49858717633061933,1.0660615445434947,3.0,unique_starts
588,259,163,8,4,5,7,1,6.5,10.125,22,8,4,2.0,8,178,178,178,-0.913978494623651,0.00102,0.000755,1.0660615445434947,0.8074492857931624,1.0660615445434947,6.947213595499958,unique_starts
589,259,169,26,4,5,23,15,22.0,21.423076923076923,25,26,4,6.5,26,5,5,5,0.6774193548386879,0.00102,0.003075,1.0660615445434947,0.5191317792488794,1.0660615445434947,22.447213595499957,unique_starts
590,259,171,6,2,2,6,10,22.5,19.166666666666668,25,6,2,3.0,6,25,25,25,-0.6129032258064319,0.00102,0.00343,1.0660615445434947,0.6091865893282263,1.0660615445434947,23.207106781186546,unique_starts
591,259,199,41,5,8,25,8,20.0,19.658536585365855,25,41,5,8.2,41,78,78,78,-0.31092436974789656,0.00102,0.00268,1.0660615445434947,0.5690552560543798,1.0660615445434947,20.353553390593273,unique_starts
592,259,207,25,2,4,13,2,8.0,10.28,25,25,2,12.5,25,13,13,13,0.3157894736842022,0.00102,0.002905,1.0660615445434947,0.5142383888493315,1.0660615445434947,8.5,unique_starts
593,259,217,27,3,3,27,14,20.0,20.0,25,27,3,9.0,27,1,0,0,0.999999999999963,0.00102,0.003145,1.0660615445434947,0.5280768414975939,1.0660615445434947,20.577350269189626,unique_starts
594,259,224,17,2,2,17,5,13.0,14.176470588235293,25,17,2,8.5,17,10,10,10,0.2592592592592497,0.00102,0.003435,1.0660615445434947,0.5524327933598494,1.0660615445434947,13.707106781186548,unique_starts
595,259,252,55,6,6,55,1,16.0,15.49090909090909,25,55,6,9.166666666666666,55,5,5,5,0.8333333333333194,0.00102,0.00348,1.0660615445434947,0.32521551737612986,1.0660615445434947,16.408248290463863,unique_starts
596,259,290,9,2,2,9,7,17.0,15.0,21,9,2,4.5,9,0,0,0,0.9999999999998889,0.00102,0.002905,1.0660615445434947,0.5506580655999675,1.0660615445434947,17.707106781186546,unique_starts
597,259,304,17,2,2,17,10,17.0,16.705882352941178,23,17,2,8.5,17,4,0,0,0.9999999999999413,0.00102,0.003015,1.0660615445434947,0.5149114583441843,1.0660615445434947,17.707106781186546,unique_starts
598,259,309,7,3,3,7,10,12.0,12.571428571428571,19,7,3,2.3333333333333335,7,31,31,31,-0.6315789473684044,0.00102,0.003055,1.0660615445434947,0.48484104579254805,1.0660615445434947,12.577350269189626,unique_starts
599,259,324,4,2,2,4,6,14.5,14.75,24,4,2,2.0,4,1,0,0,0.99999999999975,0.00102,0.00328,1.0660615445434947,0.38585339304776145,1.0660615445434947,15.207106781186548,unique_starts
600,259,371,7,5,7,6,1,17.0,12.428571428571429,21,7,5,1.4,7,105,105,105,-0.8749999999999922,0.00102,0.00072,1.0660615445434947,2.0840511964640234,2.0840511964640234,17.37796447300923,unique_starts
601,259,382,30,5,7,23,1,5.5,6.2,17,30,5,6.0,30,3,0,0,0.9999999999999667,0.00102,0.00306,1.0660615445434947,0.5168753927781407,1.0660615445434947,5.877964473009227,unique_starts
602,259,385,10,3,3,10,1,23.0,17.4,25,10,3,3.3333333333333335,10,22,22,22,-0.3749999999999883,0.00102,0.00381,1.0660615445434947,0.544885989019332,1.0660615445434947,23.577350269189626,unique_starts
603,259,398,24,2,4,12,1,10.0,9.75,16,24,2,12.0,24,6,6,6,0.59999999999998,0.00102,0.00324,1.0660615445434947,0.4886541548049501,1.0660615445434947,10.5,unique_starts
604,259,404,91,11,18,70,3,9.0,9.505494505494505,20,91,11,8.272727272727273,91,6,6,6,0.8762886597938054,0.00102,0.00219,1.0660615445434947,0.5171261636058332,1.0660615445434947,9.235702260395517,unique_starts
605,259,410,14,4,5,13,1,3.5,3.4285714285714284,6,14,4,3.5,14,2,0,0,0.9999999999999286,0.00102,0.002505,1.0660615445434947,0.5908932537877524,1.0660615445434947,3.947213595499958,unique_starts
606,261,139,11,2,5,5,22,24.0,23.818181818181817,25,11,2,5.5,11,0,0,0,0.9999999999999091,0.003005,0.00315,0.3332476057918914,0.5763001546805818,0.5763001546805818,24.447213595499957,unique_starts
607,261,144,146,6,31,37,17,23.0,22.315068493150687,25,146,6,24.333333333333332,146,8,0,0,0.9999999999999932,0.003005,0.00326,0.3332476057918914,0.4284130917563028,0.4284130917563028,23.179605302026776,unique_starts
608,261,175,24,2,6,8,18,22.0,21.666666666666668,25,24,2,12.0,24,9,0,0,0.9999999999999584,0.003005,0.00503,0.3332476057918914,0.7573380297747923,0.7573380297747923,22.408248290463863,unique_starts
609,261,179,31,6,31,6,9,13.0,14.064516129032258,22,31,6,5.166666666666667,31,13,13,13,0.4090909090908998,0.003005,0.00165,0.3332476057918914,0.5689519284458886,0.5689519284458886,13.179605302026776,unique_starts
610,261,410,23,6,15,9,22,24.0,23.82608695652174,25,23,6,3.8333333333333335,23,25,0,0,0.9999999999999566,0.003005,0.002505,0.3332476057918914,0.5908932537877524,0.5908932537877524,24.25819888974716,unique_starts
611,261,429,143,8,31,44,16,21.0,21.181818181818183,25,143,8,17.875,143,48,0,0,0.999999999999993,0.003005,0.0033,0.3332476057918914,0.6319999683881292,0.6319999683881292,21.179605302026776,unique_starts
612,266,3,2649,33,390,380,7,16.0,16.391090977727444,25,2649,33,80.27272727272727,2649,50,50,50,0.9629492404594291,0.0038,0.003565,0.6115361362052629,0.5904218374331804,0.6115361362052629,16.050636968354183,unique_starts
613,266,46,10,2,10,3,9,11.0,11.0,13,10,2,5.0,10,0,0,0,0.9999999999999,0.0038,0.00281,0.6115361362052629,0.4994811286042713,0.6115361362052629,11.316227766016837,unique_starts
614,266,169,33,4,14,11,21,24.0,23.696969696969695,25,33,4,8.25,33,89,89,89,-0.4590163934426192,0.0038,0.003075,0.6115361362052629,0.5191317792488794,0.6115361362052629,24.267261241912426,unique_starts
615,266,199,152,5,34,28,9,19.5,18.973684210526315,25,152,5,30.4,152,363,363,363,-0.40970873786407686,0.0038,0.00268,0.6115361362052629,0.5690552560543798,0.6115361362052629,19.67149858514251,unique_starts
616,266,252,513,12,97,79,4,17.0,16.82456140350877,25,513,12,42.75,513,696,696,696,-0.15136476426798995,0.0038,0.00348,0.6115361362052629,0.32521551737612986,0.6115361362052629,17.101534616513362,unique_starts
617,266,290,39,2,13,6,6,11.0,11.076923076923077,15,39,2,19.5,39,0,0,0,0.9999999999999744,0.0038,0.002905,0.6115361362052629,0.5506580655999675,0.6115361362052629,11.277350098112615,unique_starts
618,266,404,201,5,41,38,8,14.0,14.417910447761194,25,201,5,40.2,201,83,83,83,0.4154929577464774,0.0038,0.00219,0.6115361362052629,0.5171261636058332,0.6115361362052629,14.156173761888606,unique_starts
619,266,462,12,3,9,8,1,2.0,3.9166666666666665,25,12,3,4.0,12,238,238,238,-0.9039999999999964,0.0038,0.00335,0.6115361362052629,0.4622577751318516,0.6115361362052629,2.3333333333333335,unique_starts
620,266,487,217,10,80,36,1,5.0,4.972350230414746,10,217,10,21.7,217,484,484,484,-0.3808844507845929,0.0038,0.00309,0.6115361362052629,0.4986519883489159,0.6115361362052629,5.111803398874989,unique_starts
621,273,4,166,13,39,60,15,23.0,22.620481927710845,25,166,13,12.76923076923077,166,57,57,57,0.48878923766815924,0.0032,0.0034,0.505500130278,0.42665327824002786,0.505500130278,23.160128153805086,unique_starts
622,273,21,91,12,91,14,2,12.0,12.23076923076923,25,91,12,7.583333333333333,91,105,105,105,-0.07142857142857106,0.0032,0.001335,0.505500130278,0.7000075364621832,0.7000075364621832,12.104828483672192,unique_starts
623,273,22,941,25,178,176,1,15.0,13.996811902231668,25,941,25,37.64,941,356,356,356,0.4510408635312256,0.0032,0.00375,0.505500130278,0.6446610524678009,0.6446610524678009,15.074953168899587,unique_starts
624,273,50,27,3,5,15,18,22.0,22.25925925925926,25,27,3,9.0,27,0,0,0,0.999999999999963,0.0032,0.00344,0.505500130278,0.4362745814366093,0.505500130278,22.447213595499957,unique_starts
625,273,79,1799,36,276,261,1,10.0,10.41467481934408,23,1799,36,49.97222222222222,1799,30,30,30,0.967195188627665,0.0032,0.003325,0.505500130278,0.5566279042981374,0.5566279042981374,10.060192926542884,unique_starts
626,273,80,302,9,50,53,1,9.0,9.447019867549669,20,302,9,33.55555555555556,302,0,0,0,0.9999999999999966,0.0032,0.003105,0.505500130278,0.54911977059455,0.54911977059455,9.14142135623731,unique_starts
627,273,139,721,42,197,270,1,5.0,5.305131761442441,16,721,42,17.166666666666668,721,475,475,475,0.20568561872909683,0.0032,0.00315,0.505500130278,0.5763001546805818,0.5763001546805818,5.071247049987909,unique_starts
628,273,144,28,2,10,4,1,6.0,5.821428571428571,11,28,2,14.0,28,0,0,0,0.9999999999999644,0.0032,0.00326,0.505500130278,0.4284130917563028,0.505500130278,6.316227766016838,unique_starts
629,273,169,334,15,78,78,8,15.0,15.380239520958083,25,334,15,22.266666666666666,334,999,999,999,-0.4988747186796696,0.0032,0.003075,0.505500130278,0.5191317792488794,0.5191317792488794,15.11322770341446,unique_starts
630,273,171,445,12,76,77,10,20.0,19.602247191011237,25,445,12,37.083333333333336,445,1,0,0,0.9999999999999977,0.0032,0.00343,0.505500130278,0.6091865893282263,0.6091865893282263,20.11470786693528,unique_starts
631,273,179,65,11,65,12,1,7.0,10.215384615384615,25,65,11,5.909090909090909,65,112,112,112,-0.2655367231638403,0.0032,0.00165,0.505500130278,0.5689519284458886,0.5689519284458886,7.124034734589208,unique_starts
632,273,199,132,8,27,44,13,21.0,20.522727272727273,25,132,8,16.5,132,45,45,45,0.4915254237288108,0.0032,0.00268,0.505500130278,0.5690552560543798,0.5690552560543798,21.192450089729874,unique_starts
633,273,229,200,10,37,57,1,11.0,13.625,25,200,10,20.0,200,208,208,208,-0.019607843137254853,0.0032,0.00306,0.505500130278,0.23617874098724062,0.505500130278,11.164398987305358,unique_starts
634,273,230,405,24,114,125,1,13.0,13.096296296296297,24,405,24,16.875,405,82,82,82,0.6632443531827501,0.0032,0.00344,0.505500130278,0.5276863910046072,0.5276863910046072,13.09365858115817,unique_starts
635,273,252,8,2,4,5,20,24.0,23.375,25,8,2,4.0,8,31,31,31,-0.5897435897435745,0.0032,0.00348,0.505500130278,0.32521551737612986,0.505500130278,24.5,unique_starts
636,273,259,13,2,10,3,12,17.0,17.76923076923077,25,13,2,6.5,13,0,0,0,0.9999999999999231,0.0032,0.00102,0.505500130278,1.0660615445434947,1.0660615445434947,17.316227766016837,unique_starts
637,273,315,52,3,8,17,9,14.0,14.346153846153847,20,52,3,17.333333333333332,52,0,0,0,0.9999999999999807,0.0032,0.00307,0.505500130278,0.5338410601299857,0.5338410601299857,14.353553390593273,unique_starts
638,273,410,94,8,45,24,16,23.0,22.46808510638298,25,94,8,11.75,94,10,10,10,0.8076923076922999,0.0032,0.002505,0.505500130278,0.5908932537877524,0.5908932537877524,23.149071198499986,unique_starts
639,273,463,185,21,119,40,7,11.0,13.264864864864865,25,185,21,8.80952380952381,185,0,0,0,0.9999999999999947,0.0032,0.00216,0.505500130278,0.5081641748793143,0.5081641748793143,11.091669849702821,unique_starts
640,281,6,837,19,193,111,9,17.0,17.158900836320193,25,837,19,44.05263157894737,837,1249,1249,1249,-0.1975071907957813,0.003665,0.003095,0.5084243360159619,0.5183369733262979,0.5183369733262979,17.07198157507487,unique_starts
641,281,10,1258,23,169,243,5,16.0,15.651033386327503,25,1258,23,54.69565217391305,1258,437,437,437,0.4843657817109142,0.003665,0.003525,0.5084243360159619,0.49946110985903625,0.5084243360159619,16.076923076923077,unique_starts
642,281,21,124,18,124,19,1,5.0,7.104838709677419,25,124,18,6.888888888888889,124,110,110,110,0.059829059829059575,0.003665,0.001335,0.5084243360159619,0.7000075364621832,0.7000075364621832,5.089802651013388,unique_starts
643,281,80,328,17,101,62,5,18.0,17.34451219512195,25,328,17,19.294117647058822,328,20,20,20,0.8850574712643652,0.003665,0.003105,0.5084243360159619,0.54911977059455,0.54911977059455,18.099503719020998,unique_starts
644,281,117,1379,29,244,210,1,8.0,8.490210297316896,22,1379,29,47.55172413793103,1379,304,304,304,0.6387403446226972,0.003665,0.002995,0.5084243360159619,0.4921561459247037,0.5084243360159619,8.064018439966448,unique_starts
645,281,125,43,2,9,12,16,22.0,21.6046511627907,25,43,2,21.5,43,121,121,121,-0.47560975609755807,0.003665,0.004175,0.5084243360159619,0.3723974808647528,0.5084243360159619,22.333333333333332,unique_starts
646,281,139,366,14,84,61,10,17.0,17.546448087431695,25,366,14,26.142857142857142,366,9,9,9,0.9519999999999974,0.003665,0.00315,0.5084243360159619,0.5763001546805818,0.5763001546805818,17.109108945117995,unique_starts
647,281,163,13,3,13,3,17,22.0,21.53846153846154,25,13,3,4.333333333333333,13,0,0,0,0.9999999999999231,0.003665,0.000755,0.5084243360159619,0.8074492857931624,0.8074492857931624,22.277350098112613,unique_starts
648,281,175,920,21,183,160,8,15.0,15.534782608695652,25,920,21,43.80952380952381,920,1417,1417,1417,-0.21266581086863492,0.003665,0.00503,0.5084243360159619,0.7573380297747923,0.7573380297747923,15.073922127095457,unique_starts
649,281,179,115,11,115,13,2,7.0,10.191304347826087,25,115,11,10.454545454545455,115,177,177,177,-0.21232876712328694,0.003665,0.00165,0.5084243360159619,0.5689519284458886,0.5689519284458886,7.0932504808240315,unique_starts
650,281,199,138,10,44,32,4,10.0,10.847826086956522,20,138,10,13.8,138,72,72,72,0.3142857142857128,0.003665,0.00268,0.5084243360159619,0.5690552560543798,0.5690552560543798,10.150755672288883,unique_starts
651,281,259,13,3,13,3,18,22.0,21.846153846153847,25,13,3,4.333333333333333,13,3,0,0,0.9999999999999231,0.003665,0.00102,0.5084243360159619,1.0660615445434947,1.0660615445434947,22.277350098112613,unique_starts
652,281,309,312,18,113,91,19,23.0,23.064102564102566,25,312,18,17.333333333333332,312,238,238,238,0.1345454545454543,0.003665,0.003055,0.5084243360159619,0.48484104579254805,0.5084243360159619,23.09407208683836,unique_starts
653,281,324,1012,17,137,169,3,21.0,19.73517786561265,25,1012,17,59.529411764705884,1012,9,9,9,0.9823702252693428,0.003665,0.00328,0.5084243360159619,0.38585339304776145,0.5084243360159619,21.085435765771678,unique_starts
654,281,371,7,2,7,2,18,22.0,21.571428571428573,25,7,2,3.5,7,0,0,0,0.9999999999998571,0.003665,0.00072,0.5084243360159619,2.0840511964640234,2.0840511964640234,22.37796447300923,unique_starts
655,281,462,56,3,19,13,14,23.0,21.892857142857142,25,56,3,18.666666666666668,56,0,0,0,0.9999999999999821,0.003665,0.00335,0.5084243360159619,0.4622577751318516,0.5084243360159619,23.22941573387056,unique_starts
656,290,7,771,13,114,130,1,9.0,9.884565499351492,24,771,13,59.30769230769231,771,60,60,60,0.855595667870035,0.002905,0.00345,0.5506580655999675,0.473565075387291,0.5506580655999675,9.09365858115817,unique_starts
657,290,8,17,2,5,6,1,4.0,3.823529411764706,7,17,2,8.5,17,6,0,0,0.9999999999999413,0.002905,0.00305,0.5506580655999675,0.5406985617322061,0.5506580655999675,4.447213595499958,unique_starts
658,290,21,41,7,41,7,9,18.0,17.0,24,41,7,5.857142857142857,41,0,0,0,0.9999999999999756,0.002905,0.001335,0.5506580655999675,0.7000075364621832,0.7000075364621832,18.156173761888606,unique_starts
659,290,143,139,5,27,45,1,11.0,11.820143884892087,25,139,5,27.8,139,0,0,0,0.9999999999999929,0.002905,0.003425,0.5506580655999675,0.4310573077101274,0.5506580655999675,11.192450089729876,unique_starts
660,290,163,5,2,5,2,4,22.0,18.8,24,5,2,2.5,5,13,13,13,-0.4444444444444198,0.002905,0.000755,0.5506580655999675,0.8074492857931624,0.8074492857931624,22.447213595499957,unique_starts
661,290,169,11,3,7,6,23,25.0,24.454545454545453,25,11,3,3.6666666666666665,11,0,0,0,0.9999999999999091,0.002905,0.003075,0.5506580655999675,0.5191317792488794,0.5506580655999675,25.37796447300923,unique_starts
662,290,175,50,2,14,8,4,11.0,13.12,25,50,2,25.0,50,0,0,0,0.99999999999998,0.002905,0.00503,0.5506580655999675,0.7573380297747923,0.7573380297747923,11.267261241912424,unique_starts
663,290,179,28,5,28,5,9,18.0,17.821428571428573,25,28,5,5.6,28,0,0,0,0.9999999999999644,0.002905,0.00165,0.5506580655999675,0.5689519284458886,0.5689519284458886,18.188982236504614,unique_starts
664,290,199,45,2,6,15,5,10.0,10.333333333333334,16,45,2,22.5,45,19,19,19,0.40624999999999367,0.002905,0.00268,0.5506580655999675,0.5690552560543798,0.5690552560543798,10.408248290463863,unique_starts
665,290,229,23,2,17,3,1,20.0,15.521739130434783,25,23,2,11.5,23,0,0,0,0.9999999999999566,0.002905,0.00306,0.5506580655999675,0.23617874098724062,0.5506580655999675,20.242535625036332,unique_starts
666,290,261,217,4,32,20,2,13.0,12.746543778801843,25,217,4,54.25,217,0,0,0,0.9999999999999954,0.002905,0.003005,0.5506580655999675,0.3332476057918914,0.5506580655999675,13.176776695296637,unique_starts
667,290,273,190,7,58,24,4,14.0,13.9,25,190,7,27.142857142857142,190,0,0,0,0.9999999999999948,0.002905,0.0032,0.5506580655999675,0.505500130278,0.5506580655999675,14.131306432859722,unique_starts
668,290,318,139,3,22,29,16,22.0,21.863309352517987,25,139,3,46.333333333333336,139,0,0,0,0.9999999999999929,0.002905,0.003055,0.5506580655999675,0.4226365509545472,0.5506580655999675,22.21320071635561,unique_starts
669,290,463,98,9,59,15,14,22.0,21.040816326530614,25,98,9,10.88888888888889,98,0,0,0,0.9999999999999899,0.002905,0.00216,0.5506580655999675,0.5081641748793143,0.5506580655999675,22.130188910980824,unique_starts
670,304,84,64,4,24,15,16,23.0,22.53125,25,64,4,16.0,64,46,46,46,0.16363636363636216,0.003015,0.003185,0.5149114583441843,0.4087675614805981,0.5149114583441843,23.20412414523193,unique_starts
671,304,120,1047,34,138,408,1,5.0,5.529130850047755,12,1047,34,30.794117647058822,1047,335,335,335,0.5151953690303904,0.003015,0.00351,0.5149114583441843,0.6286366289947183,0.6286366289947183,5.085125653075875,unique_starts
672,304,217,67,6,25,16,18,23.0,22.671641791044777,25,67,6,11.166666666666666,67,0,0,0,0.9999999999999851,0.003015,0.003145,0.5149114583441843,0.5280768414975939,0.5280768414975939,23.2,unique_starts
673,304,224,1849,26,257,249,1,8.0,8.141157382368847,23,1849,26,71.11538461538461,1849,954,954,954,0.3193007491972885,0.003015,0.003435,0.5149114583441843,0.5524327933598494,0.5524327933598494,8.06237828615518,unique_starts
674,304,309,41,6,25,11,19,24.0,23.21951219512195,25,41,6,6.833333333333333,41,138,138,138,-0.5418994413407792,0.003015,0.003055,0.5149114583441843,0.48484104579254805,0.5149114583441843,24.2,unique_starts
675,304,385,209,14,72,63,15,24.0,22.95693779904306,25,209,14,14.928571428571429,209,265,265,265,-0.11814345991561157,0.003015,0.00381,0.5149114583441843,0.544885989019332,0.544885989019332,24.117851130197757,unique_starts
676,304,404,51,6,31,11,15,21.0,20.607843137254903,25,51,6,8.5,51,0,0,0,0.9999999999999803,0.003015,0.00219,0.5149114583441843,0.5171261636058332,0.5171261636058332,21.179605302026776,unique_starts
677,309,6,1260,28,141,335,1,8.0,7.919047619047619,19,1260,28,45.0,1260,1035,1035,1035,0.09803921568627447,0.003055,0.003095,0.48484104579254805,0.5183369733262979,0.5183369733262979,8.084215192106653,unique_starts
678,309,21,33,7,33,7,11,14.0,14.393939393939394,21,33,7,4.714285714285714,33,41,41,41,-0.10810810810810666,0.003055,0.001335,0.48484104579254805,0.7000075364621832,0.7000075364621832,14.174077655955697,unique_starts
679,309,120,26,2,8,9,20,24.0,23.5,25,26,2,13.0,26,0,0,0,0.9999999999999616,0.003055,0.00351,0.48484104579254805,0.6286366289947183,0.6286366289947183,24.353553390593273,unique_starts
680,309,125,953,21,130,274,1,15.0,15.269674711437565,25,953,21,45.38095238095238,953,742,742,742,0.12448377581120937,0.003055,0.004175,0.48484104579254805,0.3723974808647528,0.48484104579254805,15.087705801930703,unique_starts
681,309,147,1146,19,161,215,1,10.0,10.767888307155323,25,1146,19,60.31578947368421,1146,850,850,850,0.14829659318637267,0.003055,0.00412,0.48484104579254805,0.4966726365256857,0.4966726365256857,10.07881104062391,unique_starts
682,309,163,19,4,19,4,1,10.0,10.842105263157896,20,19,4,4.75,19,10,10,10,0.3103448275861962,0.003055,0.000755,0.48484104579254805,0.8074492857931624,0.8074492857931624,10.229415733870562,unique_starts
683,309,179,61,16,61,17,11,14.0,14.049180327868852,19,61,16,3.8125,61,53,53,53,0.07017543859649061,0.003055,0.00165,0.48484104579254805,0.5689519284458886,0.5689519284458886,14.128036879932896,unique_starts
684,309,217,137,5,19,31,1,8.0,8.058394160583942,17,137,5,27.4,137,12,12,12,0.8389261744966386,0.003055,0.003145,0.48484104579254805,0.5280768414975939,0.5280768414975939,8.229415733870562,unique_starts
685,309,224,607,6,53,78,2,15.0,15.023064250411862,25,607,6,101.16666666666667,607,99,99,99,0.7195467422096307,0.003055,0.003435,0.48484104579254805,0.5524327933598494,0.5524327933598494,15.13736056394869,unique_starts
686,309,259,31,4,20,7,4,11.0,12.451612903225806,25,31,4,7.75,31,7,7,7,0.6315789473684044,0.003055,0.00102,0.48484104579254805,1.0660615445434947,1.0660615445434947,11.223606797749978,unique_starts
687,309,281,238,19,68,88,18,23.0,22.571428571428573,25,238,19,12.526315789473685,238,312,312,312,-0.1345454545454543,0.003055,0.003665,0.48484104579254805,0.5084243360159619,0.5084243360159619,23.121267812518166,unique_starts
688,309,304,138,7,52,23,14,22.0,21.27536231884058,25,138,7,19.714285714285715,138,41,41,41,0.5418994413407792,0.003055,0.003015,0.48484104579254805,0.5149114583441843,0.5149114583441843,22.138675049056307,unique_starts
689,309,371,15,4,15,4,6,11.0,11.466666666666667,18,15,4,3.75,15,1,0,0,0.9999999999999333,0.003055,0.00072,0.48484104579254805,2.0840511964640234,2.0840511964640234,11.258198889747161,unique_starts
690,315,21,9,2,9,2,15,19.0,18.88888888888889,23,9,2,4.5,9,62,62,62,-0.7464788732394262,0.00307,0.001335,0.5338410601299857,0.7000075364621832,0.7000075364621832,19.333333333333332,unique_starts
691,315,22,9,3,3,9,7,10.0,10.0,14,9,3,3.0,9,0,0,0,0.9999999999998889,0.00307,0.00375,0.5338410601299857,0.6446610524678009,0.6446610524678009,10.577350269189626,unique_starts
692,315,50,1759,14,152,277,1,16.0,15.959636156907333,25,1759,14,125.64285714285714,1759,590,590,590,0.497658578118348,0.00307,0.00344,0.5338410601299857,0.4362745814366093,0.5338410601299857,16.08111071056538,unique_starts
693,315,146,825,17,224,173,16,23.0,22.19272727272727,25,825,17,48.529411764705884,825,1090,1090,1090,-0.13838120104438636,0.00307,0.00289,0.5338410601299857,0.49858717633061933,0.5338410601299857,23.066815310478106,unique_starts
694,315,163,10,2,10,2,10,14.0,13.9,17,10,2,5.0,10,10,0,0,0.9999999999999,0.00307,0.000755,0.5338410601299857,0.8074492857931624,0.8074492857931624,14.316227766016837,unique_starts
695,315,173,51,5,32,8,7,13.0,13.96078431372549,25,51,5,10.2,51,9,0,0,0.9999999999999803,0.00307,0.002675,0.5338410601299857,0.5108604177721788,0.5338410601299857,13.176776695296637,unique_starts
696,315,179,14,8,14,8,13,17.0,17.5,23,14,8,1.75,14,34,34,34,-0.41666666666665797,0.00307,0.00165,0.5338410601299857,0.5689519284458886,0.5689519284458886,17.267261241912426,unique_starts
697,315,229,94,3,9,30,1,18.0,17.43617021276596,25,94,3,31.333333333333332,94,409,409,409,-0.6262425447316091,0.00307,0.00306,0.5338410601299857,0.23617874098724062,0.5338410601299857,18.333333333333332,unique_starts
698,315,230,74,6,17,21,1,5.0,5.0,11,74,6,12.333333333333334,74,1,0,0,0.9999999999999866,0.00307,0.00344,0.5338410601299857,0.5276863910046072,0.5338410601299857,5.242535625036333,unique_starts
699,315,371,22,5,17,6,8,13.0,14.045454545454545,23,22,5,4.4,22,27,27,27,-0.10204081632652852,0.00307,0.00072,0.5338410601299857,2.0840511964640234,2.0840511964640234,13.242535625036332,unique_starts
700,315,410,290,13,125,43,8,20.0,19.09655172413793,25,290,13,22.307692307692307,290,101,101,101,0.4833759590792826,0.00307,0.002505,0.5338410601299857,0.5908932537877524,0.5908932537877524,20.089442719099992,unique_starts
701,315,463,39,10,23,20,19,22.0,22.41025641025641,25,39,10,3.9,39,0,0,0,0.9999999999999744,0.00307,0.00216,0.5338410601299857,0.5081641748793143,0.5338410601299857,22.208514414057074,unique_starts
702,318,7,503,12,109,102,11,20.0,19.47713717693837,25,503,12,41.916666666666664,503,3252,3252,3252,-0.7320905459387481,0.003055,0.00345,0.4226365509545472,0.473565075387291,0.473565075387291,20.095782628522116,unique_starts
703,318,56,270,7,39,50,1,9.0,8.977777777777778,18,270,7,38.57142857142857,270,129,129,129,0.35338345864661563,0.003055,0.003085,0.4226365509545472,0.5396960390661362,0.5396960390661362,9.160128153805086,unique_starts
704,324,10,312,11,74,67,8,20.0,19.919871794871796,25,312,11,28.363636363636363,312,3195,3195,3195,-0.8220701454234386,0.00328,0.003525,0.38585339304776145,0.49946110985903625,0.49946110985903625,20.11624763874382,unique_starts
705,324,16,121,3,13,38,1,9.0,9.24793388429752,23,121,3,40.333333333333336,121,7,7,7,0.8906249999999931,0.00328,0.00306,0.38585339304776145,0.3930741805154096,0.3930741805154096,9.277350098112615,unique_starts
706,324,42,19,2,7,4,11,14.0,14.473684210526315,18,19,2,9.5,19,5,0,0,0.9999999999999475,0.00328,0.002905,0.38585339304776145,0.49705178564663943,0.49705178564663943,14.377964473009227,unique_starts
707,324,46,141,4,18,34,9,18.0,17.79432624113475,25,141,4,35.25,141,0,0,0,0.9999999999999929,0.00328,0.00281,0.38585339304776145,0.4994811286042713,0.4994811286042713,18.235702260395517,unique_starts
708,324,117,210,9,54,41,13,21.0,20.452380952380953,25,210,9,23.333333333333332,210,1870,1870,1870,-0.7980769230769227,0.00328,0.002995,0.38585339304776145,0.4921561459247037,0.4921561459247037,21.136082763487956,unique_starts
709,324,281,9,4,6,6,23,25.0,24.555555555555557,25,9,4,2.25,9,1012,1012,1012,-0.9823702252693428,0.00328,0.003665,0.38585339304776145,0.5084243360159619,0.5084243360159619,25.408248290463863,unique_starts
710,324,382,1131,14,129,199,1,7.0,7.6861184792219275,19,1131,14,80.78571428571429,1131,521,521,521,0.3692493946731233,0.00328,0.00306,0.38585339304776145,0.5168753927781407,0.5168753927781407,7.088045090632562,unique_starts
711,335,2,368,6,53,51,8,19.0,18.608695652173914,25,368,6,61.333333333333336,368,517,517,517,-0.16836158192090375,0.003265,0.00384,0.33863745508677673,0.49557695833984555,0.49557695833984555,19.13736056394869,unique_starts
712,335,21,82,8,82,8,2,7.5,8.463414634146341,25,82,8,10.25,82,83,83,83,-0.006060606060606024,0.003265,0.001335,0.33863745508677673,0.7000075364621832,0.7000075364621832,7.610431526074847,unique_starts
713,335,79,37,4,18,13,19,24.0,23.513513513513512,25,37,4,9.25,37,0,0,0,0.9999999999999729,0.003265,0.003325,0.33863745508677673,0.5566279042981374,0.5566279042981374,24.235702260395517,unique_starts
714,335,98,260,6,36,67,8,21.0,19.838461538461537,25,260,6,43.333333333333336,260,105,105,105,0.42465753424657415,0.003265,0.00306,0.33863745508677673,0.34307339056976743,0.34307339056976743,21.166666666666668,unique_starts
715,335,144,1844,14,215,215,8,19.0,18.522234273318873,25,1844,14,131.71428571428572,1844,919,919,919,0.3347810351067679,0.003265,0.00326,0.33863745508677673,0.4284130917563028,0.4284130917563028,19.068199433947047,unique_starts
716,335,171,109,4,31,14,10,19.0,18.59633027522936,25,109,4,27.25,109,0,0,0,0.9999999999999909,0.003265,0.00343,0.33863745508677673,0.6091865893282263,0.6091865893282263,19.179605302026776,unique_starts
717,335,179,87,6,87,6,2,10.0,10.64367816091954,25,87,6,14.5,87,76,76,76,0.0674846625766867,0.003265,0.00165,0.33863745508677673,0.5689519284458886,0.5689519284458886,10.10721125348378,unique_starts
718,335,199,99,4,25,15,5,11.0,11.555555555555555,20,99,4,24.75,99,24,24,24,0.6097560975609707,0.003265,0.00268,0.33863745508677673,0.5690552560543798,0.5690552560543798,11.2,unique_starts
719,335,259,10,2,10,2,17,21.5,21.3,25,10,2,5.0,10,11,0,0,0.9999999999999,0.003265,0.00102,0.33863745508677673,1.0660615445434947,1.0660615445434947,21.816227766016837,unique_starts
720,371,56,11,2,2,11,7,10.0,10.363636363636363,15,11,2,5.5,11,36,36,36,-0.5319148936170099,0.00072,0.003085,2.0840511964640234,0.5396960390661362,2.0840511964640234,10.707106781186548,unique_starts
721,371,120,19,3,3,19,9,16.0,16.526315789473685,25,19,3,6.333333333333333,19,9,0,0,0.9999999999999475,0.00072,0.00351,2.0840511964640234,0.6286366289947183,2.0840511964640234,16.577350269189626,unique_starts
722,371,143,9,2,2,9,7,21.0,18.77777777777778,25,9,2,4.5,9,9,0,0,0.9999999999998889,0.00072,0.003425,2.0840511964640234,0.4310573077101274,2.0840511964640234,21.707106781186546,unique_starts
723,371,146,15,3,3,15,1,6.0,6.4,12,15,3,5.0,15,7,7,7,0.36363636363634716,0.00072,0.00289,2.0840511964640234,0.49858717633061933,2.0840511964640234,6.577350269189626,unique_starts
724,371,163,28,17,22,24,1,1.0,2.4285714285714284,11,28,17,1.6470588235294117,28,5,5,5,0.6969696969696758,0.00072,0.000755,2.0840511964640234,0.8074492857931624,2.0840511964640234,1.2132007163556104,unique_starts
725,371,252,88,4,5,70,1,15.0,14.261363636363637,25,88,4,22.0,88,5,5,5,0.8924731182795603,0.00072,0.00348,2.0840511964640234,0.32521551737612986,2.0840511964640234,15.447213595499958,unique_starts
726,371,259,105,49,76,82,1,5.0,5.438095238095238,23,105,49,2.142857142857143,105,7,7,7,0.8749999999999922,0.00072,0.00102,2.0840511964640234,1.0660615445434947,2.0840511964640234,5.114707866935281,unique_starts
727,371,304,18,3,3,18,10,18.0,17.27777777777778,24,18,3,6.0,18,4,0,0,0.9999999999999445,0.00072,0.003015,2.0840511964640234,0.5149114583441843,2.0840511964640234,18.577350269189626,unique_starts
728,371,315,27,2,3,27,10,18.0,17.814814814814813,23,27,2,13.5,27,22,22,22,0.10204081632652852,0.00072,0.00307,2.0840511964640234,0.5338410601299857,2.0840511964640234,18.577350269189626,unique_starts
729,371,382,9,2,2,9,7,10.0,9.88888888888889,13,9,2,4.5,9,0,0,0,0.9999999999998889,0.00072,0.00306,2.0840511964640234,0.5168753927781407,2.0840511964640234,10.707106781186548,unique_starts
730,371,385,9,2,2,9,1,3.0,3.6666666666666665,7,9,2,4.5,9,19,19,19,-0.3571428571428444,0.00072,0.00381,2.0840511964640234,0.544885989019332,2.0840511964640234,3.7071067811865475,unique_starts
731,371,404,17,3,3,17,11,15.0,14.529411764705882,18,17,3,5.666666666666667,17,7,7,7,0.4166666666666493,0.00072,0.00219,2.0840511964640234,0.5171261636058332,2.0840511964640234,15.577350269189626,unique_starts
732,382,10,2885,23,407,354,1,15.0,14.822876949740035,25,2885,23,125.43478260869566,2885,86,86,86,0.9421070346684615,0.00306,0.003525,0.5168753927781407,0.49946110985903625,0.5168753927781407,15.049568159709661,unique_starts
733,382,16,9,3,4,6,1,23.0,18.444444444444443,25,9,3,3.0,9,138,138,138,-0.8775510204081574,0.00306,0.00306,0.5168753927781407,0.3930741805154096,0.5168753927781407,23.5,unique_starts
734,382,21,46,9,46,10,18,23.0,22.869565217391305,25,46,9,5.111111111111111,46,0,0,0,0.9999999999999782,0.00306,0.001335,0.5168753927781407,0.7000075364621832,0.7000075364621832,23.147441956154896,unique_starts
735,382,42,40,4,18,8,1,6.0,6.4,15,40,4,10.0,40,2,0,0,0.9999999999999749,0.00306,0.002905,0.5168753927781407,0.49705178564663943,0.5168753927781407,6.235702260395516,unique_starts
736,382,80,48,2,12,8,12,17.0,17.125,22,48,2,24.0,48,95,95,95,-0.32867132867132637,0.00306,0.003105,0.5168753927781407,0.54911977059455,0.54911977059455,17.28867513459481,unique_starts
737,382,117,721,15,153,140,5,14.0,14.539528432732316,25,721,15,48.06666666666667,721,54,54,54,0.8606451612903214,0.00306,0.002995,0.5168753927781407,0.4921561459247037,0.5168753927781407,14.080845208345444,unique_starts
738,382,175,36,4,8,23,17,23.0,22.444444444444443,25,36,4,9.0,36,0,0,0,0.9999999999999721,0.00306,0.00503,0.5168753927781407,0.7573380297747923,0.7573380297747923,23.353553390593273,unique_starts
739,382,179,10,3,10,3,21,23.5,23.4,25,10,3,3.3333333333333335,10,0,0,0,0.9999999999999,0.00306,0.00165,0.5168753927781407,0.5689519284458886,0.5689519284458886,23.816227766016837,unique_starts
740,382,281,726,19,168,103,9,21.0,20.961432506887054,25,726,19,38.21052631578947,726,0,0,0,0.9999999999999986,0.00306,0.003665,0.5168753927781407,0.5084243360159619,0.5168753927781407,21.077151674981046,unique_starts
741,382,324,521,11,99,123,1,22.0,21.35700575815739,25,521,11,47.36363636363637,521,1131,1131,1131,-0.3692493946731233,0.00306,0.00328,0.5168753927781407,0.38585339304776145,0.5168753927781407,22.100503781525923,unique_starts
742,382,404,118,5,40,14,1,7.5,7.533898305084746,13,118,5,23.6,118,0,0,0,0.9999999999999916,0.00306,0.00219,0.5168753927781407,0.5171261636058332,0.5171261636058332,7.6581138830084186,unique_starts
743,382,462,104,5,29,32,18,23.0,22.78846153846154,25,104,5,20.8,104,8,0,0,0.9999999999999905,0.00306,0.00335,0.5168753927781407,0.4622577751318516,0.5168753927781407,23.18569533817705,unique_starts
744,385,84,1463,20,242,200,1,15.0,15.165413533834586,25,1463,20,73.15,1463,1047,1047,1047,0.16573705179282863,0.00381,0.003185,0.544885989019332,0.4087675614805981,0.544885989019332,15.064282434653322,unique_starts
745,385,98,168,6,31,48,6,16.0,17.172619047619047,25,168,6,28.0,168,90,90,90,0.30232558139534765,0.00381,0.00306,0.544885989019332,0.34307339056976743,0.544885989019332,16.179605302026776,unique_starts
746,385,120,208,13,59,58,15,23.0,22.64903846153846,25,208,13,16.0,208,25,0,0,0.9999999999999952,0.00381,0.00351,0.544885989019332,0.6286366289947183,0.6286366289947183,23.130188910980824,unique_starts
747,385,125,12,2,6,5,1,22.5,17.916666666666668,25,12,2,6.0,12,20,20,20,-0.24999999999999217,0.00381,0.004175,0.544885989019332,0.3723974808647528,0.544885989019332,22.908248290463863,unique_starts
748,385,147,361,7,54,54,1,15.0,15.055401662049862,25,361,7,51.57142857142857,361,345,345,345,0.022662889518413564,0.00381,0.00412,0.544885989019332,0.4966726365256857,0.544885989019332,15.136082763487954,unique_starts
749,385,163,11,2,9,4,1,20.0,16.181818181818183,25,11,2,5.5,11,4,0,0,0.9999999999999091,0.00381,0.000755,0.544885989019332,0.8074492857931624,0.8074492857931624,20.333333333333332,unique_starts
750,385,169,77,6,34,18,17,23.0,22.350649350649352,25,77,6,12.833333333333334,77,209,209,209,-0.4615384615384599,0.00381,0.003075,0.544885989019332,0.5191317792488794,0.544885989019332,23.17149858514251,unique_starts
751,385,179,37,5,37,6,9,16.0,16.7027027027027,25,37,5,7.4,37,12,12,12,0.5102040816326426,0.00381,0.00165,0.544885989019332,0.5689519284458886,0.5689519284458886,16.164398987305358,unique_starts
752,385,217,1296,22,151,182,1,10.0,10.438271604938272,25,1296,22,58.90909090909091,1296,39,39,39,0.9415730337078645,0.00381,0.003145,0.544885989019332,0.5280768414975939,0.544885989019332,10.081378845877117,unique_starts
753,385,224,1173,16,122,161,1,17.0,16.41005967604433,25,1173,16,73.3125,1173,571,571,571,0.34518348623853196,0.00381,0.003435,0.544885989019332,0.5524327933598494,0.5524327933598494,17.09053574604252,unique_starts
754,385,259,22,5,18,6,2,19.0,15.545454545454545,25,22,5,4.4,22,10,10,10,0.3749999999999883,0.00381,0.00102,0.544885989019332,1.0660615445434947,1.0660615445434947,19.235702260395517,unique_starts
755,385,304,265,18,105,57,8,22.0,20.826415094339623,25,265,18,14.722222222222221,265,209,209,209,0.11814345991561157,0.00381,0.003015,0.544885989019332,0.5149114583441843,0.544885989019332,22.097590007294855,unique_starts
756,385,371,19,3,19,3,1,15.0,13.0,25,19,3,6.333333333333333,19,9,9,9,0.3571428571428444,0.00381,0.00072,0.544885989019332,2.0840511964640234,2.0840511964640234,15.229415733870562,unique_starts
757,398,56,189,4,45,31,1,7.0,7.328042328042328,15,189,4,47.25,189,15,15,15,0.8529411764705841,0.00324,0.003085,0.4886541548049501,0.5396960390661362,0.5396960390661362,7.149071198499986,unique_starts
758,398,167,135,8,51,27,9,18.0,18.133333333333333,25,135,8,16.875,135,176,176,176,-0.1318327974276523,0.00324,0.002905,0.4886541548049501,0.5523326473861818,0.5523326473861818,18.1400280084028,unique_starts
759,398,207,317,7,58,43,1,11.0,11.305993690851736,21,317,7,45.285714285714285,317,95,95,95,0.5388349514563093,0.00324,0.002905,0.4886541548049501,0.5142383888493315,0.5142383888493315,11.131306432859722,unique_starts
760,398,259,6,2,4,3,8,10.5,13.833333333333334,23,6,2,3.0,6,24,24,24,-0.59999999999998,0.00324,0.00102,0.4886541548049501,1.0660615445434947,1.0660615445434947,11.0,unique_starts
761,404,10,123,4,13,44,1,10.0,9.723577235772357,19,123,4,30.75,123,0,0,0,0.9999999999999919,0.00219,0.003525,0.5171261636058332,0.49946110985903625,0.5171261636058332,10.277350098112615,unique_starts
762,404,16,96,4,16,31,12,22.0,21.03125,25,96,4,24.0,96,449,449,449,-0.6477064220183474,0.00219,0.00306,0.5171261636058332,0.3930741805154096,0.5171261636058332,22.25,unique_starts
763,404,21,26,7,26,7,11,17.0,16.653846153846153,20,26,7,3.7142857142857144,26,1,0,0,0.9999999999999616,0.00219,0.001335,0.5171261636058332,0.7000075364621832,0.7000075364621832,17.196116135138183,unique_starts
764,404,79,4,2,3,3,1,24.5,18.75,25,4,2,2.0,4,0,0,0,0.99999999999975,0.00219,0.003325,0.5171261636058332,0.5566279042981374,0.5566279042981374,25.077350269189626,unique_starts
765,404,84,174,9,31,58,3,16.0,16.14367816091954,25,174,9,19.333333333333332,174,6,0,0,0.9999999999999943,0.00219,0.003185,0.5171261636058332,0.4087675614805981,0.5171261636058332,16.179605302026776,unique_starts
766,404,117,18,3,4,15,2,5.0,6.0,12,18,3,6.0,18,0,0,0,0.9999999999999445,0.00219,0.002995,0.5171261636058332,0.4921561459247037,0.5171261636058332,5.5,unique_starts
767,404,125,26,2,2,26,3,11.5,11.26923076923077,18,26,2,13.0,26,0,0,0,0.9999999999999616,0.00219,0.004175,0.5171261636058332,0.3723974808647528,0.5171261636058332,12.207106781186548,unique_starts
768,404,139,70,8,17,34,19,23.0,22.928571428571427,25,70,8,8.75,70,0,0,0,0.9999999999999858,0.00219,0.00315,0.5171261636058332,0.5763001546805818,0.5763001546805818,23.242535625036332,unique_starts
769,404,163,39,8,38,10,18,22.0,22.05128205128205,25,39,8,4.875,39,58,58,58,-0.19587628865979181,0.00219,0.000755,0.5171261636058332,0.8074492857931624,0.8074492857931624,22.162221421130763,unique_starts
770,404,169,439,17,66,115,1,10.0,9.956719817767654,25,439,17,25.823529411764707,439,3,3,3,0.9864253393665136,0.00219,0.003075,0.5171261636058332,0.5191317792488794,0.5191317792488794,10.123091490979332,unique_starts
771,404,179,25,4,25,4,11,17.0,17.16,22,25,4,6.25,25,2,0,0,0.99999999999996,0.00219,0.00165,0.5171261636058332,0.5689519284458886,0.5689519284458886,17.2,unique_starts
772,404,199,61,5,17,17,1,9.0,8.60655737704918,15,61,5,12.2,61,33,33,33,0.29787234042552874,0.00219,0.00268,0.5171261636058332,0.5690552560543798,0.5690552560543798,9.242535625036332,unique_starts
773,404,217,16,3,4,15,3,8.5,8.75,16,16,3,5.333333333333333,16,0,0,0,0.9999999999999376,0.00219,0.003145,0.5171261636058332,0.5280768414975939,0.5280768414975939,9.0,unique_starts
774,404,224,151,4,16,41,11,21.0,20.370860927152318,25,151,4,37.75,151,61,61,61,0.42452830188679047,0.00219,0.003435,0.5171261636058332,0.5524327933598494,0.5524327933598494,21.25,unique_starts
775,404,252,205,5,26,47,1,18.0,17.619512195121953,25,205,5,41.0,205,12,0,0,0.9999999999999951,0.00219,0.00348,0.5171261636058332,0.32521551737612986,0.5171261636058332,18.196116135138183,unique_starts
776,404,259,6,4,5,5,21,24.5,24.0,25,6,4,1.5,6,91,91,91,-0.8762886597938054,0.00219,0.00102,0.5171261636058332,1.0660615445434947,1.0660615445434947,24.947213595499957,unique_starts
777,404,266,83,3,22,24,19,23.0,23.180722891566266,25,83,3,27.666666666666668,83,201,201,201,-0.4154929577464774,0.00219,0.0038,0.5171261636058332,0.6115361362052629,0.6115361362052629,23.21320071635561,unique_starts
778,404,273,79,10,35,27,17,23.0,21.962025316455698,25,79,10,7.9,79,0,0,0,0.9999999999999875,0.00219,0.0032,0.5171261636058332,0.505500130278,0.5171261636058332,23.169030850945703,unique_starts
779,404,309,20,3,5,12,1,3.5,3.6,7,20,3,6.666666666666667,20,0,0,0,0.99999999999995,0.00219,0.003055,0.5171261636058332,0.48484104579254805,0.5171261636058332,3.947213595499958,unique_starts
780,404,371,7,2,7,2,19,21.0,21.142857142857142,24,7,2,3.5,7,17,17,17,-0.4166666666666493,0.00219,0.00072,0.5171261636058332,2.0840511964640234,2.0840511964640234,21.37796447300923,unique_starts
781,404,385,111,8,22,49,1,14.0,12.981981981981981,24,111,8,13.875,111,0,0,0,0.999999999999991,0.00219,0.00381,0.5171261636058332,0.544885989019332,0.544885989019332,14.21320071635561,unique_starts
782,404,462,181,5,14,81,10,19.0,18.54696132596685,25,181,5,36.2,181,151,151,151,0.09036144578313225,0.00219,0.00335,0.5171261636058332,0.4622577751318516,0.5171261636058332,19.267261241912426,unique_starts
783,404,487,22,2,8,5,16,19.0,19.318181818181817,23,22,2,11.0,22,907,907,907,-0.9526372443487611,0.00219,0.00309,0.5171261636058332,0.4986519883489159,0.5171261636058332,19.353553390593273,unique_starts
784,410,2,147,12,19,92,14,22.0,21.26530612244898,25,147,12,12.25,147,0,0,0,0.9999999999999932,0.002505,0.00384,0.5908932537877524,0.49557695833984555,0.5908932537877524,22.22941573387056,unique_starts
785,410,4,9,2,5,5,23,25.0,24.444444444444443,25,9,2,4.5,9,0,0,0,0.9999999999998889,0.002505,0.0034,0.5908932537877524,0.42665327824002786,0.5908932537877524,25.447213595499957,unique_starts
786,410,7,48,7,15,27,11,17.5,17.916666666666668,25,48,7,6.857142857142857,48,48,48,48,0.0,0.002505,0.00345,0.5908932537877524,0.473565075387291,0.5908932537877524,17.75819888974716,unique_starts
787,410,8,141,17,50,63,7,12.0,12.822695035460994,22,141,17,8.294117647058824,141,70,70,70,0.3364928909952591,0.002505,0.00305,0.5908932537877524,0.5406985617322061,0.5908932537877524,12.14142135623731,unique_starts
788,410,22,162,15,31,94,14,22.0,21.796296296296298,25,162,15,10.8,162,7,0,0,0.9999999999999939,0.002505,0.00375,0.5908932537877524,0.6446610524678009,0.6446610524678009,22.179605302026776,unique_starts
789,410,42,24,4,5,17,10,14.0,13.958333333333334,18,24,4,6.0,24,3,3,3,0.777777777777749,0.002505,0.002905,0.5908932537877524,0.49705178564663943,0.5908932537877524,14.447213595499958,unique_starts
790,410,56,14,3,3,14,8,11.0,11.071428571428571,15,14,3,4.666666666666667,14,14,14,14,0.0,0.002505,0.003085,0.5908932537877524,0.5396960390661362,0.5908932537877524,11.577350269189626,unique_starts
791,410,63,16,3,4,12,10,12.0,12.1875,14,16,3,5.333333333333333,16,17,17,17,-0.030303030303029384,0.002505,0.00318,0.5908932537877524,0.5301456261038152,0.5908932537877524,12.5,unique_starts
792,410,79,196,17,46,87,11,17.0,16.93877551020408,25,196,17,11.529411764705882,196,739,739,739,-0.5807486631016037,0.002505,0.003325,0.5908932537877524,0.5566279042981374,0.5908932537877524,17.147441956154896,unique_starts
793,410,80,94,10,23,46,12,16.5,17.02127659574468,25,94,10,9.4,94,281,281,281,-0.4986666666666653,0.002505,0.003105,0.5908932537877524,0.54911977059455,0.5908932537877524,16.708514414057074,unique_starts
794,410,133,22,2,3,16,17,22.0,21.727272727272727,25,22,2,11.0,22,26,26,26,-0.0833333333333316,0.002505,0.003455,0.5908932537877524,0.40834813465235587,0.5908932537877524,22.577350269189626,unique_starts
795,410,146,229,15,47,98,1,5.0,5.882096069868996,14,229,15,15.266666666666667,229,10,10,10,0.9163179916317954,0.002505,0.00289,0.5908932537877524,0.49858717633061933,0.5908932537877524,5.145864991497895,unique_starts
796,410,167,157,16,34,78,6,16.0,15.503184713375797,25,157,16,9.8125,157,51,51,51,0.5096153846153821,0.002505,0.002905,0.5908932537877524,0.5523326473861818,0.5908932537877524,16.17149858514251,unique_starts
797,410,171,8,2,2,8,21,23.5,23.375,25,8,2,4.0,8,739,739,739,-0.978580990629182,0.002505,0.00343,0.5908932537877524,0.6091865893282263,0.6091865893282263,24.207106781186546,unique_starts
798,410,175,26,3,5,14,16,22.5,21.653846153846153,25,26,3,8.666666666666666,26,41,41,41,-0.22388059701492205,0.002505,0.00503,0.5908932537877524,0.7573380297747923,0.7573380297747923,22.947213595499957,unique_starts
799,410,207,122,10,27,54,1,7.0,8.442622950819672,22,122,10,12.2,122,11,11,11,0.8345864661654073,0.002505,0.002905,0.5908932537877524,0.5142383888493315,0.5908932537877524,7.192450089729875,unique_starts
800,410,230,462,32,97,168,7,16.0,16.385281385281385,25,462,32,14.4375,462,141,141,141,0.5323383084577106,0.002505,0.00344,0.5908932537877524,0.5276863910046072,0.5908932537877524,16.101534616513362,unique_starts
801,410,273,10,3,4,8,20,24.0,23.5,25,10,3,3.3333333333333335,10,94,94,94,-0.8076923076922999,0.002505,0.0032,0.5908932537877524,0.505500130278,0.5908932537877524,24.5,unique_starts
802,410,315,101,9,30,44,11,16.0,16.405940594059405,25,101,9,11.222222222222221,101,290,290,290,-0.4833759590792826,0.002505,0.00307,0.5908932537877524,0.5338410601299857,0.5908932537877524,16.182574185835055,unique_starts
803,410,398,3,2,2,3,1,11.0,12.333333333333334,25,3,2,1.5,3,17,0,0,0.9999999999996666,0.002505,0.00324,0.5908932537877524,0.4886541548049501,0.5908932537877524,11.707106781186548,unique_starts
804,410,429,111,21,30,103,1,3.0,2.936936936936937,7,111,21,5.285714285714286,111,901,901,901,-0.7806324110671928,0.002505,0.0033,0.5908932537877524,0.6319999683881292,0.6319999683881292,3.1825741858350556,unique_starts
805,429,7,138,8,46,26,13,19.0,19.26086956521739,25,138,8,17.25,138,49,49,49,0.4759358288770028,0.0033,0.00345,0.6319999683881292,0.473565075387291,0.6319999683881292,19.147441956154896,unique_starts
806,429,133,48,2,11,13,18,23.0,22.854166666666668,25,48,2,24.0,48,57,57,57,-0.0857142857142849,0.0033,0.003455,0.6319999683881292,0.40834813465235587,0.6319999683881292,23.301511344577765,unique_starts
807,429,167,247,11,54,52,9,18.0,17.77327935222672,25,247,11,22.454545454545453,247,199,199,199,0.10762331838564998,0.0033,0.002905,0.6319999683881292,0.5523326473861818,0.6319999683881292,18.136082763487956,unique_starts
808,429,207,93,6,22,25,5,10.0,11.268817204301076,23,93,6,15.5,93,47,47,47,0.32857142857142624,0.0033,0.002905,0.6319999683881292,0.5142383888493315,0.6319999683881292,10.21320071635561,unique_starts
809,429,259,5,2,4,3,1,3.0,3.0,5,5,2,2.5,5,2,0,0,0.9999999999997999,0.0033,0.00102,0.6319999683881292,1.0660615445434947,1.0660615445434947,3.5,unique_starts
810,429,410,901,71,498,201,1,4.0,3.8734739178690343,9,901,71,12.690140845070422,901,111,111,111,0.7806324110671928,0.0033,0.002505,0.6319999683881292,0.5908932537877524,0.6319999683881292,4.044811071494822,unique_starts
811,462,3,953,15,260,93,7,18.0,18.24239244491081,25,953,15,63.53333333333333,953,1,0,0,0.9999999999999989,0.00335,0.003565,0.4622577751318516,0.5904218374331804,0.5904218374331804,18.062017367294604,unique_starts
812,462,16,695,11,113,124,1,8.0,8.339568345323741,19,695,11,63.18181818181818,695,56,56,56,0.8508655126497991,0.00335,0.00306,0.4622577751318516,0.3930741805154096,0.4622577751318516,8.09407208683836,unique_starts
813,462,46,3562,32,519,385,3,17.0,16.444693992139246,25,3562,32,111.3125,3562,0,0,0,0.9999999999999998,0.00335,0.00281,0.4622577751318516,0.4994811286042713,0.4994811286042713,17.043895128130615,unique_starts
814,462,199,14,2,6,4,11,14.5,14.357142857142858,18,14,2,7.0,14,484,484,484,-0.9437751004016045,0.00335,0.00268,0.4622577751318516,0.5690552560543798,0.5690552560543798,14.908248290463863,unique_starts
815,462,252,26,2,12,7,14,22.5,21.53846153846154,25,26,2,13.0,26,129,129,129,-0.6645161290322538,0.00335,0.00348,0.4622577751318516,0.32521551737612986,0.4622577751318516,22.78867513459481,unique_starts
816,462,266,238,5,72,33,1,7.0,7.222689075630252,16,238,5,47.6,238,12,12,12,0.9039999999999964,0.00335,0.0038,0.4622577751318516,0.6115361362052629,0.6115361362052629,7.117851130197758,unique_starts
817,462,324,29,3,13,9,1,3.0,3.6551724137931036,8,29,3,9.666666666666666,29,4,0,0,0.9999999999999656,0.00335,0.00328,0.4622577751318516,0.38585339304776145,0.4622577751318516,3.2773500981126147,unique_starts
818,462,404,151,8,39,31,9,15.0,14.95364238410596,24,151,8,18.875,151,181,181,181,-0.09036144578313225,0.00335,0.00219,0.4622577751318516,0.5171261636058332,0.5171261636058332,15.160128153805086,unique_starts
819,462,487,82,5,48,16,2,12.0,12.378048780487806,25,82,5,16.4,82,95,95,95,-0.0734463276836154,0.00335,0.00309,0.4622577751318516,0.4986519883489159,0.4986519883489159,12.144337567297406,unique_starts
820,463,6,271,19,33,167,1,16.0,12.837638376383763,25,271,19,14.263157894736842,271,0,0,0,0.9999999999999962,0.00216,0.003095,0.5081641748793143,0.5183369733262979,0.5183369733262979,16.1740776559557,unique_starts
821,463,10,194,12,25,104,11,19.0,18.623711340206185,25,194,12,16.166666666666668,194,0,0,0,0.9999999999999949,0.00216,0.003525,0.5081641748793143,0.49946110985903625,0.5081641748793143,19.2,unique_starts
822,463,16,10,2,3,6,21,23.0,23.1,25,10,2,5.0,10,0,0,0,0.9999999999999,0.00216,0.00306,0.5081641748793143,0.3930741805154096,0.5081641748793143,23.577350269189626,unique_starts
823,463,21,3,3,3,3,23,24.0,24.0,25,3,3,1.0,3,193,193,193,-0.9693877551020359,0.00216,0.001335,0.5081641748793143,0.7000075364621832,0.7000075364621832,24.577350269189626,unique_starts
824,463,80,9,3,4,8,16,19.0,18.333333333333332,21,9,3,3.0,9,20,20,20,-0.37931034482757314,0.00216,0.003105,0.5081641748793143,0.54911977059455,0.54911977059455,19.5,unique_starts
825,463,84,59,7,11,38,11,21.0,20.54237288135593,25,59,7,8.428571428571429,59,0,0,0,0.999999999999983,0.00216,0.003185,0.5081641748793143,0.4087675614805981,0.5081641748793143,21.301511344577765,unique_starts
826,463,98,45,4,6,32,12,21.0,20.177777777777777,25,45,4,11.25,45,0,0,0,0.9999999999999777,0.00216,0.00306,0.5081641748793143,0.34307339056976743,0.5081641748793143,21.408248290463863,unique_starts
827,463,117,304,28,48,181,4,13.0,12.901315789473685,23,304,28,10.857142857142858,304,0,0,0,0.9999999999999967,0.00216,0.002995,0.5081641748793143,0.4921561459247037,0.5081641748793143,13.144337567297406,unique_starts
828,463,125,61,6,11,33,11,21.0,19.78688524590164,25,61,6,10.166666666666666,61,0,0,0,0.9999999999999836,0.00216,0.004175,0.5081641748793143,0.3723974808647528,0.5081641748793143,21.301511344577765,unique_starts
829,463,147,43,3,6,23,16,21.0,21.093023255813954,25,43,3,14.333333333333334,43,0,0,0,0.9999999999999767,0.00216,0.00412,0.5081641748793143,0.4966726365256857,0.5081641748793143,21.408248290463863,unique_starts
830,463,163,9,4,6,6,19,23.0,21.88888888888889,24,9,4,2.25,9,0,0,0,0.9999999999998889,0.00216,0.000755,0.5081641748793143,0.8074492857931624,0.8074492857931624,23.408248290463863,unique_starts
831,463,169,204,22,43,136,1,4.0,8.215686274509803,25,204,22,9.272727272727273,204,0,0,0,0.9999999999999951,0.00216,0.003075,0.5081641748793143,0.5191317792488794,0.5191317792488794,4.152498570332605,unique_starts
832,463,171,22,5,8,14,21,24.0,23.545454545454547,25,22,5,4.4,22,0,0,0,0.9999999999999546,0.00216,0.00343,0.5081641748793143,0.6091865893282263,0.6091865893282263,24.353553390593273,unique_starts
833,463,179,4,4,4,4,25,25.0,25.0,25,4,4,1.0,4,0,0,0,0.99999999999975,0.00216,0.00165,0.5081641748793143,0.5689519284458886,0.5689519284458886,25.5,unique_starts
834,463,199,264,30,56,160,4,12.0,12.912878787878787,23,264,30,8.8,264,0,0,0,0.9999999999999961,0.00216,0.00268,0.5081641748793143,0.5690552560543798,0.5690552560543798,12.133630620956213,unique_starts
835,463,217,172,12,27,97,1,20.0,18.796511627906977,25,172,12,14.333333333333334,172,0,0,0,0.9999999999999942,0.00216,0.003145,0.5081641748793143,0.5280768414975939,0.5280768414975939,20.192450089729874,unique_starts
836,463,252,41,4,7,23,11,22.0,20.78048780487805,25,41,4,10.25,41,0,0,0,0.9999999999999756,0.00216,0.00348,0.5081641748793143,0.32521551737612986,0.5081641748793143,22.37796447300923,unique_starts
837,463,259,4,2,3,3,23,24.0,24.0,25,4,2,2.0,4,0,0,0,0.99999999999975,0.00216,0.00102,0.5081641748793143,1.0660615445434947,1.0660615445434947,24.577350269189626,unique_starts
838,463,281,476,22,48,291,1,7.0,10.15126050420168,25,476,22,21.636363636363637,476,0,0,0,0.9999999999999979,0.00216,0.003665,0.5081641748793143,0.5084243360159619,0.5084243360159619,7.1443375672974065,unique_starts
839,463,309,245,21,41,159,7,15.0,15.30204081632653,25,245,21,11.666666666666666,245,0,0,0,0.9999999999999959,0.00216,0.003055,0.5081641748793143,0.48484104579254805,0.5081641748793143,15.156173761888606,unique_starts
840,463,324,35,4,9,23,19,24.0,23.314285714285713,25,35,4,8.75,35,0,0,0,0.9999999999999714,0.00216,0.00328,0.5081641748793143,0.38585339304776145,0.5081641748793143,24.333333333333332,unique_starts
841,463,335,371,18,37,285,1,14.0,13.080862533692722,25,371,18,20.61111111111111,371,0,0,0,0.9999999999999972,0.00216,0.003265,0.5081641748793143,0.33863745508677673,0.5081641748793143,14.164398987305358,unique_starts
842,463,371,11,5,7,7,18,21.0,21.272727272727273,24,11,5,2.2,11,0,0,0,0.9999999999999091,0.00216,0.00072,0.5081641748793143,2.0840511964640234,2.0840511964640234,21.37796447300923,unique_starts
843,463,385,96,10,16,63,9,15.0,15.708333333333334,25,96,10,9.6,96,0,0,0,0.9999999999999897,0.00216,0.00381,0.5081641748793143,0.544885989019332,0.544885989019332,15.25,unique_starts
844,463,462,34,9,13,26,19,24.0,23.647058823529413,25,34,9,3.7777777777777777,34,0,0,0,0.9999999999999706,0.00216,0.00335,0.5081641748793143,0.4622577751318516,0.5081641748793143,24.277350098112613,unique_starts
845,487,3,608,19,96,228,1,10.0,10.194078947368421,18,608,19,32.0,608,1322,1322,1322,-0.36994818652849726,0.00309,0.003565,0.4986519883489159,0.5904218374331804,0.5904218374331804,10.102062072615965,unique_starts
846,487,16,1637,19,214,188,1,10.0,10.502138057422114,25,1637,19,86.15789473684211,1637,570,570,570,0.4834617127322155,0.00309,0.00306,0.4986519883489159,0.3930741805154096,0.4986519883489159,10.068358592702467,unique_starts
847,487,46,72,6,28,26,1,5.5,5.458333333333333,11,72,6,12.0,72,239,239,239,-0.536977491961413,0.00309,0.00281,0.4986519883489159,0.4994811286042713,0.4994811286042713,5.688982236504613,unique_starts
848,487,163,25,6,17,10,1,3.0,2.84,5,25,6,4.166666666666667,25,0,0,0,0.99999999999996,0.00309,0.000755,0.4986519883489159,0.8074492857931624,0.8074492857931624,3.242535625036333,unique_starts
849,487,169,7,2,4,4,23,25.0,24.428571428571427,25,7,2,3.5,7,32,32,32,-0.6410256410256245,0.00309,0.003075,0.4986519883489159,0.5191317792488794,0.5191317792488794,25.5,unique_starts
850,487,199,204,8,59,41,15,22.0,21.504901960784313,25,204,8,25.5,204,317,317,317,-0.2168905950095965,0.00309,0.00268,0.4986519883489159,0.5690552560543798,0.5690552560543798,22.130188910980824,unique_starts
851,487,252,28,2,11,8,19,23.0,22.75,25,28,2,14.0,28,17,17,17,0.244444444444439,0.00309,0.00348,0.4986519883489159,0.32521551737612986,0.4986519883489159,23.301511344577765,unique_starts
852,487,259,29,6,23,10,5,8.0,8.03448275862069,11,29,6,4.833333333333333,29,2,0,0,0.9999999999999656,0.00309,0.00102,0.4986519883489159,1.0660615445434947,1.0660615445434947,8.208514414057074,unique_starts
853,487,266,484,11,92,82,1,7.0,7.198347107438017,15,484,11,44.0,484,217,217,217,0.3808844507845929,0.00309,0.0038,0.4986519883489159,0.6115361362052629,0.6115361362052629,7.104257207028537,unique_starts
854,487,371,11,3,9,4,1,3.0,8.545454545454545,21,11,3,3.6666666666666665,11,0,0,0,0.9999999999999091,0.00309,0.00072,0.4986519883489159,2.0840511964640234,2.0840511964640234,3.3333333333333335,unique_starts
855,487,404,907,23,198,168,12,21.0,20.93715545755237,25,907,23,39.43478260869565,907,22,22,22,0.9526372443487611,0.00309,0.00219,0.4986519883489159,0.5171261636058332,0.5171261636058332,21.07106690545187,unique_starts
856,487,462,95,5,19,23,1,7.0,7.0,12,95,5,19.0,95,82,82,82,0.0734463276836154,0.00309,0.00335,0.4986519883489159,0.4622577751318516,0.4986519883489159,7.229415733870562,unique_starts
