method,num_queries,num_reachable,path_coverage,mean_path_length,mean_planning_path_cost,mean_base_path_cost,mean_edge_proxy_score,mean_min_edge_proxy_score,mean_heldout_support_lcb,mean_min_heldout_support_lcb,mean_edge_policy_support_score,mean_edge_ood_score,mean_outgoing_incompatible_fraction,mean_outgoing_termination_bridge_coverage,mean_uncertified_edge_fraction,mean_low_proxy_edge_fraction,mean_low_support_lcb_edge_fraction,mean_high_ood_edge_fraction,mean_high_incompat_edge_fraction,mean_bottleneck_edge_fraction,mean_proxy_path_success_reachable,mean_proxy_path_success_over_all,num_graph_nodes,num_graph_edges,planner_method,risk_weight,ood_weight,incompat_weight,uncertified_weight,min_proxy_score,min_heldout_support_lcb,high_ood_threshold,high_incompat_threshold,sweep_id,coverage_cost_ratio,risk_cleanliness_score,coverage_risk_score,is_pareto
floor_proxy_penalized_s0000,100,16,0.16,3.25,10.7958664251808,10.7958664251808,0.17018287962800338,0.06462537690805154,0.1238831853261526,0.025363488956451692,0.4346534626363684,0.46180974273794784,0.7489469876188626,0.09392930061274607,0.984375,0.0,0.0,0.46770833333333334,0.9166666666666666,0.5666666666666667,0.0054721342251768945,0.0008755414760283031,191,1897,floor_proxy_penalized,0.0,0.0,0.0,0.0,0.0,0.0,0.5,0.5,0,0.014820487184503163,0.16395171244684084,0.026232273991494536,True
floor_proxy_penalized_s0001,100,15,0.15,3.6,12.413849077795026,12.413849077795026,0.2361950076755977,0.11946027290954395,0.18050957952918684,0.07069827780568573,0.5749786037116112,0.3423131450636803,0.6445527158027158,0.11140437747337098,0.9422222222222222,0.0,0.0,0.2011111111111111,0.7677777777777778,0.5433333333333332,0.014415600353507288,0.002162340053026093,188,1322,floor_proxy_penalized,0.0,0.0,0.0,0.0,0.0,0.01,0.5,0.5,1,0.012083278849290096,0.2777717482655239,0.04166576223982859,False
floor_proxy_penalized_s0002,100,15,0.15,3.8666666666666667,13.269539706159536,13.269539706159536,0.25860544454848033,0.15475877746730593,0.190908272905816,0.09156306820733447,0.6395363613843441,0.3204128995085391,0.6627371830239476,0.10566371848174926,0.9322222222222223,0.0,0.0,0.1488888888888889,0.7655555555555557,0.5077777777777778,0.01418150001940247,0.0021272250029103707,187,1110,floor_proxy_penalized,0.0,0.0,0.0,0.0,0.0,0.05,0.5,0.5,2,0.011304084642089889,0.29980007674129105,0.044970011511193654,False
floor_proxy_penalized_s0003,100,15,0.15,3.8,13.073859036809486,13.073859036809486,0.26305632831985487,0.19093636917738877,0.18520363665898454,0.08134954297373462,0.6464337137986444,0.2910431127560351,0.6318724522381641,0.11057092938596011,0.9344444444444445,0.0,0.0,0.10444444444444442,0.7055555555555556,0.4966666666666667,0.015116501088925198,0.0022674751633387793,189,1258,floor_proxy_penalized,0.0,0.0,0.0,0.0,0.05,0.0,0.5,0.5,3,0.011473276526668567,0.32633911227838575,0.04895086684175786,True
floor_proxy_penalized_s0004,100,15,0.15,3.8666666666666667,13.386357223322472,13.386357223322472,0.2652372417127982,0.19093636917738877,0.19105839779874084,0.09044144535620725,0.6472676580508968,0.29412812276926875,0.6368676422333543,0.10895891068935463,0.9211111111111111,0.0,0.0,0.11777777777777777,0.7222222222222222,0.49333333333333335,0.014934905534472494,0.002240235830170874,188,1243,floor_proxy_penalized,0.0,0.0,0.0,0.0,0.05,0.01,0.5,0.5,4,0.011205438305401074,0.32417673117300366,0.04862650967595055,False
floor_proxy_penalized_s0005,100,15,0.15,4.0,13.7076543100608,13.7076543100608,0.26864608417868,0.1983829289531012,0.19573823859824008,0.0992921450391046,0.6561055192605664,0.29702090516161384,0.6460694897685351,0.10680356167916658,0.9244444444444445,0.0,0.0,0.11777777777777777,0.7277777777777779,0.4777777777777778,0.014406423117421931,0.00216096346761329,187,1071,floor_proxy_penalized,0.0,0.0,0.0,0.0,0.05,0.05,0.5,0.5,5,0.01094279127610526,0.32482423351026823,0.04872363502654024,False
floor_proxy_penalized_s0006,100,15,0.15,3.8666666666666667,13.226775359128926,13.226775359128926,0.2680371875523854,0.20343296026847107,0.18530132542023064,0.0812241430198121,0.6583209232952267,0.2842290793967643,0.6336250468657589,0.1108116629512695,0.9344444444444445,0.0,0.0,0.0911111111111111,0.7255555555555556,0.5466666666666666,0.01513069142169491,0.0022696037132542367,189,1204,floor_proxy_penalized,0.0,0.0,0.0,0.0,0.1,0.0,0.5,0.5,6,0.01134063261280628,0.32752463491551803,0.049128695237327706,True
floor_proxy_penalized_s0007,100,15,0.15,3.933333333333333,13.539273545641915,13.539273545641915,0.27021810094532867,0.20343296026847107,0.19115608655998695,0.09031604540228472,0.6591548675474793,0.28731408940999786,0.6386202368609488,0.10919964425466402,0.9211111111111111,0.0,0.0,0.10444444444444444,0.7422222222222224,0.5433333333333332,0.01494909586724221,0.002242364380086331,188,1189,floor_proxy_penalized,0.0,0.0,0.0,0.0,0.1,0.01,0.5,0.5,7,0.011078880967604255,0.325362253810136,0.048804338071520396,False
floor_proxy_penalized_s0008,100,15,0.15,4.066666666666666,13.86057063238024,13.86057063238024,0.27362694341121047,0.2108795200441835,0.19583592735948618,0.09916674508518207,0.6679927287571487,0.29020687180234295,0.6478220843961299,0.10704429524447595,0.9244444444444445,0.0,0.0,0.10444444444444444,0.7477777777777779,0.5277777777777778,0.014420613450191645,0.002163092017528747,187,1027,floor_proxy_penalized,0.0,0.0,0.0,0.0,0.1,0.05,0.5,0.5,8,0.010822065265450105,0.3260097561474006,0.04890146342211008,False
floor_proxy_penalized_s0009,100,15,0.15,4.466666666666667,15.707181211514287,15.707181211514287,0.2895147321851763,0.2501808249657918,0.18111664164385927,0.0847222808075237,0.7310181960857096,0.2557962365760662,0.6178356220471802,0.11509544204139087,0.9066666666666667,0.0,0.0,0.0688888888888889,0.6866666666666669,0.4855555555555556,0.010334794644791723,0.001550219196718758,187,1018,floor_proxy_penalized,0.0,0.0,0.0,0.0,0.2,0.0,0.5,0.5,9,0.00954977204248724,0.3538150488774857,0.05307225733162286,True
floor_proxy_penalized_s0010,100,15,0.15,4.466666666666667,16.004569353461797,16.004569353461797,0.29240422883538686,0.25096447359692603,0.1924852037888001,0.09336316740355333,0.7327237663369611,0.2679119762992823,0.6354613126333972,0.10982395196081882,0.8755555555555555,0.0,0.0,0.09111111111111111,0.7266666666666668,0.45,0.011851375226715827,0.0017777062840073738,186,1006,floor_proxy_penalized,0.0,0.0,0.0,0.0,0.2,0.01,0.5,0.5,10,0.009372323408849168,0.35002326881047857,0.05250349032157178,False
floor_proxy_penalized_s0011,100,15,0.15,4.333333333333333,16.303085272210453,16.303085272210453,0.2951284576250481,0.25351002065014777,0.20153394467115737,0.10999976884334611,0.7202257842765505,0.2687860532490772,0.5963158879781685,0.11659519843144826,0.8577777777777779,0.0,0.0,0.09333333333333332,0.6522222222222224,0.37444444444444447,0.012054324551164947,0.0018081486826747423,185,892,floor_proxy_penalized,0.0,0.0,0.0,0.0,0.2,0.05,0.5,0.5,11,0.009200712472238836,0.3703421263975943,0.05555131895963914,False
floor_proxy_penalized_s0012,100,16,0.16,3.5625,19.91005332982671,11.905036514609819,0.21942943529327888,0.0820398046315234,0.17171463469613088,0.0431151700901641,0.5142202574020932,0.4054674556711936,0.7030749846827149,0.09229268420156922,0.7177083333333334,0.0,0.0,0.35520833333333335,0.8354166666666667,0.453125,0.004860032920678259,0.0007776052673085214,191,1897,floor_proxy_penalized,0.0,0.0,0.0,1.0,0.0,0.0,0.5,0.5,12,0.013439689983617317,0.26908422119886416,0.043053475391818266,True
floor_proxy_penalized_s0013,100,15,0.15,4.0,22.88202647076598,13.387549090501691,0.26652616594338835,0.1563872803389499,0.21667726622401692,0.09040881187482015,0.6250863185000299,0.32147677421317117,0.6366642933090302,0.10702090343104977,0.7388888888888889,0.0,0.0,0.12333333333333332,0.731111111111111,0.5566666666666666,0.013133467326428883,0.0019700200989643322,188,1322,floor_proxy_penalized,0.0,0.0,0.0,1.0,0.0,0.01,0.5,0.5,13,0.011204440707255611,0.3559462426459267,0.05339193639688901,True
floor_proxy_penalized_s0014,100,15,0.15,4.266666666666667,24.335758292673418,14.216738722845912,0.2762022749719185,0.16383384011466234,0.22039673064947893,0.10380049007721807,0.6521542309408669,0.30999142239877653,0.6442857141234335,0.10402170101582324,0.7311111111111112,0.0,0.0,0.11777777777777779,0.7266666666666666,0.5755555555555555,0.012604984909378319,0.0018907477364067482,187,1110,floor_proxy_penalized,0.0,0.0,0.0,1.0,0.0,0.05,0.5,0.5,14,0.010550943006285547,0.36173500304171713,0.05426025045625757,False
floor_proxy_penalized_s0015,100,15,0.15,4.133333333333334,23.89451749616502,14.108583555197432,0.2876478567693636,0.19875347040721686,0.2193325540156517,0.09588644446943892,0.6763032483092836,0.28502920267481696,0.6153562085250682,0.11038763844527498,0.7088888888888889,0.0,0.0,0.07333333333333333,0.6888888888888889,0.5277777777777778,0.013663521053811186,0.0020495281580716774,189,1258,floor_proxy_penalized,0.0,0.0,0.0,1.0,0.05,0.0,0.5,0.5,15,0.010631825612624437,0.3893949826623515,0.05840924739935272,True
floor_proxy_penalized_s0016,100,15,0.15,4.2,24.164166903072218,14.379509774646156,0.28920063686527847,0.19875347040721686,0.22121033954465383,0.10079559218311161,0.6772669721088307,0.2831867852673085,0.6125146981835579,0.11030647427090333,0.6955555555555556,0.0,0.0,0.07333333333333333,0.6922222222222221,0.5244444444444445,0.013465075773287233,0.0020197613659930845,188,1243,floor_proxy_penalized,0.0,0.0,0.0,1.0,0.05,0.01,0.5,0.5,16,0.010431509999351916,0.39177053976815196,0.05876558096522279,True
floor_proxy_penalized_s0017,100,15,0.15,4.266666666666667,24.886159712436502,14.46157332899967,0.28739984805054275,0.20392737095358954,0.2226941789609439,0.11182996640418041,0.6793363136820729,0.2912190743983103,0.6372452731641328,0.10470620592979227,0.7322222222222222,0.0,0.0,0.07333333333333333,0.72,0.4911111111111111,0.012927834590268637,0.0019391751885402956,187,1071,floor_proxy_penalized,0.0,0.0,0.0,1.0,0.05,0.05,0.5,0.5,17,0.010372315417383133,0.3802131988717956,0.05703197983076934,False
floor_proxy_penalized_s0018,100,15,0.15,4.2,24.34740110388232,14.39209708909031,0.29065679262022587,0.2060639324260506,0.22002563224617558,0.08698036371306074,0.6841547282229107,0.28068741801722585,0.6137526777965373,0.10969429424775257,0.708888888888889,0.0,0.0,0.07333333333333333,0.6688888888888889,0.5377777777777778,0.013625017623270685,0.0020437526434906026,189,1204,floor_proxy_penalized,0.0,0.0,0.0,1.0,0.1,0.0,0.5,0.5,18,0.010422386610614585,0.39499569071222296,0.05924935360683344,True
floor_proxy_penalized_s0019,100,15,0.15,4.266666666666667,24.617050510789518,14.663023308539035,0.29220957271614073,0.2060639324260506,0.22190341777517772,0.09188951142673343,0.6851184520224579,0.2788450006097174,0.6109111674550272,0.10961313007338092,0.6955555555555556,0.0,0.0,0.07333333333333333,0.6722222222222222,0.5344444444444444,0.013426572342746733,0.0020139858514120097,188,1189,floor_proxy_penalized,0.0,0.0,0.0,1.0,0.1,0.01,0.5,0.5,19,0.010229813923343302,0.39737124781802347,0.059605687172703516,True
floor_proxy_penalized_s0020,100,15,0.15,4.333333333333333,25.398074434570287,14.605368075830716,0.2924953775212284,0.22433817870457293,0.23161697691888053,0.1162935522980909,0.6828289514436376,0.2885064451945799,0.639010688304548,0.10362796457689184,0.7455555555555555,0.0,0.0,0.05999999999999999,0.7266666666666667,0.48777777777777775,0.013014686955838104,0.001952203043375716,187,1027,floor_proxy_penalized,0.0,0.0,0.0,1.0,0.1,0.05,0.5,0.5,20,0.010270196493590825,0.38474658668024625,0.05771198800203693,True
floor_proxy_penalized_s0021,100,15,0.15,4.8,28.180585116041875,17.082852009648818,0.3183656499950724,0.25929480577699743,0.2342902131720085,0.10211854330395097,0.7557751580463126,0.2543666542201815,0.6240212595234526,0.11091387825414233,0.6466666666666667,0.0,0.0,0.035555555555555556,0.7094444444444444,0.4522222222222222,0.010494215476680412,0.0015741323215020617,187,1018,floor_proxy_penalized,0.0,0.0,0.0,1.0,0.2,0.0,0.5,0.5,21,0.00878073520248705,0.42038367045646785,0.06305755056847018,True
floor_proxy_penalized_s0022,100,15,0.15,4.866666666666666,28.450234522949078,17.35377822909754,0.31928424965177243,0.26007845440813165,0.23555804219359694,0.10774416623115286,0.7563478073931381,0.25328530012319284,0.623398564317424,0.11060190122120894,0.6377777777777778,0.0,0.0,0.035555555555555556,0.7161111111111111,0.45,0.010394568465253641,0.0015591852697880465,186,1006,floor_proxy_penalized,0.0,0.0,0.0,1.0,0.2,0.01,0.5,0.5,22,0.008643650853419978,0.42123841043145677,0.06318576156471852,True
floor_proxy_penalized_s0023,100,15,0.15,4.866666666666666,28.911375199643974,17.618579489192488,0.3187187909093101,0.26302157722050973,0.2339648286374918,0.12457805251371372,0.7518890701167908,0.25568846544415674,0.6007771116959714,0.1152574234104289,0.6411111111111112,0.0,0.0,0.05777777777777778,0.6594444444444444,0.3877777777777778,0.01031311319414144,0.0015469669791212156,185,892,floor_proxy_penalized,0.0,0.0,0.0,1.0,0.2,0.05,0.5,0.5,23,0.008513739719596142,0.42773061450493366,0.06415959217574005,True
floor_proxy_penalized_s0024,100,16,0.16,3.25,18.34621906183768,11.13540555879566,0.196104284133852,0.08762327306830708,0.11830246363704341,0.028691034270620325,0.5003269823719824,0.38850025128960003,0.6558101765133015,0.1071384329430102,0.9739583333333334,0.0,0.0,0.33229166666666665,0.765625,0.46249999999999997,0.010258669148112754,0.0016413870636980408,191,1897,floor_proxy_penalized,0.0,0.0,1.0,0.0,0.0,0.0,0.5,0.5,24,0.014368583088886135,0.2268101473410701,0.03628962357457122,False
floor_proxy_penalized_s0025,100,15,0.15,3.6,20.287310401709785,12.591557714809726,0.24385534114559101,0.1507167723584056,0.16368457912267964,0.06033285221440305,0.6018755603773778,0.31188745357082426,0.6009268079224218,0.11601060092766469,0.9311111111111111,0.0,0.0,0.13777777777777775,0.6922222222222223,0.5333333333333333,0.014565847901901218,0.002184877185285183,188,1322,floor_proxy_penalized,0.0,0.0,1.0,0.0,0.0,0.01,0.5,0.5,25,0.011912743712684215,0.3106580480739948,0.04659870721109922,False
floor_proxy_penalized_s0026,100,15,0.15,3.933333333333333,22.08696674629274,13.638697291289356,0.2678462929958785,0.1830287767205596,0.17905491093930748,0.08694673474617431,0.6580465680077504,0.28079814094407085,0.6039515237037166,0.11177290554072067,0.9077777777777777,0.0,0.0,0.06888888888888887,0.6699999999999999,0.49777777777777776,0.014333378478005266,0.00215000677170079,187,1110,floor_proxy_penalized,0.0,0.0,1.0,0.0,0.0,0.05,0.5,0.5,26,0.010998117840462717,0.3430834041986401,0.05146251062979601,False
floor_proxy_penalized_s0027,100,15,0.15,3.8,21.252313590828926,13.2896557959478,0.2640634885410341,0.1887585421591588,0.1733280299680048,0.07300874974140116,0.6470565555510862,0.2777256577695283,0.5809485932358739,0.11861228783755808,0.9344444444444444,0.0,0.0,0.08222222222222222,0.6211111111111112,0.5366666666666667,0.015044755954528049,0.002256713393179207,189,1258,floor_proxy_penalized,0.0,0.0,1.0,0.0,0.05,0.0,0.5,0.5,27,0.011286974042302667,0.34486175886987713,0.05172926383048157,False
floor_proxy_penalized_s0028,100,15,0.15,3.8666666666666667,21.808272307449734,13.602128301152232,0.26660307793316596,0.1887585421591588,0.17940920083504833,0.08210065212387378,0.6474593019226282,0.2763557425932782,0.5820335268208073,0.11737637549747369,0.9211111111111111,0.0,0.0,0.08222222222222222,0.6377777777777778,0.5333333333333333,0.014885545743784223,0.0022328318615676334,188,1243,floor_proxy_penalized,0.0,0.0,1.0,0.0,0.05,0.01,0.5,0.5,28,0.011027686011996633,0.3454113263766192,0.05181169895649288,False
floor_proxy_penalized_s0029,100,15,0.15,4.0,22.427649048727382,13.923425387890557,0.27001192039904776,0.1962051019348712,0.18408904163454756,0.09095135180677114,0.6562971631322977,0.27924852498562325,0.5912353743559884,0.11522102648728565,0.9244444444444444,0.0,0.0,0.08222222222222222,0.6433333333333333,0.5177777777777778,0.01435706332673366,0.002153559499010049,187,1071,floor_proxy_penalized,0.0,0.0,1.0,0.0,0.05,0.05,0.5,0.5,29,0.010773211032570878,0.34605882871388377,0.05190882430708257,False
floor_proxy_penalized_s0030,100,15,0.15,3.8666666666666667,21.371155392630563,13.59877313250049,0.26977791213641056,0.20466728420685598,0.15964609454419912,0.06654370529937698,0.6721047150027211,0.25373251055298973,0.566273837436118,0.12187782295033761,0.9344444444444444,0.0,0.0,0.05555555555555555,0.6144444444444445,0.6,0.015081559951856238,0.0022622339927784356,189,1204,floor_proxy_penalized,0.0,0.0,1.0,0.0,0.1,0.0,0.5,0.5,30,0.011030406827032534,0.35197378686132214,0.05279606802919832,False
floor_proxy_penalized_s0031,100,15,0.15,3.933333333333333,21.927114109251367,13.911245637704923,0.2723175015285424,0.20466728420685598,0.16572726541124264,0.0756356076818496,0.6725074613742631,0.2523625953767396,0.5673587710210517,0.12064191061025321,0.9211111111111111,0.0,0.0,0.05555555555555555,0.6311111111111111,0.5966666666666666,0.014922349741112414,0.002238352461166862,188,1189,floor_proxy_penalized,0.0,0.0,1.0,0.0,0.1,0.01,0.5,0.5,31,0.010782643330906418,0.3525233543680642,0.05287850315520963,False
floor_proxy_penalized_s0032,100,15,0.15,4.066666666666666,22.58164292669607,14.321511994367459,0.2770101334270722,0.21181036610417472,0.1713610749927875,0.08751083082327618,0.6808943766043346,0.2505272443256068,0.5692549612505753,0.11998671075761186,0.9111111111111111,0.0,0.0,0.05555555555555555,0.6233333333333333,0.5677777777777777,0.014420065311708391,0.0021630097967562587,187,1027,floor_proxy_penalized,0.0,0.0,1.0,0.0,0.1,0.05,0.5,0.5,32,0.010473754451275385,0.35863428821939247,0.05379514323290887,False
floor_proxy_penalized_s0033,100,15,0.15,4.6,25.01984113520376,16.4826598262865,0.2927932545063256,0.24810146611904865,0.16296334514094782,0.06829828623981139,0.732195699250457,0.22023134418958984,0.5111516014849349,0.12272476274318699,0.8965079365079364,0.0,0.0,0.02222222222222222,0.5107936507936508,0.4969841269841269,0.009994034351939842,0.0014991051527909762,187,1018,floor_proxy_penalized,0.0,0.0,1.0,0.0,0.2,0.0,0.5,0.5,33,0.009100472956481235,0.3963082003472374,0.05944623005208561,False
floor_proxy_penalized_s0034,100,15,0.15,4.666666666666667,25.575799851824563,16.795132331490933,0.29469866345924267,0.24888511475018285,0.1684345595005776,0.07641254208562155,0.7322073711692773,0.21962249232385953,0.5144553502053503,0.1212580375445409,0.8876190476190475,0.0,0.0,0.02222222222222222,0.5307936507936508,0.49476190476190474,0.009943691764349966,0.0014915537646524948,186,1006,floor_proxy_penalized,0.0,0.0,1.0,0.0,0.2,0.01,0.5,0.5,34,0.008931159162035863,0.395336950723168,0.0593005426084752,False
floor_proxy_penalized_s0035,100,15,0.15,4.6,25.796613784106196,16.858714181127265,0.2956987075711481,0.2514830371095704,0.17954268533606457,0.0963852330131014,0.7250312254406335,0.22600602562651295,0.5274992001176212,0.125574716739742,0.8742857142857142,0.0,0.0,0.02222222222222222,0.5374603174603175,0.4392063492063492,0.010294244238472573,0.0015441366357708858,185,892,floor_proxy_penalized,0.0,0.0,1.0,0.0,0.2,0.05,0.5,0.5,35,0.008897475714246327,0.39941149369547624,0.059911724054321436,False
floor_proxy_penalized_s0036,100,16,0.16,3.5625,27.657862809131096,11.792943675014918,0.2221188294704149,0.09205681787390688,0.16326588126598934,0.04068408914683609,0.5290547651847216,0.3774644877414943,0.6635508444102194,0.0964738885675708,0.7489583333333333,0.0,0.0,0.31666666666666665,0.7697916666666667,0.4666666666666667,0.005603604659287168,0.0008965767454859469,191,1897,floor_proxy_penalized,0.0,0.0,1.0,1.0,0.0,0.0,0.5,0.5,36,0.013567435273941272,0.283981206494646,0.04543699303914336,False
floor_proxy_penalized_s0037,100,15,0.15,3.933333333333333,30.983432026558937,13.144193107164037,0.26473761785458066,0.16851042451251677,0.1955549185443432,0.07978984455677827,0.6325516365225384,0.30274515456874446,0.5939366067655542,0.11318677926346969,0.7688888888888888,0.0,0.0,0.11,0.6744444444444445,0.5266666666666666,0.013815287820930585,0.0020722931731395875,188,1322,floor_proxy_penalized,0.0,0.0,1.0,1.0,0.0,0.01,0.5,0.5,37,0.01141188346649022,0.3621464019447053,0.054321960291705794,True
floor_proxy_penalized_s0038,100,15,0.15,4.2,33.236554874302996,14.332471998182,0.28097233603254695,0.19249995773563172,0.20597128492632802,0.10132442138224247,0.673917950447956,0.28378584045884003,0.586908844485599,0.1104041934465754,0.7436507936507937,0.0,0.0,0.08333333333333333,0.6490476190476192,0.4268253968253968,0.013366551813053016,0.0020049827719579526,187,1110,floor_proxy_penalized,0.0,0.0,1.0,1.0,0.0,0.05,0.5,0.5,38,0.010465745198666826,0.3844878993260427,0.0576731848989064,False
floor_proxy_penalized_s0039,100,15,0.15,4.066666666666666,32.61195662128438,14.071980050034693,0.2825446022945258,0.19579390597139473,0.20277417926220956,0.08583595461059551,0.6777822110764948,0.27790108228099253,0.5831528796901604,0.11435495684885666,0.7255555555555555,0.0,0.0,0.07666666666666666,0.6411111111111112,0.45888888888888885,0.014143870135326538,0.0021215805202989806,189,1258,floor_proxy_penalized,0.0,0.0,1.0,1.0,0.05,0.0,0.5,0.5,39,0.010659480717472322,0.3910469503800542,0.05865704255700813,True
floor_proxy_penalized_s0040,100,15,0.15,4.133333333333334,33.00185084841004,14.342906269483418,0.28409738239044063,0.19579390597139473,0.2046519647912117,0.09074510232426822,0.6787459348760421,0.27605866487348407,0.58031136934865,0.11427379267448501,0.7122222222222222,0.0,0.0,0.07666666666666666,0.6444444444444445,0.45555555555555555,0.013945424854802584,0.0020918137282203877,188,1243,floor_proxy_penalized,0.0,0.0,1.0,1.0,0.05,0.01,0.5,0.5,40,0.010458131509870244,0.39342250748585467,0.0590133761228782,False
floor_proxy_penalized_s0041,100,15,0.15,4.333333333333333,34.043784955200415,14.784391432019731,0.28729162770788513,0.20324046574710716,0.21074826339402802,0.10318273669063,0.6839966465629003,0.275196751514397,0.5843655096527904,0.11173063213973118,0.7203174603174602,0.0,0.0,0.07666666666666666,0.6357142857142858,0.43682539682539684,0.01338663288271496,0.002007994932407244,187,1071,floor_proxy_penalized,0.0,0.0,1.0,1.0,0.05,0.05,0.5,0.5,41,0.0101458352675331,0.3962580632885445,0.05943870949328167,False
floor_proxy_penalized_s0042,100,15,0.15,4.133333333333334,33.0271671678969,14.258198215163258,0.2875304607411423,0.20703856995234898,0.19839459500228127,0.08117792356972,0.6925230309676447,0.26358520997103574,0.5735493489616297,0.11719678615730804,0.7388888888888889,0.0,0.0,0.06333333333333332,0.6077777777777779,0.5088888888888888,0.014166165571448805,0.0021249248357173207,189,1204,floor_proxy_penalized,0.0,0.0,1.0,1.0,0.1,0.0,0.5,0.5,42,0.010520263341582566,0.39908663299092606,0.059862994948638906,True
floor_proxy_penalized_s0043,100,15,0.15,4.2,33.41706139502256,14.529124434611983,0.2890832408370571,0.20703856995234898,0.2002723805312834,0.08608707128339271,0.693486754767192,0.2617427925635273,0.5707078386201194,0.11711562198293639,0.7255555555555556,0.0,0.0,0.06333333333333332,0.6111111111111112,0.5055555555555555,0.013967720290924851,0.002095158043638728,188,1189,floor_proxy_penalized,0.0,0.0,1.0,1.0,0.1,0.01,0.5,0.5,43,0.01032409080637115,0.40146219009672646,0.060219328514508966,True
floor_proxy_penalized_s0044,100,15,0.15,4.4,34.484189301331256,15.05167540515069,0.29266090519790394,0.22128154711924683,0.19982375089222437,0.10154922910828372,0.7025813995198991,0.2494351975536502,0.5619748401371208,0.11707457831344509,0.7336507936507937,0.0,0.0,0.05,0.6023809523809526,0.48682539682539683,0.013449691490686816,0.0020174537236030228,187,1027,floor_proxy_penalized,0.0,0.0,1.0,1.0,0.1,0.05,0.5,0.5,44,0.00996566800455117,0.40701471039594506,0.06105220655939175,True
floor_proxy_penalized_s0045,100,15,0.15,4.8,38.23471209677175,17.047147155116214,0.313877022981274,0.2602994053354002,0.2110425508965816,0.0939467254486488,0.7501726527885003,0.22673433473335527,0.5280173499340166,0.12124310420155315,0.6716666666666667,0.0,0.0,0.016666666666666666,0.5577777777777778,0.36722222222222217,0.009754534201784567,0.001463180130267685,187,1018,floor_proxy_penalized,0.0,0.0,1.0,1.0,0.2,0.0,0.5,0.5,45,0.00879912624881529,0.4450461690241741,0.06675692535362611,True
floor_proxy_penalized_s0046,100,15,0.15,4.866666666666666,38.62460632389741,17.318073374564943,0.31479562263797406,0.2610830539665344,0.21231037991817006,0.0995723483758507,0.7507453021353258,0.22565298063636657,0.5273946547279881,0.12093112716861977,0.6627777777777778,0.0,0.0,0.016666666666666666,0.5644444444444445,0.365,0.009654887190357796,0.0014482330785536698,186,1006,floor_proxy_penalized,0.0,0.0,1.0,1.0,0.2,0.01,0.5,0.5,46,0.008661471559550327,0.445900908999163,0.06688513634987445,True
floor_proxy_penalized_s0047,100,15,0.15,4.733333333333333,38.98525578101683,17.006082354076458,0.30880276710802834,0.25853071541765016,0.21047141490951574,0.1142941137507272,0.7371299707308527,0.23619232635888932,0.5367425444925444,0.12104536235023546,0.7092063492063492,0.0,0.0,0.030000000000000002,0.5534920634920636,0.3601587301587302,0.009575373117567664,0.0014363059676351497,185,892,floor_proxy_penalized,0.0,0.0,1.0,1.0,0.2,0.05,0.5,0.5,47,0.008820373609683485,0.4352607435257506,0.06528911152886259,False
floor_proxy_penalized_s0048,100,16,0.16,3.4375,15.07332419008517,11.268518445810624,0.2201053623928394,0.10430482196278629,0.13150996811574162,0.041356388465737845,0.5603457795774992,0.33773739493394256,0.677869072979609,0.09873156798386894,0.940625,0.0,0.0,0.24375,0.803125,0.44270833333333337,0.012324177673039225,0.0019718684276862765,191,1897,floor_proxy_penalized,0.0,1.0,0.0,0.0,0.0,0.0,0.5,0.5,48,0.01419884972185357,0.24966295801570554,0.03994607328251289,False
floor_proxy_penalized_s0049,100,15,0.15,3.7333333333333334,16.139756902241583,12.758754644630963,0.2522792918074224,0.15153789933493983,0.1622328344288089,0.06449230221407116,0.6243532175763665,0.2850265888531623,0.605054199049813,0.11534644707981258,0.9366666666666668,0.0,0.0,0.12333333333333334,0.7188888888888891,0.5311111111111111,0.016568996624648388,0.0024853494936972584,188,1322,floor_proxy_penalized,0.0,1.0,0.0,0.0,0.0,0.01,0.5,0.5,49,0.011756633321820463,0.30697636897497194,0.04604645534624579,False
floor_proxy_penalized_s0050,100,15,0.15,4.0,17.136983711086753,13.450516203871599,0.27119871836827486,0.17187568064858932,0.18599218016722366,0.08834738349860712,0.6669064432189521,0.27557570902887274,0.6336524049184007,0.10397436451475024,0.9122222222222224,0.0,0.0,0.07777777777777777,0.7433333333333334,0.47111111111111115,0.01614646508482555,0.002421969762723833,187,1110,floor_proxy_penalized,0.0,1.0,0.0,0.0,0.0,0.05,0.5,0.5,50,0.011151988349474942,0.32490690549649587,0.04873603582447438,False
floor_proxy_penalized_s0051,100,15,0.15,3.933333333333333,16.495732883703393,13.39047295172576,0.27441488500585787,0.20404515569019557,0.16458621638734686,0.07056811715574293,0.6883732410350413,0.23833702532271475,0.6126888102628556,0.10972571539237724,0.9144444444444445,0.0,0.0,0.03333333333333333,0.7055555555555556,0.49111111111111116,0.017035650887640637,0.002555347633146096,189,1258,floor_proxy_penalized,0.0,1.0,0.0,0.0,0.05,0.0,0.5,0.5,51,0.011201994174572306,0.3430596077488418,0.05145894116232627,False
floor_proxy_penalized_s0052,100,15,0.15,4.066666666666666,16.863845371192088,13.734894615424349,0.27798999445233263,0.20404515569019557,0.1721492437410095,0.07966001953821555,0.6876458489466766,0.23527488756522288,0.6074564695996583,0.10975243435025164,0.9033333333333334,0.0,0.0,0.03333333333333333,0.7022222222222223,0.5033333333333334,0.016789380077963514,0.002518407011694528,188,1243,floor_proxy_penalized,0.0,1.0,0.0,0.0,0.05,0.01,0.5,0.5,52,0.010921088526704044,0.3474611021084632,0.05211916531626948,False
floor_proxy_penalized_s0053,100,15,0.15,4.2,17.425636257562466,14.207633972530333,0.2843133719941042,0.2121537537037296,0.18209998761764057,0.09269402121044108,0.69560039155567,0.23400574323146808,0.6010498515263737,0.10981820378528413,0.8933333333333333,0.0,0.0,0.03333333333333333,0.6944444444444445,0.4744444444444445,0.016337626657042737,0.002450643998556411,187,1071,floor_proxy_penalized,0.0,1.0,0.0,0.0,0.05,0.05,0.5,0.5,53,0.010557704420737233,0.3546285260420518,0.05319427890630777,False
floor_proxy_penalized_s0054,100,15,0.15,3.933333333333333,16.56499981979027,13.4177253456746,0.27633732555514623,0.21120376775476674,0.16407167817832127,0.07074756209075908,0.6955002135136754,0.24181305192835537,0.6147956478696931,0.1119968139832184,0.9144444444444445,0.0,0.0,0.03333333333333333,0.7055555555555556,0.5444444444444444,0.017100904320558833,0.002565135648083825,189,1204,floor_proxy_penalized,0.0,1.0,0.0,0.0,0.1,0.0,0.5,0.5,54,0.011179242094738112,0.34438842251995094,0.05165826337799264,False
floor_proxy_penalized_s0055,100,15,0.15,4.066666666666666,16.933112307278964,13.76214700937319,0.279912435001621,0.21120376775476674,0.17163470553198393,0.07983946447323169,0.6947728214253108,0.23875091417086347,0.609563307206496,0.1120235329410928,0.9033333333333334,0.0,0.0,0.03333333333333333,0.7022222222222223,0.5566666666666666,0.016854633510881713,0.002528195026632257,188,1189,floor_proxy_penalized,0.0,1.0,0.0,0.0,0.1,0.01,0.5,0.5,55,0.010899462118653235,0.34878991687957234,0.052318487531935846,False
floor_proxy_penalized_s0056,100,15,0.15,4.2,17.49490319364934,14.234886366479177,0.28623581254339253,0.2193123657683008,0.18158544940861499,0.09287346614545723,0.7027273640343042,0.23748176983710867,0.6031566891332112,0.11208930237612529,0.8933333333333333,0.0,0.0,0.03333333333333333,0.6944444444444445,0.5277777777777778,0.016402880089960933,0.00246043201349414,187,1027,floor_proxy_penalized,0.0,1.0,0.0,0.0,0.1,0.05,0.5,0.5,56,0.010537491915160306,0.3559573408131609,0.05339360112197413,False
floor_proxy_penalized_s0057,100,15,0.15,4.466666666666667,19.56785840259293,16.07997124180728,0.2996478524561732,0.2561385004723356,0.17558022150499317,0.07939794869536579,0.747002482677824,0.21154895326130732,0.5850832489472839,0.11642653164333451,0.8955555555555554,0.0,0.0,0.01111111111111111,0.648888888888889,0.44111111111111106,0.01240160081634278,0.0018602401224514168,187,1018,floor_proxy_penalized,0.0,1.0,0.0,0.0,0.2,0.0,0.5,0.5,57,0.009328374892238988,0.37523263328435463,0.05628489499265319,False
floor_proxy_penalized_s0058,100,15,0.15,4.533333333333333,19.92110441448,16.39244374701171,0.3017999637331446,0.25692214910346983,0.1821022821991333,0.08803883529139542,0.746873910239643,0.21105822695339155,0.5893686086493104,0.1146711194032602,0.8866666666666666,0.0,0.0,0.01111111111111111,0.6722222222222223,0.4388888888888889,0.012431704904353209,0.0018647557356529809,186,1006,floor_proxy_penalized,0.0,1.0,0.0,0.0,0.2,0.01,0.5,0.5,58,0.009150557556578134,0.37380488626052066,0.0560707329390781,False
floor_proxy_penalized_s0059,100,15,0.15,4.533333333333333,20.205009994680942,16.522783063614526,0.3049155537812846,0.25850324729213964,0.19400183681879177,0.10152722260095608,0.7409707843472269,0.218554132703951,0.5784352272159288,0.11846669177198914,0.86,0.0,0.0,0.01111111111111111,0.6555555555555556,0.4122222222222222,0.012467771939257815,0.001870165790888672,185,892,floor_proxy_penalized,0.0,1.0,0.0,0.0,0.2,0.05,0.5,0.5,59,0.00907837374747847,0.38516768348885294,0.05777515252332794,False
floor_proxy_penalized_s0060,100,16,0.16,3.5,24.21394027703526,11.705876253435967,0.22954530195004766,0.09205681787390688,0.1705494380341958,0.04068408914683609,0.5400690313142674,0.37162216078802024,0.6759622582278833,0.09237898049283111,0.7333333333333333,0.0,0.0,0.31666666666666665,0.7927083333333333,0.434375,0.006337195616370666,0.0010139512986193067,191,1897,floor_proxy_penalized,0.0,1.0,0.0,1.0,0.0,0.0,0.5,0.5,60,0.013668348830617101,0.28397958451495386,0.04543673352239262,True
floor_proxy_penalized_s0061,100,15,0.15,3.933333333333333,26.647997093117024,13.098135755420872,0.2694116761047068,0.164938569253726,0.18778817153607036,0.08441513492670973,0.6471478535949197,0.2820404053927116,0.5976749608416274,0.1161560896640569,0.7633333333333333,0.0,0.0,0.09888888888888889,0.698888888888889,0.4922222222222221,0.012737876217326229,0.0019106814325989341,188,1322,floor_proxy_penalized,0.0,1.0,0.0,1.0,0.0,0.01,0.5,0.5,61,0.011452011400776643,0.35832312593573706,0.05374846889036056,True
floor_proxy_penalized_s0062,100,15,0.15,4.133333333333334,28.134112418065232,14.076290631038306,0.28092762583083103,0.17267844694652507,0.20606503981308422,0.10677346266322084,0.6673953610504761,0.26301928294176374,0.6163650871545607,0.1049538604768855,0.7366666666666666,0.0,0.0,0.08555555555555555,0.7277777777777779,0.45,0.012063826497150003,0.0018095739745725003,187,1110,floor_proxy_penalized,0.0,1.0,0.0,1.0,0.0,0.05,0.5,0.5,62,0.010656216465810182,0.36574869735192184,0.05486230460278827,False
floor_proxy_penalized_s0063,100,15,0.15,4.066666666666666,27.65278584664169,13.924292141946601,0.28885581958538464,0.19222205071260393,0.19930605679408994,0.09046124498052693,0.6917939255504248,0.25715753041076816,0.5959510628260627,0.11671859936063672,0.72,0.0,0.0,0.06555555555555555,0.6766666666666666,0.44666666666666666,0.01308599980603022,0.0019628999709045327,189,1258,floor_proxy_penalized,0.0,1.0,0.0,1.0,0.05,0.0,0.5,0.5,63,0.010772540425816587,0.3858611770568944,0.057879176558534154,True
floor_proxy_penalized_s0064,100,15,0.15,4.133333333333334,27.936090156400542,14.195218361395325,0.2904085996812994,0.19222205071260393,0.20118384232309208,0.09537039269419964,0.6927576493499721,0.2553151130032597,0.5931095524845524,0.11663743518626507,0.7066666666666667,0.0,0.0,0.06555555555555555,0.6799999999999999,0.44333333333333336,0.012887554525506266,0.0019331331788259396,188,1243,floor_proxy_penalized,0.0,1.0,0.0,1.0,0.05,0.01,0.5,0.5,64,0.010566938540933843,0.3882367341626948,0.05823551012440421,True
floor_proxy_penalized_s0065,100,15,0.15,4.2,28.7150998565283,14.41952556632388,0.28813436245334345,0.18887864271736038,0.21055724378788143,0.11137380256979287,0.6816348154369377,0.2584085429755276,0.6101037897287896,0.10819922785336643,0.7266666666666666,0.0,0.0,0.06555555555555555,0.7077777777777778,0.41000000000000003,0.012211792852723323,0.0018317689279084986,187,1071,floor_proxy_penalized,0.0,1.0,0.0,1.0,0.05,0.05,0.5,0.5,65,0.010402561395661859,0.3798871773010484,0.05698307659515725,False
floor_proxy_penalized_s0066,100,15,0.15,4.133333333333334,27.971659916339455,14.046696562715693,0.29239863042433195,0.2099045717253157,0.18459937672782825,0.08464443540885248,0.7132183021107454,0.23433452474318736,0.5917655215155215,0.11993327157318741,0.7466666666666666,0.0,0.0,0.03888888888888888,0.67,0.51,0.013110364478397077,0.0019665546717595613,189,1204,floor_proxy_penalized,0.0,1.0,0.0,1.0,0.1,0.0,0.5,0.5,66,0.010678667352874035,0.38778967857951774,0.05816845178692766,True
floor_proxy_penalized_s0067,100,15,0.15,4.2,28.25496422609831,14.317622782164419,0.2939514105202468,0.2099045717253157,0.18647716225683036,0.08955358312252519,0.7141820259102928,0.2324921073356789,0.5889240111740112,0.11985210739881576,0.7333333333333333,0.0,0.0,0.03888888888888888,0.6733333333333333,0.5066666666666666,0.012911919197873123,0.0019367878796809684,188,1189,floor_proxy_penalized,0.0,1.0,0.0,1.0,0.1,0.01,0.5,0.5,67,0.01047659952229334,0.39016523568531813,0.05852478535279772,True
floor_proxy_penalized_s0068,100,15,0.15,4.266666666666667,29.04715140802909,14.693372257460632,0.2945917083681806,0.20722320196789376,0.20112146679875156,0.10974029498744661,0.7021758733965822,0.23142361058184696,0.5903097828097829,0.11363501851113766,0.74,0.0,0.0,0.03888888888888888,0.6877777777777777,0.45999999999999996,0.012312886521219963,0.0018469329781829948,187,1027,floor_proxy_penalized,0.0,1.0,0.0,1.0,0.1,0.05,0.5,0.5,68,0.010208684389918506,0.38833560041999576,0.05825034006299936,False
floor_proxy_penalized_s0069,100,15,0.15,4.8,32.241238331547144,16.64614707156397,0.31528777214499387,0.254743726797897,0.21223744623048452,0.08410136054248432,0.7590991460174782,0.22519173132977735,0.5922661281086634,0.11463769574464415,0.6799999999999999,0.0,0.0,0.016666666666666666,0.6685185185185186,0.4822222222222222,0.01048688018073895,0.0015730320271108425,187,1018,floor_proxy_penalized,0.0,1.0,0.0,1.0,0.2,0.0,0.5,0.5,69,0.00901109424031461,0.42035919756863926,0.06305387963529589,True
floor_proxy_penalized_s0070,100,15,0.15,4.866666666666666,32.524542641306,16.9170732910127,0.31620637180169386,0.2555273754290312,0.21350527525207302,0.08972698346968623,0.7596717953643037,0.22411037723278862,0.5916434329026348,0.11432571871171077,0.6711111111111111,0.0,0.0,0.016666666666666666,0.6751851851851852,0.48000000000000004,0.01038723316931218,0.0015580849753968273,186,1006,floor_proxy_penalized,0.0,1.0,0.0,1.0,0.2,0.01,0.5,0.5,70,0.00886678194387728,0.42121393754362824,0.06318209063154423,True
floor_proxy_penalized_s0071,100,15,0.15,5.0,32.99510002962304,17.558864939817507,0.3211121107455115,0.2603654906630813,0.22240803230100362,0.11414274480323147,0.7550744262753617,0.2118836632693031,0.5730897757754483,0.11728089523915994,0.651058201058201,0.0,0.0,0.016666666666666666,0.6303174603174603,0.4229100529100529,0.010092616361204686,0.001513892454180703,185,892,floor_proxy_penalized,0.0,1.0,0.0,1.0,0.2,0.05,0.5,0.5,71,0.008542693420908503,0.43694623898435136,0.06554193584765271,True
floor_proxy_penalized_s0072,100,16,0.16,3.5625,22.453548446489513,11.604747857958426,0.2248100629200065,0.10035605172204472,0.13086670994370886,0.025749959910577377,0.5664684820323016,0.32795986150996226,0.6330896273686037,0.10862467644943907,0.9322916666666667,0.0,0.0,0.26145833333333335,0.709375,0.4604166666666667,0.010312596529827845,0.0016500154447724553,191,1897,floor_proxy_penalized,0.0,1.0,1.0,0.0,0.0,0.0,0.5,0.5,72,0.01378746026698663,0.2656195523331507,0.042499128373304114,False
floor_proxy_penalized_s0073,100,15,0.15,3.7333333333333334,23.81686218813728,13.038890108304715,0.24575113109892185,0.15565725351653079,0.14822148906894142,0.05439803395165311,0.6146017760753977,0.2789359553151538,0.5709258582548056,0.12031384984812256,0.9566666666666668,0.0,0.0,0.13444444444444445,0.658888888888889,0.551111111111111,0.014525813549227443,0.0021788720323841163,188,1322,floor_proxy_penalized,0.0,1.0,1.0,0.0,0.0,0.01,0.5,0.5,73,0.011504046644619098,0.3107757485170944,0.046616362277564154,False
floor_proxy_penalized_s0074,100,15,0.15,4.2,25.6064347345217,14.518784721587572,0.27186145295348646,0.19024191710802452,0.16030560833182284,0.07968425504264337,0.676053415998303,0.23764259508261318,0.5457859932465196,0.11982433485048563,0.9142857142857143,0.0,0.0,0.06888888888888887,0.5757142857142858,0.5141269841269841,0.014181188719882143,0.002127178307982322,187,1110,floor_proxy_penalized,0.0,1.0,1.0,0.0,0.0,0.05,0.5,0.5,74,0.010331443221757343,0.3583317273101917,0.05374975909652875,False
floor_proxy_penalized_s0075,100,15,0.15,4.133333333333334,24.584214862824943,14.090090931936134,0.26953188406787376,0.1920855512434236,0.15151360262369692,0.05979848182100657,0.6732945048585198,0.22680790505844384,0.5366822314920869,0.12284019686085577,0.9398412698412699,0.0,0.0,0.05555555555555555,0.5690476190476192,0.5507936507936508,0.014811770393926718,0.0022217655590890074,189,1258,floor_proxy_penalized,0.0,1.0,1.0,0.0,0.05,0.0,0.5,0.5,75,0.010645779415093409,0.3558309418845352,0.053374641282680275,False
floor_proxy_penalized_s0076,100,15,0.15,4.133333333333334,25.175539696979364,14.464566024775442,0.27167477078957286,0.1920855512434236,0.15648749994261021,0.06889038420347919,0.6745269505382855,0.22751699334462203,0.5347749289372097,0.12140295974870446,0.910952380952381,0.0,0.0,0.05555555555555555,0.576825396825397,0.5319047619047619,0.014725665627765096,0.0022088498441647643,188,1243,floor_proxy_penalized,0.0,1.0,1.0,0.0,0.05,0.01,0.5,0.5,76,0.010370169401769432,0.36104794357054004,0.054157191535581004,False
floor_proxy_penalized_s0077,100,15,0.15,4.266666666666667,25.925434573270362,14.78586311151377,0.27508361325545466,0.19953211101913604,0.16116734074210942,0.07774108388637656,0.683364811747955,0.23040977573696708,0.5439767764723905,0.11924761073851643,0.9142857142857143,0.0,0.0,0.05555555555555555,0.5823809523809526,0.5163492063492063,0.014197183210714533,0.00212957748160718,187,1071,floor_proxy_penalized,0.0,1.0,1.0,0.0,0.05,0.05,0.5,0.5,77,0.010144825423359614,0.36169544590780467,0.054254316886170696,False
floor_proxy_penalized_s0078,100,15,0.15,4.133333333333334,24.616672951863162,14.173183765864183,0.2714626185971945,0.19924416330799477,0.15093804940850325,0.05997792675602272,0.6775413662902177,0.22679118145668356,0.5323617186715742,0.1253710855952722,0.9398412698412699,0.0,0.0,0.05555555555555555,0.5557142857142858,0.5907936507936508,0.014878864693577024,0.0022318297040365537,189,1204,floor_proxy_penalized,0.0,1.0,1.0,0.0,0.1,0.0,0.5,0.5,78,0.010583366622344364,0.35981422032107735,0.0539721330481616,False
floor_proxy_penalized_s0079,100,15,0.15,4.133333333333334,25.20799778601758,14.547658858703494,0.2736055053188936,0.19924416330799477,0.15591194672741654,0.06906982913849533,0.6787738119699835,0.22750026974286178,0.5304544161166969,0.12393384848312089,0.910952380952381,0.0,0.0,0.05555555555555555,0.5634920634920636,0.5719047619047619,0.014792759927415404,0.00221891398911231,188,1189,floor_proxy_penalized,0.0,1.0,1.0,0.0,0.1,0.01,0.5,0.5,79,0.010310937413153512,0.36503122200708227,0.05475468330106234,False
floor_proxy_penalized_s0080,100,15,0.15,4.266666666666667,25.957892662308574,14.868955945441819,0.2770143477847754,0.2066907230837072,0.16059178752691575,0.07792052882139269,0.687611673179653,0.23039305213520683,0.5396562636518777,0.12177849947293283,0.9142857142857143,0.0,0.0,0.05555555555555555,0.5690476190476192,0.5563492063492064,0.014264277510364841,0.002139641626554726,187,1027,floor_proxy_penalized,0.0,1.0,1.0,0.0,0.1,0.05,0.5,0.5,80,0.01008813265372432,0.3656787243443468,0.05485180865165202,False
floor_proxy_penalized_s0081,100,15,0.15,4.733333333333333,28.613992583210123,16.750195431200538,0.2936777174775637,0.24978032852758802,0.16118991392233412,0.07132280969834062,0.7354165619577676,0.2071841241420718,0.5111861499990156,0.12525246365024845,0.8891005291005291,0.0,0.0,0.02222222222222222,0.49682539682539684,0.4711640211640212,0.010274635625380339,0.0015411953438070505,187,1018,floor_proxy_penalized,0.0,1.0,1.0,0.0,0.2,0.0,0.5,0.5,81,0.008955119396433755,0.4005644188603548,0.06008466282905322,False
floor_proxy_penalized_s0082,100,15,0.15,4.8,29.206066246113142,17.130506675538395,0.2968738429895692,0.25056397715872225,0.16721323082635087,0.07996369629437022,0.7381982892033603,0.20623528021287968,0.5057774026385138,0.1233450300208862,0.8468783068783068,0.0,0.0,0.02222222222222222,0.5034920634920634,0.4356084656084656,0.010422589540753547,0.001563388431113032,186,1006,floor_proxy_penalized,0.0,1.0,1.0,0.0,0.2,0.01,0.5,0.5,82,0.008756308429230138,0.40903692307849615,0.06135553846177442,False
floor_proxy_penalized_s0083,100,15,0.15,4.8,29.536583978965904,17.182305595857315,0.2976431239223072,0.2514830371095704,0.17533566945999873,0.09111101640293556,0.733198874940643,0.21806944837199055,0.5097790861401973,0.12471293863988159,0.8335449735449736,0.0,0.0,0.02222222222222222,0.5001587301587302,0.40746031746031747,0.010382205183161543,0.0015573307774742315,185,892,floor_proxy_penalized,0.0,1.0,1.0,0.0,0.2,0.05,0.5,0.5,83,0.00872991107992895,0.41417855612872856,0.06212678341930928,False
floor_proxy_penalized_s0084,100,16,0.16,3.5,31.779337911290057,11.638163305227906,0.23169074953725652,0.10430482196278629,0.16193763932211147,0.04016150317430743,0.5518882065473508,0.3590220497213743,0.6424735247391498,0.10527313370370862,0.7770833333333333,0.0,0.0,0.28541666666666665,0.7489583333333333,0.434375,0.010202151595903838,0.0016323442553446144,191,1897,floor_proxy_penalized,0.0,1.0,1.0,1.0,0.0,0.0,0.5,0.5,84,0.013747873766999593,0.2909568255903129,0.04655309209445006,False
floor_proxy_penalized_s0085,100,15,0.15,3.933333333333333,34.67586294913311,13.199766311765796,0.26744708525582744,0.164938569253726,0.18262982208788645,0.08441513492670973,0.647849256713061,0.28208696862574123,0.5868031659698326,0.11688289113062547,0.7633333333333333,0.0,0.0,0.09888888888888889,0.6855555555555557,0.4655555555555555,0.012665563018071481,0.0018998344527107222,188,1322,floor_proxy_penalized,0.0,1.0,1.0,1.0,0.0,0.01,0.5,0.5,85,0.011363837545085582,0.35995812271276695,0.05399371840691504,False
floor_proxy_penalized_s0086,100,15,0.15,4.2,36.99983515582638,14.530288853358797,0.2832083550205734,0.1804107939352247,0.2009357505183705,0.11091874740669835,0.676023395152202,0.2581887953571029,0.5720390659535396,0.11126236632194364,0.7214285714285714,0.0,0.0,0.07222222222222222,0.6601587301587303,0.36571428571428566,0.012078306520429566,0.0018117459780644348,187,1110,floor_proxy_penalized,0.0,1.0,1.0,1.0,0.0,0.05,0.5,0.5,86,0.010323263461161424,0.3855074041288143,0.05782611061932214,False
floor_proxy_penalized_s0087,100,15,0.15,4.066666666666666,36.24692813591571,14.14785087171706,0.28720716285635534,0.20310452002017243,0.1789207898341582,0.08719645938043859,0.699666884538633,0.2371213653800699,0.5546457015207015,0.12243339162731043,0.7466666666666666,0.0,0.0,0.03888888888888888,0.6122222222222223,0.4244444444444444,0.013058204961823687,0.001958730744273553,189,1258,floor_proxy_penalized,0.0,1.0,1.0,1.0,0.05,0.0,0.5,0.5,87,0.010602317013382202,0.3968495064153106,0.059527425962296585,False
floor_proxy_penalized_s0088,100,15,0.15,4.133333333333334,36.6565791215077,14.567479222577129,0.2890694363647474,0.20310452002017243,0.1836098310318506,0.09628836176291121,0.7015363640150778,0.23558601532970014,0.5499870453620453,0.1212198324545246,0.7200000000000001,0.0,0.0,0.03888888888888888,0.6155555555555556,0.3944444444444445,0.01287966881098626,0.0019319503216479385,188,1243,floor_proxy_penalized,0.0,1.0,1.0,1.0,0.05,0.01,0.5,0.5,88,0.01029690845671675,0.40245398132151566,0.06036809719822735,False
floor_proxy_penalized_s0089,100,15,0.15,4.333333333333333,37.69745250677511,15.151208035688484,0.2917902332689715,0.20203377125426863,0.19759569168316618,0.11369503178379743,0.6935949002156594,0.22978524281187918,0.5463048479298479,0.11583873292798323,0.7114285714285714,0.0,0.0,0.03888888888888888,0.6068253968253969,0.37571428571428567,0.012182356349134286,0.001827353452370143,187,1071,floor_proxy_penalized,0.0,1.0,1.0,1.0,0.05,0.05,0.5,0.5,89,0.009900200673548725,0.40849732115891546,0.06127459817383732,False
floor_proxy_penalized_s0090,100,15,0.15,4.133333333333334,36.399324728308564,14.301975536335272,0.2903221477533467,0.2102631320847436,0.17605229962909077,0.08464498272938073,0.7078787175001825,0.22768152481270296,0.5490185647685647,0.12478720003171581,0.7466666666666666,0.0,0.0,0.03888888888888888,0.6055555555555556,0.4611111111111111,0.013039135677484878,0.0019558703516227315,189,1204,floor_proxy_penalized,0.0,1.0,1.0,1.0,0.1,0.0,0.5,0.5,90,0.010488061570159551,0.3990408641205446,0.05985612961808169,True
floor_proxy_penalized_s0091,100,15,0.15,4.2,36.80897571390055,14.72160388719534,0.29218442126173877,0.2102631320847436,0.18074134082678317,0.09373688511185337,0.7097481969766275,0.22614617476233317,0.5443599086099087,0.12357364085892995,0.7200000000000001,0.0,0.0,0.03888888888888888,0.6088888888888889,0.4311111111111111,0.01286059952664745,0.0019290899289971172,188,1189,floor_proxy_penalized,0.0,1.0,1.0,1.0,0.1,0.01,0.5,0.5,91,0.010189107188957044,0.4046453390267498,0.06069680085401247,True
floor_proxy_penalized_s0092,100,15,0.15,4.4,37.84984909916796,15.305332700306696,0.2949052181659629,0.2091923833188398,0.1947272014780988,0.11114355513273959,0.701806733177209,0.2203454022445122,0.5406777111777111,0.11819254133238859,0.7114285714285714,0.0,0.0,0.03888888888888888,0.6001587301587302,0.4123809523809524,0.012163287064795476,0.0018244930597193214,187,1027,floor_proxy_penalized,0.0,1.0,1.0,1.0,0.1,0.05,0.5,0.5,92,0.009800505675841611,0.4106886788641496,0.06160330182962244,True
floor_proxy_penalized_s0093,100,15,0.15,4.733333333333333,42.00773126550133,16.975483596572744,0.3151278724926817,0.2599684593314959,0.20868454199992284,0.09398288951002386,0.7550571479473736,0.2218637475699757,0.5373332500832502,0.1189826596546055,0.6772222222222222,0.0,0.0,0.016666666666666666,0.5911111111111111,0.38388888888888884,0.010476612680596844,0.0015714919020895267,187,1018,floor_proxy_penalized,0.0,1.0,1.0,1.0,0.2,0.0,0.5,0.5,93,0.00883627256606016,0.43673060026628374,0.06550959003994256,True
floor_proxy_penalized_s0094,100,15,0.15,4.8,42.41128039547864,17.246409816021465,0.31604647214938175,0.2607521079626302,0.20995237102151126,0.09960851243722577,0.755629797294199,0.220782393472987,0.5367105548772215,0.11867068262167212,0.6683333333333333,0.0,0.0,0.016666666666666666,0.5977777777777779,0.38166666666666665,0.010376965669170075,0.0015565448503755113,186,1006,floor_proxy_penalized,0.0,1.0,1.0,1.0,0.2,0.01,0.5,0.5,94,0.00869746234724481,0.4375853402412727,0.06563780103619091,True
floor_proxy_penalized_s0095,100,15,0.15,5.0,42.846484716079,17.548110037856524,0.31646677064806444,0.2633098820834499,0.20944898751127353,0.10820581969781186,0.7512511190371334,0.2131131325576181,0.5248556812952238,0.12151437311684338,0.6792063492063493,0.0,0.0,0.016666666666666666,0.5457142857142858,0.3631216931216931,0.009977752377539431,0.0014966628566309148,185,892,floor_proxy_penalized,0.0,1.0,1.0,1.0,0.2,0.05,0.5,0.5,95,0.008547929074778145,0.44623431360148436,0.06693514704022265,True
floor_proxy_penalized_s0096,100,16,0.16,3.25,19.469949183659775,10.886965152879092,0.19978271771045508,0.07741698180901828,0.15327971624198192,0.03989109217346081,0.4914666853442734,0.4217105189840082,0.7353696795103045,0.089359421601076,0.921875,0.0,0.0,0.38437499999999997,0.8958333333333333,0.5666666666666667,0.006993435910965351,0.0011189497457544562,191,1897,floor_proxy_penalized,1.0,0.0,0.0,0.0,0.0,0.0,0.5,0.5,96,0.014696473971691505,0.20572267294353339,0.03291562767096534,True
floor_proxy_penalized_s0097,100,15,0.15,3.6,21.74298775847268,12.42581402945765,0.24364166288626726,0.13454298151893293,0.1822154612864475,0.07101851932291188,0.5918982218148393,0.33268687375572026,0.6304919958209432,0.112267658968151,0.92,0.0,0.0,0.1711111111111111,0.7477777777777778,0.5555555555555555,0.015216815636699525,0.0022825223455049284,188,1322,floor_proxy_penalized,1.0,0.0,0.0,0.0,0.0,0.01,0.5,0.5,97,0.01207164372848312,0.2955739107832983,0.04433608661749475,True
floor_proxy_penalized_s0098,100,15,0.15,3.7333333333333334,22.979214744481187,13.28517377812567,0.26515269332040636,0.1733042647463398,0.20109195459803825,0.09238069811198488,0.6538374580013762,0.32373688238465387,0.673765799421501,0.10155803313677968,0.9011111111111111,0.0,0.0,0.14444444444444443,0.7922222222222223,0.4633333333333333,0.01687495355677209,0.0025312430335158132,187,1110,floor_proxy_penalized,1.0,0.0,0.0,0.0,0.0,0.05,0.5,0.5,98,0.011290781927668744,0.3073236883133201,0.04609855324699801,False
floor_proxy_penalized_s0099,100,15,0.15,3.8,22.66707330402462,13.075182043227453,0.26502948501956275,0.19093636917738877,0.18968056841073963,0.08134954297373462,0.6475194105921963,0.29100295889869643,0.6307328510985629,0.10921830476536164,0.9122222222222223,0.0,0.0,0.10444444444444442,0.7055555555555556,0.5188888888888888,0.01573578623343912,0.0023603679350158676,189,1258,floor_proxy_penalized,1.0,0.0,0.0,0.0,0.05,0.0,0.5,0.5,99,0.011472115608340263,0.3316789430731812,0.04975184146097718,True
floor_proxy_penalized_s0100,100,15,0.15,3.7333333333333334,23.14174059136606,13.399437969491432,0.2690329138265174,0.19738564804264164,0.2030431529645354,0.08927395435623503,0.6519024338879821,0.30682648049574623,0.6487897121559402,0.10676545658738855,0.89,0.0,0.0,0.12666666666666665,0.7355555555555556,0.47555555555555556,0.01750637338590162,0.002625956007885243,188,1243,floor_proxy_penalized,1.0,0.0,0.0,0.0,0.05,0.01,0.5,0.5,100,0.011194499376878952,0.32964131575699096,0.04944619736354864,False
floor_proxy_penalized_s0101,100,15,0.15,3.8666666666666667,23.665189973720032,13.720735056229756,0.27244175629239914,0.2048322078183541,0.20772299376403464,0.09812465403913237,0.6607402950976516,0.3097192628880913,0.6579915596911211,0.1046101075772005,0.8933333333333333,0.0,0.0,0.12666666666666665,0.7411111111111112,0.46,0.016977890968851057,0.0025466836453276586,187,1071,floor_proxy_penalized,1.0,0.0,0.0,0.0,0.05,0.05,0.5,0.5,101,0.010932358899525143,0.33028881809425553,0.049543322714138326,False
floor_proxy_penalized_s0102,100,15,0.15,3.8666666666666667,22.87631668505498,13.228098365546893,0.27001034425209325,0.20343296026847107,0.18977825717198576,0.0812241430198121,0.6594066200887787,0.2841889255394256,0.6324854457261577,0.10945903833067103,0.9122222222222223,0.0,0.0,0.0911111111111111,0.7255555555555556,0.5688888888888888,0.015749976566208836,0.0023624964849313247,189,1204,floor_proxy_penalized,1.0,0.0,0.0,0.0,0.1,0.0,0.5,0.5,102,0.011339498381013021,0.33286446571031353,0.04992966985654703,True
floor_proxy_penalized_s0103,100,15,0.15,3.8,23.35098397239642,13.552354291810872,0.27401377305904784,0.20988223913372395,0.2031408417257815,0.08914855440231248,0.6637896433845646,0.3000124471364754,0.6505423067835348,0.10700619015269792,0.89,0.0,0.0,0.11333333333333333,0.7555555555555558,0.5255555555555556,0.017520563718671334,0.0026280845578006994,188,1189,floor_proxy_penalized,1.0,0.0,0.0,0.0,0.1,0.01,0.5,0.5,103,0.01106818762040768,0.3308268383941233,0.04962402575911849,False
floor_proxy_penalized_s0104,100,15,0.15,3.933333333333333,23.874433354750394,13.873651378549196,0.2774226155249296,0.2173287989094364,0.20782068252528077,0.09799925408520985,0.6726275045942339,0.30290522952882054,0.6597441543187157,0.10485084114250988,0.8933333333333333,0.0,0.0,0.11333333333333333,0.7611111111111113,0.51,0.016992081301620773,0.002548812195243116,187,1027,floor_proxy_penalized,1.0,0.0,0.0,0.0,0.1,0.05,0.5,0.5,104,0.010811861701521715,0.3314743407313879,0.04972115110970818,True
floor_proxy_penalized_s0105,100,15,0.15,4.466666666666667,26.894093545539434,15.749802686970304,0.2950938147533506,0.24984987896188754,0.19113016326210389,0.08475844486889876,0.7353911332660761,0.2541434698166279,0.6238376563141784,0.11206263619672029,0.8622222222222221,0.0,0.0,0.0688888888888889,0.6977777777777778,0.5188888888888888,0.010982421169058657,0.0016473631753587987,187,1018,floor_proxy_penalized,1.0,0.0,0.0,0.0,0.2,0.0,0.5,0.5,105,0.009523928837793879,0.36241823066702056,0.05436273460005308,True
floor_proxy_penalized_s0106,100,15,0.15,4.466666666666667,27.33316630441846,16.047190828917813,0.2979833114035611,0.25063352759302177,0.20249872540704475,0.09339933146492839,0.7370967035173276,0.26625920953984394,0.6414633469003953,0.10679114611614823,0.831111111111111,0.0,0.0,0.09111111111111111,0.7377777777777779,0.48333333333333334,0.012499001750982761,0.0018748502626474142,186,1006,floor_proxy_penalized,1.0,0.0,0.0,0.0,0.2,0.01,0.5,0.5,106,0.009347430438085945,0.3586264506000133,0.053793967590002,False
floor_proxy_penalized_s0107,100,15,0.15,4.333333333333333,27.766992744155843,16.335430351743582,0.3002135748846849,0.25348255252463725,0.20934823852330883,0.11003593290472118,0.7274851141811468,0.2657758304039785,0.608425506754454,0.11421941306312572,0.8244444444444444,0.0,0.0,0.09333333333333332,0.6877777777777777,0.40777777777777774,0.012723539413381618,0.0019085309120072428,185,892,floor_proxy_penalized,1.0,0.0,0.0,0.0,0.2,0.05,0.5,0.5,107,0.00918249453917751,0.3714550470984781,0.055718257064771716,False
floor_proxy_penalized_s0108,100,16,0.16,3.5,28.875342910226074,11.575647994654197,0.22876101261404536,0.09205681787390688,0.1655643937997511,0.04068408914683609,0.5481561597648015,0.37742272392666076,0.6896678234959486,0.09106399420139237,0.7541666666666667,0.0,0.0,0.31666666666666665,0.8083333333333333,0.465625,0.006337195616370666,0.0010139512986193067,191,1897,floor_proxy_penalized,1.0,0.0,0.0,1.0,0.0,0.0,0.5,0.5,108,0.013822120374936275,0.27569090900139825,0.04411054544022372,True
floor_proxy_penalized_s0109,100,15,0.15,3.8666666666666667,32.416848675784316,13.06220350424091,0.2697251172454213,0.16851042451251677,0.2025981799800362,0.0806785635332029,0.641780463910799,0.30155327383295066,0.6101348123935842,0.11072621927946796,0.7722222222222223,0.0,0.0,0.09666666666666666,0.698888888888889,0.5322222222222222,0.01459778484181965,0.0021896677262729473,188,1322,floor_proxy_penalized,1.0,0.0,0.0,1.0,0.0,0.01,0.5,0.5,109,0.011483514244078301,0.36066616534295504,0.05409992480144325,True
floor_proxy_penalized_s0110,100,15,0.15,4.0,34.29826533149301,13.673666363656501,0.2788060091662759,0.19022729850629194,0.20660916424375764,0.0999211612369495,0.6701178416682215,0.28947078041315427,0.6261802459236671,0.10486917696967617,0.788888888888889,0.0,0.0,0.08333333333333333,0.7211111111111111,0.4666666666666667,0.014190140897319148,0.0021285211345978723,187,1110,floor_proxy_penalized,1.0,0.0,0.0,1.0,0.0,0.05,0.5,0.5,110,0.010969991223326018,0.36070062588334323,0.05410509388250148,False
floor_proxy_penalized_s0111,100,15,0.15,3.933333333333333,33.751311838420996,13.533362491307185,0.2801636782798174,0.19352124674205495,0.20482851638295627,0.08801962914876696,0.6703949527739491,0.2798313264838746,0.6172765738971879,0.10843212884739167,0.7755555555555556,0.0,0.0,0.07666666666666666,0.698888888888889,0.4955555555555556,0.014937149664555607,0.0022405724496833406,189,1258,floor_proxy_penalized,1.0,0.0,0.0,1.0,0.05,0.0,0.5,0.5,111,0.01108371996215639,0.36944773040278,0.055417159560417,True
floor_proxy_penalized_s0112,100,15,0.15,4.0,34.186846351369965,13.804288710755909,0.2817164583757322,0.19352124674205495,0.2067063019119584,0.09292877686243967,0.6713586765734963,0.27798890907636614,0.6144350635556776,0.10835096467302002,0.7622222222222222,0.0,0.0,0.07666666666666666,0.7022222222222222,0.4922222222222222,0.014738704384031654,0.0022108056576047477,188,1243,floor_proxy_penalized,1.0,0.0,0.0,1.0,0.05,0.01,0.5,0.5,112,0.010866188265326867,0.3718232875085804,0.05577349312628706,True
floor_proxy_penalized_s0113,100,15,0.15,4.133333333333334,35.031592820462265,14.125585797494237,0.28512530084161397,0.2009678065177674,0.21138614271145764,0.10177947654533702,0.6801965377831659,0.2808816914687113,0.6236369110908585,0.10619561566283195,0.7655555555555555,0.0,0.0,0.07666666666666666,0.7077777777777778,0.4766666666666667,0.014210221966981091,0.002131533295047164,187,1071,floor_proxy_penalized,1.0,0.0,0.0,1.0,0.05,0.05,0.5,0.5,113,0.010619028630062815,0.37247078984584503,0.05587061847687675,False
floor_proxy_penalized_s0114,100,15,0.15,4.0,34.286621799048355,13.785421274314091,0.2868848485225622,0.21024431018007408,0.20753160218593011,0.0861435705545758,0.6856337724920556,0.2701498818375895,0.6145234705190846,0.10911693119067031,0.7755555555555557,0.0,0.0,0.06333333333333332,0.6788888888888889,0.5055555555555556,0.015030209643748389,0.0022545314465622582,189,1204,floor_proxy_penalized,1.0,0.0,0.0,1.0,0.1,0.0,0.5,0.5,114,0.010881060289357274,0.3799996269176453,0.056999944037646785,True
floor_proxy_penalized_s0115,100,15,0.15,4.066666666666666,34.72215631199732,14.056347493762816,0.28843762861847705,0.21024431018007408,0.20940938771493225,0.09105271826824851,0.6865974962916028,0.2683074644300811,0.6116819601775741,0.10903576701629866,0.7622222222222222,0.0,0.0,0.06333333333333332,0.6822222222222223,0.5022222222222222,0.014831764363224437,0.0022247646544836653,188,1189,floor_proxy_penalized,1.0,0.0,0.0,1.0,0.1,0.01,0.5,0.5,115,0.010671335499251073,0.38237518402344567,0.057356277603516845,True
floor_proxy_penalized_s0116,100,15,0.15,4.2,35.57336288098983,14.26938054432528,0.29022083031229967,0.22137861426875077,0.22030894066939424,0.1062430624392475,0.6836891755447305,0.2781690622649809,0.6254023262312737,0.10511737430993155,0.7788888888888889,0.0,0.0,0.06333333333333332,0.7144444444444445,0.4733333333333334,0.014297074332550558,0.002144561149882584,187,1027,floor_proxy_penalized,1.0,0.0,0.0,1.0,0.1,0.05,0.5,0.5,116,0.010512019042035624,0.3770041776542956,0.056550626648144336,True
floor_proxy_penalized_s0117,100,15,0.15,4.466666666666667,39.534765975325634,16.140540347913934,0.30902885444341716,0.25393539791381764,0.21207391073118845,0.09206805344510756,0.752654914866763,0.25096087552907326,0.6235913162535969,0.1094693389062753,0.73,0.0,0.0,0.05222222222222222,0.7088888888888889,0.4444444444444445,0.011802043723375946,0.0017703065585063919,187,1018,floor_proxy_penalized,1.0,0.0,0.0,1.0,0.2,0.0,0.5,0.5,117,0.009293369166502941,0.394979639506779,0.05924694592601685,True
floor_proxy_penalized_s0118,100,15,0.15,4.533333333333333,39.9703004882746,16.41146656736266,0.30994745410011715,0.25471904654495187,0.2133417397527769,0.09769367637230948,0.7532275642135884,0.24987952143208453,0.6229686210475686,0.10915736187334192,0.7211111111111111,0.0,0.0,0.05222222222222222,0.7155555555555556,0.44222222222222224,0.011702396711949175,0.0017553595067923762,186,1006,floor_proxy_penalized,1.0,0.0,0.0,1.0,0.2,0.01,0.5,0.5,118,0.009139950983923867,0.3958343794817679,0.059375156922265186,True
floor_proxy_penalized_s0119,100,15,0.15,4.533333333333333,40.62198756343243,16.79662176757231,0.31147848797016725,0.2552553779933773,0.21681426094910577,0.11452756265487034,0.7471141039184775,0.2487889267721685,0.598456651535599,0.11438571869143235,0.7077777777777778,0.0,0.0,0.07444444444444445,0.6722222222222222,0.38,0.011714609815476095,0.0017571914723214141,185,892,floor_proxy_penalized,1.0,0.0,0.0,1.0,0.2,0.05,0.5,0.5,119,0.00893036719381222,0.4035250388996078,0.06052875583494116,True
floor_proxy_penalized_s0120,100,16,0.16,3.25,27.202992739184733,11.2119792181996,0.21905561426811299,0.09437188724243117,0.14507524204010752,0.03549291501049696,0.5371985373871475,0.36994575703728827,0.6613612805019056,0.10476128879819491,0.9010416666666666,0.0,0.0,0.29062499999999997,0.7760416666666666,0.38958333333333334,0.012233475080926778,0.0019573560129482843,191,1897,floor_proxy_penalized,1.0,0.0,1.0,0.0,0.0,0.0,0.5,0.5,120,0.014270450995867304,0.25434775918984115,0.040695641470374584,False
floor_proxy_penalized_s0121,100,15,0.15,3.6,29.6852064186303,12.5585629247119,0.25152216978157266,0.157915294144138,0.17531980261014782,0.07062726251324719,0.6118293634300193,0.3079389696760992,0.6085811289100762,0.1132690872405872,0.9088888888888889,0.0,0.0,0.11555555555555556,0.7144444444444444,0.5111111111111111,0.016672307563569515,0.002500846134535427,188,1322,floor_proxy_penalized,1.0,0.0,1.0,0.0,0.0,0.01,0.5,0.5,121,0.01194404175853911,0.3188692415730794,0.047830386235961905,True
floor_proxy_penalized_s0122,100,15,0.15,3.8666666666666667,31.941968943385675,13.460661639483835,0.2732205929476333,0.19022729850629194,0.19022095888299909,0.09315693230229241,0.6677771927569197,0.2834139341218229,0.6275270472704684,0.10490831669502955,0.8855555555555555,0.0,0.0,0.06666666666666667,0.7322222222222222,0.47222222222222227,0.01643983813967356,0.002465975720951034,187,1110,floor_proxy_penalized,1.0,0.0,1.0,0.0,0.0,0.05,0.5,0.5,122,0.011143582984064364,0.33920076258896936,0.0508801143883454,False
floor_proxy_penalized_s0123,100,15,0.15,3.8,30.94897435982634,13.256661005849974,0.2717303171770158,0.19595706394489112,0.18496325345547301,0.08330316004024532,0.6570103586037278,0.27377717387480316,0.5886029142235283,0.11587077415048057,0.9122222222222222,0.0,0.0,0.060000000000000005,0.6433333333333333,0.5144444444444445,0.017151215616196345,0.002572682342429451,189,1258,floor_proxy_penalized,1.0,0.0,1.0,0.0,0.05,0.0,0.5,0.5,123,0.011315066435945457,0.35307295236896175,0.05296094285534426,False
floor_proxy_penalized_s0124,100,15,0.15,3.8666666666666667,31.677852036403408,13.569133511054408,0.2742699065691477,0.19595706394489112,0.1910444243225165,0.09239506242271793,0.6574131049752697,0.27240725869855315,0.5896878478084618,0.1146348618103962,0.8988888888888888,0.0,0.0,0.060000000000000005,0.66,0.5111111111111112,0.01699200540545252,0.0025488008108178776,188,1243,floor_proxy_penalized,1.0,0.0,1.0,0.0,0.05,0.01,0.5,0.5,124,0.011054501002425764,0.35362251987570376,0.05304337798135556,False
floor_proxy_penalized_s0125,100,15,0.15,4.0,32.499381073296696,13.890430597792733,0.2776787490350294,0.20340362372060355,0.19572426512201574,0.10124576210561528,0.6662509661849392,0.2753000410908982,0.5988896953436426,0.11247951280020814,0.9022222222222223,0.0,0.0,0.060000000000000005,0.6655555555555556,0.4955555555555556,0.016463522988401955,0.002469528448260293,187,1071,floor_proxy_penalized,1.0,0.0,1.0,0.0,0.05,0.05,0.5,0.5,125,0.010798801300215691,0.35427002221296827,0.05314050333194524,False
floor_proxy_penalized_s0126,100,15,0.15,3.8666666666666667,31.215812674859514,13.509937902423456,0.27743644679235974,0.21186580599258834,0.17134233303783544,0.07683811559822114,0.6849386291022989,0.25327677686566546,0.5803555088511227,0.11887651911968483,0.9122222222222222,0.0,0.0,0.03333333333333333,0.6500000000000001,0.5911111111111111,0.01718617874679242,0.002577926812018863,189,1204,floor_proxy_penalized,1.0,0.0,1.0,0.0,0.1,0.0,0.5,0.5,126,0.011102937784273051,0.35753051669497365,0.053629577504246045,False
floor_proxy_penalized_s0127,100,15,0.15,3.933333333333333,31.94469035143658,13.82241040762789,0.27997603618449163,0.21186580599258834,0.1774235039048789,0.08593001798069375,0.6853413754738409,0.2519068616894154,0.5814404424360563,0.11764060677960046,0.8988888888888888,0.0,0.0,0.03333333333333333,0.6666666666666666,0.5877777777777777,0.017026968536048594,0.00255404528040729,188,1189,floor_proxy_penalized,1.0,0.0,1.0,0.0,0.1,0.01,0.5,0.5,127,0.010851942286218224,0.3580800842017157,0.05371201263025736,False
floor_proxy_penalized_s0128,100,15,0.15,4.066666666666666,32.77044526185639,14.043346920112173,0.28265960826755987,0.2159002148116859,0.19582195388326187,0.10112036215169276,0.6781381756815216,0.2684860077316273,0.6006422899712373,0.11272024636551753,0.9022222222222223,0.0,0.0,0.04666666666666666,0.6855555555555556,0.5455555555555556,0.016477713321171667,0.0024716569981757504,187,1027,floor_proxy_penalized,1.0,0.0,1.0,0.0,0.1,0.05,0.5,0.5,128,0.01068121444647768,0.35545554485010067,0.0533183317275151,False
floor_proxy_penalized_s0129,100,15,0.15,4.4,36.51868672099119,15.920536045035165,0.3009787401751022,0.2597945543297146,0.18640769452940423,0.08910940228925801,0.741493432014562,0.23284390372831337,0.5700764685282228,0.11682239026130357,0.8711111111111111,0.0,0.0,0.013333333333333334,0.6244444444444445,0.44555555555555565,0.012534772781415422,0.0018802159172123132,187,1018,floor_proxy_penalized,1.0,0.0,1.0,0.0,0.2,0.0,0.5,0.5,129,0.009421793309954386,0.38746267199404605,0.05811940079910691,False
floor_proxy_penalized_s0130,100,15,0.15,4.466666666666667,37.247564397568254,16.2330085502396,0.3031308514520736,0.2605782029608488,0.19292975522354436,0.09775028888528764,0.741364859576381,0.2323531774203976,0.5743618282302492,0.11506697802122928,0.8622222222222221,0.0,0.0,0.013333333333333334,0.6477777777777778,0.4433333333333334,0.012564876869425848,0.0018847315304138773,186,1006,floor_proxy_penalized,1.0,0.0,1.0,0.0,0.2,0.01,0.5,0.5,130,0.009240431281469756,0.38603492497021197,0.057905238745531794,False
floor_proxy_penalized_s0131,100,15,0.15,4.4,37.437993615451504,16.3936374995065,0.30165432299219447,0.25853071541765016,0.19415709473130408,0.10752988481607012,0.7336917674525445,0.23628703632497386,0.5663183871034748,0.11887249622348169,0.8577777777777779,0.0,0.0,0.02666666666666667,0.6133333333333334,0.3855555555555556,0.012561666275947394,0.0018842499413921094,185,892,floor_proxy_penalized,1.0,0.0,1.0,0.0,0.2,0.05,0.5,0.5,131,0.009149891230943435,0.39098200647423526,0.05864730097113528,False
floor_proxy_penalized_s0132,100,16,0.16,3.375,36.50619356334079,11.372592358859336,0.22739375187368105,0.10430482196278629,0.1519646679648308,0.03382003854806641,0.5520706187869691,0.3638634013700178,0.6509476894633145,0.10373682811919412,0.8552083333333333,0.0,0.0,0.29062499999999997,0.7593749999999999,0.4395833333333333,0.012662797897101874,0.0020260476635362997,191,1897,floor_proxy_penalized,1.0,0.0,1.0,1.0,0.0,0.0,0.5,0.5,132,0.014068911902514362,0.27021223131885674,0.04323395701101708,False
floor_proxy_penalized_s0133,100,15,0.15,3.7333333333333334,40.42234351781485,12.776955183148706,0.2626902674888684,0.16851042451251677,0.19063812871339353,0.07302561562212119,0.6278972694819184,0.3017116277551196,0.6065279475235614,0.11031713271800356,0.8466666666666668,0.0,0.0,0.11555555555555556,0.7100000000000001,0.5644444444444443,0.01722247422976422,0.002583371134464633,188,1322,floor_proxy_penalized,1.0,0.0,1.0,1.0,0.0,0.01,0.5,0.5,133,0.011739886213096549,0.3373852662007376,0.05060778993011064,False
floor_proxy_penalized_s0134,100,15,0.15,3.8666666666666667,43.153842074513065,13.50418190963894,0.2755671105753874,0.19022729850629194,0.20074066044900535,0.09315693230229241,0.6654977106952685,0.2916077134411125,0.6292364489798701,0.10387177120594487,0.85,0.0,0.0,0.08888888888888888,0.7322222222222222,0.47222222222222227,0.016814830285263718,0.002522224542789558,187,1110,floor_proxy_penalized,1.0,0.0,1.0,1.0,0.0,0.05,0.5,0.5,134,0.011107670276044921,0.3439713695688373,0.051595705435325594,False
floor_proxy_penalized_s0135,100,15,0.15,3.8666666666666667,42.46625765954833,13.556039994608017,0.27986032670818983,0.19579390597139473,0.19418640885453894,0.0748889710071385,0.6723389888786674,0.2765682486490672,0.5957494004533478,0.11273883887956616,0.8166666666666667,0.0,0.0,0.08222222222222222,0.6744444444444445,0.5188888888888888,0.01747837548952694,0.0026217563234290408,189,1258,floor_proxy_penalized,1.0,0.0,1.0,1.0,0.05,0.0,0.5,0.5,135,0.011065178330815138,0.36332939629852,0.054499409444778,True
floor_proxy_penalized_s0136,100,15,0.15,3.933333333333333,43.03085396038728,13.87403778912316,0.28368719106546114,0.19579390597139473,0.20403379950041528,0.08398087338961112,0.6735070652369708,0.27498633536566774,0.6019625391664865,0.11079847824021175,0.7899999999999999,0.0,0.0,0.08222222222222222,0.6911111111111111,0.5155555555555555,0.01737215253794426,0.0026058228806916384,188,1243,floor_proxy_penalized,1.0,0.0,1.0,1.0,0.05,0.01,0.5,0.5,136,0.010811560576661801,0.3672988744276953,0.0550948311641543,False
floor_proxy_penalized_s0137,100,15,0.15,4.0,44.22107450907363,13.956101343476677,0.2818864022507255,0.2009678065177674,0.20551763891670535,0.09501524761067993,0.6755764068102129,0.28301862449666954,0.6266931141470614,0.10519820989910066,0.8266666666666667,0.0,0.0,0.08222222222222222,0.7188888888888889,0.4822222222222222,0.016834911354925663,0.0025252367032388497,187,1071,floor_proxy_penalized,1.0,0.0,1.0,1.0,0.05,0.05,0.5,0.5,137,0.01074798730020061,0.355741533531339,0.053361230029700855,False
floor_proxy_penalized_s0138,100,15,0.15,3.933333333333333,42.94401983599466,13.742258159736583,0.2848461851548063,0.20703856995234898,0.18980682459461068,0.07023093996626298,0.6870798087698173,0.26225237633911047,0.586145869724817,0.11558066818801756,0.8300000000000001,0.0,0.0,0.06888888888888887,0.6411111111111113,0.5688888888888889,0.017500670925649206,0.002625100638847381,189,1204,floor_proxy_penalized,1.0,0.0,1.0,1.0,0.1,0.0,0.5,0.5,138,0.010915236655900173,0.37136907890939186,0.05570536183640878,False
floor_proxy_penalized_s0139,100,15,0.15,4.0,43.508616136833616,14.060255954251724,0.2886730495120776,0.20703856995234898,0.19965421524048702,0.07932284234873561,0.6882478851281206,0.26067046305571095,0.5923590084379557,0.11364030754866312,0.8033333333333333,0.0,0.0,0.06888888888888887,0.6577777777777778,0.5655555555555556,0.017394447974066526,0.002609167196109979,188,1189,floor_proxy_penalized,1.0,0.0,1.0,1.0,0.1,0.01,0.5,0.5,139,0.010668369088589815,0.3753385570385672,0.05630078355578508,False
floor_proxy_penalized_s0140,100,15,0.15,4.066666666666666,44.764193787678074,14.034055472429378,0.28524661992528283,0.2159002148116859,0.2073577668117398,0.09669686105790606,0.678571044744821,0.2756715676292675,0.6216081019370492,0.10627699551137298,0.8533333333333334,0.0,0.0,0.06888888888888887,0.7122222222222223,0.5188888888888888,0.01685099917742461,0.0025276498766136925,187,1027,floor_proxy_penalized,1.0,0.0,1.0,1.0,0.1,0.05,0.5,0.5,140,0.010688286097677375,0.35776270743579625,0.053664406115369434,False
floor_proxy_penalized_s0141,100,15,0.15,4.4,49.735424083659105,16.186869965112987,0.3086959193983972,0.25916013044741665,0.2038577760511349,0.09518535347799001,0.7450618549826854,0.2347307022349539,0.5694920172420173,0.11469294015143366,0.78,0.0,0.0,0.035555555555555556,0.6333333333333334,0.41000000000000003,0.013156790044013177,0.0019735185066019757,187,1018,floor_proxy_penalized,1.0,0.0,1.0,1.0,0.2,0.0,0.5,0.5,141,0.009266769939048743,0.40282580352193254,0.060423870528289875,False
floor_proxy_penalized_s0142,100,15,0.15,4.466666666666667,50.291203416826534,16.45779618456171,0.3096145190550972,0.25994377907855093,0.20512560507272332,0.10081097640519192,0.7456345043295108,0.23364934813796515,0.5688693220359887,0.1143809631185003,0.7711111111111111,0.0,0.0,0.035555555555555556,0.6400000000000001,0.4077777777777778,0.013057143032586406,0.0019585714548879607,186,1006,floor_proxy_penalized,1.0,0.0,1.0,1.0,0.2,0.01,0.5,0.5,142,0.009114221510453994,0.40368054349692156,0.06055208152453823,False
floor_proxy_penalized_s0143,100,15,0.15,4.533333333333333,50.67222425263356,16.663303785170495,0.3082179972063184,0.25819976941374595,0.2059294375382361,0.10756604887744518,0.7368933326895291,0.23342541277130394,0.5568802154635488,0.11726836813486466,0.7758730158730158,0.0,0.0,0.035555555555555556,0.6074603174603176,0.4014285714285714,0.012927618730523841,0.0019391428095785763,185,892,floor_proxy_penalized,1.0,0.0,1.0,1.0,0.2,0.05,0.5,0.5,143,0.00900181632249257,0.4090480636126186,0.061357209541892783,False
floor_proxy_penalized_s0144,100,16,0.16,3.4375,23.661096749375204,11.253377068472275,0.22792412939539045,0.10430482196278629,0.14720792377170303,0.041356388465737845,0.5660577138235865,0.3416632605082693,0.6755253229796089,0.09857388721054726,0.909375,0.0,0.0,0.25937499999999997,0.7875,0.41145833333333337,0.012324177673039225,0.0019718684276862765,191,1897,floor_proxy_penalized,1.0,1.0,0.0,0.0,0.0,0.0,0.5,0.5,144,0.014217954221782876,0.2590525491468979,0.041448407863503664,False
floor_proxy_penalized_s0145,100,15,0.15,3.6,25.524495837119723,12.499958887078808,0.24893175692694489,0.1395636762864353,0.1752081810456398,0.0685486352956359,0.606112650886714,0.3128344767200875,0.614974426970041,0.11238150354028512,0.92,0.0,0.0,0.12666666666666665,0.7255555555555556,0.5111111111111111,0.016591348710881724,0.0024887023066322584,188,1322,floor_proxy_penalized,1.0,1.0,0.0,0.0,0.0,0.01,0.5,0.5,145,0.012000039468534156,0.30850992702197055,0.04627648905329558,True
floor_proxy_penalized_s0146,100,15,0.15,3.933333333333333,26.88078729110379,13.379484373181437,0.27001446800060425,0.17187568064858932,0.18828511715709742,0.09107830508468112,0.6629414716891002,0.28499882599447945,0.6349590288500245,0.1041514448447613,0.9122222222222224,0.0,0.0,0.07777777777777777,0.7366666666666667,0.4744444444444445,0.016232628668814666,0.0024348943003222,187,1110,floor_proxy_penalized,1.0,1.0,0.0,0.0,0.0,0.05,0.5,0.5,146,0.011211194379109864,0.326698826227804,0.0490048239341706,False
floor_proxy_penalized_s0147,100,15,0.15,3.8,26.204160309780022,13.248409290345434,0.272376340540202,0.20404515569019557,0.16903164416878122,0.07380731262469335,0.6809588437778797,0.2548076700635802,0.6170671340995127,0.10961475124225344,0.9122222222222223,0.0,0.0,0.03333333333333333,0.6966666666666668,0.5011111111111111,0.017153696641329864,0.002573054496199479,189,1258,floor_proxy_penalized,1.0,1.0,0.0,0.0,0.05,0.0,0.5,0.5,147,0.011322113977057615,0.34617091552735085,0.051925637329102624,True
floor_proxy_penalized_s0148,100,15,0.15,3.933333333333333,26.755466438742694,13.592830954044027,0.27595144998667676,0.20404515569019557,0.17659467152244387,0.08289921500716597,0.6802314516895152,0.2517455323060883,0.6118347934363155,0.10964147020012784,0.9011111111111112,0.0,0.0,0.03333333333333333,0.6933333333333335,0.5133333333333333,0.01690742583165274,0.0025361138747479113,188,1243,floor_proxy_penalized,1.0,1.0,0.0,0.0,0.05,0.01,0.5,0.5,148,0.011035228828132614,0.3505724098869723,0.052585861483045844,False
floor_proxy_penalized_s0149,100,15,0.15,4.066666666666666,27.53541100084036,13.815045651285525,0.277303530972597,0.20340362372060355,0.1949161563230938,0.0968222610118286,0.6698443087853757,0.27098120649791685,0.6191847891196446,0.10720351928518211,0.9044444444444445,0.0,0.0,0.060000000000000005,0.6855555555555557,0.4711111111111111,0.016335566080893635,0.0024503349121340456,187,1071,floor_proxy_penalized,1.0,1.0,0.0,0.0,0.05,0.05,0.5,0.5,149,0.010857727421699987,0.34966395600873945,0.05244959340131092,False
floor_proxy_penalized_s0150,100,15,0.15,3.8666666666666667,26.264766875602938,13.346693514984443,0.27548303145716097,0.21120376775476674,0.16622416896988187,0.0712558359736355,0.6920507877863658,0.24886057970361408,0.6178673477747265,0.11170876950308353,0.9122222222222223,0.0,0.0,0.03333333333333333,0.7033333333333335,0.551111111111111,0.01713278649025894,0.0025699179735388412,189,1204,floor_proxy_penalized,1.0,1.0,0.0,0.0,0.1,0.0,0.5,0.5,150,0.01123873863077726,0.34570780956715186,0.051856171435072776,True
floor_proxy_penalized_s0151,100,15,0.15,4.0,26.81607300456561,13.691115178683031,0.27905814090363573,0.21120376775476674,0.17378719632354453,0.08034773835610813,0.691323395698001,0.2457984419461222,0.6126350071115293,0.11173548846095792,0.9011111111111112,0.0,0.0,0.03333333333333333,0.7000000000000001,0.5633333333333332,0.016886515680581818,0.002532977352087273,188,1189,floor_proxy_penalized,1.0,1.0,0.0,0.0,0.1,0.01,0.5,0.5,151,0.010956010379165382,0.3501093039267733,0.052516395589015996,False
floor_proxy_penalized_s0152,100,15,0.15,4.133333333333334,27.629412017052974,14.163854535789016,0.2853815184454073,0.2193123657683008,0.18373794020017561,0.09338174002833365,0.6992779383069945,0.24452929761236739,0.6062283890382445,0.11180125789599041,0.8911111111111113,0.0,0.0,0.03333333333333333,0.6922222222222222,0.5344444444444444,0.01643476225966104,0.0024652143389491564,187,1027,floor_proxy_penalized,1.0,1.0,0.0,0.0,0.1,0.05,0.5,0.5,152,0.010590337511655619,0.3572767278603619,0.05359150917905429,False
floor_proxy_penalized_s0153,100,15,0.15,4.466666666666667,30.788189057469772,15.866511889037577,0.30204973112039385,0.25880157008798876,0.18426773943498762,0.08798678781983413,0.7485323795299587,0.22625235616495945,0.5926004344048719,0.11510369355061191,0.8726984126984126,0.0,0.0,0.013333333333333334,0.6536507936507938,0.4598412698412699,0.012500054649080874,0.001875008197362131,187,1018,floor_proxy_penalized,1.0,1.0,0.0,0.0,0.2,0.0,0.5,0.5,153,0.009453873734127875,0.38067735396808733,0.057101603095213095,False
floor_proxy_penalized_s0154,100,15,0.15,4.533333333333333,31.314354029313105,16.17898439424201,0.30420184239736525,0.259585218719123,0.19078980012912775,0.09662767441586376,0.7484038070917777,0.22576162985704368,0.5968857941068982,0.11334828131053762,0.8638095238095238,0.0,0.0,0.013333333333333334,0.6769841269841271,0.45761904761904765,0.0125301587370913,0.0018795238105636953,186,1006,floor_proxy_penalized,1.0,1.0,0.0,0.0,0.2,0.01,0.5,0.5,154,0.009271286524844165,0.37924960694425325,0.05688744104163798,False
floor_proxy_penalized_s0155,100,15,0.15,4.466666666666667,31.717014134825256,16.451751232924362,0.30438062006191596,0.25850324729213964,0.19638508069605642,0.10645899757761917,0.7380142693650235,0.22600940552503998,0.5803488074628425,0.11887266841316174,0.86,0.0,0.0,0.013333333333333334,0.6533333333333334,0.41888888888888887,0.012535394680687517,0.0018803092021031276,185,892,floor_proxy_penalized,1.0,1.0,0.0,0.0,0.2,0.05,0.5,0.5,155,0.009117570395777066,0.38564433226430583,0.057846649839645874,False
floor_proxy_penalized_s0156,100,16,0.16,3.4375,33.03328222062923,11.569616463890139,0.23166629582693998,0.10926145961550311,0.17148345791372252,0.043827687454777095,0.5459191168957572,0.3666790633402876,0.6893776622682872,0.08821007079858699,0.7749999999999999,0.0,0.0,0.30625,0.81875,0.45,0.007674747163947298,0.0012279595462315676,191,1897,floor_proxy_penalized,1.0,1.0,0.0,1.0,0.0,0.0,0.5,0.5,156,0.013829326192391515,0.2761489835058451,0.044183837360935216,True
floor_proxy_penalized_s0157,100,15,0.15,3.8666666666666667,36.10654660891422,13.009600971604831,0.26827022215699453,0.164938569253726,0.18382391271844076,0.07765090599205264,0.645799926324022,0.27912726579479846,0.5990217621884286,0.11551988393050419,0.7966666666666666,0.0,0.0,0.09888888888888889,0.7044444444444445,0.5088888888888888,0.014083639015386847,0.0021125458523080266,188,1322,floor_proxy_penalized,1.0,1.0,0.0,1.0,0.0,0.01,0.5,0.5,157,0.011529946254877053,0.34975249639443334,0.052462874459165,True
floor_proxy_penalized_s0158,100,15,0.15,4.066666666666666,38.14582230394844,13.845512196647226,0.28025962029633916,0.1811957554881413,0.19421121894695537,0.09504019807403931,0.679239609265855,0.2650450025025845,0.6254482262376998,0.10715559373512035,0.7866666666666666,0.0,0.0,0.08555555555555555,0.7333333333333335,0.4666666666666667,0.013548109784974968,0.0020322164677462453,187,1110,floor_proxy_penalized,1.0,1.0,0.0,1.0,0.0,0.05,0.5,0.5,158,0.010833835387926162,0.35397028377590817,0.053095542566386225,False
floor_proxy_penalized_s0159,100,15,0.15,3.933333333333333,37.4680564072181,13.59652382574575,0.282504734357055,0.18994939148326415,0.1921457965932512,0.0858806905840413,0.6836774786430998,0.25938389755151176,0.6128265916182583,0.11263747429616099,0.7866666666666666,0.0,0.0,0.06555555555555555,0.7044444444444445,0.4455555555555556,0.014423003838122804,0.0021634505757184203,189,1258,floor_proxy_penalized,1.0,1.0,0.0,1.0,0.05,0.0,0.5,0.5,159,0.011032231614669546,0.36508570428196974,0.05476285564229546,False
floor_proxy_penalized_s0160,100,15,0.15,4.0,37.91724582301871,13.867450045194472,0.2840575144529698,0.18994939148326415,0.19402358212225332,0.090789838297714,0.684641202442647,0.2575414801440033,0.6099850812767478,0.11255631012178934,0.7733333333333333,0.0,0.0,0.06555555555555555,0.7077777777777778,0.44222222222222224,0.01422455855759885,0.0021336837836398274,188,1243,floor_proxy_penalized,1.0,1.0,0.0,1.0,0.05,0.01,0.5,0.5,160,0.010816696617701531,0.36746126138777013,0.05511918920816552,False
floor_proxy_penalized_s0161,100,15,0.15,4.133333333333334,38.89251042712436,14.188747131932802,0.28746635691885153,0.1973959512589766,0.19870342292175255,0.09964053798061136,0.6934790636523166,0.2604342625363484,0.6191869288119288,0.11040096111160128,0.7766666666666666,0.0,0.0,0.06555555555555555,0.7133333333333334,0.4266666666666667,0.013696076140548288,0.002054411421082243,187,1071,floor_proxy_penalized,1.0,1.0,0.0,1.0,0.05,0.05,0.5,0.5,161,0.010571757929381528,0.36810876372503476,0.05521631455875521,False
floor_proxy_penalized_s0162,100,15,0.15,4.0,37.83246013765322,13.718928246514844,0.28604754519600234,0.20763191249597593,0.1774391165269895,0.08006388101236685,0.7051018552034204,0.23656089188393098,0.6086410503077169,0.11585214650871169,0.8133333333333332,0.0,0.0,0.03888888888888888,0.6977777777777779,0.5088888888888888,0.014447368510489661,0.002167105276573449,189,1204,floor_proxy_penalized,1.0,1.0,0.0,1.0,0.1,0.0,0.5,0.5,162,0.010933798712600307,0.3670142058045931,0.05505213087068896,True
floor_proxy_penalized_s0163,100,15,0.15,4.066666666666666,38.28164955345384,13.989854465963566,0.2876003252919172,0.20763191249597593,0.17931690205599163,0.08497302872603955,0.7060655790029676,0.23471847447642252,0.6057995399662065,0.11577098233434004,0.8,0.0,0.0,0.03888888888888888,0.7011111111111111,0.5055555555555555,0.014248923229965708,0.002137338484494856,188,1189,floor_proxy_penalized,1.0,1.0,0.0,1.0,0.1,0.01,0.5,0.5,163,0.010722055784421527,0.3693897629103935,0.05540846443655902,False
floor_proxy_penalized_s0164,100,15,0.15,4.2,39.31948746986385,14.462593823069552,0.2939237028336888,0.21574051050951,0.18926764593262269,0.09800703039826507,0.714020121611961,0.23344933014266775,0.5993929218929217,0.11583675176937253,0.7899999999999999,0.0,0.0,0.03888888888888888,0.6933333333333334,0.4766666666666666,0.01379716980904493,0.00206957547135674,187,1027,floor_proxy_penalized,1.0,1.0,0.0,1.0,0.1,0.05,0.5,0.5,164,0.010371583537161378,0.3765571868439821,0.056483578026597314,False
floor_proxy_penalized_s0165,100,15,0.15,4.466666666666667,43.56453214643859,16.215795223951094,0.30998661521576953,0.2512251286714713,0.2095411828413809,0.08530382451045047,0.7481476372615442,0.23288848254167238,0.6092023751102699,0.11207408076383682,0.7355555555555555,0.0,0.0,0.030000000000000002,0.6977777777777778,0.49444444444444446,0.011929690228969262,0.0017894535343453896,187,1018,floor_proxy_penalized,1.0,1.0,0.0,1.0,0.2,0.0,0.5,0.5,165,0.009250240147239071,0.3994865956359038,0.05992298934538556,False
floor_proxy_penalized_s0166,100,15,0.15,4.533333333333333,44.0137215622392,16.48672144339982,0.3109052148724695,0.2520087773026055,0.21080901186296935,0.09092944743765238,0.7487202866083698,0.23180712844468365,0.6085796799042413,0.11176210373090346,0.7266666666666667,0.0,0.0,0.030000000000000002,0.7044444444444445,0.4922222222222222,0.011830043217542496,0.0017745064826313742,186,1006,floor_proxy_penalized,1.0,1.0,0.0,1.0,0.2,0.01,0.5,0.5,166,0.009098230992436035,0.40034133561089275,0.06005120034163391,False
floor_proxy_penalized_s0167,100,15,0.15,4.6,44.669052077845876,16.770253807966856,0.31180085919770867,0.2552553779933773,0.21036686667170781,0.10737851586857437,0.7447668212164252,0.2237258926288437,0.5874257566669847,0.11518899454328245,0.7347619047619048,0.0,0.0,0.030000000000000002,0.6547619047619048,0.4458730158730158,0.011754064733152445,0.0017631097099728669,185,892,floor_proxy_penalized,1.0,1.0,0.0,1.0,0.2,0.05,0.5,0.5,167,0.008944408457833904,0.4092196870282551,0.061382953054238264,False
floor_proxy_penalized_s0168,100,16,0.16,3.5,31.226613274685363,11.466294385112528,0.23370891637425495,0.10710466589616881,0.14908055040463247,0.03540096956574377,0.5743937803024318,0.33563724898805036,0.6429640931805696,0.10747988135838708,0.890625,0.0,0.0,0.24375,0.7239583333333333,0.44166666666666665,0.012325266197692692,0.0019720425916308305,191,1897,floor_proxy_penalized,1.0,1.0,1.0,0.0,0.0,0.0,0.5,0.5,168,0.013953941406540103,0.2795703765934936,0.04473126025495898,False
floor_proxy_penalized_s0169,100,15,0.15,3.6,33.38904249657881,12.5585629247119,0.25152216978157266,0.157915294144138,0.17531980261014782,0.07062726251324719,0.6118293634300193,0.3079389696760992,0.6085811289100762,0.1132690872405872,0.9088888888888889,0.0,0.0,0.11555555555555556,0.7144444444444444,0.5111111111111111,0.016672307563569515,0.002500846134535427,188,1322,floor_proxy_penalized,1.0,1.0,1.0,0.0,0.0,0.01,0.5,0.5,169,0.01194404175853911,0.3188692415730794,0.047830386235961905,True
floor_proxy_penalized_s0170,100,15,0.15,4.0,35.692949518484646,13.583129272522223,0.27489740953945885,0.19022729850629194,0.1888659142653821,0.09724114504501848,0.6688813625358779,0.273539041878014,0.6126445282109626,0.109162103703677,0.9011111111111112,0.0,0.0,0.04666666666666666,0.6855555555555556,0.4777777777777778,0.016313587521502457,0.002447038128225368,187,1110,floor_proxy_penalized,1.0,1.0,1.0,0.0,0.0,0.05,0.5,0.5,170,0.011043110684622588,0.3491519758876681,0.05237279638315021,False
floor_proxy_penalized_s0171,100,15,0.15,3.8666666666666667,34.43107780166543,13.389080449115145,0.27387851199903573,0.20470719392801717,0.1730261522983481,0.07938959224927898,0.6746341803312981,0.25599200242617615,0.5812483860165748,0.11672075468126979,0.9277777777777777,0.0,0.0,0.03333333333333333,0.638888888888889,0.5433333333333333,0.017109115518851407,0.002566367327827711,189,1258,floor_proxy_penalized,1.0,1.0,1.0,0.0,0.05,0.0,0.5,0.5,171,0.011203159213963284,0.35554666924527306,0.05333200038679096,False
floor_proxy_penalized_s0172,100,15,0.15,3.933333333333333,35.200728984925135,13.701552954319578,0.27625363317513146,0.20470719392801717,0.17840675894238467,0.0884814946317516,0.6751304229408409,0.2545433368780497,0.5816789122804344,0.11567730036880418,0.9144444444444445,0.0,0.0,0.03333333333333333,0.6533333333333334,0.5400000000000001,0.016921628068948414,0.002538244210342262,188,1243,floor_proxy_penalized,1.0,1.0,1.0,0.0,0.05,0.01,0.5,0.5,172,0.010947664144356039,0.3564005683518581,0.05346008525277872,False
floor_proxy_penalized_s0173,100,15,0.15,4.066666666666666,36.172526436171204,14.111819310982115,0.2809462650736612,0.21185027582533592,0.18404056852392953,0.10035671777317817,0.6835173381709123,0.25270798582691684,0.5835751025099579,0.11502210051616284,0.9044444444444445,0.0,0.0,0.03333333333333333,0.6455555555555555,0.5111111111111112,0.01641934363954439,0.0024629015459316584,187,1071,floor_proxy_penalized,1.0,1.0,1.0,0.0,0.05,0.05,0.5,0.5,173,0.010629387798585745,0.36251150220318645,0.054376725330477965,False
floor_proxy_penalized_s0174,100,15,0.15,3.933333333333333,34.501360027727365,13.543205113733357,0.2769934968960271,0.21186580599258834,0.17015766209328068,0.07683811559822114,0.6828460132928477,0.24655216185880918,0.575621249264438,0.11907456308567516,0.9277777777777777,0.0,0.0,0.03333333333333333,0.6322222222222222,0.58,0.017090046234512598,0.0025635069351768896,189,1204,floor_proxy_penalized,1.0,1.0,1.0,0.0,0.1,0.0,0.5,0.5,174,0.011075664788381144,0.35773802695050716,0.05366070404257607,False
floor_proxy_penalized_s0175,100,15,0.15,4.0,35.271011210987076,13.85567761893779,0.2793686180721228,0.21186580599258834,0.17553826873731723,0.08593001798069375,0.6833422559023905,0.2451034963106827,0.5760517755282976,0.11803110877320956,0.9144444444444445,0.0,0.0,0.03333333333333333,0.6466666666666667,0.5766666666666665,0.0169025587846096,0.0025353838176914406,188,1189,floor_proxy_penalized,1.0,1.0,1.0,0.0,0.1,0.01,0.5,0.5,175,0.010825886984768007,0.3585919260570922,0.05378878890856383,False
floor_proxy_penalized_s0176,100,15,0.15,4.133333333333334,36.242808662233145,14.265943975600326,0.28406124997065263,0.21900888788990708,0.18117207831886212,0.09780524112212034,0.691729171132462,0.24326814525954987,0.5779479657578211,0.1173759089205682,0.9044444444444445,0.0,0.0,0.03333333333333333,0.638888888888889,0.5477777777777778,0.01640027435520558,0.002460041153280837,187,1027,floor_proxy_penalized,1.0,1.0,1.0,0.0,0.1,0.05,0.5,0.5,176,0.010514551315815596,0.3647028599084205,0.05470542898626307,False
floor_proxy_penalized_s0177,100,15,0.15,4.6,40.239024812007486,16.35135961977392,0.29868207605888786,0.2572823281917141,0.17305533866114103,0.07859269653865555,0.7425917384468114,0.21314524220292685,0.5350781134738823,0.12157193290444294,0.8983333333333333,0.0,0.0,0.0,0.5494444444444445,0.47166666666666673,0.012369657583933788,0.001855448637590068,187,1018,floor_proxy_penalized,1.0,1.0,1.0,0.0,0.2,0.0,0.5,0.5,177,0.009173549080200216,0.39651197781501546,0.059476796672252315,False
floor_proxy_penalized_s0178,100,15,0.15,4.666666666666667,41.00867599526719,16.663832124978352,0.30083418733585926,0.25806597682284826,0.17957739935528114,0.08723358313468516,0.7424631660086303,0.21265451589501108,0.5393634731759087,0.11981652066436864,0.8894444444444445,0.0,0.0,0.0,0.5727777777777778,0.46944444444444444,0.012399761671944213,0.0018599642507916322,186,1006,floor_proxy_penalized,1.0,1.0,1.0,0.0,0.2,0.01,0.5,0.5,178,0.009001530912877871,0.39508423079118143,0.059262634618677215,False
floor_proxy_penalized_s0179,100,15,0.15,4.6,41.34403365454437,16.504912192103284,0.3028493238295987,0.25853071541765016,0.19396423992122497,0.10752988481607012,0.7330692440347375,0.22517430666183372,0.5572569439027127,0.11944106726564067,0.8627777777777778,0.0,0.0,0.013333333333333334,0.5983333333333334,0.4272222222222223,0.012462292037413026,0.001869343805611954,185,892,floor_proxy_penalized,1.0,1.0,1.0,0.0,0.2,0.05,0.5,0.5,179,0.009088203454470176,0.39561010217888615,0.05934151532683292,False
floor_proxy_penalized_s0180,100,16,0.16,3.4375,40.57888353774868,11.555161945400368,0.23062063646127634,0.10430482196278629,0.15822114668058374,0.03382003854806641,0.5506245247308842,0.35629098134833076,0.6437361510017761,0.10467669082850296,0.8083333333333333,0.0,0.0,0.28541666666666665,0.7541666666666667,0.45,0.011463804219085667,0.001834208675053707,191,1897,floor_proxy_penalized,1.0,1.0,1.0,1.0,0.0,0.0,0.5,0.5,180,0.013846625495689343,0.2829218603953407,0.04526749766325451,True
floor_proxy_penalized_s0181,100,15,0.15,3.8,44.12366978641159,12.857904853350226,0.2647877121320448,0.16851042451251677,0.19254237369051624,0.07302561562212119,0.6311694731839735,0.29666155512924813,0.6048185458141597,0.11067833274818216,0.8188888888888889,0.0,0.0,0.11,0.7044444444444445,0.5755555555555555,0.01594354763988027,0.0023915321459820403,188,1322,floor_proxy_penalized,1.0,1.0,1.0,1.0,0.0,0.01,0.5,0.5,181,0.011665975266640455,0.34554389297393995,0.05183158394609099,True
floor_proxy_penalized_s0182,100,15,0.15,3.933333333333333,47.03909085706694,13.58513157984046,0.27766455521856365,0.19022729850629194,0.20264490542612806,0.09315693230229241,0.6687699143973238,0.28655764081524115,0.6275270472704684,0.10423297123612346,0.8222222222222223,0.0,0.0,0.08333333333333333,0.7266666666666667,0.48333333333333334,0.015535903695379766,0.002330385554306965,187,1110,floor_proxy_penalized,1.0,1.0,1.0,1.0,0.0,0.05,0.5,0.5,182,0.011041483044786346,0.35212999634203956,0.052819499451305936,False
floor_proxy_penalized_s0183,100,15,0.15,3.933333333333333,46.17367604960065,13.80598941330149,0.2842203579244261,0.20667637527896324,0.18797361652875735,0.07580694007585007,0.6831040015292356,0.2517037124224151,0.5708491155530628,0.11634996682262856,0.8022222222222222,0.0,0.0,0.05,0.628888888888889,0.53,0.01628341765868576,0.0024425126488028643,189,1258,floor_proxy_penalized,1.0,1.0,1.0,1.0,0.05,0.0,0.5,0.5,183,0.010864849704685512,0.3827077761393219,0.05740616642089828,False
floor_proxy_penalized_s0184,100,15,0.15,4.0,46.77749703720436,14.123987207816635,0.28804722228169743,0.20667637527896324,0.19782100717463366,0.0848988424583227,0.6842720778875389,0.25012179913901567,0.5770622542662015,0.11440960618327414,0.7755555555555557,0.0,0.0,0.05,0.6455555555555555,0.5266666666666667,0.016177194707103083,0.002426579206065462,188,1243,floor_proxy_penalized,1.0,1.0,1.0,1.0,0.05,0.01,0.5,0.5,184,0.010620230519395086,0.3866772542684971,0.05800158814027456,False
floor_proxy_penalized_s0185,100,15,0.15,4.066666666666666,48.07896687516216,14.206050762170149,0.28624643346696177,0.21185027582533592,0.19930484659092373,0.0959332166793915,0.6863414194607811,0.25815408827001746,0.6017928292467765,0.10880933784216305,0.8122222222222223,0.0,0.0,0.05,0.6733333333333335,0.49333333333333335,0.015639953524084486,0.002345993028612673,187,1071,floor_proxy_penalized,1.0,1.0,1.0,1.0,0.05,0.05,0.5,0.5,185,0.010558881036765045,0.3751199133721408,0.05626798700582111,False
floor_proxy_penalized_s0186,100,15,0.15,4.0,46.378137877681155,13.904273637940493,0.287327048841385,0.2138349873435344,0.18516614132985804,0.07325546342479221,0.6941959455377215,0.24575662206244903,0.5716493292282766,0.11844398508345866,0.8022222222222222,0.0,0.0,0.05,0.6355555555555557,0.58,0.01626250750761484,0.002439376126142226,189,1204,floor_proxy_penalized,1.0,1.0,1.0,1.0,0.1,0.0,0.5,0.5,186,0.010788050056113399,0.38224467017912295,0.05733670052686844,True
floor_proxy_penalized_s0187,100,15,0.15,4.066666666666666,46.98195886528486,14.222271432455639,0.2911539131986564,0.2138349873435344,0.19501353197573434,0.08234736580726484,0.6953640218960248,0.2441747087790495,0.5778624679414153,0.11650362444410423,0.7755555555555557,0.0,0.0,0.05,0.6522222222222223,0.5766666666666665,0.01615628455603216,0.002423442683404824,188,1189,floor_proxy_penalized,1.0,1.0,1.0,1.0,0.1,0.01,0.5,0.5,187,0.010546838506941698,0.38621414830829814,0.05793212224624472,True
floor_proxy_penalized_s0188,100,15,0.15,4.133333333333334,48.28342870324266,14.304334986809152,0.28935312438392075,0.21900888788990708,0.19649737139202444,0.09338174002833365,0.697433363469267,0.25220699791005136,0.6025930429219902,0.11090335610299315,0.8122222222222223,0.0,0.0,0.05,0.68,0.5433333333333332,0.015619043373013565,0.002342856505952035,187,1027,floor_proxy_penalized,1.0,1.0,1.0,1.0,0.1,0.05,0.5,0.5,188,0.010486331600757645,0.3746568074119418,0.056198521111791265,False
floor_proxy_penalized_s0189,100,15,0.15,4.666666666666667,53.515049360858,16.7161476194076,0.31580141424538577,0.2599684593314959,0.20862528564989785,0.08721866057536677,0.7533603159657034,0.2181826995909343,0.5503134099016452,0.11742547248264698,0.7188888888888889,0.0,0.0,0.016666666666666666,0.6077777777777779,0.4311111111111111,0.011842656693439669,0.0017763985040159503,187,1018,floor_proxy_penalized,1.0,1.0,1.0,1.0,0.2,0.0,0.5,0.5,189,0.008973359377722211,0.4250520823296121,0.06375781234944182,True
floor_proxy_penalized_s0190,100,15,0.15,4.733333333333333,54.08448359687709,16.987073838856322,0.3167200139020858,0.2607521079626302,0.20989311467148627,0.09284428350256868,0.753932965312529,0.2171013454939456,0.5496907146956166,0.1171134954497136,0.7100000000000001,0.0,0.0,0.016666666666666666,0.6144444444444446,0.42888888888888893,0.0117430096820129,0.001761451452301935,186,1006,floor_proxy_penalized,1.0,1.0,1.0,1.0,0.2,0.01,0.5,0.5,190,0.00883024359715734,0.42590682230460103,0.06388602334569016,True
floor_proxy_penalized_s0191,100,15,0.15,4.6,54.55171717577982,16.744253455372014,0.3103154418494947,0.25819976941374595,0.2078336825153588,0.10756604887744518,0.7401655363915842,0.2283753401454325,0.5551708137541471,0.11762956816504325,0.7480952380952381,0.0,0.0,0.030000000000000002,0.601904761904762,0.41253968253968254,0.011648692140639887,0.0017473038210959833,185,892,floor_proxy_penalized,1.0,1.0,1.0,1.0,0.2,0.05,0.5,0.5,191,0.00895829726895802,0.41720669038582087,0.06258100355787313,False
floor_proxy_penalized_s0192,100,16,0.16,3.25,28.052933214440458,10.886965152879092,0.19978271771045508,0.07741698180901828,0.15327971624198192,0.03989109217346081,0.4914666853442734,0.4217105189840082,0.7353696795103045,0.089359421601076,0.921875,0.0,0.0,0.38437499999999997,0.8958333333333333,0.5666666666666667,0.006993435910965351,0.0011189497457544562,191,1897,floor_proxy_penalized,2.0,0.0,0.0,0.0,0.0,0.0,0.5,0.5,192,0.014696473971691505,0.20572267294353339,0.03291562767096534,True
floor_proxy_penalized_s0193,100,15,0.15,3.6,31.060161487487715,12.42581402945765,0.24364166288626726,0.13454298151893293,0.1822154612864475,0.07101851932291188,0.5918982218148393,0.33268687375572026,0.6304919958209432,0.112267658968151,0.92,0.0,0.0,0.1711111111111111,0.7477777777777778,0.5555555555555555,0.015216815636699525,0.0022825223455049284,188,1322,floor_proxy_penalized,2.0,0.0,0.0,0.0,0.0,0.01,0.5,0.5,193,0.01207164372848312,0.2955739107832983,0.04433608661749475,True
floor_proxy_penalized_s0194,100,15,0.15,3.7333333333333334,32.67325571083672,13.28517377812567,0.26515269332040636,0.1733042647463398,0.20109195459803825,0.09238069811198488,0.6538374580013762,0.32373688238465387,0.673765799421501,0.10155803313677968,0.9011111111111111,0.0,0.0,0.14444444444444443,0.7922222222222223,0.4633333333333333,0.01687495355677209,0.0025312430335158132,187,1110,floor_proxy_penalized,2.0,0.0,0.0,0.0,0.0,0.05,0.5,0.5,194,0.011290781927668744,0.3073236883133201,0.04609855324699801,False
floor_proxy_penalized_s0195,100,15,0.15,3.8,32.258964564821795,13.075182043227453,0.26502948501956275,0.19093636917738877,0.18968056841073963,0.08134954297373462,0.6475194105921963,0.29100295889869643,0.6307328510985629,0.10921830476536164,0.9122222222222223,0.0,0.0,0.10444444444444442,0.7055555555555556,0.5188888888888888,0.01573578623343912,0.0023603679350158676,189,1258,floor_proxy_penalized,2.0,0.0,0.0,0.0,0.05,0.0,0.5,0.5,195,0.011472115608340263,0.3316789430731812,0.04975184146097718,True
floor_proxy_penalized_s0196,100,15,0.15,3.7333333333333334,32.8840432132407,13.399437969491432,0.2690329138265174,0.19738564804264164,0.2030431529645354,0.08927395435623503,0.6519024338879821,0.30682648049574623,0.6487897121559402,0.10676545658738855,0.89,0.0,0.0,0.12666666666666665,0.7355555555555556,0.47555555555555556,0.01750637338590162,0.002625956007885243,188,1243,floor_proxy_penalized,2.0,0.0,0.0,0.0,0.05,0.01,0.5,0.5,196,0.011194499376878952,0.32964131575699096,0.04944619736354864,False
floor_proxy_penalized_s0197,100,15,0.15,3.8666666666666667,33.60964489121032,13.720735056229756,0.27244175629239914,0.2048322078183541,0.20772299376403464,0.09812465403913237,0.6607402950976516,0.3097192628880913,0.6579915596911211,0.1046101075772005,0.8933333333333333,0.0,0.0,0.12666666666666665,0.7411111111111112,0.46,0.016977890968851057,0.0025466836453276586,187,1071,floor_proxy_penalized,2.0,0.0,0.0,0.0,0.05,0.05,0.5,0.5,197,0.010932358899525143,0.33028881809425553,0.049543322714138326,False
floor_proxy_penalized_s0198,100,15,0.15,3.8666666666666667,32.52453500456307,13.228098365546893,0.27001034425209325,0.20343296026847107,0.18977825717198576,0.0812241430198121,0.6594066200887787,0.2841889255394256,0.6324854457261577,0.10945903833067103,0.9122222222222223,0.0,0.0,0.0911111111111111,0.7255555555555556,0.5688888888888888,0.015749976566208836,0.0023624964849313247,189,1204,floor_proxy_penalized,2.0,0.0,0.0,0.0,0.1,0.0,0.5,0.5,198,0.011339498381013021,0.33286446571031353,0.04992966985654703,True
floor_proxy_penalized_s0199,100,15,0.15,3.8,33.14961365298198,13.552354291810872,0.27401377305904784,0.20988223913372395,0.2031408417257815,0.08914855440231248,0.6637896433845646,0.3000124471364754,0.6505423067835348,0.10700619015269792,0.89,0.0,0.0,0.11333333333333333,0.7555555555555558,0.5255555555555556,0.017520563718671334,0.0026280845578006994,188,1189,floor_proxy_penalized,2.0,0.0,0.0,0.0,0.1,0.01,0.5,0.5,199,0.01106818762040768,0.3308268383941233,0.04962402575911849,False
floor_proxy_penalized_s0200,100,15,0.15,3.933333333333333,33.8752153309516,13.873651378549196,0.2774226155249296,0.2173287989094364,0.20782068252528077,0.09799925408520985,0.6726275045942339,0.30290522952882054,0.6597441543187157,0.10485084114250988,0.8933333333333333,0.0,0.0,0.11333333333333333,0.7611111111111113,0.51,0.016992081301620773,0.002548812195243116,187,1027,floor_proxy_penalized,2.0,0.0,0.0,0.0,0.1,0.05,0.5,0.5,200,0.010811861701521715,0.3314743407313879,0.04972115110970818,True
floor_proxy_penalized_s0201,100,15,0.15,4.4,38.016445348386846,15.776264609469088,0.2970647117468611,0.24984987896188754,0.20123089638545627,0.08777370853772647,0.736524054170502,0.26734056363683273,0.642086042106424,0.1071031231490816,0.8399999999999999,0.0,0.0,0.09111111111111111,0.7311111111111112,0.4855555555555556,0.012598648762409532,0.0018897973143614294,187,1018,floor_proxy_penalized,2.0,0.0,0.0,0.0,0.2,0.0,0.5,0.5,201,0.009507954114180383,0.35777171062502433,0.053665756593753645,True
floor_proxy_penalized_s0202,100,15,0.15,4.466666666666667,38.619141779919104,16.047190828917813,0.2979833114035611,0.25063352759302177,0.20249872540704475,0.09339933146492839,0.7370967035173276,0.26625920953984394,0.6414633469003953,0.10679114611614823,0.831111111111111,0.0,0.0,0.09111111111111111,0.7377777777777779,0.48333333333333334,0.012499001750982761,0.0018748502626474142,186,1006,floor_proxy_penalized,2.0,0.0,0.0,0.0,0.2,0.01,0.5,0.5,202,0.009347430438085945,0.3586264506000133,0.053793967590002,False
floor_proxy_penalized_s0203,100,15,0.15,4.333333333333333,39.1985551365681,16.335430351743582,0.3002135748846849,0.25348255252463725,0.20934823852330883,0.11003593290472118,0.7274851141811468,0.2657758304039785,0.608425506754454,0.11421941306312572,0.8244444444444444,0.0,0.0,0.09333333333333332,0.6877777777777777,0.40777777777777774,0.012723539413381618,0.0019085309120072428,185,892,floor_proxy_penalized,2.0,0.0,0.0,0.0,0.2,0.05,0.5,0.5,203,0.00918249453917751,0.3714550470984781,0.055718257064771716,False
floor_proxy_penalized_s0204,100,16,0.16,3.375,37.54715004394467,11.363497889294443,0.22891565213795992,0.10926145961550311,0.16471318401322527,0.043827687454777095,0.5509385543756145,0.37721406956568254,0.7046857916389166,0.08655645947885582,0.8218749999999999,0.0,0.0,0.3114583333333333,0.8395833333333333,0.4708333333333333,0.008873740841963504,0.0014197985347141606,191,1897,floor_proxy_penalized,2.0,0.0,0.0,1.0,0.0,0.0,0.5,0.5,204,0.014080171577339411,0.26021159539241234,0.04163385526278598,True
floor_proxy_penalized_s0205,100,15,0.15,3.7333333333333334,41.792596979701884,12.776955183148706,0.2626902674888684,0.16851042451251677,0.19063812871339353,0.07302561562212119,0.6278972694819184,0.3017116277551196,0.6065279475235614,0.11031713271800356,0.8466666666666668,0.0,0.0,0.11555555555555556,0.7100000000000001,0.5644444444444443,0.01722247422976422,0.002583371134464633,188,1322,floor_proxy_penalized,2.0,0.0,0.0,1.0,0.0,0.01,0.5,0.5,205,0.011739886213096549,0.3373852662007376,0.05060778993011064,False
floor_proxy_penalized_s0206,100,15,0.15,3.8666666666666667,44.056303037937816,13.50418190963894,0.2755671105753874,0.19022729850629194,0.20074066044900535,0.09315693230229241,0.6654977106952685,0.2916077134411125,0.6292364489798701,0.10387177120594487,0.85,0.0,0.0,0.08888888888888888,0.7322222222222222,0.47222222222222227,0.016814830285263718,0.002522224542789558,187,1110,floor_proxy_penalized,2.0,0.0,0.0,1.0,0.0,0.05,0.5,0.5,206,0.011107670276044921,0.3439713695688373,0.051595705435325594,False
floor_proxy_penalized_s0207,100,15,0.15,3.8,43.40131449687153,13.363878037289625,0.2769247796889289,0.19352124674205495,0.19896001258820395,0.08125540021410987,0.6657748218009962,0.28196825951183285,0.620332776953391,0.10743472308366037,0.8366666666666667,0.0,0.0,0.08222222222222222,0.7100000000000001,0.5011111111111111,0.01756183905250018,0.002634275857875027,189,1258,floor_proxy_penalized,2.0,0.0,0.0,1.0,0.05,0.0,0.5,0.5,207,0.011224286811167428,0.352718474088274,0.052907771113241096,False
floor_proxy_penalized_s0208,100,15,0.15,3.8666666666666667,44.00273411586226,13.634804256738347,0.27847755978484373,0.19352124674205495,0.20083779811720612,0.08616454792778258,0.6667385456005435,0.2801258421043245,0.6174912666118805,0.10735355890928872,0.8233333333333334,0.0,0.0,0.08222222222222222,0.7133333333333334,0.49777777777777776,0.017363393771976224,0.002604509065796434,188,1243,floor_proxy_penalized,2.0,0.0,0.0,1.0,0.05,0.01,0.5,0.5,208,0.011001258043427335,0.3550940311940744,0.053264104679111156,False
floor_proxy_penalized_s0209,100,15,0.15,4.0,45.04963288057021,13.956101343476677,0.2818864022507255,0.2009678065177674,0.20551763891670535,0.09501524761067993,0.6755764068102129,0.28301862449666954,0.6266931141470614,0.10519820989910066,0.8266666666666667,0.0,0.0,0.08222222222222222,0.7188888888888889,0.4822222222222222,0.016834911354925663,0.0025252367032388497,187,1071,floor_proxy_penalized,2.0,0.0,0.0,1.0,0.05,0.05,0.5,0.5,209,0.01074798730020061,0.355741533531339,0.053361230029700855,False
floor_proxy_penalized_s0210,100,15,0.15,3.8666666666666667,43.97293989579287,13.507672784120668,0.28202030915961457,0.21393205449303834,0.20788281054614055,0.08571898610802035,0.6692674595625608,0.2792556303081025,0.6220981920938061,0.10635648173075994,0.85,0.0,0.0,0.06888888888888887,0.7166666666666668,0.49777777777777776,0.017648691418069646,0.0026473037127104472,189,1204,floor_proxy_penalized,2.0,0.0,0.0,1.0,0.1,0.0,0.5,0.5,210,0.011104799649598915,0.35725186189672464,0.053587779284508696,True
floor_proxy_penalized_s0211,100,15,0.15,3.933333333333333,44.57435951478361,13.778599003569393,0.28357308925552943,0.21393205449303834,0.20976059607514272,0.09062813382169306,0.6702311833621082,0.27741321290059406,0.6192566817522956,0.10627531755638829,0.8366666666666667,0.0,0.0,0.06888888888888887,0.7200000000000002,0.49444444444444446,0.017450246137545693,0.002617536920631854,188,1189,floor_proxy_penalized,2.0,0.0,0.0,1.0,0.1,0.01,0.5,0.5,211,0.010886447886402818,0.3596274190025251,0.05394411285037876,True
floor_proxy_penalized_s0212,100,15,0.15,4.066666666666666,45.621258279491556,14.099896090307718,0.2869819317214112,0.22137861426875077,0.21444043687464195,0.09947883350459041,0.6790690445717776,0.28030599529293915,0.6284585292874766,0.10411996854620024,0.84,0.0,0.0,0.06888888888888887,0.7255555555555556,0.4788888888888889,0.01692176372049513,0.0025382645580742697,187,1027,floor_proxy_penalized,2.0,0.0,0.0,1.0,0.1,0.05,0.5,0.5,212,0.010638376271659913,0.3602749213397896,0.05404123820096844,True
floor_proxy_penalized_s0213,100,15,0.15,4.333333333333333,50.69030408954144,15.971055893896372,0.30578995585252866,0.25393539791381764,0.20620540693643616,0.08530382451045047,0.7480347838938101,0.25309780855703157,0.6266475193097999,0.10847193314254401,0.791111111111111,0.0,0.0,0.05777777777777778,0.7200000000000001,0.45,0.014426733111320514,0.002164009966698077,187,1018,floor_proxy_penalized,2.0,0.0,0.0,1.0,0.2,0.0,0.5,0.5,213,0.009391990172504826,0.378250383192273,0.05673755747884095,False
floor_proxy_penalized_s0214,100,15,0.15,4.4,51.29172370853217,16.241982113345095,0.3067085555092287,0.25471904654495187,0.20747323595802458,0.09092944743765238,0.7486074332406356,0.2520164544600428,0.6260248241037715,0.10815995610961063,0.7822222222222222,0.0,0.0,0.05777777777777778,0.7266666666666667,0.4477777777777778,0.014327086099893749,0.002149062914984062,186,1006,floor_proxy_penalized,2.0,0.0,0.0,1.0,0.2,0.01,0.5,0.5,214,0.009235326018291431,0.379105123167262,0.0568657684750893,False
floor_proxy_penalized_s0215,100,15,0.15,4.333333333333333,52.13736895622839,16.45957748725491,0.3062005066827466,0.25850324729213964,0.210335175694439,0.10645899757761917,0.7367565530887763,0.25386229804540583,0.5970808410238234,0.11283065161812471,0.8022222222222222,0.0,0.0,0.07111111111111111,0.678888888888889,0.36333333333333334,0.014412846405780087,0.002161926960867013,185,892,floor_proxy_penalized,2.0,0.0,0.0,1.0,0.2,0.05,0.5,0.5,215,0.009113235143256198,0.38332324015287134,0.0574984860229307,False
floor_proxy_penalized_s0216,100,16,0.16,3.25,35.85941467576916,11.105019821717132,0.2216680435757481,0.09437188724243117,0.15381823286170607,0.04302926492816839,0.5399707275197101,0.37228562157508327,0.6784393991425242,0.09908862667831217,0.9010416666666667,0.0,0.0,0.29062499999999997,0.8072916666666666,0.41041666666666665,0.012814054903908582,0.002050248784625373,191,1897,floor_proxy_penalized,2.0,0.0,1.0,0.0,0.0,0.0,0.5,0.5,216,0.014407898641216449,0.2498463573541608,0.03997541717666573,False
floor_proxy_penalized_s0217,100,15,0.15,3.6,38.99092216680012,12.501281893496776,0.25090491362665274,0.1395636762864353,0.17968511279739488,0.0685486352956359,0.6071983476802658,0.31279432286274883,0.6138348258304398,0.11102887891968664,0.8977777777777778,0.0,0.0,0.12666666666666665,0.7255555555555556,0.5333333333333333,0.01721063385539565,0.002581595078309347,188,1322,floor_proxy_penalized,2.0,0.0,1.0,0.0,0.0,0.01,0.5,0.5,217,0.011998769508431826,0.31384975781676594,0.04707746367251489,True
floor_proxy_penalized_s0218,100,15,0.15,3.8666666666666667,41.6582039253745,13.40338060826871,0.27260333679271337,0.17187568064858932,0.1945862690702461,0.09107830508468112,0.6631461770071662,0.28826928730847257,0.6327807441908317,0.102668108374129,0.8744444444444445,0.0,0.0,0.07777777777777777,0.7433333333333334,0.49444444444444446,0.016978164431499698,0.0025467246647249545,187,1110,floor_proxy_penalized,2.0,0.0,1.0,0.0,0.0,0.05,0.5,0.5,218,0.011191206486180296,0.33418127883265597,0.050127191824898394,False
floor_proxy_penalized_s0219,100,15,0.15,3.8,40.57359319680725,13.25798401226794,0.27370347387672367,0.19595706394489112,0.1894401852072281,0.08330316004024532,0.6580960553972798,0.27373702001746447,0.5874633130839271,0.1145181495298821,0.89,0.0,0.0,0.060000000000000005,0.6433333333333333,0.5366666666666667,0.017770500760710264,0.0026655751141065396,189,1258,floor_proxy_penalized,2.0,0.0,1.0,0.0,0.05,0.0,0.5,0.5,219,0.011313937312128397,0.3584127831637572,0.053761917474563575,False
floor_proxy_penalized_s0220,100,15,0.15,3.8666666666666667,41.47538983334057,13.570456517472373,0.27624306326885556,0.19595706394489112,0.19552135607427162,0.09239506242271793,0.6584988017688217,0.27236710484121435,0.5885482466688607,0.11328223718979771,0.8766666666666667,0.0,0.0,0.060000000000000005,0.66,0.5333333333333333,0.017611290549966442,0.002641693582494966,188,1243,floor_proxy_penalized,2.0,0.0,1.0,0.0,0.05,0.01,0.5,0.5,220,0.01105342328070323,0.3589623506704992,0.05384435260057488,False
floor_proxy_penalized_s0221,100,15,0.15,4.0,42.499071165849514,13.8917536042107,0.2796519057347373,0.20340362372060355,0.20020119687377086,0.10124576210561528,0.667336662978491,0.2752598872335595,0.5977500942040415,0.11112688817960967,0.88,0.0,0.0,0.060000000000000005,0.6655555555555556,0.5177777777777778,0.01708280813291588,0.0025624212199373813,187,1071,floor_proxy_penalized,2.0,0.0,1.0,0.0,0.05,0.05,0.5,0.5,221,0.010797772856735222,0.3596098530077637,0.05394147795116456,False
floor_proxy_penalized_s0222,100,15,0.15,3.8666666666666667,40.90098444407786,13.41090033458738,0.27868433310925406,0.20845365503597346,0.1895378739684742,0.08317776008632279,0.6699832648938621,0.26692298665819364,0.5892159077115217,0.11475888309519149,0.89,0.0,0.0,0.04666666666666666,0.6633333333333334,0.5866666666666666,0.01778469109347998,0.002667703664021997,189,1204,floor_proxy_penalized,2.0,0.0,1.0,0.0,0.1,0.0,0.5,0.5,222,0.011184931381015674,0.3595983058008895,0.05393974587013342,False
floor_proxy_penalized_s0223,100,15,0.15,3.933333333333333,41.80278108061119,13.723372839791812,0.281223922501386,0.20845365503597346,0.19561904483551773,0.0922696624687954,0.670386011265404,0.26555307148194357,0.5903008412964553,0.1135229707551071,0.8766666666666667,0.0,0.0,0.04666666666666666,0.68,0.5833333333333334,0.017625480882736154,0.0026438221324104234,188,1189,floor_proxy_penalized,2.0,0.0,1.0,0.0,0.1,0.01,0.5,0.5,223,0.010930257579613755,0.36014787330763154,0.05402218099614473,False
floor_proxy_penalized_s0224,100,15,0.15,4.066666666666666,42.82646241312012,14.04466992653014,0.28463276496726775,0.2159002148116859,0.20029888563501697,0.10112036215169276,0.6792238724750735,0.2684458538742886,0.5995026888316362,0.11136762174491906,0.88,0.0,0.0,0.04666666666666666,0.6855555555555556,0.5677777777777777,0.01709699846568559,0.0025645497698528388,187,1027,floor_proxy_penalized,2.0,0.0,1.0,0.0,0.1,0.05,0.5,0.5,224,0.010680208277209318,0.36079537564489617,0.054119306346734425,False
floor_proxy_penalized_s0225,100,15,0.15,4.4,47.7222399039559,15.921859051453131,0.30295189687481006,0.2597945543297146,0.19088462628115932,0.08910940228925801,0.7425791288081139,0.23280374987097469,0.5689368673886217,0.1154697656407051,0.8488888888888888,0.0,0.0,0.013333333333333334,0.6244444444444445,0.4677777777777778,0.013154057925929346,0.0019731086888894016,187,1018,floor_proxy_penalized,2.0,0.0,1.0,0.0,0.2,0.0,0.5,0.5,225,0.009421010418146494,0.3928025027888415,0.05892037541832622,True
floor_proxy_penalized_s0226,100,15,0.15,4.466666666666667,48.62403654048923,16.23433155665757,0.30510400815178146,0.2605782029608488,0.19740668697529945,0.09775028888528764,0.742450556369933,0.2323130235630589,0.5732222270906481,0.11371435340063081,0.8399999999999999,0.0,0.0,0.013333333333333334,0.6477777777777778,0.46555555555555556,0.01318416201393977,0.001977624302090966,186,1006,floor_proxy_penalized,2.0,0.0,1.0,0.0,0.2,0.01,0.5,0.5,226,0.009239678238460407,0.39137475576500746,0.05870621336475112,True
floor_proxy_penalized_s0227,100,15,0.15,4.4,48.92842882367619,16.39496050592447,0.30362747969190235,0.25853071541765016,0.19863402648305914,0.10752988481607012,0.7347774642460965,0.23624688246763517,0.5651787859638736,0.1175198716028832,0.8355555555555555,0.0,0.0,0.02666666666666667,0.6133333333333334,0.40777777777777774,0.013180951420461317,0.0019771427130691977,185,892,floor_proxy_penalized,2.0,0.0,1.0,0.0,0.2,0.05,0.5,0.5,227,0.009149152872054563,0.39632183726903075,0.05944827559035461,False
floor_proxy_penalized_s0228,100,16,0.16,3.375,45.20903099495929,11.416721960484105,0.2295257058687028,0.10430482196278629,0.15943617276190036,0.03774137105006634,0.552262199310803,0.36410762398637,0.659436422952048,0.10199383143327277,0.8427083333333333,0.0,0.0,0.29062499999999997,0.771875,0.4395833333333333,0.012749256330484316,0.0020398810128774906,191,1897,floor_proxy_penalized,2.0,0.0,1.0,1.0,0.0,0.0,0.5,0.5,228,0.014014530664213135,0.2717065322782707,0.04347304516452331,False
floor_proxy_penalized_s0229,100,15,0.15,3.7333333333333334,49.75283563577806,12.776955183148706,0.2626902674888684,0.16851042451251677,0.19063812871339353,0.07302561562212119,0.6278972694819184,0.3017116277551196,0.6065279475235614,0.11031713271800356,0.8466666666666668,0.0,0.0,0.11555555555555556,0.7100000000000001,0.5644444444444443,0.01722247422976422,0.002583371134464633,188,1322,floor_proxy_penalized,2.0,0.0,1.0,1.0,0.0,0.01,0.5,0.5,229,0.011739886213096549,0.3373852662007376,0.05060778993011064,False
floor_proxy_penalized_s0230,100,15,0.15,3.8666666666666667,52.88896049510401,13.50418190963894,0.2755671105753874,0.19022729850629194,0.20074066044900535,0.09315693230229241,0.6654977106952685,0.2916077134411125,0.6292364489798701,0.10387177120594487,0.85,0.0,0.0,0.08888888888888888,0.7322222222222222,0.47222222222222227,0.016814830285263718,0.002522224542789558,187,1110,floor_proxy_penalized,2.0,0.0,1.0,1.0,0.0,0.05,0.5,0.5,230,0.011107670276044921,0.3439713695688373,0.051595705435325594,False
floor_proxy_penalized_s0231,100,15,0.15,3.8,52.14955242487125,13.363878037289625,0.2769247796889289,0.19352124674205495,0.19896001258820395,0.08125540021410987,0.6657748218009962,0.28196825951183285,0.620332776953391,0.10743472308366037,0.8366666666666667,0.0,0.0,0.08222222222222222,0.7100000000000001,0.5011111111111111,0.01756183905250018,0.002634275857875027,189,1258,floor_proxy_penalized,2.0,0.0,1.0,1.0,0.05,0.0,0.5,0.5,231,0.011224286811167428,0.352718474088274,0.052907771113241096,False
floor_proxy_penalized_s0232,100,15,0.15,3.8666666666666667,52.87121686408045,13.634804256738347,0.27847755978484373,0.19352124674205495,0.20083779811720612,0.08616454792778258,0.6667385456005435,0.2801258421043245,0.6174912666118805,0.10735355890928872,0.8233333333333334,0.0,0.0,0.08222222222222222,0.7133333333333334,0.49777777777777776,0.017363393771976224,0.002604509065796434,188,1243,floor_proxy_penalized,2.0,0.0,1.0,1.0,0.05,0.01,0.5,0.5,232,0.011001258043427335,0.3550940311940744,0.053264104679111156,False
floor_proxy_penalized_s0233,100,15,0.15,4.0,54.21619528332771,13.956101343476677,0.2818864022507255,0.2009678065177674,0.20551763891670535,0.09501524761067993,0.6755764068102129,0.28301862449666954,0.6266931141470614,0.10519820989910066,0.8266666666666667,0.0,0.0,0.08222222222222222,0.7188888888888889,0.4822222222222222,0.016834911354925663,0.0025252367032388497,187,1071,floor_proxy_penalized,2.0,0.0,1.0,1.0,0.05,0.05,0.5,0.5,233,0.01074798730020061,0.355741533531339,0.053361230029700855,False
floor_proxy_penalized_s0234,100,15,0.15,3.8666666666666667,52.68986623115139,13.550096202418189,0.2819106381355454,0.2047659107230092,0.19458042832827568,0.07659736917323437,0.6805156416921461,0.2676523872018761,0.6107292462248601,0.11027655239211175,0.8500000000000001,0.0,0.0,0.06888888888888887,0.6766666666666669,0.551111111111111,0.017584134488622446,0.002637620173293367,189,1204,floor_proxy_penalized,2.0,0.0,1.0,1.0,0.1,0.0,0.5,0.5,234,0.011070032105988337,0.3607581566991458,0.05411372350487187,False
floor_proxy_penalized_s0235,100,15,0.15,3.933333333333333,53.411530670360584,13.821022421866916,0.2834634182314602,0.2047659107230092,0.19645821385727785,0.08150651688690708,0.6814793654916933,0.26580996979436766,0.6078877358833499,0.1101953882177401,0.8366666666666667,0.0,0.0,0.06888888888888887,0.68,0.5477777777777778,0.01738568920809849,0.0026078533812147735,188,1189,floor_proxy_penalized,2.0,0.0,1.0,1.0,0.1,0.01,0.5,0.5,235,0.010853032100047653,0.3631337138049463,0.05447005707074194,False
floor_proxy_penalized_s0236,100,15,0.15,4.066666666666666,54.77027581962994,14.034055472429378,0.28524661992528283,0.2159002148116859,0.2073577668117398,0.09669686105790606,0.678571044744821,0.2756715676292675,0.6216081019370492,0.10627699551137298,0.8533333333333334,0.0,0.0,0.06888888888888887,0.7122222222222223,0.5188888888888888,0.01685099917742461,0.0025276498766136925,187,1027,floor_proxy_penalized,2.0,0.0,1.0,1.0,0.1,0.05,0.5,0.5,236,0.010688286097677375,0.35776270743579625,0.053664406115369434,False
floor_proxy_penalized_s0237,100,15,0.15,4.4,60.975684511087856,16.186869965112987,0.3086959193983972,0.25916013044741665,0.2038577760511349,0.09518535347799001,0.7450618549826854,0.2347307022349539,0.5694920172420173,0.11469294015143366,0.78,0.0,0.0,0.035555555555555556,0.6333333333333334,0.41000000000000003,0.013156790044013177,0.0019735185066019757,187,1018,floor_proxy_penalized,2.0,0.0,1.0,1.0,0.2,0.0,0.5,0.5,237,0.009266769939048743,0.40282580352193254,0.060423870528289875,False
floor_proxy_penalized_s0238,100,15,0.15,4.466666666666667,61.69734895029705,16.45779618456171,0.3096145190550972,0.25994377907855093,0.20512560507272332,0.10081097640519192,0.7456345043295108,0.23364934813796515,0.5688693220359887,0.1143809631185003,0.7711111111111111,0.0,0.0,0.035555555555555556,0.6400000000000001,0.4077777777777778,0.013057143032586406,0.0019585714548879607,186,1006,floor_proxy_penalized,2.0,0.0,1.0,1.0,0.2,0.01,0.5,0.5,238,0.009114221510453994,0.40368054349692156,0.06055208152453823,False
floor_proxy_penalized_s0239,100,15,0.15,4.4,62.187559327713984,16.52393057459369,0.30578147202495376,0.25819976941374595,0.20226045931607672,0.10756604887744518,0.7377745831963044,0.2424880055753105,0.5638580339413672,0.11727337241259768,0.7911111111111111,0.0,0.0,0.04888888888888889,0.618888888888889,0.36333333333333334,0.01301341564691715,0.0019520123470375727,185,892,floor_proxy_penalized,2.0,0.0,1.0,1.0,0.2,0.05,0.5,0.5,239,0.00907774329617627,0.4003142679681867,0.060047140195228,False
floor_proxy_penalized_s0240,100,16,0.16,3.375,32.18233912340699,11.154108623297994,0.22609151754018136,0.10430482196278629,0.14656590405142755,0.041356388465737845,0.5621382572091663,0.35980583696227963,0.6872921136937681,0.09786866960372173,0.909375,0.0,0.0,0.26979166666666665,0.81875,0.45833333333333337,0.012324177673039225,0.0019718684276862765,191,1897,floor_proxy_penalized,2.0,1.0,0.0,0.0,0.0,0.0,0.5,0.5,240,0.014344490035340177,0.25059081186950943,0.04009452989912151,True
floor_proxy_penalized_s0241,100,15,0.15,3.6,34.819328582093505,12.499958887078808,0.24893175692694489,0.1395636762864353,0.1752081810456398,0.0685486352956359,0.606112650886714,0.3128344767200875,0.614974426970041,0.11238150354028512,0.92,0.0,0.0,0.12666666666666665,0.7255555555555556,0.5111111111111111,0.016591348710881724,0.0024887023066322584,188,1322,floor_proxy_penalized,2.0,1.0,0.0,0.0,0.0,0.01,0.5,0.5,241,0.012000039468534156,0.30850992702197055,0.04627648905329558,True
floor_proxy_penalized_s0242,100,15,0.15,3.933333333333333,36.58526955381458,13.379484373181437,0.27001446800060425,0.17187568064858932,0.18828511715709742,0.09107830508468112,0.6629414716891002,0.28499882599447945,0.6349590288500245,0.1041514448447613,0.9122222222222224,0.0,0.0,0.07777777777777777,0.7366666666666667,0.4744444444444445,0.016232628668814666,0.0024348943003222,187,1110,floor_proxy_penalized,2.0,1.0,0.0,0.0,0.0,0.05,0.5,0.5,242,0.011211194379109864,0.326698826227804,0.0490048239341706,False
floor_proxy_penalized_s0243,100,15,0.15,3.8,35.833945101244154,13.248409290345434,0.272376340540202,0.20404515569019557,0.16903164416878122,0.07380731262469335,0.6809588437778797,0.2548076700635802,0.6170671340995127,0.10961475124225344,0.9122222222222223,0.0,0.0,0.03333333333333333,0.6966666666666668,0.5011111111111111,0.017153696641329864,0.002573054496199479,189,1258,floor_proxy_penalized,2.0,1.0,0.0,0.0,0.05,0.0,0.5,0.5,243,0.011322113977057615,0.34617091552735085,0.051925637329102624,True
floor_proxy_penalized_s0244,100,15,0.15,3.933333333333333,36.5684448716808,13.592830954044027,0.27595144998667676,0.20404515569019557,0.17659467152244387,0.08289921500716597,0.6802314516895152,0.2517455323060883,0.6118347934363155,0.10964147020012784,0.9011111111111112,0.0,0.0,0.03333333333333333,0.6933333333333335,0.5133333333333333,0.01690742583165274,0.0025361138747479113,188,1243,floor_proxy_penalized,2.0,1.0,0.0,0.0,0.05,0.01,0.5,0.5,244,0.011035228828132614,0.3505724098869723,0.052585861483045844,False
floor_proxy_penalized_s0245,100,15,0.15,4.066666666666666,37.490307214685906,13.815045651285525,0.277303530972597,0.20340362372060355,0.1949161563230938,0.0968222610118286,0.6698443087853757,0.27098120649791685,0.6191847891196446,0.10720351928518211,0.9044444444444445,0.0,0.0,0.060000000000000005,0.6855555555555557,0.4711111111111111,0.016335566080893635,0.0024503349121340456,187,1071,floor_proxy_penalized,2.0,1.0,0.0,0.0,0.05,0.05,0.5,0.5,245,0.010857727421699987,0.34966395600873945,0.05244959340131092,False
floor_proxy_penalized_s0246,100,15,0.15,3.8666666666666667,35.925212614109356,13.346693514984443,0.27548303145716097,0.21120376775476674,0.16622416896988187,0.0712558359736355,0.6920507877863658,0.24886057970361408,0.6178673477747265,0.11170876950308353,0.9122222222222223,0.0,0.0,0.03333333333333333,0.7033333333333335,0.551111111111111,0.01713278649025894,0.0025699179735388412,189,1204,floor_proxy_penalized,2.0,1.0,0.0,0.0,0.1,0.0,0.5,0.5,246,0.01123873863077726,0.34570780956715186,0.051856171435072776,True
floor_proxy_penalized_s0247,100,15,0.15,4.0,36.659712384546005,13.691115178683031,0.27905814090363573,0.21120376775476674,0.17378719632354453,0.08034773835610813,0.691323395698001,0.2457984419461222,0.6126350071115293,0.11173548846095792,0.9011111111111112,0.0,0.0,0.03333333333333333,0.7000000000000001,0.5633333333333332,0.016886515680581818,0.002532977352087273,188,1189,floor_proxy_penalized,2.0,1.0,0.0,0.0,0.1,0.01,0.5,0.5,247,0.010956010379165382,0.3501093039267733,0.052516395589015996,False
floor_proxy_penalized_s0248,100,15,0.15,4.133333333333334,37.67085240163121,13.967961973604964,0.28228439020512747,0.2159002148116859,0.19501384508433997,0.09669686105790606,0.6817315182819581,0.264167173138646,0.6209373837472392,0.1074442528504915,0.9044444444444445,0.0,0.0,0.04666666666666666,0.7055555555555556,0.5211111111111111,0.01634975641366335,0.0024524634620495026,187,1027,floor_proxy_penalized,2.0,1.0,0.0,0.0,0.1,0.05,0.5,0.5,248,0.010738860850527271,0.35084947864587185,0.05262742179688078,False
floor_proxy_penalized_s0249,100,15,0.15,4.466666666666667,41.9296839714388,15.866511889037577,0.30204973112039385,0.25880157008798876,0.18426773943498762,0.08798678781983413,0.7485323795299587,0.22625235616495945,0.5926004344048719,0.11510369355061191,0.8726984126984126,0.0,0.0,0.013333333333333334,0.6536507936507938,0.4598412698412699,0.012500054649080874,0.001875008197362131,187,1018,floor_proxy_penalized,2.0,1.0,0.0,0.0,0.2,0.0,0.5,0.5,249,0.009453873734127875,0.38067735396808733,0.057101603095213095,False
floor_proxy_penalized_s0250,100,15,0.15,4.533333333333333,42.628767903238376,16.17898439424201,0.30420184239736525,0.259585218719123,0.19078980012912775,0.09662767441586376,0.7484038070917777,0.22576162985704368,0.5968857941068982,0.11334828131053762,0.8638095238095238,0.0,0.0,0.013333333333333334,0.6769841269841271,0.45761904761904765,0.0125301587370913,0.0018795238105636953,186,1006,floor_proxy_penalized,2.0,1.0,0.0,0.0,0.2,0.01,0.5,0.5,250,0.009271286524844165,0.37924960694425325,0.05688744104163798,False
floor_proxy_penalized_s0251,100,15,0.15,4.466666666666667,43.189696957663315,16.451751232924362,0.30438062006191596,0.25850324729213964,0.19638508069605642,0.10645899757761917,0.7380142693650235,0.22600940552503998,0.5803488074628425,0.11887266841316174,0.86,0.0,0.0,0.013333333333333334,0.6533333333333334,0.41888888888888887,0.012535394680687517,0.0018803092021031276,185,892,floor_proxy_penalized,2.0,1.0,0.0,0.0,0.2,0.05,0.5,0.5,251,0.009117570395777066,0.38564433226430583,0.057846649839645874,False
floor_proxy_penalized_s0252,100,16,0.16,3.375,41.69472610357242,11.254340444780372,0.22298680963058953,0.10926145961550311,0.15670138861262337,0.043827687454777095,0.5401912005482,0.3692034436354229,0.6952537306443556,0.08865314596478159,0.8531249999999999,0.0,0.0,0.290625,0.8239583333333333,0.5229166666666667,0.009152441083918108,0.0014643905734268972,191,1897,floor_proxy_penalized,2.0,1.0,0.0,1.0,0.0,0.0,0.5,0.5,252,0.014216737158880428,0.25965090297895865,0.041544144476633384,True
floor_proxy_penalized_s0253,100,15,0.15,3.7333333333333334,45.46742491708503,12.740283208722277,0.2636041815259616,0.16851042451251677,0.18836157867797518,0.07302561562212119,0.6320277783238828,0.2932656964713418,0.6088071498027637,0.10929660528721974,0.8466666666666668,0.0,0.0,0.09333333333333332,0.7100000000000001,0.5866666666666666,0.017519754487849135,0.00262796317317737,188,1322,floor_proxy_penalized,2.0,1.0,0.0,1.0,0.0,0.01,0.5,0.5,253,0.01177367861785888,0.34137440063809843,0.05120616009571476,True
floor_proxy_penalized_s0254,100,15,0.15,3.8666666666666667,47.91505348927809,13.467509935212512,0.2764810246124806,0.19022729850629194,0.198464110413587,0.09315693230229241,0.6696282195372331,0.28316178215733484,0.6315156512590723,0.10285124377516103,0.85,0.0,0.0,0.06666666666666667,0.7322222222222222,0.49444444444444446,0.017112110543348633,0.002566816581502294,187,1110,floor_proxy_penalized,2.0,1.0,0.0,1.0,0.0,0.05,0.5,0.5,254,0.011137916416739073,0.34796050400619805,0.05219407560092971,False
floor_proxy_penalized_s0255,100,15,0.15,3.8,47.125525970022366,13.327206062863192,0.2778386937260221,0.19352124674205495,0.1966834625527856,0.08125540021410987,0.6699053306429608,0.27352232822805517,0.6226119792325931,0.10641419565287653,0.8366666666666667,0.0,0.0,0.060000000000000005,0.7100000000000001,0.5233333333333333,0.01785911931058509,0.0026788678965877634,189,1258,floor_proxy_penalized,2.0,1.0,0.0,1.0,0.05,0.0,0.5,0.5,255,0.011255172261347498,0.35670760852563477,0.05350614127884521,True
floor_proxy_penalized_s0256,100,15,0.15,3.8666666666666667,47.74060049186475,13.59813228231192,0.2793914738219369,0.19352124674205495,0.19856124808178777,0.08616454792778258,0.6708690544425079,0.2716799108205467,0.6197704688910828,0.10633303147850488,0.8233333333333334,0.0,0.0,0.060000000000000005,0.7133333333333334,0.52,0.01766067403006114,0.00264910110450917,188,1243,floor_proxy_penalized,2.0,1.0,0.0,1.0,0.05,0.01,0.5,0.5,256,0.011030926665944846,0.35908316563143516,0.05386247484471527,False
floor_proxy_penalized_s0257,100,15,0.15,4.0,48.91801739158605,13.919429369050244,0.2828003162878187,0.2009678065177674,0.203241088881287,0.09501524761067993,0.6797069156521774,0.2745726932128918,0.6289723164262637,0.10417768246831684,0.8266666666666667,0.0,0.0,0.060000000000000005,0.7188888888888889,0.5044444444444445,0.01713219161301057,0.002569828741951586,187,1071,floor_proxy_penalized,2.0,1.0,0.0,1.0,0.05,0.05,0.5,0.5,257,0.01077630382848337,0.35973066796869974,0.053959600195304956,False
floor_proxy_penalized_s0258,100,15,0.15,3.8666666666666667,47.535459361194846,13.44961048363229,0.2813815045649695,0.21120376775476674,0.18197678248652388,0.07543859064243542,0.6913297072032812,0.25069932256047434,0.6184264379220518,0.10962886786542722,0.8633333333333334,0.0,0.0,0.03333333333333333,0.7033333333333335,0.5866666666666667,0.017883483982951944,0.002682522597442792,189,1204,floor_proxy_penalized,2.0,1.0,0.0,1.0,0.1,0.0,0.5,0.5,258,0.011152739343830426,0.35863611004825807,0.05379541650723871,False
floor_proxy_penalized_s0259,100,15,0.15,3.933333333333333,48.150533883037234,13.720536703081013,0.2829342846608843,0.21120376775476674,0.18385456801552605,0.08034773835610813,0.6922934310028285,0.2488569051529659,0.6155849275805416,0.10954770369105557,0.85,0.0,0.0,0.03333333333333333,0.7066666666666668,0.5833333333333334,0.017685038702427994,0.0026527558053641986,188,1189,floor_proxy_penalized,2.0,1.0,0.0,1.0,0.1,0.01,0.5,0.5,259,0.010932516944932393,0.3610116671540585,0.054151750073108774,False
floor_proxy_penalized_s0260,100,15,0.15,4.066666666666666,49.43852069504437,13.99738349800295,0.28616053396237606,0.2159002148116859,0.20508121677632146,0.09669686105790606,0.6827015535867854,0.2672256363454898,0.6238873042162515,0.10525646808058915,0.8533333333333334,0.0,0.0,0.04666666666666666,0.7122222222222223,0.5411111111111111,0.017148279435509523,0.0025722419153264287,187,1027,floor_proxy_penalized,2.0,1.0,0.0,1.0,0.1,0.05,0.5,0.5,260,0.010716288513592626,0.361751841873157,0.05426277628097355,True
floor_proxy_penalized_s0261,100,15,0.15,4.4,54.76247879079988,15.984382357214233,0.3077946604219924,0.25393539791381764,0.20178338858907954,0.08530382451045047,0.7526169704228629,0.2317630054317121,0.6176781585860531,0.11021136315806127,0.7799999999999999,0.0,0.0,0.013333333333333334,0.7033333333333334,0.5055555555555555,0.013450263762823789,0.0020175395644235687,187,1018,floor_proxy_penalized,2.0,1.0,0.0,1.0,0.2,0.0,0.5,0.5,261,0.00938415990357616,0.39181042396724614,0.058771563595086916,True
floor_proxy_penalized_s0262,100,15,0.15,4.466666666666667,55.37755331264226,16.25530857666296,0.30871326007869243,0.25471904654495187,0.203051217610668,0.09092944743765238,0.7531896197696885,0.23068165133472338,0.6170554633800248,0.10989938612512788,0.7711111111111111,0.0,0.0,0.013333333333333334,0.7100000000000001,0.5033333333333333,0.013350616751397022,0.0020025925127095533,186,1006,floor_proxy_penalized,2.0,1.0,0.0,1.0,0.2,0.01,0.5,0.5,262,0.009227754692725335,0.3926651639422351,0.05889977459133526,True
floor_proxy_penalized_s0263,100,15,0.15,4.466666666666667,56.212716501444994,16.5849011372818,0.30903495495342914,0.2552553779933773,0.20433953056797335,0.10665628242038724,0.7457547910984501,0.22232973759789892,0.5961414845713091,0.11454537747649599,0.7688888888888888,0.0,0.0,0.013333333333333334,0.6666666666666666,0.44111111111111106,0.013349987382464937,0.002002498107369741,185,892,floor_proxy_penalized,2.0,1.0,0.0,1.0,0.2,0.05,0.5,0.5,263,0.009044371067296239,0.4021412039344924,0.060321180590173856,True
floor_proxy_penalized_s0264,100,16,0.16,3.5,39.845947313062084,11.413035955394239,0.23690002332712745,0.12430930763776504,0.15373106292568695,0.04488603249992579,0.5815075477003883,0.33342521991336127,0.6551168709583473,0.10390741453934862,0.9010416666666666,0.0,0.0,0.23333333333333334,0.7447916666666666,0.44166666666666665,0.012401165122087493,0.001984186419533999,191,1897,floor_proxy_penalized,2.0,1.0,1.0,0.0,0.0,0.0,0.5,0.5,264,0.014019056859658614,0.27977474077935705,0.044763958524697126,True
floor_proxy_penalized_s0265,100,15,0.15,3.6,42.71965264003734,12.5585629247119,0.25152216978157266,0.157915294144138,0.17531980261014782,0.07062726251324719,0.6118293634300193,0.3079389696760992,0.6085811289100762,0.1132690872405872,0.9088888888888889,0.0,0.0,0.11555555555555556,0.7144444444444444,0.5111111111111111,0.016672307563569515,0.002500846134535427,188,1322,floor_proxy_penalized,2.0,1.0,1.0,0.0,0.0,0.01,0.5,0.5,265,0.01194404175853911,0.3188692415730794,0.047830386235961905,True
floor_proxy_penalized_s0266,100,15,0.15,3.933333333333333,45.46318915382123,13.438088410814531,0.272604880855232,0.19022729850629194,0.1883967387216055,0.09315693230229241,0.6686581842324058,0.2801033189504911,0.62856573079006,0.10503902854506338,0.9011111111111112,0.0,0.0,0.06666666666666667,0.7255555555555556,0.4744444444444445,0.016313587521502457,0.002447038128225368,187,1110,floor_proxy_penalized,2.0,1.0,1.0,0.0,0.0,0.05,0.5,0.5,266,0.011162301914853078,0.33705814077891283,0.05055872111683692,False
floor_proxy_penalized_s0267,100,15,0.15,3.8666666666666667,44.14901836119877,13.389080449115145,0.27387851199903573,0.20470719392801717,0.1730261522983481,0.07938959224927898,0.6746341803312981,0.25599200242617615,0.5812483860165748,0.11672075468126979,0.9277777777777777,0.0,0.0,0.03333333333333333,0.638888888888889,0.5433333333333333,0.017109115518851407,0.002566367327827711,189,1258,floor_proxy_penalized,2.0,1.0,1.0,0.0,0.05,0.0,0.5,0.5,267,0.011203159213963284,0.35554666924527306,0.05333200038679096,False
floor_proxy_penalized_s0268,100,15,0.15,3.933333333333333,45.09158850441474,13.701552954319578,0.27625363317513146,0.20470719392801717,0.17840675894238467,0.0884814946317516,0.6751304229408409,0.2545433368780497,0.5816789122804344,0.11567730036880418,0.9144444444444445,0.0,0.0,0.03333333333333333,0.6533333333333334,0.5400000000000001,0.016921628068948414,0.002538244210342262,188,1243,floor_proxy_penalized,2.0,1.0,1.0,0.0,0.05,0.01,0.5,0.5,268,0.010947664144356039,0.3564005683518581,0.05346008525277872,False
floor_proxy_penalized_s0269,100,15,0.15,4.066666666666666,46.30372498569302,14.111819310982115,0.2809462650736612,0.21185027582533592,0.18404056852392953,0.10035671777317817,0.6835173381709123,0.25270798582691684,0.5835751025099579,0.11502210051616284,0.9044444444444445,0.0,0.0,0.03333333333333333,0.6455555555555555,0.5111111111111112,0.01641934363954439,0.0024629015459316584,187,1071,floor_proxy_penalized,2.0,1.0,1.0,0.0,0.05,0.05,0.5,0.5,269,0.010629387798585745,0.36251150220318645,0.054376725330477965,False
floor_proxy_penalized_s0270,100,15,0.15,3.933333333333333,44.285856911682565,13.487364673754149,0.2769852029159947,0.21186580599258834,0.17021867709944877,0.07683811559822114,0.685726124339784,0.25004491206621005,0.5820485996917883,0.11881477294209988,0.9277777777777777,0.0,0.0,0.03333333333333333,0.6455555555555555,0.5933333333333333,0.017088205367780485,0.002563230805167073,189,1204,floor_proxy_penalized,2.0,1.0,1.0,0.0,0.1,0.0,0.5,0.5,270,0.01112152029906137,0.35508356328507407,0.05326253449276111,False
floor_proxy_penalized_s0271,100,15,0.15,4.0,45.228427054898525,13.799837178958581,0.27936032409209044,0.21186580599258834,0.17559928374348532,0.08593001798069375,0.6862223669493268,0.24859624651808357,0.582479125955648,0.11777131862963429,0.9144444444444445,0.0,0.0,0.03333333333333333,0.66,0.59,0.016900717917877492,0.0025351076876816243,188,1189,floor_proxy_penalized,2.0,1.0,1.0,0.0,0.1,0.01,0.5,0.5,271,0.010869693464841294,0.35593746239165913,0.05339061935874887,False
floor_proxy_penalized_s0272,100,15,0.15,4.133333333333334,46.44056353617681,14.21010353562112,0.2840529559906202,0.21900888788990708,0.1812330933250302,0.09780524112212034,0.6946092821793983,0.24676089546695074,0.5843753161851716,0.11711611877699293,0.9044444444444445,0.0,0.0,0.03333333333333333,0.6522222222222224,0.5611111111111111,0.016398433488473467,0.0024597650232710206,187,1027,floor_proxy_penalized,2.0,1.0,1.0,0.0,0.1,0.05,0.5,0.5,272,0.01055586960531203,0.36204839624298735,0.0543072594364481,False
floor_proxy_penalized_s0273,100,15,0.15,4.466666666666667,51.60906081951052,15.897962816365858,0.30056851620370667,0.2597945543297146,0.1852473116296775,0.08910940228925801,0.7419263737978361,0.22978863187009743,0.571048406186177,0.11684782358600981,0.8838095238095238,0.0,0.0,0.013333333333333334,0.6180952380952381,0.4487301587301588,0.012500655939861372,0.0018750983909792058,187,1018,floor_proxy_penalized,2.0,1.0,1.0,0.0,0.2,0.0,0.5,0.5,273,0.009435171143159633,0.38596075414425934,0.0578941131216389,False
floor_proxy_penalized_s0274,100,15,0.15,4.533333333333333,52.55163096272648,16.21043532157029,0.3027206274806781,0.2605782029608488,0.1917693723238176,0.09775028888528764,0.741797801359655,0.22929790556218166,0.5753337658882034,0.11509241134593552,0.8749206349206349,0.0,0.0,0.013333333333333334,0.6414285714285715,0.4465079365079366,0.012530760027871799,0.0018796140041807698,186,1006,floor_proxy_penalized,2.0,1.0,1.0,0.0,0.2,0.01,0.5,0.5,274,0.009253298694600981,0.3845330071204254,0.057679951068063805,False
floor_proxy_penalized_s0275,100,15,0.15,4.466666666666667,52.90431048786546,16.4207291598092,0.301268659501987,0.25853071541765016,0.19304771859566014,0.10642283351624411,0.731840636253979,0.22897947451279993,0.5670995875469559,0.11989582916088581,0.8711111111111111,0.0,0.0,0.013333333333333334,0.6177777777777779,0.4077777777777778,0.012485464962984772,0.0018728197444477157,185,892,floor_proxy_penalized,2.0,1.0,1.0,0.0,0.2,0.05,0.5,0.5,275,0.009134795327307068,0.38987124235821763,0.058480686353732644,False
floor_proxy_penalized_s0276,100,16,0.16,3.375,49.301394449275804,11.33821238283456,0.2282505462834559,0.10430482196278629,0.1498304023066261,0.03382003854806641,0.5559429708263108,0.35594534079147616,0.6530844416000666,0.10278008365283427,0.8552083333333333,0.0,0.0,0.26979166666666665,0.7593749999999999,0.4604166666666667,0.012941498139056477,0.0020706397022490363,191,1897,floor_proxy_penalized,2.0,1.0,1.0,1.0,0.0,0.0,0.5,0.5,276,0.014111571965456508,0.27395204485388247,0.043832327176621194,False
floor_proxy_penalized_s0277,100,15,0.15,3.7333333333333334,53.441979289801814,12.740283208722277,0.2636041815259616,0.16851042451251677,0.18836157867797518,0.07302561562212119,0.6320277783238828,0.2932656964713418,0.6088071498027637,0.10929660528721974,0.8466666666666668,0.0,0.0,0.09333333333333332,0.7100000000000001,0.5866666666666666,0.017519754487849135,0.00262796317317737,188,1322,floor_proxy_penalized,2.0,1.0,1.0,1.0,0.0,0.01,0.5,0.5,277,0.01177367861785888,0.34137440063809843,0.05120616009571476,True
floor_proxy_penalized_s0278,100,15,0.15,3.8666666666666667,56.76202666308489,13.467509935212512,0.2764810246124806,0.19022729850629194,0.198464110413587,0.09315693230229241,0.6696282195372331,0.28316178215733484,0.6315156512590723,0.10285124377516103,0.85,0.0,0.0,0.06666666666666667,0.7322222222222222,0.49444444444444446,0.017112110543348633,0.002566816581502294,187,1110,floor_proxy_penalized,2.0,1.0,1.0,1.0,0.0,0.05,0.5,0.5,278,0.011137916416739073,0.34796050400619805,0.05219407560092971,False
floor_proxy_penalized_s0279,100,15,0.15,3.8,55.86674513977241,13.280134487796774,0.27556460946466554,0.19352124674205495,0.18871385743591143,0.07707264554530995,0.6697009780842046,0.2732618241039462,0.6135573301779442,0.1082733921178593,0.85,0.0,0.0,0.060000000000000005,0.6966666666666668,0.5233333333333333,0.017766896981643816,0.0026650345472465724,189,1258,floor_proxy_penalized,2.0,1.0,1.0,1.0,0.05,0.0,0.5,0.5,279,0.011295066336702858,0.3551136875022599,0.053267053125338984,True
floor_proxy_penalized_s0280,100,15,0.15,3.8666666666666667,56.62339895672355,13.59813228231192,0.2793914738219369,0.19352124674205495,0.19856124808178777,0.08616454792778258,0.6708690544425079,0.2716799108205467,0.6197704688910828,0.10633303147850488,0.8233333333333334,0.0,0.0,0.060000000000000005,0.7133333333333334,0.52,0.01766067403006114,0.00264910110450917,188,1243,floor_proxy_penalized,2.0,1.0,1.0,1.0,0.05,0.01,0.5,0.5,280,0.011030926665944846,0.35908316563143516,0.05386247484471527,False
floor_proxy_penalized_s0281,100,15,0.15,4.0,58.09889551098416,13.919429369050244,0.2828003162878187,0.2009678065177674,0.203241088881287,0.09501524761067993,0.6797069156521774,0.2745726932128918,0.6289723164262637,0.10417768246831684,0.8266666666666667,0.0,0.0,0.060000000000000005,0.7188888888888889,0.5044444444444445,0.01713219161301057,0.002569828741951586,187,1071,floor_proxy_penalized,2.0,1.0,1.0,1.0,0.05,0.05,0.5,0.5,281,0.01077630382848337,0.35973066796869974,0.053959600195304956,False
floor_proxy_penalized_s0282,100,15,0.15,3.8666666666666667,56.14713375223764,13.547418460927734,0.2809338869546844,0.21156232811419465,0.17778934493410778,0.07543913796296367,0.6882857310412034,0.24750027014319936,0.5911666606622746,0.11361733829157321,0.8633333333333334,0.0,0.0,0.03333333333333333,0.6633333333333336,0.5733333333333334,0.017829955589615674,0.0026744933384423514,189,1204,floor_proxy_penalized,2.0,1.0,1.0,1.0,0.1,0.0,0.5,0.5,282,0.011072220174833806,0.36587033460966045,0.054880550191449065,False
floor_proxy_penalized_s0283,100,15,0.15,3.933333333333333,56.90378756918878,13.865416255442879,0.28476075131195583,0.21156232811419465,0.18763673557998412,0.08453104034543629,0.6894538073995068,0.2459183568597999,0.5973797993754134,0.11167697765221878,0.8366666666666667,0.0,0.0,0.03333333333333333,0.68,0.57,0.017723732638032993,0.002658559895704949,188,1189,floor_proxy_penalized,2.0,1.0,1.0,1.0,0.1,0.01,0.5,0.5,283,0.010818283218948972,0.36983981273883576,0.055475971910825365,False
floor_proxy_penalized_s0284,100,15,0.15,4.066666666666666,58.37928412344939,14.186713342181204,0.28816959377783763,0.21900888788990708,0.19231657637948335,0.09338174002833365,0.6982916686091762,0.24881113925214496,0.6065816469105942,0.10952162864203072,0.8400000000000001,0.0,0.0,0.03333333333333333,0.6855555555555557,0.5544444444444444,0.017195250220982432,0.002579287533147365,187,1027,floor_proxy_penalized,2.0,1.0,1.0,1.0,0.1,0.05,0.5,0.5,284,0.010573273483577525,0.3704873150761003,0.05557309726141504,False
floor_proxy_penalized_s0285,100,15,0.15,4.4,64.85184225413575,16.150197990686557,0.3096098334354903,0.25916013044741665,0.20158122601571654,0.09518535347799001,0.7491923638246498,0.2262847709511761,0.5717712195212195,0.11367241272064983,0.78,0.0,0.0,0.013333333333333334,0.6333333333333334,0.43222222222222223,0.013454070302098085,0.0020181105453147127,187,1018,floor_proxy_penalized,2.0,1.0,1.0,1.0,0.2,0.0,0.5,0.5,285,0.00928781183280239,0.4068149379592933,0.06102224069389399,True
floor_proxy_penalized_s0286,100,15,0.15,4.466666666666667,65.5871615961966,16.42112421013528,0.31052843309219036,0.25994377907855093,0.202849055037305,0.10081097640519192,0.7497650131714754,0.2252034168541874,0.571148524315191,0.11336043568771646,0.7711111111111111,0.0,0.0,0.013333333333333334,0.6400000000000001,0.43,0.01335442329067132,0.0020031634936006973,186,1006,floor_proxy_penalized,2.0,1.0,1.0,1.0,0.2,0.01,0.5,0.5,286,0.009134575567452228,0.4076696779342823,0.06115045169014235,True
floor_proxy_penalized_s0287,100,15,0.15,4.533333333333333,66.09935186731585,16.626631810744065,0.30913191124341155,0.25819976941374595,0.20365288750281776,0.10756604887744518,0.7410238415314936,0.22497948148752617,0.559159417742751,0.11624784070408081,0.7758730158730158,0.0,0.0,0.013333333333333334,0.6074603174603176,0.4236507936507936,0.013224898988608754,0.0019837348482913126,185,892,floor_proxy_penalized,2.0,1.0,1.0,1.0,0.2,0.05,0.5,0.5,287,0.009021670877626013,0.41303719804997935,0.0619555797074969,False
floor_proxy_penalized_s0288,100,16,0.16,3.25,45.14219884596906,11.032459385376438,0.21717881288032714,0.09437188724243117,0.15615854554562184,0.04097432242736083,0.5288676715430118,0.3878353432195638,0.6982258048664298,0.09700953948873356,0.9010416666666667,0.0,0.0,0.3114583333333333,0.84375,0.4833333333333333,0.012814054903908582,0.002050248784625373,191,1897,floor_proxy_penalized,4.0,0.0,0.0,0.0,0.0,0.0,0.5,0.5,288,0.014502659326539697,0.2388560865576106,0.0382169738492177,True
floor_proxy_penalized_s0289,100,15,0.15,3.6,49.629040735358736,12.501281893496776,0.25090491362665274,0.1395636762864353,0.17968511279739488,0.0685486352956359,0.6071983476802658,0.31279432286274883,0.6138348258304398,0.11102887891968664,0.8977777777777778,0.0,0.0,0.12666666666666665,0.7255555555555556,0.5333333333333333,0.01721063385539565,0.002581595078309347,188,1322,floor_proxy_penalized,4.0,0.0,0.0,0.0,0.0,0.01,0.5,0.5,289,0.011998769508431826,0.31384975781676594,0.04707746367251489,True
floor_proxy_penalized_s0290,100,15,0.15,3.7333333333333334,51.99586943338871,13.360641642164795,0.2724159440607919,0.1783249595138422,0.1985616061089856,0.0899108140847089,0.6691375838668027,0.3038443314916825,0.6571086294309978,0.10031925308831532,0.8788888888888889,0.0,0.0,0.1,0.77,0.4411111111111111,0.01886877177546821,0.0028303157663202316,187,1110,floor_proxy_penalized,4.0,0.0,0.0,0.0,0.0,0.05,0.5,0.5,290,0.011227005709562301,0.32559953534678776,0.048839930302018164,False
floor_proxy_penalized_s0291,100,15,0.15,3.6666666666666665,51.36871360321514,13.203979614081833,0.27474338447098806,0.20240634281014402,0.19863501894648064,0.08189492261528632,0.6662388359538614,0.28877634701028326,0.6349740525069472,0.10560784071329585,0.8811111111111111,0.0,0.0,0.08222222222222222,0.7100000000000001,0.4566666666666667,0.0196986368851217,0.0029547955327682545,189,1258,floor_proxy_penalized,4.0,0.0,0.0,0.0,0.05,0.0,0.5,0.5,291,0.011360211419898543,0.3455416056846583,0.051831240852698746,True
floor_proxy_penalized_s0292,100,15,0.15,3.7333333333333334,52.303180246830934,13.474905833530554,0.27629616456690287,0.20240634281014402,0.2005128044754828,0.08680407032895902,0.6672025597534087,0.2869339296027748,0.6321325421654367,0.1055266765389242,0.8677777777777778,0.0,0.0,0.08222222222222222,0.7133333333333334,0.45333333333333337,0.019500191604597747,0.002925028740689661,188,1243,floor_proxy_penalized,4.0,0.0,0.0,0.0,0.05,0.01,0.5,0.5,292,0.011131803209098831,0.3479171627904587,0.052187574418568805,False
floor_proxy_penalized_s0293,100,15,0.15,3.8666666666666667,53.43308651603184,13.796202920268883,0.27970500703278467,0.20985290258585645,0.20519264527498204,0.09565477001185638,0.6760404209630781,0.28982671199511995,0.6413343897006176,0.10337132752873615,0.8711111111111111,0.0,0.0,0.08222222222222222,0.718888888888889,0.43777777777777777,0.018971709187547186,0.0028457563781320774,187,1071,floor_proxy_penalized,4.0,0.0,0.0,0.0,0.05,0.05,0.5,0.5,293,0.010872556809064139,0.3485646651277232,0.052284699769158484,False
floor_proxy_penalized_s0294,100,15,0.15,3.7333333333333334,51.74693816037826,13.356895936401271,0.2797242437035185,0.21490293390122636,0.19873270770772675,0.08176952266136378,0.6781260454504439,0.2819623136510125,0.6367266471345416,0.10584857427860522,0.8811111111111111,0.0,0.0,0.06888888888888887,0.7300000000000001,0.5066666666666666,0.019712827217891412,0.002956924082683711,189,1204,floor_proxy_penalized,4.0,0.0,0.0,0.0,0.1,0.0,0.5,0.5,294,0.011230154125196717,0.34672712832179065,0.0520090692482686,True
floor_proxy_penalized_s0295,100,15,0.15,3.8,52.68140480399404,13.627822155849998,0.28127702379943337,0.21490293390122636,0.20061049323672892,0.08667867037503649,0.679089769249991,0.28011989624350403,0.6338851367930315,0.10576741010423357,0.8677777777777778,0.0,0.0,0.06888888888888887,0.7333333333333335,0.5033333333333333,0.019514381937367462,0.0029271572906051186,188,1189,floor_proxy_penalized,4.0,0.0,0.0,0.0,0.1,0.01,0.5,0.5,295,0.011006894446124665,0.34910268542759104,0.05236540281413866,True
floor_proxy_penalized_s0296,100,15,0.15,3.933333333333333,53.81131107319495,13.949119242588322,0.2846858662653151,0.2223494936769388,0.20529033403622815,0.09552937005793384,0.6879276304596604,0.2830126786358491,0.6430869843282122,0.10361206109404551,0.8711111111111111,0.0,0.0,0.06888888888888887,0.7388888888888889,0.48777777777777775,0.018985899520316894,0.0028478849280475344,187,1027,floor_proxy_penalized,4.0,0.0,0.0,0.0,0.1,0.05,0.5,0.5,296,0.010753367104500198,0.3497501877648556,0.05246252816472834,True
floor_proxy_penalized_s0297,100,15,0.15,4.333333333333333,60.17188064400025,15.879212454697404,0.30631111906341946,0.25880157008798876,0.2007500118425055,0.09100205148866183,0.7514232409031643,0.2449624228049293,0.6146148713019197,0.10694425839500611,0.8155555555555555,0.0,0.0,0.04666666666666666,0.6933333333333335,0.43444444444444447,0.014769491373924835,0.002215423706088725,187,1018,floor_proxy_penalized,4.0,0.0,0.0,0.0,0.2,0.0,0.5,0.5,297,0.009446312304715519,0.3807992052749878,0.05711988079124816,True
floor_proxy_penalized_s0298,100,15,0.15,4.4,61.106347287616046,16.150138674146127,0.3072297187201195,0.259585218719123,0.20201784086409397,0.09662767441586376,0.7519958902499897,0.24388106870794057,0.6139921760958912,0.10663228136207274,0.8066666666666665,0.0,0.0,0.04666666666666666,0.7000000000000001,0.43222222222222223,0.01466984436249807,0.00220047665437471,186,1006,floor_proxy_penalized,4.0,0.0,0.0,0.0,0.2,0.01,0.5,0.5,298,0.009287845945256605,0.3816539452499767,0.0572480917874965,True
floor_proxy_penalized_s0299,100,15,0.15,4.333333333333333,61.99621171123358,16.41089821578271,0.30747682562507045,0.25850324729213964,0.20681789003425619,0.10756604887744518,0.7427852400465735,0.24588327951100705,0.5917683367639507,0.11298063301466137,0.8022222222222222,0.0,0.0,0.04888888888888889,0.6655555555555556,0.38555555555555554,0.014717357632077741,0.0022076036448116614,185,892,floor_proxy_penalized,4.0,0.0,0.0,0.0,0.2,0.05,0.5,0.5,299,0.009140267523915408,0.38973089413194584,0.058459634119791874,False
floor_proxy_penalized_s0300,100,16,0.16,3.375,54.63931650321045,11.13536622028505,0.21972321726138627,0.09205681787390688,0.15338936988026605,0.041878974438266506,0.538930962740849,0.3797644025895711,0.7111486348171235,0.08571811073289654,0.8760416666666667,0.0,0.0,0.31354166666666666,0.85,0.5416666666666666,0.009026197542749382,0.001444191606839901,191,1897,floor_proxy_penalized,4.0,0.0,0.0,1.0,0.0,0.0,0.5,0.5,300,0.014368633849556878,0.24117257088416794,0.03858761134146687,True
floor_proxy_penalized_s0301,100,15,0.15,3.7333333333333334,60.36903171149,12.638496289852243,0.2596150260402885,0.1501588066548141,0.18537680689385466,0.0709469884045099,0.6268719583440178,0.3013706274051449,0.6171253506173525,0.1069272328909928,0.8711111111111111,0.0,0.0,0.11777777777777777,0.7211111111111113,0.5733333333333331,0.017385094710602494,0.002607764206590374,188,1322,floor_proxy_penalized,4.0,0.0,0.0,1.0,0.0,0.01,0.5,0.5,301,0.011868500536763906,0.32510712270973374,0.04876606840646006,True
floor_proxy_penalized_s0302,100,15,0.15,3.8666666666666667,63.44199037498141,13.36572301634248,0.2724918691268075,0.17187568064858932,0.19547933862946648,0.09107830508468112,0.6644723995573681,0.29126671309113783,0.6398338520736611,0.10048187137893412,0.8744444444444445,0.0,0.0,0.09111111111111111,0.7433333333333334,0.4811111111111111,0.01697745076610199,0.0025466176149152985,187,1110,floor_proxy_penalized,4.0,0.0,0.0,1.0,0.0,0.05,0.5,0.5,302,0.011222737431906424,0.33169322607783336,0.049753983911675,False
floor_proxy_penalized_s0303,100,15,0.15,3.8,62.62550491741957,13.284023181626251,0.27643995109497677,0.19352124674205495,0.19381031233317317,0.08125540021410987,0.6704662232064013,0.2767317521178699,0.6245368819872174,0.10493240695695169,0.85,0.0,0.0,0.07333333333333333,0.7100000000000001,0.51,0.017805418386026235,0.002670812757903936,189,1258,floor_proxy_penalized,4.0,0.0,0.0,1.0,0.05,0.0,0.5,0.5,303,0.01129175987945218,0.3507996451483789,0.052619946772256836,False
floor_proxy_penalized_s0304,100,15,0.15,3.8666666666666667,63.55869474849384,13.554949401074976,0.2779927311908916,0.19352124674205495,0.19568809786217534,0.08616454792778258,0.6714299470059484,0.2748893347103614,0.621695371645707,0.10485124278258004,0.8366666666666666,0.0,0.0,0.07333333333333333,0.7133333333333334,0.5066666666666667,0.017606973105502285,0.0026410459658253427,188,1243,floor_proxy_penalized,4.0,0.0,0.0,1.0,0.05,0.01,0.5,0.5,304,0.01106606860429182,0.3531752022541794,0.05297628033812691,False
floor_proxy_penalized_s0305,100,15,0.15,4.0,65.00989810443308,13.876246487813301,0.2814015736567734,0.2009678065177674,0.20036793866167457,0.09501524761067993,0.6802678082156178,0.2777821171027065,0.6308972191808879,0.102695893772392,0.84,0.0,0.0,0.07333333333333333,0.7188888888888889,0.49111111111111116,0.01707849068845172,0.0025617736032677585,187,1071,floor_proxy_penalized,4.0,0.0,0.0,1.0,0.05,0.05,0.5,0.5,305,0.0108098396876804,0.35382270459144394,0.05307340568871659,False
floor_proxy_penalized_s0306,100,15,0.15,3.8666666666666667,63.25684099312846,13.427817928457298,0.2815354805656624,0.21393205449303834,0.20273311029110977,0.08571898610802035,0.6739588609679659,0.2740191229141395,0.6263022971276323,0.10385416560405127,0.8633333333333333,0.0,0.0,0.05999999999999999,0.7166666666666668,0.5066666666666666,0.017892270751595704,0.002683840612739356,189,1204,floor_proxy_penalized,4.0,0.0,0.0,1.0,0.1,0.0,0.5,0.5,306,0.011170839580875466,0.3553330329568296,0.05329995494352444,True
floor_proxy_penalized_s0307,100,15,0.15,3.933333333333333,64.19003082420272,13.698744147906023,0.2830882606615772,0.21393205449303834,0.20461089582011194,0.09062813382169306,0.6749225847675131,0.27217670550663103,0.6234607867861222,0.10377300142967961,0.85,0.0,0.0,0.05999999999999999,0.7200000000000002,0.5033333333333333,0.01769382547107175,0.0026540738206607627,188,1189,floor_proxy_penalized,4.0,0.0,0.0,1.0,0.1,0.01,0.5,0.5,307,0.010949908866129808,0.35770859006263,0.0536562885093945,False
floor_proxy_penalized_s0308,100,15,0.15,4.066666666666666,65.64123418014196,14.020041234644347,0.286497103127459,0.22137861426875077,0.20929073661961117,0.09947883350459041,0.6837604459771826,0.2750694878989762,0.6326626343213029,0.10161765241949157,0.8533333333333333,0.0,0.0,0.05999999999999999,0.7255555555555556,0.4877777777777778,0.017165343054021186,0.0025748014581031785,187,1027,floor_proxy_penalized,4.0,0.0,0.0,1.0,0.1,0.05,0.5,0.5,308,0.010698969959470672,0.35835609239989463,0.053753413859984195,True
floor_proxy_penalized_s0309,100,15,0.15,4.333333333333333,72.92556542162002,15.891201038233001,0.30553825103041743,0.25393539791381764,0.20153456505134076,0.08530382451045047,0.7526327032053082,0.24732639718143273,0.6305308072178556,0.10621658179848946,0.8022222222222221,0.0,0.0,0.04666666666666666,0.7200000000000001,0.4611111111111111,0.014709501710286283,0.002206425256542942,187,1018,floor_proxy_penalized,4.0,0.0,0.0,1.0,0.2,0.0,0.5,0.5,309,0.009439185851284091,0.3773162148152539,0.05659743222228808,True
floor_proxy_penalized_s0310,100,15,0.15,4.4,73.85875525269428,16.162127257681725,0.3064568506871174,0.25471904654495187,0.20280239407292922,0.09092944743765238,0.7532053525521339,0.246245043084444,0.6299081120118272,0.10590460476555608,0.7933333333333332,0.0,0.0,0.04666666666666666,0.7266666666666667,0.45888888888888885,0.014609854698859512,0.002191478204828927,186,1006,floor_proxy_penalized,4.0,0.0,0.0,1.0,0.2,0.01,0.5,0.5,310,0.009280956498390782,0.37817095479024293,0.05672564321853644,False
floor_proxy_penalized_s0311,100,15,0.15,4.333333333333333,74.97573535086465,16.422905512828482,0.30711442071983985,0.25850324729213964,0.20805862565902064,0.10645899757761917,0.740887061930741,0.24541636676162812,0.5993600433030257,0.11181012418734086,0.8022222222222222,0.0,0.0,0.04888888888888889,0.678888888888889,0.38555555555555554,0.014710126663865,0.0022065189995797495,185,892,floor_proxy_penalized,4.0,0.0,0.0,1.0,0.2,0.05,0.5,0.5,311,0.009133584790025734,0.3873123745902321,0.058096856188534815,False
floor_proxy_penalized_s0312,100,16,0.16,3.25,52.923359034007326,11.105019821717132,0.2216680435757481,0.09437188724243117,0.15381823286170607,0.04302926492816839,0.5399707275197101,0.37228562157508327,0.6784393991425242,0.09908862667831217,0.9010416666666667,0.0,0.0,0.29062499999999997,0.8072916666666666,0.41041666666666665,0.012814054903908582,0.002050248784625373,191,1897,floor_proxy_penalized,4.0,0.0,1.0,0.0,0.0,0.0,0.5,0.5,312,0.014407898641216449,0.2498463573541608,0.03997541717666573,False
floor_proxy_penalized_s0313,100,15,0.15,3.6,57.55480158773112,12.501281893496776,0.25090491362665274,0.1395636762864353,0.17968511279739488,0.0685486352956359,0.6071983476802658,0.31279432286274883,0.6138348258304398,0.11102887891968664,0.8977777777777778,0.0,0.0,0.12666666666666665,0.7255555555555556,0.5333333333333333,0.01721063385539565,0.002581595078309347,188,1322,floor_proxy_penalized,4.0,0.0,1.0,0.0,0.0,0.01,0.5,0.5,313,0.011998769508431826,0.31384975781676594,0.04707746367251489,True
floor_proxy_penalized_s0314,100,15,0.15,3.8,61.04240201661964,13.356310659689111,0.2708514786111777,0.17187568064858932,0.19392987968653072,0.09107830508468112,0.6648048868264971,0.29487314889209915,0.6450998325099202,0.1003904638292588,0.8844444444444445,0.0,0.0,0.09444444444444443,0.7533333333333334,0.49111111111111116,0.01721084350517361,0.0025816265257760417,187,1110,floor_proxy_penalized,4.0,0.0,1.0,0.0,0.0,0.05,0.5,0.5,314,0.01123064623322347,0.32671666762257956,0.04900750014338693,False
floor_proxy_penalized_s0315,100,15,0.15,3.8,59.792833006818206,13.20346162510448,0.2720522417299795,0.19595706394489112,0.18613410855921536,0.08330316004024532,0.6601071853326723,0.27211862742737447,0.5948192708516495,0.11338623008195715,0.9033333333333334,0.0,0.0,0.060000000000000005,0.6566666666666666,0.5233333333333333,0.017731310741472456,0.002659696611220868,189,1258,floor_proxy_penalized,4.0,0.0,1.0,0.0,0.05,0.0,0.5,0.5,315,0.011360657095772265,0.35241823450082127,0.05286273517512319,False
floor_proxy_penalized_s0316,100,15,0.15,3.8,61.05347167798354,13.523386568892773,0.27449120508731983,0.19595706394489112,0.19486496669055628,0.09239506242271793,0.6601575115881526,0.2789709664248409,0.600867334987949,0.11100459264492751,0.8866666666666667,0.0,0.0,0.07666666666666666,0.67,0.53,0.01784396962364036,0.0026765954435460535,188,1243,floor_proxy_penalized,4.0,0.0,1.0,0.0,0.05,0.01,0.5,0.5,316,0.011091896193002286,0.35149773946042284,0.05272466091906342,False
floor_proxy_penalized_s0317,100,15,0.15,3.933333333333333,62.48145760172375,13.844683655631103,0.2779000475532016,0.20340362372060355,0.19954480749005551,0.10124576210561528,0.668995372797822,0.28186374881718607,0.6100691825231299,0.10884924363473947,0.89,0.0,0.0,0.07666666666666666,0.6755555555555556,0.5144444444444445,0.017315487206589795,0.002597323080988469,187,1071,floor_proxy_penalized,4.0,0.0,1.0,0.0,0.05,0.05,0.5,0.5,317,0.010834483743439663,0.35214524179768736,0.0528217862696531,False
floor_proxy_penalized_s0318,100,15,0.15,3.8666666666666667,60.232878371510644,13.356377947423919,0.27703310096250994,0.20845365503597346,0.18623179732046147,0.08317776008632279,0.6719943948292546,0.26530459406810364,0.5965718654792442,0.11362696364726653,0.9033333333333334,0.0,0.0,0.04666666666666666,0.6766666666666666,0.5733333333333331,0.01774550107424217,0.0026618251611363252,189,1204,floor_proxy_penalized,4.0,0.0,1.0,0.0,0.1,0.0,0.5,0.5,318,0.011230589654654906,0.3536037571379536,0.05304056357069304,False
floor_proxy_penalized_s0319,100,15,0.15,3.8666666666666667,61.493517042675975,13.676302891212213,0.2794720643198503,0.20845365503597346,0.19496265545180239,0.0922696624687954,0.6720447210847349,0.27215693306557015,0.6026199296155436,0.1112453262102369,0.8866666666666667,0.0,0.0,0.06333333333333332,0.6900000000000001,0.58,0.017858159956410068,0.002678723993461511,188,1189,floor_proxy_penalized,4.0,0.0,1.0,0.0,0.1,0.01,0.5,0.5,319,0.010967876420489587,0.3526832620975552,0.052902489314633275,False
floor_proxy_penalized_s0320,100,15,0.15,4.0,62.921502966416206,13.997599977950541,0.2828809067857321,0.2159002148116859,0.19964249625130162,0.10112036215169276,0.6808825822944045,0.27504971545791523,0.6118217771507245,0.10908997720004886,0.89,0.0,0.0,0.06333333333333332,0.6955555555555557,0.5644444444444443,0.017329677539359507,0.0025994516309039263,187,1027,floor_proxy_penalized,4.0,0.0,1.0,0.0,0.1,0.05,0.5,0.5,320,0.010716122780782756,0.3533307644348197,0.052999614665222954,False
floor_proxy_penalized_s0321,100,15,0.15,4.333333333333333,70.11235252065396,15.87478910287353,0.30138586937865364,0.2597945543297146,0.18979498664013222,0.08910940228925801,0.7443571679375783,0.2383914815337801,0.5786778455462666,0.11376889757026079,0.8577777777777779,0.0,0.0,0.02666666666666667,0.6333333333333334,0.46333333333333326,0.013216935044508816,0.001982540256676322,187,1018,floor_proxy_penalized,4.0,0.0,1.0,0.0,0.2,0.0,0.5,0.5,321,0.009448944425526143,0.3863623526384138,0.05795435289576206,True
floor_proxy_penalized_s0322,100,15,0.15,4.4,71.3599870770998,16.187261608077968,0.30353798065562504,0.2605782029608488,0.19631704733427238,0.09775028888528764,0.7442285954993973,0.23790075522586432,0.5829632052482928,0.1120134853301865,0.8488888888888888,0.0,0.0,0.02666666666666667,0.6566666666666667,0.4611111111111111,0.01324703913251924,0.0019870558698778865,186,1006,floor_proxy_penalized,4.0,0.0,1.0,0.0,0.2,0.01,0.5,0.5,322,0.009266545734032317,0.3849346056145798,0.05774019084218697,True
floor_proxy_penalized_s0323,100,15,0.15,4.4,71.88328867945171,16.401523223930266,0.30471554811672064,0.25883419329604385,0.2001227619957329,0.10752988481607012,0.736733769248742,0.23502350403470132,0.5677754485605362,0.11761171608694054,0.8355555555555555,0.0,0.0,0.02666666666666667,0.6266666666666667,0.40777777777777774,0.0132189864809861,0.0019828479721479154,185,892,floor_proxy_penalized,4.0,0.0,1.0,0.0,0.2,0.05,0.5,0.5,323,0.009145492034614563,0.39401361328057755,0.05910204199208663,False
floor_proxy_penalized_s0324,100,16,0.16,3.375,62.55324833174037,11.363463530765817,0.2327168128215753,0.12150946370438251,0.1640866852829548,0.04722643398424836,0.5593759667087594,0.3618955949116809,0.6715892007298256,0.09842136461423431,0.8531249999999999,0.0,0.0,0.2802083333333333,0.7927083333333333,0.4395833333333333,0.012825155254879117,0.0020520248407806586,191,1897,floor_proxy_penalized,4.0,0.0,1.0,1.0,0.0,0.0,0.5,0.5,324,0.014080214150096994,0.2719108964641342,0.043505743434261474,False
floor_proxy_penalized_s0325,100,15,0.15,3.7333333333333334,68.41381987170446,12.776955183148706,0.2626902674888684,0.16851042451251677,0.19063812871339353,0.07302561562212119,0.6278972694819184,0.3017116277551196,0.6065279475235614,0.11031713271800356,0.8466666666666668,0.0,0.0,0.11555555555555556,0.7100000000000001,0.5644444444444443,0.01722247422976422,0.002583371134464633,188,1322,floor_proxy_penalized,4.0,0.0,1.0,1.0,0.0,0.01,0.5,0.5,325,0.011739886213096549,0.3373852662007376,0.05060778993011064,False
floor_proxy_penalized_s0326,100,15,0.15,3.8666666666666667,72.35919733628589,13.50418190963894,0.2755671105753874,0.19022729850629194,0.20074066044900535,0.09315693230229241,0.6654977106952685,0.2916077134411125,0.6292364489798701,0.10387177120594487,0.85,0.0,0.0,0.08888888888888888,0.7322222222222222,0.47222222222222227,0.016814830285263718,0.002522224542789558,187,1110,floor_proxy_penalized,4.0,0.0,1.0,1.0,0.0,0.05,0.5,0.5,326,0.011107670276044921,0.3439713695688373,0.051595705435325594,False
floor_proxy_penalized_s0327,100,15,0.15,3.8,71.38676053475051,13.288915843922888,0.2753041381309558,0.19595706394489112,0.2007024517219923,0.08306241361525854,0.6568822502390219,0.28143523600370174,0.6134951701157841,0.10827277513062332,0.8633333333333334,0.0,0.0,0.08222222222222222,0.6833333333333333,0.48777777777777775,0.017563736542229418,0.0026345604813344126,189,1258,floor_proxy_penalized,4.0,0.0,1.0,1.0,0.05,0.0,0.5,0.5,327,0.011287602522413145,0.3535541253555989,0.05303311880333983,False
floor_proxy_penalized_s0328,100,15,0.15,3.8666666666666667,72.44019518604324,13.559842063371613,0.27685691822687064,0.19595706394489112,0.20258023725099447,0.08797156132893126,0.6578459740385691,0.2795928185961933,0.6106536597742737,0.10819161095625167,0.85,0.0,0.0,0.08222222222222222,0.6866666666666668,0.48444444444444446,0.01736529126170546,0.0026047936892558193,188,1243,floor_proxy_penalized,4.0,0.0,1.0,1.0,0.05,0.01,0.5,0.5,328,0.011062075745350012,0.35592968246139933,0.053389452369209896,False
floor_proxy_penalized_s0329,100,15,0.15,4.0,74.18947819652179,13.881139150109938,0.2802657606927524,0.20340362372060355,0.2072600780504937,0.0968222610118286,0.6666838352482386,0.28248560098853837,0.6198555073094546,0.1060362619460636,0.8533333333333334,0.0,0.0,0.08222222222222222,0.6922222222222222,0.46888888888888886,0.0168368088446549,0.002525521326698235,187,1071,floor_proxy_penalized,4.0,0.0,1.0,1.0,0.05,0.05,0.5,0.5,329,0.01080602956125629,0.3565771847986639,0.05348657771979958,False
floor_proxy_penalized_s0330,100,15,0.15,3.8666666666666667,71.9797222217624,13.441832166242328,0.2802849973634862,0.20845365503597346,0.2008001404832384,0.08293701366133602,0.6687694597356042,0.2746212026444309,0.6152477647433786,0.1085135086959327,0.8633333333333334,0.0,0.0,0.06888888888888887,0.7033333333333335,0.5377777777777778,0.01757792687499913,0.0026366890312498692,189,1204,floor_proxy_penalized,4.0,0.0,1.0,1.0,0.1,0.0,0.5,0.5,330,0.011159193043393918,0.3547396479927312,0.05321094719890968,False
floor_proxy_penalized_s0331,100,15,0.15,3.933333333333333,73.03315687305512,13.712758385691053,0.2818377774594011,0.20845365503597346,0.20267792601224058,0.08784616137500872,0.6697331835351515,0.27277878523692245,0.6124062544018682,0.10843234452156104,0.85,0.0,0.0,0.06888888888888887,0.7066666666666668,0.5344444444444444,0.017379481594475176,0.002606922239171276,188,1189,floor_proxy_penalized,4.0,0.0,1.0,1.0,0.1,0.01,0.5,0.5,331,0.010938718219998795,0.3571152050985317,0.05356728076477975,False
floor_proxy_penalized_s0332,100,15,0.15,4.066666666666666,74.7824398835337,14.034055472429378,0.28524661992528283,0.2159002148116859,0.2073577668117398,0.09669686105790606,0.678571044744821,0.2756715676292675,0.6216081019370492,0.10627699551137298,0.8533333333333334,0.0,0.0,0.06888888888888887,0.7122222222222223,0.5188888888888888,0.01685099917742461,0.0025276498766136925,187,1027,floor_proxy_penalized,4.0,0.0,1.0,1.0,0.1,0.05,0.5,0.5,332,0.010688286097677375,0.35776270743579625,0.053664406115369434,False
floor_proxy_penalized_s0333,100,15,0.15,4.333333333333333,83.28292467262449,15.959067310360775,0.30656282388553074,0.25880157008798876,0.20542085372760088,0.09100205148866183,0.7468253215916659,0.2507338341805281,0.610731583393864,0.10919960973906065,0.8044444444444444,0.0,0.0,0.05777777777777778,0.6933333333333335,0.4233333333333334,0.014486722774959071,0.0021730084162438603,187,1018,floor_proxy_penalized,4.0,0.0,1.0,1.0,0.2,0.0,0.5,0.5,333,0.00939904551330632,0.38173337365200677,0.057260006047801015,False
floor_proxy_penalized_s0334,100,15,0.15,4.4,84.33635932391722,16.229993529809498,0.30748142354223074,0.259585218719123,0.20668868274918933,0.09662767441586376,0.7473979709384914,0.24965248008353935,0.6101088881878354,0.10888763270612728,0.7955555555555555,0.0,0.0,0.05777777777777778,0.7000000000000001,0.42111111111111116,0.0143870757635323,0.002158061364529845,186,1006,floor_proxy_penalized,4.0,0.0,1.0,1.0,0.2,0.01,0.5,0.5,334,0.00924214786188893,0.3825881136269958,0.05738821704404937,False
floor_proxy_penalized_s0335,100,15,0.15,4.333333333333333,85.09296733430034,16.447570190209138,0.3065629115879772,0.25850324729213964,0.2090944400696745,0.10756604887744518,0.7386547312046088,0.2543292107947848,0.5894891344847485,0.1140011604454452,0.8022222222222222,0.0,0.0,0.07111111111111111,0.6655555555555556,0.36333333333333334,0.01442007737399283,0.002163011606098925,185,892,floor_proxy_penalized,4.0,0.0,1.0,1.0,0.2,0.05,0.5,0.5,335,0.009119888121182274,0.3857417596945851,0.05786126395418776,False
floor_proxy_penalized_s0336,100,16,0.16,3.375,49.19444833933022,11.155348941814836,0.2279413519461575,0.10430482196278629,0.15076302756869794,0.041356388465737845,0.5631560979531213,0.35976819272102467,0.686223737625392,0.09660058402191066,0.8885416666666667,0.0,0.0,0.26979166666666665,0.81875,0.47916666666666663,0.01290475749602103,0.002064761199363365,191,1897,floor_proxy_penalized,4.0,1.0,0.0,0.0,0.0,0.0,0.5,0.5,336,0.01434289512901333,0.2555969032396302,0.040895504518340835,True
floor_proxy_penalized_s0337,100,15,0.15,3.6,53.38692373128926,12.501281893496776,0.25090491362665274,0.1395636762864353,0.17968511279739488,0.0685486352956359,0.6071983476802658,0.31279432286274883,0.6138348258304398,0.11102887891968664,0.8977777777777778,0.0,0.0,0.12666666666666665,0.7255555555555556,0.5333333333333333,0.01721063385539565,0.002581595078309347,188,1322,floor_proxy_penalized,4.0,1.0,0.0,0.0,0.0,0.01,0.5,0.5,337,0.011998769508431826,0.31384975781676594,0.04707746367251489,True
floor_proxy_penalized_s0338,100,15,0.15,3.8666666666666667,55.93929154066522,13.408905897579421,0.27389061175785284,0.17187568064858932,0.1983524888490789,0.09107830508468112,0.6639115069939276,0.2880572892013232,0.6379089493190369,0.10196366007485896,0.8611111111111112,0.0,0.0,0.07777777777777777,0.7433333333333334,0.49444444444444446,0.017031151690660842,0.002554672753599126,187,1110,floor_proxy_penalized,4.0,1.0,0.0,0.0,0.0,0.05,0.5,0.5,338,0.011186595024660292,0.33760118945508916,0.05064017841826337,False
floor_proxy_penalized_s0339,100,15,0.15,3.8,55.01671784402631,13.150649907266576,0.2722927357599483,0.19595706394489112,0.187150219921687,0.07887965894645863,0.6628195364576228,0.271110408005725,0.6140756811080598,0.1079795247168973,0.8900000000000001,0.0,0.0,0.060000000000000005,0.6833333333333333,0.4966666666666667,0.017729604452135242,0.0026594406678202864,189,1258,floor_proxy_penalized,4.0,1.0,0.0,0.0,0.05,0.0,0.5,0.5,339,0.011406280378364829,0.3499547901066489,0.052493218515997336,True
floor_proxy_penalized_s0340,100,15,0.15,3.8666666666666667,56.084732699591804,13.523170088945182,0.2777708322639638,0.19595706394489112,0.2003036872155761,0.08797156132893126,0.6619764828805336,0.2711468873124155,0.612932862053476,0.10717108352546782,0.85,0.0,0.0,0.060000000000000005,0.6866666666666668,0.5066666666666667,0.017662571519790376,0.002649385727968556,188,1243,floor_proxy_penalized,4.0,1.0,0.0,0.0,0.05,0.01,0.5,0.5,340,0.011092073752930228,0.3599188168987601,0.05398782253481401,False
floor_proxy_penalized_s0341,100,15,0.15,4.0,57.345157103806066,13.84446717568351,0.28117967472984556,0.20340362372060355,0.20498352801507533,0.0968222610118286,0.6708143440902031,0.27403966970476057,0.6221347095886569,0.10501573451527978,0.8533333333333334,0.0,0.0,0.060000000000000005,0.6922222222222222,0.49111111111111116,0.01713408910273981,0.0025701133654109716,187,1071,floor_proxy_penalized,4.0,1.0,0.0,0.0,0.05,0.05,0.5,0.5,341,0.010834653157577688,0.36056631923602467,0.054084947885403696,False
floor_proxy_penalized_s0342,100,15,0.15,3.8666666666666667,55.224033750370374,13.348016521402407,0.2774561881568688,0.21120376775476674,0.17070110072163697,0.0712558359736355,0.6931364845799177,0.24882042584627537,0.6167277466351254,0.11035614488248505,0.8900000000000001,0.0,0.0,0.03333333333333333,0.7033333333333335,0.5733333333333334,0.017752071634772864,0.00266281074521593,189,1204,floor_proxy_penalized,4.0,1.0,0.0,0.0,0.1,0.0,0.5,0.5,342,0.011237624688243963,0.35104764036194736,0.0526571460542921,True
floor_proxy_penalized_s0343,100,15,0.15,3.933333333333333,56.29204860593587,13.720536703081013,0.2829342846608843,0.21120376775476674,0.18385456801552605,0.08034773835610813,0.6922934310028285,0.2488569051529659,0.6155849275805416,0.10954770369105557,0.85,0.0,0.0,0.03333333333333333,0.7066666666666668,0.5833333333333334,0.017685038702427994,0.0026527558053641986,188,1189,floor_proxy_penalized,4.0,1.0,0.0,0.0,0.1,0.01,0.5,0.5,343,0.010932516944932393,0.3610116671540585,0.054151750073108774,False
floor_proxy_penalized_s0344,100,15,0.15,4.066666666666666,57.6383564081732,13.99738349800295,0.28616053396237606,0.2159002148116859,0.20508121677632146,0.09669686105790606,0.6827015535867854,0.2672256363454898,0.6238873042162515,0.10525646808058915,0.8533333333333334,0.0,0.0,0.04666666666666666,0.7122222222222223,0.5411111111111111,0.017148279435509523,0.0025722419153264287,187,1027,floor_proxy_penalized,4.0,1.0,0.0,0.0,0.1,0.05,0.5,0.5,344,0.010716288513592626,0.361751841873157,0.05426277628097355,True
floor_proxy_penalized_s0345,100,15,0.15,4.4,64.15773126080589,15.89593341343556,0.30550584092911337,0.25880157008798876,0.19304357056883015,0.08798678781983413,0.7498229095292044,0.22909080907654553,0.5947623998808209,0.11313859535591549,0.8266666666666667,0.0,0.0,0.013333333333333334,0.6600000000000001,0.4788888888888889,0.013167775439693108,0.001975166315953966,187,1018,floor_proxy_penalized,4.0,1.0,0.0,0.0,0.2,0.0,0.5,0.5,345,0.009436375713125283,0.39036902813136376,0.058555354219704564,False
floor_proxy_penalized_s0346,100,15,0.15,4.466666666666667,65.20265311251801,16.208405918639993,0.3076579522060848,0.259585218719123,0.19956563126297028,0.09662767441586376,0.7496943370910234,0.22860008276862975,0.5990477595828473,0.11138318311584121,0.8177777777777777,0.0,0.0,0.013333333333333334,0.6833333333333335,0.4766666666666667,0.013197879527703535,0.00197968192915553,186,1006,floor_proxy_penalized,4.0,1.0,0.0,0.0,0.2,0.01,0.5,0.5,346,0.009254457270686748,0.3889412811075298,0.058341192166129464,False
floor_proxy_penalized_s0347,100,15,0.15,4.4,66.09777530130519,16.425982579039633,0.30673944025183125,0.25850324729213964,0.20197138858345548,0.10756604887744518,0.7409510973571408,0.2332768134798752,0.5784280058797602,0.11649671085515913,0.8244444444444444,0.0,0.0,0.02666666666666667,0.648888888888889,0.41888888888888887,0.013230881138164062,0.0019846321707246094,185,892,floor_proxy_penalized,4.0,1.0,0.0,0.0,0.2,0.05,0.5,0.5,347,0.009131873802874198,0.39209492717511896,0.058814239076267844,False
floor_proxy_penalized_s0348,100,16,0.16,3.375,58.76342061236531,11.25059328140535,0.23162133607875185,0.10430482196278629,0.16133397922327947,0.04527772096773777,0.5614622441625247,0.36152965839058615,0.6878162607068856,0.09591876181841894,0.8635416666666667,0.0,0.0,0.26979166666666665,0.81875,0.49166666666666664,0.01302795657243892,0.002084473051590227,191,1897,floor_proxy_penalized,4.0,1.0,0.0,1.0,0.0,0.0,0.5,0.5,348,0.014221472236885791,0.2627110935705465,0.04203377497128744,True
floor_proxy_penalized_s0349,100,15,0.15,3.7333333333333334,64.04576768377603,12.681679171089185,0.26101376867133386,0.1501588066548141,0.1882499571134671,0.0709469884045099,0.6263110657805774,0.2981612035153302,0.6152004478627284,0.10840902158691765,0.8577777777777779,0.0,0.0,0.10444444444444442,0.7211111111111113,0.5866666666666666,0.017438795635161344,0.0026158193452742017,188,1322,floor_proxy_penalized,4.0,1.0,0.0,1.0,0.0,0.01,0.5,0.5,349,0.011828086641866766,0.3310150860869895,0.049652262913048424,True
floor_proxy_penalized_s0350,100,15,0.15,3.8666666666666667,67.30264886122455,13.408905897579421,0.27389061175785284,0.17187568064858932,0.1983524888490789,0.09107830508468112,0.6639115069939276,0.2880572892013232,0.6379089493190369,0.10196366007485896,0.8611111111111112,0.0,0.0,0.07777777777777777,0.7433333333333334,0.49444444444444446,0.017031151690660842,0.002554672753599126,187,1110,floor_proxy_penalized,4.0,1.0,0.0,1.0,0.0,0.05,0.5,0.5,350,0.011186595024660292,0.33760118945508916,0.05064017841826337,False
floor_proxy_penalized_s0351,100,15,0.15,3.8,66.32575629835465,13.327206062863192,0.2778386937260221,0.19352124674205495,0.1966834625527856,0.08125540021410987,0.6699053306429608,0.27352232822805517,0.6226119792325931,0.10641419565287653,0.8366666666666667,0.0,0.0,0.060000000000000005,0.7100000000000001,0.5233333333333333,0.01785911931058509,0.0026788678965877634,189,1258,floor_proxy_penalized,4.0,1.0,0.0,1.0,0.05,0.0,0.5,0.5,351,0.011255172261347498,0.35670760852563477,0.05350614127884521,True
floor_proxy_penalized_s0352,100,15,0.15,3.8666666666666667,67.27260103228056,13.59813228231192,0.2793914738219369,0.19352124674205495,0.19856124808178777,0.08616454792778258,0.6708690544425079,0.2716799108205467,0.6197704688910828,0.10633303147850488,0.8233333333333334,0.0,0.0,0.060000000000000005,0.7133333333333334,0.52,0.01766067403006114,0.00264910110450917,188,1243,floor_proxy_penalized,4.0,1.0,0.0,1.0,0.05,0.01,0.5,0.5,352,0.011030926665944846,0.35908316563143516,0.05386247484471527,False
floor_proxy_penalized_s0353,100,15,0.15,4.0,68.85432252323315,13.919429369050244,0.2828003162878187,0.2009678065177674,0.203241088881287,0.09501524761067993,0.6797069156521774,0.2745726932128918,0.6289723164262637,0.10417768246831684,0.8266666666666667,0.0,0.0,0.060000000000000005,0.7188888888888889,0.5044444444444445,0.01713219161301057,0.002569828741951586,187,1071,floor_proxy_penalized,4.0,1.0,0.0,1.0,0.05,0.05,0.5,0.5,353,0.01077630382848337,0.35973066796869974,0.053959600195304956,False
floor_proxy_penalized_s0354,100,15,0.15,3.8666666666666667,66.82674901100185,13.44961048363229,0.2813815045649695,0.21120376775476674,0.18197678248652388,0.07543859064243542,0.6913297072032812,0.25069932256047434,0.6184264379220518,0.10962886786542722,0.8633333333333334,0.0,0.0,0.03333333333333333,0.7033333333333335,0.5866666666666667,0.017883483982951944,0.002682522597442792,189,1204,floor_proxy_penalized,4.0,1.0,0.0,1.0,0.1,0.0,0.5,0.5,354,0.011152739343830426,0.35863611004825807,0.05379541650723871,False
floor_proxy_penalized_s0355,100,15,0.15,3.933333333333333,67.77359374492777,13.720536703081013,0.2829342846608843,0.21120376775476674,0.18385456801552605,0.08034773835610813,0.6922934310028285,0.2488569051529659,0.6155849275805416,0.10954770369105557,0.85,0.0,0.0,0.03333333333333333,0.7066666666666668,0.5833333333333334,0.017685038702427994,0.0026527558053641986,188,1189,floor_proxy_penalized,4.0,1.0,0.0,1.0,0.1,0.01,0.5,0.5,355,0.010932516944932393,0.3610116671540585,0.054151750073108774,False
floor_proxy_penalized_s0356,100,15,0.15,4.066666666666666,69.39674834208704,13.99738349800295,0.28616053396237606,0.2159002148116859,0.20508121677632146,0.09669686105790606,0.6827015535867854,0.2672256363454898,0.6238873042162515,0.10525646808058915,0.8533333333333334,0.0,0.0,0.04666666666666666,0.7122222222222223,0.5411111111111111,0.017148279435509523,0.0025722419153264287,187,1027,floor_proxy_penalized,4.0,1.0,0.0,1.0,0.1,0.05,0.5,0.5,356,0.010716288513592626,0.361751841873157,0.05426277628097355,True
floor_proxy_penalized_s0357,100,15,0.15,4.333333333333333,77.0185341897288,15.934383919469944,0.3067038698896219,0.25393539791381764,0.20392885690101778,0.08530382451045047,0.7521652927357745,0.24465187727325377,0.6289267215890021,0.10745140571176016,0.791111111111111,0.0,0.0,0.035555555555555556,0.7200000000000001,0.4722222222222222,0.014724013369405427,0.0022086020054108138,187,1018,floor_proxy_penalized,4.0,1.0,0.0,1.0,0.2,0.0,0.5,0.5,357,0.009413605242479292,0.38223951762963376,0.05733592764444506,True
floor_proxy_penalized_s0358,100,15,0.15,4.4,77.96537892365471,16.20531013891867,0.30762246954632194,0.25471904654495187,0.20519668592260626,0.09092944743765238,0.7527379420826001,0.24357052317626504,0.6283040263829738,0.10713942867882678,0.7822222222222222,0.0,0.0,0.035555555555555556,0.7266666666666667,0.47,0.014624366357978657,0.0021936549536967984,186,1006,floor_proxy_penalized,4.0,1.0,0.0,1.0,0.2,0.01,0.5,0.5,358,0.009256225194960017,0.3830942576046228,0.05746413864069341,False
floor_proxy_penalized_s0359,100,15,0.15,4.333333333333333,79.0994050824021,16.422905512828482,0.30711442071983985,0.25850324729213964,0.20805862565902064,0.10645899757761917,0.740887061930741,0.24541636676162812,0.5993600433030257,0.11181012418734086,0.8022222222222222,0.0,0.0,0.04888888888888889,0.678888888888889,0.38555555555555554,0.014710126663865,0.0022065189995797495,185,892,floor_proxy_penalized,4.0,1.0,0.0,1.0,0.2,0.05,0.5,0.5,359,0.009133584790025734,0.3873123745902321,0.058096856188534815,False
floor_proxy_penalized_s0360,100,16,0.16,3.375,56.96168056012718,11.1788979298695,0.22746511104754225,0.10430482196278629,0.15127682275344229,0.041356388465737845,0.5595827545293488,0.35680560651731674,0.678127146716301,0.09731433263233297,0.8885416666666667,0.0,0.0,0.26979166666666665,0.803125,0.4479166666666667,0.01290475749602103,0.002064761199363365,191,1897,floor_proxy_penalized,4.0,1.0,1.0,0.0,0.0,0.0,0.5,0.5,360,0.014312680999840547,0.2588246622765791,0.041411945964252656,False
floor_proxy_penalized_s0361,100,15,0.15,3.6,61.31268458366162,12.501281893496776,0.25090491362665274,0.1395636762864353,0.17968511279739488,0.0685486352956359,0.6071983476802658,0.31279432286274883,0.6138348258304398,0.11102887891968664,0.8977777777777778,0.0,0.0,0.12666666666666665,0.7255555555555556,0.5333333333333333,0.01721063385539565,0.002581595078309347,188,1322,floor_proxy_penalized,4.0,1.0,1.0,0.0,0.0,0.01,0.5,0.5,361,0.011998769508431826,0.31384975781676594,0.04707746367251489,True
floor_proxy_penalized_s0362,100,15,0.15,3.933333333333333,64.87552013291953,13.380807379599407,0.2719876247003121,0.17187568064858932,0.1927620489088525,0.09107830508468112,0.6640271684826522,0.28495867213714077,0.6338194277104233,0.10279882022416283,0.8900000000000001,0.0,0.0,0.07777777777777777,0.7366666666666667,0.4966666666666667,0.01685191381332859,0.002527787071999289,187,1110,floor_proxy_penalized,4.0,1.0,1.0,0.0,0.0,0.05,0.5,0.5,362,0.011210085889786621,0.33203865702259944,0.049805798553389916,False
floor_proxy_penalized_s0363,100,15,0.15,3.8,63.46667346108791,13.20346162510448,0.2720522417299795,0.19595706394489112,0.18613410855921536,0.08330316004024532,0.6601071853326723,0.27211862742737447,0.5948192708516495,0.11338623008195715,0.9033333333333334,0.0,0.0,0.060000000000000005,0.6566666666666666,0.5233333333333333,0.017731310741472456,0.002659696611220868,189,1258,floor_proxy_penalized,4.0,1.0,1.0,0.0,0.05,0.0,0.5,0.5,363,0.011360657095772265,0.35241823450082127,0.05286273517512319,False
floor_proxy_penalized_s0364,100,15,0.15,3.933333333333333,64.75912162626828,13.547883288803066,0.27562735117645426,0.19595706394489112,0.19369713591287804,0.09239506242271793,0.6593797932443076,0.26905648966988255,0.5895869301884524,0.11341294903983154,0.8922222222222224,0.0,0.0,0.060000000000000005,0.6533333333333334,0.5355555555555556,0.017485039931795336,0.0026227559897693004,188,1243,floor_proxy_penalized,4.0,1.0,1.0,0.0,0.05,0.01,0.5,0.5,364,0.011071840286959858,0.3568197288604427,0.05352295932906641,False
floor_proxy_penalized_s0365,100,15,0.15,4.066666666666666,66.31762568502187,13.869180375541394,0.27903619364233606,0.20340362372060355,0.19837697671237728,0.10124576210561528,0.6682176544539771,0.2719492720622277,0.5987887777236331,0.1112576000296435,0.8955555555555555,0.0,0.0,0.060000000000000005,0.658888888888889,0.52,0.016956557514744775,0.002543483627211716,187,1071,floor_proxy_penalized,4.0,1.0,1.0,0.0,0.05,0.05,0.5,0.5,365,0.010815347117737996,0.35746723119770724,0.05362008467965609,False
floor_proxy_penalized_s0366,100,15,0.15,3.8666666666666667,63.74685971497101,13.400828239240306,0.2772156941269,0.21120376775476674,0.16968498935916532,0.07567933706742219,0.690424133454967,0.24982864526792484,0.5974713363787151,0.11576285024754492,0.9033333333333334,0.0,0.0,0.03333333333333333,0.6766666666666666,0.6,0.01775377792411008,0.0026630666886165114,189,1204,floor_proxy_penalized,4.0,1.0,1.0,0.0,0.1,0.0,0.5,0.5,366,0.011193338002853433,0.35351108475611975,0.05302666271341796,False
floor_proxy_penalized_s0367,100,15,0.15,4.0,65.03930788015138,13.745249902938896,0.28079080357337477,0.21120376775476674,0.177248016712828,0.0847712394498948,0.6896967413666025,0.24676650751043297,0.5922389957155177,0.11578956920541932,0.8922222222222224,0.0,0.0,0.03333333333333333,0.6733333333333335,0.6122222222222221,0.017507507114432955,0.002626126067164943,188,1189,floor_proxy_penalized,4.0,1.0,1.0,0.0,0.1,0.01,0.5,0.5,367,0.010912860883520803,0.3579125791157411,0.053686886867361165,False
floor_proxy_penalized_s0368,100,15,0.15,4.133333333333334,66.67264579691832,14.022096697860833,0.2840170528748665,0.2159002148116859,0.19847466547362339,0.10112036215169276,0.6801048639505595,0.2651352387029568,0.6005413723512277,0.11149833359495288,0.8955555555555555,0.0,0.0,0.04666666666666666,0.678888888888889,0.57,0.016970747847514487,0.002545612177127173,187,1027,floor_proxy_penalized,4.0,1.0,1.0,0.0,0.1,0.05,0.5,0.5,368,0.010697401624885637,0.35865275383483963,0.053797913075225946,False
floor_proxy_penalized_s0369,100,15,0.15,4.466666666666667,73.99177976257405,15.843375540346171,0.30199899568499106,0.25913251609189303,0.18689604459902012,0.08795062375845906,0.7454007482151117,0.22795889286244686,0.5808082759460469,0.11486607416179484,0.8615873015873016,0.0,0.0,0.013333333333333334,0.6314285714285716,0.47095238095238096,0.013107445136416837,0.0019661167704625253,187,1018,floor_proxy_penalized,4.0,1.0,1.0,0.0,0.2,0.0,0.5,0.5,369,0.009467679385495559,0.3879358708683413,0.05819038063025119,True
floor_proxy_penalized_s0370,100,15,0.15,4.533333333333333,75.28018782570255,16.155848045550606,0.3041511069619625,0.2599161647230272,0.19341810529316028,0.0965915103544887,0.7452721757769307,0.2274681665545311,0.5850936356480732,0.11311066192172055,0.8526984126984126,0.0,0.0,0.013333333333333334,0.6547619047619049,0.4687301587301587,0.013137549224427262,0.0019706323836640896,186,1006,floor_proxy_penalized,4.0,1.0,1.0,0.0,0.2,0.01,0.5,0.5,370,0.009284563681032558,0.3865081238445073,0.05797621857667609,True
floor_proxy_penalized_s0371,100,15,0.15,4.4,75.9010865482589,16.401523223930266,0.30471554811672064,0.25883419329604385,0.2001227619957329,0.10752988481607012,0.736733769248742,0.23502350403470132,0.5677754485605362,0.11761171608694054,0.8355555555555555,0.0,0.0,0.02666666666666667,0.6266666666666667,0.40777777777777774,0.0132189864809861,0.0019828479721479154,185,892,floor_proxy_penalized,4.0,1.0,1.0,0.0,0.2,0.05,0.5,0.5,371,0.009145492034614563,0.39401361328057755,0.05910204199208663,False
floor_proxy_penalized_s0372,100,16,0.16,3.375,66.53592336646994,11.32908355474104,0.23357360723135015,0.12150946370438251,0.1619524196247501,0.04722643398424836,0.5632483187481011,0.3539775343331392,0.6737259528665778,0.09746462014787446,0.8531249999999999,0.0,0.0,0.25937499999999997,0.7927083333333333,0.4604166666666667,0.013103855496833721,0.0020966168794933956,191,1897,floor_proxy_penalized,4.0,1.0,1.0,1.0,0.0,0.0,0.5,0.5,372,0.014122942886500522,0.27565070999915986,0.04410411359986558,True
floor_proxy_penalized_s0373,100,15,0.15,3.7333333333333334,72.04902710886716,12.740283208722277,0.2636041815259616,0.16851042451251677,0.18836157867797518,0.07302561562212119,0.6320277783238828,0.2932656964713418,0.6088071498027637,0.10929660528721974,0.8466666666666668,0.0,0.0,0.09333333333333332,0.7100000000000001,0.5866666666666666,0.017519754487849135,0.00262796317317737,188,1322,floor_proxy_penalized,4.0,1.0,1.0,1.0,0.0,0.01,0.5,0.5,373,0.01177367861785888,0.34137440063809843,0.05120616009571476,True
floor_proxy_penalized_s0374,100,15,0.15,3.8666666666666667,76.1783270874057,13.467509935212512,0.2764810246124806,0.19022729850629194,0.198464110413587,0.09315693230229241,0.6696282195372331,0.28316178215733484,0.6315156512590723,0.10285124377516103,0.85,0.0,0.0,0.06666666666666667,0.7322222222222222,0.49444444444444446,0.017112110543348633,0.002566816581502294,187,1110,floor_proxy_penalized,4.0,1.0,1.0,1.0,0.0,0.05,0.5,0.5,374,0.011137916416739073,0.34796050400619805,0.05219407560092971,False
floor_proxy_penalized_s0375,100,15,0.15,3.8,75.05623385562168,13.252243869496459,0.27621805216804896,0.19595706394489112,0.19842590168657395,0.08306241361525854,0.6610127590809864,0.27298930471992394,0.6157743723949863,0.10725224769983947,0.8633333333333334,0.0,0.0,0.060000000000000005,0.6833333333333333,0.51,0.017861016800314326,0.0026791525200471488,189,1258,floor_proxy_penalized,4.0,1.0,1.0,1.0,0.05,0.0,0.5,0.5,375,0.0113188378871645,0.35754325979295964,0.053631488968943944,True
floor_proxy_penalized_s0376,100,15,0.15,3.8666666666666667,76.12332340976606,13.523170088945182,0.2777708322639638,0.19595706394489112,0.2003036872155761,0.08797156132893126,0.6619764828805336,0.2711468873124155,0.612932862053476,0.10717108352546782,0.85,0.0,0.0,0.060000000000000005,0.6866666666666668,0.5066666666666667,0.017662571519790376,0.002649385727968556,188,1243,floor_proxy_penalized,4.0,1.0,1.0,1.0,0.05,0.01,0.5,0.5,376,0.011092073752930228,0.3599188168987601,0.05398782253481401,False
floor_proxy_penalized_s0377,100,15,0.15,4.0,78.00312455525797,13.84446717568351,0.28117967472984556,0.20340362372060355,0.20498352801507533,0.0968222610118286,0.6708143440902031,0.27403966970476057,0.6221347095886569,0.10501573451527978,0.8533333333333334,0.0,0.0,0.060000000000000005,0.6922222222222222,0.49111111111111116,0.01713408910273981,0.0025701133654109716,187,1071,floor_proxy_penalized,4.0,1.0,1.0,1.0,0.05,0.05,0.5,0.5,377,0.010834653157577688,0.36056631923602467,0.054084947885403696,False
floor_proxy_penalized_s0378,100,15,0.15,3.8666666666666667,75.53378672364062,13.44961048363229,0.2813815045649695,0.21120376775476674,0.18197678248652388,0.07543859064243542,0.6913297072032812,0.25069932256047434,0.6184264379220518,0.10962886786542722,0.8633333333333334,0.0,0.0,0.03333333333333333,0.7033333333333335,0.5866666666666667,0.017883483982951944,0.002682522597442792,189,1204,floor_proxy_penalized,4.0,1.0,1.0,1.0,0.1,0.0,0.5,0.5,378,0.011152739343830426,0.35863611004825807,0.05379541650723871,False
floor_proxy_penalized_s0379,100,15,0.15,3.933333333333333,76.60087627778499,13.720536703081013,0.2829342846608843,0.21120376775476674,0.18385456801552605,0.08034773835610813,0.6922934310028285,0.2488569051529659,0.6155849275805416,0.10954770369105557,0.85,0.0,0.0,0.03333333333333333,0.7066666666666668,0.5833333333333334,0.017685038702427994,0.0026527558053641986,188,1189,floor_proxy_penalized,4.0,1.0,1.0,1.0,0.1,0.01,0.5,0.5,379,0.010932516944932393,0.3610116671540585,0.054151750073108774,False
floor_proxy_penalized_s0380,100,15,0.15,4.066666666666666,78.51106098947388,13.99738349800295,0.28616053396237606,0.2159002148116859,0.20508121677632146,0.09669686105790606,0.6827015535867854,0.2672256363454898,0.6238873042162515,0.10525646808058915,0.8533333333333334,0.0,0.0,0.04666666666666666,0.7122222222222223,0.5411111111111111,0.017148279435509523,0.0025722419153264287,187,1027,floor_proxy_penalized,4.0,1.0,1.0,1.0,0.1,0.05,0.5,0.5,380,0.010716288513592626,0.361751841873157,0.05426277628097355,True
floor_proxy_penalized_s0381,100,15,0.15,4.4,87.20086273832298,15.972393773678636,0.3085675284549944,0.25880157008798876,0.20099883538024427,0.09100205148866183,0.7514075081207188,0.22939903105520867,0.6017622226701174,0.11093903975457792,0.7933333333333333,0.0,0.0,0.013333333333333334,0.6766666666666669,0.4788888888888889,0.013510253426462344,0.0020265380139693513,187,1018,floor_proxy_penalized,4.0,1.0,1.0,1.0,0.2,0.0,0.5,0.5,381,0.009391203480544619,0.39529341442697996,0.05929401216404699,True
floor_proxy_penalized_s0382,100,15,0.15,4.466666666666667,88.26795229246736,16.24331999312736,0.30948612811169446,0.259585218719123,0.20226666440183277,0.09662767441586376,0.7519801574675443,0.22831767695821995,0.6011395274640887,0.11062706272164455,0.7844444444444444,0.0,0.0,0.013333333333333334,0.6833333333333335,0.4766666666666667,0.013410606415035576,0.0020115909622553363,186,1006,floor_proxy_penalized,4.0,1.0,1.0,1.0,0.2,0.01,0.5,0.5,382,0.009234565351385421,0.3961481544019689,0.05942222316029533,True
floor_proxy_penalized_s0383,100,15,0.15,4.533333333333333,89.12069221308894,16.6002698641038,0.3110041413388055,0.25850324729213964,0.20834139994447728,0.10756604887744518,0.7423556672268864,0.22393181486545888,0.5735419552831833,0.11573558618322943,0.7758730158730158,0.0,0.0,0.013333333333333334,0.6374603174603176,0.45698412698412694,0.013357811109102795,0.0020036716663654193,185,892,floor_proxy_penalized,4.0,1.0,1.0,1.0,0.2,0.05,0.5,0.5,383,0.009035997681239989,0.40803559611399,0.06120533941709849,False
floor_proxy_penalized_s0384,100,16,0.16,3.25,79.12379533742191,11.205345541954138,0.23023883511275722,0.11035102089896087,0.161530026654442,0.04418319815526381,0.566361691230845,0.376330010537798,0.7058159608118489,0.09437713026853428,0.8802083333333334,0.0,0.0,0.29062499999999997,0.84375,0.44166666666666665,0.01475072540194583,0.002360116064311333,191,1897,floor_proxy_penalized,8.0,0.0,0.0,0.0,0.0,0.0,0.5,0.5,384,0.014278899245091648,0.25145954284401395,0.04023352685504223,True
floor_proxy_penalized_s0385,100,15,0.15,3.6,86.66686007710057,12.633414915674557,0.2595391009742729,0.156608085520067,0.18845907437337378,0.06977949740453766,0.6315371426534525,0.31394824580568953,0.6344001279746894,0.10676461460037402,0.8755555555555555,0.0,0.0,0.12666666666666665,0.7477777777777778,0.5333333333333333,0.019276415719968718,0.002891462357995307,188,1322,floor_proxy_penalized,8.0,0.0,0.0,0.0,0.0,0.01,0.5,0.5,385,0.011873274249379057,0.3190134319786882,0.047852014796803226,True
floor_proxy_penalized_s0386,100,15,0.15,3.7333333333333334,90.63109722461265,13.360641642164795,0.2724159440607919,0.1783249595138422,0.1985616061089856,0.0899108140847089,0.6691375838668027,0.3038443314916825,0.6571086294309978,0.10031925308831532,0.8788888888888889,0.0,0.0,0.1,0.77,0.4411111111111111,0.01886877177546821,0.0028303157663202316,187,1110,floor_proxy_penalized,8.0,0.0,0.0,0.0,0.0,0.05,0.5,0.5,386,0.011227005709562301,0.32559953534678776,0.048839930302018164,False
floor_proxy_penalized_s0387,100,15,0.15,3.6666666666666665,89.53344759234845,13.203979614081833,0.27474338447098806,0.20240634281014402,0.19863501894648064,0.08189492261528632,0.6662388359538614,0.28877634701028326,0.6349740525069472,0.10560784071329585,0.8811111111111111,0.0,0.0,0.08222222222222222,0.7100000000000001,0.4566666666666667,0.0196986368851217,0.0029547955327682545,189,1258,floor_proxy_penalized,8.0,0.0,0.0,0.0,0.05,0.0,0.5,0.5,387,0.011360211419898543,0.3455416056846583,0.051831240852698746,True
floor_proxy_penalized_s0388,100,15,0.15,3.7333333333333334,91.13145466013131,13.474905833530554,0.27629616456690287,0.20240634281014402,0.2005128044754828,0.08680407032895902,0.6672025597534087,0.2869339296027748,0.6321325421654367,0.1055266765389242,0.8677777777777778,0.0,0.0,0.08222222222222222,0.7133333333333334,0.45333333333333337,0.019500191604597747,0.002925028740689661,188,1243,floor_proxy_penalized,8.0,0.0,0.0,0.0,0.05,0.01,0.5,0.5,388,0.011131803209098831,0.3479171627904587,0.052187574418568805,False
floor_proxy_penalized_s0389,100,15,0.15,3.8666666666666667,93.06997011179482,13.796202920268883,0.27970500703278467,0.20985290258585645,0.20519264527498204,0.09565477001185638,0.6760404209630781,0.28982671199511995,0.6413343897006176,0.10337132752873615,0.8711111111111111,0.0,0.0,0.08222222222222222,0.718888888888889,0.43777777777777777,0.018971709187547186,0.0028457563781320774,187,1071,floor_proxy_penalized,8.0,0.0,0.0,0.0,0.05,0.05,0.5,0.5,389,0.010872556809064139,0.3485646651277232,0.052284699769158484,False
floor_proxy_penalized_s0390,100,15,0.15,3.7333333333333334,90.13698038435525,13.356895936401271,0.2797242437035185,0.21490293390122636,0.19873270770772675,0.08176952266136378,0.6781260454504439,0.2819623136510125,0.6367266471345416,0.10584857427860522,0.8811111111111111,0.0,0.0,0.06888888888888887,0.7300000000000001,0.5066666666666666,0.019712827217891412,0.002956924082683711,189,1204,floor_proxy_penalized,8.0,0.0,0.0,0.0,0.1,0.0,0.5,0.5,390,0.011230154125196717,0.34672712832179065,0.0520090692482686,True
floor_proxy_penalized_s0391,100,15,0.15,3.8,91.73498745213811,13.627822155849998,0.28127702379943337,0.21490293390122636,0.20061049323672892,0.08667867037503649,0.679089769249991,0.28011989624350403,0.6338851367930315,0.10576741010423357,0.8677777777777778,0.0,0.0,0.06888888888888887,0.7333333333333335,0.5033333333333333,0.019514381937367462,0.0029271572906051186,188,1189,floor_proxy_penalized,8.0,0.0,0.0,0.0,0.1,0.01,0.5,0.5,391,0.011006894446124665,0.34910268542759104,0.05236540281413866,True
floor_proxy_penalized_s0392,100,15,0.15,3.933333333333333,93.6735029038016,13.949119242588322,0.2846858662653151,0.2223494936769388,0.20529033403622815,0.09552937005793384,0.6879276304596604,0.2830126786358491,0.6430869843282122,0.10361206109404551,0.8711111111111111,0.0,0.0,0.06888888888888887,0.7388888888888889,0.48777777777777775,0.018985899520316894,0.0028478849280475344,187,1027,floor_proxy_penalized,8.0,0.0,0.0,0.0,0.1,0.05,0.5,0.5,392,0.010753367104500198,0.3497501877648556,0.05246252816472834,True
floor_proxy_penalized_s0393,100,15,0.15,4.333333333333333,104.46454883330311,15.879212454697404,0.30631111906341946,0.25880157008798876,0.2007500118425055,0.09100205148866183,0.7514232409031643,0.2449624228049293,0.6146148713019197,0.10694425839500611,0.8155555555555555,0.0,0.0,0.04666666666666666,0.6933333333333335,0.43444444444444447,0.014769491373924835,0.002215423706088725,187,1018,floor_proxy_penalized,8.0,0.0,0.0,0.0,0.2,0.0,0.5,0.5,393,0.009446312304715519,0.3807992052749878,0.05711988079124816,True
floor_proxy_penalized_s0394,100,15,0.15,4.4,106.06255590108597,16.150138674146127,0.3072297187201195,0.259585218719123,0.20201784086409397,0.09662767441586376,0.7519958902499897,0.24388106870794057,0.6139921760958912,0.10663228136207274,0.8066666666666665,0.0,0.0,0.04666666666666666,0.7000000000000001,0.43222222222222223,0.01466984436249807,0.00220047665437471,186,1006,floor_proxy_penalized,8.0,0.0,0.0,0.0,0.2,0.01,0.5,0.5,394,0.009287845945256605,0.3816539452499767,0.0572480917874965,True
floor_proxy_penalized_s0395,100,15,0.15,4.333333333333333,107.58152520668442,16.41089821578271,0.30747682562507045,0.25850324729213964,0.20681789003425619,0.10756604887744518,0.7427852400465735,0.24588327951100705,0.5917683367639507,0.11298063301466137,0.8022222222222222,0.0,0.0,0.04888888888888889,0.6655555555555556,0.38555555555555554,0.014717357632077741,0.0022076036448116614,185,892,floor_proxy_penalized,8.0,0.0,0.0,0.0,0.2,0.05,0.5,0.5,395,0.009140267523915408,0.38973089413194584,0.058459634119791874,False
floor_proxy_penalized_s0396,100,16,0.16,3.375,88.66376329304046,11.210109330245718,0.23031001486214686,0.10430482196278629,0.1586404008923928,0.04527772096773777,0.56198808094075,0.3645384932872875,0.6896208570393458,0.0945295849159894,0.8760416666666667,0.0,0.0,0.28229166666666666,0.81875,0.47916666666666663,0.012977611955664997,0.0020764179129063995,191,1897,floor_proxy_penalized,8.0,0.0,0.0,1.0,0.0,0.0,0.5,0.5,396,0.014272831360199849,0.25717237790436914,0.04114758046469907,True
floor_proxy_penalized_s0397,100,15,0.15,3.7333333333333334,97.39194604169006,12.638496289852243,0.2596150260402885,0.1501588066548141,0.18537680689385466,0.0709469884045099,0.6268719583440178,0.3013706274051449,0.6171253506173525,0.1069272328909928,0.8711111111111111,0.0,0.0,0.11777777777777777,0.7211111111111113,0.5733333333333331,0.017385094710602494,0.002607764206590374,188,1322,floor_proxy_penalized,8.0,0.0,0.0,1.0,0.0,0.01,0.5,0.5,397,0.011868500536763906,0.32510712270973374,0.04876606840646006,True
floor_proxy_penalized_s0398,100,15,0.15,3.8666666666666667,102.08340991569237,13.36572301634248,0.2724918691268075,0.17187568064858932,0.19547933862946648,0.09107830508468112,0.6644723995573681,0.29126671309113783,0.6398338520736611,0.10048187137893412,0.8744444444444445,0.0,0.0,0.09111111111111111,0.7433333333333334,0.4811111111111111,0.01697745076610199,0.0025466176149152985,187,1110,floor_proxy_penalized,8.0,0.0,0.0,1.0,0.0,0.05,0.5,0.5,398,0.011222737431906424,0.33169322607783336,0.049753983911675,False
floor_proxy_penalized_s0399,100,15,0.15,3.8,100.90785830026645,13.209060988259518,0.2748193095370036,0.19595706394489112,0.19555275146696152,0.08306241361525854,0.6615736516444268,0.2761987286097387,0.6176992751496103,0.10577045900391463,0.8766666666666667,0.0,0.0,0.07333333333333333,0.6833333333333333,0.4966666666666667,0.017807315875755472,0.002671097381363321,189,1258,floor_proxy_penalized,8.0,0.0,0.0,1.0,0.05,0.0,0.5,0.5,399,0.011355841276932784,0.35163529641570385,0.052745294462355576,True
floor_proxy_penalized_s0400,100,15,0.15,3.8666666666666667,102.50458855550778,13.47998720770824,0.2763720896329184,0.19595706394489112,0.19743053699596366,0.08797156132893126,0.6625373754439742,0.27435631120223025,0.6148577648081002,0.10568929482954298,0.8633333333333333,0.0,0.0,0.07333333333333333,0.6866666666666668,0.49333333333333335,0.017608870595231522,0.0026413305892847277,188,1243,floor_proxy_penalized,8.0,0.0,0.0,1.0,0.05,0.01,0.5,0.5,400,0.011127606999079772,0.35401085352150424,0.053101628028225635,False
floor_proxy_penalized_s0401,100,15,0.15,4.0,104.7644010939096,13.801284294446567,0.27978093209880023,0.20340362372060355,0.2021103777954629,0.0968222610118286,0.6713752366536435,0.27724909359457534,0.6240596123432809,0.10353394581935493,0.8666666666666667,0.0,0.0,0.07333333333333333,0.6922222222222222,0.4777777777777778,0.017080388178180958,0.0025620582267271443,187,1071,floor_proxy_penalized,8.0,0.0,0.0,1.0,0.05,0.05,0.5,0.5,401,0.010868553737448751,0.3546583558587688,0.05319875337881532,False
floor_proxy_penalized_s0402,100,15,0.15,3.8666666666666667,101.6643074145927,13.361977310578958,0.27980016876953406,0.20845365503597346,0.19565044022820763,0.08293701366133602,0.6734608611410092,0.2693846952504678,0.6194518697772051,0.106011192569224,0.8766666666666667,0.0,0.0,0.05999999999999999,0.7033333333333335,0.5466666666666666,0.017821506208525188,0.002673225931278778,189,1204,floor_proxy_penalized,8.0,0.0,0.0,1.0,0.1,0.0,0.5,0.5,402,0.01122588345373419,0.35282081905283624,0.052923122857925435,True
floor_proxy_penalized_s0403,100,15,0.15,3.933333333333333,103.26103766983401,13.632903530027683,0.28135294886544887,0.20845365503597346,0.1975282257572098,0.08784616137500872,0.6744245849405565,0.2675422778429594,0.6166103594356948,0.10593002839485235,0.8633333333333333,0.0,0.0,0.05999999999999999,0.7066666666666668,0.5433333333333332,0.017623060928001234,0.002643459139200185,188,1189,floor_proxy_penalized,8.0,0.0,0.0,1.0,0.1,0.01,0.5,0.5,403,0.011002791860854268,0.35519637615863664,0.053279456423795495,False
floor_proxy_penalized_s0404,100,15,0.15,4.066666666666666,105.52085020823583,13.954200616766007,0.28476179133133067,0.2159002148116859,0.20220806655670903,0.09669686105790606,0.6832624461502259,0.2704350602353045,0.6258122069708757,0.10377467938466431,0.8666666666666667,0.0,0.0,0.05999999999999999,0.7122222222222223,0.5277777777777778,0.017094578510950673,0.0025641867766426013,187,1027,floor_proxy_penalized,8.0,0.0,0.0,1.0,0.1,0.05,0.5,0.5,404,0.010749451302840997,0.35584387849590116,0.05337658177438517,True
floor_proxy_penalized_s0405,100,15,0.15,4.333333333333333,117.300096187354,15.891201038233001,0.30553825103041743,0.25393539791381764,0.20153456505134076,0.08530382451045047,0.7526327032053082,0.24732639718143273,0.6305308072178556,0.10621658179848946,0.8022222222222221,0.0,0.0,0.04666666666666666,0.7200000000000001,0.4611111111111111,0.014709501710286283,0.002206425256542942,187,1018,floor_proxy_penalized,8.0,0.0,0.0,1.0,0.2,0.0,0.5,0.5,405,0.009439185851284091,0.3773162148152539,0.05659743222228808,True
floor_proxy_penalized_s0406,100,15,0.15,4.4,118.89682644259533,16.162127257681725,0.3064568506871174,0.25471904654495187,0.20280239407292922,0.09092944743765238,0.7532053525521339,0.246245043084444,0.6299081120118272,0.10590460476555608,0.7933333333333332,0.0,0.0,0.04666666666666666,0.7266666666666667,0.45888888888888885,0.014609854698859512,0.002191478204828927,186,1006,floor_proxy_penalized,8.0,0.0,0.0,1.0,0.2,0.01,0.5,0.5,406,0.009280956498390782,0.37817095479024293,0.05672564321853644,False
floor_proxy_penalized_s0407,100,15,0.15,4.333333333333333,120.56501975998572,16.422905512828482,0.30711442071983985,0.25850324729213964,0.20805862565902064,0.10645899757761917,0.740887061930741,0.24541636676162812,0.5993600433030257,0.11181012418734086,0.8022222222222222,0.0,0.0,0.04888888888888889,0.678888888888889,0.38555555555555554,0.014710126663865,0.0022065189995797495,185,892,floor_proxy_penalized,8.0,0.0,0.0,1.0,0.2,0.05,0.5,0.5,407,0.009133584790025734,0.3873123745902321,0.058096856188534815,False
floor_proxy_penalized_s0408,100,16,0.16,3.25,87.03094206010739,11.081470833662465,0.22214428447436335,0.09437188724243117,0.15330443767696172,0.04302926492816839,0.5435440709434824,0.3752482077787911,0.686535990051615,0.09837487806788986,0.9010416666666667,0.0,0.0,0.29062499999999997,0.8229166666666666,0.44166666666666665,0.012814054903908582,0.002050248784625373,191,1897,floor_proxy_penalized,8.0,0.0,1.0,0.0,0.0,0.0,0.5,0.5,408,0.014438516547276735,0.24661859831721192,0.03945897573075391,False
floor_proxy_penalized_s0409,100,15,0.15,3.6,94.68256042959307,12.501281893496776,0.25090491362665274,0.1395636762864353,0.17968511279739488,0.0685486352956359,0.6071983476802658,0.31279432286274883,0.6138348258304398,0.11102887891968664,0.8977777777777778,0.0,0.0,0.12666666666666665,0.7255555555555556,0.5333333333333333,0.01721063385539565,0.002581595078309347,188,1322,floor_proxy_penalized,8.0,0.0,1.0,0.0,0.0,0.01,0.5,0.5,409,0.011998769508431826,0.31384975781676594,0.04707746367251489,True
floor_proxy_penalized_s0410,100,15,0.15,3.8666666666666667,99.72594528328563,13.36572301634248,0.2724918691268075,0.17187568064858932,0.19547933862946648,0.09107830508468112,0.6644723995573681,0.29126671309113783,0.6398338520736611,0.10048187137893412,0.8744444444444445,0.0,0.0,0.09111111111111111,0.7433333333333334,0.4811111111111111,0.01697745076610199,0.0025466176149152985,187,1110,floor_proxy_penalized,8.0,0.0,1.0,0.0,0.0,0.05,0.5,0.5,410,0.011222737431906424,0.33169322607783336,0.049753983911675,False
floor_proxy_penalized_s0411,100,15,0.15,3.8,98.11312164153,13.150649907266576,0.2722927357599483,0.19595706394489112,0.187150219921687,0.07887965894645863,0.6628195364576228,0.271110408005725,0.6140756811080598,0.1079795247168973,0.8900000000000001,0.0,0.0,0.060000000000000005,0.6833333333333333,0.4966666666666667,0.017729604452135242,0.0026594406678202864,189,1258,floor_proxy_penalized,8.0,0.0,1.0,0.0,0.05,0.0,0.5,0.5,411,0.011406280378364829,0.3499547901066489,0.052493218515997336,True
floor_proxy_penalized_s0412,100,15,0.15,3.8666666666666667,100.02372123244726,13.47998720770824,0.2763720896329184,0.19595706394489112,0.19743053699596366,0.08797156132893126,0.6625373754439742,0.27435631120223025,0.6148577648081002,0.10568929482954298,0.8633333333333333,0.0,0.0,0.07333333333333333,0.6866666666666668,0.49333333333333335,0.017608870595231522,0.0026413305892847277,188,1243,floor_proxy_penalized,8.0,0.0,1.0,0.0,0.05,0.01,0.5,0.5,412,0.011127606999079772,0.35401085352150424,0.053101628028225635,False
floor_proxy_penalized_s0413,100,15,0.15,4.0,102.26031633865006,13.801284294446567,0.27978093209880023,0.20340362372060355,0.2021103777954629,0.0968222610118286,0.6713752366536435,0.27724909359457534,0.6240596123432809,0.10353394581935493,0.8666666666666667,0.0,0.0,0.07333333333333333,0.6922222222222222,0.4777777777777778,0.017080388178180958,0.0025620582267271443,187,1071,floor_proxy_penalized,8.0,0.0,1.0,0.0,0.05,0.05,0.5,0.5,413,0.010868553737448751,0.3546583558587688,0.05319875337881532,False
floor_proxy_penalized_s0414,100,15,0.15,3.8666666666666667,98.77847524106615,13.30356622958602,0.2772735949924787,0.20845365503597346,0.18724790868293312,0.07875425899253609,0.6747067459542052,0.2642963746464541,0.6158282757356542,0.10822025828220667,0.8900000000000001,0.0,0.0,0.04666666666666666,0.7033333333333335,0.5466666666666666,0.017743794784904957,0.0026615692177357434,189,1204,floor_proxy_penalized,8.0,0.0,1.0,0.0,0.1,0.0,0.5,0.5,414,0.011275172191529556,0.35114031274378127,0.05267104691156719,True
floor_proxy_penalized_s0415,100,15,0.15,3.933333333333333,100.68907483198339,13.632903530027683,0.28135294886544887,0.20845365503597346,0.1975282257572098,0.08784616137500872,0.6744245849405565,0.2675422778429594,0.6166103594356948,0.10593002839485235,0.8633333333333333,0.0,0.0,0.05999999999999999,0.7066666666666668,0.5433333333333332,0.017623060928001234,0.002643459139200185,188,1189,floor_proxy_penalized,8.0,0.0,1.0,0.0,0.1,0.01,0.5,0.5,415,0.011002791860854268,0.35519637615863664,0.053279456423795495,False
floor_proxy_penalized_s0416,100,15,0.15,4.066666666666666,102.92566993818619,13.954200616766007,0.28476179133133067,0.2159002148116859,0.20220806655670903,0.09669686105790606,0.6832624461502259,0.2704350602353045,0.6258122069708757,0.10377467938466431,0.8666666666666667,0.0,0.0,0.05999999999999999,0.7122222222222223,0.5277777777777778,0.017094578510950673,0.0025641867766426013,187,1027,floor_proxy_penalized,8.0,0.0,1.0,0.0,0.1,0.05,0.5,0.5,416,0.010749451302840997,0.35584387849590116,0.05337658177438517,True
floor_proxy_penalized_s0417,100,15,0.15,4.4,114.68126869068277,15.85275053219862,0.30434022206990896,0.25880157008798876,0.1906492787191531,0.08798678781983413,0.7502903199987382,0.2317653289847245,0.5963664855096743,0.11190377144264478,0.8377777777777777,0.0,0.0,0.024444444444444446,0.6600000000000001,0.4677777777777778,0.013153263780573963,0.0019729895670860943,187,1018,floor_proxy_penalized,8.0,0.0,1.0,0.0,0.2,0.0,0.5,0.5,417,0.009462080393893417,0.3854457253169839,0.05781685879754758,True
floor_proxy_penalized_s0418,100,15,0.15,4.4,116.52964677058475,16.150138674146127,0.3072297187201195,0.259585218719123,0.20201784086409397,0.09662767441586376,0.7519958902499897,0.24388106870794057,0.6139921760958912,0.10663228136207274,0.8066666666666665,0.0,0.0,0.04666666666666666,0.7000000000000001,0.43222222222222223,0.01466984436249807,0.00220047665437471,186,1006,floor_proxy_penalized,8.0,0.0,1.0,0.0,0.2,0.01,0.5,0.5,418,0.009287845945256605,0.3816539452499767,0.0572480917874965,True
floor_proxy_penalized_s0419,100,15,0.15,4.333333333333333,117.63323801668547,16.41089821578271,0.30747682562507045,0.25850324729213964,0.20681789003425619,0.10756604887744518,0.7427852400465735,0.24588327951100705,0.5917683367639507,0.11298063301466137,0.8022222222222222,0.0,0.0,0.04888888888888889,0.6655555555555556,0.38555555555555554,0.014717357632077741,0.0022076036448116614,185,892,floor_proxy_penalized,8.0,0.0,1.0,0.0,0.2,0.05,0.5,0.5,419,0.009140267523915408,0.38973089413194584,0.058459634119791874,False
floor_proxy_penalized_s0420,100,16,0.16,3.375,96.68374143311713,11.274142269460015,0.23114509518013665,0.10430482196278629,0.1618477744080238,0.04527772096773777,0.5578889007387522,0.35856707218687833,0.6797196697977947,0.09663251042884127,0.8635416666666667,0.0,0.0,0.26979166666666665,0.803125,0.4604166666666667,0.01302795657243892,0.002084473051590227,191,1897,floor_proxy_penalized,8.0,0.0,1.0,1.0,0.0,0.0,0.5,0.5,420,0.01419176698110475,0.26593885260749534,0.042550216417199256,False
floor_proxy_penalized_s0421,100,15,0.15,3.7333333333333334,105.5443567241269,12.681679171089185,0.26101376867133386,0.1501588066548141,0.1882499571134671,0.0709469884045099,0.6263110657805774,0.2981612035153302,0.6152004478627284,0.10840902158691765,0.8577777777777779,0.0,0.0,0.10444444444444442,0.7211111111111113,0.5866666666666666,0.017438795635161344,0.0026158193452742017,188,1322,floor_proxy_penalized,8.0,0.0,1.0,1.0,0.0,0.01,0.5,0.5,421,0.011828086641866766,0.3310150860869895,0.049652262913048424,True
floor_proxy_penalized_s0422,100,15,0.15,3.8666666666666667,111.10823939921923,13.408905897579421,0.27389061175785284,0.17187568064858932,0.1983524888490789,0.09107830508468112,0.6639115069939276,0.2880572892013232,0.6379089493190369,0.10196366007485896,0.8611111111111112,0.0,0.0,0.07777777777777777,0.7433333333333334,0.49444444444444446,0.017031151690660842,0.002554672753599126,187,1110,floor_proxy_penalized,8.0,0.0,1.0,1.0,0.0,0.05,0.5,0.5,422,0.011186595024660292,0.33760118945508916,0.05064017841826337,False
floor_proxy_penalized_s0423,100,15,0.15,3.8,109.60986147721782,13.252243869496459,0.27621805216804896,0.19595706394489112,0.19842590168657395,0.08306241361525854,0.6610127590809864,0.27298930471992394,0.6157743723949863,0.10725224769983947,0.8633333333333334,0.0,0.0,0.060000000000000005,0.6833333333333333,0.51,0.017861016800314326,0.0026791525200471488,189,1258,floor_proxy_penalized,8.0,0.0,1.0,1.0,0.05,0.0,0.5,0.5,423,0.0113188378871645,0.35754325979295964,0.053631488968943944,True
floor_proxy_penalized_s0424,100,15,0.15,3.8666666666666667,111.3268365526776,13.523170088945182,0.2777708322639638,0.19595706394489112,0.2003036872155761,0.08797156132893126,0.6619764828805336,0.2711468873124155,0.612932862053476,0.10717108352546782,0.85,0.0,0.0,0.060000000000000005,0.6866666666666668,0.5066666666666667,0.017662571519790376,0.002649385727968556,188,1243,floor_proxy_penalized,8.0,0.0,1.0,1.0,0.05,0.01,0.5,0.5,424,0.011092073752930228,0.3599188168987601,0.05398782253481401,False
floor_proxy_penalized_s0425,100,15,0.15,4.0,113.88472874561874,13.84446717568351,0.28117967472984556,0.20340362372060355,0.20498352801507533,0.0968222610118286,0.6708143440902031,0.27403966970476057,0.6221347095886569,0.10501573451527978,0.8533333333333334,0.0,0.0,0.060000000000000005,0.6922222222222222,0.49111111111111116,0.01713408910273981,0.0025701133654109716,187,1071,floor_proxy_penalized,8.0,0.0,1.0,1.0,0.05,0.05,0.5,0.5,425,0.010834653157577688,0.36056631923602467,0.054084947885403696,False
floor_proxy_penalized_s0426,100,15,0.15,3.8666666666666667,110.42813139907338,13.405160191815899,0.28119891140057945,0.20845365503597346,0.19852359044782006,0.08293701366133602,0.6728999685775688,0.2661752713606531,0.6175269670225809,0.10749298126514885,0.8633333333333334,0.0,0.0,0.04666666666666666,0.7033333333333335,0.5599999999999999,0.01787520713308404,0.0026812810699626062,189,1204,floor_proxy_penalized,8.0,0.0,1.0,1.0,0.1,0.0,0.5,0.5,426,0.011189720813002877,0.358728782430092,0.053809317364513796,True
floor_proxy_penalized_s0427,100,15,0.15,3.933333333333333,112.14510647453316,13.676086411264626,0.28275169149649426,0.20845365503597346,0.20040137597682223,0.08784616137500872,0.673863692377116,0.2643328539531447,0.6146854566810708,0.1074118170907772,0.85,0.0,0.0,0.04666666666666666,0.7066666666666668,0.5566666666666665,0.017676761852560084,0.002651514277884013,188,1189,floor_proxy_penalized,8.0,0.0,1.0,1.0,0.1,0.01,0.5,0.5,427,0.010968050031948395,0.3611043395358925,0.05416565093038387,False
floor_proxy_penalized_s0428,100,15,0.15,4.066666666666666,114.7029986674743,13.99738349800295,0.28616053396237606,0.2159002148116859,0.20508121677632146,0.09669686105790606,0.6827015535867854,0.2672256363454898,0.6238873042162515,0.10525646808058915,0.8533333333333334,0.0,0.0,0.04666666666666666,0.7122222222222223,0.5411111111111111,0.017148279435509523,0.0025722419153264287,187,1027,floor_proxy_penalized,8.0,0.0,1.0,1.0,0.1,0.05,0.5,0.5,428,0.010716288513592626,0.361751841873157,0.05426277628097355,True
floor_proxy_penalized_s0429,100,15,0.15,4.333333333333333,127.62776806577429,15.922395335934345,0.3074767379226239,0.25880157008798876,0.20314430369218253,0.09100205148866183,0.7509558304336305,0.24228790289675034,0.6130107856730663,0.10817908230827682,0.8044444444444444,0.0,0.0,0.035555555555555556,0.6933333333333335,0.4455555555555556,0.01478400303304398,0.002217600454956597,187,1018,floor_proxy_penalized,8.0,0.0,1.0,1.0,0.2,0.0,0.5,0.5,429,0.009420693107743253,0.38572250808936753,0.05785837621340513,True
floor_proxy_penalized_s0430,100,15,0.15,4.4,129.34474314123406,16.19332155538307,0.3083953375793239,0.259585218719123,0.204412132713771,0.09662767441586376,0.7515284797804559,0.2412065487997616,0.6123880904670377,0.10786710527534345,0.7955555555555555,0.0,0.0,0.035555555555555556,0.7000000000000001,0.44333333333333336,0.014684356021617214,0.0022026534032425814,186,1006,floor_proxy_penalized,8.0,0.0,1.0,1.0,0.2,0.01,0.5,0.5,430,0.009263077960070287,0.38657724806435656,0.05798658720965348,True
floor_proxy_penalized_s0431,100,15,0.15,4.333333333333333,130.68238431960646,16.41089821578271,0.30747682562507045,0.25850324729213964,0.20681789003425619,0.10756604887744518,0.7427852400465735,0.24588327951100705,0.5917683367639507,0.11298063301466137,0.8022222222222222,0.0,0.0,0.04888888888888889,0.6655555555555556,0.38555555555555554,0.014717357632077741,0.0022076036448116614,185,892,floor_proxy_penalized,8.0,0.0,1.0,1.0,0.2,0.05,0.5,0.5,431,0.009140267523915408,0.38973089413194584,0.058459634119791874,False
floor_proxy_penalized_s0432,100,16,0.16,3.375,83.21169978068025,11.155348941814836,0.2279413519461575,0.10430482196278629,0.15076302756869794,0.041356388465737845,0.5631560979531213,0.35976819272102467,0.686223737625392,0.09660058402191066,0.8885416666666667,0.0,0.0,0.26979166666666665,0.81875,0.47916666666666663,0.01290475749602103,0.002064761199363365,191,1897,floor_proxy_penalized,8.0,1.0,0.0,0.0,0.0,0.0,0.5,0.5,432,0.01434289512901333,0.2555969032396302,0.040895504518340835,True
floor_proxy_penalized_s0433,100,15,0.15,3.7333333333333334,90.47685731317578,12.638496289852243,0.2596150260402885,0.1501588066548141,0.18537680689385466,0.0709469884045099,0.6268719583440178,0.3013706274051449,0.6171253506173525,0.1069272328909928,0.8711111111111111,0.0,0.0,0.11777777777777777,0.7211111111111113,0.5733333333333331,0.017385094710602494,0.002607764206590374,188,1322,floor_proxy_penalized,8.0,1.0,0.0,0.0,0.0,0.01,0.5,0.5,433,0.011868500536763906,0.32510712270973374,0.04876606840646006,True
floor_proxy_penalized_s0434,100,15,0.15,3.8666666666666667,94.62501697464498,13.36572301634248,0.2724918691268075,0.17187568064858932,0.19547933862946648,0.09107830508468112,0.6644723995573681,0.29126671309113783,0.6398338520736611,0.10048187137893412,0.8744444444444445,0.0,0.0,0.09111111111111111,0.7433333333333334,0.4811111111111111,0.01697745076610199,0.0025466176149152985,187,1110,floor_proxy_penalized,8.0,1.0,0.0,0.0,0.0,0.05,0.5,0.5,434,0.011222737431906424,0.33169322607783336,0.049753983911675,False
floor_proxy_penalized_s0435,100,15,0.15,3.8,93.24334681301684,13.150649907266576,0.2722927357599483,0.19595706394489112,0.187150219921687,0.07887965894645863,0.6628195364576228,0.271110408005725,0.6140756811080598,0.1079795247168973,0.8900000000000001,0.0,0.0,0.060000000000000005,0.6833333333333333,0.4966666666666667,0.017729604452135242,0.0026594406678202864,189,1258,floor_proxy_penalized,8.0,1.0,0.0,0.0,0.05,0.0,0.5,0.5,435,0.011406280378364829,0.3499547901066489,0.052493218515997336,True
floor_proxy_penalized_s0436,100,15,0.15,3.8666666666666667,94.96350475564803,13.47998720770824,0.2763720896329184,0.19595706394489112,0.19743053699596366,0.08797156132893126,0.6625373754439742,0.27435631120223025,0.6148577648081002,0.10568929482954298,0.8633333333333333,0.0,0.0,0.07333333333333333,0.6866666666666668,0.49333333333333335,0.017608870595231522,0.0026413305892847277,188,1243,floor_proxy_penalized,8.0,1.0,0.0,0.0,0.05,0.01,0.5,0.5,436,0.011127606999079772,0.35401085352150424,0.053101628028225635,False
floor_proxy_penalized_s0437,100,15,0.15,4.0,97.03253834232487,13.801284294446567,0.27978093209880023,0.20340362372060355,0.2021103777954629,0.0968222610118286,0.6713752366536435,0.27724909359457534,0.6240596123432809,0.10353394581935493,0.8666666666666667,0.0,0.0,0.07333333333333333,0.6922222222222222,0.4777777777777778,0.017080388178180958,0.0025620582267271443,187,1071,floor_proxy_penalized,8.0,1.0,0.0,0.0,0.05,0.05,0.5,0.5,437,0.010868553737448751,0.3546583558587688,0.05319875337881532,False
floor_proxy_penalized_s0438,100,15,0.15,3.8666666666666667,93.76185435222764,13.30356622958602,0.2772735949924787,0.20845365503597346,0.18724790868293312,0.07875425899253609,0.6747067459542052,0.2642963746464541,0.6158282757356542,0.10822025828220667,0.8900000000000001,0.0,0.0,0.04666666666666666,0.7033333333333335,0.5466666666666666,0.017743794784904957,0.0026615692177357434,189,1204,floor_proxy_penalized,8.0,1.0,0.0,0.0,0.1,0.0,0.5,0.5,438,0.011275172191529556,0.35114031274378127,0.05267104691156719,True
floor_proxy_penalized_s0439,100,15,0.15,3.933333333333333,95.48201229485883,13.632903530027683,0.28135294886544887,0.20845365503597346,0.1975282257572098,0.08784616137500872,0.6744245849405565,0.2675422778429594,0.6166103594356948,0.10593002839485235,0.8633333333333333,0.0,0.0,0.05999999999999999,0.7066666666666668,0.5433333333333332,0.017623060928001234,0.002643459139200185,188,1189,floor_proxy_penalized,8.0,1.0,0.0,0.0,0.1,0.01,0.5,0.5,439,0.011002791860854268,0.35519637615863664,0.053279456423795495,False
floor_proxy_penalized_s0440,100,15,0.15,4.066666666666666,97.55104588153569,13.954200616766007,0.28476179133133067,0.2159002148116859,0.20220806655670903,0.09669686105790606,0.6832624461502259,0.2704350602353045,0.6258122069708757,0.10377467938466431,0.8666666666666667,0.0,0.0,0.05999999999999999,0.7122222222222223,0.5277777777777778,0.017094578510950673,0.0025641867766426013,187,1027,floor_proxy_penalized,8.0,1.0,0.0,0.0,0.1,0.05,0.5,0.5,440,0.010749451302840997,0.35584387849590116,0.05337658177438517,True
floor_proxy_penalized_s0441,100,15,0.15,4.4,108.59150729981857,15.85275053219862,0.30434022206990896,0.25880157008798876,0.1906492787191531,0.08798678781983413,0.7502903199987382,0.2317653289847245,0.5963664855096743,0.11190377144264478,0.8377777777777777,0.0,0.0,0.024444444444444446,0.6600000000000001,0.4677777777777778,0.013153263780573963,0.0019729895670860943,187,1018,floor_proxy_penalized,8.0,1.0,0.0,0.0,0.2,0.0,0.5,0.5,441,0.009462080393893417,0.3854457253169839,0.05781685879754758,True
floor_proxy_penalized_s0442,100,15,0.15,4.4,110.21460131470641,16.150138674146127,0.3072297187201195,0.259585218719123,0.20201784086409397,0.09662767441586376,0.7519958902499897,0.24388106870794057,0.6139921760958912,0.10663228136207274,0.8066666666666665,0.0,0.0,0.04666666666666666,0.7000000000000001,0.43222222222222223,0.01466984436249807,0.00220047665437471,186,1006,floor_proxy_penalized,8.0,1.0,0.0,0.0,0.2,0.01,0.5,0.5,442,0.009287845945256605,0.3816539452499767,0.0572480917874965,True
floor_proxy_penalized_s0443,100,15,0.15,4.333333333333333,111.69452249220572,16.41089821578271,0.30747682562507045,0.25850324729213964,0.20681789003425619,0.10756604887744518,0.7427852400465735,0.24588327951100705,0.5917683367639507,0.11298063301466137,0.8022222222222222,0.0,0.0,0.04888888888888889,0.6655555555555556,0.38555555555555554,0.014717357632077741,0.0022076036448116614,185,892,floor_proxy_penalized,8.0,1.0,0.0,0.0,0.2,0.05,0.5,0.5,443,0.009140267523915408,0.38973089413194584,0.058459634119791874,False
floor_proxy_penalized_s0444,100,16,0.16,3.375,92.7735175071105,11.25059328140535,0.23162133607875185,0.10430482196278629,0.16133397922327947,0.04527772096773777,0.5614622441625247,0.36152965839058615,0.6878162607068856,0.09591876181841894,0.8635416666666667,0.0,0.0,0.26979166666666665,0.81875,0.49166666666666664,0.01302795657243892,0.002084473051590227,191,1897,floor_proxy_penalized,8.0,1.0,0.0,1.0,0.0,0.0,0.5,0.5,444,0.014221472236885791,0.2627110935705465,0.04203377497128744,True
floor_proxy_penalized_s0445,100,15,0.15,3.7333333333333334,101.11675372796775,12.681679171089185,0.26101376867133386,0.1501588066548141,0.1882499571134671,0.0709469884045099,0.6263110657805774,0.2981612035153302,0.6152004478627284,0.10840902158691765,0.8577777777777779,0.0,0.0,0.10444444444444442,0.7211111111111113,0.5866666666666666,0.017438795635161344,0.0026158193452742017,188,1322,floor_proxy_penalized,8.0,1.0,0.0,1.0,0.0,0.01,0.5,0.5,445,0.011828086641866766,0.3310150860869895,0.049652262913048424,True
floor_proxy_penalized_s0446,100,15,0.15,3.8666666666666667,105.99214011592719,13.408905897579421,0.27389061175785284,0.17187568064858932,0.1983524888490789,0.09107830508468112,0.6639115069939276,0.2880572892013232,0.6379089493190369,0.10196366007485896,0.8611111111111112,0.0,0.0,0.07777777777777777,0.7433333333333334,0.49444444444444446,0.017031151690660842,0.002554672753599126,187,1110,floor_proxy_penalized,8.0,1.0,0.0,1.0,0.0,0.05,0.5,0.5,446,0.011186595024660292,0.33760118945508916,0.05064017841826337,False
floor_proxy_penalized_s0447,100,15,0.15,3.8,104.64106394313397,13.252243869496459,0.27621805216804896,0.19595706394489112,0.19842590168657395,0.08306241361525854,0.6610127590809864,0.27298930471992394,0.6157743723949863,0.10725224769983947,0.8633333333333334,0.0,0.0,0.060000000000000005,0.6833333333333333,0.51,0.017861016800314326,0.0026791525200471488,189,1258,floor_proxy_penalized,8.0,1.0,0.0,1.0,0.05,0.0,0.5,0.5,447,0.0113188378871645,0.35754325979295964,0.053631488968943944,True
floor_proxy_penalized_s0448,100,15,0.15,3.8666666666666667,106.25144910122695,13.523170088945182,0.2777708322639638,0.19595706394489112,0.2003036872155761,0.08797156132893126,0.6619764828805336,0.2711468873124155,0.612932862053476,0.10717108352546782,0.85,0.0,0.0,0.060000000000000005,0.6866666666666668,0.5066666666666667,0.017662571519790376,0.002649385727968556,188,1243,floor_proxy_penalized,8.0,1.0,0.0,1.0,0.05,0.01,0.5,0.5,448,0.011092073752930228,0.3599188168987601,0.05398782253481401,False
floor_proxy_penalized_s0449,100,15,0.15,4.0,108.64177977464215,13.84446717568351,0.28117967472984556,0.20340362372060355,0.20498352801507533,0.0968222610118286,0.6708143440902031,0.27403966970476057,0.6221347095886569,0.10501573451527978,0.8533333333333334,0.0,0.0,0.060000000000000005,0.6922222222222222,0.49111111111111116,0.01713408910273981,0.0025701133654109716,187,1071,floor_proxy_penalized,8.0,1.0,0.0,1.0,0.05,0.05,0.5,0.5,449,0.010834653157577688,0.36056631923602467,0.054084947885403696,False
floor_proxy_penalized_s0450,100,15,0.15,3.8666666666666667,105.31248780466424,13.405160191815899,0.28119891140057945,0.20845365503597346,0.19852359044782006,0.08293701366133602,0.6728999685775688,0.2661752713606531,0.6175269670225809,0.10749298126514885,0.8633333333333334,0.0,0.0,0.04666666666666666,0.7033333333333335,0.5599999999999999,0.01787520713308404,0.0026812810699626062,189,1204,floor_proxy_penalized,8.0,1.0,0.0,1.0,0.1,0.0,0.5,0.5,450,0.011189720813002877,0.358728782430092,0.053809317364513796,True
floor_proxy_penalized_s0451,100,15,0.15,3.933333333333333,106.92287296275721,13.676086411264626,0.28275169149649426,0.20845365503597346,0.20040137597682223,0.08784616137500872,0.673863692377116,0.2643328539531447,0.6146854566810708,0.1074118170907772,0.85,0.0,0.0,0.04666666666666666,0.7066666666666668,0.5566666666666665,0.017676761852560084,0.002651514277884013,188,1189,floor_proxy_penalized,8.0,1.0,0.0,1.0,0.1,0.01,0.5,0.5,451,0.010968050031948395,0.3611043395358925,0.05416565093038387,False
floor_proxy_penalized_s0452,100,15,0.15,4.066666666666666,109.31320363617239,13.99738349800295,0.28616053396237606,0.2159002148116859,0.20508121677632146,0.09669686105790606,0.6827015535867854,0.2672256363454898,0.6238873042162515,0.10525646808058915,0.8533333333333334,0.0,0.0,0.04666666666666666,0.7122222222222223,0.5411111111111111,0.017148279435509523,0.0025722419153264287,187,1027,floor_proxy_penalized,8.0,1.0,0.0,1.0,0.1,0.05,0.5,0.5,452,0.010716288513592626,0.361751841873157,0.05426277628097355,True
floor_proxy_penalized_s0453,100,15,0.15,4.333333333333333,121.40414155261138,15.922395335934345,0.3074767379226239,0.25880157008798876,0.20314430369218253,0.09100205148866183,0.7509558304336305,0.24228790289675034,0.6130107856730663,0.10817908230827682,0.8044444444444444,0.0,0.0,0.035555555555555556,0.6933333333333335,0.4455555555555556,0.01478400303304398,0.002217600454956597,187,1018,floor_proxy_penalized,8.0,1.0,0.0,1.0,0.2,0.0,0.5,0.5,453,0.009420693107743253,0.38572250808936753,0.05785837621340513,True
floor_proxy_penalized_s0454,100,15,0.15,4.4,123.01452671070435,16.19332155538307,0.3083953375793239,0.259585218719123,0.204412132713771,0.09662767441586376,0.7515284797804559,0.2412065487997616,0.6123880904670377,0.10786710527534345,0.7955555555555555,0.0,0.0,0.035555555555555556,0.7000000000000001,0.44333333333333336,0.014684356021617214,0.0022026534032425814,186,1006,floor_proxy_penalized,8.0,1.0,0.0,1.0,0.2,0.01,0.5,0.5,454,0.009263077960070287,0.38657724806435656,0.05798658720965348,True
floor_proxy_penalized_s0455,100,15,0.15,4.333333333333333,124.68868949152314,16.422905512828482,0.30711442071983985,0.25850324729213964,0.20805862565902064,0.10645899757761917,0.740887061930741,0.24541636676162812,0.5993600433030257,0.11181012418734086,0.8022222222222222,0.0,0.0,0.04888888888888889,0.678888888888889,0.38555555555555554,0.014710126663865,0.0022065189995797495,185,892,floor_proxy_penalized,8.0,1.0,0.0,1.0,0.2,0.05,0.5,0.5,455,0.009133584790025734,0.3873123745902321,0.058096856188534815,False
floor_proxy_penalized_s0456,100,16,0.16,3.375,91.0434993253925,11.1788979298695,0.22746511104754225,0.10430482196278629,0.15127682275344229,0.041356388465737845,0.5595827545293488,0.35680560651731674,0.678127146716301,0.09731433263233297,0.8885416666666667,0.0,0.0,0.26979166666666665,0.803125,0.4479166666666667,0.01290475749602103,0.002064761199363365,191,1897,floor_proxy_penalized,8.0,1.0,1.0,0.0,0.0,0.0,0.5,0.5,456,0.014312680999840547,0.2588246622765791,0.041411945964252656,False
floor_proxy_penalized_s0457,100,15,0.15,3.6,98.44044342552361,12.501281893496776,0.25090491362665274,0.1395636762864353,0.17968511279739488,0.0685486352956359,0.6071983476802658,0.31279432286274883,0.6138348258304398,0.11102887891968664,0.8977777777777778,0.0,0.0,0.12666666666666665,0.7255555555555556,0.5333333333333333,0.01721063385539565,0.002581595078309347,188,1322,floor_proxy_penalized,8.0,1.0,1.0,0.0,0.0,0.01,0.5,0.5,457,0.011998769508431826,0.31384975781676594,0.04707746367251489,True
floor_proxy_penalized_s0458,100,15,0.15,3.8666666666666667,103.58577646704308,13.408905897579421,0.27389061175785284,0.17187568064858932,0.1983524888490789,0.09107830508468112,0.6639115069939276,0.2880572892013232,0.6379089493190369,0.10196366007485896,0.8611111111111112,0.0,0.0,0.07777777777777777,0.7433333333333334,0.49444444444444446,0.017031151690660842,0.002554672753599126,187,1110,floor_proxy_penalized,8.0,1.0,1.0,0.0,0.0,0.05,0.5,0.5,458,0.011186595024660292,0.33760118945508916,0.05064017841826337,False
floor_proxy_penalized_s0459,100,15,0.15,3.8,101.75256060929922,13.150649907266576,0.2722927357599483,0.19595706394489112,0.187150219921687,0.07887965894645863,0.6628195364576228,0.271110408005725,0.6140756811080598,0.1079795247168973,0.8900000000000001,0.0,0.0,0.060000000000000005,0.6833333333333333,0.4966666666666667,0.017729604452135242,0.0026594406678202864,189,1258,floor_proxy_penalized,8.0,1.0,1.0,0.0,0.05,0.0,0.5,0.5,459,0.011406280378364829,0.3499547901066489,0.052493218515997336,True
floor_proxy_penalized_s0460,100,15,0.15,3.8666666666666667,103.72168276168908,13.523170088945182,0.2777708322639638,0.19595706394489112,0.2003036872155761,0.08797156132893126,0.6619764828805336,0.2711468873124155,0.612932862053476,0.10717108352546782,0.85,0.0,0.0,0.060000000000000005,0.6866666666666668,0.5066666666666667,0.017662571519790376,0.002649385727968556,188,1243,floor_proxy_penalized,8.0,1.0,1.0,0.0,0.05,0.01,0.5,0.5,460,0.011092073752930228,0.3599188168987601,0.05398782253481401,False
floor_proxy_penalized_s0461,100,15,0.15,4.0,106.08879600290523,13.84446717568351,0.28117967472984556,0.20340362372060355,0.20498352801507533,0.0968222610118286,0.6708143440902031,0.27403966970476057,0.6221347095886569,0.10501573451527978,0.8533333333333334,0.0,0.0,0.060000000000000005,0.6922222222222222,0.49111111111111116,0.01713408910273981,0.0025701133654109716,187,1071,floor_proxy_penalized,8.0,1.0,1.0,0.0,0.05,0.05,0.5,0.5,461,0.010834653157577688,0.36056631923602467,0.054084947885403696,False
floor_proxy_penalized_s0462,100,15,0.15,3.8666666666666667,102.33288895603938,13.30356622958602,0.2772735949924787,0.20845365503597346,0.18724790868293312,0.07875425899253609,0.6747067459542052,0.2642963746464541,0.6158282757356542,0.10822025828220667,0.8900000000000001,0.0,0.0,0.04666666666666666,0.7033333333333335,0.5466666666666666,0.017743794784904957,0.0026615692177357434,189,1204,floor_proxy_penalized,8.0,1.0,1.0,0.0,0.1,0.0,0.5,0.5,462,0.011275172191529556,0.35114031274378127,0.05267104691156719,True
floor_proxy_penalized_s0463,100,15,0.15,3.933333333333333,104.30201110842923,13.676086411264626,0.28275169149649426,0.20845365503597346,0.20040137597682223,0.08784616137500872,0.673863692377116,0.2643328539531447,0.6146854566810708,0.1074118170907772,0.85,0.0,0.0,0.04666666666666666,0.7066666666666668,0.5566666666666665,0.017676761852560084,0.002651514277884013,188,1189,floor_proxy_penalized,8.0,1.0,1.0,0.0,0.1,0.01,0.5,0.5,463,0.010968050031948395,0.3611043395358925,0.05416565093038387,False
floor_proxy_penalized_s0464,100,15,0.15,4.066666666666666,106.66912434964539,13.99738349800295,0.28616053396237606,0.2159002148116859,0.20508121677632146,0.09669686105790606,0.6827015535867854,0.2672256363454898,0.6238873042162515,0.10525646808058915,0.8533333333333334,0.0,0.0,0.04666666666666666,0.7122222222222223,0.5411111111111111,0.017148279435509523,0.0025722419153264287,187,1027,floor_proxy_penalized,8.0,1.0,1.0,0.0,0.1,0.05,0.5,0.5,464,0.010716288513592626,0.361751841873157,0.05426277628097355,True
floor_proxy_penalized_s0465,100,15,0.15,4.4,118.52446147369182,15.89593341343556,0.30550584092911337,0.25880157008798876,0.19304357056883015,0.08798678781983413,0.7498229095292044,0.22909080907654553,0.5947623998808209,0.11313859535591549,0.8266666666666667,0.0,0.0,0.013333333333333334,0.6600000000000001,0.4788888888888889,0.013167775439693108,0.001975166315953966,187,1018,floor_proxy_penalized,8.0,1.0,1.0,0.0,0.2,0.0,0.5,0.5,465,0.009436375713125283,0.39036902813136376,0.058555354219704564,False
floor_proxy_penalized_s0466,100,15,0.15,4.466666666666667,120.50454537664535,16.208405918639993,0.3076579522060848,0.259585218719123,0.19956563126297028,0.09662767441586376,0.7496943370910234,0.22860008276862975,0.5990477595828473,0.11138318311584121,0.8177777777777777,0.0,0.0,0.013333333333333334,0.6833333333333335,0.4766666666666667,0.013197879527703535,0.00197968192915553,186,1006,floor_proxy_penalized,8.0,1.0,1.0,0.0,0.2,0.01,0.5,0.5,466,0.009254457270686748,0.3889412811075298,0.058341192166129464,False
floor_proxy_penalized_s0467,100,15,0.15,4.4,121.6857121877701,16.425982579039633,0.30673944025183125,0.25850324729213964,0.20197138858345548,0.10756604887744518,0.7409510973571408,0.2332768134798752,0.5784280058797602,0.11649671085515913,0.8244444444444444,0.0,0.0,0.02666666666666667,0.648888888888889,0.41888888888888887,0.013230881138164062,0.0019846321707246094,185,892,floor_proxy_penalized,8.0,1.0,1.0,0.0,0.2,0.05,0.5,0.5,467,0.009131873802874198,0.39209492717511896,0.058814239076267844,False
floor_proxy_penalized_s0468,100,16,0.16,3.375,100.6868208152811,11.274142269460015,0.23114509518013665,0.10430482196278629,0.1618477744080238,0.04527772096773777,0.5578889007387522,0.35856707218687833,0.6797196697977947,0.09663251042884127,0.8635416666666667,0.0,0.0,0.26979166666666665,0.803125,0.4604166666666667,0.01302795657243892,0.002084473051590227,191,1897,floor_proxy_penalized,8.0,1.0,1.0,1.0,0.0,0.0,0.5,0.5,468,0.01419176698110475,0.26593885260749534,0.042550216417199256,False
floor_proxy_penalized_s0469,100,15,0.15,3.7333333333333334,109.20132859855293,12.681679171089185,0.26101376867133386,0.1501588066548141,0.1882499571134671,0.0709469884045099,0.6263110657805774,0.2981612035153302,0.6152004478627284,0.10840902158691765,0.8577777777777779,0.0,0.0,0.10444444444444442,0.7211111111111113,0.5866666666666666,0.017438795635161344,0.0026158193452742017,188,1322,floor_proxy_penalized,8.0,1.0,1.0,1.0,0.0,0.01,0.5,0.5,469,0.011828086641866766,0.3310150860869895,0.049652262913048424,True
floor_proxy_penalized_s0470,100,15,0.15,3.8666666666666667,114.9491337876024,13.408905897579421,0.27389061175785284,0.17187568064858932,0.1983524888490789,0.09107830508468112,0.6639115069939276,0.2880572892013232,0.6379089493190369,0.10196366007485896,0.8611111111111112,0.0,0.0,0.07777777777777777,0.7433333333333334,0.49444444444444446,0.017031151690660842,0.002554672753599126,187,1110,floor_proxy_penalized,8.0,1.0,1.0,1.0,0.0,0.05,0.5,0.5,470,0.011186595024660292,0.33760118945508916,0.05064017841826337,False
floor_proxy_penalized_s0471,100,15,0.15,3.8,113.27523130823369,13.252243869496459,0.27621805216804896,0.19595706394489112,0.19842590168657395,0.08306241361525854,0.6610127590809864,0.27298930471992394,0.6157743723949863,0.10725224769983947,0.8633333333333334,0.0,0.0,0.060000000000000005,0.6833333333333333,0.51,0.017861016800314326,0.0026791525200471488,189,1258,floor_proxy_penalized,8.0,1.0,1.0,1.0,0.05,0.0,0.5,0.5,471,0.0113188378871645,0.35754325979295964,0.053631488968943944,True
floor_proxy_penalized_s0472,100,15,0.15,3.8666666666666667,115.00586128654517,13.523170088945182,0.2777708322639638,0.19595706394489112,0.2003036872155761,0.08797156132893126,0.6619764828805336,0.2711468873124155,0.612932862053476,0.10717108352546782,0.85,0.0,0.0,0.060000000000000005,0.6866666666666668,0.5066666666666667,0.017662571519790376,0.002649385727968556,188,1243,floor_proxy_penalized,8.0,1.0,1.0,1.0,0.05,0.01,0.5,0.5,472,0.011092073752930228,0.3599188168987601,0.05398782253481401,False
floor_proxy_penalized_s0473,100,15,0.15,4.0,117.69427161449964,13.84446717568351,0.28117967472984556,0.20340362372060355,0.20498352801507533,0.0968222610118286,0.6708143440902031,0.27403966970476057,0.6221347095886569,0.10501573451527978,0.8533333333333334,0.0,0.0,0.060000000000000005,0.6922222222222222,0.49111111111111116,0.01713408910273981,0.0025701133654109716,187,1071,floor_proxy_penalized,8.0,1.0,1.0,1.0,0.05,0.05,0.5,0.5,473,0.010834653157577688,0.36056631923602467,0.054084947885403696,False
floor_proxy_penalized_s0474,100,15,0.15,3.8666666666666667,114.00847597729329,13.405160191815899,0.28119891140057945,0.20845365503597346,0.19852359044782006,0.08293701366133602,0.6728999685775688,0.2661752713606531,0.6175269670225809,0.10749298126514885,0.8633333333333334,0.0,0.0,0.04666666666666666,0.7033333333333335,0.5599999999999999,0.01787520713308404,0.0026812810699626062,189,1204,floor_proxy_penalized,8.0,1.0,1.0,1.0,0.1,0.0,0.5,0.5,474,0.011189720813002877,0.358728782430092,0.053809317364513796,True
floor_proxy_penalized_s0475,100,15,0.15,3.933333333333333,115.73910595560474,13.676086411264626,0.28275169149649426,0.20845365503597346,0.20040137597682223,0.08784616137500872,0.673863692377116,0.2643328539531447,0.6146854566810708,0.1074118170907772,0.85,0.0,0.0,0.04666666666666666,0.7066666666666668,0.5566666666666665,0.017676761852560084,0.002651514277884013,188,1189,floor_proxy_penalized,8.0,1.0,1.0,1.0,0.1,0.01,0.5,0.5,475,0.010968050031948395,0.3611043395358925,0.05416565093038387,False
floor_proxy_penalized_s0476,100,15,0.15,4.066666666666666,118.42751628355924,13.99738349800295,0.28616053396237606,0.2159002148116859,0.20508121677632146,0.09669686105790606,0.6827015535867854,0.2672256363454898,0.6238873042162515,0.10525646808058915,0.8533333333333334,0.0,0.0,0.04666666666666666,0.7122222222222223,0.5411111111111111,0.017148279435509523,0.0025722419153264287,187,1027,floor_proxy_penalized,8.0,1.0,1.0,1.0,0.1,0.05,0.5,0.5,476,0.010716288513592626,0.361751841873157,0.05426277628097355,True
floor_proxy_penalized_s0477,100,15,0.15,4.333333333333333,131.6305980880457,15.922395335934345,0.3074767379226239,0.25880157008798876,0.20314430369218253,0.09100205148866183,0.7509558304336305,0.24228790289675034,0.6130107856730663,0.10817908230827682,0.8044444444444444,0.0,0.0,0.035555555555555556,0.6933333333333335,0.4455555555555556,0.01478400303304398,0.002217600454956597,187,1018,floor_proxy_penalized,8.0,1.0,1.0,1.0,0.2,0.0,0.5,0.5,477,0.009420693107743253,0.38572250808936753,0.05785837621340513,True
floor_proxy_penalized_s0478,100,15,0.15,4.4,133.3612280663571,16.19332155538307,0.3083953375793239,0.259585218719123,0.204412132713771,0.09662767441586376,0.7515284797804559,0.2412065487997616,0.6123880904670377,0.10786710527534345,0.7955555555555555,0.0,0.0,0.035555555555555556,0.7000000000000001,0.44333333333333336,0.014684356021617214,0.0022026534032425814,186,1006,floor_proxy_penalized,8.0,1.0,1.0,1.0,0.2,0.01,0.5,0.5,478,0.009263077960070287,0.38657724806435656,0.05798658720965348,True
floor_proxy_penalized_s0479,100,15,0.15,4.333333333333333,134.79538160512777,16.41089821578271,0.30747682562507045,0.25850324729213964,0.20681789003425619,0.10756604887744518,0.7427852400465735,0.24588327951100705,0.5917683367639507,0.11298063301466137,0.8022222222222222,0.0,0.0,0.04888888888888889,0.6655555555555556,0.38555555555555554,0.014717357632077741,0.0022076036448116614,185,892,floor_proxy_penalized,8.0,1.0,1.0,1.0,0.2,0.05,0.5,0.5,479,0.009140267523915408,0.38973089413194584,0.058459634119791874,False
