env,seed,variant,fallback_mode,task_id,episode_id,success,primary_failure_type,first_failure_step,first_failed_subgoal_idx,subgoal_reach_rate,edge_fail_position,initial_goal_dist_phi,best_goal_dist_phi,final_goal_dist_phi,mean_plan_edges,last_plan_edges,replans,local_drift_score,progress_stall_count,oscillation_score
antmaze-medium-navigate-v0,0,gas_shortest,none,1,0,1,SUCCESS,15,,0.6721311475409836,,57.126609802246094,1.7823580503463743,2.4713094234466557,2.7666666666666666,1.0,30.0,1.3441482743413848,14,0.9740472975297862
antmaze-medium-navigate-v0,0,gas_shortest,none,2,1,1,SUCCESS,15,,0.6481481481481481,,56.68645477294922,1.6470696926116943,2.554105043411255,3.4782608695652173,1.0,23.0,4.884295541353798,15,0.9780819407421388
antmaze-medium-navigate-v0,0,gas_shortest,none,3,2,1,SUCCESS,15,,0.6212121212121212,,18.510671615600582,1.7046877145767212,2.3339686393737797,2.806451612903226,1.0,31.0,3.7025130613469055,17,0.9798300958698868
antmaze-medium-navigate-v0,0,gas_shortest,none,4,3,1,SUCCESS,25,,0.5454545454545454,,52.79445266723633,4.2340006828308105,4.2340006828308105,4.521739130434782,1.0,23.0,0.9186709760899344,24,0.9580189855892797
antmaze-medium-navigate-v0,0,gas_shortest,none,5,4,1,SUCCESS,18,,0.9177215189873418,,48.90099334716797,2.680808782577514,2.680808782577514,1.1751824817518248,1.0,137.0,0.9622415051328664,28,0.9644607750484668
antmaze-medium-navigate-v0,0,gas_shortest,none,1,5,1,F6_LONG_PATH_ACCUMULATION,15,,0.7254901960784313,,56.27472686767578,1.1809946298599243,4.218727111816406,2.161290322580645,1.0,62.0,2.5962784464150257,34,0.9850238106270313
antmaze-medium-navigate-v0,0,gas_shortest,none,2,6,1,SUCCESS,15,,0.8229166666666666,,57.10757827758789,2.1065456867218018,4.445826053619385,1.7058823529411764,1.0,68.0,2.9637963257232576,20,0.9862467864208644
antmaze-medium-navigate-v0,0,gas_shortest,none,3,7,1,SUCCESS,15,,0.4516129032258064,,20.820615768432617,1.5711103677749634,1.922224521636963,4.242424242424242,1.0,33.0,0.8237777649182564,37,0.9814406454181821
antmaze-medium-navigate-v0,0,gas_shortest,none,4,8,1,SUCCESS,26,,0.734375,,51.65332412719727,1.5202142000198364,1.6319290399551392,2.25,1.0,36.0,1.0936653198511286,16,0.9459758170271794
antmaze-medium-navigate-v0,0,gas_shortest,none,5,9,1,SUCCESS,15,,0.6875,,48.30514907836914,2.479497194290161,3.4417781829833984,2.347826086956522,1.0,23.0,1.658502348368766,9,0.970641103324073
antmaze-medium-navigate-v0,0,gas_shortest,none,1,10,1,SUCCESS,15,,0.7012987012987013,,58.7996826171875,1.9264036417007449,3.7757272720336914,2.619047619047619,1.0,42.0,1.6463872319906525,19,0.9814817851042222
antmaze-medium-navigate-v0,0,gas_shortest,none,2,11,1,SUCCESS,15,,0.6363636363636364,,56.03352737426758,3.1159603595733643,3.756834030151367,3.333333333333333,1.0,24.0,6.374319190546898,13,0.9786824260771944
antmaze-medium-navigate-v0,0,gas_shortest,none,3,12,0,F4_LOCAL_EXECUTION_DRIFT,15,13,0.0902255639097744,,20.964216232299805,20.54442405700684,30.23863983154297,7.926829268292683,8.0,41.0,1.4781117447331569,700,1.0
antmaze-medium-navigate-v0,0,gas_shortest,none,4,13,1,SUCCESS,19,,0.7435897435897436,,52.07606506347656,1.184977412223816,1.678173542022705,2.234042553191489,1.0,47.0,1.0427443170930806,18,0.9534742458537612
antmaze-medium-navigate-v0,0,gas_shortest,none,5,14,1,SUCCESS,17,,0.7346938775510204,,49.59168243408203,1.919709086418152,2.619627952575684,2.2,1.0,25.0,2.434308232940072,12,0.9574623989329568
antmaze-medium-navigate-v0,0,gas_shortest,none,1,15,1,SUCCESS,15,,0.5757575757575758,,58.259674072265625,1.7632577419281006,1.846066236495972,4.1923076923076925,1.0,26.0,6.810250745076321,18,0.9786313061411664
antmaze-medium-navigate-v0,0,gas_shortest,none,2,16,1,SUCCESS,15,,0.6153846153846154,,57.72402572631836,4.771059989929199,4.771059989929199,4.2105263157894735,1.0,19.0,3.33730867598336,14,0.9928540755493416
antmaze-medium-navigate-v0,0,gas_shortest,none,3,17,1,SUCCESS,16,,0.7346938775510204,,23.54807472229004,2.235743761062622,2.235743761062622,1.7096774193548387,1.0,31.0,0.9763431278287176,9,0.9399525573513041
antmaze-medium-navigate-v0,0,gas_shortest,none,4,18,1,F4_LOCAL_EXECUTION_DRIFT,15,,0.4487179487179487,,50.83554458618164,3.75446343421936,4.063505172729492,4.333333333333333,1.0,27.0,1.0843676785102647,29,0.9766270875721462
antmaze-medium-navigate-v0,0,gas_shortest,none,5,19,1,SUCCESS,15,,0.8505747126436781,,48.74065780639648,2.441927909851074,3.750373363494873,1.484375,1.0,64.0,2.5463428476422547,16,0.9772713973946432
antmaze-medium-navigate-v0,0,gas_shortest,none,1,20,1,SUCCESS,17,,0.8235294117647058,,57.099082946777344,1.102653741836548,1.6558561325073242,1.6666666666666667,1.0,84.0,3.9096110978007,38,0.9742236986972126
antmaze-medium-navigate-v0,0,gas_shortest,none,2,21,1,SUCCESS,15,,0.896774193548387,,57.354339599609375,2.9472718238830566,2.9472718238830566,1.3228346456692914,1.0,127.0,1.892990868404872,27,0.9890511026047748
antmaze-medium-navigate-v0,0,gas_shortest,none,3,22,0,F4_LOCAL_EXECUTION_DRIFT,15,41,0.2515723270440251,,19.33036231994629,19.060306549072266,26.344579696655277,8.95,9.0,40.0,0.5516555190542467,367,1.0
antmaze-medium-navigate-v0,0,gas_shortest,none,4,23,1,SUCCESS,27,,0.5060240963855421,,51.37210464477539,3.219062328338623,3.715416431427002,3.9696969696969697,1.0,33.0,1.9421264266373388,33,0.9722940984421302
antmaze-medium-navigate-v0,0,gas_shortest,none,5,24,1,SUCCESS,15,,0.6666666666666666,,50.13130187988281,2.018866539001465,2.485520601272583,2.52,1.0,25.0,2.9080734607958245,15,0.9747034527594345
antmaze-medium-navigate-v0,0,gas_shortest,none,1,25,1,SUCCESS,16,,0.6933333333333334,,57.34819030761719,0.9360679388046264,3.309955358505249,2.65,1.0,40.0,1.670042944319596,16,0.9779093984080177
antmaze-medium-navigate-v0,0,gas_shortest,none,2,26,1,SUCCESS,15,,0.64,,57.2656135559082,2.956077337265014,2.956077337265014,3.8947368421052633,1.0,19.0,1.2368864983860348,12,0.9825706004881865
antmaze-medium-navigate-v0,0,gas_shortest,none,3,27,1,SUCCESS,15,,0.5660377358490566,,19.959423065185547,2.198469638824463,2.369959831237793,2.869565217391304,1.0,23.0,1.039377153762211,15,0.9669744568674712
antmaze-medium-navigate-v0,0,gas_shortest,none,4,28,1,SUCCESS,30,,0.4054054054054054,,53.11467742919922,1.2758780717849731,1.6176749467849731,5.357142857142857,1.0,56.0,1.757738466709463,54,0.9835253617246102
antmaze-medium-navigate-v0,0,gas_shortest,none,5,29,1,SUCCESS,15,,0.8,,49.640907287597656,3.1291942596435547,3.6571805477142334,1.626865671641791,1.0,67.0,2.54953660220902,22,0.97526160188442
antmaze-medium-navigate-v0,0,gas_shortest,none,1,30,1,SUCCESS,15,,0.6060606060606061,,57.39628219604492,1.2192646265029907,2.66729998588562,3.071428571428572,1.0,28.0,4.317996826862385,20,0.9789376346842226
antmaze-medium-navigate-v0,0,gas_shortest,none,2,31,0,F4_LOCAL_EXECUTION_DRIFT,15,5,0.0310077519379844,,57.27762222290039,53.51944732666016,57.36936569213867,13.952380952380953,14.0,42.0,1.0330613921026714,911,1.0
antmaze-medium-navigate-v0,0,gas_shortest,none,3,32,1,SUCCESS,15,,0.6565656565656566,,22.089200973510746,2.4091598987579346,2.96004319190979,2.0847457627118646,1.0,59.0,1.0538178878548117,23,0.991048164890077
antmaze-medium-navigate-v0,0,gas_shortest,none,4,33,1,SUCCESS,29,,0.639344262295082,,51.45210647583008,2.5521464347839355,2.5521464347839355,3.392857142857143,1.0,28.0,1.7275346003828111,15,0.9449460464126885
antmaze-medium-navigate-v0,0,gas_shortest,none,5,34,1,SUCCESS,15,,0.891156462585034,,47.451263427734375,2.5012576580047607,5.996799945831299,1.2704918032786885,1.0,122.0,2.302579750355024,26,0.9924800530505076
antmaze-medium-navigate-v0,0,gas_shortest,none,1,35,1,SUCCESS,18,,0.6931818181818182,,57.791622161865234,0.985634982585907,0.985634982585907,2.4791666666666665,1.0,48.0,2.0445354188415124,16,0.9697645508269034
antmaze-medium-navigate-v0,0,gas_shortest,none,2,36,1,SUCCESS,15,,0.8881578947368421,,57.16350936889648,0.7095801830291748,6.336267471313477,1.4390243902439024,1.0,123.0,4.477319863276613,33,0.9946553595577828
antmaze-medium-navigate-v0,0,gas_shortest,none,3,37,1,SUCCESS,15,,0.5901639344262295,,24.986778259277344,1.835961103439331,1.9165871143341064,3.074074074074074,1.0,27.0,1.278510454505666,16,0.9876564697218726
antmaze-medium-navigate-v0,0,gas_shortest,none,4,38,1,F4_LOCAL_EXECUTION_DRIFT,29,,0.6629213483146067,,50.0196647644043,1.0909641981124878,1.0909641981124878,2.4081632653061225,1.0,49.0,1.6180719266459107,19,0.9539659861175201
antmaze-medium-navigate-v0,0,gas_shortest,none,5,39,1,SUCCESS,23,,0.9288888888888888,,49.30146789550781,1.8506993055343628,4.448967456817627,1.1691542288557213,1.0,201.0,6.146331343950467,49,0.9759135041953874
antmaze-medium-navigate-v0,0,gas_shortest,none,1,40,1,SUCCESS,21,,0.7023809523809523,,58.32991409301758,1.5450952053070068,2.835244417190552,2.4347826086956523,1.0,46.0,7.521326715961422,19,0.9741085751296324
antmaze-medium-navigate-v0,0,gas_shortest,none,2,41,1,SUCCESS,15,,0.7419354838709677,,57.084869384765625,1.9895446300506592,2.2515885829925537,2.363636363636364,1.0,33.0,8.93489071926082,15,0.9875635776466402
antmaze-medium-navigate-v0,0,gas_shortest,none,3,42,0,F4_LOCAL_EXECUTION_DRIFT,15,8,0.0542635658914728,,22.088851928710938,18.70650863647461,25.549753189086918,5.195121951219512,5.0,41.0,0.8109626389260873,852,1.0
antmaze-medium-navigate-v0,0,gas_shortest,none,4,43,1,SUCCESS,27,,0.65,,51.21812438964844,4.582910537719727,4.582910537719727,3.25,1.0,28.0,1.0822744507731794,14,0.9523413440139046
antmaze-medium-navigate-v0,0,gas_shortest,none,5,44,1,SUCCESS,17,,0.8208955223880597,,50.010379791259766,1.2422101497650146,1.5236281156539917,1.7045454545454546,1.0,44.0,2.782923867330521,12,0.9568794190842448
antmaze-medium-navigate-v0,0,gas_shortest,none,1,45,1,SUCCESS,15,,0.5822784810126582,,57.28046417236328,1.8285106420516968,2.2707176208496094,3.4166666666666665,1.0,36.0,1.2584109933827516,24,0.9794103502166601
antmaze-medium-navigate-v0,0,gas_shortest,none,2,46,1,SUCCESS,15,,0.6984126984126984,,55.991641998291016,2.532593011856079,3.798539876937866,2.75,1.0,32.0,2.6720986735744785,13,0.9987200342866989
antmaze-medium-navigate-v0,0,gas_shortest,none,3,47,1,SUCCESS,15,,0.4912280701754385,,21.63402557373047,1.4382100105285645,1.4382100105285645,3.6666666666666665,1.0,21.0,1.3656429887864774,25,0.9704564520418172
antmaze-medium-navigate-v0,0,gas_shortest,none,4,48,1,SUCCESS,32,,0.6451612903225806,,50.43089294433594,3.150124311447144,3.491032123565674,2.967741935483871,1.0,31.0,0.9366484288845413,16,0.937409070597896
antmaze-medium-navigate-v0,0,gas_shortest,none,5,49,1,SUCCESS,15,,0.8529411764705882,,47.47443389892578,2.355170726776123,3.4401164054870605,1.3924050632911391,1.0,79.0,2.088978802817959,11,0.9751329944916817
antmaze-medium-navigate-v0,0,gas_shortest,none,1,50,1,SUCCESS,15,,0.7403846153846154,,57.90116882324219,2.2893080711364746,2.63808822631836,2.1515151515151514,1.0,66.0,2.27536682108138,30,0.977225987208994
antmaze-medium-navigate-v0,0,gas_shortest,none,2,51,1,SUCCESS,15,,0.6458333333333334,,55.77318572998047,3.119187593460083,4.083250045776367,3.5789473684210527,1.0,19.0,1.5784914237667225,13,0.9908332453180418
antmaze-medium-navigate-v0,0,gas_shortest,none,3,52,0,F4_LOCAL_EXECUTION_DRIFT,15,11,0.0757575757575757,,23.08620834350586,22.610897064208984,31.451526641845703,7.853658536585366,8.0,41.0,1.496990180145985,828,1.0
antmaze-medium-navigate-v0,0,gas_shortest,none,4,53,1,SUCCESS,19,,0.5398230088495575,,53.069313049316406,1.4258465766906738,2.249516010284424,4.529411764705882,1.0,51.0,1.7198013883059569,35,0.9777423710559096
antmaze-medium-navigate-v0,0,gas_shortest,none,5,54,1,SUCCESS,15,,0.7307692307692307,,49.38376235961914,4.813609600067139,4.813609600067139,2.1785714285714284,1.0,28.0,2.5744755682406444,9,0.9782276293006333
antmaze-medium-navigate-v0,0,gas_shortest,none,1,55,1,SUCCESS,15,,0.7647058823529411,,56.16658020019531,2.264368057250977,3.8681154251098633,2.0,1.0,52.0,2.669295446525273,22,0.9809743795672858
antmaze-medium-navigate-v0,0,gas_shortest,none,2,56,1,SUCCESS,15,,0.6949152542372882,,56.75248718261719,1.4755256175994873,4.105335712432861,2.607142857142857,1.0,28.0,5.5783137882831095,24,1.0
antmaze-medium-navigate-v0,0,gas_shortest,none,3,57,1,SUCCESS,25,,0.4838709677419355,,19.94383430480957,2.4744203090667725,2.493706464767456,3.333333333333333,1.0,27.0,2.0918003277791994,27,0.9611818523184392
antmaze-medium-navigate-v0,0,gas_shortest,none,4,58,1,SUCCESS,27,,0.609375,,51.60794448852539,1.1041820049285889,1.2277441024780271,3.034482758620689,1.0,29.0,2.19638933293134,18,0.945517026573916
antmaze-medium-navigate-v0,0,gas_shortest,none,5,59,1,SUCCESS,20,,0.9615384615384616,,50.32917404174805,1.7308567762374878,4.754702091217041,1.093103448275862,1.0,290.0,2.367948651646778,64,0.9834555522774853
antmaze-medium-navigate-v0,0,gas_shortest,none,1,60,1,SUCCESS,15,,0.7121212121212122,,58.44679641723633,1.6800732612609863,2.291720151901245,2.735294117647059,1.0,34.0,1.8212172971083664,17,0.972310201841563
antmaze-medium-navigate-v0,0,gas_shortest,none,2,61,0,SUCCESS,15,6,0.0390625,,56.60646057128906,51.16719818115234,56.2373161315918,13.975609756097562,14.0,41.0,1.3689381267868885,885,1.0
antmaze-medium-navigate-v0,0,gas_shortest,none,3,62,1,F4_LOCAL_EXECUTION_DRIFT,15,,0.5531914893617021,,18.14742088317871,1.398824691772461,1.4096542596817017,2.6818181818181817,1.0,22.0,0.909579807471948,11,0.9445515651552426
antmaze-medium-navigate-v0,0,gas_shortest,none,4,63,0,F4_LOCAL_EXECUTION_DRIFT,20,24,0.1666666666666666,,53.35789489746094,16.70369529724121,25.08735656738281,6.17948717948718,5.0,39.0,1.6864281372731067,574,0.9894929255156576
antmaze-medium-navigate-v0,0,gas_shortest,none,5,64,1,SUCCESS,17,,0.7391304347826086,,49.08168411254883,1.8246407508850095,2.470703601837158,2.347826086956522,1.0,23.0,3.2567034989966364,9,0.9554388013604549
antmaze-medium-navigate-v0,0,gas_shortest,none,1,65,1,SUCCESS,15,,0.6578947368421053,,58.32379150390625,1.9423898458480835,1.9423898458480835,2.72972972972973,1.0,37.0,1.8097657701380645,16,0.976017904744849
antmaze-medium-navigate-v0,0,gas_shortest,none,2,66,1,SUCCESS,15,,0.7285714285714285,,57.15481185913086,3.991432905197144,4.555799007415772,2.45,1.0,40.0,3.729014705389101,12,0.997336947637747
antmaze-medium-navigate-v0,0,gas_shortest,none,3,67,0,F4_LOCAL_EXECUTION_DRIFT,16,7,0.0465116279069767,,23.853952407836918,23.33964157104492,32.28538131713867,8.878048780487806,9.0,41.0,0.8608338710323435,875,1.0
antmaze-medium-navigate-v0,0,gas_shortest,none,4,68,1,F4_LOCAL_EXECUTION_DRIFT,19,,0.4615384615384615,,50.59206771850586,4.92076587677002,4.92076587677002,6.761904761904762,1.0,21.0,1.2803587840999044,20,0.9718436777057112
antmaze-medium-navigate-v0,0,gas_shortest,none,5,69,1,SUCCESS,16,,0.7045454545454546,,48.82027053833008,1.3910411596298218,1.3910411596298218,2.5,1.0,22.0,4.0767102973805045,10,0.9500907380807088
antmaze-medium-navigate-v0,0,gas_shortest,none,1,70,1,SUCCESS,15,,0.864516129032258,,57.215476989746094,0.9170191287994384,3.0514886379241943,1.4666666666666666,1.0,120.0,3.0538791349616004,46,0.9824607483044198
antmaze-medium-navigate-v0,0,gas_shortest,none,2,71,1,SUCCESS,15,,0.5849056603773585,,57.44379425048828,6.120901107788086,6.8319993019104,4.578947368421052,1.0,19.0,2.8933513847223757,17,1.0
antmaze-medium-navigate-v0,0,gas_shortest,none,3,72,1,SUCCESS,15,,0.5666666666666667,,21.240478515625,1.992178201675415,1.992178201675415,2.4827586206896552,1.0,29.0,5.285763910906852,23,0.9623027370938622
antmaze-medium-navigate-v0,0,gas_shortest,none,4,73,1,SUCCESS,17,,0.6375,,52.04169845581055,1.471534252166748,1.5669455528259275,3.25,1.0,40.0,4.67101615791091,21,0.9620910478852256
antmaze-medium-navigate-v0,0,gas_shortest,none,5,74,1,SUCCESS,15,,0.6666666666666666,,47.966556549072266,6.625576496124268,6.925629615783691,2.857142857142857,1.0,14.0,1.7607983298167045,11,0.9916446480874016
antmaze-medium-navigate-v0,0,gas_shortest,none,1,75,1,SUCCESS,15,,0.7555555555555555,,58.68434524536133,1.3880881071090698,1.983798861503601,2.010752688172043,1.0,93.0,4.218384481152534,36,0.976073864971676
antmaze-medium-navigate-v0,0,gas_shortest,none,2,76,1,SUCCESS,15,,0.6557377049180327,,57.28849029541016,4.859793186187744,4.9209489822387695,3.064516129032258,1.0,31.0,1.0225835077010117,12,0.9879623779298714
antmaze-medium-navigate-v0,0,gas_shortest,none,3,77,1,SUCCESS,15,,0.5853658536585366,,24.804075241088867,1.4125322103500366,1.6899067163467407,2.5294117647058822,1.0,17.0,1.2331300491393702,11,0.9847179315102594
antmaze-medium-navigate-v0,0,gas_shortest,none,4,78,1,SUCCESS,24,,0.5316455696202531,,49.460880279541016,1.335709571838379,2.34816837310791,3.911764705882353,1.0,34.0,1.4743472402322046,35,0.9589020050608057
antmaze-medium-navigate-v0,0,gas_shortest,none,5,79,1,SUCCESS,15,,0.6666666666666666,,49.32383728027344,2.4136030673980717,2.420477867126465,2.391304347826087,1.0,23.0,3.604021173598151,12,0.9722397078090542
antmaze-medium-navigate-v0,0,gas_shortest,none,1,80,1,SUCCESS,15,,0.75,,57.46260833740234,1.4575645923614502,2.1446149349212646,2.903225806451613,1.0,31.0,5.230439857295669,14,0.9713332723151202
antmaze-medium-navigate-v0,0,gas_shortest,none,2,81,1,SUCCESS,15,,0.673469387755102,,56.968238830566406,3.789243221282959,3.898313283920288,3.095238095238096,1.0,21.0,5.950883017559009,11,0.9888525235503588
antmaze-medium-navigate-v0,0,gas_shortest,none,3,82,1,SUCCESS,16,,0.5760869565217391,,20.920827865600582,1.853859543800354,1.853859543800354,2.9318181818181817,1.0,44.0,0.9800531280965517,22,0.9769502712629344
antmaze-medium-navigate-v0,0,gas_shortest,none,4,83,1,F4_LOCAL_EXECUTION_DRIFT,27,,0.4172185430463576,,50.60937881469727,1.0109882354736328,1.5575686693191528,6.103448275862069,1.0,58.0,1.495680408533641,78,0.9796518507217312
antmaze-medium-navigate-v0,0,gas_shortest,none,5,84,1,SUCCESS,15,,0.7647058823529411,,48.19205474853516,2.853789567947388,3.1928956508636475,1.8666666666666667,1.0,30.0,1.2158242511675763,11,0.964296889591984
antmaze-medium-navigate-v0,0,gas_shortest,none,1,85,1,SUCCESS,17,,0.6666666666666666,,57.3476448059082,2.095881462097168,2.820996046066284,2.8461538461538463,1.0,39.0,1.3876768050291208,20,0.9727664145691772
antmaze-medium-navigate-v0,0,gas_shortest,none,2,86,1,SUCCESS,15,,0.6666666666666666,,56.29378128051758,5.712381362915039,6.679698944091797,3.5294117647058822,1.0,17.0,2.3051182166363904,9,1.0
antmaze-medium-navigate-v0,0,gas_shortest,none,3,87,1,SUCCESS,15,,0.6904761904761905,,24.03284454345703,1.6133530139923096,2.6335012912750244,2.0476190476190474,1.0,21.0,3.1654803801183533,11,1.0
antmaze-medium-navigate-v0,0,gas_shortest,none,4,88,1,SUCCESS,22,,0.6865671641791045,,52.23772811889648,0.9053601622581482,1.0558066368103027,2.8285714285714287,1.0,35.0,2.4538460512971425,13,0.9549461314086783
antmaze-medium-navigate-v0,0,gas_shortest,none,5,89,1,SUCCESS,15,,0.7446808510638298,,50.60686874389648,2.3199622631073,2.508993864059448,2.1538461538461537,1.0,26.0,2.017872787416882,10,0.9566229885494024
antmaze-medium-navigate-v0,0,gas_shortest,none,1,90,1,SUCCESS,18,,0.7307692307692307,,58.27799606323242,1.1195496320724487,2.6423745155334477,2.2444444444444445,1.0,45.0,6.8387321584731415,25,0.9678043363447004
antmaze-medium-navigate-v0,0,gas_shortest,none,2,91,1,SUCCESS,15,,0.6557377049180327,,57.07633972167969,2.6040430068969727,3.484659433364868,3.111111111111111,1.0,27.0,1.9960067988028938,13,0.9900920988298104
antmaze-medium-navigate-v0,0,gas_shortest,none,3,92,1,SUCCESS,15,,0.631578947368421,,24.555644989013672,1.893455147743225,1.9836426973342896,2.7058823529411766,1.0,17.0,1.2075864544559831,9,0.9894590645439632
antmaze-medium-navigate-v0,0,gas_shortest,none,4,93,1,SUCCESS,19,,0.7068965517241379,,52.743499755859375,2.976431131362915,3.6621291637420654,2.8,1.0,30.0,1.8435349987663083,14,0.9561215676760733
antmaze-medium-navigate-v0,0,gas_shortest,none,5,94,1,SUCCESS,20,,0.675,,49.94003677368164,1.6975561380386353,2.0575170516967773,2.9411764705882355,1.0,17.0,2.61807759243429,12,0.9429099248652254
antmaze-medium-navigate-v0,0,gas_shortest,none,1,95,1,SUCCESS,15,,0.75,,58.65592193603516,1.496487021446228,4.7580742835998535,2.282051282051282,1.0,39.0,2.2040115716765185,17,0.9822958927920188
antmaze-medium-navigate-v0,0,gas_shortest,none,2,96,1,SUCCESS,15,,0.6470588235294118,,57.3251953125,4.787980079650879,6.163729667663574,3.347826086956522,1.0,23.0,1.3940601271592183,15,0.9923581717641472
antmaze-medium-navigate-v0,0,gas_shortest,none,3,97,0,SUCCESS,15,7,0.0465116279069767,,24.532400131225582,21.422481536865234,31.35646629333496,8.926829268292684,9.0,41.0,2.8040972101130865,887,1.0
antmaze-medium-navigate-v0,0,gas_shortest,none,4,98,0,F4_LOCAL_EXECUTION_DRIFT,24,27,0.1857142857142857,,53.23671340942383,14.758143424987791,20.043439865112305,6.184210526315789,4.0,38.0,2.6025429139838425,547,0.9922086314776708
antmaze-medium-navigate-v0,0,gas_shortest,none,5,99,1,SUCCESS,15,,0.8972602739726028,,50.58102416992188,2.0097780227661133,2.8703830242156982,1.2682926829268293,1.0,123.0,2.7266630818217394,31,0.9750514384837908
antmaze-medium-navigate-v0,0,gas_reachability_soft_calibrated,none,1,0,1,,15,,0.6710526315789473,,57.22152328491211,3.3120505809783936,3.729327440261841,2.918918918918919,1.0,37.0,2.9297223351449615,19,0.9836913767998224
antmaze-medium-navigate-v0,0,gas_reachability_soft_calibrated,none,2,1,1,,15,,0.6086956521739131,,57.32627868652344,4.51060962677002,4.520455837249756,5.833333333333333,1.0,12.0,4.971624657829488,18,1.0
antmaze-medium-navigate-v0,0,gas_reachability_soft_calibrated,none,3,2,1,,15,,0.6470588235294118,,20.635311126708984,2.126716375350952,2.126716375350952,2.3461538461538463,1.0,26.0,5.283210609340631,9,1.0
antmaze-medium-navigate-v0,0,gas_reachability_soft_calibrated,none,4,3,1,,15,,0.7934782608695652,,52.66574478149414,2.124927043914795,2.390475988388061,2.1186440677966103,1.0,59.0,5.211800853402873,20,1.0
antmaze-medium-navigate-v0,0,gas_reachability_soft_calibrated,none,5,4,1,,18,,0.6595744680851063,,49.530738830566406,3.492035150527954,3.492035150527954,2.7142857142857144,1.0,21.0,3.158210329115976,11,0.9688304426644548
antmaze-medium-navigate-v0,0,gas_reachability_soft_calibrated,none,1,5,1,,15,,0.7464788732394366,,56.54133224487305,0.5374992489814758,3.100120306015014,2.41025641025641,1.0,39.0,3.220612789681628,21,0.9774918314866146
antmaze-medium-navigate-v0,0,gas_reachability_soft_calibrated,none,2,6,1,,15,,0.8207547169811321,,56.745567321777344,2.0248942375183105,4.056412220001221,1.7837837837837838,1.0,74.0,3.427164113709763,21,1.0
antmaze-medium-navigate-v0,0,gas_reachability_soft_calibrated,none,3,7,1,,15,,0.5604395604395604,,19.915189743041992,2.3364007472991943,2.949306011199951,3.1219512195121952,1.0,41.0,4.3870997382530685,35,0.9816044901702592
antmaze-medium-navigate-v0,0,gas_reachability_soft_calibrated,none,4,8,0,,15,7,0.0461538461538461,,51.84821319580078,51.78643798828125,55.52148818969727,14.047619047619047,14.0,42.0,1.185604985146908,882,1.0
antmaze-medium-navigate-v0,0,gas_reachability_soft_calibrated,none,5,9,1,,15,,0.8082191780821918,,48.66310119628906,1.7611749172210691,3.493056535720825,1.7291666666666667,1.0,48.0,1.7139556007063046,13,0.9730697208863732
antmaze-medium-navigate-v0,0,gas_reachability_soft_calibrated,none,1,10,1,,15,,0.7027027027027027,,58.79264068603516,2.3046576976776123,2.447249412536621,3.0,1.0,38.0,4.588838829562002,19,0.9754642983710141
antmaze-medium-navigate-v0,0,gas_reachability_soft_calibrated,none,2,11,1,,15,,0.6521739130434783,,56.20146179199219,2.173187255859375,2.173187255859375,3.647058823529412,1.0,17.0,2.508260656509268,13,0.9895656360093421
antmaze-medium-navigate-v0,0,gas_reachability_soft_calibrated,none,3,12,0,,15,43,0.2608695652173913,,20.15726852416992,19.72563743591309,30.95072555541992,9.8,10.0,40.0,1.7081157889216545,369,1.0
antmaze-medium-navigate-v0,0,gas_reachability_soft_calibrated,none,4,13,1,,15,,0.7926829268292683,,51.56304168701172,0.9785333871841432,2.3703975677490234,2.12,1.0,50.0,5.571018429675976,23,0.9952386192196602
antmaze-medium-navigate-v0,0,gas_reachability_soft_calibrated,none,5,14,1,,15,,0.7536231884057971,,49.55342864990234,1.3971339464187622,1.3971339464187622,1.8604651162790695,1.0,43.0,3.093283079822318,13,0.9746815763538008
antmaze-medium-navigate-v0,0,gas_reachability_soft_calibrated,none,1,15,1,,15,,0.6056338028169014,,58.06894302368164,2.917228937149048,3.494684934616089,3.612903225806452,1.0,31.0,6.810250745076321,20,0.9850911189946356
antmaze-medium-navigate-v0,0,gas_reachability_soft_calibrated,none,2,16,1,,15,,0.7368421052631579,,57.69116973876953,4.018152236938477,4.569608688354492,2.4186046511627906,1.0,43.0,7.344048707528377,17,0.9918528651892254
antmaze-medium-navigate-v0,0,gas_reachability_soft_calibrated,none,3,17,0,,16,6,0.0390625,,23.96256828308105,23.96256828308105,33.8128547668457,8.024390243902438,8.0,41.0,0.893511640775561,894,1.0
antmaze-medium-navigate-v0,0,gas_reachability_soft_calibrated,none,4,18,1,,15,,0.7848101265822784,,51.368797302246094,1.4626710414886477,1.4626710414886477,2.083333333333333,1.0,48.0,2.217352430302395,16,0.983646111353737
antmaze-medium-navigate-v0,0,gas_reachability_soft_calibrated,none,5,19,1,,15,,0.8846153846153846,,48.93114471435547,2.884493589401245,3.905738592147827,1.4615384615384617,1.0,78.0,2.848120904129138,19,0.9996554561983553
antmaze-medium-navigate-v0,0,gas_reachability_soft_calibrated,none,1,20,1,,17,,0.75,,57.49789810180664,0.660328209400177,2.132427930831909,2.377049180327869,1.0,61.0,4.923400791309218,22,0.9786568617768318
antmaze-medium-navigate-v0,0,gas_reachability_soft_calibrated,none,2,21,1,,15,,0.8478260869565217,,57.43861389160156,2.364553689956665,2.759848117828369,1.6,1.0,65.0,3.0423809233058834,18,0.9873207779078109
antmaze-medium-navigate-v0,0,gas_reachability_soft_calibrated,none,3,22,0,,15,41,0.2515723270440251,,18.974639892578125,18.66167259216309,25.86787986755371,7.95,8.0,40.0,0.5516555190542467,367,1.0
antmaze-medium-navigate-v0,0,gas_reachability_soft_calibrated,none,4,23,0,,15,44,0.2670807453416149,,51.73332214355469,46.82204818725586,52.902339935302734,14.075,14.0,40.0,2.1767286594174053,346,1.0
antmaze-medium-navigate-v0,0,gas_reachability_soft_calibrated,none,5,24,1,,15,,0.6363636363636364,,50.09431838989258,4.013670921325684,6.363954544067383,2.708333333333333,1.0,24.0,3.7299461405290657,18,0.9957182357692442
antmaze-medium-navigate-v0,0,gas_reachability_soft_calibrated,none,1,25,1,,16,,0.6944444444444444,,57.432395935058594,1.4028205871582031,3.776431798934937,2.638888888888889,1.0,36.0,1.9064679311332715,18,0.9797970723727754
antmaze-medium-navigate-v0,0,gas_reachability_soft_calibrated,none,2,26,1,,15,,0.6896551724137931,,56.48894882202149,2.04927134513855,3.4406065940856934,2.75,1.0,28.0,3.1968666789791933,13,0.9855549092552872
antmaze-medium-navigate-v0,0,gas_reachability_soft_calibrated,none,3,27,1,,15,,0.65,,20.28173828125,1.202768325805664,1.202768325805664,2.3125,1.0,32.0,1.039377153762211,14,0.9610665755171104
antmaze-medium-navigate-v0,0,gas_reachability_soft_calibrated,none,4,28,1,,15,,0.6987951807228916,,53.37821960449219,2.286340951919556,3.682915210723877,2.911111111111111,1.0,45.0,8.91455653352224,17,0.9960245471320092
antmaze-medium-navigate-v0,0,gas_reachability_soft_calibrated,none,5,29,1,,18,,0.8470588235294118,,49.93806838989258,2.4362213611602783,4.091821193695068,1.4761904761904765,1.0,63.0,1.742444965701123,14,0.9719982407195044
antmaze-medium-navigate-v0,0,gas_reachability_soft_calibrated,none,1,30,1,,15,,0.7162162162162162,,57.82420349121094,0.9296035766601562,3.9188311100006095,2.789473684210526,1.0,38.0,6.399853414014991,22,1.0
antmaze-medium-navigate-v0,0,gas_reachability_soft_calibrated,none,2,31,1,,15,,0.6346153846153846,,57.187870025634766,5.447853088378906,5.447853088378906,4.444444444444445,1.0,18.0,10.428009226083743,17,1.0
antmaze-medium-navigate-v0,0,gas_reachability_soft_calibrated,none,3,32,1,,15,,0.6565656565656566,,20.974836349487305,1.4526046514511108,1.974138855934143,2.240740740740741,1.0,54.0,11.904694152503383,25,1.0
antmaze-medium-navigate-v0,0,gas_reachability_soft_calibrated,none,4,33,1,,15,,0.78125,,51.120452880859375,2.137577772140503,2.6916747093200684,2.0689655172413794,1.0,58.0,9.605151442583136,23,0.997881708461711
antmaze-medium-navigate-v0,0,gas_reachability_soft_calibrated,none,5,34,1,,15,,0.7169811320754716,,47.56939697265625,5.013309955596924,5.688652038574219,2.103448275862069,1.0,29.0,2.302579750355024,12,0.9892194353351913
antmaze-medium-navigate-v0,0,gas_reachability_soft_calibrated,none,1,35,1,,15,,0.6984126984126984,,57.70924758911133,2.502461194992065,3.630298376083374,3.5357142857142856,1.0,28.0,7.252916352197269,18,1.0
antmaze-medium-navigate-v0,0,gas_reachability_soft_calibrated,none,2,36,1,,15,,0.6481481481481481,,57.17830657958984,4.647950172424316,4.647950172424316,4.25,1.0,20.0,11.024641282935429,13,1.0
antmaze-medium-navigate-v0,0,gas_reachability_soft_calibrated,none,3,37,1,,15,,0.5576923076923077,,24.71477508544922,1.7946579456329346,2.6609952449798584,3.1052631578947367,1.0,19.0,1.4356933567870689,20,0.9903608467960452
antmaze-medium-navigate-v0,0,gas_reachability_soft_calibrated,none,4,38,1,,15,,0.6909090909090909,,50.394325256347656,1.6346603631973269,1.8316503763198853,3.16,1.0,25.0,1.892336013223248,13,0.9911068664388764
antmaze-medium-navigate-v0,0,gas_reachability_soft_calibrated,none,5,39,1,,15,,0.8617021276595744,,49.56406784057617,1.14904522895813,1.3552236557006836,1.457142857142857,1.0,70.0,3.317931629056873,23,0.9741076972104812
antmaze-medium-navigate-v0,0,gas_reachability_soft_calibrated,none,1,40,1,,15,,0.8222222222222222,,58.14736557006836,0.6761922240257263,1.721014380455017,2.125,1.0,56.0,5.34993396081402,30,0.9967079212525104
antmaze-medium-navigate-v0,0,gas_reachability_soft_calibrated,none,2,41,1,,15,,0.7733333333333333,,56.80110168457031,2.437617540359497,4.194859981536865,1.8297872340425527,1.0,47.0,1.8945148209942544,12,0.9979009064930006
antmaze-medium-navigate-v0,0,gas_reachability_soft_calibrated,none,3,42,1,,15,,0.6304347826086957,,20.88838195800781,1.6848987340927124,2.3975796699523926,2.619047619047619,1.0,21.0,1.815586906740272,11,0.9646810536950481
antmaze-medium-navigate-v0,0,gas_reachability_soft_calibrated,none,4,43,1,,15,,0.6451612903225806,,50.89315032958984,3.5944061279296875,3.6993253231048575,3.9166666666666665,1.0,24.0,2.4007013187410613,21,0.9980907016779333
antmaze-medium-navigate-v0,0,gas_reachability_soft_calibrated,none,5,44,1,,15,,0.7083333333333334,,49.715965270996094,3.1686720848083496,4.040164947509766,2.333333333333333,1.0,24.0,3.883598697545196,11,0.9715175087895916
antmaze-medium-navigate-v0,0,gas_reachability_soft_calibrated,none,1,45,1,,15,,0.6233766233766234,,57.50853729248047,3.0389750003814697,3.2526471614837646,3.0,1.0,36.0,8.263673940209555,21,0.9834198320883396
antmaze-medium-navigate-v0,0,gas_reachability_soft_calibrated,none,2,46,1,,15,,0.6415094339622641,,55.85273742675781,3.158367156982422,3.5893263816833496,4.190476190476191,1.0,21.0,3.1216850482382794,13,0.9975374341405192
antmaze-medium-navigate-v0,0,gas_reachability_soft_calibrated,none,3,47,1,,15,,0.6031746031746031,,22.1812744140625,1.4615103006362915,1.4615103006362915,3.259259259259259,1.0,27.0,1.4243991081653526,16,0.9714520997949813
antmaze-medium-navigate-v0,0,gas_reachability_soft_calibrated,none,4,48,0,,15,13,0.0909090909090909,,50.11783218383789,42.2349739074707,47.7216911315918,11.325,11.0,40.0,6.001662624203068,860,1.0
antmaze-medium-navigate-v0,0,gas_reachability_soft_calibrated,none,5,49,1,,15,,0.6382978723404256,,47.26179122924805,3.835506439208984,3.835506439208984,2.4545454545454546,1.0,22.0,2.088978802817959,9,0.9768659970928892
antmaze-medium-navigate-v0,0,gas_reachability_soft_calibrated,none,1,50,1,,15,,0.609375,,57.92234802246094,0.8769727945327759,1.5012705326080322,4.32,1.0,25.0,4.742432730367538,18,0.9990212823730458
antmaze-medium-navigate-v0,0,gas_reachability_soft_calibrated,none,2,51,1,,15,,0.8421052631578947,,56.21290588378906,2.7065680027008057,4.433987140655518,1.7014925373134329,1.0,67.0,3.822770772579784,15,1.0
antmaze-medium-navigate-v0,0,gas_reachability_soft_calibrated,none,3,52,1,,15,,0.6521739130434783,,22.73634910583496,1.5519254207611084,1.5519254207611084,3.117647058823529,1.0,17.0,2.919743331366562,20,0.997280556343336
antmaze-medium-navigate-v0,0,gas_reachability_soft_calibrated,none,4,53,1,,15,,0.5287356321839081,,52.79652404785156,2.918722629547119,3.57220721244812,6.266666666666667,1.0,30.0,2.2849031223718197,32,0.9986660482746724
antmaze-medium-navigate-v0,0,gas_reachability_soft_calibrated,none,5,54,1,,15,,0.7192982456140351,,49.4019775390625,4.357328414916992,5.595695972442627,1.9696969696969695,1.0,33.0,2.076920985980449,13,0.9896296116692485
antmaze-medium-navigate-v0,0,gas_reachability_soft_calibrated,none,1,55,1,,15,,0.782051282051282,,55.96260070800781,2.6531710624694824,3.384701728820801,2.2,1.0,45.0,2.655417190394817,20,0.9795781985478824
antmaze-medium-navigate-v0,0,gas_reachability_soft_calibrated,none,2,56,1,,15,,0.66,,56.4716682434082,4.403161525726318,4.855141639709473,3.5789473684210527,1.0,19.0,3.0496879078135226,13,1.0
antmaze-medium-navigate-v0,0,gas_reachability_soft_calibrated,none,3,57,0,,25,22,0.1521739130434782,,19.111576080322266,19.111576080322266,33.83039474487305,9.0,10.0,39.0,2.564041199865305,547,0.9963786143922688
antmaze-medium-navigate-v0,0,gas_reachability_soft_calibrated,none,4,58,1,,15,,0.5272727272727272,,51.66913986206055,0.8777034282684326,0.8777034282684326,3.5405405405405403,1.0,37.0,3.1089601156246847,39,0.9972839897328001
antmaze-medium-navigate-v0,0,gas_reachability_soft_calibrated,none,5,59,1,,20,,0.7611940298507462,,50.27221298217773,2.6942946910858154,2.6942946910858154,1.853658536585366,1.0,41.0,3.064491324807249,14,0.9670232111387936
antmaze-medium-navigate-v0,0,gas_reachability_soft_calibrated,none,1,60,1,,15,,0.8066666666666666,,58.65865707397461,1.2865993976593018,2.1137163639068604,1.7904761904761906,1.0,105.0,4.303165559568997,23,0.9997020509970208
antmaze-medium-navigate-v0,0,gas_reachability_soft_calibrated,none,2,61,1,,15,,0.7068965517241379,,56.68951797485352,1.2005759477615356,1.7755054235458374,2.962962962962963,1.0,27.0,4.062381132840089,20,0.9953261549804716
antmaze-medium-navigate-v0,0,gas_reachability_soft_calibrated,none,3,62,0,,15,40,0.2452830188679245,,19.30169105529785,19.30169105529785,30.267480850219727,8.65,9.0,40.0,0.9180983014907177,313,1.0
antmaze-medium-navigate-v0,0,gas_reachability_soft_calibrated,none,4,63,0,,15,24,0.1666666666666666,,53.04981231689453,16.809560775756836,24.9747314453125,5.846153846153846,5.0,39.0,7.828253365137925,687,1.0
antmaze-medium-navigate-v0,0,gas_reachability_soft_calibrated,none,5,64,1,,15,,0.7321428571428571,,48.980690002441406,2.2094476222991943,2.240004062652588,2.1666666666666665,1.0,30.0,4.210885615433575,12,0.9806882440902042
antmaze-medium-navigate-v0,0,gas_reachability_soft_calibrated,none,1,65,1,,15,,0.5875,,58.431190490722656,1.5329631567001345,1.5329631567001345,3.9655172413793114,1.0,29.0,12.953675794909124,22,0.9972377466396856
antmaze-medium-navigate-v0,0,gas_reachability_soft_calibrated,none,2,66,1,,15,,0.5967741935483871,,56.753700256347656,4.644186496734619,6.267308712005615,3.4615384615384617,1.0,26.0,3.729047210196779,16,1.0
antmaze-medium-navigate-v0,0,gas_reachability_soft_calibrated,none,3,67,0,,16,7,0.0465116279069767,,22.616703033447266,22.22511482238769,30.998647689819336,8.878048780487806,9.0,41.0,0.8608338710323435,875,1.0
antmaze-medium-navigate-v0,0,gas_reachability_soft_calibrated,none,4,68,1,,19,,0.5921052631578947,,50.75886154174805,1.294787883758545,1.294787883758545,5.344827586206897,1.0,29.0,3.4011007334921346,29,0.9635071711995884
antmaze-medium-navigate-v0,0,gas_reachability_soft_calibrated,none,5,69,1,,15,,0.7678571428571429,,48.51729202270508,3.163872718811035,3.163872718811035,1.9090909090909087,1.0,33.0,5.0371984063004485,11,0.9909059673536376
antmaze-medium-navigate-v0,0,gas_reachability_soft_calibrated,none,1,70,1,,15,,0.7717391304347826,,57.21260833740234,1.0624589920043943,1.5885951519012451,2.272727272727273,1.0,55.0,7.932749375944485,19,0.9727067713353669
antmaze-medium-navigate-v0,0,gas_reachability_soft_calibrated,none,2,71,1,,15,,0.7317073170731707,,57.357704162597656,2.745781421661377,4.193732738494873,2.4680851063829787,1.0,47.0,2.8933513847223757,16,0.9924684217646668
antmaze-medium-navigate-v0,0,gas_reachability_soft_calibrated,none,3,72,1,,15,,0.5272727272727272,,21.33948135375977,1.8944507837295528,3.1471023559570312,3.090909090909091,1.0,22.0,4.05422200989966,21,0.9695754026749668
antmaze-medium-navigate-v0,0,gas_reachability_soft_calibrated,none,4,73,0,,15,47,0.2857142857142857,,52.89763259887695,46.088653564453125,48.9950065612793,13.64102564102564,13.0,39.0,1.4942929526850075,279,1.0
antmaze-medium-navigate-v0,0,gas_reachability_soft_calibrated,none,5,74,1,,15,,0.8586956521739131,,48.51744079589844,1.2969459295272827,1.2969459295272827,1.4264705882352942,1.0,68.0,4.919798428240756,14,0.984192758472345
antmaze-medium-navigate-v0,0,gas_reachability_soft_calibrated,none,1,75,1,,15,,0.65,,58.836212158203125,2.3744325637817383,2.667465209960937,3.268292682926829,1.0,41.0,3.8245245923387534,26,0.9757145814026328
antmaze-medium-navigate-v0,0,gas_reachability_soft_calibrated,none,2,76,1,,15,,0.6296296296296297,,56.76115798950195,3.834778308868408,4.826189994812012,3.9,1.0,20.0,7.168198509360714,16,1.0
antmaze-medium-navigate-v0,0,gas_reachability_soft_calibrated,none,3,77,1,,15,,0.8269230769230769,,25.496883392333984,2.3558716773986816,3.1392123699188232,1.6,1.0,35.0,1.1758315720408778,8,0.9644606658810174
antmaze-medium-navigate-v0,0,gas_reachability_soft_calibrated,none,4,78,1,,15,,0.7647058823529411,,48.43317413330078,2.679781913757324,4.096664905548096,2.36,1.0,50.0,3.8695225792622012,19,0.9968208242837496
antmaze-medium-navigate-v0,0,gas_reachability_soft_calibrated,none,5,79,1,,15,,0.6607142857142857,,49.72008514404297,3.997235059738159,5.360842704772949,3.0,1.0,26.0,5.9323912379721255,15,0.9910758420679296
antmaze-medium-navigate-v0,0,gas_reachability_soft_calibrated,none,1,80,1,,15,,0.7142857142857143,,57.391483306884766,2.6004855632781982,3.3398988246917725,2.7777777777777777,1.0,36.0,7.953956393918974,14,0.9813182300576974
antmaze-medium-navigate-v0,0,gas_reachability_soft_calibrated,none,2,81,1,,15,,0.7049180327868853,,56.87983322143555,1.7390536069869995,1.7390536069869995,2.833333333333333,1.0,30.0,7.487951263257815,14,0.993263078801618
antmaze-medium-navigate-v0,0,gas_reachability_soft_calibrated,none,3,82,1,,16,,0.6,,19.732561111450195,2.14060640335083,2.832092523574829,2.7254901960784315,1.0,51.0,2.6739118935236514,27,0.9799940708334306
antmaze-medium-navigate-v0,0,gas_reachability_soft_calibrated,none,4,83,1,,15,,0.6821705426356589,,50.28297424316406,2.425122737884521,2.425122737884521,2.8,1.0,75.0,2.5309359692820323,41,0.9971395306806572
antmaze-medium-navigate-v0,0,gas_reachability_soft_calibrated,none,5,84,1,,15,,0.8055555555555556,,47.79207229614258,2.483426094055176,2.714866876602173,1.7083333333333333,1.0,48.0,2.5059002684234253,14,0.9864792483234966
antmaze-medium-navigate-v0,0,gas_reachability_soft_calibrated,none,1,85,1,,15,,0.7901234567901234,,57.57570266723633,2.416903018951416,2.9268181324005127,2.145833333333333,1.0,48.0,8.173204448433784,19,1.0
antmaze-medium-navigate-v0,0,gas_reachability_soft_calibrated,none,2,86,1,,15,,0.8,,56.59995269775391,2.758175849914551,3.20022964477539,2.0434782608695654,1.0,46.0,7.43447171584841,14,0.9895757453200534
antmaze-medium-navigate-v0,0,gas_reachability_soft_calibrated,none,3,87,1,,15,,0.71875,,24.407825469970703,1.7638039588928225,1.9652996063232424,2.5,1.0,14.0,3.1654803801183533,10,0.997974156199789
antmaze-medium-navigate-v0,0,gas_reachability_soft_calibrated,none,4,88,1,,15,,0.6229508196721312,,52.2718391418457,0.7198967337608337,1.067295789718628,4.652173913043479,1.0,23.0,9.790754162536949,18,0.976698165960618
antmaze-medium-navigate-v0,0,gas_reachability_soft_calibrated,none,5,89,1,,15,,0.6851851851851852,,50.00331878662109,2.926945924758911,3.944977760314941,2.3703703703703702,1.0,27.0,1.7580430934978246,13,0.9802417332682422
antmaze-medium-navigate-v0,0,gas_reachability_soft_calibrated,none,1,90,1,,18,,0.794392523364486,,58.343971252441406,0.3165331184864044,2.8564159870147705,2.084507042253521,1.0,71.0,9.862390451896884,30,0.9727936051084081
antmaze-medium-navigate-v0,0,gas_reachability_soft_calibrated,none,2,91,1,,15,,0.7671232876712328,,56.93303298950195,5.014180660247803,5.014180660247803,2.232558139534884,1.0,43.0,1.8299459942511145,20,0.9968473202346512
antmaze-medium-navigate-v0,0,gas_reachability_soft_calibrated,none,3,92,1,,15,,0.6585365853658537,,23.86627769470215,1.419019341468811,1.8178527355194087,2.6666666666666665,1.0,18.0,2.2242791829474853,12,0.989993596129406
antmaze-medium-navigate-v0,0,gas_reachability_soft_calibrated,none,4,93,0,,15,51,0.3086419753086419,,52.63007354736328,17.67850685119629,22.53716468811035,6.026315789473684,5.0,38.0,4.745797524626337,285,1.0
antmaze-medium-navigate-v0,0,gas_reachability_soft_calibrated,none,5,94,1,,15,,0.8205128205128205,,49.655860900878906,2.0402543544769287,2.2378318309783936,1.6037735849056605,1.0,53.0,2.4579410174649112,14,0.9732681473386204
antmaze-medium-navigate-v0,0,gas_reachability_soft_calibrated,none,1,95,1,,15,,0.8787878787878788,,58.53963088989258,1.7706360816955566,2.981418371200561,1.5669291338582678,1.0,127.0,9.56973184292338,37,1.0
antmaze-medium-navigate-v0,0,gas_reachability_soft_calibrated,none,2,96,1,,15,,0.7058823529411765,,57.2513542175293,0.7224633693695068,0.7224633693695068,3.227272727272727,1.0,22.0,11.34691992462908,15,0.9831440073816066
antmaze-medium-navigate-v0,0,gas_reachability_soft_calibrated,none,3,97,0,,15,43,0.2641509433962264,,25.390520095825195,22.225419998168945,29.458675384521484,7.975,8.0,40.0,2.8040972101130865,345,1.0
antmaze-medium-navigate-v0,0,gas_reachability_soft_calibrated,none,4,98,0,,15,10,0.0676691729323308,,52.98085403442383,52.77723693847656,57.801551818847656,14.238095238095235,14.0,42.0,0.7349251736537598,785,1.0
antmaze-medium-navigate-v0,0,gas_reachability_soft_calibrated,none,5,99,1,,15,,0.9157303370786516,,50.355865478515625,1.514512300491333,1.514512300491333,1.2156862745098038,1.0,153.0,4.045367631867576,36,0.969262655573305
antmaze-medium-navigate-v0,0,gas_reachability_budget_calibrated,none,1,0,1,,15,,0.6984126984126984,,57.3661994934082,1.0415136814117432,1.7591880559921265,2.65625,1.0,32.0,1.3441482743413848,12,0.9705233442195776
antmaze-medium-navigate-v0,0,gas_reachability_budget_calibrated,none,2,1,1,,15,,0.6666666666666666,,56.49415588378906,4.935393333435059,5.229657173156738,2.838709677419355,1.0,31.0,4.884295541353798,15,0.9909053987229041
antmaze-medium-navigate-v0,0,gas_reachability_budget_calibrated,none,3,2,1,,15,,0.6268656716417911,,19.26448631286621,1.2115451097488403,2.3987820148468018,2.75,1.0,32.0,3.7025130613469055,17,0.9802834768327572
antmaze-medium-navigate-v0,0,gas_reachability_budget_calibrated,none,4,3,0,,18,5,0.0314960629921259,,52.9623908996582,52.86776351928711,56.74365997314453,13.097560975609756,13.0,41.0,0.8693149808248932,872,1.0
antmaze-medium-navigate-v0,0,gas_reachability_budget_calibrated,none,5,4,1,,18,,0.9064748201438848,,49.238868713378906,2.0833094120025635,5.013848304748535,1.2033898305084745,1.0,118.0,1.8667614324642627,28,0.9765957031869218
antmaze-medium-navigate-v0,0,gas_reachability_budget_calibrated,none,1,5,1,,15,,0.6455696202531646,,56.455543518066406,3.206854820251465,3.3478097915649414,2.8461538461538463,1.0,39.0,1.0811837817353165,23,0.9807650318412361
antmaze-medium-navigate-v0,0,gas_reachability_budget_calibrated,none,2,6,1,,15,,0.936026936026936,,56.92621994018555,0.9688411355018616,5.051487922668457,1.199248120300752,1.0,266.0,3.8431531117895847,67,1.0
antmaze-medium-navigate-v0,0,gas_reachability_budget_calibrated,none,3,7,1,,15,,0.4574468085106383,,20.555185317993164,1.5922390222549438,1.8240041732788088,4.147058823529412,1.0,34.0,0.8237777649182564,37,0.9811573791323653
antmaze-medium-navigate-v0,0,gas_reachability_budget_calibrated,none,4,8,1,,15,,0.6530612244897959,,51.50580596923828,3.829509019851685,4.109838962554932,3.1818181818181817,1.0,22.0,0.8563271814717471,11,0.9798688687480486
antmaze-medium-navigate-v0,0,gas_reachability_budget_calibrated,none,5,9,1,,15,,0.8088235294117647,,48.65483474731445,2.8532874584198,2.8532874584198,1.6888888888888889,1.0,45.0,1.5549639380352211,11,0.9644119261519205
antmaze-medium-navigate-v0,0,gas_reachability_budget_calibrated,none,1,10,1,,15,,0.8775510204081632,,58.686920166015625,0.4984187185764313,3.1140713691711426,1.425,1.0,160.0,3.2463715211475237,54,0.9833810006954209
antmaze-medium-navigate-v0,0,gas_reachability_budget_calibrated,none,2,11,1,,15,,0.6041666666666666,,56.75658416748047,4.714304924011231,5.077185153961182,4.235294117647059,1.0,17.0,1.2702748796753225,18,1.0
antmaze-medium-navigate-v0,0,gas_reachability_budget_calibrated,none,3,12,0,,15,13,0.0902255639097744,,20.8742733001709,20.359771728515625,29.915735244750977,6.926829268292683,7.0,41.0,1.4781117447331569,700,1.0
antmaze-medium-navigate-v0,0,gas_reachability_budget_calibrated,none,4,13,1,,15,,0.5168539325842697,,52.10602188110352,0.5519477128982544,1.7430094480514526,4.4,1.0,80.0,2.0613750175803625,83,0.994271901931672
antmaze-medium-navigate-v0,0,gas_reachability_budget_calibrated,none,5,14,1,,17,,0.7254901960784313,,49.97316360473633,1.843578815460205,1.843578815460205,2.111111111111111,1.0,27.0,2.434308232940072,11,0.9536355064870552
antmaze-medium-navigate-v0,0,gas_reachability_budget_calibrated,none,1,15,1,,15,,0.5666666666666667,,58.31629180908203,1.6338664293289185,1.7133570909500122,4.304347826086956,1.0,23.0,5.836622532288892,18,0.9760481836687469
antmaze-medium-navigate-v0,0,gas_reachability_budget_calibrated,none,2,16,1,,15,,0.8689655172413793,,57.552616119384766,1.0257905721664429,1.0565215349197388,1.5625,1.0,112.0,3.33730867598336,26,0.9791519004523909
antmaze-medium-navigate-v0,0,gas_reachability_budget_calibrated,none,3,17,1,,16,,0.6842105263157895,,22.774246215820312,2.480553150177002,2.839616298675537,2.0,1.0,21.0,0.6954857772670778,9,0.9409141050076848
antmaze-medium-navigate-v0,0,gas_reachability_budget_calibrated,none,4,18,1,,15,,0.6226415094339622,,51.546268463134766,3.094959259033203,3.648913145065308,3.5454545454545454,1.0,22.0,1.025659706837564,15,0.9821548369911208
antmaze-medium-navigate-v0,0,gas_reachability_budget_calibrated,none,5,19,1,,15,,0.796875,,48.75933074951172,2.9038619995117188,2.9038619995117188,1.7560975609756098,1.0,41.0,3.5288175353816857,10,0.9707666942719948
antmaze-medium-navigate-v0,0,gas_reachability_budget_calibrated,none,1,20,1,,17,,0.6290322580645161,,57.18904495239258,0.8614406585693359,3.3170127868652344,3.1538461538461537,1.0,26.0,3.9096110978007,14,0.978680594616454
antmaze-medium-navigate-v0,0,gas_reachability_budget_calibrated,none,2,21,1,,15,,0.8367346938775511,,57.6667366027832,4.184720516204834,6.489902973175049,1.6,1.0,70.0,1.892990868404872,17,1.0
antmaze-medium-navigate-v0,0,gas_reachability_budget_calibrated,none,3,22,0,,15,41,0.2515723270440251,,19.14675521850586,18.89332771301269,26.165010452270508,8.95,9.0,40.0,0.5516555190542467,367,1.0
antmaze-medium-navigate-v0,0,gas_reachability_budget_calibrated,none,4,23,1,,19,,0.5076923076923077,,51.18304061889648,3.154898405075073,3.8362319469451904,5.12,1.0,25.0,1.3548734270688496,26,0.9785018475049744
antmaze-medium-navigate-v0,0,gas_reachability_budget_calibrated,none,5,24,1,,15,,0.6727272727272727,,49.837890625,3.512812376022339,6.350090980529785,2.4615384615384617,1.0,26.0,2.9080734607958245,15,0.9952864540026264
antmaze-medium-navigate-v0,0,gas_reachability_budget_calibrated,none,1,25,1,,16,,0.7411764705882353,,57.222930908203125,1.4089492559432983,1.4089492559432983,2.34,1.0,50.0,1.670042944319596,18,0.969357293078436
antmaze-medium-navigate-v0,0,gas_reachability_budget_calibrated,none,2,26,1,,15,,0.6363636363636364,,57.198360443115234,1.8873295783996584,1.8873295783996584,3.636363636363636,1.0,22.0,1.2368864983860348,14,0.9775844004950813
antmaze-medium-navigate-v0,0,gas_reachability_budget_calibrated,none,3,27,1,,15,,0.6865671641791045,,19.433691024780277,1.5850062370300293,2.011237382888794,2.076923076923077,1.0,39.0,1.039377153762211,14,0.9650315015488256
antmaze-medium-navigate-v0,0,gas_reachability_budget_calibrated,none,4,28,1,,27,,0.4719101123595505,,53.23611831665039,1.1820043325424194,2.2442421913146973,4.971428571428572,1.0,35.0,1.1181459372686249,27,0.9732145335951329
antmaze-medium-navigate-v0,0,gas_reachability_budget_calibrated,none,5,29,1,,15,,0.859375,,50.04561996459961,3.032083511352539,4.016251564025879,1.405940594059406,1.0,101.0,2.331153564634261,25,0.9764626120828268
antmaze-medium-navigate-v0,0,gas_reachability_budget_calibrated,none,1,30,1,,15,,0.5540540540540541,,57.8216552734375,0.8521881103515625,2.305166959762573,3.413793103448276,1.0,29.0,2.88899383970512,24,0.9797904116676617
antmaze-medium-navigate-v0,0,gas_reachability_budget_calibrated,none,2,31,0,,15,10,0.0681818181818181,,56.95696258544922,53.18449401855469,57.37032318115234,13.073170731707316,13.0,41.0,1.7393577470909902,820,1.0
antmaze-medium-navigate-v0,0,gas_reachability_budget_calibrated,none,3,32,1,,15,,0.8194444444444444,,21.4111442565918,1.8645715713500977,2.235541343688965,1.6122448979591837,1.0,49.0,1.1221260277627705,10,0.9803387330745074
antmaze-medium-navigate-v0,0,gas_reachability_budget_calibrated,none,4,33,1,,18,,0.65625,,51.38856887817383,1.66660737991333,1.8745460510253904,3.4285714285714284,1.0,28.0,1.659387990340877,18,0.9681776058952204
antmaze-medium-navigate-v0,0,gas_reachability_budget_calibrated,none,5,34,1,,15,,0.8313253012048193,,47.87675476074219,1.820179343223572,2.4345335960388184,1.5593220338983051,1.0,59.0,3.108983716708335,15,0.971526311879228
antmaze-medium-navigate-v0,0,gas_reachability_budget_calibrated,none,1,35,1,,18,,0.7395833333333334,,57.631229400634766,1.1735225915908811,1.3593642711639404,2.2758620689655173,1.0,58.0,5.197553808141673,26,0.9683644836707072
antmaze-medium-navigate-v0,0,gas_reachability_budget_calibrated,none,2,36,1,,15,,0.7159090909090909,,57.17622756958008,2.024390459060669,5.390998363494873,2.458333333333333,1.0,48.0,3.635074759370641,22,1.0
antmaze-medium-navigate-v0,0,gas_reachability_budget_calibrated,none,3,37,1,,15,,0.4725274725274725,,24.440847396850582,1.7986338138580322,1.7986338138580322,3.027027027027027,1.0,37.0,1.408093777133714,35,0.9912371294881988
antmaze-medium-navigate-v0,0,gas_reachability_budget_calibrated,none,4,38,1,,15,,0.6875,,49.77098846435547,1.1922696828842163,1.379853129386902,2.677419354838709,1.0,31.0,14.105025591967982,19,0.989829755628279
antmaze-medium-navigate-v0,0,gas_reachability_budget_calibrated,none,5,39,1,,23,,0.8582677165354331,,49.27845764160156,2.257933616638184,2.37056303024292,1.3366336633663367,1.0,101.0,1.9904331996545048,19,0.9618409697301912
antmaze-medium-navigate-v0,0,gas_reachability_budget_calibrated,none,1,40,1,,21,,0.7183098591549296,,58.4037971496582,1.1025378704071045,2.051194190979004,2.4615384615384617,1.0,39.0,1.8104378914985424,14,0.965233668441832
antmaze-medium-navigate-v0,0,gas_reachability_budget_calibrated,none,2,41,1,,15,,0.8256880733944955,,57.104923248291016,3.1193761825561523,6.731258869171143,1.6538461538461535,1.0,78.0,1.4334055072252496,28,1.0
antmaze-medium-navigate-v0,0,gas_reachability_budget_calibrated,none,3,42,1,,15,,0.625,,22.82350349426269,0.9258220195770264,0.9258220195770264,2.7222222222222223,1.0,18.0,0.7347648913938367,10,0.9495319852021534
antmaze-medium-navigate-v0,0,gas_reachability_budget_calibrated,none,4,43,1,,17,,0.5357142857142857,,51.00567626953125,5.399810791015625,6.145719528198242,4.333333333333333,1.0,21.0,1.1698727327223886,17,0.98134723242585
antmaze-medium-navigate-v0,0,gas_reachability_budget_calibrated,none,5,44,1,,17,,0.7317073170731707,,49.90135955810547,1.991481184959412,3.443011283874512,2.5789473684210527,1.0,19.0,4.126580852074556,11,0.9654020335598794
antmaze-medium-navigate-v0,0,gas_reachability_budget_calibrated,none,1,45,1,,15,,0.5760869565217391,,57.33620071411133,2.034430265426636,3.616712093353272,2.9148936170212765,1.0,47.0,3.420147473466372,32,0.9846381246885584
antmaze-medium-navigate-v0,0,gas_reachability_budget_calibrated,none,2,46,1,,15,,0.6470588235294118,,56.076786041259766,4.0818939208984375,4.787221431732178,3.857142857142857,1.0,21.0,10.307138171957758,14,1.0
antmaze-medium-navigate-v0,0,gas_reachability_budget_calibrated,none,3,47,0,,15,4,0.0236220472440944,,21.60695075988769,21.35888290405273,31.06681251525879,8.904761904761905,9.0,42.0,1.0133591798181865,917,1.0
antmaze-medium-navigate-v0,0,gas_reachability_budget_calibrated,none,4,48,1,,15,,0.6078431372549019,,50.640655517578125,0.5884320139884949,0.5884320139884949,4.0,1.0,19.0,1.2571634427169265,13,0.977471701916236
antmaze-medium-navigate-v0,0,gas_reachability_budget_calibrated,none,5,49,1,,15,,0.7777777777777778,,47.07262802124024,2.7228240966796875,2.7228240966796875,1.7073170731707317,1.0,41.0,2.0098127506945067,9,0.9680329928062853
antmaze-medium-navigate-v0,0,gas_reachability_budget_calibrated,none,1,50,1,,15,,0.75,,58.08950424194336,1.2488431930541992,1.8209327459335327,2.523809523809524,1.0,42.0,2.525321727217501,27,0.967231207628026
antmaze-medium-navigate-v0,0,gas_reachability_budget_calibrated,none,2,51,1,,15,,0.7702702702702703,,55.846004486083984,3.893015146255493,4.807559967041016,2.1555555555555554,1.0,45.0,1.9824367453755685,20,0.9949613011984989
antmaze-medium-navigate-v0,0,gas_reachability_budget_calibrated,none,3,52,1,,15,,0.5272727272727272,,22.523941040039062,1.2711002826690674,1.6174073219299316,3.523809523809524,1.0,21.0,1.0313684840403603,16,0.97382448860655
antmaze-medium-navigate-v0,0,gas_reachability_budget_calibrated,none,4,53,1,,19,,0.6078431372549019,,53.657470703125,3.227164030075073,3.5256145000457764,4.2,1.0,20.0,2.5274909197634448,12,0.9661077612936001
antmaze-medium-navigate-v0,0,gas_reachability_budget_calibrated,none,5,54,1,,15,,0.7254901960784313,,49.2242317199707,3.1963250637054443,3.4878592491149902,2.2222222222222223,1.0,27.0,2.5744755682406444,9,0.9693443478917568
antmaze-medium-navigate-v0,0,gas_reachability_budget_calibrated,none,1,55,1,,15,,0.6607142857142857,,56.171043395996094,0.7886961698532104,1.477230668067932,3.260869565217391,1.0,23.0,2.669295446525273,18,0.968593453483897
antmaze-medium-navigate-v0,0,gas_reachability_budget_calibrated,none,2,56,1,,15,,0.7625,,56.73558807373047,3.772420644760132,3.772420644760132,1.9375,1.0,48.0,5.5783137882831095,27,1.0
antmaze-medium-navigate-v0,0,gas_reachability_budget_calibrated,none,3,57,1,,25,,0.515625,,19.517881393432617,1.9960566759109497,2.098881244659424,3.1724137931034484,1.0,29.0,2.0918003277791994,27,0.9595267771194806
antmaze-medium-navigate-v0,0,gas_reachability_budget_calibrated,none,4,58,1,,27,,0.6,,51.65047073364258,3.146245241165161,3.466503620147705,3.0,1.0,30.0,2.19638933293134,18,0.9550277056156368
antmaze-medium-navigate-v0,0,gas_reachability_budget_calibrated,none,5,59,1,,20,,0.9411764705882352,,50.04998016357422,0.8518198728561401,0.8518198728561401,1.1636363636363636,1.0,165.0,1.9392187954429045,40,0.9614204206209912
antmaze-medium-navigate-v0,0,gas_reachability_budget_calibrated,none,1,60,1,,15,,0.7790697674418605,,58.54945373535156,0.9691911935806274,3.1812400817871094,2.0,1.0,54.0,2.6346669395075506,19,0.9786537365704953
antmaze-medium-navigate-v0,0,gas_reachability_budget_calibrated,none,2,61,1,,15,,0.660377358490566,,56.41398239135742,1.1783294677734375,1.5256452560424805,3.727272727272727,1.0,22.0,3.695176720082326,15,0.9942604776943106
antmaze-medium-navigate-v0,0,gas_reachability_budget_calibrated,none,3,62,1,,15,,0.5918367346938775,,18.78135299682617,1.7737363576889038,2.081286907196045,2.44,1.0,25.0,0.909579807471948,10,0.9475426699741823
antmaze-medium-navigate-v0,0,gas_reachability_budget_calibrated,none,4,63,0,,15,463,0.924,,53.09239196777344,0.7647460103034973,2.9647202491760254,1.249448123620309,1.0,453.0,2.86103983266499,129,0.9906682898791146
antmaze-medium-navigate-v0,0,gas_reachability_budget_calibrated,none,5,64,1,,17,,0.8,,48.82916641235352,2.509032964706421,3.41810154914856,1.7209302325581397,1.0,43.0,3.2567034989966364,11,0.9603800141313976
antmaze-medium-navigate-v0,0,gas_reachability_budget_calibrated,none,1,65,1,,15,,0.6666666666666666,,58.05585861206055,3.257710695266724,4.616830348968506,2.72972972972973,1.0,37.0,1.8097657701380645,16,0.9859082820862234
antmaze-medium-navigate-v0,0,gas_reachability_budget_calibrated,none,2,66,1,,15,,0.6607142857142857,,56.50048065185547,4.995297908782959,5.934678554534912,3.230769230769231,1.0,26.0,3.729014705389101,12,1.0
antmaze-medium-navigate-v0,0,gas_reachability_budget_calibrated,none,3,67,0,,16,7,0.0465116279069767,,23.244903564453125,22.794153213500977,31.594942092895508,8.878048780487806,9.0,41.0,0.8608338710323435,875,1.0
antmaze-medium-navigate-v0,0,gas_reachability_budget_calibrated,none,4,68,1,,25,,0.6037735849056604,,50.34423828125,2.5199296474456787,2.828675985336304,3.9130434782608696,1.0,23.0,1.1789631878237425,11,0.949064912558328
antmaze-medium-navigate-v0,0,gas_reachability_budget_calibrated,none,5,69,1,,16,,0.6326530612244898,,48.25093460083008,4.886160850524902,5.135549068450928,2.5217391304347827,1.0,23.0,2.3424725680573397,13,0.9785556725678012
antmaze-medium-navigate-v0,0,gas_reachability_budget_calibrated,none,1,70,1,,15,,0.949748743718593,,57.05185317993164,0.5854023098945618,3.768137693405152,1.1538461538461535,1.0,364.0,4.067974176038274,123,0.98899115869024
antmaze-medium-navigate-v0,0,gas_reachability_budget_calibrated,none,2,71,1,,15,,0.6140350877192983,,57.03047561645508,4.169139862060547,4.790621280670166,3.739130434782609,1.0,23.0,2.8933513847223757,16,0.9948667478832302
antmaze-medium-navigate-v0,0,gas_reachability_budget_calibrated,none,3,72,1,,15,,0.5806451612903226,,22.27996635437012,2.0551347732543945,3.304095268249512,2.3870967741935485,1.0,31.0,5.285763910906852,24,0.9694934964981461
antmaze-medium-navigate-v0,0,gas_reachability_budget_calibrated,none,4,73,1,,15,,0.6666666666666666,,52.52032852172852,2.7656595706939697,3.4598515033721924,3.8260869565217392,1.0,23.0,1.7757480190884685,14,0.9812542162224229
antmaze-medium-navigate-v0,0,gas_reachability_budget_calibrated,none,5,74,1,,15,,0.8674698795180723,,48.22536087036133,1.921709418296814,1.9509265422821045,1.4262295081967211,1.0,61.0,1.7607983298167045,13,0.9605128618557568
antmaze-medium-navigate-v0,0,gas_reachability_budget_calibrated,none,1,75,1,,15,,0.72,,58.58355712890625,1.043650507926941,1.703222393989563,2.123456790123457,1.0,81.0,4.218384481152534,48,0.9768044289407264
antmaze-medium-navigate-v0,0,gas_reachability_budget_calibrated,none,2,76,1,,15,,0.54,,57.25617980957031,4.617969036102295,4.617969036102295,4.666666666666667,1.0,18.0,1.2264644084597447,14,0.9871462457862882
antmaze-medium-navigate-v0,0,gas_reachability_budget_calibrated,none,3,77,1,,15,,0.8658536585365854,,24.270044326782227,5.609603404998779,5.982075214385986,1.328125,1.0,64.0,0.9618614271140032,13,0.9908064153892836
antmaze-medium-navigate-v0,0,gas_reachability_budget_calibrated,none,4,78,1,,15,,0.7671232876712328,,49.05891036987305,1.8377799987792969,2.1893718242645264,2.261904761904762,1.0,42.0,3.810139914721151,16,0.9844559479272256
antmaze-medium-navigate-v0,0,gas_reachability_budget_calibrated,none,5,79,1,,15,,0.68,,49.57162094116211,2.2694430351257324,2.71963119506836,2.28,1.0,25.0,3.699414162513921,12,0.9743012430940956
antmaze-medium-navigate-v0,0,gas_reachability_budget_calibrated,none,1,80,1,,15,,0.7761194029850746,,57.35931015014648,1.1582539081573486,1.7408539056777954,2.5526315789473686,1.0,38.0,5.230439857295669,16,0.9701487572606057
antmaze-medium-navigate-v0,0,gas_reachability_budget_calibrated,none,2,81,1,,15,,0.673469387755102,,56.710411071777344,2.252823829650879,2.2961151599884038,3.095238095238096,1.0,21.0,5.950883017559009,11,0.980866889522114
antmaze-medium-navigate-v0,0,gas_reachability_budget_calibrated,none,3,82,1,,16,,0.5185185185185185,,20.11336326599121,0.6895639300346375,1.2972530126571655,3.575757575757576,1.0,33.0,0.9800531280965517,22,0.9751597247119116
antmaze-medium-navigate-v0,0,gas_reachability_budget_calibrated,none,4,83,1,,15,,0.5502958579881657,,50.52178955078125,1.998623013496399,4.968765735626221,2.292682926829268,1.0,82.0,2.5309359692820323,78,1.0
antmaze-medium-navigate-v0,0,gas_reachability_budget_calibrated,none,5,84,1,,15,,0.8169014084507042,,47.82374954223633,2.113746404647827,2.2482657432556152,1.6041666666666667,1.0,48.0,1.2158242511675763,13,0.959545500502948
antmaze-medium-navigate-v0,0,gas_reachability_budget_calibrated,none,1,85,1,,17,,0.6712328767123288,,57.48410034179688,1.370712399482727,2.248427152633667,2.918918918918919,1.0,37.0,1.3876768050291208,20,0.9707870276742356
antmaze-medium-navigate-v0,0,gas_reachability_budget_calibrated,none,2,86,1,,15,,0.6956521739130435,,56.45304107666016,4.233797550201416,4.233797550201416,3.6666666666666665,1.0,18.0,2.3051182166363904,9,0.9939238621812542
antmaze-medium-navigate-v0,0,gas_reachability_budget_calibrated,none,3,87,1,,15,,0.6578947368421053,,23.090126037597656,2.187063217163086,2.7636842727661133,2.2222222222222223,1.0,18.0,3.1654803801183533,10,1.0
antmaze-medium-navigate-v0,0,gas_reachability_budget_calibrated,none,4,88,1,,15,,0.64,,52.090126037597656,1.44488787651062,3.466349601745605,3.1052631578947367,1.0,38.0,1.5735479910304362,20,0.9851754055245876
antmaze-medium-navigate-v0,0,gas_reachability_budget_calibrated,none,5,89,1,,15,,0.8461538461538461,,50.26576614379883,1.2840172052383425,1.3039737939834597,1.5535714285714286,1.0,56.0,2.017872787416882,13,0.9541480315709228
antmaze-medium-navigate-v0,0,gas_reachability_budget_calibrated,none,1,90,1,,18,,0.65625,,58.39210891723633,0.9551936388015748,1.8858498334884644,2.838709677419355,1.0,31.0,6.8387321584731415,18,0.9634828004263537
antmaze-medium-navigate-v0,0,gas_reachability_budget_calibrated,none,2,91,1,,15,,0.6111111111111112,,57.080936431884766,4.151316165924072,4.427812576293945,3.85,1.0,20.0,1.9960067988028938,13,0.994243010556722
antmaze-medium-navigate-v0,0,gas_reachability_budget_calibrated,none,3,92,1,,15,,0.631578947368421,,23.745141983032227,1.6810494661331177,1.784533143043518,2.7058823529411766,1.0,17.0,1.2075864544559831,9,0.9880505965963169
antmaze-medium-navigate-v0,0,gas_reachability_budget_calibrated,none,4,93,1,,19,,0.7538461538461538,,52.40130615234375,1.416215419769287,1.436697244644165,2.6944444444444446,1.0,36.0,1.8435349987663083,13,0.945863600082183
antmaze-medium-navigate-v0,0,gas_reachability_budget_calibrated,none,5,94,1,,20,,0.6956521739130435,,49.66120529174805,2.217036485671997,3.1948866844177246,2.4347826086956523,1.0,23.0,2.61807759243429,12,0.9506788258768172
antmaze-medium-navigate-v0,0,gas_reachability_budget_calibrated,none,1,95,1,,15,,0.7534246575342466,,58.56959533691406,1.5500612258911133,2.3794798851013184,2.136363636363636,1.0,44.0,2.2040115716765185,22,0.968992436933436
antmaze-medium-navigate-v0,0,gas_reachability_budget_calibrated,none,2,96,1,,15,,0.6,,56.88508605957031,2.318378448486328,2.318378448486328,4.176470588235294,1.0,17.0,1.3940601271592183,14,0.9724575077593804
antmaze-medium-navigate-v0,0,gas_reachability_budget_calibrated,none,3,97,0,,15,7,0.0465116279069767,,24.599346160888672,21.36777687072754,31.293621063232425,8.926829268292684,9.0,41.0,2.8040972101130865,887,1.0
antmaze-medium-navigate-v0,0,gas_reachability_budget_calibrated,none,4,98,1,,15,,0.3898305084745763,,52.94264221191406,1.2238236665725708,1.2238236665725708,7.794871794871795,1.0,39.0,1.475940101586422,50,0.9890584956513516
antmaze-medium-navigate-v0,0,gas_reachability_budget_calibrated,none,5,99,1,,15,,0.75,,50.149845123291016,3.52463960647583,7.192917823791504,2.0,1.0,33.0,2.7266630818217394,10,0.9957120628929265
antmaze-medium-navigate-v0,2,gas_shortest,none,1,0,1,,15,,0.7384615384615385,,58.47151565551758,1.153910517692566,3.1732594966888428,2.4444444444444446,1.0,36.0,1.95063359713509,14,0.972969441571812
antmaze-medium-navigate-v0,2,gas_shortest,none,2,1,1,,15,,0.6923076923076923,,56.59160232543945,3.3627469539642334,3.846776247024536,3.217391304347826,1.0,23.0,3.3473183084624103,13,0.981112091651491
antmaze-medium-navigate-v0,2,gas_shortest,none,3,2,1,,15,,0.576271186440678,,21.120946884155277,1.3165127038955688,1.3165127038955688,3.1153846153846154,1.0,26.0,0.7443361449370016,34,0.9815735186250937
antmaze-medium-navigate-v0,2,gas_shortest,none,4,3,0,,30,39,0.2435897435897435,,51.00700759887695,51.00418472290039,56.96855163574219,13.175,13.0,40.0,1.2748317037113492,305,0.9958963104591861
antmaze-medium-navigate-v0,2,gas_shortest,none,5,4,1,,15,,0.8848920863309353,,50.92147064208984,2.80153226852417,2.80153226852417,1.336283185840708,1.0,113.0,6.237981822946679,34,0.9725848357659423
antmaze-medium-navigate-v0,2,gas_shortest,none,1,5,1,,16,,0.6140350877192983,,56.81436920166016,4.71031665802002,4.71031665802002,3.3181818181818183,1.0,22.0,1.7508954311932061,14,0.9841484478859089
antmaze-medium-navigate-v0,2,gas_shortest,none,2,6,1,,15,,0.6538461538461539,,57.12706756591797,3.127794981002808,3.132603883743286,3.952380952380953,1.0,21.0,5.68875221054217,13,0.9891668084253814
antmaze-medium-navigate-v0,2,gas_shortest,none,3,7,1,,21,,0.5121951219512195,,19.28072929382324,1.706861138343811,3.18830943107605,3.2564102564102564,1.0,39.0,0.9709359031498201,34,0.9737845720899816
antmaze-medium-navigate-v0,2,gas_shortest,none,4,8,1,,25,,0.6615384615384615,,52.17810821533203,2.5139949321746826,2.896918296813965,3.03125,1.0,32.0,2.164394718236219,14,0.968503092064129
antmaze-medium-navigate-v0,2,gas_shortest,none,5,9,1,,15,,0.78125,,48.01749801635742,2.6777336597442627,3.292211532592773,1.804878048780488,1.0,41.0,2.7549982543900855,11,0.9738813679423974
antmaze-medium-navigate-v0,2,gas_shortest,none,1,10,1,,15,,0.647887323943662,,56.67463302612305,2.1047234535217285,2.7149248123168945,2.794117647058824,1.0,34.0,3.2330106391957663,17,0.9754968670940084
antmaze-medium-navigate-v0,2,gas_shortest,none,2,11,1,,15,,0.7068965517241379,,56.64173889160156,4.188748359680176,5.090355396270752,2.533333333333333,1.0,30.0,2.6349017594662962,11,0.9912112739560061
antmaze-medium-navigate-v0,2,gas_shortest,none,3,12,1,,15,,0.5555555555555556,,24.306379318237305,2.6619787216186523,3.3462319374084477,3.230769230769231,1.0,26.0,2.200273140905968,20,1.0
antmaze-medium-navigate-v0,2,gas_shortest,none,4,13,0,,15,45,0.2784810126582278,,54.47196960449219,16.896211624145508,24.947362899780277,8.128205128205128,5.0,39.0,2.661191503350862,236,0.9974165741469242
antmaze-medium-navigate-v0,2,gas_shortest,none,5,14,1,,15,,0.8760330578512396,,48.96856689453125,1.1982009410858154,4.5857038497924805,1.316326530612245,1.0,98.0,2.493751913943337,29,0.980394483649324
antmaze-medium-navigate-v0,2,gas_shortest,none,1,15,1,,15,,0.5806451612903226,,57.27536010742188,3.3948001861572266,3.3948001861572266,3.5,1.0,26.0,2.240680816423848,14,0.9802440195886208
antmaze-medium-navigate-v0,2,gas_shortest,none,2,16,1,,15,,0.8444444444444444,,57.22451019287109,2.092645168304444,2.3719820976257324,1.640625,1.0,64.0,1.814319573069184,14,0.9754379627983433
antmaze-medium-navigate-v0,2,gas_shortest,none,3,17,1,,15,,0.4363636363636363,,23.600860595703125,1.1892566680908203,1.5907158851623535,3.523809523809524,1.0,21.0,1.0688579258941264,24,0.9640086336063584
antmaze-medium-navigate-v0,2,gas_shortest,none,4,18,0,,20,3,0.0157480314960629,,50.86488342285156,50.73595428466797,56.00114822387695,13.023809523809524,13.0,42.0,0.7482440515901334,935,0.9286434379074368
antmaze-medium-navigate-v0,2,gas_shortest,none,5,19,0,,15,48,0.2901234567901234,,48.64152145385742,22.7895450592041,23.616323471069336,4.461538461538462,4.0,39.0,1.6765326715651383,347,1.0
antmaze-medium-navigate-v0,2,gas_shortest,none,1,20,1,,15,,0.6375,,57.859161376953125,1.0155792236328125,3.9669618606567374,3.0526315789473686,1.0,38.0,5.426181847542616,22,0.9846641075368944
antmaze-medium-navigate-v0,2,gas_shortest,none,2,21,1,,15,,0.6730769230769231,,57.26214599609375,2.597320079803467,2.853806257247925,3.1739130434782608,1.0,23.0,1.1252066715941176,10,0.9904696826383618
antmaze-medium-navigate-v0,2,gas_shortest,none,3,22,1,,15,,0.8061224489795918,,24.067930221557617,2.858943462371826,4.381481647491455,1.4305555555555556,1.0,72.0,1.3935533083939098,17,0.984534460588291
antmaze-medium-navigate-v0,2,gas_shortest,none,4,23,1,,24,,0.6865671641791045,,53.634952545166016,4.336978435516357,4.336978435516357,2.5277777777777777,1.0,36.0,1.5868477410535968,16,0.9668531468063584
antmaze-medium-navigate-v0,2,gas_shortest,none,5,24,1,,19,,0.6,,48.13787841796875,4.651595592498779,4.651595592498779,3.0,1.0,19.0,2.5141409330038744,9,0.973343193673022
antmaze-medium-navigate-v0,2,gas_shortest,none,1,25,1,,17,,0.813953488372093,,57.30662536621094,2.8346915245056152,5.405703067779541,1.6521739130434785,1.0,92.0,1.814548183321244,24,0.9890136101622253
antmaze-medium-navigate-v0,2,gas_shortest,none,2,26,1,,15,,0.6274509803921569,,56.26776123046875,2.693058013916016,3.2888379096984863,4.0,1.0,21.0,4.049209060438693,13,0.9799989007817204
antmaze-medium-navigate-v0,2,gas_shortest,none,3,27,1,,15,,0.6944444444444444,,23.4639949798584,1.50373375415802,1.670589804649353,2.1666666666666665,1.0,18.0,0.9460971102542141,9,0.9653593079874717
antmaze-medium-navigate-v0,2,gas_shortest,none,4,28,1,,15,,0.6181818181818182,,51.755950927734375,1.5324387550354004,1.781849980354309,3.857142857142857,1.0,21.0,2.2217428426489825,16,0.9528409205415214
antmaze-medium-navigate-v0,2,gas_shortest,none,5,29,1,,17,,0.7142857142857143,,46.88606262207031,3.754217624664306,4.533500671386719,2.0,1.0,26.0,1.1661338470535971,11,0.9716174074926465
antmaze-medium-navigate-v0,2,gas_shortest,none,1,30,1,,15,,0.6941176470588235,,58.117034912109375,1.0936737060546875,3.030179262161255,2.346938775510204,1.0,49.0,1.6440309979718934,14,0.976651872129504
antmaze-medium-navigate-v0,2,gas_shortest,none,2,31,1,,15,,0.7083333333333334,,57.049312591552734,1.9658608436584477,2.116361141204834,3.0454545454545454,1.0,22.0,3.428348155894003,11,0.9788528296702024
antmaze-medium-navigate-v0,2,gas_shortest,none,3,32,1,,16,,0.6046511627906976,,21.67656707763672,0.6748626232147217,0.6748626232147217,2.333333333333333,1.0,24.0,0.6047543515307573,15,0.932502146455932
antmaze-medium-navigate-v0,2,gas_shortest,none,4,33,1,,25,,0.5423728813559322,,52.81328201293945,0.9853917956352234,1.248483419418335,4.454545454545454,1.0,22.0,1.8872693770918876,18,0.9505266637941276
antmaze-medium-navigate-v0,2,gas_shortest,none,5,34,1,,15,,0.8942307692307693,,49.78598785400391,2.8264548778533936,4.930279731750488,1.313253012048193,1.0,83.0,1.1700948531534605,24,0.9814539493027173
antmaze-medium-navigate-v0,2,gas_shortest,none,1,35,1,,15,,0.5869565217391305,,57.85982131958008,3.007706642150879,3.306434392929077,3.3488372093023258,1.0,43.0,4.28510357322799,33,0.9858029584794112
antmaze-medium-navigate-v0,2,gas_shortest,none,2,36,1,,15,,0.6818181818181818,,57.131160736083984,2.744809865951538,4.357290744781494,2.787878787878788,1.0,33.0,3.050196180744057,13,0.9852328917663472
antmaze-medium-navigate-v0,2,gas_shortest,none,3,37,1,,17,,0.6410256410256411,,23.71776008605957,2.210761547088623,2.262821674346924,2.1578947368421053,1.0,19.0,0.8115716525579161,6,0.9465267798215521
antmaze-medium-navigate-v0,2,gas_shortest,none,4,38,1,,23,,0.6470588235294118,,50.57975769042969,3.2749569416046143,3.562356948852539,3.0454545454545454,1.0,22.0,3.872003218560675,13,0.9552202371012088
antmaze-medium-navigate-v0,2,gas_shortest,none,5,39,1,,15,,0.6545454545454545,,49.04965972900391,2.5175468921661377,2.7290682792663574,2.413793103448276,1.0,29.0,1.494090952424152,10,0.9732449289847348
antmaze-medium-navigate-v0,2,gas_shortest,none,1,40,1,,16,,0.7719298245614035,,56.52058792114258,1.2093074321746826,1.939752459526062,2.34375,1.0,32.0,1.2724101731009734,17,0.9626771922713762
antmaze-medium-navigate-v0,2,gas_shortest,none,2,41,1,,15,,0.625,,56.320159912109375,4.146102428436279,4.146102428436279,3.842105263157895,1.0,19.0,1.3905619642570173,12,0.9869129757162846
antmaze-medium-navigate-v0,2,gas_shortest,none,3,42,0,,15,46,0.2760736196319018,,22.369489669799805,22.369478225708008,25.39350700378418,6.35,6.0,40.0,1.1892519289611185,325,1.0
antmaze-medium-navigate-v0,2,gas_shortest,none,4,43,1,,15,,0.6181818181818182,,54.11996078491211,2.855535984039306,2.870381116867065,2.3448275862068964,1.0,58.0,1.6226202038437485,38,0.9793564497255014
antmaze-medium-navigate-v0,2,gas_shortest,none,5,44,1,,15,,0.7551020408163265,,49.3006706237793,3.4220964908599854,3.78186297416687,1.8928571428571428,1.0,28.0,2.006376907657668,10,0.9787005012778598
antmaze-medium-navigate-v0,2,gas_shortest,none,1,45,1,,15,,0.6376811594202898,,56.96552276611328,0.9705571532249452,2.7302095890045166,2.9,1.0,30.0,2.8421761101939182,25,0.982878880271871
antmaze-medium-navigate-v0,2,gas_shortest,none,2,46,1,,15,,0.5238095238095238,,57.123905181884766,7.433028697967529,7.701256275177002,6.5,1.0,10.0,1.8893818632279378,13,1.0
antmaze-medium-navigate-v0,2,gas_shortest,none,3,47,1,,15,,0.6792452830188679,,16.781829833984375,1.832703948020935,2.639538049697876,2.4615384615384617,1.0,26.0,1.5217872391357894,18,0.9798264505345464
antmaze-medium-navigate-v0,2,gas_shortest,none,4,48,1,,25,,0.3741007194244604,,52.40890121459961,3.180461883544922,3.204033851623535,7.478260869565218,1.0,46.0,1.1778838472345745,59,0.9856384258538502
antmaze-medium-navigate-v0,2,gas_shortest,none,5,49,1,,15,,0.8125,,49.67691040039063,2.7903826236724854,3.218247175216675,1.6140350877192982,1.0,57.0,6.900737473958501,14,0.9622959646060097
antmaze-medium-navigate-v0,2,gas_shortest,none,1,50,1,,15,,0.7474747474747475,,57.972599029541016,1.695947766304016,2.7476229667663574,2.2857142857142856,1.0,63.0,7.226382296731275,23,0.9768351485742048
antmaze-medium-navigate-v0,2,gas_shortest,none,2,51,1,,15,,0.66,,56.72421646118164,4.326260089874268,6.175805568695068,3.136363636363636,1.0,22.0,3.1730885429396225,14,1.0
antmaze-medium-navigate-v0,2,gas_shortest,none,3,52,1,,15,,0.6739130434782609,,21.852598190307617,1.9472442865371704,2.5717899799346924,2.083333333333333,1.0,24.0,1.0209216986796572,11,0.9856202046757925
antmaze-medium-navigate-v0,2,gas_shortest,none,4,53,1,,35,,0.6792452830188679,,50.145484924316406,2.1785519123077397,2.19944167137146,3.28,1.0,25.0,1.1157468871991172,13,0.9301291069316417
antmaze-medium-navigate-v0,2,gas_shortest,none,5,54,1,,17,,0.7777777777777778,,50.34697341918945,1.6594321727752686,1.6594321727752686,1.74468085106383,1.0,47.0,2.251846813010806,14,0.9616148441102716
antmaze-medium-navigate-v0,2,gas_shortest,none,1,55,1,,18,,0.7088607594936709,,57.7018928527832,1.8376251459121704,1.8376251459121704,2.4444444444444446,1.0,45.0,1.895886058369548,11,0.9659651743760176
antmaze-medium-navigate-v0,2,gas_shortest,none,2,56,1,,15,,0.5769230769230769,,57.3427619934082,4.559023857116699,4.559023857116699,4.333333333333333,1.0,18.0,0.9162834640509193,15,0.9917166859667252
antmaze-medium-navigate-v0,2,gas_shortest,none,3,57,1,,15,,0.6829268292682927,,22.97563934326172,5.046490669250488,5.4110636711120605,2.2857142857142856,1.0,21.0,1.0258814234191458,10,0.9915300492658092
antmaze-medium-navigate-v0,2,gas_shortest,none,4,58,1,,19,,0.6666666666666666,,51.6053581237793,1.079724669456482,1.4380576610565186,2.78125,1.0,32.0,0.9563624373895774,12,0.9461976539674741
antmaze-medium-navigate-v0,2,gas_shortest,none,5,59,1,,18,,0.6875,,49.70835113525391,2.185025453567505,2.279038906097412,2.347826086956522,1.0,23.0,2.036652715632745,10,0.9617559736755878
antmaze-medium-navigate-v0,2,gas_shortest,none,1,60,1,,15,,0.7654320987654321,,57.67942810058594,1.791153907775879,2.955571174621582,2.16,1.0,50.0,6.159129606190597,18,0.976040510764686
antmaze-medium-navigate-v0,2,gas_shortest,none,2,61,1,,15,,0.6779661016949152,,56.1225700378418,6.399173259735107,6.564672470092773,3.5,1.0,26.0,3.411127248980497,14,0.9993934035820661
antmaze-medium-navigate-v0,2,gas_shortest,none,3,62,0,,17,6,0.0387596899224806,,21.826339721679688,21.826339721679688,29.020490646362305,8.0,8.0,42.0,1.4453067223786882,901,0.9903637681995817
antmaze-medium-navigate-v0,2,gas_shortest,none,4,63,1,,40,,0.5614035087719298,,50.895545959472656,4.015392780303955,4.015392780303955,3.875,1.0,24.0,0.9528917951739206,20,0.955092478819086
antmaze-medium-navigate-v0,2,gas_shortest,none,5,64,1,,15,,0.8351648351648352,,48.24819946289063,1.951355457305908,2.0536251068115234,1.5441176470588236,1.0,68.0,1.4134886288274275,15,0.9699999314577264
antmaze-medium-navigate-v0,2,gas_shortest,none,1,65,1,,17,,0.7204301075268817,,56.92423629760742,1.2724844217300415,1.9347127676010127,2.1481481481481484,1.0,54.0,3.482854274946473,22,0.9744278787313096
antmaze-medium-navigate-v0,2,gas_shortest,none,2,66,1,,15,,0.6415094339622641,,57.10127258300781,5.611236572265625,6.262622356414795,3.4761904761904763,1.0,21.0,1.9602640654556307,16,1.0
antmaze-medium-navigate-v0,2,gas_shortest,none,3,67,1,,15,,0.7575757575757576,,22.08284568786621,1.2398641109466553,1.7050501108169556,1.608695652173913,1.0,69.0,2.4307436379009406,29,0.9653566929260136
antmaze-medium-navigate-v0,2,gas_shortest,none,4,68,1,,15,,0.5657894736842105,,52.959808349609375,2.167381048202514,2.167381048202514,3.696969696969697,1.0,33.0,1.5272133412675717,19,0.9672752414653333
antmaze-medium-navigate-v0,2,gas_shortest,none,5,69,1,,15,,0.6808510638297872,,48.220516204833984,3.612693309783936,3.7164695262908936,2.5217391304347827,1.0,23.0,3.424471911113564,12,0.9650938969679644
antmaze-medium-navigate-v0,2,gas_shortest,none,1,70,1,,15,,0.6714285714285714,,57.20858001708984,1.8712470531463623,2.201744556427002,2.555555555555556,1.0,36.0,1.581281182996315,21,0.9702082386628497
antmaze-medium-navigate-v0,2,gas_shortest,none,2,71,1,,15,,0.7777777777777778,,56.75619125366211,4.1747002601623535,5.138024806976318,2.037037037037037,1.0,54.0,1.000353309160677,16,0.9885505532038288
antmaze-medium-navigate-v0,2,gas_shortest,none,3,72,1,,15,,0.56,,21.7726993560791,1.6145285367965698,2.3008158206939697,3.35,1.0,20.0,1.1640442699731646,21,0.9689503004454636
antmaze-medium-navigate-v0,2,gas_shortest,none,4,73,1,,26,,0.6904761904761905,,51.13615036010742,2.283844470977783,2.283844470977783,2.693877551020408,1.0,49.0,2.8208181348485124,29,0.9611317529153984
antmaze-medium-navigate-v0,2,gas_shortest,none,5,74,1,,15,,0.7313432835820896,,49.32353591918945,4.034849643707275,5.596902847290039,1.85,1.0,40.0,5.49441097127123,13,0.9829279240379364
antmaze-medium-navigate-v0,2,gas_shortest,none,1,75,1,,15,,0.6910569105691057,,57.46490859985352,1.184464931488037,1.240090250968933,2.136986301369863,1.0,73.0,4.821180368053126,41,0.9802785668067137
antmaze-medium-navigate-v0,2,gas_shortest,none,2,76,1,,15,,0.5833333333333334,,57.2691650390625,1.0797240734100342,1.918050765991211,4.705882352941177,1.0,17.0,1.5959638903416253,14,0.9759178993950957
antmaze-medium-navigate-v0,2,gas_shortest,none,3,77,1,,15,,0.5625,,23.57058525085449,1.7783340215682983,2.886765241622925,3.3,1.0,20.0,1.3005588465433828,19,0.9936804994737641
antmaze-medium-navigate-v0,2,gas_shortest,none,4,78,1,,19,,0.7471264367816092,,52.05747222900391,2.1119186878204346,2.5687313079833984,2.145454545454545,1.0,55.0,1.309412983022008,15,0.9507786285346781
antmaze-medium-navigate-v0,2,gas_shortest,none,5,79,1,,15,,0.9032258064516128,,47.98534393310547,1.4022066593170166,1.4022066593170166,1.213740458015267,1.0,131.0,1.83115087335651,21,0.9582359088684121
antmaze-medium-navigate-v0,2,gas_shortest,none,1,80,1,,15,,0.8360655737704918,,57.1306266784668,1.4886653423309326,3.306190490722656,1.5888888888888888,1.0,90.0,5.027753532948801,21,0.9732880226394088
antmaze-medium-navigate-v0,2,gas_shortest,none,2,81,1,,15,,0.6666666666666666,,57.01871871948242,1.771850824356079,2.429645538330078,3.3461538461538463,1.0,26.0,3.4917648489569095,12,0.9788740279895053
antmaze-medium-navigate-v0,2,gas_shortest,none,3,82,1,,21,,0.6666666666666666,,19.6514835357666,1.56019127368927,1.56019127368927,2.0434782608695654,1.0,23.0,1.6608918834669162,7,0.9249772356530586
antmaze-medium-navigate-v0,2,gas_shortest,none,4,83,1,,22,,0.5,,52.6328239440918,2.029259204864502,2.324031114578247,5.0,1.0,29.0,1.763488265882865,20,0.9627625810763826
antmaze-medium-navigate-v0,2,gas_shortest,none,5,84,1,,15,,0.6829268292682927,,48.482051849365234,3.072390556335449,3.297903537750244,2.5789473684210527,1.0,19.0,1.209087425445498,10,0.9727635950387642
antmaze-medium-navigate-v0,2,gas_shortest,none,1,85,1,,21,,0.6923076923076923,,56.13786697387695,0.5699983239173889,2.630168199539185,2.333333333333333,1.0,45.0,2.5586562673162,13,0.9700772790459121
antmaze-medium-navigate-v0,2,gas_shortest,none,2,86,1,,15,,0.6382978723404256,,56.306396484375,5.228670120239258,6.565221786499023,3.6666666666666665,1.0,18.0,4.26704985564092,13,0.9964408749731717
antmaze-medium-navigate-v0,2,gas_shortest,none,3,87,1,,15,,0.5,,23.331153869628903,2.1297266483306885,2.1297266483306885,3.52,1.0,25.0,0.8422083731670205,21,0.9877767302676732
antmaze-medium-navigate-v0,2,gas_shortest,none,4,88,1,,32,,0.7912087912087912,,48.549407958984375,0.6845774054527283,2.514573574066162,1.852459016393443,1.0,61.0,3.6557289977434992,17,0.9498106702426264
antmaze-medium-navigate-v0,2,gas_shortest,none,5,89,1,,18,,0.87,,48.92400741577149,1.4498354196548462,1.5728639364242554,1.4210526315789471,1.0,76.0,4.058126290556179,17,0.9576838818355436
antmaze-medium-navigate-v0,2,gas_shortest,none,1,90,1,,15,,0.7228915662650602,,57.00948715209961,1.561265230178833,3.3214588165283203,2.145833333333333,1.0,48.0,3.5128445378621223,16,0.980943487469554
antmaze-medium-navigate-v0,2,gas_shortest,none,2,91,1,,15,,0.8157894736842105,,56.60180282592773,4.060999393463135,6.392161846160889,1.6829268292682926,1.0,82.0,2.8192796543708307,32,0.9947161931998914
antmaze-medium-navigate-v0,2,gas_shortest,none,3,92,1,,15,,0.5272727272727272,,22.96196746826172,1.3157509565353394,1.461071491241455,3.409090909090909,1.0,22.0,1.140678437935888,21,0.9881225223067721
antmaze-medium-navigate-v0,2,gas_shortest,none,4,93,1,,23,,0.4891304347826087,,49.5440788269043,1.9315648078918457,1.9315648078918457,3.4444444444444446,1.0,36.0,1.147978388126317,30,0.9686514268472366
antmaze-medium-navigate-v0,2,gas_shortest,none,5,94,1,,15,,0.8103448275862069,,46.96163177490234,1.4115039110183716,1.5167003870010376,1.7297297297297298,1.0,37.0,2.5312138689692505,9,0.95590705338515
antmaze-medium-navigate-v0,2,gas_shortest,none,1,95,1,,15,,0.6491228070175439,,56.95670700073242,1.727513074874878,2.0670015811920166,3.583333333333333,1.0,24.0,3.583863259980396,19,0.9707899096551388
antmaze-medium-navigate-v0,2,gas_shortest,none,2,96,1,,15,,0.6779661016949152,,56.3266830444336,3.5203850269317627,5.908895969390869,3.0,1.0,28.0,3.764639338462176,17,1.0
antmaze-medium-navigate-v0,2,gas_shortest,none,3,97,1,,15,,0.7272727272727273,,23.23959732055664,2.1615161895751958,2.291815280914306,2.176470588235294,1.0,17.0,1.2050796310163772,8,0.9415028741043204
antmaze-medium-navigate-v0,2,gas_shortest,none,4,98,1,,16,,0.55,,52.17124557495117,0.5631647706031799,1.4926661252975464,3.0681818181818183,1.0,44.0,2.045986673478694,36,0.9705058803016752
antmaze-medium-navigate-v0,2,gas_shortest,none,5,99,1,,23,,0.8715596330275229,,50.12052536010742,1.1921910047531128,1.719074249267578,1.4,1.0,85.0,2.322274774724244,12,0.955562280679028
antmaze-medium-navigate-v0,2,gas_reachability_soft_calibrated,none,1,0,1,,15,,0.7285714285714285,,58.54621124267578,2.582569360733032,2.794147729873657,2.621621621621621,1.0,37.0,8.060978175204994,19,0.9750415031433444
antmaze-medium-navigate-v0,2,gas_reachability_soft_calibrated,none,2,1,1,,15,,0.8461538461538461,,56.60028076171875,1.6576998233795166,2.985557079315185,1.6551724137931034,1.0,87.0,2.9457026791050875,25,0.9954362484600464
antmaze-medium-navigate-v0,2,gas_reachability_soft_calibrated,none,3,2,1,,15,,0.546875,,21.009180068969727,1.345284104347229,1.7224448919296265,3.68,1.0,25.0,3.0441266264904385,23,0.9864558819170528
antmaze-medium-navigate-v0,2,gas_reachability_soft_calibrated,none,4,3,0,,15,24,0.1642857142857142,,51.00123977661133,15.448463439941406,23.57875061035156,5.205128205128205,4.0,39.0,5.746660740453928,752,1.0
antmaze-medium-navigate-v0,2,gas_reachability_soft_calibrated,none,5,4,1,,15,,0.8987341772151899,,50.54883193969727,2.389299154281616,3.169231653213501,1.2727272727272727,1.0,132.0,3.1042279343518815,32,0.9749497587771345
antmaze-medium-navigate-v0,2,gas_reachability_soft_calibrated,none,1,5,1,,16,,0.7125,,56.97019958496094,3.7701244354248047,3.7701244354248047,2.3488372093023258,1.0,43.0,1.6563629474190464,14,0.9806617347440942
antmaze-medium-navigate-v0,2,gas_reachability_soft_calibrated,none,2,6,1,,15,,0.6724137931034483,,57.0522689819336,3.1230309009552,3.469668388366699,3.32,1.0,25.0,2.488486099798152,15,0.991544626036503
antmaze-medium-navigate-v0,2,gas_reachability_soft_calibrated,none,3,7,0,,21,6,0.0390625,,21.7838191986084,21.78214454650879,32.399925231933594,8.146341463414634,8.0,41.0,0.9157050915690925,782,1.0
antmaze-medium-navigate-v0,2,gas_reachability_soft_calibrated,none,4,8,1,,15,,0.7183098591549296,,52.66838455200195,1.2136266231536863,1.454598307609558,3.0294117647058822,1.0,34.0,3.3730979311577056,21,0.9944168159966492
antmaze-medium-navigate-v0,2,gas_reachability_soft_calibrated,none,5,9,1,,18,,0.6842105263157895,,48.52481842041016,1.4146538972854614,1.4146538972854614,2.4482758620689653,1.0,29.0,1.5102308566192106,13,0.9572196388052088
antmaze-medium-navigate-v0,2,gas_reachability_soft_calibrated,none,1,10,1,,15,,0.6,,56.69793701171875,3.269116878509521,4.192652225494385,3.65625,1.0,32.0,1.775439220337966,21,0.9812797697529564
antmaze-medium-navigate-v0,2,gas_reachability_soft_calibrated,none,2,11,1,,15,,0.6607142857142857,,56.44911193847656,5.34491777420044,6.188401222229004,3.25,1.0,24.0,3.394229619995212,17,1.0
antmaze-medium-navigate-v0,2,gas_reachability_soft_calibrated,none,3,12,1,,15,,0.6326530612244898,,24.334657669067383,2.484053134918213,2.484053134918213,2.5217391304347827,1.0,23.0,2.513266888027272,11,0.9957492632743644
antmaze-medium-navigate-v0,2,gas_reachability_soft_calibrated,none,4,13,1,,15,,0.7333333333333333,,54.20740509033203,1.90271520614624,2.028961420059204,3.333333333333333,1.0,27.0,4.047006272747489,17,0.986652625701009
antmaze-medium-navigate-v0,2,gas_reachability_soft_calibrated,none,5,14,1,,15,,0.7297297297297297,,49.16962814331055,1.47325336933136,2.079794406890869,3.125,1.0,16.0,3.7687020947218004,9,0.9565797167252665
antmaze-medium-navigate-v0,2,gas_reachability_soft_calibrated,none,1,15,1,,15,,0.7076923076923077,,57.4398193359375,1.98898720741272,2.6240451335906982,3.15625,1.0,32.0,6.262599490666489,17,0.973839380433672
antmaze-medium-navigate-v0,2,gas_reachability_soft_calibrated,none,2,16,1,,15,,0.8023255813953488,,57.17619705200195,3.170064210891724,4.042559623718262,2.0,1.0,56.0,1.4409833768334794,19,1.0
antmaze-medium-navigate-v0,2,gas_reachability_soft_calibrated,none,3,17,1,,15,,0.5384615384615384,,22.740039825439453,1.6294631958007812,1.6294631958007812,3.5454545454545454,1.0,22.0,1.0688579258941264,20,0.9578291443217892
antmaze-medium-navigate-v0,2,gas_reachability_soft_calibrated,none,4,18,1,,15,,0.7699115044247787,,50.91004943847656,0.7491772770881653,2.101126194000244,1.945945945945946,1.0,74.0,4.399504886043746,36,0.9986757368848482
antmaze-medium-navigate-v0,2,gas_reachability_soft_calibrated,none,5,19,1,,15,,0.6949152542372882,,48.97387313842773,2.088560104370117,2.088560104370117,2.225806451612903,1.0,31.0,7.814056432171062,17,0.9764805157171972
antmaze-medium-navigate-v0,2,gas_reachability_soft_calibrated,none,1,20,1,,15,,0.7402597402597403,,57.93815612792969,0.9842754602432252,2.373729467391968,2.4186046511627906,1.0,43.0,11.149256983640026,20,0.9737919455547408
antmaze-medium-navigate-v0,2,gas_reachability_soft_calibrated,none,2,21,1,,15,,0.7076923076923077,,57.22900390625,2.623281478881836,3.3801686763763428,2.71875,1.0,32.0,4.207516432070419,17,0.9940957768811552
antmaze-medium-navigate-v0,2,gas_reachability_soft_calibrated,none,3,22,1,,15,,0.66,,22.956592559814453,3.105640172958374,3.105640172958374,2.1923076923076925,1.0,26.0,1.3935533083939098,12,0.9739919893302973
antmaze-medium-navigate-v0,2,gas_reachability_soft_calibrated,none,4,23,1,,15,,0.6101694915254238,,53.348575592041016,5.072784423828125,5.072784423828125,3.954545454545455,1.0,22.0,2.3714528203601466,15,1.0
antmaze-medium-navigate-v0,2,gas_reachability_soft_calibrated,none,5,24,1,,19,,0.5925925925925926,,47.48564147949219,4.842677593231201,5.232863903045654,2.863636363636364,1.0,22.0,6.409153731641108,16,0.9819499672343789
antmaze-medium-navigate-v0,2,gas_reachability_soft_calibrated,none,1,25,1,,17,,0.76,,57.33064270019531,0.587992250919342,3.482506275177002,2.151898734177215,1.0,79.0,12.02800191597867,43,0.985376094180859
antmaze-medium-navigate-v0,2,gas_reachability_soft_calibrated,none,2,26,1,,15,,0.6458333333333334,,55.628414154052734,5.186951160430908,5.722783088684082,4.588235294117647,1.0,17.0,5.73220418033903,16,1.0
antmaze-medium-navigate-v0,2,gas_reachability_soft_calibrated,none,3,27,1,,15,,0.7631578947368421,,23.551156997680664,1.6347037553787231,2.3340189456939697,1.9,1.0,20.0,7.781418911550006,9,1.0
antmaze-medium-navigate-v0,2,gas_reachability_soft_calibrated,none,4,28,1,,15,,0.6212121212121212,,51.912353515625,2.7658424377441406,3.458093643188477,3.8461538461538463,1.0,26.0,13.122944728100984,19,0.9955710594342952
antmaze-medium-navigate-v0,2,gas_reachability_soft_calibrated,none,5,29,1,,15,,0.8142857142857143,,47.12230682373047,1.1759693622589111,1.7993028163909912,1.553191489361702,1.0,47.0,5.690997051354082,16,0.9819518711597998
antmaze-medium-navigate-v0,2,gas_reachability_soft_calibrated,none,1,30,1,,15,,0.7291666666666666,,57.95266342163086,0.5310261249542236,2.846400022506714,2.3157894736842106,1.0,57.0,4.026328816979091,23,0.9796461037140652
antmaze-medium-navigate-v0,2,gas_reachability_soft_calibrated,none,2,31,1,,15,,0.6938775510204082,,57.21933364868164,5.558357238769531,5.827914237976074,3.130434782608696,1.0,23.0,3.428348155894003,11,0.998414137462651
antmaze-medium-navigate-v0,2,gas_reachability_soft_calibrated,none,3,32,1,,16,,0.5652173913043478,,21.38078498840332,1.496536374092102,2.343061923980713,2.5217391304347827,1.0,23.0,1.0997063660849766,18,0.9587296140044533
antmaze-medium-navigate-v0,2,gas_reachability_soft_calibrated,none,4,33,0,,15,44,0.2654320987654321,,52.85850524902344,52.73754501342773,56.71672439575195,15.125,15.0,40.0,5.202429551414298,347,1.0
antmaze-medium-navigate-v0,2,gas_reachability_soft_calibrated,none,5,34,1,,15,,0.717391304347826,,50.18449020385742,2.0039422512054443,2.876741647720337,2.3043478260869565,1.0,23.0,2.811094380180144,10,0.9686905039768285
antmaze-medium-navigate-v0,2,gas_reachability_soft_calibrated,none,1,35,1,,15,,0.625,,57.852298736572266,2.9264824390411377,3.232999324798584,4.269230769230769,1.0,26.0,9.887088543505763,23,0.9809334498270866
antmaze-medium-navigate-v0,2,gas_reachability_soft_calibrated,none,2,36,1,,15,,0.6428571428571429,,57.06954574584961,4.257340908050537,5.40360164642334,3.590909090909091,1.0,22.0,4.885348240596176,14,1.0
antmaze-medium-navigate-v0,2,gas_reachability_soft_calibrated,none,3,37,1,,18,,0.6226415094339622,,23.681541442871094,2.125009775161743,2.5830600261688232,2.576923076923077,1.0,26.0,1.8968111295270496,17,0.9618743949151973
antmaze-medium-navigate-v0,2,gas_reachability_soft_calibrated,none,4,38,1,,15,,0.5862068965517241,,51.15522003173828,1.2514424324035645,1.9542932510375977,4.193548387096774,1.0,31.0,8.558626921014087,28,0.9909331020019988
antmaze-medium-navigate-v0,2,gas_reachability_soft_calibrated,none,5,39,1,,33,,0.7846153846153846,,49.05875015258789,1.489916443824768,1.489916443824768,1.8461538461538465,1.0,39.0,6.528584814211477,10,0.9581823449846525
antmaze-medium-navigate-v0,2,gas_reachability_soft_calibrated,none,1,40,1,,16,,0.6060606060606061,,56.71157836914063,0.8296157121658325,1.4961397647857666,4.565217391304348,1.0,23.0,5.299374676485092,22,0.9761528772633298
antmaze-medium-navigate-v0,2,gas_reachability_soft_calibrated,none,2,41,1,,15,,0.625,,56.50358963012695,4.898776054382324,4.898776054382324,4.375,1.0,16.0,1.7998126304581956,16,0.9910720650518637
antmaze-medium-navigate-v0,2,gas_reachability_soft_calibrated,none,3,42,0,,15,46,0.2777777777777778,,21.81345558166504,20.73572158813477,21.38483047485352,6.307692307692308,6.0,39.0,1.5669530750469898,317,1.0
antmaze-medium-navigate-v0,2,gas_reachability_soft_calibrated,none,4,43,1,,15,,0.6226415094339622,,54.26708984375,2.663053512573242,2.663053512573242,4.047619047619048,1.0,21.0,9.80672275358016,13,0.985206922656614
antmaze-medium-navigate-v0,2,gas_reachability_soft_calibrated,none,5,44,1,,15,,0.7758620689655172,,49.8747444152832,3.946445226669312,4.04985237121582,1.911764705882353,1.0,34.0,5.772056762079005,13,0.9846520397618289
antmaze-medium-navigate-v0,2,gas_reachability_soft_calibrated,none,1,45,1,,15,,0.7473684210526316,,57.00590133666992,1.2999396324157717,1.7683607339859009,2.2884615384615383,1.0,52.0,7.393260710292718,32,0.981285509023245
antmaze-medium-navigate-v0,2,gas_reachability_soft_calibrated,none,2,46,1,,15,,0.7192982456140351,,56.96366882324219,5.834360122680664,6.848201274871826,3.107142857142857,1.0,28.0,1.6554902223704888,13,0.9987291278344209
antmaze-medium-navigate-v0,2,gas_reachability_soft_calibrated,none,3,47,1,,15,,0.6444444444444445,,16.75493812561035,1.6073672771453855,1.8231931924819944,3.0,1.0,19.0,2.3459904370204594,18,0.974873800571136
antmaze-medium-navigate-v0,2,gas_reachability_soft_calibrated,none,4,48,0,,15,27,0.1818181818181818,,52.4952278137207,16.46942138671875,25.78435516357422,6.205128205128205,5.0,39.0,8.803129983695703,648,1.0
antmaze-medium-navigate-v0,2,gas_reachability_soft_calibrated,none,5,49,1,,15,,0.7021276595744681,,49.89787673950195,3.718397617340088,4.747321128845215,2.6956521739130435,1.0,23.0,3.346269731793035,12,0.9775473837176432
antmaze-medium-navigate-v0,2,gas_reachability_soft_calibrated,none,1,50,1,,15,,0.6705882352941176,,58.13916015625,3.3037500381469727,3.904400110244751,3.13953488372093,1.0,43.0,7.226382296731275,22,0.9847166786272052
antmaze-medium-navigate-v0,2,gas_reachability_soft_calibrated,none,2,51,1,,15,,0.6825396825396826,,56.65045547485352,3.2101919651031494,4.801217079162598,2.8,1.0,30.0,3.6486324057610933,16,1.0
antmaze-medium-navigate-v0,2,gas_reachability_soft_calibrated,none,3,52,1,,15,,0.7169811320754716,,21.83103370666504,1.6682195663452148,1.8654718399047847,1.9333333333333331,1.0,30.0,1.0209216986796572,12,0.9815512542587118
antmaze-medium-navigate-v0,2,gas_reachability_soft_calibrated,none,4,53,1,,15,,0.5196850393700787,,49.66805267333984,3.232433557510376,4.626191139221191,5.528301886792453,1.0,53.0,2.6291395919650995,45,0.9994446728425473
antmaze-medium-navigate-v0,2,gas_reachability_soft_calibrated,none,5,54,1,,15,,0.7666666666666667,,50.96445846557617,1.777133584022522,1.777133584022522,1.9722222222222223,1.0,36.0,4.68179359195162,13,0.9608648078942944
antmaze-medium-navigate-v0,2,gas_reachability_soft_calibrated,none,1,55,1,,18,,0.7611940298507462,,58.02250671386719,0.9154335260391236,2.5637073516845703,2.473684210526316,1.0,38.0,2.999767309362387,14,0.966859860459722
antmaze-medium-navigate-v0,2,gas_reachability_soft_calibrated,none,2,56,1,,15,,0.8461538461538461,,57.11152648925781,3.063660144805908,4.747142314910889,1.6046511627906976,1.0,86.0,4.755855812416428,26,1.0
antmaze-medium-navigate-v0,2,gas_reachability_soft_calibrated,none,3,57,1,,15,,0.6904761904761905,,22.49003028869629,4.522748947143555,4.976411819458008,2.227272727272727,1.0,22.0,1.0258814234191458,10,0.9884939134164793
antmaze-medium-navigate-v0,2,gas_reachability_soft_calibrated,none,4,58,1,,15,,0.7096774193548387,,51.45307540893555,3.36104416847229,3.782339811325073,3.0,1.0,28.0,4.177494285655041,18,1.0
antmaze-medium-navigate-v0,2,gas_reachability_soft_calibrated,none,5,59,1,,17,,0.7241379310344828,,49.54498672485352,0.6589341163635254,0.6589341163635254,2.2580645161290325,1.0,31.0,3.0269566617504275,10,0.9586545829074994
antmaze-medium-navigate-v0,2,gas_reachability_soft_calibrated,none,1,60,1,,15,,0.7288135593220338,,57.81361389160156,0.8666250705718994,1.917383313179016,3.1724137931034484,1.0,29.0,6.159129606190597,12,0.96978605110071
antmaze-medium-navigate-v0,2,gas_reachability_soft_calibrated,none,2,61,1,,15,,0.6122448979591837,,56.41206359863281,6.06579065322876,6.954860210418701,4.352941176470588,1.0,17.0,10.377810657832793,17,1.0
antmaze-medium-navigate-v0,2,gas_reachability_soft_calibrated,none,3,62,1,,17,,0.6428571428571429,,21.05830955505371,2.5032002925872803,2.872962713241577,2.526315789473684,1.0,19.0,3.448014074555703,11,0.958397216136188
antmaze-medium-navigate-v0,2,gas_reachability_soft_calibrated,none,4,63,1,,28,,0.5875,,50.85308837890625,2.599028825759888,2.599028825759888,3.363636363636364,1.0,33.0,4.587596363394414,24,0.9640471112627834
antmaze-medium-navigate-v0,2,gas_reachability_soft_calibrated,none,5,64,1,,15,,0.8292682926829268,,48.04181289672852,2.310154914855957,3.930229902267456,1.5932203389830508,1.0,59.0,5.892911292300629,12,0.9804604605925097
antmaze-medium-navigate-v0,2,gas_reachability_soft_calibrated,none,1,65,1,,17,,0.6296296296296297,,57.08079147338867,2.180109739303589,3.0401735305786133,2.918918918918919,1.0,37.0,6.398207649671716,19,0.9808203312236708
antmaze-medium-navigate-v0,2,gas_reachability_soft_calibrated,none,2,66,1,,15,,0.6326530612244898,,57.018829345703125,5.595947742462158,5.595947742462158,3.7777777777777777,1.0,18.0,2.830855153213351,16,1.0
antmaze-medium-navigate-v0,2,gas_reachability_soft_calibrated,none,3,67,1,,15,,0.6363636363636364,,20.59979057312012,2.3189034461975098,2.3189034461975098,2.361111111111111,1.0,36.0,1.605492723322391,22,0.9688458053516145
antmaze-medium-navigate-v0,2,gas_reachability_soft_calibrated,none,4,68,1,,15,,0.7468354430379747,,52.5134391784668,0.6782866716384888,1.957037091255188,2.3181818181818183,1.0,44.0,4.800976963941127,19,0.9794708501730928
antmaze-medium-navigate-v0,2,gas_reachability_soft_calibrated,none,5,69,1,,15,,0.7777777777777778,,48.37786865234375,3.015267848968506,3.015267848968506,1.7804878048780488,1.0,41.0,2.5994644524091703,11,0.9748123616301841
antmaze-medium-navigate-v0,2,gas_reachability_soft_calibrated,none,1,70,1,,15,,0.6395348837209303,,57.04596710205078,3.648620128631592,4.404156684875488,3.3157894736842106,1.0,38.0,6.715011118684596,25,0.9855797623436928
antmaze-medium-navigate-v0,2,gas_reachability_soft_calibrated,none,2,71,1,,15,,0.6666666666666666,,56.79361724853516,1.7652177810668943,3.306669950485229,3.8,1.0,20.0,4.228326880917417,14,0.9981573623406013
antmaze-medium-navigate-v0,2,gas_reachability_soft_calibrated,none,3,72,1,,15,,0.5862068965517241,,20.88975524902344,1.7653506994247437,1.7653506994247437,3.32,1.0,25.0,4.905947082853641,24,0.9699704449334732
antmaze-medium-navigate-v0,2,gas_reachability_soft_calibrated,none,4,73,1,,15,,0.5846153846153846,,50.98604202270508,3.0112311840057373,4.1642351150512695,4.52,1.0,25.0,5.888257885761002,20,0.9907044865855232
antmaze-medium-navigate-v0,2,gas_reachability_soft_calibrated,none,5,74,1,,15,,0.7758620689655172,,49.35736083984375,2.9630939960479736,4.625751495361328,2.117647058823529,1.0,34.0,3.5599801636140915,9,1.0
antmaze-medium-navigate-v0,2,gas_reachability_soft_calibrated,none,1,75,1,,15,,0.6777777777777778,,57.25079727172852,1.6292937994003296,2.639923095703125,2.723404255319149,1.0,47.0,4.821180368053126,22,0.9817386962711705
antmaze-medium-navigate-v0,2,gas_reachability_soft_calibrated,none,2,76,1,,15,,0.6607142857142857,,57.35500717163086,2.274619102478028,2.4140655994415283,3.75,1.0,24.0,8.295194674209586,14,0.9819655811083284
antmaze-medium-navigate-v0,2,gas_reachability_soft_calibrated,none,3,77,1,,15,,0.6458333333333334,,22.535400390625,1.913072109222412,2.2317891120910645,2.772727272727273,1.0,22.0,2.889262766040879,13,0.989659703007912
antmaze-medium-navigate-v0,2,gas_reachability_soft_calibrated,none,4,78,1,,15,,0.6818181818181818,,52.10162353515625,2.371821880340576,2.747299909591675,3.033333333333333,1.0,30.0,5.374089690326566,18,1.0
antmaze-medium-navigate-v0,2,gas_reachability_soft_calibrated,none,5,79,1,,15,,0.9435483870967742,,48.037845611572266,1.906993389129639,3.273934125900269,1.1244444444444444,1.0,225.0,11.554137716575156,48,0.9785171396992726
antmaze-medium-navigate-v0,2,gas_reachability_soft_calibrated,none,1,80,1,,15,,0.8916666666666667,,57.44485092163086,1.012934923171997,2.1793577671051025,1.5494505494505495,1.0,91.0,3.4234813546765395,40,0.9700563610035289
antmaze-medium-navigate-v0,2,gas_reachability_soft_calibrated,none,2,81,1,,15,,0.6666666666666666,,56.81558609008789,1.2612755298614502,2.25443434715271,3.7142857142857135,1.0,21.0,5.195160079965243,15,0.9922422397937768
antmaze-medium-navigate-v0,2,gas_reachability_soft_calibrated,none,3,82,1,,21,,0.6956521739130435,,19.434139251708984,1.6812922954559326,1.6812922954559326,2.04,1.0,25.0,2.1273454825325566,11,0.9387677388204594
antmaze-medium-navigate-v0,2,gas_reachability_soft_calibrated,none,4,83,1,,15,,0.6020408163265306,,52.647491455078125,1.1445770263671875,2.287753105163574,4.113636363636363,1.0,44.0,4.1580647830095225,29,1.0
antmaze-medium-navigate-v0,2,gas_reachability_soft_calibrated,none,5,84,1,,15,,0.8,,48.61139297485352,3.073158264160156,3.193080186843872,1.6595744680851063,1.0,47.0,2.583206139084468,11,0.9747462452231734
antmaze-medium-navigate-v0,2,gas_reachability_soft_calibrated,none,1,85,1,,21,,0.6891891891891891,,56.26151657104492,2.3239760398864746,2.559263229370117,3.0,1.0,38.0,8.517669560602782,19,0.97138460281353
antmaze-medium-navigate-v0,2,gas_reachability_soft_calibrated,none,2,86,1,,15,,0.5925925925925926,,56.03110504150391,4.430237293243408,4.949151992797852,3.95,1.0,20.0,3.5792110261158725,18,1.0
antmaze-medium-navigate-v0,2,gas_reachability_soft_calibrated,none,3,87,1,,15,,0.5060240963855421,,24.04607963562012,3.025510787963867,3.283646583557129,4.0,1.0,27.0,5.28726602865906,39,0.9945129439689115
antmaze-medium-navigate-v0,2,gas_reachability_soft_calibrated,none,4,88,1,,32,,0.7090909090909091,,48.675777435302734,1.464518666267395,2.661879777908325,2.888888888888889,1.0,27.0,3.194150872692597,12,0.9451430875042872
antmaze-medium-navigate-v0,2,gas_reachability_soft_calibrated,none,5,89,1,,15,,0.7241379310344828,,49.06235122680664,2.901280879974365,2.901280879974365,2.212121212121212,1.0,33.0,4.782276176185985,12,0.9758464618757224
antmaze-medium-navigate-v0,2,gas_reachability_soft_calibrated,none,1,90,0,,15,97,0.4682926829268293,,57.083641052246094,3.858301162719727,9.203119277954102,2.265060240963856,2.0,83.0,6.107788258973597,304,1.0
antmaze-medium-navigate-v0,2,gas_reachability_soft_calibrated,none,2,91,1,,15,,0.7333333333333333,,55.7021484375,4.344752788543701,7.26523494720459,2.7333333333333334,1.0,30.0,2.8253859701834028,14,1.0
antmaze-medium-navigate-v0,2,gas_reachability_soft_calibrated,none,3,92,1,,15,,0.5636363636363636,,22.42236328125,1.2853626012802124,1.2853626012802124,3.217391304347826,1.0,23.0,3.1979760417906715,22,0.9881213963434792
antmaze-medium-navigate-v0,2,gas_reachability_soft_calibrated,none,4,93,1,,15,,0.7627118644067796,,49.05559158325195,0.5695492029190063,3.451796531677246,1.92,1.0,75.0,7.0088018397771,30,1.0
antmaze-medium-navigate-v0,2,gas_reachability_soft_calibrated,none,5,94,1,,15,,0.7818181818181819,,46.99483871459961,3.0659337043762207,3.607675075531006,1.7878787878787878,1.0,33.0,5.075827396315805,11,0.9940848337096494
antmaze-medium-navigate-v0,2,gas_reachability_soft_calibrated,none,1,95,1,,15,,0.7567567567567568,,56.73973846435547,2.2147042751312256,3.110928058624268,2.253731343283582,1.0,67.0,5.106482919244036,29,0.9828983207968484
antmaze-medium-navigate-v0,2,gas_reachability_soft_calibrated,none,2,96,1,,15,,0.6521739130434783,,56.35698699951172,4.625821113586426,5.580910682678223,3.588235294117647,1.0,17.0,5.62888942000412,13,1.0
antmaze-medium-navigate-v0,2,gas_reachability_soft_calibrated,none,3,97,1,,15,,0.5413533834586466,,23.65726089477539,2.2342991828918457,2.2342991828918457,2.8225806451612905,1.0,62.0,6.904585004543609,50,1.0
antmaze-medium-navigate-v0,2,gas_reachability_soft_calibrated,none,4,98,1,,15,,0.6909090909090909,,52.20647811889648,3.729228258132935,4.161330699920654,3.590909090909091,1.0,22.0,5.714505132774323,14,0.9976694183435624
antmaze-medium-navigate-v0,2,gas_reachability_soft_calibrated,none,5,99,1,,15,,0.9591836734693876,,50.16799545288086,1.3673328161239624,1.6683855056762695,1.1444444444444444,1.0,270.0,2.2738643621232293,55,0.981453265890648
antmaze-medium-navigate-v0,2,gas_reachability_budget_calibrated,none,1,0,1,,15,,0.7647058823529411,,58.40205764770508,1.2746556997299194,1.2746556997299194,2.3846153846153846,1.0,39.0,1.95063359713509,13,0.9638283724969058
antmaze-medium-navigate-v0,2,gas_reachability_budget_calibrated,none,2,1,1,,15,,0.6,,56.13419723510742,4.99183988571167,4.99183988571167,4.2,1.0,20.0,4.005069693839757,17,1.0
antmaze-medium-navigate-v0,2,gas_reachability_budget_calibrated,none,3,2,1,,15,,0.5967741935483871,,21.33913803100586,1.7048306465148926,1.7048306465148926,2.896551724137931,1.0,29.0,0.7443361449370016,34,0.9837044436134273
antmaze-medium-navigate-v0,2,gas_reachability_budget_calibrated,none,4,3,1,,18,,0.7857142857142857,,51.0909309387207,1.3824989795684814,1.70375657081604,2.145454545454545,1.0,55.0,1.8620946613324816,16,0.9585977216175372
antmaze-medium-navigate-v0,2,gas_reachability_budget_calibrated,none,5,4,1,,15,,0.6666666666666666,,50.55821990966797,1.395494818687439,2.4527125358581543,2.85,1.0,20.0,6.237981822946679,13,0.96440816773287
antmaze-medium-navigate-v0,2,gas_reachability_budget_calibrated,none,1,5,1,,16,,0.6901408450704225,,57.17607498168945,1.5380829572677612,3.2220327854156494,2.5142857142857142,1.0,35.0,1.6563629474190464,19,0.9780903385316461
antmaze-medium-navigate-v0,2,gas_reachability_budget_calibrated,none,2,6,1,,15,,0.64,,57.08916091918945,3.011160373687744,3.011160373687744,4.2631578947368425,1.0,19.0,5.68875221054217,13,0.9886136878287236
antmaze-medium-navigate-v0,2,gas_reachability_budget_calibrated,none,3,7,1,,21,,0.4383561643835616,,22.068384170532227,2.1329946517944336,2.5710561275482178,3.933333333333333,1.0,30.0,0.9709359031498201,33,0.9702053893881114
antmaze-medium-navigate-v0,2,gas_reachability_budget_calibrated,none,4,8,1,,15,,0.6271186440677966,,52.365718841552734,4.656224250793457,4.9982194900512695,3.6,1.0,25.0,1.291092005357752,14,0.9992750560409476
antmaze-medium-navigate-v0,2,gas_reachability_budget_calibrated,none,5,9,1,,15,,0.7058823529411765,,47.881778717041016,2.9423906803131104,3.756397247314453,2.2222222222222223,1.0,27.0,2.7549982543900855,11,0.9771556560673832
antmaze-medium-navigate-v0,2,gas_reachability_budget_calibrated,none,1,10,1,,15,,0.8502994011976048,,56.53510665893555,0.5557355880737305,3.801356315612793,1.4692307692307691,1.0,130.0,5.555234106914701,47,0.982293302945572
antmaze-medium-navigate-v0,2,gas_reachability_budget_calibrated,none,2,11,1,,15,,0.8548387096774194,,56.23277282714844,2.682943820953369,3.4091899394989014,1.4947368421052631,1.0,95.0,2.6349017594662962,22,0.9853962161945262
antmaze-medium-navigate-v0,2,gas_reachability_budget_calibrated,none,3,12,1,,15,,0.5483870967741935,,24.536623001098636,3.2040696144104004,3.5263824462890625,3.32,1.0,25.0,2.200273140905968,21,1.0
antmaze-medium-navigate-v0,2,gas_reachability_budget_calibrated,none,4,13,0,,15,45,0.2784810126582278,,54.39885330200195,16.751129150390625,24.861120223999023,8.128205128205128,5.0,39.0,2.661191503350862,236,0.9974165741469242
antmaze-medium-navigate-v0,2,gas_reachability_budget_calibrated,none,5,14,1,,15,,0.845360824742268,,49.13695907592773,0.9825493693351746,0.9825493693351746,1.452054794520548,1.0,73.0,1.6358676181053835,22,0.9568204359108394
antmaze-medium-navigate-v0,2,gas_reachability_budget_calibrated,none,1,15,1,,15,,0.5873015873015873,,57.29374694824219,2.7405922412872314,3.5953168869018555,3.4074074074074074,1.0,27.0,1.856337582057488,14,0.9802679774173789
antmaze-medium-navigate-v0,2,gas_reachability_budget_calibrated,none,2,16,0,,15,778,0.9761306532663316,,56.94687271118164,1.646657109260559,7.303014755249023,1.0851900393184797,1.0,763.0,3.932247989946338,696,1.0
antmaze-medium-navigate-v0,2,gas_reachability_budget_calibrated,none,3,17,1,,15,,0.4285714285714285,,22.876924514770508,2.147334098815918,2.531410455703736,3.409090909090909,1.0,22.0,1.0688579258941264,25,0.9683754544990144
antmaze-medium-navigate-v0,2,gas_reachability_budget_calibrated,none,4,18,0,,15,10,0.0681818181818181,,51.05874252319336,50.91977310180664,54.801456451416016,12.146341463414634,12.0,41.0,1.2363209082349964,809,1.0
antmaze-medium-navigate-v0,2,gas_reachability_budget_calibrated,none,5,19,0,,15,48,0.2901234567901234,,48.09581756591797,22.13670539855957,23.085973739624023,4.461538461538462,4.0,39.0,1.6765326715651383,347,1.0
antmaze-medium-navigate-v0,2,gas_reachability_budget_calibrated,none,1,20,1,,15,,0.6506024096385542,,57.90421676635742,2.146978616714477,2.1582417488098145,2.902439024390244,1.0,41.0,5.426181847542616,19,0.9778410643624396
antmaze-medium-navigate-v0,2,gas_reachability_budget_calibrated,none,2,21,1,,15,,0.68,,57.39286804199219,3.930632591247559,3.930632591247559,3.571428571428572,1.0,21.0,1.1252066715941176,10,0.9959368548456069
antmaze-medium-navigate-v0,2,gas_reachability_budget_calibrated,none,3,22,1,,15,,0.6944444444444444,,22.809120178222656,1.6105769872665403,2.1530990600585938,2.294117647058824,1.0,17.0,1.8698927703064687,10,0.984463649043354
antmaze-medium-navigate-v0,2,gas_reachability_budget_calibrated,none,4,23,1,,24,,0.6865671641791045,,53.43331146240234,3.8247861862182617,3.8247861862182617,2.5277777777777777,1.0,36.0,1.5868477410535968,16,0.9641739071226894
antmaze-medium-navigate-v0,2,gas_reachability_budget_calibrated,none,5,24,1,,19,,0.5909090909090909,,48.12983322143555,5.652318000793457,5.820954322814941,3.111111111111111,1.0,18.0,2.5141409330038744,9,0.9803157360652284
antmaze-medium-navigate-v0,2,gas_reachability_budget_calibrated,none,1,25,1,,17,,0.8471337579617835,,57.34339141845703,0.9934321641921996,2.6171765327453613,1.5083333333333333,1.0,120.0,2.3907860508810934,29,0.9788668533096656
antmaze-medium-navigate-v0,2,gas_reachability_budget_calibrated,none,2,26,1,,15,,0.7727272727272727,,56.82416915893555,2.783409595489502,4.897839069366455,2.0357142857142856,1.0,56.0,4.150611558813468,20,1.0
antmaze-medium-navigate-v0,2,gas_reachability_budget_calibrated,none,3,27,1,,15,,0.6944444444444444,,23.62627601623535,1.7862356901168823,1.984843611717224,2.1666666666666665,1.0,18.0,0.9460971102542141,9,0.9689352247413633
antmaze-medium-navigate-v0,2,gas_reachability_budget_calibrated,none,4,28,1,,15,,0.5121951219512195,,51.911956787109375,2.3110339641571045,2.825559377670288,3.0,1.0,31.0,2.2217428426489825,38,0.9753314553222592
antmaze-medium-navigate-v0,2,gas_reachability_budget_calibrated,none,5,29,1,,17,,0.8761904761904762,,47.07623291015625,1.2689999341964722,1.5850701332092283,1.3095238095238095,1.0,84.0,7.776290336140128,27,0.9585576192258484
antmaze-medium-navigate-v0,2,gas_reachability_budget_calibrated,none,1,30,1,,15,,0.6428571428571429,,58.20467376708984,0.915160834789276,2.588695287704468,2.9714285714285715,1.0,35.0,1.628598715583774,16,0.9740099366979188
antmaze-medium-navigate-v0,2,gas_reachability_budget_calibrated,none,2,31,1,,15,,0.7272727272727273,,56.74814987182617,3.4637560844421387,3.80452561378479,2.586206896551724,1.0,29.0,3.428348155894003,10,0.9877809057349198
antmaze-medium-navigate-v0,2,gas_reachability_budget_calibrated,none,3,32,1,,16,,0.55,,21.883464813232425,2.23755145072937,2.845358371734619,2.523809523809524,1.0,21.0,0.6047543515307573,14,0.9493407119310978
antmaze-medium-navigate-v0,2,gas_reachability_budget_calibrated,none,4,33,1,,18,,0.5063291139240507,,52.541542053222656,0.6451877355575562,2.115124464035034,5.34375,1.0,32.0,2.3404007188943763,28,0.9688016835963772
antmaze-medium-navigate-v0,2,gas_reachability_budget_calibrated,none,5,34,1,,15,,0.6666666666666666,,49.65303802490234,6.218037128448486,6.218037128448486,2.857142857142857,1.0,14.0,1.1700948531534605,10,0.987136054131476
antmaze-medium-navigate-v0,2,gas_reachability_budget_calibrated,none,1,35,1,,15,,0.5978260869565217,,57.78018569946289,2.4920096397399902,2.7801647186279297,3.3181818181818183,1.0,44.0,4.28510357322799,33,0.9840662645500026
antmaze-medium-navigate-v0,2,gas_reachability_budget_calibrated,none,2,36,1,,15,,0.625,,57.00502014160156,3.012342691421509,4.3216400146484375,3.565217391304348,1.0,23.0,3.050196180744057,13,0.9851804361539833
antmaze-medium-navigate-v0,2,gas_reachability_budget_calibrated,none,3,37,1,,17,,0.6744186046511628,,23.361173629760746,1.9741461277008057,1.9741461277008057,1.9565217391304348,1.0,23.0,0.8115716525579161,6,0.9462490354843412
antmaze-medium-navigate-v0,2,gas_reachability_budget_calibrated,none,4,38,1,,15,,0.4772727272727273,,50.46673202514648,4.119314670562744,4.119314670562744,5.483870967741935,1.0,31.0,1.9595572300027757,35,0.9900230381066776
antmaze-medium-navigate-v0,2,gas_reachability_budget_calibrated,none,5,39,0,,15,13,0.0895522388059701,,48.80848693847656,17.808317184448242,18.23300170898437,3.682926829268293,3.0,41.0,1.2528094189983223,823,1.0
antmaze-medium-navigate-v0,2,gas_reachability_budget_calibrated,none,1,40,1,,16,,0.7741935483870968,,56.54578399658203,1.562793254852295,1.834954023361206,2.1621621621621623,1.0,37.0,1.2724101731009734,16,0.963288203226653
antmaze-medium-navigate-v0,2,gas_reachability_budget_calibrated,none,2,41,1,,15,,0.64,,56.484256744384766,3.528406381607056,4.317029476165772,3.571428571428572,1.0,21.0,1.3905619642570173,12,0.9878843312271425
antmaze-medium-navigate-v0,2,gas_reachability_budget_calibrated,none,3,42,0,,15,46,0.2760736196319018,,21.90810775756836,21.43375015258789,24.429668426513672,6.35,6.0,40.0,1.1892519289611185,325,1.0
antmaze-medium-navigate-v0,2,gas_reachability_budget_calibrated,none,4,43,1,,15,,0.6166666666666667,,54.3722038269043,1.623987913131714,1.623987913131714,3.4814814814814814,1.0,27.0,0.92540957155075,16,0.9782572094396661
antmaze-medium-navigate-v0,2,gas_reachability_budget_calibrated,none,5,44,1,,15,,0.717948717948718,,49.65321350097656,1.534488558769226,1.6084263324737549,2.555555555555556,1.0,18.0,2.006376907657668,10,0.9638790851812008
antmaze-medium-navigate-v0,2,gas_reachability_budget_calibrated,none,1,45,1,,15,,0.7815126050420168,,56.909446716308594,1.6118534803390503,2.1552042961120605,1.65,1.0,80.0,2.8421761101939182,35,0.9813322389362017
antmaze-medium-navigate-v0,2,gas_reachability_budget_calibrated,none,2,46,1,,15,,0.6951219512195121,,56.97743988037109,5.133335113525391,5.133335113525391,2.3777777777777778,1.0,45.0,2.8455266373936094,13,0.9924107507006353
antmaze-medium-navigate-v0,2,gas_reachability_budget_calibrated,none,3,47,1,,15,,0.7068965517241379,,15.559240341186523,1.77360737323761,1.7910197973251345,2.225806451612903,1.0,31.0,1.5217872391357894,18,0.9741964181519882
antmaze-medium-navigate-v0,2,gas_reachability_budget_calibrated,none,4,48,1,,15,,0.5483870967741935,,52.56866836547852,3.5618278980255127,3.7496070861816406,4.583333333333333,1.0,24.0,1.0581601698567629,25,0.9848696638059528
antmaze-medium-navigate-v0,2,gas_reachability_budget_calibrated,none,5,49,1,,15,,0.6818181818181818,,50.00233459472656,2.726874351501465,3.509525775909424,2.6666666666666665,1.0,21.0,5.466021371865186,10,0.9642244809829709
antmaze-medium-navigate-v0,2,gas_reachability_budget_calibrated,none,1,50,1,,15,,0.6666666666666666,,58.20739364624024,3.2096188068389893,3.2971317768096924,2.857142857142857,1.0,42.0,7.226382296731275,20,0.9805617042569081
antmaze-medium-navigate-v0,2,gas_reachability_budget_calibrated,none,2,51,1,,15,,0.6538461538461539,,56.856666564941406,6.598401546478272,6.992485046386719,3.363636363636364,1.0,22.0,3.1730885429396225,14,1.0
antmaze-medium-navigate-v0,2,gas_reachability_budget_calibrated,none,3,52,1,,15,,0.7288135593220338,,21.113021850585938,1.77199125289917,2.3712363243103027,1.7222222222222223,1.0,36.0,1.0209216986796572,12,0.9852211683796573
antmaze-medium-navigate-v0,2,gas_reachability_budget_calibrated,none,4,53,1,,23,,0.6785714285714286,,50.49803924560547,3.8188321590423584,3.8188321590423584,3.1538461538461537,1.0,26.0,3.4788940341839267,14,0.962421553964751
antmaze-medium-navigate-v0,2,gas_reachability_budget_calibrated,none,5,54,1,,17,,0.6923076923076923,,50.54141998291016,3.022592782974243,4.282851696014404,2.2962962962962963,1.0,27.0,2.251846813010806,12,0.9753204572718606
antmaze-medium-navigate-v0,2,gas_reachability_budget_calibrated,none,1,55,1,,18,,0.6666666666666666,,57.936309814453125,1.5448296070098877,1.5448296070098877,2.857142857142857,1.0,35.0,1.5680694855041295,11,0.9651645158629517
antmaze-medium-navigate-v0,2,gas_reachability_budget_calibrated,none,2,56,1,,15,,0.6111111111111112,,57.22259521484375,2.162453413009644,2.2367069721221924,3.6818181818181817,1.0,22.0,1.4393996702372602,14,0.9804449797017766
antmaze-medium-navigate-v0,2,gas_reachability_budget_calibrated,none,3,57,1,,15,,0.821917808219178,,22.491289138793945,4.340372085571289,4.340372085571289,1.5384615384615383,1.0,52.0,4.277323617887749,13,0.9852565615152225
antmaze-medium-navigate-v0,2,gas_reachability_budget_calibrated,none,4,58,1,,15,,0.6296296296296297,,51.62486267089844,1.340604305267334,1.3519854545593262,4.0,1.0,22.0,1.6429135803660744,15,0.9656536922926877
antmaze-medium-navigate-v0,2,gas_reachability_budget_calibrated,none,5,59,1,,18,,0.7307692307692307,,49.57892608642578,3.7348999977111816,6.550604820251465,2.107142857142857,1.0,28.0,2.036652715632745,10,0.9863518043321312
antmaze-medium-navigate-v0,2,gas_reachability_budget_calibrated,none,1,60,1,,15,,0.7285714285714285,,57.75299453735352,1.2519471645355225,2.2610647678375244,2.421052631578948,1.0,38.0,6.159129606190597,14,0.9750836587098465
antmaze-medium-navigate-v0,2,gas_reachability_budget_calibrated,none,2,61,1,,15,,0.6885245901639344,,56.03704833984375,4.595699310302734,4.815743446350098,3.321428571428572,1.0,28.0,3.411127248980497,14,0.9913772431156517
antmaze-medium-navigate-v0,2,gas_reachability_budget_calibrated,none,3,62,0,,17,6,0.0387596899224806,,21.19093132019043,21.19093132019043,28.45431327819824,8.0,8.0,42.0,1.4453067223786882,901,0.9903637681995817
antmaze-medium-navigate-v0,2,gas_reachability_budget_calibrated,none,4,63,1,,40,,0.5454545454545454,,50.99262237548828,3.6737935543060303,3.6737935543060303,4.181818181818182,1.0,22.0,0.9528917951739206,19,0.9533812024118172
antmaze-medium-navigate-v0,2,gas_reachability_budget_calibrated,none,5,64,1,,15,,0.6981132075471698,,47.90172576904297,4.827085018157959,5.368183612823486,2.2758620689655173,1.0,29.0,3.750923841461485,12,0.9912614930504033
antmaze-medium-navigate-v0,2,gas_reachability_budget_calibrated,none,1,65,1,,17,,0.575,,56.93158721923828,0.773576021194458,0.773576021194458,2.8529411764705883,1.0,34.0,3.482854274946473,19,0.9735361522665196
antmaze-medium-navigate-v0,2,gas_reachability_budget_calibrated,none,2,66,1,,15,,0.76,,56.8492546081543,1.3442646265029907,2.483186960220337,2.159090909090909,1.0,44.0,1.9602640654556307,17,0.9915981982163484
antmaze-medium-navigate-v0,2,gas_reachability_budget_calibrated,none,3,67,1,,15,,0.7787610619469026,,21.231779098510746,2.113523483276367,2.425689697265625,1.5060240963855422,1.0,83.0,1.13885356276801,27,0.9701260688848682
antmaze-medium-navigate-v0,2,gas_reachability_budget_calibrated,none,4,68,1,,15,,0.6493506493506493,,53.093875885009766,0.7562732696533203,1.0595495700836182,2.4864864864864864,1.0,37.0,3.062483159680628,25,0.9807271075201281
antmaze-medium-navigate-v0,2,gas_reachability_budget_calibrated,none,5,69,1,,15,,0.6341463414634146,,48.668643951416016,3.4726195335388184,3.4726195335388184,3.0588235294117645,1.0,17.0,3.424471911113564,12,0.9635390220786167
antmaze-medium-navigate-v0,2,gas_reachability_budget_calibrated,none,1,70,1,,15,,0.6666666666666666,,57.35415267944336,1.8996968269348145,2.855908870697021,2.8666666666666667,1.0,30.0,1.581281182996315,20,0.9708537671956996
antmaze-medium-navigate-v0,2,gas_reachability_budget_calibrated,none,2,71,1,,15,,0.6666666666666666,,56.94940948486328,3.121793508529663,4.17925500869751,3.4347826086956523,1.0,23.0,1.1527268444464311,15,0.9833700361300723
antmaze-medium-navigate-v0,2,gas_reachability_budget_calibrated,none,3,72,1,,15,,0.6037735849056604,,19.86082649230957,1.9899585247039795,2.475472211837769,2.958333333333333,1.0,24.0,1.1640442699731646,20,0.969678650802436
antmaze-medium-navigate-v0,2,gas_reachability_budget_calibrated,none,4,73,1,,15,,0.6509433962264151,,50.89247512817383,0.4749519824981689,1.738403081893921,3.2280701754385963,1.0,57.0,4.54433302059693,33,0.9856561598628042
antmaze-medium-navigate-v0,2,gas_reachability_budget_calibrated,none,5,74,1,,15,,0.6981132075471698,,49.20078659057617,3.732506513595581,3.732506513595581,2.2142857142857144,1.0,28.0,5.49441097127123,11,0.9704653945341468
antmaze-medium-navigate-v0,2,gas_reachability_budget_calibrated,none,1,75,1,,15,,0.5222222222222223,,57.11950302124024,0.8689223527908325,2.8679394721984863,3.588235294117647,1.0,34.0,4.821180368053126,30,0.9871906091947228
antmaze-medium-navigate-v0,2,gas_reachability_budget_calibrated,none,2,76,1,,15,,0.58,,57.245365142822266,2.9932637214660645,2.9932637214660645,4.631578947368421,1.0,19.0,1.360421983391048,15,0.9823146339020452
antmaze-medium-navigate-v0,2,gas_reachability_budget_calibrated,none,3,77,1,,15,,0.6451612903225806,,22.531177520751957,2.5093228816986084,2.5987436771392822,2.3529411764705883,1.0,34.0,1.3005588465433828,20,0.9922131312247656
antmaze-medium-navigate-v0,2,gas_reachability_budget_calibrated,none,4,78,0,,15,9,0.0625,,51.96493148803711,50.17280960083008,53.34416961669922,12.275,12.0,40.0,1.150208553896124,796,0.9941072358727936
antmaze-medium-navigate-v0,2,gas_reachability_budget_calibrated,none,5,79,1,,15,,0.6097560975609756,,47.84339904785156,6.036731719970703,6.274240016937256,2.647058823529412,1.0,17.0,1.83115087335651,9,0.9789550235529962
antmaze-medium-navigate-v0,2,gas_reachability_budget_calibrated,none,1,80,1,,15,,0.6779661016949152,,57.463287353515625,0.892554759979248,3.213592052459717,2.962962962962963,1.0,27.0,5.027753532948801,14,0.97158271176332
antmaze-medium-navigate-v0,2,gas_reachability_budget_calibrated,none,2,81,1,,15,,0.6078431372549019,,57.10768127441406,3.2661566734313965,3.2661566734313965,4.1,1.0,20.0,3.4917648489569095,12,0.9826398083389973
antmaze-medium-navigate-v0,2,gas_reachability_budget_calibrated,none,3,82,1,,21,,0.6744186046511628,,19.65872573852539,1.1286829710006714,1.55372416973114,2.0,1.0,24.0,1.6182634687516226,8,0.9264486124548185
antmaze-medium-navigate-v0,2,gas_reachability_budget_calibrated,none,4,83,1,,26,,0.5901639344262295,,52.69441223144531,2.3845925331115723,2.508074283599853,4.107142857142857,1.0,28.0,1.9356766002716792,17,0.9543946563642944
antmaze-medium-navigate-v0,2,gas_reachability_budget_calibrated,none,5,84,1,,15,,0.8333333333333334,,48.32671737670898,2.5671849250793457,5.503352642059326,1.568627450980392,1.0,51.0,1.5627690933491432,13,0.9888641701480408
antmaze-medium-navigate-v0,2,gas_reachability_budget_calibrated,none,1,85,1,,21,,0.6962025316455697,,56.098331451416016,0.9505977630615234,1.0911275148391724,2.355555555555556,1.0,45.0,1.5663924319855855,19,0.9638224801227124
antmaze-medium-navigate-v0,2,gas_reachability_budget_calibrated,none,2,86,1,,15,,0.66,,56.010047912597656,3.9497575759887695,4.325704097747803,3.2857142857142856,1.0,21.0,4.26704985564092,12,0.9842761770365774
antmaze-medium-navigate-v0,2,gas_reachability_budget_calibrated,none,3,87,1,,15,,0.5555555555555556,,23.24679374694824,1.807282567024231,3.363762140274048,3.032258064516129,1.0,31.0,0.8422083731670205,21,0.992553308433768
antmaze-medium-navigate-v0,2,gas_reachability_budget_calibrated,none,4,88,0,,20,42,0.2594936708860759,,48.79122924804688,45.55605316162109,49.39191818237305,11.128205128205128,11.0,39.0,1.4169601652391175,293,1.0
antmaze-medium-navigate-v0,2,gas_reachability_budget_calibrated,none,5,89,1,,18,,0.7291666666666666,,49.139774322509766,2.8370933532714844,4.189085483551025,2.28,1.0,25.0,4.058126290556179,10,0.9686469558786364
antmaze-medium-navigate-v0,2,gas_reachability_budget_calibrated,none,1,90,1,,15,,0.7125,,57.13900375366211,1.4514216184616089,3.3237900733947754,2.239130434782609,1.0,46.0,3.5128445378621223,15,0.9808415531401888
antmaze-medium-navigate-v0,2,gas_reachability_budget_calibrated,none,2,91,1,,15,,0.875,,55.96586608886719,2.77778697013855,4.3386640548706055,1.48,1.0,100.0,2.876189194294146,26,1.0
antmaze-medium-navigate-v0,2,gas_reachability_budget_calibrated,none,3,92,1,,15,,0.5357142857142857,,22.484447479248047,1.592893362045288,2.0323574542999268,3.3043478260869565,1.0,23.0,1.140678437935888,21,0.9908644320755496
antmaze-medium-navigate-v0,2,gas_reachability_budget_calibrated,none,4,93,1,,16,,0.6883116883116883,,49.064735412597656,0.5405121445655823,2.932335376739502,2.386363636363636,1.0,44.0,0.995815343697911,15,0.972091936207684
antmaze-medium-navigate-v0,2,gas_reachability_budget_calibrated,none,5,94,1,,15,,0.8666666666666667,,47.07822036743164,3.1018078327178955,3.238072633743286,1.391304347826087,1.0,69.0,2.5312138689692505,11,0.9691488457635772
antmaze-medium-navigate-v0,2,gas_reachability_budget_calibrated,none,1,95,1,,15,,0.794392523364486,,56.697784423828125,1.6611649990081787,4.0348052978515625,1.8630136986301369,1.0,73.0,3.583863259980396,26,0.9823462732442918
antmaze-medium-navigate-v0,2,gas_reachability_budget_calibrated,none,2,96,1,,15,,0.7912087912087912,,56.14979553222656,3.6646244525909424,4.708508491516113,1.9333333333333331,1.0,60.0,3.764639338462176,24,1.0
antmaze-medium-navigate-v0,2,gas_reachability_budget_calibrated,none,3,97,1,,15,,0.6,,24.31567001342773,1.7245919704437256,2.025815010070801,2.5,1.0,20.0,1.3070835668280527,13,0.989868193824442
antmaze-medium-navigate-v0,2,gas_reachability_budget_calibrated,none,4,98,1,,16,,0.5157894736842106,,52.31919479370117,2.11476469039917,2.4173507690429688,3.358974358974359,1.0,39.0,2.045986673478694,37,0.9725142150555021
antmaze-medium-navigate-v0,2,gas_reachability_budget_calibrated,none,5,99,1,,23,,0.8214285714285714,,49.939552307128906,2.971984386444092,3.778954029083252,1.5666666666666669,1.0,60.0,2.322274774724244,14,0.9640677344894238
antmaze-medium-navigate-v0,1,gas_shortest,none,1,0,0,,21,51,0.3086419753086419,,56.69479370117188,8.069122314453125,8.611865997314453,3.236842105263158,2.0,38.0,10.10932935382263,313,0.998833754560578
antmaze-medium-navigate-v0,1,gas_shortest,none,2,1,1,,15,,0.6666666666666666,,56.53557968139648,3.054476022720337,3.28581166267395,3.736842105263158,1.0,19.0,2.1109644574108666,12,0.9920623024613802
antmaze-medium-navigate-v0,1,gas_shortest,none,3,2,1,,15,,0.5652173913043478,,22.861595153808597,1.4305254220962524,1.7902262210845947,3.1578947368421053,1.0,19.0,1.7911931296670998,15,0.9940954003472344
antmaze-medium-navigate-v0,1,gas_shortest,none,4,3,1,,19,,0.6842105263157895,,51.5617790222168,0.7884530425071716,2.1866884231567383,2.6296296296296298,1.0,54.0,1.8519739232449282,28,0.9711035602516794
antmaze-medium-navigate-v0,1,gas_shortest,none,5,4,1,,15,,0.7674418604651163,,47.62417602539063,2.402828454971313,2.427453994750977,2.0,1.0,24.0,2.2672847794761477,9,0.960083985505574
antmaze-medium-navigate-v0,1,gas_shortest,none,1,5,1,,15,,0.6885245901639344,,57.5923957824707,1.2331831455230713,1.2331831455230713,2.586206896551724,1.0,29.0,1.9155789540791983,14,0.9651391113708524
antmaze-medium-navigate-v0,1,gas_shortest,none,2,6,1,,15,,0.7534246575342466,,57.04267501831055,2.589484214782715,2.589484214782715,2.232558139534884,1.0,43.0,3.468573858051347,13,0.9771280544158594
antmaze-medium-navigate-v0,1,gas_shortest,none,3,7,1,,15,,0.62,,23.692466735839844,1.201228141784668,1.201228141784668,2.333333333333333,1.0,24.0,1.9016408983876956,14,0.9915885533382062
antmaze-medium-navigate-v0,1,gas_shortest,none,4,8,1,,28,,0.6129032258064516,,49.90690231323242,1.993381381034851,1.993381381034851,3.4814814814814814,1.0,27.0,1.378396265643722,18,0.9423550965551509
antmaze-medium-navigate-v0,1,gas_shortest,none,5,9,1,,15,,0.7936507936507936,,49.649532318115234,0.6950945854187012,0.6950945854187012,1.8,1.0,40.0,4.759838642735844,13,0.9544377081816892
antmaze-medium-navigate-v0,1,gas_shortest,none,1,10,1,,15,,0.776595744680851,,58.32551193237305,0.6356085538864136,1.3786702156066897,2.065573770491804,1.0,61.0,2.280938495921857,21,0.9606147245754636
antmaze-medium-navigate-v0,1,gas_shortest,none,2,11,1,,15,,0.6190476190476191,,56.56266784667969,5.708787441253662,7.055049896240234,4.125,1.0,16.0,3.415581223276992,12,1.0
antmaze-medium-navigate-v0,1,gas_shortest,none,3,12,1,,15,,0.4470588235294118,,18.27758407592773,1.1411417722702026,1.7172784805297852,3.548387096774193,1.0,31.0,1.9040887384865943,46,0.9885282990242134
antmaze-medium-navigate-v0,1,gas_shortest,none,4,13,1,,29,,0.5818181818181818,,51.4622688293457,4.145259380340576,4.239988327026367,3.727272727272727,1.0,22.0,1.6418332755251528,13,0.9556000694340874
antmaze-medium-navigate-v0,1,gas_shortest,none,5,14,0,,18,48,0.2919254658385093,,50.7199821472168,15.035012245178224,17.008651733398438,3.684210526315789,3.0,38.0,1.4785374236593605,335,1.0
antmaze-medium-navigate-v0,1,gas_shortest,none,1,15,1,,15,,0.6455696202531646,,57.31923294067383,2.162672758102417,2.3637630939483643,2.743589743589744,1.0,39.0,5.009230109004524,17,0.9791062566194644
antmaze-medium-navigate-v0,1,gas_shortest,none,2,16,1,,15,,0.837037037037037,,56.801456451416016,2.413733720779419,3.526740312576294,1.6274509803921569,1.0,102.0,4.104564503859122,24,0.9870318847322345
antmaze-medium-navigate-v0,1,gas_shortest,none,3,17,1,,15,,0.7142857142857143,,22.53891944885254,1.542402982711792,1.542402982711792,1.7272727272727273,1.0,33.0,1.4542118496451852,13,0.9831332695736812
antmaze-medium-navigate-v0,1,gas_shortest,none,4,18,1,,28,,0.5925925925925926,,51.386627197265625,3.1622774600982666,3.3062996864318848,4.047619047619048,1.0,21.0,2.304547603276434,15,0.9471732173716569
antmaze-medium-navigate-v0,1,gas_shortest,none,5,19,1,,17,,0.8888888888888888,,48.24655151367188,1.7184609174728394,2.2152273654937744,1.3661971830985915,1.0,71.0,8.315153422964448,24,0.9532044983629496
antmaze-medium-navigate-v0,1,gas_shortest,none,1,20,1,,17,,0.7333333333333333,,57.68825912475586,1.1139142513275146,2.8939743041992188,2.1555555555555554,1.0,45.0,2.6262477988119564,20,0.9699797891317462
antmaze-medium-navigate-v0,1,gas_shortest,none,2,21,1,,15,,0.7536231884057971,,56.41548538208008,4.470869541168213,4.577902317047119,2.128205128205128,1.0,39.0,3.634886820651756,14,0.9908780737501616
antmaze-medium-navigate-v0,1,gas_shortest,none,3,22,0,,15,13,0.0895522388059701,,24.124462127685547,21.74186515808105,28.70711708068848,7.195121951219512,7.0,41.0,1.083057037600763,717,1.0
antmaze-medium-navigate-v0,1,gas_shortest,none,4,23,0,,15,16,0.112781954887218,,51.862186431884766,14.627927780151367,15.882716178894045,3.05,2.0,40.0,2.783241828263414,771,0.9942622101318005
antmaze-medium-navigate-v0,1,gas_shortest,none,5,24,1,,15,,0.8026315789473685,,50.610618591308594,3.161468029022217,3.161468029022217,1.6346153846153846,1.0,52.0,1.9977143057384605,12,0.9773040197591969
antmaze-medium-navigate-v0,1,gas_shortest,none,1,25,1,,15,,0.6829268292682927,,57.78796005249024,1.8504005670547483,2.6500039100646973,2.311111111111111,1.0,45.0,6.832258403541212,18,0.9776358247894901
antmaze-medium-navigate-v0,1,gas_shortest,none,2,26,1,,15,,0.65625,,56.687294006347656,2.2725536823272705,2.2725536823272705,2.833333333333333,1.0,30.0,1.5829248915235592,19,0.9780997743130894
antmaze-medium-navigate-v0,1,gas_shortest,none,3,27,0,,15,10,0.0687022900763358,,24.284889221191406,19.56583023071289,25.293596267700195,5.146341463414634,5.0,41.0,1.5796741619827337,860,1.0
antmaze-medium-navigate-v0,1,gas_shortest,none,4,28,1,,15,,0.6986301369863014,,54.16305541992188,1.0995827913284302,3.299919366836548,2.5,1.0,40.0,2.9324989058397746,19,0.9677876177346769
antmaze-medium-navigate-v0,1,gas_shortest,none,5,29,1,,15,,0.7777777777777778,,49.70257568359375,2.0568904876708984,2.0568904876708984,1.871794871794872,1.0,39.0,1.3057633047991917,9,0.9588845868295597
antmaze-medium-navigate-v0,1,gas_shortest,none,1,30,1,,15,,0.9536784741144414,,57.30235290527344,1.2767291069030762,2.868818759918213,1.1415929203539823,1.0,339.0,3.2737856979928095,77,0.9827717567588732
antmaze-medium-navigate-v0,1,gas_shortest,none,2,31,1,,15,,0.6851851851851852,,55.625,2.2673556804656982,3.208834648132324,2.84,1.0,25.0,2.8872419486838163,11,0.9990280723355568
antmaze-medium-navigate-v0,1,gas_shortest,none,3,32,1,,17,,0.5,,21.394311904907227,2.1135952472686768,2.3563015460968018,3.4166666666666665,1.0,24.0,3.3065881014261804,23,0.964797919688121
antmaze-medium-navigate-v0,1,gas_shortest,none,4,33,1,,32,,0.7763157894736842,,50.96293640136719,0.8273608684539795,1.7360225915908811,1.847619047619048,1.0,105.0,2.0803330525620547,38,0.9569799439203304
antmaze-medium-navigate-v0,1,gas_shortest,none,5,34,1,,17,,0.7142857142857143,,50.00456619262695,2.330334424972534,2.680571317672729,2.28,1.0,25.0,2.2973103116407554,12,0.9627658880836756
antmaze-medium-navigate-v0,1,gas_shortest,none,1,35,1,,15,,0.7536231884057971,,57.68406677246094,0.7003936171531677,1.4059652090072632,2.25,1.0,40.0,2.6886188897555074,16,0.9668109057737714
antmaze-medium-navigate-v0,1,gas_shortest,none,2,36,1,,15,,0.7888888888888889,,55.9585189819336,3.129833936691284,3.746625661849976,2.086206896551724,1.0,58.0,3.547212616207402,19,0.9980202045166534
antmaze-medium-navigate-v0,1,gas_shortest,none,3,37,1,,15,,0.5625,,19.672119140625,1.0803776979446411,1.0803776979446411,2.8181818181818183,1.0,22.0,4.389911531677819,17,0.9570404136349346
antmaze-medium-navigate-v0,1,gas_shortest,none,4,38,0,,22,32,0.2108843537414966,,51.11197280883789,12.931082725524902,19.661178588867188,7.102564102564102,3.0,39.0,1.6409337090909022,416,0.9952008260703178
antmaze-medium-navigate-v0,1,gas_shortest,none,5,39,1,,15,,0.8285714285714286,,49.00178146362305,1.2516390085220337,1.2516390085220337,1.5957446808510638,1.0,47.0,6.783329727999142,16,0.9607670878309684
antmaze-medium-navigate-v0,1,gas_shortest,none,1,40,1,,16,,0.7391304347826086,,58.322242736816406,0.6792731285095215,3.4196407794952397,2.2195121951219514,1.0,41.0,9.707907355111622,19,0.9684004690576052
antmaze-medium-navigate-v0,1,gas_shortest,none,2,41,1,,15,,0.6666666666666666,,57.511043548583984,5.009212493896484,5.577237129211426,3.25,1.0,24.0,2.7926557426291327,13,0.9878643688962344
antmaze-medium-navigate-v0,1,gas_shortest,none,3,42,1,,15,,0.5925925925925926,,22.794363021850582,1.731968641281128,1.7535544633865356,2.84,1.0,25.0,5.59614002279964,18,0.9601181251332932
antmaze-medium-navigate-v0,1,gas_shortest,none,4,43,1,,19,,0.5903614457831325,,52.43342971801758,2.1253762245178223,2.3671815395355225,2.769230769230769,1.0,39.0,1.647834123548053,23,0.9720841375117342
antmaze-medium-navigate-v0,1,gas_shortest,none,5,44,1,,18,,0.7049180327868853,,51.35097122192383,3.955356121063232,4.017397880554199,2.1714285714285717,1.0,35.0,1.9686874279765225,10,0.9747756776321556
antmaze-medium-navigate-v0,1,gas_shortest,none,1,45,1,,15,,0.6790123456790124,,57.47111129760742,1.090244174003601,3.6355130672454834,2.883720930232558,1.0,43.0,1.474538678092888,19,0.9807943173473548
antmaze-medium-navigate-v0,1,gas_shortest,none,2,46,1,,15,,0.6037735849056604,,57.48518371582031,3.2484562397003174,3.461761713027954,3.857142857142857,1.0,21.0,3.496679322809473,14,0.9800021967476368
antmaze-medium-navigate-v0,1,gas_shortest,none,3,47,1,,16,,0.6346153846153846,,22.094837188720703,3.114096164703369,3.968196392059326,2.4444444444444446,1.0,27.0,1.4524016462758882,12,0.9698547470813732
antmaze-medium-navigate-v0,1,gas_shortest,none,4,48,1,,25,,0.5833333333333334,,49.50694274902344,0.6044085025787354,2.3266942501068115,2.362068965517241,1.0,58.0,1.9285550016328725,32,0.9742610479687265
antmaze-medium-navigate-v0,1,gas_shortest,none,5,49,1,,15,,0.7346938775510204,,49.13308334350586,2.14371919631958,3.4236598014831543,2.074074074074074,1.0,27.0,1.3663216302036818,11,0.9659489611337337
antmaze-medium-navigate-v0,1,gas_shortest,none,1,50,1,,15,,0.6813186813186813,,58.38094329833984,2.534987449645996,2.534987449645996,2.452830188679245,1.0,53.0,4.8259115631743175,21,0.9751345314382462
antmaze-medium-navigate-v0,1,gas_shortest,none,2,51,1,,15,,0.6231884057971014,,55.79085159301758,1.4639114141464231,4.245424270629883,2.878787878787879,1.0,33.0,1.0856211188043798,17,0.9841066941697586
antmaze-medium-navigate-v0,1,gas_shortest,none,3,52,1,,15,,0.7619047619047619,,23.926801681518555,1.7884505987167358,1.984594464302063,1.5952380952380951,1.0,42.0,1.2310932802162116,14,0.9834108631046165
antmaze-medium-navigate-v0,1,gas_shortest,none,4,53,1,,24,,0.6226415094339622,,52.56411361694336,3.5830414295196533,3.929699420928955,3.4347826086956523,1.0,23.0,0.9848604326489113,15,0.9530720636849982
antmaze-medium-navigate-v0,1,gas_shortest,none,5,54,1,,15,,0.7627118644067796,,48.42624282836914,3.659045457839966,4.363409996032715,1.7777777777777777,1.0,36.0,1.8420536834189367,10,0.9771232882458942
antmaze-medium-navigate-v0,1,gas_shortest,none,1,55,1,,17,,0.6336633663366337,,57.85404586791992,0.8197822570800781,0.840195894241333,2.75,1.0,48.0,3.4902074777248884,30,0.9799761700450024
antmaze-medium-navigate-v0,1,gas_shortest,none,2,56,1,,15,,0.575,,56.499977111816406,5.830336093902588,5.830336093902588,4.2,1.0,15.0,1.5296318802837543,12,1.0
antmaze-medium-navigate-v0,1,gas_shortest,none,3,57,1,,15,,0.6571428571428571,,22.844532012939453,3.306652784347534,3.943142890930176,2.5625,1.0,16.0,1.1657306035486246,10,0.9920480245313741
antmaze-medium-navigate-v0,1,gas_shortest,none,4,58,1,,15,,0.6071428571428571,,52.10250854492188,3.462223768234253,3.664544343948364,3.48,1.0,25.0,1.4078909399809598,17,0.9701875871936476
antmaze-medium-navigate-v0,1,gas_shortest,none,5,59,1,,15,,0.7058823529411765,,48.93686294555664,3.010695695877075,3.5187807083129883,2.259259259259259,1.0,27.0,7.175656674114464,8,0.9740409297486305
antmaze-medium-navigate-v0,1,gas_shortest,none,1,60,1,,21,,0.7123287671232876,,58.348270416259766,0.6046980023384094,1.7892687320709229,2.2439024390243905,1.0,41.0,1.034878567746471,16,0.967333130061604
antmaze-medium-navigate-v0,1,gas_shortest,none,2,61,1,,15,,0.6031746031746031,,57.473419189453125,0.9546029567718506,0.9546029567718506,3.923076923076923,1.0,26.0,1.7049274050135754,12,0.9775764877171297
antmaze-medium-navigate-v0,1,gas_shortest,none,3,62,0,,15,6,0.0387596899224806,,22.79150009155273,22.79150009155273,27.40864372253418,6.095238095238095,6.0,42.0,1.0129781506013762,914,1.0
antmaze-medium-navigate-v0,1,gas_shortest,none,4,63,1,,23,,0.4578313253012048,,51.21950912475586,2.4401206970214844,2.4401206970214844,6.166666666666667,1.0,30.0,1.4369994729417588,35,0.9697456738999296
antmaze-medium-navigate-v0,1,gas_shortest,none,5,64,1,,15,,0.8421052631578947,,49.05595779418945,1.7982983589172363,2.4261481761932373,1.4204545454545454,1.0,88.0,3.474122771276215,15,0.9743119372805045
antmaze-medium-navigate-v0,1,gas_shortest,none,1,65,0,,15,46,0.2830188679245283,,58.50495910644531,39.4022102355957,40.484493255615234,9.657894736842104,9.0,38.0,1.3848720759660418,332,1.0
antmaze-medium-navigate-v0,1,gas_shortest,none,2,66,1,,15,,0.7213114754098361,,56.994407653808594,0.9068750739097596,4.106413841247559,2.625,1.0,32.0,5.212895025502704,17,0.9823272608995633
antmaze-medium-navigate-v0,1,gas_shortest,none,3,67,1,,15,,0.5740740740740741,,19.73677444458008,1.2923290729522705,1.2923290729522705,2.8461538461538463,1.0,26.0,0.7630244317823494,16,0.9648939929037086
antmaze-medium-navigate-v0,1,gas_shortest,none,4,68,1,,27,,0.6610169491525424,,51.77389144897461,1.230329513549805,3.381825685501098,3.206896551724138,1.0,29.0,2.939462593746312,19,0.9462069676800068
antmaze-medium-navigate-v0,1,gas_shortest,none,5,69,1,,15,,0.6341463414634146,,49.40871047973633,3.920666933059693,4.55220365524292,3.0625,1.0,16.0,0.95823025224917,11,0.9836247908132376
antmaze-medium-navigate-v0,1,gas_shortest,none,1,70,1,,15,,0.8596491228070176,,57.41118240356445,0.7803776264190674,5.118476867675781,1.4942528735632183,1.0,87.0,5.053491126718953,28,0.9816863010336565
antmaze-medium-navigate-v0,1,gas_shortest,none,2,71,1,,15,,0.4680851063829787,,57.265174865722656,7.382653713226318,7.38403844833374,6.25,1.0,12.0,1.3028601017298476,17,1.0
antmaze-medium-navigate-v0,1,gas_shortest,none,3,72,1,,15,,0.5714285714285714,,22.393186569213867,1.2584466934204102,1.4589922428131104,2.4864864864864864,1.0,37.0,1.7319942622148836,72,0.9909416478635684
antmaze-medium-navigate-v0,1,gas_shortest,none,4,73,1,,41,,0.4639175257731959,,49.797393798828125,2.5195674896240234,2.5195674896240234,2.8974358974358974,1.0,39.0,2.4678436186185206,46,0.9646370179037613
antmaze-medium-navigate-v0,1,gas_shortest,none,5,74,1,,15,,0.8738738738738738,,47.72900772094727,1.5642181634902954,1.6522798538208008,1.306818181818182,1.0,88.0,1.57149094384735,20,0.9612731940844025
antmaze-medium-navigate-v0,1,gas_shortest,none,1,75,1,,15,,0.680672268907563,,56.527793884277344,1.2948108911514282,2.4488613605499268,2.2686567164179103,1.0,67.0,3.254953464806348,40,0.9836381713530694
antmaze-medium-navigate-v0,1,gas_shortest,none,2,76,1,,15,,0.7468354430379747,,56.861270904541016,4.933452129364014,5.821393013000488,2.191489361702128,1.0,47.0,2.159274571827796,19,1.0
antmaze-medium-navigate-v0,1,gas_shortest,none,3,77,0,,16,5,0.03125,,17.839731216430664,17.839731216430664,28.23270606994629,8.857142857142858,9.0,42.0,0.9315160583639897,867,0.9973878439919965
antmaze-medium-navigate-v0,1,gas_shortest,none,4,78,1,,21,,0.5373134328358209,,52.05617904663086,3.5715525150299072,3.6589317321777344,3.703703703703704,1.0,27.0,0.9210331082696758,19,0.9654605260639868
antmaze-medium-navigate-v0,1,gas_shortest,none,5,79,1,,18,,0.7636363636363637,,49.13822555541992,2.7035062313079834,2.740618944168091,1.8529411764705883,1.0,34.0,1.9921308004070097,8,0.9546093807819822
antmaze-medium-navigate-v0,1,gas_shortest,none,1,80,1,,15,,0.6923076923076923,,57.98060989379883,2.9578239917755127,3.8903520107269287,2.386363636363636,1.0,44.0,2.4461208048906555,16,0.9784342498473086
antmaze-medium-navigate-v0,1,gas_shortest,none,2,81,1,,15,,0.7288135593220338,,56.70196533203125,4.968870639801025,6.7483344078063965,2.6129032258064515,1.0,31.0,4.446580277926283,12,0.9992001106169685
antmaze-medium-navigate-v0,1,gas_shortest,none,3,82,1,,15,,0.4827586206896552,,19.08591651916504,1.405858874320984,1.7573567628860474,3.6176470588235294,1.0,34.0,2.9149327896311235,32,0.9812010562149488
antmaze-medium-navigate-v0,1,gas_shortest,none,4,83,1,,27,,0.6724137931034483,,50.084171295166016,0.9765923023223876,1.169175148010254,3.185185185185185,1.0,27.0,1.2258148898362689,15,0.931250970267597
antmaze-medium-navigate-v0,1,gas_shortest,none,5,84,1,,15,,0.6666666666666666,,49.26057052612305,6.163661003112793,6.163661003112793,2.608695652173913,1.0,23.0,1.3836838999568295,15,0.9995333045000697
antmaze-medium-navigate-v0,1,gas_shortest,none,1,85,1,,15,,0.7424242424242424,,58.28664016723633,1.324109673500061,1.602220892906189,2.685714285714285,1.0,35.0,6.575833667435312,14,0.9677071269053916
antmaze-medium-navigate-v0,1,gas_shortest,none,2,86,1,,15,,0.8045977011494253,,57.41764831542969,2.8751065731048584,4.406806945800781,1.9649122807017545,1.0,57.0,1.4337407171688341,18,0.997858371795208
antmaze-medium-navigate-v0,1,gas_shortest,none,3,87,1,,15,,0.6,,20.469038009643555,2.332221269607544,2.5220370292663574,2.3225806451612905,1.0,31.0,1.1222318318711721,14,0.9897065596740242
antmaze-medium-navigate-v0,1,gas_shortest,none,4,88,1,,20,,0.4823529411764706,,53.02566909790039,2.185424327850342,2.2273919582366943,5.5,1.0,32.0,1.4826653704818742,26,0.9724940020902937
antmaze-medium-navigate-v0,1,gas_shortest,none,5,89,1,,15,,0.8783783783783784,,46.2667236328125,2.2790961265563965,3.200016021728516,1.278688524590164,1.0,122.0,1.654982592485084,31,0.9811647394527062
antmaze-medium-navigate-v0,1,gas_shortest,none,1,90,1,,15,,0.6216216216216216,,57.09370803833008,2.4566659927368164,3.331641674041748,3.0,1.0,35.0,3.320769477377389,16,0.9766557533368432
antmaze-medium-navigate-v0,1,gas_shortest,none,2,91,1,,15,,0.6935483870967742,,56.88054656982422,3.7025129795074463,4.029148101806641,2.967741935483871,1.0,31.0,5.00078398877117,14,0.9962002821148284
antmaze-medium-navigate-v0,1,gas_shortest,none,3,92,1,,15,,0.7297297297297297,,21.84231185913086,1.3666290044784546,2.717430353164673,1.95,1.0,20.0,1.8271827941618224,7,0.9954771672848446
antmaze-medium-navigate-v0,1,gas_shortest,none,4,93,1,,25,,0.6862745098039216,,52.09169769287109,2.270822286605835,2.3456063270568848,3.0416666666666665,1.0,24.0,1.634201273587912,11,0.9471405291109977
antmaze-medium-navigate-v0,1,gas_shortest,none,5,94,1,,15,,0.6666666666666666,,47.655029296875,2.9261398315429688,3.269309759140014,2.363636363636364,1.0,22.0,3.6681926176798374,11,0.9759818766781004
antmaze-medium-navigate-v0,1,gas_shortest,none,1,95,1,,15,,0.7375,,57.48324203491211,0.8149359226226807,3.5761420726776123,2.191489361702128,1.0,47.0,3.2061063945380006,23,0.9813860207672016
antmaze-medium-navigate-v0,1,gas_shortest,none,2,96,1,,15,,0.7,,56.70695495605469,2.0836403369903564,2.3599321842193604,2.32,1.0,50.0,3.141782731576586,27,0.9904233332419732
antmaze-medium-navigate-v0,1,gas_shortest,none,3,97,1,,15,,0.6346153846153846,,22.60651016235352,1.4667795896530151,1.4667795896530151,2.64,1.0,25.0,1.5209029133377607,14,0.986785838887553
antmaze-medium-navigate-v0,1,gas_shortest,none,4,98,1,,15,,0.5423728813559322,,51.96638107299805,3.2565600872039795,3.7069203853607178,4.230769230769231,1.0,26.0,1.2388235929236004,20,0.96233397566761
antmaze-medium-navigate-v0,1,gas_shortest,none,5,99,1,,15,,0.7142857142857143,,49.00807189941406,4.397716522216797,4.583347797393799,2.2222222222222223,1.0,27.0,1.3318083840275892,9,0.9704085988619053
antmaze-medium-navigate-v0,1,gas_reachability_soft_calibrated,none,1,0,1,,21,,0.7586206896551724,,56.95133209228516,2.786808490753174,2.786808490753174,2.7241379310344827,1.0,29.0,3.2076397595390747,18,0.9674188840041004
antmaze-medium-navigate-v0,1,gas_reachability_soft_calibrated,none,2,1,1,,15,,0.7413793103448276,,56.251197814941406,4.1604084968566895,4.182283878326416,2.7241379310344827,1.0,29.0,4.215181337673639,14,0.9967071242384016
antmaze-medium-navigate-v0,1,gas_reachability_soft_calibrated,none,3,2,0,,15,43,0.2625,,23.99742889404297,21.22370147705078,31.995567321777344,9.75,10.0,40.0,1.7913361946633362,352,1.0
antmaze-medium-navigate-v0,1,gas_reachability_soft_calibrated,none,4,3,1,,15,,0.7444444444444445,,51.96338653564453,0.6900001168251038,0.6900001168251038,2.425925925925926,1.0,54.0,3.366949717096101,23,0.9895229119377756
antmaze-medium-navigate-v0,1,gas_reachability_soft_calibrated,none,5,4,1,,15,,0.75,,47.6405143737793,2.9976723194122314,2.9976723194122314,1.829268292682927,1.0,41.0,2.0557049899483566,11,0.9707132809805455
antmaze-medium-navigate-v0,1,gas_reachability_soft_calibrated,none,1,5,1,,15,,0.7349397590361446,,57.49386596679688,2.455628633499145,4.031009197235107,2.3404255319148937,1.0,47.0,3.0033463472589346,22,0.9809304703005568
antmaze-medium-navigate-v0,1,gas_reachability_soft_calibrated,none,2,6,1,,15,,0.7538461538461538,,57.11954879760742,3.6272571086883545,3.6272571086883545,2.5142857142857142,1.0,35.0,11.388550830321243,17,0.983785899156045
antmaze-medium-navigate-v0,1,gas_reachability_soft_calibrated,none,3,7,0,,15,43,0.2625,,23.345518112182617,20.67616081237793,30.186466217041016,10.925,11.0,40.0,1.901628379611335,379,1.0
antmaze-medium-navigate-v0,1,gas_reachability_soft_calibrated,none,4,8,1,,15,,0.6440677966101694,,50.3928337097168,3.07666563987732,3.07666563987732,3.863636363636364,1.0,22.0,3.386539711382834,15,0.9940994205022372
antmaze-medium-navigate-v0,1,gas_reachability_soft_calibrated,none,5,9,1,,15,,0.7045454545454546,,48.9578857421875,3.3834049701690674,3.3834049701690674,2.227272727272727,1.0,22.0,4.776385738198729,11,0.9655637596748378
antmaze-medium-navigate-v0,1,gas_reachability_soft_calibrated,none,1,10,1,,15,,0.6166666666666667,,58.19404983520508,1.5167032480239868,2.243321895599365,4.666666666666667,1.0,21.0,5.735583018212419,17,0.9979532984150692
antmaze-medium-navigate-v0,1,gas_reachability_soft_calibrated,none,2,11,1,,15,,0.671875,,57.50946807861328,5.020707130432129,5.020707130432129,3.433333333333333,1.0,30.0,2.8670441180161474,16,0.9925368176371546
antmaze-medium-navigate-v0,1,gas_reachability_soft_calibrated,none,3,12,1,,15,,0.5185185185185185,,19.37421417236328,0.7584205865859985,1.9180378913879397,4.166666666666667,1.0,18.0,8.974703387717598,24,1.0
antmaze-medium-navigate-v0,1,gas_reachability_soft_calibrated,none,4,13,1,,15,,0.6744186046511628,,50.90314102172852,1.3409463167190552,1.3409463167190552,3.1627906976744184,1.0,43.0,3.15506740806909,37,0.9968611010482256
antmaze-medium-navigate-v0,1,gas_reachability_soft_calibrated,none,5,14,1,,18,,0.6888888888888889,,50.8025016784668,1.529166579246521,1.807147026062012,2.9,1.0,20.0,14.086652225554468,11,0.960914103604461
antmaze-medium-navigate-v0,1,gas_reachability_soft_calibrated,none,1,15,1,,15,,0.7333333333333333,,57.54848861694336,2.5136165618896484,2.786165952682495,2.6451612903225805,1.0,31.0,0.8837359372455603,13,0.9725518765069284
antmaze-medium-navigate-v0,1,gas_reachability_soft_calibrated,none,2,16,1,,15,,0.7272727272727273,,56.80280685424805,3.7730982303619385,3.7730982303619385,2.3714285714285714,1.0,35.0,6.142998917220701,20,1.0
antmaze-medium-navigate-v0,1,gas_reachability_soft_calibrated,none,3,17,1,,15,,0.6078431372549019,,22.838939666748047,1.6787880659103394,2.39678168296814,3.2,1.0,20.0,4.233446773994463,17,0.9919754385418218
antmaze-medium-navigate-v0,1,gas_reachability_soft_calibrated,none,4,18,1,,15,,0.7236842105263158,,50.996849060058594,1.873658537864685,2.5318193435668945,2.58974358974359,1.0,39.0,6.208093646219467,22,0.9909911341911654
antmaze-medium-navigate-v0,1,gas_reachability_soft_calibrated,none,5,19,1,,15,,0.717391304347826,,48.3718147277832,2.7122275829315186,3.322458267211914,2.4285714285714284,1.0,21.0,5.714459677999411,11,0.9854107312400309
antmaze-medium-navigate-v0,1,gas_reachability_soft_calibrated,none,1,20,1,,17,,0.8197674418604651,,57.45648956298828,1.709803342819214,4.170482158660889,1.8253968253968251,1.0,126.0,6.01979478993651,38,0.9844246435217981
antmaze-medium-navigate-v0,1,gas_reachability_soft_calibrated,none,2,21,1,,15,,0.68,,56.82867813110352,2.389002084732056,2.389002084732056,2.625,1.0,24.0,1.5245614502859373,12,0.9774265771734597
antmaze-medium-navigate-v0,1,gas_reachability_soft_calibrated,none,3,22,0,,15,43,0.2608695652173913,,24.356225967407227,22.428346633911133,30.95035743713379,9.925,10.0,40.0,1.0372637055548006,363,1.0
antmaze-medium-navigate-v0,1,gas_reachability_soft_calibrated,none,4,23,1,,15,,0.7727272727272727,,52.06256484985352,1.5543402433395386,1.7640219926834106,2.5526315789473686,1.0,38.0,1.5056246612851825,14,0.9886764365353424
antmaze-medium-navigate-v0,1,gas_reachability_soft_calibrated,none,5,24,1,,15,,0.8640776699029126,,50.528018951416016,2.6649556159973145,5.297252178192139,1.4743589743589745,1.0,78.0,2.3580228329443287,20,0.9897649077160464
antmaze-medium-navigate-v0,1,gas_reachability_soft_calibrated,none,1,25,1,,15,,0.6585365853658537,,57.81783676147461,1.3009934425354004,1.9079184532165527,3.1052631578947367,1.0,38.0,5.5878022183133815,24,0.9787789262000433
antmaze-medium-navigate-v0,1,gas_reachability_soft_calibrated,none,2,26,1,,15,,0.6153846153846154,,56.93899917602539,5.276942253112793,6.506286144256592,4.0,1.0,21.0,1.5062276275032034,15,1.0
antmaze-medium-navigate-v0,1,gas_reachability_soft_calibrated,none,3,27,1,,15,,0.7857142857142857,,24.90893173217773,1.5028125047683716,1.5028125047683716,1.64,1.0,25.0,1.5796724916463445,8,0.9786129040164866
antmaze-medium-navigate-v0,1,gas_reachability_soft_calibrated,none,4,28,1,,15,,0.7103825136612022,,54.20330810546875,1.0430620908737185,3.923350334167481,2.860869565217391,1.0,115.0,3.341041894079177,56,1.0
antmaze-medium-navigate-v0,1,gas_reachability_soft_calibrated,none,5,29,1,,15,,0.8133333333333334,,49.7083740234375,1.0632253885269165,1.0632253885269165,1.72,1.0,50.0,3.516992921331322,14,0.9643906528331836
antmaze-medium-navigate-v0,1,gas_reachability_soft_calibrated,none,1,30,1,,15,,0.7974683544303798,,57.379276275634766,0.8880124092102051,3.2367100715637207,1.9557522123893805,1.0,113.0,3.899100074003257,45,0.9860297010659552
antmaze-medium-navigate-v0,1,gas_reachability_soft_calibrated,none,2,31,1,,15,,0.875,,56.00035858154297,1.4610862731933594,2.7921833992004395,1.5571428571428572,1.0,70.0,3.2026873101986006,12,0.9970178403200716
antmaze-medium-navigate-v0,1,gas_reachability_soft_calibrated,none,3,32,1,,17,,0.4677419354838709,,21.801393508911133,1.9262220859527588,2.031160593032837,4.2727272727272725,1.0,22.0,1.565536356930505,24,0.9672569847311085
antmaze-medium-navigate-v0,1,gas_reachability_soft_calibrated,none,4,33,1,,15,,0.7313432835820896,,50.49618148803711,3.685824871063232,3.685824871063232,3.0,1.0,31.0,3.2135071846967427,19,0.994558285879656
antmaze-medium-navigate-v0,1,gas_reachability_soft_calibrated,none,5,34,1,,15,,0.7608695652173914,,50.10911560058594,3.129016876220703,3.1829843521118164,2.4166666666666665,1.0,24.0,4.590656925228797,11,0.9720178526446775
antmaze-medium-navigate-v0,1,gas_reachability_soft_calibrated,none,1,35,1,,15,,0.7746478873239436,,57.6098861694336,2.0116097927093506,2.0590293407440186,2.2142857142857144,1.0,42.0,2.2872601325356734,17,0.9925583915844508
antmaze-medium-navigate-v0,1,gas_reachability_soft_calibrated,none,2,36,1,,15,,0.6666666666666666,,56.27981948852539,4.786457538604736,4.786457538604736,3.5789473684210527,1.0,19.0,2.4870601417987537,11,1.0
antmaze-medium-navigate-v0,1,gas_reachability_soft_calibrated,none,3,37,1,,15,,0.6041666666666666,,18.77371406555176,1.2151620388031006,1.563915491104126,3.1052631578947367,1.0,19.0,2.3954673414984624,17,0.9657632642088477
antmaze-medium-navigate-v0,1,gas_reachability_soft_calibrated,none,4,38,0,,15,43,0.2592592592592592,,51.14729309082031,51.09069061279297,54.57112884521485,16.05,16.0,40.0,4.185980373216268,387,1.0
antmaze-medium-navigate-v0,1,gas_reachability_soft_calibrated,none,5,39,1,,15,,0.82,,49.15304565429688,0.8925806879997253,0.8925806879997253,1.9285714285714288,1.0,28.0,8.740864314696395,9,0.9768048028598625
antmaze-medium-navigate-v0,1,gas_reachability_soft_calibrated,none,1,40,1,,15,,0.7,,58.54146957397461,1.2127556800842283,1.2480651140213013,2.9696969696969697,1.0,33.0,3.486449748050261,17,0.9940520885018129
antmaze-medium-navigate-v0,1,gas_reachability_soft_calibrated,none,2,41,1,,15,,0.7164179104477612,,57.300968170166016,3.802710294723511,5.064881324768066,2.771428571428572,1.0,35.0,3.60830238938818,14,1.0
antmaze-medium-navigate-v0,1,gas_reachability_soft_calibrated,none,3,42,1,,15,,0.5423728813559322,,22.080352783203125,2.116004467010498,3.1091670989990234,3.458333333333333,1.0,24.0,5.873515189781366,24,0.973468336663812
antmaze-medium-navigate-v0,1,gas_reachability_soft_calibrated,none,4,43,1,,15,,0.5897435897435898,,52.677391052246094,1.016354203224182,1.016354203224182,5.166666666666667,1.0,30.0,3.132750307128996,24,0.9856887354235528
antmaze-medium-navigate-v0,1,gas_reachability_soft_calibrated,none,5,44,1,,16,,0.8666666666666667,,51.13135147094727,0.8330394625663757,1.7536227703094482,1.5671641791044777,1.0,67.0,1.7434141752237715,18,0.962070888753539
antmaze-medium-navigate-v0,1,gas_reachability_soft_calibrated,none,1,45,1,,15,,0.7291666666666666,,57.60335540771485,2.003312826156616,2.4413864612579346,2.452830188679245,1.0,53.0,5.334652272751705,26,0.9798364739329225
antmaze-medium-navigate-v0,1,gas_reachability_soft_calibrated,none,2,46,1,,15,,0.6296296296296297,,57.38115692138672,4.377242088317871,4.377242088317871,3.809523809523809,1.0,21.0,3.123526410035164,14,0.9990147664307792
antmaze-medium-navigate-v0,1,gas_reachability_soft_calibrated,none,3,47,1,,16,,0.48,,21.48963928222656,2.1024444103240967,2.1024444103240967,3.8620689655172415,1.0,29.0,4.619724060482406,47,0.9752138937695717
antmaze-medium-navigate-v0,1,gas_reachability_soft_calibrated,none,4,48,1,,25,,0.8,,49.68359375,1.0099585056304932,2.4235281944274902,1.9066666666666667,1.0,75.0,4.01989361070333,27,0.9572632349514097
antmaze-medium-navigate-v0,1,gas_reachability_soft_calibrated,none,5,49,1,,15,,0.7291666666666666,,49.45833969116211,2.649785041809082,2.649785041809082,2.4782608695652173,1.0,23.0,6.856510653843952,11,0.9732483989784116
antmaze-medium-navigate-v0,1,gas_reachability_soft_calibrated,none,1,50,1,,15,,0.6296296296296297,,58.221588134765625,1.4465830326080322,2.785263538360596,3.6176470588235294,1.0,68.0,6.012583079198106,52,0.9869309012693441
antmaze-medium-navigate-v0,1,gas_reachability_soft_calibrated,none,2,51,1,,15,,0.6617647058823529,,55.80775451660156,1.3616489171981812,3.7465200424194336,2.7096774193548385,1.0,31.0,4.404481827955636,18,1.0
antmaze-medium-navigate-v0,1,gas_reachability_soft_calibrated,none,3,52,0,,15,13,0.0902255639097744,,22.59589195251465,19.83230781555176,26.58950424194336,5.341463414634147,5.0,41.0,4.395371410979685,818,1.0
antmaze-medium-navigate-v0,1,gas_reachability_soft_calibrated,none,4,53,1,,15,,0.7407407407407407,,52.42934799194336,2.3227322101593018,4.225168228149414,2.404255319148936,1.0,47.0,9.077726659076141,18,1.0
antmaze-medium-navigate-v0,1,gas_reachability_soft_calibrated,none,5,54,1,,15,,0.8088235294117647,,48.415775299072266,2.555976867675781,2.555976867675781,1.6666666666666667,1.0,45.0,3.089666939458787,14,0.9659925899336984
antmaze-medium-navigate-v0,1,gas_reachability_soft_calibrated,none,1,55,1,,17,,0.7625,,57.626312255859375,1.0748854875564575,2.713753223419189,2.347826086956522,1.0,46.0,6.723501509237981,27,0.9759630521319904
antmaze-medium-navigate-v0,1,gas_reachability_soft_calibrated,none,2,56,1,,15,,0.6901408450704225,,57.04634475708008,2.228673458099365,2.876739025115967,3.0277777777777777,1.0,36.0,7.126562364731585,17,0.9891991057003308
antmaze-medium-navigate-v0,1,gas_reachability_soft_calibrated,none,3,57,1,,15,,0.6,,22.73530960083008,1.746261715888977,1.746261715888977,3.0,1.0,26.0,1.6330850526846103,16,0.9824879133211732
antmaze-medium-navigate-v0,1,gas_reachability_soft_calibrated,none,4,58,0,,15,45,0.2699386503067484,,51.753448486328125,49.46062469482422,54.12735366821289,14.175,14.0,40.0,3.7320175453514963,308,1.0
antmaze-medium-navigate-v0,1,gas_reachability_soft_calibrated,none,5,59,1,,15,,0.8,,48.932247161865234,2.7189583778381348,3.699140310287476,1.680851063829787,1.0,47.0,1.663147812751726,15,0.9764232725766385
antmaze-medium-navigate-v0,1,gas_reachability_soft_calibrated,none,1,60,1,,21,,0.6951219512195121,,58.130462646484375,0.9190594553947448,2.784097909927368,2.886363636363636,1.0,44.0,2.2433729792073667,21,0.9736043392820986
antmaze-medium-navigate-v0,1,gas_reachability_soft_calibrated,none,2,61,1,,15,,0.6363636363636364,,57.71415710449219,3.681825399398804,4.188375949859619,3.8260869565217392,1.0,23.0,4.805005688674248,23,0.9915327170819292
antmaze-medium-navigate-v0,1,gas_reachability_soft_calibrated,none,3,62,1,,15,,0.5,,23.495685577392575,1.8812313079833984,2.5085766315460205,3.4838709677419355,1.0,31.0,1.4404619607273057,33,0.9938056148873521
antmaze-medium-navigate-v0,1,gas_reachability_soft_calibrated,none,4,63,1,,15,,0.6352941176470588,,51.470970153808594,0.5506013631820679,3.3132216930389404,3.523809523809524,1.0,42.0,2.6477090931670806,17,1.0
antmaze-medium-navigate-v0,1,gas_reachability_soft_calibrated,none,5,64,1,,20,,0.7241379310344828,,49.38262176513672,3.0047388076782227,3.3655660152435303,2.290322580645161,1.0,31.0,9.706446587055316,11,0.96773967131114
antmaze-medium-navigate-v0,1,gas_reachability_soft_calibrated,none,1,65,1,,15,,0.7843137254901961,,58.55936050415039,1.928112268447876,3.647947788238525,2.087378640776699,1.0,103.0,3.6772911594138016,39,1.0
antmaze-medium-navigate-v0,1,gas_reachability_soft_calibrated,none,2,66,1,,15,,0.6595744680851063,,57.30991744995117,3.3863470554351807,3.3863470554351807,4.1875,1.0,16.0,3.3032836629538695,15,0.9949944608300152
antmaze-medium-navigate-v0,1,gas_reachability_soft_calibrated,none,3,67,1,,15,,0.5882352941176471,,19.7619571685791,2.650488376617432,2.9496266841888428,3.2857142857142856,1.0,21.0,4.309372345471407,17,1.0
antmaze-medium-navigate-v0,1,gas_reachability_soft_calibrated,none,4,68,0,,15,30,0.2013888888888889,,51.34449005126953,46.30300521850586,48.49188232421875,12.487179487179487,12.0,39.0,1.7185233453063486,482,1.0
antmaze-medium-navigate-v0,1,gas_reachability_soft_calibrated,none,5,69,1,,15,,0.6538461538461539,,49.04473114013672,2.2418999671936035,2.2418999671936035,2.28,1.0,25.0,0.8586966604092063,11,0.9709150036518402
antmaze-medium-navigate-v0,1,gas_reachability_soft_calibrated,none,1,70,1,,15,,0.6438356164383562,,57.45572280883789,0.6878440976142883,3.7296433448791504,3.903225806451613,1.0,31.0,3.89340434938992,22,0.9806645590676436
antmaze-medium-navigate-v0,1,gas_reachability_soft_calibrated,none,2,71,1,,15,,0.6545454545454545,,57.25641250610352,2.913280487060547,3.753685712814331,3.739130434782609,1.0,23.0,4.716484709413772,13,0.9864062808744157
antmaze-medium-navigate-v0,1,gas_reachability_soft_calibrated,none,3,72,1,,15,,0.6623376623376623,,22.18357276916504,1.2246829271316528,1.2246829271316528,2.317073170731707,1.0,41.0,2.726110404168939,28,0.9895849596229728
antmaze-medium-navigate-v0,1,gas_reachability_soft_calibrated,none,4,73,0,,15,46,0.2777777777777778,,49.71725845336914,44.17000579833984,49.322357177734375,12.23076923076923,12.0,39.0,1.2850406603130726,363,1.0
antmaze-medium-navigate-v0,1,gas_reachability_soft_calibrated,none,5,74,1,,15,,0.8295454545454546,,47.86492919921875,2.1241254806518555,2.1241254806518555,1.4603174603174602,1.0,63.0,5.634205425482025,11,0.9673009416378361
antmaze-medium-navigate-v0,1,gas_reachability_soft_calibrated,none,1,75,1,,15,,0.5813953488372093,,56.53989791870117,1.5503109693527222,3.2157983779907227,3.742857142857143,1.0,35.0,2.411494191300131,28,0.9850074900379352
antmaze-medium-navigate-v0,1,gas_reachability_soft_calibrated,none,2,76,1,,15,,0.6851851851851852,,56.913047790527344,3.1773524284362797,3.1773524284362797,3.25,1.0,24.0,3.6424235913174017,12,0.9938540832039192
antmaze-medium-navigate-v0,1,gas_reachability_soft_calibrated,none,3,77,0,,16,40,0.2452830188679245,,18.39920997619629,18.39920997619629,28.827022552490234,9.725,10.0,40.0,0.9315160583639897,358,1.0
antmaze-medium-navigate-v0,1,gas_reachability_soft_calibrated,none,4,78,1,,15,,0.6610169491525424,,52.26650619506836,1.517587184906006,1.517587184906006,3.48,1.0,25.0,5.0270190858689805,16,0.997065220553889
antmaze-medium-navigate-v0,1,gas_reachability_soft_calibrated,none,5,79,1,,15,,0.8461538461538461,,48.57094955444336,3.772524833679199,4.344814777374268,1.462686567164179,1.0,67.0,3.2517622489901328,19,0.9929048823078305
antmaze-medium-navigate-v0,1,gas_reachability_soft_calibrated,none,1,80,1,,15,,0.7536231884057971,,58.07677459716797,0.473621666431427,2.365985870361328,2.6486486486486487,1.0,37.0,8.88453223515709,24,0.9702419999127944
antmaze-medium-navigate-v0,1,gas_reachability_soft_calibrated,none,2,81,1,,15,,0.8089887640449438,,56.756465911865234,2.610081672668457,3.800278186798096,1.8666666666666667,1.0,60.0,6.754991677964532,18,0.9999778607581022
antmaze-medium-navigate-v0,1,gas_reachability_soft_calibrated,none,3,82,1,,15,,0.6081081081081081,,19.149642944335938,1.738593339920044,1.738593339920044,2.526315789473684,1.0,38.0,5.161650150026817,16,0.9713459517176076
antmaze-medium-navigate-v0,1,gas_reachability_soft_calibrated,none,4,83,1,,15,,0.6607142857142857,,50.505409240722656,3.607547283172608,3.643834114074707,3.695652173913044,1.0,23.0,2.349322329636886,20,0.994924304070834
antmaze-medium-navigate-v0,1,gas_reachability_soft_calibrated,none,5,84,1,,15,,0.6862745098039216,,49.421268463134766,2.909343957901001,2.909343957901001,2.6956521739130435,1.0,23.0,1.3836838999568295,14,0.9823995329284124
antmaze-medium-navigate-v0,1,gas_reachability_soft_calibrated,none,1,85,1,,15,,0.7323943661971831,,58.25065612792969,3.094223976135254,3.368309736251831,2.857142857142857,1.0,35.0,14.906685265626972,17,1.0
antmaze-medium-navigate-v0,1,gas_reachability_soft_calibrated,none,2,86,1,,15,,0.676923076923077,,57.23838424682617,4.421147346496582,4.421147346496582,3.206896551724138,1.0,29.0,3.420490056029637,17,0.9981055570891293
antmaze-medium-navigate-v0,1,gas_reachability_soft_calibrated,none,3,87,1,,15,,0.7924528301886793,,20.296367645263672,1.034669041633606,1.1190402507781982,1.78125,1.0,32.0,3.4491258437830514,12,0.9781855545168132
antmaze-medium-navigate-v0,1,gas_reachability_soft_calibrated,none,4,88,1,,15,,0.6233766233766234,,53.13348388671875,2.305152416229248,2.305152416229248,4.774193548387097,1.0,31.0,13.17550750388657,28,1.0
antmaze-medium-navigate-v0,1,gas_reachability_soft_calibrated,none,5,89,1,,15,,0.75,,47.04307556152344,3.218630790710449,3.218630790710449,1.878787878787879,1.0,33.0,2.4434786690025594,9,0.9988040201135197
antmaze-medium-navigate-v0,1,gas_reachability_soft_calibrated,none,1,90,1,,15,,0.7446808510638298,,57.41744995117188,1.272453784942627,3.290691375732422,2.4545454545454546,1.0,55.0,4.67244765746478,21,0.9774721550097153
antmaze-medium-navigate-v0,1,gas_reachability_soft_calibrated,none,2,91,1,,15,,0.734375,,56.42156219482422,5.1942338943481445,7.16096305847168,2.71875,1.0,32.0,3.1131209015348444,19,1.0
antmaze-medium-navigate-v0,1,gas_reachability_soft_calibrated,none,3,92,1,,15,,0.8666666666666667,,21.97031593322754,0.3601728081703186,1.3674979209899902,1.350877192982456,1.0,57.0,4.2618258098525095,7,0.9862121523111321
antmaze-medium-navigate-v0,1,gas_reachability_soft_calibrated,none,4,93,0,,15,46,0.2848101265822785,,52.27595520019531,45.31256866455078,46.77437210083008,12.473684210526317,12.0,38.0,3.6022608946463848,228,1.0
antmaze-medium-navigate-v0,1,gas_reachability_soft_calibrated,none,5,94,1,,15,,0.7714285714285715,,47.62619400024414,4.151072025299072,4.73372745513916,1.673913043478261,1.0,46.0,3.6681926176798374,14,0.9860035106285706
antmaze-medium-navigate-v0,1,gas_reachability_soft_calibrated,none,1,95,1,,15,,0.7605633802816901,,57.42871856689453,1.0734844207763672,1.9009705781936648,2.526315789473684,1.0,38.0,3.761416199429695,26,0.9731652296116918
antmaze-medium-navigate-v0,1,gas_reachability_soft_calibrated,none,2,96,0,,15,51,0.303030303030303,,56.615821838378906,28.287485122680664,30.612520217895508,6.897435897435898,6.0,39.0,4.041019701008728,304,1.0
antmaze-medium-navigate-v0,1,gas_reachability_soft_calibrated,none,3,97,1,,15,,0.6833333333333333,,21.810771942138672,1.611802101135254,1.677534580230713,2.34375,1.0,32.0,1.540887195429955,13,0.9893512355082348
antmaze-medium-navigate-v0,1,gas_reachability_soft_calibrated,none,4,98,0,,15,53,0.3170731707317073,,52.448978424072266,13.176214218139648,24.995309829711918,6.789473684210527,5.0,38.0,4.276988483422813,243,1.0
antmaze-medium-navigate-v0,1,gas_reachability_soft_calibrated,none,5,99,1,,15,,0.7321428571428571,,49.01192092895508,4.333856582641602,4.980952739715576,2.1875,1.0,32.0,6.913965268962471,13,0.9822700011443626
antmaze-medium-navigate-v0,1,gas_reachability_budget_calibrated,none,1,0,1,,21,,0.6323529411764706,,56.83768844604492,1.5541257858276367,1.8312779664993288,3.1875,1.0,32.0,1.7462320005059981,20,0.9665604954688024
antmaze-medium-navigate-v0,1,gas_reachability_budget_calibrated,none,2,1,1,,15,,0.6851851851851852,,56.7762451171875,3.725007057189941,3.807577133178711,3.3043478260869565,1.0,23.0,2.096242269452989,15,0.994946009170624
antmaze-medium-navigate-v0,1,gas_reachability_budget_calibrated,none,3,2,1,,15,,0.6037735849056604,,24.085708618164062,1.623507022857666,2.1491711139678955,2.84,1.0,25.0,1.7913361946633362,16,0.9963979243701765
antmaze-medium-navigate-v0,1,gas_reachability_budget_calibrated,none,4,3,0,,15,6,0.0387596899224806,,52.47248458862305,52.29821395874024,56.57653427124024,12.142857142857142,12.0,42.0,1.5420052612900863,811,1.0
antmaze-medium-navigate-v0,1,gas_reachability_budget_calibrated,none,5,4,1,,15,,0.782051282051282,,48.01191329956055,2.2094151973724365,3.0122499465942383,1.6346153846153846,1.0,52.0,1.6376203045037816,10,0.9689403514783993
antmaze-medium-navigate-v0,1,gas_reachability_budget_calibrated,none,1,5,1,,15,,0.5967741935483871,,57.538124084472656,0.8871954679489136,0.950732946395874,3.1666666666666665,1.0,24.0,1.8848462013162397,16,0.9691561477597612
antmaze-medium-navigate-v0,1,gas_reachability_budget_calibrated,none,2,6,1,,15,,0.6101694915254238,,57.22252655029297,1.7121282815933228,1.7121282815933228,3.3043478260869565,1.0,23.0,5.546793438881799,21,0.9799196390124596
antmaze-medium-navigate-v0,1,gas_reachability_budget_calibrated,none,3,7,0,,15,6,0.0390625,,23.44359588623047,20.933124542236328,30.328466415405277,9.0,9.0,41.0,1.901628379611335,925,1.0
antmaze-medium-navigate-v0,1,gas_reachability_budget_calibrated,none,4,8,1,,28,,0.7083333333333334,,49.85584259033203,1.1923679113388062,1.7538453340530396,3.571428571428572,1.0,21.0,1.1958576207541844,11,0.9280578208473268
antmaze-medium-navigate-v0,1,gas_reachability_budget_calibrated,none,5,9,1,,15,,0.6666666666666666,,49.2968978881836,4.439078330993652,4.536902904510498,2.789473684210526,1.0,19.0,4.5156127036098805,13,0.9729521158782024
antmaze-medium-navigate-v0,1,gas_reachability_budget_calibrated,none,1,10,1,,15,,0.72,,58.5285530090332,1.8056720495224,2.159507274627685,2.5,1.0,42.0,1.3537219713956798,15,0.9617646057357294
antmaze-medium-navigate-v0,1,gas_reachability_budget_calibrated,none,2,11,1,,15,,0.5714285714285714,,56.70433807373047,3.4374382495880127,3.572711229324341,4.521739130434782,1.0,23.0,1.634180976616374,28,0.9884140505893425
antmaze-medium-navigate-v0,1,gas_reachability_budget_calibrated,none,3,12,0,,15,13,0.0902255639097744,,18.57505226135254,13.276976585388184,21.94580841064453,5.097560975609756,5.0,41.0,2.073042469392378,814,1.0
antmaze-medium-navigate-v0,1,gas_reachability_budget_calibrated,none,4,13,1,,18,,0.6226415094339622,,51.75284576416016,3.0121190547943115,3.248432159423828,3.7142857142857135,1.0,21.0,1.2123662045994017,16,0.9718802085421817
antmaze-medium-navigate-v0,1,gas_reachability_budget_calibrated,none,5,14,1,,18,,0.7586206896551724,,51.12833786010742,3.704864978790283,3.704864978790283,1.9714285714285715,1.0,35.0,1.4244491887832933,8,0.9708831598646965
antmaze-medium-navigate-v0,1,gas_reachability_budget_calibrated,none,1,15,1,,15,,0.7966101694915254,,57.06672668457031,2.4004948139190674,4.676139831542969,1.669291338582677,1.0,127.0,8.653823568417643,43,0.9912538956898704
antmaze-medium-navigate-v0,1,gas_reachability_budget_calibrated,none,2,16,1,,15,,0.6477272727272727,,56.29310607910156,3.147165298461914,5.081242084503174,2.489795918367347,1.0,49.0,1.6195428253259696,24,0.9944624519815918
antmaze-medium-navigate-v0,1,gas_reachability_budget_calibrated,none,3,17,1,,15,,0.6341463414634146,,23.203004837036133,2.162780284881592,2.4180750846862797,2.15,1.0,20.0,1.4542202784423837,11,0.9878687510407924
antmaze-medium-navigate-v0,1,gas_reachability_budget_calibrated,none,4,18,1,,20,,0.6451612903225806,,51.060794830322266,3.6324150562286377,3.6324150562286377,3.5,1.0,28.0,2.04889951725955,14,0.9673185875964662
antmaze-medium-navigate-v0,1,gas_reachability_budget_calibrated,none,5,19,1,,17,,0.66,,48.09660720825195,4.898300647735596,4.898300647735596,2.625,1.0,24.0,1.4638418987394533,9,0.968904349317626
antmaze-medium-navigate-v0,1,gas_reachability_budget_calibrated,none,1,20,1,,17,,0.6721311475409836,,57.769813537597656,1.504215955734253,1.597805142402649,2.821428571428572,1.0,28.0,2.744756088634144,18,0.9684634058863246
antmaze-medium-navigate-v0,1,gas_reachability_budget_calibrated,none,2,21,1,,15,,0.8333333333333334,,56.669471740722656,1.9034435749053955,3.04153060913086,1.736842105263158,1.0,57.0,3.655369468102424,22,0.9814872817098692
antmaze-medium-navigate-v0,1,gas_reachability_budget_calibrated,none,3,22,0,,15,7,0.0461538461538461,,23.56535530090332,21.55527114868164,30.019968032836918,8.023809523809524,8.0,42.0,1.0372637055548006,889,1.0
antmaze-medium-navigate-v0,1,gas_reachability_budget_calibrated,none,4,23,1,,15,,0.6181818181818182,,52.15507888793945,1.7721312046051023,2.8824524879455566,3.636363636363636,1.0,22.0,1.22247777014019,13,0.9842037551274964
antmaze-medium-navigate-v0,1,gas_reachability_budget_calibrated,none,5,24,1,,15,,0.7538461538461538,,50.57770919799805,4.330936908721924,4.330936908721924,1.8974358974358971,1.0,39.0,1.2898703245362197,12,0.9834650104843077
antmaze-medium-navigate-v0,1,gas_reachability_budget_calibrated,none,1,25,1,,15,,0.7722772277227723,,57.60649871826172,1.7047785520553589,4.007708549499512,1.9393939393939397,1.0,66.0,1.239981994955208,32,0.9818883923473316
antmaze-medium-navigate-v0,1,gas_reachability_budget_calibrated,none,2,26,1,,15,,0.6730769230769231,,57.17334747314453,2.654259443283081,2.6608657836914062,3.217391304347826,1.0,23.0,3.607790457506699,12,0.9923514438097808
antmaze-medium-navigate-v0,1,gas_reachability_budget_calibrated,none,3,27,1,,15,,0.7272727272727273,,24.976123809814453,2.1245110034942627,2.6874594688415527,1.7222222222222223,1.0,18.0,1.5796724916463445,8,0.987786394853368
antmaze-medium-navigate-v0,1,gas_reachability_budget_calibrated,none,4,28,1,,15,,0.9045226130653268,,53.986270904541016,0.7142348289489746,1.5959055423736572,1.363095238095238,1.0,168.0,2.434726165814005,47,0.9676090249586872
antmaze-medium-navigate-v0,1,gas_reachability_budget_calibrated,none,5,29,1,,15,,0.8314606741573034,,49.35255432128906,2.051939010620117,2.2436177730560303,1.53125,1.0,64.0,7.930348801141785,12,0.9631249073432598
antmaze-medium-navigate-v0,1,gas_reachability_budget_calibrated,none,1,30,1,,15,,0.7352941176470589,,57.61511993408203,1.3542355298995972,2.488855361938477,2.5135135135135136,1.0,37.0,4.405335962109628,16,0.9740260928613572
antmaze-medium-navigate-v0,1,gas_reachability_budget_calibrated,none,2,31,1,,15,,0.6530612244897959,,55.89456558227539,2.90601110458374,2.956618309020996,3.380952380952381,1.0,21.0,4.192373789968331,13,0.9976807872373052
antmaze-medium-navigate-v0,1,gas_reachability_budget_calibrated,none,3,32,1,,17,,0.4084507042253521,,21.31140518188477,2.6284122467041016,2.6284122467041016,4.48,1.0,25.0,0.9880575165371729,31,0.9750106658861426
antmaze-medium-navigate-v0,1,gas_reachability_budget_calibrated,none,4,33,1,,23,,0.7666666666666667,,50.69712448120117,1.1992632150650024,2.1590371131896973,2.016949152542373,1.0,59.0,2.124021705612813,16,0.9586217811670794
antmaze-medium-navigate-v0,1,gas_reachability_budget_calibrated,none,5,34,1,,17,,0.7083333333333334,,49.611515045166016,1.9084851741790767,1.9084851741790767,2.2,1.0,25.0,2.2973639859092203,11,0.9565796902084133
antmaze-medium-navigate-v0,1,gas_reachability_budget_calibrated,none,1,35,1,,15,,0.6470588235294118,,57.72280883789063,1.233950138092041,2.586196184158325,3.0869565217391304,1.0,23.0,1.394840448016451,13,0.9708461404076004
antmaze-medium-navigate-v0,1,gas_reachability_budget_calibrated,none,2,36,1,,15,,0.68,,55.27534866333008,4.643949508666992,6.086589813232422,3.4285714285714284,1.0,21.0,2.1647466315349315,16,1.0
antmaze-medium-navigate-v0,1,gas_reachability_budget_calibrated,none,3,37,1,,15,,0.6304347826086957,,19.16150283813477,1.0329220294952393,1.963451623916626,2.6666666666666665,1.0,21.0,0.6398674853848779,16,0.962916324762029
antmaze-medium-navigate-v0,1,gas_reachability_budget_calibrated,none,4,38,1,,15,,0.6428571428571429,,50.87856674194336,2.385481119155884,2.385481119155884,3.208333333333333,1.0,24.0,1.546295133536471,14,0.9832941723191916
antmaze-medium-navigate-v0,1,gas_reachability_budget_calibrated,none,5,39,1,,15,,0.7727272727272727,,49.07785415649414,2.70092248916626,3.501797914505005,2.0416666666666665,1.0,24.0,1.7302378447260267,10,0.9687035810360431
antmaze-medium-navigate-v0,1,gas_reachability_budget_calibrated,none,1,40,1,,15,,0.5970149253731343,,58.35185241699219,1.5138987302780151,2.1573619842529297,3.333333333333333,1.0,30.0,2.711941439550952,18,0.9728580836290056
antmaze-medium-navigate-v0,1,gas_reachability_budget_calibrated,none,2,41,1,,15,,0.7313432835820896,,57.166648864746094,1.5365222692489624,1.5365222692489624,2.4864864864864864,1.0,37.0,2.4350030636907536,22,0.9704962154687513
antmaze-medium-navigate-v0,1,gas_reachability_budget_calibrated,none,3,42,0,,15,11,0.0763358778625954,,22.7310733795166,18.088960647583008,23.074281692504883,4.560975609756097,4.0,41.0,1.0888487147968922,784,1.0
antmaze-medium-navigate-v0,1,gas_reachability_budget_calibrated,none,4,43,1,,19,,0.5454545454545454,,52.62763595581055,1.1290127038955688,1.374345064163208,4.1,1.0,20.0,0.9117120212725341,17,0.9618385374849682
antmaze-medium-navigate-v0,1,gas_reachability_budget_calibrated,none,5,44,1,,18,,0.8558558558558559,,51.38045883178711,1.484138011932373,1.484138011932373,1.4470588235294115,1.0,85.0,5.267036350069025,22,0.966657530446834
antmaze-medium-navigate-v0,1,gas_reachability_budget_calibrated,none,1,45,1,,15,,0.8333333333333334,,57.43670654296875,1.5320801734924316,2.659020185470581,1.7790697674418603,1.0,86.0,4.506799111410087,32,0.9766683914070109
antmaze-medium-navigate-v0,1,gas_reachability_budget_calibrated,none,2,46,0,,15,49,0.2962962962962963,,57.17372131347656,24.60313606262207,28.28135299682617,5.7631578947368425,5.0,38.0,1.8379280127335371,333,1.0
antmaze-medium-navigate-v0,1,gas_reachability_budget_calibrated,none,3,47,1,,16,,0.4722222222222222,,22.911582946777344,1.2846174240112305,1.395096778869629,4.1923076923076925,1.0,26.0,1.5525140541453393,46,0.9727503444290124
antmaze-medium-navigate-v0,1,gas_reachability_budget_calibrated,none,4,48,1,,15,,0.4476190476190476,,49.72006607055664,4.66370964050293,4.66370964050293,5.564102564102564,1.0,39.0,1.2821640396726632,36,0.991158320276186
antmaze-medium-navigate-v0,1,gas_reachability_budget_calibrated,none,5,49,1,,15,,0.7058823529411765,,49.69097518920898,3.687067031860352,3.737406730651856,2.185185185185185,1.0,27.0,1.9956981680626698,11,0.9684731474146138
antmaze-medium-navigate-v0,1,gas_reachability_budget_calibrated,none,1,50,0,,15,45,0.2767295597484276,,58.18402099609375,43.13704681396485,49.35655975341797,11.153846153846152,11.0,39.0,3.5422408294052565,275,0.9986625797481501
antmaze-medium-navigate-v0,1,gas_reachability_budget_calibrated,none,2,51,1,,15,,0.6923076923076923,,56.07373046875,3.067347526550293,3.985480308532715,2.735294117647059,1.0,34.0,3.95518690831247,16,0.9822469192137468
antmaze-medium-navigate-v0,1,gas_reachability_budget_calibrated,none,3,52,0,,15,8,0.0538461538461538,,24.047487258911133,23.568117141723636,28.896106719970703,7.097560975609756,7.0,41.0,1.2310159737434636,848,1.0
antmaze-medium-navigate-v0,1,gas_reachability_budget_calibrated,none,4,53,1,,15,,0.6153846153846154,,52.62735748291016,2.633462905883789,2.633462905883789,3.689655172413793,1.0,29.0,3.37831321402908,12,0.9745966829717236
antmaze-medium-navigate-v0,1,gas_reachability_budget_calibrated,none,5,54,1,,15,,0.7254901960784313,,48.63163375854492,3.129566192626953,3.129566192626953,2.0357142857142856,1.0,28.0,3.089666939458787,13,0.969787366152529
antmaze-medium-navigate-v0,1,gas_reachability_budget_calibrated,none,1,55,1,,17,,0.7831325301204819,,57.7806510925293,1.8358300924301147,1.8358300924301147,1.962264150943396,1.0,53.0,6.723501509237981,16,0.9673318357762964
antmaze-medium-navigate-v0,1,gas_reachability_budget_calibrated,none,2,56,1,,15,,0.6122448979591837,,56.92021560668945,3.773024320602417,3.947301387786865,3.789473684210526,1.0,19.0,1.51854645077709,11,0.9936009863767145
antmaze-medium-navigate-v0,1,gas_reachability_budget_calibrated,none,3,57,1,,15,,0.5555555555555556,,23.000741958618164,1.7348768711090088,1.7348768711090088,3.380952380952381,1.0,21.0,0.7677243981480346,13,0.9854493596277925
antmaze-medium-navigate-v0,1,gas_reachability_budget_calibrated,none,4,58,1,,15,,0.6952789699570815,,52.32736587524414,0.8359248638153076,1.7711050510406494,2.477124183006536,1.0,153.0,2.9485723499960925,64,0.9945303837372164
antmaze-medium-navigate-v0,1,gas_reachability_budget_calibrated,none,5,59,1,,15,,0.7936507936507936,,48.68695831298828,1.8892990350723269,3.1382765769958496,1.8,1.0,40.0,1.663147812751726,10,0.9727519339423725
antmaze-medium-navigate-v0,1,gas_reachability_budget_calibrated,none,1,60,1,,21,,0.7894736842105263,,58.17464828491211,0.7983487248420715,0.9039368629455566,1.9787234042553192,1.0,47.0,2.916901428535272,18,0.961053112360362
antmaze-medium-navigate-v0,1,gas_reachability_budget_calibrated,none,2,61,1,,15,,0.6,,57.49688720703125,5.4699883460998535,6.020841598510742,4.4,1.0,20.0,2.843119820241711,14,0.9993151269416173
antmaze-medium-navigate-v0,1,gas_reachability_budget_calibrated,none,3,62,1,,15,,0.4886363636363636,,22.730363845825195,2.126642942428589,2.369303703308105,3.323529411764706,1.0,34.0,1.1693874919538405,35,0.9937408767196928
antmaze-medium-navigate-v0,1,gas_reachability_budget_calibrated,none,4,63,1,,15,,0.5375,,51.16328430175781,2.4374823570251465,3.0129284858703613,3.838709677419355,1.0,31.0,1.7375765250453343,29,1.0
antmaze-medium-navigate-v0,1,gas_reachability_budget_calibrated,none,5,64,1,,15,,0.8045977011494253,,48.8990592956543,3.0150301456451416,3.0150301456451416,1.532258064516129,1.0,62.0,1.02992722776267,14,0.9731563897509314
antmaze-medium-navigate-v0,1,gas_reachability_budget_calibrated,none,1,65,1,,15,,0.6610169491525424,,58.58534622192383,0.4283704161643982,0.4283704161643982,3.52,1.0,25.0,1.3303084322511023,13,0.9647849816105438
antmaze-medium-navigate-v0,1,gas_reachability_budget_calibrated,none,2,66,1,,15,,0.7213114754098361,,57.1494255065918,1.1003007888793943,2.9461190700531006,2.4516129032258065,1.0,31.0,2.919412334149536,12,0.99316779236281
antmaze-medium-navigate-v0,1,gas_reachability_budget_calibrated,none,3,67,1,,15,,0.5294117647058824,,18.69272994995117,1.9356627464294436,1.9356627464294436,3.0869565217391304,1.0,23.0,0.7630244317823494,16,0.9685360781485988
antmaze-medium-navigate-v0,1,gas_reachability_budget_calibrated,none,4,68,1,,15,,0.5510204081632653,,51.08485794067383,3.847635746002197,4.000064373016357,4.585365853658536,1.0,41.0,1.9493102155651245,37,1.0
antmaze-medium-navigate-v0,1,gas_reachability_budget_calibrated,none,5,69,1,,15,,0.796875,,49.39033889770508,0.4710651040077209,0.4710651040077209,1.825,1.0,40.0,0.9715842222813152,15,0.9590001029267388
antmaze-medium-navigate-v0,1,gas_reachability_budget_calibrated,none,1,70,1,,15,,0.8699186991869918,,57.31796646118164,1.828455090522766,4.231467247009277,1.4479166666666667,1.0,96.0,2.762478127555788,34,0.976395340840785
antmaze-medium-navigate-v0,1,gas_reachability_budget_calibrated,none,2,71,1,,15,,0.6891891891891891,,57.4583625793457,4.116812229156494,5.06726598739624,2.6,1.0,40.0,1.058019137494742,20,0.9927110941393256
antmaze-medium-navigate-v0,1,gas_reachability_budget_calibrated,none,3,72,1,,15,,0.5657894736842105,,22.500146865844727,0.6687344908714294,0.6687344908714294,2.5277777777777777,1.0,36.0,1.7319942622148836,71,0.9876476711557521
antmaze-medium-navigate-v0,1,gas_reachability_budget_calibrated,none,4,73,1,,15,,0.6538461538461539,,49.2605094909668,2.8714022636413574,2.9852447509765625,3.217391304347826,1.0,23.0,1.025095760078089,13,0.9929347659169797
antmaze-medium-navigate-v0,1,gas_reachability_budget_calibrated,none,5,74,1,,15,,0.875968992248062,,48.30311584472656,0.7209405899047852,0.7209405899047852,1.300970873786408,1.0,103.0,1.9439568153471023,24,0.964269970694551
antmaze-medium-navigate-v0,1,gas_reachability_budget_calibrated,none,1,75,1,,15,,0.5714285714285714,,56.54319763183594,0.647164523601532,2.392136335372925,3.575757575757576,1.0,33.0,3.1623774068118773,32,0.9832310587976344
antmaze-medium-navigate-v0,1,gas_reachability_budget_calibrated,none,2,76,1,,15,,0.6296296296296297,,57.22436141967773,5.494536876678467,6.063797473907471,3.5454545454545454,1.0,22.0,2.159274571827796,14,1.0
antmaze-medium-navigate-v0,1,gas_reachability_budget_calibrated,none,3,77,0,,16,5,0.03125,,18.34896278381348,18.34896278381348,28.706661224365234,8.857142857142858,9.0,42.0,0.9315160583639897,867,0.9973878439919965
antmaze-medium-navigate-v0,1,gas_reachability_budget_calibrated,none,4,78,1,,17,,0.7021276595744681,,52.21355438232422,3.0782580375671387,3.0782580375671387,3.142857142857143,1.0,21.0,1.032196604217171,13,0.9699438511469124
antmaze-medium-navigate-v0,1,gas_reachability_budget_calibrated,none,5,79,1,,18,,0.7142857142857143,,49.10835266113281,2.470333337783813,4.166525840759277,2.1538461538461537,1.0,26.0,2.9555811480383283,12,0.9640855716410242
antmaze-medium-navigate-v0,1,gas_reachability_budget_calibrated,none,1,80,1,,15,,0.7073170731707317,,58.1368522644043,0.6505421996116638,3.9479260444641113,2.3617021276595747,1.0,47.0,2.639378328989097,19,0.9796206546690088
antmaze-medium-navigate-v0,1,gas_reachability_budget_calibrated,none,2,81,1,,15,,0.6444444444444445,,56.95479965209961,3.683600187301636,3.683600187301636,4.0,1.0,17.0,4.446580277926283,12,0.9824480319372751
antmaze-medium-navigate-v0,1,gas_reachability_budget_calibrated,none,3,82,1,,15,,0.5054945054945055,,19.647565841674805,1.650824785232544,2.195067882537842,3.3421052631578947,1.0,38.0,2.9149327896311235,32,0.9826181338504449
antmaze-medium-navigate-v0,1,gas_reachability_budget_calibrated,none,4,83,1,,17,,0.5952380952380952,,50.59910583496094,5.092073917388916,5.294284820556641,3.3421052631578947,1.0,38.0,1.3435533368568788,21,0.9815502981932702
antmaze-medium-navigate-v0,1,gas_reachability_budget_calibrated,none,5,84,1,,15,,0.810126582278481,,49.29531478881836,1.5864837169647217,2.652165651321411,1.7115384615384617,1.0,52.0,1.3836838999568295,15,0.9818189254027697
antmaze-medium-navigate-v0,1,gas_reachability_budget_calibrated,none,1,85,1,,15,,0.6610169491525424,,58.05417251586914,1.5164248943328855,2.66337251663208,3.0,1.0,27.0,6.575833667435312,15,0.9751840233823037
antmaze-medium-navigate-v0,1,gas_reachability_budget_calibrated,none,2,86,1,,15,,0.6666666666666666,,57.14002227783203,3.230459928512573,3.8041253089904794,2.675,1.0,40.0,4.093578014548248,23,0.996339588798732
antmaze-medium-navigate-v0,1,gas_reachability_budget_calibrated,none,3,87,1,,15,,0.6101694915254238,,20.64668083190918,1.1871517896652222,1.9310632944107056,2.3666666666666667,1.0,30.0,1.049995962937781,14,0.986124793648881
antmaze-medium-navigate-v0,1,gas_reachability_budget_calibrated,none,4,88,0,,15,43,0.2608695652173913,,52.87406539916992,46.344669342041016,47.6201057434082,11.475,11.0,40.0,0.9055813161672984,314,1.0
antmaze-medium-navigate-v0,1,gas_reachability_budget_calibrated,none,5,89,1,,15,,0.7611940298507462,,46.47488784790039,1.6848138570785522,1.6848138570785522,1.809523809523809,1.0,42.0,1.654982592485084,16,0.9697917573754993
antmaze-medium-navigate-v0,1,gas_reachability_budget_calibrated,none,1,90,1,,15,,0.6176470588235294,,57.34199905395508,1.7320587635040283,2.134528875350952,3.3,1.0,30.0,3.320769477377389,16,0.9703770928135514
antmaze-medium-navigate-v0,1,gas_reachability_budget_calibrated,none,2,91,1,,15,,0.6122448979591837,,56.81401443481445,4.980408668518066,4.980408668518066,4.388888888888889,1.0,18.0,5.00078398877117,14,1.0
antmaze-medium-navigate-v0,1,gas_reachability_budget_calibrated,none,3,92,1,,15,,0.7959183673469388,,22.8905029296875,0.9964212775230408,2.7757723331451416,1.59375,1.0,32.0,1.8271827941618224,10,0.9963162471565912
antmaze-medium-navigate-v0,1,gas_reachability_budget_calibrated,none,4,93,1,,15,,0.6721311475409836,,51.96017456054688,1.852648377418518,2.055380821228028,2.9642857142857144,1.0,28.0,1.6612155730517884,15,0.9757491614767506
antmaze-medium-navigate-v0,1,gas_reachability_budget_calibrated,none,5,94,1,,15,,0.673469387755102,,47.59699630737305,3.9594931602478023,5.491433143615723,2.24,1.0,25.0,3.6681926176798374,12,0.989953978471119
antmaze-medium-navigate-v0,1,gas_reachability_budget_calibrated,none,1,95,1,,15,,0.9339622641509434,,57.29494094848633,0.8542373180389404,2.8985092639923096,1.1964912280701754,1.0,285.0,4.657296219212706,76,0.9838593131018017
antmaze-medium-navigate-v0,1,gas_reachability_budget_calibrated,none,2,96,1,,15,,0.6893203883495146,,56.62242126464844,2.8027827739715576,4.828579902648926,2.1724137931034484,1.0,58.0,3.489463274350551,30,0.99848874540049
antmaze-medium-navigate-v0,1,gas_reachability_budget_calibrated,none,3,97,1,,15,,0.7323943661971831,,22.75789833068848,2.573890924453736,3.920224189758301,1.7777777777777777,1.0,45.0,1.5209029133377607,12,1.0
antmaze-medium-navigate-v0,1,gas_reachability_budget_calibrated,none,4,98,0,,15,12,0.0820895522388059,,51.98446273803711,45.76827239990234,52.24028778076172,11.195121951219512,11.0,41.0,0.806175006620354,769,1.0
antmaze-medium-navigate-v0,1,gas_reachability_budget_calibrated,none,5,99,1,,15,,0.6666666666666666,,48.984134674072266,2.0518033504486084,2.342914581298828,2.28,1.0,25.0,1.8959745837195152,11,0.9580447888745909
antmaze-medium-stitch-v0,0,gas_shortest,none,1,0,1,SUCCESS,15,,0.9378531073446328,,48.471961975097656,0.9383543729782104,1.9220657348632808,1.213166144200627,1.0,319.0,2.211330685060896,97,0.9785256043038985
antmaze-medium-stitch-v0,0,gas_shortest,none,2,1,1,SUCCESS,15,,0.6086956521739131,,59.7690315246582,3.5126843452453613,3.5126843452453613,4.714285714285714,1.0,14.0,2.7442625820639215,16,0.9835515442115416
antmaze-medium-stitch-v0,0,gas_shortest,none,3,2,1,SUCCESS,15,,0.6785714285714286,,22.69915199279785,3.6765894889831534,5.973393440246582,2.2,1.0,30.0,2.4024809291989677,12,1.0
antmaze-medium-stitch-v0,0,gas_shortest,none,4,3,1,F4_LOCAL_EXECUTION_DRIFT,25,,0.648936170212766,,46.89207458496094,2.2230515480041504,2.2230515480041504,3.196078431372549,1.0,51.0,1.7682017170540707,23,0.9554549083031928
antmaze-medium-stitch-v0,0,gas_shortest,none,5,4,1,SUCCESS,15,,0.5263157894736842,,47.767555236816406,6.0927252769470215,6.0927252769470215,5.555555555555555,1.0,9.0,2.068417067653325,14,0.9964806040139628
antmaze-medium-stitch-v0,0,gas_shortest,none,1,5,1,SUCCESS,15,,0.6935483870967742,,47.878902435302734,1.5412898063659668,1.5412898063659668,2.9655172413793105,1.0,29.0,1.227818235908186,14,0.9774458005097564
antmaze-medium-stitch-v0,0,gas_shortest,none,2,6,1,SUCCESS,15,,0.6486486486486487,,61.251407623291016,1.0907930135726929,1.0907930135726929,2.210526315789474,1.0,38.0,1.7028301972914612,23,0.9759921724639945
antmaze-medium-stitch-v0,0,gas_shortest,none,3,7,1,SUCCESS,15,,0.4761904761904761,,23.269237518310547,3.176356554031372,3.176356554031372,3.5,1.0,22.0,1.31302417390243,33,0.9863882038970017
antmaze-medium-stitch-v0,0,gas_shortest,none,4,8,1,SUCCESS,24,,0.5538461538461539,,46.50698852539063,4.645809173583984,4.645809173583984,4.56,1.0,25.0,2.427635345755922,21,0.9631495486313689
antmaze-medium-stitch-v0,0,gas_shortest,none,5,9,1,SUCCESS,15,,0.6111111111111112,,47.58725357055664,7.303886413574219,7.696750640869141,3.1538461538461537,1.0,13.0,3.343150680438341,8,0.9943129817147233
antmaze-medium-stitch-v0,0,gas_shortest,none,1,10,1,SUCCESS,15,,0.7285714285714285,,49.723880767822266,2.73879075050354,3.8974199295043945,2.6486486486486487,1.0,37.0,1.6271631749877473,19,0.9742293288323556
antmaze-medium-stitch-v0,0,gas_shortest,none,2,11,1,SUCCESS,15,,0.7115384615384616,,60.69554138183594,5.084925174713135,5.590980052947998,2.52,1.0,25.0,2.932333486353216,14,1.0
antmaze-medium-stitch-v0,0,gas_shortest,none,3,12,1,SUCCESS,15,,0.6428571428571429,,25.30521011352539,2.693042993545532,2.693042993545532,2.571428571428572,1.0,28.0,1.378670516337196,12,0.9730886641707593
antmaze-medium-stitch-v0,0,gas_shortest,none,4,13,0,SUCCESS,15,34,0.2214765100671141,,46.4893684387207,46.4893684387207,50.54190826416016,11.35897435897436,11.0,39.0,1.1013041724622483,66,0.998522989720712
antmaze-medium-stitch-v0,0,gas_shortest,none,5,14,1,SUCCESS,15,,0.8666666666666667,,48.750091552734375,3.175583839416504,5.892160415649414,1.2990654205607477,1.0,107.0,1.947145655929584,40,0.9789980331146172
antmaze-medium-stitch-v0,0,gas_shortest,none,1,15,1,SUCCESS,15,,0.8089887640449438,,49.64295196533203,1.7737404108047483,2.0131022930145264,1.9298245614035088,1.0,57.0,1.2112232023701814,17,0.968195748372054
antmaze-medium-stitch-v0,0,gas_shortest,none,2,16,1,F4_LOCAL_EXECUTION_DRIFT,15,,0.8411214953271028,,60.78567886352539,0.7929365634918213,2.964941501617432,1.5949367088607596,1.0,79.0,6.002104445313738,23,0.9868222224159768
antmaze-medium-stitch-v0,0,gas_shortest,none,3,17,1,SUCCESS,15,,0.6481481481481481,,27.08962631225586,2.7861320972442627,2.7861320972442627,2.357142857142857,1.0,28.0,1.2375281992057905,11,0.9719112949830201
antmaze-medium-stitch-v0,0,gas_shortest,none,4,18,1,SUCCESS,15,,0.5,,46.50665283203125,3.889004230499268,4.388925075531006,4.7727272727272725,1.0,22.0,1.6890308561911882,23,0.9677688140581229
antmaze-medium-stitch-v0,0,gas_shortest,none,5,19,1,SUCCESS,15,,0.7623762376237624,,48.56258392333984,4.125160217285156,4.125160217285156,1.7058823529411764,1.0,68.0,1.574213746917347,24,0.9719271569067998
antmaze-medium-stitch-v0,0,gas_shortest,none,1,20,0,SUCCESS,15,762,0.9743918053777209,,48.51518630981445,1.1112793684005735,4.802947998046875,1.073627844712182,1.0,747.0,2.327883154396665,669,0.987241020366306
antmaze-medium-stitch-v0,0,gas_shortest,none,2,21,1,SUCCESS,15,,0.6909090909090909,,61.4460563659668,5.739494323730469,5.739494323730469,2.9615384615384617,1.0,26.0,3.318619963139676,15,1.0
antmaze-medium-stitch-v0,0,gas_shortest,none,3,22,1,SUCCESS,15,,0.68,,21.842124938964844,1.6525661945343018,1.6525661945343018,2.230769230769231,1.0,26.0,1.6183429855180105,6,0.9606096983527592
antmaze-medium-stitch-v0,0,gas_shortest,none,4,23,0,SUCCESS,28,35,0.2236842105263158,,45.91007995605469,45.88470458984375,52.0809440612793,12.35,13.0,40.0,2.736102985558965,208,0.9925362665790024
antmaze-medium-stitch-v0,0,gas_shortest,none,5,24,1,F4_LOCAL_EXECUTION_DRIFT,15,,0.7906976744186046,,49.14432144165039,2.9434311389923096,2.9434311389923096,1.7586206896551724,1.0,58.0,1.632148573089705,23,0.9805202251973221
antmaze-medium-stitch-v0,0,gas_shortest,none,1,25,1,SUCCESS,15,,0.6176470588235294,,48.57837677001953,1.5328794717788696,1.8586283922195437,3.3846153846153846,1.0,26.0,2.0486612809666465,22,0.9726968144686173
antmaze-medium-stitch-v0,0,gas_shortest,none,2,26,1,SUCCESS,15,,0.6981132075471698,,61.02251434326172,4.014939308166504,4.594674587249756,2.64,1.0,25.0,2.010674540723718,15,0.9924872732342176
antmaze-medium-stitch-v0,0,gas_shortest,none,3,27,1,SUCCESS,15,,0.6829268292682927,,21.9295654296875,1.9756321907043457,1.9756321907043457,2.4,1.0,20.0,1.810304263708752,8,0.9696430315484694
antmaze-medium-stitch-v0,0,gas_shortest,none,4,28,1,SUCCESS,29,,0.8888888888888888,,47.42150115966797,1.0590920448303225,3.716733694076538,1.467741935483871,1.0,124.0,2.551741114783504,28,0.9581512422337721
antmaze-medium-stitch-v0,0,gas_shortest,none,5,29,1,SUCCESS,15,,0.8152173913043478,,49.54014587402344,2.8297133445739746,6.5412678718566895,1.6615384615384616,1.0,65.0,2.121849735421415,23,1.0
antmaze-medium-stitch-v0,0,gas_shortest,none,1,30,1,SUCCESS,15,,0.7213114754098361,,48.32910919189453,2.633070945739746,4.34288501739502,2.903225806451613,1.0,31.0,1.9048054158550287,18,0.9806119018652724
antmaze-medium-stitch-v0,0,gas_shortest,none,2,31,1,SUCCESS,15,,0.7894736842105263,,60.61446380615234,1.5291544198989868,2.242280960083008,1.9375,1.0,48.0,2.55855114348528,15,0.974714797594706
antmaze-medium-stitch-v0,0,gas_shortest,none,3,32,1,SUCCESS,15,,0.7111111111111111,,21.857606887817383,1.82746422290802,1.8521374464035036,2.363636363636364,1.0,22.0,1.1896178910835435,10,0.9850201022590526
antmaze-medium-stitch-v0,0,gas_shortest,none,4,33,0,F4_LOCAL_EXECUTION_DRIFT,30,40,0.2452830188679245,,45.32075119018555,45.12822341918945,53.14224624633789,13.9,14.0,40.0,1.677331646480455,343,0.982094601196548
antmaze-medium-stitch-v0,0,gas_shortest,none,5,34,1,SUCCESS,15,,0.9214285714285714,,48.106231689453125,2.7490994930267334,3.1082797050476074,1.1932773109243695,1.0,119.0,2.885040448483669,44,0.9690730212949037
antmaze-medium-stitch-v0,0,gas_shortest,none,1,35,1,SUCCESS,24,,0.7027027027027027,,48.58337020874024,2.9619674682617188,3.785846948623657,2.4390243902439024,1.0,41.0,1.7286968407026977,16,0.9721747753244413
antmaze-medium-stitch-v0,0,gas_shortest,none,2,36,1,SUCCESS,15,,0.6730769230769231,,61.88422393798828,1.4884997606277466,1.4884997606277466,3.1739130434782608,1.0,23.0,3.292642362757533,15,0.972173285011504
antmaze-medium-stitch-v0,0,gas_shortest,none,3,37,1,SUCCESS,15,,0.717948717948718,,26.57842445373535,2.7191357612609863,3.43034291267395,2.1,1.0,20.0,1.4062881197583905,10,0.9833678812198992
antmaze-medium-stitch-v0,0,gas_shortest,none,4,38,0,F4_LOCAL_EXECUTION_DRIFT,34,40,0.2484076433121019,,44.02421569824219,43.916316986083984,51.51665115356445,11.2,11.0,40.0,1.0820599819774297,304,0.9943910366700817
antmaze-medium-stitch-v0,0,gas_shortest,none,5,39,0,SUCCESS,15,146,0.5870445344129555,,48.17123031616211,3.2335734367370605,12.22689723968506,1.4049079754601228,2.0,163.0,2.069782924415371,654,1.0
antmaze-medium-stitch-v0,0,gas_shortest,none,1,40,1,SUCCESS,29,,0.8247422680412371,,48.34033203125,3.6935243606567374,4.034125804901123,1.7971014492753623,1.0,69.0,1.9971297327674875,30,0.9685931542541677
antmaze-medium-stitch-v0,0,gas_shortest,none,2,41,1,SUCCESS,15,,0.7413793103448276,,61.39226150512695,1.2047661542892456,1.334795594215393,2.4516129032258065,1.0,31.0,2.107110924401907,12,0.9844751481960534
antmaze-medium-stitch-v0,0,gas_shortest,none,3,42,1,SUCCESS,15,,0.7272727272727273,,23.990665435791016,2.562706470489502,3.0626044273376465,2.0,1.0,25.0,1.9811706566577283,8,0.9772468100188949
antmaze-medium-stitch-v0,0,gas_shortest,none,4,43,0,F4_LOCAL_EXECUTION_DRIFT,26,35,0.2251655629139073,,45.46761322021485,45.46761322021485,52.69694900512695,13.675,14.0,40.0,3.5858697066713012,227,0.9767021763239307
antmaze-medium-stitch-v0,0,gas_shortest,none,5,44,1,SUCCESS,15,,0.5333333333333333,,49.13209533691406,7.957276821136475,9.11167049407959,7.4,1.0,5.0,0.8846455875736505,12,0.9932630579506417
antmaze-medium-stitch-v0,0,gas_shortest,none,1,45,1,SUCCESS,15,,0.6206896551724138,,48.99022674560547,4.418968200683594,4.89424467086792,3.24,1.0,25.0,2.1375317200560398,17,0.9829446242134368
antmaze-medium-stitch-v0,0,gas_shortest,none,2,46,1,SUCCESS,15,,0.6976744186046512,,59.69693756103516,4.606287479400635,4.606287479400635,2.6666666666666665,1.0,18.0,2.184171317752933,12,0.9809580032004741
antmaze-medium-stitch-v0,0,gas_shortest,none,3,47,1,SUCCESS,15,,0.6181818181818182,,24.790430068969727,5.242757797241211,6.936479091644287,2.4482758620689653,1.0,29.0,2.6549534924570772,13,0.9963105044311125
antmaze-medium-stitch-v0,0,gas_shortest,none,4,48,1,SUCCESS,29,,0.3809523809523809,,44.09822463989258,5.40730619430542,5.5258002281188965,7.2105263157894735,1.0,38.0,2.1651356672517688,46,0.9712258427101912
antmaze-medium-stitch-v0,0,gas_shortest,none,5,49,1,SUCCESS,19,,0.4375,,46.85813903808594,8.789494514465332,8.789494514465332,7.666666666666667,3.0,6.0,1.97136463561029,10,0.98399212833616
antmaze-medium-stitch-v0,0,gas_shortest,none,1,50,1,SUCCESS,15,,0.75,,48.70380783081055,2.3945889472961426,2.3945889472961426,2.441860465116279,1.0,43.0,2.368121628584717,13,0.9688207510012958
antmaze-medium-stitch-v0,0,gas_shortest,none,2,51,1,SUCCESS,15,,0.6041666666666666,,60.15127944946289,4.8603339195251465,4.8603339195251465,3.647058823529412,1.0,17.0,4.797169380401131,11,0.9967142714686976
antmaze-medium-stitch-v0,0,gas_shortest,none,3,52,1,SUCCESS,15,,0.7608695652173914,,25.71541976928711,1.652008056640625,2.056917905807495,2.208333333333333,1.0,24.0,5.1047099660328,9,0.9808259004173994
antmaze-medium-stitch-v0,0,gas_shortest,none,4,53,1,SUCCESS,28,,0.6,,47.543704986572266,5.422541618347168,5.422541618347168,3.7142857142857135,1.0,21.0,6.246446468349061,14,0.9705263607753052
antmaze-medium-stitch-v0,0,gas_shortest,none,5,54,1,SUCCESS,15,,0.4545454545454545,,49.2152214050293,8.029488563537598,9.002725601196289,6.333333333333333,2.0,6.0,2.484304882798742,12,1.0
antmaze-medium-stitch-v0,0,gas_shortest,none,1,55,1,SUCCESS,15,,0.7887323943661971,,47.11443710327149,2.54934024810791,4.41582727432251,1.8666666666666667,1.0,45.0,3.1566122446422447,16,0.9888760187371737
antmaze-medium-stitch-v0,0,gas_shortest,none,2,56,1,SUCCESS,15,,0.5084745762711864,,60.968997955322266,4.716963291168213,8.276182174682617,3.571428571428572,1.0,21.0,4.3256040521315295,18,1.0
antmaze-medium-stitch-v0,0,gas_shortest,none,3,57,1,SUCCESS,18,,0.5714285714285714,,23.01719284057617,3.9140775203704834,3.950134038925171,3.176470588235294,1.0,17.0,2.174664970381152,9,0.963905436223867
antmaze-medium-stitch-v0,0,gas_shortest,none,4,58,1,SUCCESS,21,,0.4157303370786517,,46.03269958496094,4.500326633453369,4.6462249755859375,6.678571428571429,1.0,28.0,1.4531398766193444,33,0.9752740238502348
antmaze-medium-stitch-v0,0,gas_shortest,none,5,59,1,SUCCESS,15,,0.5384615384615384,,49.022605895996094,6.194683074951172,6.306945323944092,4.9,1.0,10.0,1.9946643661012229,10,0.9778430061164968
antmaze-medium-stitch-v0,0,gas_shortest,none,1,60,1,SUCCESS,15,,0.7183098591549296,,49.02071762084961,2.3724753856658936,4.2239837646484375,2.72972972972973,1.0,37.0,1.5286566936567365,15,0.9764268493046905
antmaze-medium-stitch-v0,0,gas_shortest,none,2,61,1,SUCCESS,15,,0.6956521739130435,,61.12860107421875,2.9346981048583984,3.0370051860809326,2.8947368421052637,1.0,19.0,1.6296894162360558,14,0.9823573326369552
antmaze-medium-stitch-v0,0,gas_shortest,none,3,62,1,SUCCESS,15,,0.5416666666666666,,22.688060760498047,2.188220739364624,2.188220739364624,3.7222222222222223,1.0,18.0,1.7336768060940821,16,0.9688282802998881
antmaze-medium-stitch-v0,0,gas_shortest,none,4,63,1,SUCCESS,21,,0.578125,,47.3466682434082,4.957106113433838,5.574607849121094,3.962962962962963,1.0,27.0,1.978020951082407,19,0.9688893587976233
antmaze-medium-stitch-v0,0,gas_shortest,none,5,64,1,SUCCESS,15,,0.5365853658536586,,48.313438415527344,5.6468000411987305,5.713951587677002,4.083333333333333,1.0,12.0,2.185149113845931,13,1.0
antmaze-medium-stitch-v0,0,gas_shortest,none,1,65,1,SUCCESS,19,,0.6615384615384615,,48.701271057128906,3.543724298477173,5.106705188751221,3.064516129032258,1.0,31.0,6.0483332110360175,15,0.9800160857876632
antmaze-medium-stitch-v0,0,gas_shortest,none,2,66,1,SUCCESS,15,,0.6896551724137931,,60.305606842041016,4.85049295425415,5.327439785003662,2.5357142857142856,1.0,28.0,3.039440571589897,17,1.0
antmaze-medium-stitch-v0,0,gas_shortest,none,3,67,0,F4_LOCAL_EXECUTION_DRIFT,15,42,0.25625,,26.350481033325195,25.529481887817383,31.963842391967773,8.1,8.0,40.0,1.6658558708383269,363,1.0
antmaze-medium-stitch-v0,0,gas_shortest,none,4,68,1,SUCCESS,28,,0.4739884393063583,,45.26680755615234,4.54346227645874,5.402935981750488,4.790123456790123,1.0,81.0,1.2807443723729872,68,0.9865576646397192
antmaze-medium-stitch-v0,0,gas_shortest,none,5,69,1,SUCCESS,15,,0.6829268292682927,,48.53581619262695,6.39526891708374,7.125489711761475,2.3684210526315788,1.0,19.0,0.5545331081362086,9,0.9780438433984048
antmaze-medium-stitch-v0,0,gas_shortest,none,1,70,1,SUCCESS,15,,0.6666666666666666,,49.42609405517578,1.712264895439148,3.939440488815308,3.769230769230769,1.0,26.0,1.917518220588427,14,0.9833335239485212
antmaze-medium-stitch-v0,0,gas_shortest,none,2,71,0,F4_LOCAL_EXECUTION_DRIFT,15,44,0.2654320987654321,,61.59352111816406,55.27625274658203,57.59139633178711,12.125,12.0,40.0,4.204159540900032,363,1.0
antmaze-medium-stitch-v0,0,gas_shortest,none,3,72,1,SUCCESS,15,,0.6744186046511628,,25.02924346923828,2.999793291091919,2.999793291091919,2.380952380952381,1.0,21.0,1.4568573170231418,9,0.9707139846926484
antmaze-medium-stitch-v0,0,gas_shortest,none,4,73,0,F4_LOCAL_EXECUTION_DRIFT,29,35,0.2281879194630872,,46.91062545776367,46.82145309448242,51.34080505371094,11.897435897435898,12.0,39.0,1.4958147529396981,76,0.9983099225411833
antmaze-medium-stitch-v0,0,gas_shortest,none,5,74,1,SUCCESS,15,,0.75,,47.29599380493164,2.754091501235962,2.754091501235962,1.9696969696969695,1.0,33.0,1.703897157945525,9,0.9890770608955325
antmaze-medium-stitch-v0,0,gas_shortest,none,1,75,1,SUCCESS,15,,0.7764705882352941,,49.24858856201172,2.3034791946411133,2.527374267578125,2.0943396226415096,1.0,53.0,1.7401740126546028,16,0.9730196120035808
antmaze-medium-stitch-v0,0,gas_shortest,none,2,76,1,SUCCESS,15,,0.6792452830188679,,60.55863571166992,3.5145492553710938,3.5145492553710938,3.1739130434782608,1.0,23.0,2.0695525868031983,14,0.9816441706269574
antmaze-medium-stitch-v0,0,gas_shortest,none,3,77,0,F4_LOCAL_EXECUTION_DRIFT,15,46,0.2777777777777778,,27.030527114868164,22.63593864440918,26.70867729187012,6.974358974358975,7.0,39.0,1.468800008698623,225,1.0
antmaze-medium-stitch-v0,0,gas_shortest,none,4,78,1,SUCCESS,29,,0.3983739837398374,,43.03496170043945,2.7982633113861084,3.725563764572144,6.5,1.0,42.0,1.7178186166423557,46,0.9758628034084973
antmaze-medium-stitch-v0,0,gas_shortest,none,5,79,1,SUCCESS,15,,0.4634146341463415,,48.73982620239258,8.06253719329834,8.06253719329834,7.375,2.0,8.0,1.7201065667744144,18,1.0
antmaze-medium-stitch-v0,0,gas_shortest,none,1,80,1,SUCCESS,15,,0.5862068965517241,,48.72683334350586,3.03714919090271,3.03714919090271,4.6,1.0,20.0,2.73822798242946,21,0.9767981639287229
antmaze-medium-stitch-v0,0,gas_shortest,none,2,81,1,SUCCESS,15,,0.65,,61.13208770751953,5.19203519821167,5.744825839996338,3.7857142857142856,1.0,14.0,1.943213368539268,15,0.9993117477245084
antmaze-medium-stitch-v0,0,gas_shortest,none,3,82,1,SUCCESS,15,,0.6923076923076923,,21.13446807861328,1.6387931108474731,2.0072269439697266,2.526315789473684,1.0,19.0,2.908468158748397,9,0.9638684084505489
antmaze-medium-stitch-v0,0,gas_shortest,none,4,83,0,F4_LOCAL_EXECUTION_DRIFT,30,40,0.2452830188679245,,44.14219665527344,44.14219665527344,52.153770446777344,12.25,12.0,40.0,1.261269923661918,321,0.9945679425768112
antmaze-medium-stitch-v0,0,gas_shortest,none,5,84,1,SUCCESS,15,,0.4705882352941176,,48.19557189941406,8.176074028015137,8.176074028015137,7.166666666666667,2.0,6.0,2.394100011178503,12,1.0
antmaze-medium-stitch-v0,0,gas_shortest,none,1,85,1,SUCCESS,16,,0.5961538461538461,,48.90454864501953,4.52224063873291,4.52224063873291,4.833333333333333,1.0,18.0,2.185341841129396,17,0.9798727177819481
antmaze-medium-stitch-v0,0,gas_shortest,none,2,86,1,SUCCESS,15,,0.6046511627906976,,59.66425323486328,4.168670654296875,4.168670654296875,4.0,1.0,14.0,3.425231531665482,14,0.9958717277963892
antmaze-medium-stitch-v0,0,gas_shortest,none,3,87,1,SUCCESS,15,,0.7254901960784313,,26.92206382751465,2.2328460216522217,4.820708751678467,2.034482758620689,1.0,29.0,2.134342345378343,12,0.9911344013427068
antmaze-medium-stitch-v0,0,gas_shortest,none,4,88,1,SUCCESS,22,,0.7431192660550459,,46.39164733886719,2.7619411945343018,2.7619411945343018,1.8767123287671232,1.0,73.0,2.041329788391972,32,0.9570476732853194
antmaze-medium-stitch-v0,0,gas_shortest,none,5,89,1,SUCCESS,15,,0.4722222222222222,,49.5904426574707,8.978509902954102,9.362096786499023,6.285714285714286,2.0,7.0,1.6944754488633842,11,0.9989226497638353
antmaze-medium-stitch-v0,0,gas_shortest,none,1,90,1,SUCCESS,15,,0.8,,48.078758239746094,1.6444190740585327,2.797694683074951,1.7102272727272727,1.0,176.0,2.292251238019817,66,0.9855268211124008
antmaze-medium-stitch-v0,0,gas_shortest,none,2,91,1,SUCCESS,15,,0.6666666666666666,,60.49204254150391,2.335781574249268,2.668158531188965,3.0454545454545454,1.0,22.0,2.632056891607464,16,0.9858768580269106
antmaze-medium-stitch-v0,0,gas_shortest,none,3,92,0,F4_LOCAL_EXECUTION_DRIFT,15,8,0.0534351145038167,,27.544321060180664,26.828279495239254,31.66514205932617,8.119047619047619,8.0,42.0,0.931381100036923,874,1.0
antmaze-medium-stitch-v0,0,gas_shortest,none,4,93,0,F4_LOCAL_EXECUTION_DRIFT,21,33,0.2191780821917808,,46.51071548461914,46.51071548461914,50.55812072753906,11.605263157894736,11.0,38.0,1.480686172944084,73,1.0
antmaze-medium-stitch-v0,0,gas_shortest,none,5,94,1,SUCCESS,15,,0.5333333333333333,,48.89562225341797,8.836346626281738,9.754901885986328,7.4,2.0,5.0,1.5529159198170377,10,1.0
antmaze-medium-stitch-v0,0,gas_shortest,none,1,95,1,SUCCESS,15,,0.7530864197530864,,48.63866424560547,3.201906681060791,3.201906681060791,2.12,1.0,50.0,1.0514692495002866,18,0.9718889528306001
antmaze-medium-stitch-v0,0,gas_shortest,none,2,96,1,SUCCESS,15,,0.6304347826086957,,61.27511596679688,4.938395023345947,5.060597896575928,3.9375,1.0,16.0,5.141191802930056,13,0.9905682445254296
antmaze-medium-stitch-v0,0,gas_shortest,none,3,97,1,SUCCESS,15,,0.55,,28.010189056396484,2.835355281829834,2.835355281829834,3.375,1.0,16.0,1.1842207531081,9,0.9723984933350985
antmaze-medium-stitch-v0,0,gas_shortest,none,4,98,1,SUCCESS,16,,0.52,,47.302433013916016,3.8558225631713863,6.128847122192383,4.744186046511628,1.0,43.0,1.305452759823034,31,0.981210634569038
antmaze-medium-stitch-v0,0,gas_shortest,none,5,99,1,SUCCESS,15,,0.7213114754098361,,48.64239501953125,2.7327020168304443,2.7327020168304443,2.090909090909091,1.0,33.0,2.5614743568024214,12,0.9846758965590966
antmaze-medium-stitch-v0,0,gas_reachability_soft_calibrated,none,1,0,1,,15,,0.6626506024096386,,48.471805572509766,3.6784746646881104,4.192919731140137,3.071428571428572,1.0,42.0,4.686415024995338,26,0.982789641914727
antmaze-medium-stitch-v0,0,gas_reachability_soft_calibrated,none,2,1,1,,15,,0.8446601941747572,,59.55744171142578,3.1330952644348145,4.255445957183838,1.635135135135135,1.0,74.0,2.827562966855489,24,0.9868963803336025
antmaze-medium-stitch-v0,0,gas_reachability_soft_calibrated,none,3,2,0,,15,48,0.2848484848484848,,22.82894897460937,14.033276557922363,16.313844680786133,4.725,4.0,40.0,3.3524425395284907,333,1.0
antmaze-medium-stitch-v0,0,gas_reachability_soft_calibrated,none,4,3,1,,15,,0.5970149253731343,,46.82225036621094,2.7709743976593018,2.774568796157837,4.884615384615385,1.0,26.0,4.932542202742234,20,1.0
antmaze-medium-stitch-v0,0,gas_reachability_soft_calibrated,none,5,4,1,,15,,0.4705882352941176,,48.598026275634766,7.698076725006103,7.698076725006103,7.666666666666667,2.0,6.0,1.9120387299878203,12,1.0
antmaze-medium-stitch-v0,0,gas_reachability_soft_calibrated,none,1,5,1,,15,,0.6133333333333333,,47.95804977416992,1.959101319313049,2.136677026748657,3.6774193548387095,1.0,31.0,6.024656222932188,24,0.9837039985023269
antmaze-medium-stitch-v0,0,gas_reachability_soft_calibrated,none,2,6,1,,15,,0.7358490566037735,,61.43387222290039,6.001694679260254,7.3282060623168945,2.8076923076923075,1.0,26.0,1.7333111488606294,15,0.9995908536963266
antmaze-medium-stitch-v0,0,gas_reachability_soft_calibrated,none,3,7,1,,15,,0.4677419354838709,,23.387868881225582,2.34856915473938,3.096370220184326,3.619047619047619,1.0,21.0,1.31302417390243,33,0.9860434473907358
antmaze-medium-stitch-v0,0,gas_reachability_soft_calibrated,none,4,8,1,,15,,0.7052631578947368,,46.50122833251953,2.8813459873199463,2.895892858505249,2.7222222222222223,1.0,54.0,6.552611907281051,29,0.9854928795146813
antmaze-medium-stitch-v0,0,gas_reachability_soft_calibrated,none,5,9,1,,15,,0.5428571428571428,,47.542510986328125,7.772709369659424,8.069957733154297,4.666666666666667,1.0,9.0,1.5867636821957878,13,1.0
antmaze-medium-stitch-v0,0,gas_reachability_soft_calibrated,none,1,10,1,,15,,0.79,,49.63368225097656,1.6864876747131348,1.6864876747131348,2.126984126984127,1.0,63.0,5.064604158582556,28,0.9945111314461309
antmaze-medium-stitch-v0,0,gas_reachability_soft_calibrated,none,2,11,1,,15,,0.7090909090909091,,60.642974853515625,3.2317564487457275,3.578434467315674,2.4444444444444446,1.0,27.0,3.205457150155674,13,0.996325566483619
antmaze-medium-stitch-v0,0,gas_reachability_soft_calibrated,none,3,12,1,,15,,0.625,,24.591880798339844,2.2193777561187744,2.2193777561187744,3.176470588235294,1.0,17.0,3.5454483249846818,12,0.9671601612825429
antmaze-medium-stitch-v0,0,gas_reachability_soft_calibrated,none,4,13,0,,15,43,0.2658227848101265,,46.76613235473633,46.76613235473633,51.89204788208008,11.923076923076923,12.0,39.0,6.414656371428754,138,1.0
antmaze-medium-stitch-v0,0,gas_reachability_soft_calibrated,none,5,14,1,,15,,0.8425925925925926,,48.33194351196289,3.33862829208374,3.62760591506958,1.4567901234567902,1.0,81.0,1.323476524269701,26,0.989834805774772
antmaze-medium-stitch-v0,0,gas_reachability_soft_calibrated,none,1,15,1,,15,,0.7121212121212122,,49.71815490722656,3.4728329181671143,3.964761972427368,3.3,1.0,30.0,4.2396242318298345,17,1.0
antmaze-medium-stitch-v0,0,gas_reachability_soft_calibrated,none,2,16,1,,15,,0.8387096774193549,,60.976539611816406,1.3864177465438845,1.942387700080872,1.8153846153846156,1.0,65.0,2.07264335028776,13,0.9811062569183533
antmaze-medium-stitch-v0,0,gas_reachability_soft_calibrated,none,3,17,1,,15,,0.835820895522388,,27.19121742248535,3.105154514312744,3.105154514312744,1.5957446808510638,1.0,47.0,3.1591890294284406,20,1.0
antmaze-medium-stitch-v0,0,gas_reachability_soft_calibrated,none,4,18,0,,15,41,0.25,,46.19349670410156,46.19349670410156,50.26908874511719,14.775,15.0,40.0,1.399965896775372,355,1.0
antmaze-medium-stitch-v0,0,gas_reachability_soft_calibrated,none,5,19,1,,15,,0.7605633802816901,,47.82346725463867,0.8695688843727112,2.609694480895996,2.097560975609756,1.0,41.0,3.03023440008856,20,0.9910431744719912
antmaze-medium-stitch-v0,0,gas_reachability_soft_calibrated,none,1,20,1,,15,,0.7647058823529411,,48.55306625366211,1.523671269416809,1.6517012119293213,2.7777777777777777,1.0,36.0,2.327883154396665,18,0.9692138694881532
antmaze-medium-stitch-v0,0,gas_reachability_soft_calibrated,none,2,21,1,,15,,0.7468354430379747,,61.244083404541016,4.010990142822266,6.906741142272949,2.224489795918368,1.0,49.0,1.7108090259573911,19,1.0
antmaze-medium-stitch-v0,0,gas_reachability_soft_calibrated,none,3,22,1,,15,,0.6857142857142857,,21.62498664855957,3.211028575897217,3.3198952674865723,2.7333333333333334,1.0,15.0,2.410368489120585,7,1.0
antmaze-medium-stitch-v0,0,gas_reachability_soft_calibrated,none,4,23,1,,15,,0.6595744680851063,,45.76341247558594,1.7448455095291138,3.1740334033966064,3.5434782608695654,1.0,46.0,2.146280207664215,27,1.0
antmaze-medium-stitch-v0,0,gas_reachability_soft_calibrated,none,5,24,1,,15,,0.5263157894736842,,48.72444534301758,7.736973762512207,8.180469512939453,5.666666666666667,1.0,9.0,5.377828657154326,20,1.0
antmaze-medium-stitch-v0,0,gas_reachability_soft_calibrated,none,1,25,1,,15,,0.6621621621621622,,48.63060760498047,0.6162681579589844,0.6162681579589844,3.235294117647059,1.0,34.0,3.2129659097038674,24,0.9704183514363488
antmaze-medium-stitch-v0,0,gas_reachability_soft_calibrated,none,2,26,1,,15,,0.7142857142857143,,60.823612213134766,5.022790908813477,5.022790908813477,2.419354838709677,1.0,31.0,6.942630062071443,18,0.9955617715323244
antmaze-medium-stitch-v0,0,gas_reachability_soft_calibrated,none,3,27,1,,15,,0.631578947368421,,21.485576629638672,2.729402542114258,3.08801794052124,2.75,1.0,16.0,1.810304263708752,9,0.9759429327747092
antmaze-medium-stitch-v0,0,gas_reachability_soft_calibrated,none,4,28,1,,15,,0.782051282051282,,47.81468200683594,1.0639127492904663,1.077081561088562,2.253012048192771,1.0,166.0,3.6500045142813806,61,0.9887998912260949
antmaze-medium-stitch-v0,0,gas_reachability_soft_calibrated,none,5,29,1,,15,,0.856,,49.98199844360352,2.702169179916382,5.072504043579102,1.4631578947368422,1.0,95.0,2.254271606765221,15,1.0
antmaze-medium-stitch-v0,0,gas_reachability_soft_calibrated,none,1,30,1,,15,,0.7101449275362319,,48.38961410522461,1.267898440361023,1.665691614151001,2.833333333333333,1.0,36.0,9.716346555665922,14,1.0
antmaze-medium-stitch-v0,0,gas_reachability_soft_calibrated,none,2,31,1,,15,,0.5555555555555556,,60.59563446044922,7.194392681121826,7.194392681121826,7.285714285714286,1.0,7.0,2.55855114348528,11,0.999519327641486
antmaze-medium-stitch-v0,0,gas_reachability_soft_calibrated,none,3,32,1,,15,,0.6981132075471698,,23.08574104309082,2.32753586769104,2.32753586769104,2.142857142857143,1.0,28.0,2.421711934988957,11,0.9902357235633525
antmaze-medium-stitch-v0,0,gas_reachability_soft_calibrated,none,4,33,1,,15,,0.676923076923077,,45.78306198120117,4.859597682952881,6.310472011566162,3.2758620689655173,1.0,29.0,5.906130248083489,17,1.0
antmaze-medium-stitch-v0,0,gas_reachability_soft_calibrated,none,5,34,1,,15,,0.6097560975609756,,47.590457916259766,7.603656768798828,7.603656768798828,3.3125,1.0,16.0,1.8692942735637088,11,0.9947552726927232
antmaze-medium-stitch-v0,0,gas_reachability_soft_calibrated,none,1,35,1,,15,,0.6290322580645161,,48.5762939453125,2.877476692199707,2.877476692199707,4.391304347826087,1.0,23.0,8.73095221881036,18,1.0
antmaze-medium-stitch-v0,0,gas_reachability_soft_calibrated,none,2,36,1,,15,,0.7352941176470589,,61.35076141357422,2.1310150623321533,2.5678207874298096,2.5135135135135136,1.0,37.0,2.851840696534524,15,0.9763663300583914
antmaze-medium-stitch-v0,0,gas_reachability_soft_calibrated,none,3,37,1,,15,,0.7804878048780488,,27.16405296325684,1.631422758102417,3.0212252140045166,2.142857142857143,1.0,21.0,5.765652331885549,10,0.9814170857292144
antmaze-medium-stitch-v0,0,gas_reachability_soft_calibrated,none,4,38,1,,15,,0.6394557823129252,,43.99911117553711,3.40141224861145,3.40141224861145,3.097560975609756,1.0,82.0,7.622594280594538,52,0.9999933459138722
antmaze-medium-stitch-v0,0,gas_reachability_soft_calibrated,none,5,39,1,,15,,0.75,,48.22225189208984,2.545623302459717,2.545623302459717,1.9166666666666667,1.0,48.0,1.2254148573561172,13,0.9819575507133236
antmaze-medium-stitch-v0,0,gas_reachability_soft_calibrated,none,1,40,1,,15,,0.654320987654321,,48.39118576049805,2.480423212051392,2.480423212051392,2.948717948717949,1.0,39.0,6.586810473380741,26,1.0
antmaze-medium-stitch-v0,0,gas_reachability_soft_calibrated,none,2,41,1,,15,,0.7538461538461538,,61.57727813720703,2.0052366256713867,2.0052366256713867,2.3783783783783785,1.0,37.0,2.107110924401907,12,0.9876711806233264
antmaze-medium-stitch-v0,0,gas_reachability_soft_calibrated,none,3,42,1,,15,,0.6666666666666666,,23.874176025390625,2.632145404815674,2.7783992290496826,2.7857142857142856,1.0,14.0,1.7075578681183412,8,0.9753268384983217
antmaze-medium-stitch-v0,0,gas_reachability_soft_calibrated,none,4,43,1,,15,,0.6964285714285714,,45.45034790039063,5.381014823913574,6.651058673858643,3.5,1.0,24.0,2.6843718070875875,16,1.0
antmaze-medium-stitch-v0,0,gas_reachability_soft_calibrated,none,5,44,1,,15,,0.5909090909090909,,49.2345085144043,4.017642974853516,4.765974044799805,3.647058823529412,1.0,17.0,2.2640399083588694,12,1.0
antmaze-medium-stitch-v0,0,gas_reachability_soft_calibrated,none,1,45,1,,15,,0.6349206349206349,,49.07631301879883,1.977203369140625,2.5673201084136963,3.2962962962962963,1.0,27.0,3.0459193081316984,19,0.9737788366218628
antmaze-medium-stitch-v0,0,gas_reachability_soft_calibrated,none,2,46,1,,15,,0.7857142857142857,,59.881595611572266,3.5911405086517334,5.170944690704346,1.90625,1.0,32.0,2.184171317752933,10,0.9838102936945065
antmaze-medium-stitch-v0,0,gas_reachability_soft_calibrated,none,3,47,1,,15,,0.5714285714285714,,25.965953826904297,2.474066972732544,2.474066972732544,3.75,1.0,24.0,2.077369983983176,15,0.9756909589059416
antmaze-medium-stitch-v0,0,gas_reachability_soft_calibrated,none,4,48,1,,15,,0.6491228070175439,,44.36606216430664,4.113332748413086,4.113332748413086,4.181818181818182,1.0,22.0,7.0153031304902855,19,0.9957593559611524
antmaze-medium-stitch-v0,0,gas_reachability_soft_calibrated,none,5,49,1,,19,,0.4411764705882353,,46.917476654052734,8.640392303466797,8.640392303466797,6.857142857142857,2.0,7.0,1.97136463561029,10,0.9834801443543993
antmaze-medium-stitch-v0,0,gas_reachability_soft_calibrated,none,1,50,1,,15,,0.6811594202898551,,48.73727416992188,1.6239891052246094,2.3351638317108154,3.5172413793103448,1.0,29.0,8.268811504003239,23,1.0
antmaze-medium-stitch-v0,0,gas_reachability_soft_calibrated,none,2,51,1,,15,,0.7580645161290323,,59.89643096923828,1.8633527755737305,4.305194854736328,2.1818181818181817,1.0,33.0,4.02606110264697,18,0.9945629922838028
antmaze-medium-stitch-v0,0,gas_reachability_soft_calibrated,none,3,52,1,,15,,0.7692307692307693,,25.996774673461918,1.9165297746658323,1.9165297746658323,1.9666666666666663,1.0,30.0,5.1047099660328,9,0.9802675047619832
antmaze-medium-stitch-v0,0,gas_reachability_soft_calibrated,none,4,53,0,,15,41,0.2547770700636942,,47.44034576416016,47.44034576416016,52.2062873840332,13.794871794871796,14.0,39.0,3.9933406767157407,287,1.0
antmaze-medium-stitch-v0,0,gas_reachability_soft_calibrated,none,5,54,1,,15,,0.5,,48.93843460083008,8.291336059570312,8.291336059570312,6.666666666666667,2.0,6.0,2.6035704213954363,13,1.0
antmaze-medium-stitch-v0,0,gas_reachability_soft_calibrated,none,1,55,1,,15,,0.7647058823529411,,47.073822021484375,2.008352279663086,2.008352279663086,2.6538461538461537,1.0,26.0,3.1566122446422447,11,0.9743819081699345
antmaze-medium-stitch-v0,0,gas_reachability_soft_calibrated,none,2,56,1,,15,,0.7464788732394366,,61.18490982055664,1.26967191696167,1.26967191696167,2.5384615384615383,1.0,39.0,4.3256040521315295,15,0.97001995181226
antmaze-medium-stitch-v0,0,gas_reachability_soft_calibrated,none,3,57,1,,15,,0.7714285714285715,,22.949234008789062,3.609812021255493,3.609812021255493,1.711111111111111,1.0,45.0,2.108099823076718,15,1.0
antmaze-medium-stitch-v0,0,gas_reachability_soft_calibrated,none,4,58,1,,17,,0.5135135135135135,,46.21727752685547,1.7704380750656128,1.9533071517944336,4.880952380952381,1.0,42.0,6.334159760148145,42,0.9873378361577962
antmaze-medium-stitch-v0,0,gas_reachability_soft_calibrated,none,5,59,1,,15,,0.7333333333333333,,49.20283889770508,2.1438889503479004,2.1438889503479004,2.0294117647058822,1.0,34.0,2.437700203866898,13,0.9912278338287872
antmaze-medium-stitch-v0,0,gas_reachability_soft_calibrated,none,1,60,1,,15,,0.6206896551724138,,49.12223052978516,2.940248966217041,2.940248966217041,5.142857142857143,1.0,21.0,9.849803290814954,17,1.0
antmaze-medium-stitch-v0,0,gas_reachability_soft_calibrated,none,2,61,1,,15,,0.7021276595744681,,61.029598236083984,3.273221492767334,3.273221492767334,3.1578947368421053,1.0,19.0,1.6296894162360558,14,0.9833656303895716
antmaze-medium-stitch-v0,0,gas_reachability_soft_calibrated,none,3,62,1,,15,,0.6507936507936508,,22.26565170288086,3.440377712249756,4.732039451599121,2.903225806451613,1.0,31.0,4.983057841935725,16,0.9838834069393877
antmaze-medium-stitch-v0,0,gas_reachability_soft_calibrated,none,4,63,1,,15,,0.7735849056603774,,47.431060791015625,0.9315832257270812,0.9315832257270812,2.3076923076923075,1.0,65.0,3.800964369439249,29,0.9802431539793666
antmaze-medium-stitch-v0,0,gas_reachability_soft_calibrated,none,5,64,1,,15,,0.5853658536585366,,48.55572891235352,6.936320781707764,7.570177555084228,4.230769230769231,1.0,13.0,6.838308276441881,12,1.0
antmaze-medium-stitch-v0,0,gas_reachability_soft_calibrated,none,1,65,1,,15,,0.6617647058823529,,48.57120132446289,1.7286239862442017,2.0858354568481445,3.566666666666667,1.0,30.0,4.21987292999193,23,1.0
antmaze-medium-stitch-v0,0,gas_reachability_soft_calibrated,none,2,66,1,,15,,0.6444444444444445,,60.4107666015625,3.3750157356262207,3.726181507110596,3.5294117647058822,1.0,17.0,3.039440571589897,12,0.9956788771817717
antmaze-medium-stitch-v0,0,gas_reachability_soft_calibrated,none,3,67,0,,15,44,0.2654320987654321,,26.524770736694336,25.689348220825195,31.101806640625,9.15,9.0,40.0,3.54587461163528,360,1.0
antmaze-medium-stitch-v0,0,gas_reachability_soft_calibrated,none,4,68,1,,28,,0.5483870967741935,,45.32951736450195,3.812770366668701,4.881394386291504,5.260869565217392,1.0,23.0,2.093405650101444,16,0.9664658402431533
antmaze-medium-stitch-v0,0,gas_reachability_soft_calibrated,none,5,69,0,,15,48,0.2919254658385093,,48.81751251220703,27.07432746887207,29.311973571777344,6.205128205128205,6.0,39.0,1.43205784129321,366,1.0
antmaze-medium-stitch-v0,0,gas_reachability_soft_calibrated,none,1,70,1,,15,,0.7468354430379747,,49.4295768737793,2.986989498138428,2.986989498138428,2.7954545454545454,1.0,44.0,2.0285566281756635,14,0.9787868471965928
antmaze-medium-stitch-v0,0,gas_reachability_soft_calibrated,none,2,71,0,,15,45,0.2699386503067484,,61.37461471557617,54.93531036376953,57.31546401977539,13.125,13.0,40.0,4.204159540900032,362,1.0
antmaze-medium-stitch-v0,0,gas_reachability_soft_calibrated,none,3,72,1,,15,,0.6153846153846154,,24.39535140991211,2.78384017944336,3.5631537437438965,2.8125,1.0,16.0,1.4568573170231418,9,0.9754760850263098
antmaze-medium-stitch-v0,0,gas_reachability_soft_calibrated,none,4,73,1,,15,,0.4492753623188406,,46.75041961669922,2.886037349700928,2.886037349700928,7.090909090909091,1.0,44.0,2.466142757556007,65,0.993983058733075
antmaze-medium-stitch-v0,0,gas_reachability_soft_calibrated,none,5,74,1,,15,,0.4848484848484848,,47.2732048034668,7.932792186737059,8.077658653259277,5.857142857142857,1.0,7.0,1.703897157945525,9,1.0
antmaze-medium-stitch-v0,0,gas_reachability_soft_calibrated,none,1,75,1,,15,,0.75,,49.236328125,4.216501235961914,4.558955192565918,2.8484848484848486,1.0,33.0,6.085993519257441,19,1.0
antmaze-medium-stitch-v0,0,gas_reachability_soft_calibrated,none,2,76,1,,15,,0.6595744680851063,,60.16273880004883,3.9304704666137695,4.294493198394775,3.421052631578948,1.0,19.0,1.3481969693103195,12,0.9854270915772156
antmaze-medium-stitch-v0,0,gas_reachability_soft_calibrated,none,3,77,0,,15,51,0.3067484662576687,,26.724668502807617,22.031673431396484,23.95000648498535,7.657894736842105,8.0,38.0,3.5272173305003363,86,1.0
antmaze-medium-stitch-v0,0,gas_reachability_soft_calibrated,none,4,78,1,,15,,0.7941176470588235,,42.45539093017578,3.344434261322021,3.753185749053955,1.8507462686567164,1.0,67.0,5.2545615501373,27,0.9981688943066296
antmaze-medium-stitch-v0,0,gas_reachability_soft_calibrated,none,5,79,1,,15,,0.5873015873015873,,49.24309539794922,5.559621334075928,5.559621334075928,3.5384615384615383,1.0,26.0,2.3088372714557455,23,1.0
antmaze-medium-stitch-v0,0,gas_reachability_soft_calibrated,none,1,80,1,,15,,0.65,,48.73361206054688,1.8424993753433228,1.8424993753433228,4.041666666666667,1.0,24.0,2.586466054195965,17,0.9704844962622601
antmaze-medium-stitch-v0,0,gas_reachability_soft_calibrated,none,2,81,1,,15,,0.6444444444444445,,61.19844055175781,3.2499475479125977,3.2499475479125977,3.2777777777777777,1.0,18.0,1.9271053332231265,13,0.9838890739294653
antmaze-medium-stitch-v0,0,gas_reachability_soft_calibrated,none,3,82,1,,15,,0.6756756756756757,,22.651660919189453,0.8764257431030273,1.321890950202942,2.7058823529411766,1.0,17.0,2.908468158748397,9,0.9598677031755674
antmaze-medium-stitch-v0,0,gas_reachability_soft_calibrated,none,4,83,1,,15,,0.797979797979798,,44.05834579467773,3.223958730697632,3.4025442600250244,1.7761194029850746,1.0,67.0,4.579262675750848,25,0.999978060794704
antmaze-medium-stitch-v0,0,gas_reachability_soft_calibrated,none,5,84,1,,15,,0.6046511627906976,,47.626556396484375,6.6219000816345215,6.6219000816345215,3.6,1.0,15.0,2.394100011178503,14,1.0
antmaze-medium-stitch-v0,0,gas_reachability_soft_calibrated,none,1,85,1,,16,,0.7530864197530864,,48.80518341064453,1.0523712635040283,1.5805058479309082,2.659090909090909,1.0,44.0,4.01292088339186,16,0.9695223738761618
antmaze-medium-stitch-v0,0,gas_reachability_soft_calibrated,none,2,86,1,,15,,0.5952380952380952,,59.58855819702149,5.199812412261963,5.74846887588501,4.230769230769231,1.0,13.0,3.425231531665482,14,1.0
antmaze-medium-stitch-v0,0,gas_reachability_soft_calibrated,none,3,87,1,,15,,0.6904761904761905,,27.031118392944336,3.323233366012573,4.0994181632995605,2.4285714285714284,1.0,21.0,2.134342345378343,12,0.9855207849539817
antmaze-medium-stitch-v0,0,gas_reachability_soft_calibrated,none,4,88,1,,15,,0.6538461538461539,,46.45748901367188,5.114338874816895,5.914487361907959,2.918918918918919,1.0,37.0,1.9859466616783685,22,0.9970099446676722
antmaze-medium-stitch-v0,0,gas_reachability_soft_calibrated,none,5,89,1,,15,,0.7878787878787878,,49.726539611816406,4.580841541290283,4.580841541290283,1.907692307692308,1.0,65.0,2.438573275822712,16,1.0
antmaze-medium-stitch-v0,0,gas_reachability_soft_calibrated,none,1,90,1,,15,,0.7901234567901234,,48.14505386352539,0.5459680557250977,1.6115131378173828,2.425531914893617,1.0,47.0,5.884834817629147,21,0.9982776549856792
antmaze-medium-stitch-v0,0,gas_reachability_soft_calibrated,none,2,91,1,,15,,0.7213114754098361,,60.59422302246094,2.5977399349212646,2.5977399349212646,2.5,1.0,32.0,3.450490180638382,15,0.9863528614316541
antmaze-medium-stitch-v0,0,gas_reachability_soft_calibrated,none,3,92,0,,15,8,0.0534351145038167,,27.139238357543945,26.202533721923828,30.935924530029297,8.119047619047619,8.0,42.0,0.931381100036923,874,1.0
antmaze-medium-stitch-v0,0,gas_reachability_soft_calibrated,none,4,93,1,,15,,0.8064516129032258,,46.38593292236328,1.0631674528121948,3.1399919986724854,1.8617021276595744,1.0,188.0,6.918690936156977,54,0.9906364377698555
antmaze-medium-stitch-v0,0,gas_reachability_soft_calibrated,none,5,94,1,,15,,0.6595744680851063,,48.4609603881836,6.064247131347656,7.043399810791016,2.7,1.0,20.0,2.479429904953477,12,1.0
antmaze-medium-stitch-v0,0,gas_reachability_soft_calibrated,none,1,95,1,,15,,0.8382352941176471,,48.64303588867188,1.1975586414337158,2.755323886871338,1.72,1.0,100.0,5.131222029467966,36,1.0
antmaze-medium-stitch-v0,0,gas_reachability_soft_calibrated,none,2,96,1,,15,,0.6666666666666666,,61.35531997680664,4.560621738433838,5.88169002532959,3.526315789473684,1.0,19.0,5.470106382640809,13,0.9942652810197864
antmaze-medium-stitch-v0,0,gas_reachability_soft_calibrated,none,3,97,1,,15,,0.6744186046511628,,28.10912132263184,2.408437490463257,2.5841681957244877,2.7,1.0,20.0,3.5301313931557665,12,0.9922479516578628
antmaze-medium-stitch-v0,0,gas_reachability_soft_calibrated,none,4,98,1,,15,,0.6984126984126984,,47.37185287475586,2.1178128719329834,2.1178128719329834,3.1,1.0,30.0,2.405160721037381,14,0.9793586556697964
antmaze-medium-stitch-v0,0,gas_reachability_soft_calibrated,none,5,99,1,,15,,0.4857142857142857,,48.958045959472656,8.012545585632324,8.012545585632324,7.0,2.0,6.0,8.710029010090413,13,1.0
antmaze-medium-stitch-v0,0,gas_reachability_budget_calibrated,none,1,0,1,,15,,0.6458333333333334,,48.45280456542969,3.402820110321045,3.946950435638428,3.106382978723404,1.0,47.0,14.961811028419033,28,1.0
antmaze-medium-stitch-v0,0,gas_reachability_budget_calibrated,none,2,1,1,,15,,0.6792452830188679,,60.00016784667969,3.262688398361206,4.203035831451416,3.1739130434782608,1.0,23.0,3.03289003509522,14,0.9867749475346894
antmaze-medium-stitch-v0,0,gas_reachability_budget_calibrated,none,3,2,1,,15,,0.6086956521739131,,22.395427703857425,2.77807354927063,3.0291013717651367,2.8,1.0,20.0,2.4024809291989677,10,0.9919326150483498
antmaze-medium-stitch-v0,0,gas_reachability_budget_calibrated,none,4,3,1,,15,,0.4393939393939394,,46.73250579833984,2.1447231769561768,3.165336847305298,7.860465116279069,1.0,43.0,4.534561588816794,54,1.0
antmaze-medium-stitch-v0,0,gas_reachability_budget_calibrated,none,5,4,1,,15,,0.8369565217391305,,47.96291732788086,3.159735679626465,3.159735679626465,1.4848484848484849,1.0,66.0,1.9893788553158784,17,0.9990157679550209
antmaze-medium-stitch-v0,0,gas_reachability_budget_calibrated,none,1,5,1,,15,,0.7352941176470589,,47.74519729614258,2.0175817012786865,2.035090923309326,2.6944444444444446,1.0,36.0,1.1758747422517088,14,0.9792221300045817
antmaze-medium-stitch-v0,0,gas_reachability_budget_calibrated,none,2,6,1,,15,,0.6440677966101694,,61.35221481323242,3.712050437927246,5.437233924865723,3.782608695652174,1.0,23.0,2.5938148486571126,16,1.0
antmaze-medium-stitch-v0,0,gas_reachability_budget_calibrated,none,3,7,1,,15,,0.5,,23.98854255676269,3.007920026779175,3.3507654666900635,3.2916666666666665,1.0,24.0,1.31302417390243,33,0.9870196554020628
antmaze-medium-stitch-v0,0,gas_reachability_budget_calibrated,none,4,8,1,,15,,0.6521739130434783,,46.4747428894043,2.6715447902679443,4.603033542633057,3.0806451612903225,1.0,62.0,3.897807387306066,39,0.9927182753373994
antmaze-medium-stitch-v0,0,gas_reachability_budget_calibrated,none,5,9,1,,15,,0.673469387755102,,47.74253463745117,6.343879699707031,7.432316303253174,2.347826086956522,1.0,23.0,1.5867636821957878,13,1.0
antmaze-medium-stitch-v0,0,gas_reachability_budget_calibrated,none,1,10,1,,15,,0.6052631578947368,,49.56023788452149,2.468484878540039,2.6575071811676025,3.466666666666667,1.0,30.0,5.064604158582556,34,0.9987644040428418
antmaze-medium-stitch-v0,0,gas_reachability_budget_calibrated,none,2,11,1,,15,,0.7090909090909091,,60.59479522705078,1.9260485172271729,1.9260485172271729,2.592592592592593,1.0,27.0,3.205457150155674,13,0.988330399450094
antmaze-medium-stitch-v0,0,gas_reachability_budget_calibrated,none,3,12,1,,15,,0.6428571428571429,,25.34072494506836,2.6262307167053223,2.6262307167053223,2.571428571428572,1.0,28.0,1.378670516337196,12,0.9730563183403068
antmaze-medium-stitch-v0,0,gas_reachability_budget_calibrated,none,4,13,1,,15,,0.528169014084507,,46.50802612304688,2.1565604209899902,2.55832314491272,3.9384615384615382,1.0,65.0,6.414656371428754,52,0.9943527486585761
antmaze-medium-stitch-v0,0,gas_reachability_budget_calibrated,none,5,14,1,,15,,0.9190283400809716,,48.81048202514648,1.649630427360535,3.203791856765747,1.2064220183486238,1.0,218.0,1.9661276549249562,67,0.9900517264079625
antmaze-medium-stitch-v0,0,gas_reachability_budget_calibrated,none,1,15,1,,15,,0.6984126984126984,,49.60992813110352,3.672862529754639,3.672862529754639,3.3,1.0,30.0,3.5066684043941536,15,1.0
antmaze-medium-stitch-v0,0,gas_reachability_budget_calibrated,none,2,16,1,,15,,0.8095238095238095,,60.90826797485352,2.0297656059265137,2.149825096130371,1.8771929824561404,1.0,57.0,2.1432930591237764,13,0.9814229049726592
antmaze-medium-stitch-v0,0,gas_reachability_budget_calibrated,none,3,17,1,,15,,0.6724137931034483,,27.46537208557129,3.2306997776031494,3.273265838623047,2.1875,1.0,32.0,1.2375281992057905,11,0.9750793161831948
antmaze-medium-stitch-v0,0,gas_reachability_budget_calibrated,none,4,18,1,,15,,0.5581395348837209,,46.32060241699219,2.308396100997925,2.3254785537719727,4.756756756756757,1.0,37.0,5.085687933932752,25,0.9863782770092768
antmaze-medium-stitch-v0,0,gas_reachability_budget_calibrated,none,5,19,1,,15,,0.6545454545454545,,48.57136917114258,2.6800529956817627,2.6800529956817627,2.72,1.0,25.0,3.02662438819859,14,0.991339124380676
antmaze-medium-stitch-v0,0,gas_reachability_budget_calibrated,none,1,20,1,,15,,0.875,,48.43563461303711,2.2729921340942383,2.646644115447998,1.5888888888888888,1.0,90.0,4.496259086849576,24,0.9743175870588201
antmaze-medium-stitch-v0,0,gas_reachability_budget_calibrated,none,2,21,1,,15,,0.6724137931034483,,61.29897689819336,1.7215477228164673,1.899789571762085,3.3076923076923075,1.0,26.0,2.0346042971577054,13,0.9855600317854812
antmaze-medium-stitch-v0,0,gas_reachability_budget_calibrated,none,3,22,1,,15,,0.7333333333333333,,21.804594039916992,2.0322461128234863,2.113781213760376,1.864864864864865,1.0,37.0,1.6183429855180105,6,0.9635597519475292
antmaze-medium-stitch-v0,0,gas_reachability_budget_calibrated,none,4,23,1,,15,,0.5223880597014925,,45.917572021484375,3.4202280044555664,3.506662607192993,6.090909090909091,1.0,22.0,2.9566996090860136,19,1.0
antmaze-medium-stitch-v0,0,gas_reachability_budget_calibrated,none,5,24,1,,15,,0.8857142857142857,,48.40852737426758,2.2789087295532227,3.1894211769104004,1.3571428571428572,1.0,112.0,3.3458945004905174,31,0.9997589609501434
antmaze-medium-stitch-v0,0,gas_reachability_budget_calibrated,none,1,25,1,,15,,0.7,,48.53873825073242,1.954045057296753,2.4456052780151367,3.9583333333333335,1.0,24.0,6.137340499323686,21,1.0
antmaze-medium-stitch-v0,0,gas_reachability_budget_calibrated,none,2,26,1,,15,,0.6909090909090909,,61.1072998046875,1.9246302843093872,1.942726969718933,3.0,1.0,24.0,6.942630062071443,17,0.9828556177619512
antmaze-medium-stitch-v0,0,gas_reachability_budget_calibrated,none,3,27,1,,15,,0.75,,22.85358619689941,2.5703728199005127,3.5760836601257324,1.725,1.0,40.0,1.810304263708752,11,0.980850930381984
antmaze-medium-stitch-v0,0,gas_reachability_budget_calibrated,none,4,28,1,,15,,0.6081081081081081,,47.61235046386719,2.8280417919158936,4.135580062866211,4.0,1.0,75.0,3.440833027774822,58,0.994809100990421
antmaze-medium-stitch-v0,0,gas_reachability_budget_calibrated,none,5,29,1,,15,,0.8169014084507042,,49.86966323852539,0.4858520925045013,2.1431596279144287,1.8888888888888888,1.0,45.0,2.804652233207511,14,0.9921902403307525
antmaze-medium-stitch-v0,0,gas_reachability_budget_calibrated,none,1,30,1,,15,,0.8707482993197279,,48.43439865112305,2.570331335067749,3.973062753677368,1.5614035087719298,1.0,114.0,9.716346555665922,28,1.0
antmaze-medium-stitch-v0,0,gas_reachability_budget_calibrated,none,2,31,1,,15,,0.673469387755102,,61.07464218139648,3.6242620944976807,3.6242620944976807,3.7777777777777777,1.0,18.0,2.98479509374968,18,0.9962987305270977
antmaze-medium-stitch-v0,0,gas_reachability_budget_calibrated,none,3,32,1,,15,,0.7111111111111111,,23.050840377807617,1.7147812843322754,1.7147812843322754,2.3043478260869565,1.0,23.0,1.1896178910835435,9,0.984933019870699
antmaze-medium-stitch-v0,0,gas_reachability_budget_calibrated,none,4,33,1,,15,,0.5507246376811594,,45.53843688964844,3.04822039604187,3.76706862449646,3.84,1.0,25.0,2.3370557545768293,25,1.0
antmaze-medium-stitch-v0,0,gas_reachability_budget_calibrated,none,5,34,1,,15,,0.7863247863247863,,47.9043197631836,3.8349084854125977,6.026334762573242,1.6419753086419753,1.0,81.0,3.6330579700783847,25,0.9906215190902968
antmaze-medium-stitch-v0,0,gas_reachability_budget_calibrated,none,1,35,1,,15,,0.703125,,48.52875900268555,3.0602970123291016,3.0602970123291016,3.333333333333333,1.0,30.0,8.73095221881036,16,1.0
antmaze-medium-stitch-v0,0,gas_reachability_budget_calibrated,none,2,36,1,,15,,0.7857142857142857,,61.67713165283203,1.424870252609253,1.874143362045288,2.0384615384615383,1.0,52.0,5.326970167581133,19,0.989512925740899
antmaze-medium-stitch-v0,0,gas_reachability_budget_calibrated,none,3,37,1,,15,,0.717948717948718,,26.83229637145996,2.8670191764831543,2.8670191764831543,2.1,1.0,20.0,1.4062881197583905,10,0.9794405468170516
antmaze-medium-stitch-v0,0,gas_reachability_budget_calibrated,none,4,38,0,,15,44,0.2654320987654321,,43.55174255371094,43.51094436645508,48.822303771972656,10.725,10.0,40.0,2.1985242674398147,291,1.0
antmaze-medium-stitch-v0,0,gas_reachability_budget_calibrated,none,5,39,1,,15,,0.6818181818181818,,48.518924713134766,4.008143424987793,4.008143424987793,2.789473684210526,1.0,19.0,3.844460579185627,11,0.9889220453069829
antmaze-medium-stitch-v0,0,gas_reachability_budget_calibrated,none,1,40,1,,15,,0.5797101449275363,,48.342803955078125,3.376538753509521,3.376538753509521,3.6666666666666665,1.0,27.0,6.586810473380741,26,1.0
antmaze-medium-stitch-v0,0,gas_reachability_budget_calibrated,none,2,41,1,,15,,0.7169811320754716,,61.36137390136719,0.6646326780319214,0.6917014122009277,2.8461538461538463,1.0,26.0,2.107110924401907,11,0.9812205598277337
antmaze-medium-stitch-v0,0,gas_reachability_budget_calibrated,none,3,42,1,,15,,0.75,,24.522876739501957,2.266919612884521,2.3466873168945312,1.862068965517241,1.0,29.0,1.9811706566577283,8,0.9718127315418629
antmaze-medium-stitch-v0,0,gas_reachability_budget_calibrated,none,4,43,1,,15,,0.8135593220338984,,45.23655700683594,2.949015617370605,3.107726573944092,1.8024691358024687,1.0,81.0,2.6843718070875875,28,0.9958050096032504
antmaze-medium-stitch-v0,0,gas_reachability_budget_calibrated,none,5,44,1,,15,,0.5151515151515151,,49.31232833862305,7.959034442901611,7.959034442901611,7.0,2.0,6.0,4.461905967158879,12,1.0
antmaze-medium-stitch-v0,0,gas_reachability_budget_calibrated,none,1,45,1,,15,,0.5737704918032787,,49.152488708496094,3.996153354644776,4.135025501251221,4.190476190476191,1.0,21.0,3.205787003963357,21,0.9831668241727857
antmaze-medium-stitch-v0,0,gas_reachability_budget_calibrated,none,2,46,1,,15,,0.7285714285714285,,59.62980651855469,3.6889593601226807,4.790653705596924,2.216216216216216,1.0,37.0,7.199280651366943,19,1.0
antmaze-medium-stitch-v0,0,gas_reachability_budget_calibrated,none,3,47,1,,15,,0.6226415094339622,,25.22809791564941,2.606605291366577,2.93805193901062,2.5,1.0,28.0,2.6549534924570772,11,0.9695573093364594
antmaze-medium-stitch-v0,0,gas_reachability_budget_calibrated,none,4,48,1,,15,,0.6333333333333333,,44.36343002319336,4.742238521575928,4.742238521575928,3.9565217391304346,1.0,23.0,7.0153031304902855,19,0.998730239793742
antmaze-medium-stitch-v0,0,gas_reachability_budget_calibrated,none,5,49,1,,15,,0.7555555555555555,,47.04921722412109,5.142773628234863,7.404345989227295,2.4285714285714284,1.0,21.0,4.073830887944818,12,1.0
antmaze-medium-stitch-v0,0,gas_reachability_budget_calibrated,none,1,50,1,,15,,0.6833333333333333,,48.69011306762695,3.879410982131958,3.879410982131958,3.5185185185185186,1.0,27.0,8.268811504003239,15,1.0
antmaze-medium-stitch-v0,0,gas_reachability_budget_calibrated,none,2,51,1,,15,,0.6739130434782609,,60.28351593017578,4.2345709800720215,4.2345709800720215,3.75,1.0,16.0,3.056401883733931,16,0.9938677560170157
antmaze-medium-stitch-v0,0,gas_reachability_budget_calibrated,none,3,52,1,,15,,0.78,,25.585264205932617,1.4156752824783323,1.706467628479004,2.0357142857142856,1.0,28.0,5.1047099660328,9,0.9789178738420125
antmaze-medium-stitch-v0,0,gas_reachability_budget_calibrated,none,4,53,1,,15,,0.4883720930232558,,47.81536483764648,4.74668550491333,4.923840999603272,6.857142857142857,1.0,28.0,4.660692587372273,38,0.9972065398953396
antmaze-medium-stitch-v0,0,gas_reachability_budget_calibrated,none,5,54,1,,15,,0.8775510204081632,,48.87285232543945,0.9512386918067932,1.863864779472351,1.4054054054054057,1.0,74.0,2.4251421609526407,19,0.9823028266220024
antmaze-medium-stitch-v0,0,gas_reachability_budget_calibrated,none,1,55,1,,15,,0.8160919540229885,,47.15107345581055,3.1645376682281494,5.089077472686768,1.75,1.0,60.0,3.1566122446422447,13,0.9921003955244272
antmaze-medium-stitch-v0,0,gas_reachability_budget_calibrated,none,2,56,1,,15,,0.6626506024096386,,61.04452896118164,1.9778484106063845,1.9778484106063845,3.302325581395349,1.0,43.0,3.473154698381895,19,0.9919083295193476
antmaze-medium-stitch-v0,0,gas_reachability_budget_calibrated,none,3,57,1,,18,,0.6086956521739131,,23.805517196655277,3.008901357650757,3.81369686126709,2.761904761904762,1.0,21.0,2.174664970381152,9,0.9635784078930766
antmaze-medium-stitch-v0,0,gas_reachability_budget_calibrated,none,4,58,1,,15,,0.7105263157894737,,46.06435394287109,3.749317407608032,3.892810344696045,2.4047619047619047,1.0,42.0,2.874408264491162,17,1.0
antmaze-medium-stitch-v0,0,gas_reachability_budget_calibrated,none,5,59,1,,15,,0.55,,49.34746170043945,5.023029804229736,5.059520244598389,4.545454545454546,1.0,11.0,1.6501633013647012,17,1.0
antmaze-medium-stitch-v0,0,gas_reachability_budget_calibrated,none,1,60,1,,15,,0.7160493827160493,,49.02635955810547,1.278140425682068,2.608079671859741,2.909090909090909,1.0,44.0,9.849803290814954,17,1.0
antmaze-medium-stitch-v0,0,gas_reachability_budget_calibrated,none,2,61,1,,15,,0.7021276595744681,,60.87965774536133,2.137531042098999,2.520430326461792,2.85,1.0,20.0,1.6296894162360558,13,0.9796143613359966
antmaze-medium-stitch-v0,0,gas_reachability_budget_calibrated,none,3,62,1,,15,,0.5217391304347826,,22.106281280517575,3.024836778640747,3.0687577724456787,4.0625,1.0,16.0,1.7336768060940821,16,0.9718459899716412
antmaze-medium-stitch-v0,0,gas_reachability_budget_calibrated,none,4,63,1,,15,,0.5714285714285714,,47.42026138305664,3.327879905700684,3.560791015625,4.652173913043479,1.0,23.0,3.800964369439249,28,0.9868170571885704
antmaze-medium-stitch-v0,0,gas_reachability_budget_calibrated,none,5,64,1,,15,,0.5813953488372093,,48.26823806762695,5.566786289215088,6.294475078582764,3.7142857142857135,1.0,14.0,6.838308276441881,13,1.0
antmaze-medium-stitch-v0,0,gas_reachability_budget_calibrated,none,1,65,1,,15,,0.59375,,48.5023193359375,1.0296943187713623,1.7299240827560425,4.25,1.0,24.0,4.21987292999193,24,0.9989307238685562
antmaze-medium-stitch-v0,0,gas_reachability_budget_calibrated,none,2,66,1,,15,,0.6666666666666666,,60.17618942260742,5.333552837371826,6.636963367462158,3.1818181818181817,1.0,22.0,3.039440571589897,15,1.0
antmaze-medium-stitch-v0,0,gas_reachability_budget_calibrated,none,3,67,0,,15,42,0.25625,,26.15205192565918,25.30570602416992,31.68735694885254,9.0,9.0,40.0,1.6658558708383269,363,1.0
antmaze-medium-stitch-v0,0,gas_reachability_budget_calibrated,none,4,68,1,,15,,0.6382978723404256,,45.60200500488281,3.7584445476531982,3.789631605148315,4.111111111111111,1.0,18.0,3.2241740667614134,15,0.980384370928417
antmaze-medium-stitch-v0,0,gas_reachability_budget_calibrated,none,5,69,1,,15,,0.7758620689655172,,48.80573272705078,6.280118465423584,6.418447971343994,1.9411764705882355,1.0,34.0,1.690183941494824,13,1.0
antmaze-medium-stitch-v0,0,gas_reachability_budget_calibrated,none,1,70,1,,15,,0.75,,49.53548812866211,2.4078469276428223,2.9731364250183105,2.571428571428572,1.0,49.0,2.5036242883723725,16,0.9790745003249317
antmaze-medium-stitch-v0,0,gas_reachability_budget_calibrated,none,2,71,0,,15,45,0.2699386503067484,,61.16447448730469,54.72488784790039,57.09214782714844,13.125,13.0,40.0,4.204159540900032,362,1.0
antmaze-medium-stitch-v0,0,gas_reachability_budget_calibrated,none,3,72,1,,15,,0.65,,24.735492706298828,3.0450856685638428,3.0450856685638428,2.611111111111111,1.0,18.0,1.4568573170231418,10,0.9712179832107062
antmaze-medium-stitch-v0,0,gas_reachability_budget_calibrated,none,4,73,1,,15,,0.4285714285714285,,46.80146408081055,2.1126694679260254,2.1312732696533203,7.1875,1.0,48.0,1.6046386360800526,66,0.9918753854457336
antmaze-medium-stitch-v0,0,gas_reachability_budget_calibrated,none,5,74,1,,15,,0.5789473684210527,,47.140323638916016,7.408215522766113,7.684306621551514,4.4,1.0,10.0,3.043018839619457,15,1.0
antmaze-medium-stitch-v0,0,gas_reachability_budget_calibrated,none,1,75,1,,15,,0.6153846153846154,,49.419315338134766,5.54819393157959,5.54819393157959,3.3703703703703702,1.0,27.0,6.085993519257441,23,1.0
antmaze-medium-stitch-v0,0,gas_reachability_budget_calibrated,none,2,76,1,,15,,0.6935483870967742,,60.31689453125,5.027848243713379,5.027848243713379,2.548387096774193,1.0,31.0,1.3481969693103195,17,0.9899197496522256
antmaze-medium-stitch-v0,0,gas_reachability_budget_calibrated,none,3,77,0,,15,46,0.2777777777777778,,27.1882266998291,22.41942405700684,26.51227569580078,7.0256410256410255,7.0,39.0,1.468800008698623,225,1.0
antmaze-medium-stitch-v0,0,gas_reachability_budget_calibrated,none,4,78,1,,15,,0.856,,43.005985260009766,2.004516839981079,3.303231954574585,1.608695652173913,1.0,92.0,3.933921890150727,26,0.9960865357048276
antmaze-medium-stitch-v0,0,gas_reachability_budget_calibrated,none,5,79,1,,15,,0.4883720930232558,,48.73462677001953,7.625213623046875,7.818717956542969,6.6,1.0,10.0,1.7201065667744144,18,1.0
antmaze-medium-stitch-v0,0,gas_reachability_budget_calibrated,none,1,80,1,,15,,0.6333333333333333,,48.79549026489258,2.5564498901367188,2.5564498901367188,3.84,1.0,25.0,2.73822798242946,16,0.9715991469473751
antmaze-medium-stitch-v0,0,gas_reachability_budget_calibrated,none,2,81,1,,15,,0.68,,60.69669342041016,3.972303628921509,4.269538879394531,2.869565217391304,1.0,23.0,3.116626548662961,14,0.9916716994968917
antmaze-medium-stitch-v0,0,gas_reachability_budget_calibrated,none,3,82,1,,15,,0.7142857142857143,,21.205759048461918,4.054783821105957,4.054783821105957,2.217391304347826,1.0,23.0,2.908468158748397,9,0.977537826513762
antmaze-medium-stitch-v0,0,gas_reachability_budget_calibrated,none,4,83,1,,15,,0.7439024390243902,,44.08008575439453,2.6813642978668213,2.6813642978668213,2.061224489795918,1.0,49.0,4.579262675750848,19,0.9968147556595784
antmaze-medium-stitch-v0,0,gas_reachability_budget_calibrated,none,5,84,1,,15,,0.6153846153846154,,47.85072708129883,5.604796409606934,5.687366962432861,3.6666666666666665,1.0,12.0,1.9054000334099082,11,1.0
antmaze-medium-stitch-v0,0,gas_reachability_budget_calibrated,none,1,85,1,,16,,0.6153846153846154,,48.71581268310547,3.9175875186920166,3.9175875186920166,4.894736842105263,1.0,19.0,2.185341841129396,17,0.9772302036387456
antmaze-medium-stitch-v0,0,gas_reachability_budget_calibrated,none,2,86,1,,15,,0.5609756097560976,,59.64629364013672,5.870797634124756,5.870797634124756,5.090909090909091,1.0,11.0,3.398534533420017,14,1.0
antmaze-medium-stitch-v0,0,gas_reachability_budget_calibrated,none,3,87,1,,15,,0.6578947368421053,,26.91910743713379,1.5081357955932615,1.5081357955932615,2.764705882352941,1.0,17.0,2.134342345378343,12,0.9674877131275464
antmaze-medium-stitch-v0,0,gas_reachability_budget_calibrated,none,4,88,1,,15,,0.7317073170731707,,46.312129974365234,2.913764715194702,3.092045545578003,2.391304347826087,1.0,46.0,3.103502939828093,20,0.9855108554551564
antmaze-medium-stitch-v0,0,gas_reachability_budget_calibrated,none,5,89,1,,15,,0.5576923076923077,,49.55465698242188,5.717555046081543,5.717555046081543,4.294117647058823,1.0,17.0,2.438573275822712,15,1.0
antmaze-medium-stitch-v0,0,gas_reachability_budget_calibrated,none,1,90,1,,15,,0.7123287671232876,,48.14548873901367,2.9722495079040527,2.9722495079040527,2.6153846153846154,1.0,39.0,5.884834817629147,17,1.0
antmaze-medium-stitch-v0,0,gas_reachability_budget_calibrated,none,2,91,1,,15,,0.6226415094339622,,60.896820068359375,5.544779777526856,5.544779777526856,3.7142857142857135,1.0,21.0,2.5582826199476134,18,1.0
antmaze-medium-stitch-v0,0,gas_reachability_budget_calibrated,none,3,92,0,,15,8,0.0534351145038167,,27.268096923828125,26.32521247863769,31.09145164489746,8.119047619047619,8.0,42.0,0.931381100036923,874,1.0
antmaze-medium-stitch-v0,0,gas_reachability_budget_calibrated,none,4,93,1,,15,,0.5964912280701754,,46.1360969543457,4.129517555236816,4.3927202224731445,3.836363636363637,1.0,55.0,3.2160456119810936,35,1.0
antmaze-medium-stitch-v0,0,gas_reachability_budget_calibrated,none,5,94,1,,15,,0.6829268292682927,,48.56380844116211,5.578847885131836,5.578847885131836,2.7222222222222223,1.0,18.0,0.9028838586104052,11,0.9973146084556613
antmaze-medium-stitch-v0,0,gas_reachability_budget_calibrated,none,1,95,1,,15,,0.7753623188405797,,48.61310958862305,0.7961620688438416,2.630908250808716,1.925531914893617,1.0,94.0,5.131222029467966,48,1.0
antmaze-medium-stitch-v0,0,gas_reachability_budget_calibrated,none,2,96,1,,15,,0.7808219178082192,,61.18061065673828,2.203052759170532,2.203052759170532,2.090909090909091,1.0,44.0,2.998576822436197,14,0.978353052328587
antmaze-medium-stitch-v0,0,gas_reachability_budget_calibrated,none,3,97,1,,15,,0.6785714285714286,,27.38612174987793,4.3264360427856445,4.415379047393799,2.1875,1.0,32.0,1.1842207531081,10,0.9839262662303885
antmaze-medium-stitch-v0,0,gas_reachability_budget_calibrated,none,4,98,1,,15,,0.7166666666666667,,47.263214111328125,3.3836939334869385,4.00380802154541,2.6451612903225805,1.0,31.0,2.405160721037381,15,0.9871406711519513
antmaze-medium-stitch-v0,0,gas_reachability_budget_calibrated,none,5,99,1,,15,,0.4857142857142857,,49.13272857666016,7.822264671325684,9.06169319152832,6.0,1.0,7.0,1.6841960592166128,11,1.0
antmaze-medium-stitch-v0,2,gas_shortest,none,1,0,1,,23,,0.7428571428571429,,48.88646697998047,1.57999849319458,1.57999849319458,2.861111111111111,1.0,36.0,4.147558693083306,16,0.9616953885808472
antmaze-medium-stitch-v0,2,gas_shortest,none,2,1,1,,15,,0.6818181818181818,,60.177364349365234,1.2766350507736206,2.521690368652344,2.647058823529412,1.0,34.0,5.240585797943015,15,0.9757375828511536
antmaze-medium-stitch-v0,2,gas_shortest,none,3,2,0,,15,47,0.2822085889570552,,22.485654830932617,21.64065170288086,24.24452209472656,7.9743589743589745,8.0,39.0,1.6757098292028028,274,1.0
antmaze-medium-stitch-v0,2,gas_shortest,none,4,3,0,,28,38,0.2402597402597402,,44.9986457824707,44.9986457824707,52.39322662353516,12.025641025641026,12.0,39.0,1.6371225857621474,228,0.9944624226707717
antmaze-medium-stitch-v0,2,gas_shortest,none,5,4,1,,15,,0.4883720930232558,,49.37531661987305,6.492815017700195,8.528863906860352,4.818181818181818,1.0,11.0,3.943076915528887,16,1.0
antmaze-medium-stitch-v0,2,gas_shortest,none,1,5,1,,15,,0.7567567567567568,,48.13774871826172,1.210120677947998,1.8868671655654907,1.9142857142857144,1.0,70.0,2.191232966868729,22,0.9768528766489353
antmaze-medium-stitch-v0,2,gas_shortest,none,2,6,1,,15,,0.6326530612244898,,61.02741622924805,3.608721017837525,4.005375862121582,3.631578947368421,1.0,19.0,0.8232540113025781,13,0.9804220514230804
antmaze-medium-stitch-v0,2,gas_shortest,none,3,7,1,,15,,0.6428571428571429,,24.999832153320312,1.5625991821289062,1.5625991821289062,2.65,1.0,20.0,1.518156073153936,9,0.9491966809464293
antmaze-medium-stitch-v0,2,gas_shortest,none,4,8,1,,19,,0.408695652173913,,47.58017349243164,4.051883697509766,4.37067174911499,6.9,1.0,40.0,6.723795506521091,43,0.9864814781831224
antmaze-medium-stitch-v0,2,gas_shortest,none,5,9,1,,15,,0.6825396825396826,,48.58228302001953,4.636692523956299,6.613914966583252,2.294117647058824,1.0,34.0,1.7874877317636453,15,0.9792557686181373
antmaze-medium-stitch-v0,2,gas_shortest,none,1,10,1,,15,,0.6619718309859155,,47.85685348510742,3.565575361251831,4.283798694610596,3.0285714285714285,1.0,35.0,5.734572437574519,19,0.9841408842816664
antmaze-medium-stitch-v0,2,gas_shortest,none,2,11,1,,15,,0.627906976744186,,60.42280197143555,6.364261150360107,6.406584739685059,3.75,1.0,16.0,3.852745825948965,12,0.9986486610320322
antmaze-medium-stitch-v0,2,gas_shortest,none,3,12,1,,15,,0.5116279069767442,,26.980222702026367,1.615939378738403,1.615939378738403,4.085714285714285,1.0,35.0,1.482218742723986,37,0.9839833618451074
antmaze-medium-stitch-v0,2,gas_shortest,none,4,13,1,,19,,0.3840579710144927,,48.77250671386719,3.2865421772003174,3.323807716369629,8.5,1.0,44.0,2.1025836295594735,74,0.9877650045064054
antmaze-medium-stitch-v0,2,gas_shortest,none,5,14,1,,15,,0.5151515151515151,,48.58132553100586,8.177942276000977,9.383233070373535,6.166666666666667,2.0,6.0,1.689977251867504,14,1.0
antmaze-medium-stitch-v0,2,gas_shortest,none,1,15,1,,15,,0.711864406779661,,48.42517852783203,2.4873478412628174,2.584594488143921,3.0,1.0,28.0,4.103316022928508,14,0.974214180392489
antmaze-medium-stitch-v0,2,gas_shortest,none,2,16,1,,15,,0.7792207792207793,,61.5280876159668,1.8866095542907717,1.8866095542907717,2.042553191489361,1.0,47.0,5.533151163009296,15,0.9761887812082568
antmaze-medium-stitch-v0,2,gas_shortest,none,3,17,1,,15,,0.5777777777777777,,26.94370460510254,3.254643678665161,3.254643678665161,2.9473684210526314,1.0,19.0,3.618275538187796,9,0.9805091415861932
antmaze-medium-stitch-v0,2,gas_shortest,none,4,18,1,,29,,0.6701030927835051,,45.02821731567383,1.107016921043396,1.6928199529647827,2.707317073170732,1.0,123.0,1.8520115647459363,51,0.9740672842945828
antmaze-medium-stitch-v0,2,gas_shortest,none,5,19,1,,15,,0.5405405405405406,,47.79446029663086,7.190159797668457,7.503322124481201,3.8181818181818175,1.0,11.0,2.4123851359482438,14,0.9843826508006553
antmaze-medium-stitch-v0,2,gas_shortest,none,1,20,1,,15,,0.8650306748466258,,48.3397331237793,0.5208941698074341,2.396496534347534,1.5275590551181102,1.0,127.0,2.742979011469531,46,0.9776457582243516
antmaze-medium-stitch-v0,2,gas_shortest,none,2,21,1,,17,,0.625,,61.40010452270508,4.864834308624268,5.023646354675293,3.555555555555556,1.0,18.0,3.3220916561157408,14,0.9843158257661064
antmaze-medium-stitch-v0,2,gas_shortest,none,3,22,1,,15,,0.6944444444444444,,25.055255889892575,2.917635202407837,2.917635202407837,2.4444444444444446,1.0,18.0,1.070354984021869,8,0.9721049414137636
antmaze-medium-stitch-v0,2,gas_shortest,none,4,23,1,,15,,0.59375,,48.29515838623047,3.2301135063171387,4.525857448577881,3.4814814814814814,1.0,27.0,2.43880825787008,16,0.9687269918835706
antmaze-medium-stitch-v0,2,gas_shortest,none,5,24,1,,15,,0.7254901960784313,,47.941993713378906,2.263885974884033,2.832691192626953,2.111111111111111,1.0,27.0,1.8838653354567259,11,0.9883448618368568
antmaze-medium-stitch-v0,2,gas_shortest,none,1,25,1,,15,,0.8037383177570093,,48.724945068359375,1.678230881690979,2.7929470539093018,1.8630136986301369,1.0,73.0,3.129670199234793,23,0.979913973386877
antmaze-medium-stitch-v0,2,gas_shortest,none,2,26,1,,15,,0.5081967213114754,,59.94783401489258,2.359950542449951,2.453457832336426,3.75,1.0,20.0,1.670971450574088,24,0.9810299374760236
antmaze-medium-stitch-v0,2,gas_shortest,none,3,27,1,,15,,0.6410256410256411,,26.02115249633789,2.457710027694702,2.457710027694702,2.9411764705882355,1.0,17.0,3.249610104199788,10,0.9903404351023225
antmaze-medium-stitch-v0,2,gas_shortest,none,4,28,1,,18,,0.4827586206896552,,46.70204925537109,1.5100491046905518,4.264886856079102,5.083333333333333,1.0,48.0,3.3384802178222355,41,0.9807975582825028
antmaze-medium-stitch-v0,2,gas_shortest,none,5,29,1,,19,,0.5,,46.360294342041016,7.400140285491943,9.746007919311523,5.25,2.0,8.0,3.0778115339302703,16,0.9744012701836544
antmaze-medium-stitch-v0,2,gas_shortest,none,1,30,1,,16,,0.5714285714285714,,49.25747680664063,3.731792688369751,3.816422462463379,4.260869565217392,1.0,23.0,4.115961199962433,17,0.9783143152624026
antmaze-medium-stitch-v0,2,gas_shortest,none,2,31,1,,15,,0.7272727272727273,,61.13856887817383,1.4910736083984375,2.7530109882354736,2.3714285714285714,1.0,35.0,3.6377654088389773,13,0.9861659756651688
antmaze-medium-stitch-v0,2,gas_shortest,none,3,32,1,,15,,0.6585365853658537,,25.77397918701172,2.536350965499878,2.536350965499878,2.65,1.0,20.0,2.251312981861305,10,0.966983782262167
antmaze-medium-stitch-v0,2,gas_shortest,none,4,33,1,,20,,0.4594594594594595,,46.88666915893555,3.4663994312286377,4.540956974029541,4.977272727272728,1.0,44.0,1.7388391030822856,38,0.9809485258424049
antmaze-medium-stitch-v0,2,gas_shortest,none,5,34,1,,15,,0.6875,,48.68593597412109,3.643519639968872,4.082480430603027,2.5454545454545454,1.0,33.0,2.1110242143416635,15,0.9922216222098053
antmaze-medium-stitch-v0,2,gas_shortest,none,1,35,0,,15,4,0.0234375,,49.52446365356445,48.00798034667969,48.8794059753418,16.0,16.0,42.0,1.2298386303010689,923,1.0
antmaze-medium-stitch-v0,2,gas_shortest,none,2,36,1,,15,,0.6666666666666666,,61.06404495239258,3.531876802444458,3.531876802444458,2.8461538461538463,1.0,26.0,4.089843641226956,14,0.9828776803089485
antmaze-medium-stitch-v0,2,gas_shortest,none,3,37,1,,15,,0.5813953488372093,,26.5576114654541,3.6869423389434814,3.6869423389434814,3.117647058823529,1.0,17.0,2.671498924822791,13,0.9783286557629048
antmaze-medium-stitch-v0,2,gas_shortest,none,4,38,1,,23,,0.5882352941176471,,45.801979064941406,4.393672943115234,4.393672943115234,4.105263157894737,1.0,19.0,1.4380760522476197,11,0.9563386597571228
antmaze-medium-stitch-v0,2,gas_shortest,none,5,39,1,,15,,0.6190476190476191,,48.22214126586914,7.320202350616455,8.020150184631348,3.5,1.0,16.0,1.9190497378011648,16,1.0
antmaze-medium-stitch-v0,2,gas_shortest,none,1,40,1,,15,,0.7241379310344828,,47.93169403076172,1.9068262577056885,1.9068262577056885,2.5517241379310347,1.0,29.0,2.123527166690728,15,0.9751683676195104
antmaze-medium-stitch-v0,2,gas_shortest,none,2,41,1,,15,,0.6842105263157895,,60.65455627441406,2.5687434673309326,3.0317087173461914,2.923076923076923,1.0,26.0,2.898057851017264,13,0.9858553707386634
antmaze-medium-stitch-v0,2,gas_shortest,none,3,42,1,,15,,0.6909090909090909,,24.01895904541016,3.105604887008667,3.105604887008667,2.333333333333333,1.0,27.0,1.5271360451156852,16,0.9926593201506853
antmaze-medium-stitch-v0,2,gas_shortest,none,4,43,1,,15,,0.4770642201834862,,48.68669128417969,1.579745531082153,3.5528111457824707,5.55,1.0,40.0,2.3583433851713345,41,0.9816446716767387
antmaze-medium-stitch-v0,2,gas_shortest,none,5,44,1,,15,,0.6862745098039216,,49.83106994628906,4.994673252105713,4.994673252105713,2.52,1.0,25.0,2.4241977524697043,11,0.9943457618473801
antmaze-medium-stitch-v0,2,gas_shortest,none,1,45,1,,15,,0.7205882352941176,,48.04003143310547,1.3738054037094116,2.2901101112365723,2.388888888888889,1.0,36.0,2.525525295360692,15,0.9785911605508202
antmaze-medium-stitch-v0,2,gas_shortest,none,2,46,1,,15,,0.8076923076923077,,60.07552337646485,2.464472770690918,2.464472770690918,1.9183673469387756,1.0,49.0,2.7254201253619335,17,0.9793962053005704
antmaze-medium-stitch-v0,2,gas_shortest,none,3,47,1,,15,,0.5333333333333333,,18.439741134643555,2.5565779209136963,2.5565779209136963,4.2,1.0,15.0,2.445468774550442,13,0.9978132080670962
antmaze-medium-stitch-v0,2,gas_shortest,none,4,48,1,,18,,0.5135135135135135,,46.9090690612793,1.7087522745132446,1.7087522745132446,4.909090909090909,1.0,66.0,2.104177314793441,58,0.9802332966184945
antmaze-medium-stitch-v0,2,gas_shortest,none,5,49,1,,15,,0.6046511627906976,,49.783668518066406,7.61760950088501,7.61760950088501,3.642857142857143,1.0,14.0,2.01198074885994,16,0.9874440315522008
antmaze-medium-stitch-v0,2,gas_shortest,none,1,50,1,,15,,0.7288135593220338,,49.16904830932617,1.084685206413269,2.1008243560791016,3.037037037037037,1.0,27.0,2.5497062638777197,15,0.9683201889669152
antmaze-medium-stitch-v0,2,gas_shortest,none,2,51,1,,15,,0.7307692307692307,,60.64063262939453,3.880802154541016,4.296478271484375,2.3076923076923075,1.0,26.0,2.2617951627373385,12,0.979172033682458
antmaze-medium-stitch-v0,2,gas_shortest,none,3,52,1,,15,,0.6578947368421053,,24.814640045166016,3.158522367477417,3.158522367477417,2.8125,1.0,16.0,5.531432397211029,11,1.0
antmaze-medium-stitch-v0,2,gas_shortest,none,4,53,1,,33,,0.6,,44.3574104309082,4.112703323364258,4.112703323364258,4.0,1.0,21.0,4.770226265535134,11,0.9510379090550772
antmaze-medium-stitch-v0,2,gas_shortest,none,5,54,1,,15,,0.7796610169491526,,49.469200134277344,2.7885100841522217,2.7885100841522217,1.9189189189189189,1.0,37.0,2.3958039816566155,11,0.9795992002402628
antmaze-medium-stitch-v0,2,gas_shortest,none,1,55,1,,15,,0.6195652173913043,,47.86001968383789,3.329894542694092,3.863580703735352,2.936170212765957,1.0,47.0,8.05159150121148,18,0.9828585861205321
antmaze-medium-stitch-v0,2,gas_shortest,none,2,56,1,,15,,0.6727272727272727,,61.28483581542969,4.980687618255615,5.300419807434082,3.0,1.0,24.0,2.149132831930393,12,0.9963269435577672
antmaze-medium-stitch-v0,2,gas_shortest,none,3,57,1,,15,,0.6764705882352942,,23.95979881286621,6.169799327850342,6.169799327850342,2.466666666666667,1.0,15.0,2.2562383115842346,13,1.0
antmaze-medium-stitch-v0,2,gas_shortest,none,4,58,0,,30,39,0.2516556291390728,,45.68103790283203,45.68103790283203,51.35322952270508,11.894736842105264,12.0,38.0,2.6992917005418926,76,0.9988650316256436
antmaze-medium-stitch-v0,2,gas_shortest,none,5,59,1,,15,,0.5714285714285714,,48.50114440917969,7.254368305206299,7.821787357330322,3.5384615384615383,1.0,13.0,1.2666783179388383,18,0.985654070514174
antmaze-medium-stitch-v0,2,gas_shortest,none,1,60,1,,15,,0.6615384615384615,,48.02309036254883,1.9755830764770508,3.0699474811553955,3.2,1.0,30.0,3.500046095556012,16,0.9768291951014773
antmaze-medium-stitch-v0,2,gas_shortest,none,2,61,1,,15,,0.6304347826086957,,59.60511779785156,5.389217853546143,5.389217853546143,3.5,1.0,18.0,2.118014504364954,15,0.9950189903426588
antmaze-medium-stitch-v0,2,gas_shortest,none,3,62,1,,15,,0.5869565217391305,,24.604198455810547,4.013601303100586,4.0317063331604,2.8,1.0,20.0,2.5909039180196087,10,0.9805598547581637
antmaze-medium-stitch-v0,2,gas_shortest,none,4,63,1,,22,,0.6888888888888889,,45.85468292236328,1.933873176574707,2.960764646530152,3.2,1.0,50.0,1.9943764097845529,28,0.9616936737720024
antmaze-medium-stitch-v0,2,gas_shortest,none,5,64,1,,15,,0.4,,47.79526901245117,9.82023811340332,9.995227813720703,7.714285714285714,3.0,7.0,3.099810713317307,13,0.9980444360656878
antmaze-medium-stitch-v0,2,gas_shortest,none,1,65,1,,15,,0.8769230769230769,,48.10819625854492,1.1818310022354126,2.7562270164489746,1.5,1.0,100.0,3.1528107264282177,30,0.9777274787209508
antmaze-medium-stitch-v0,2,gas_shortest,none,2,66,1,,15,,0.7808219178082192,,60.93364334106445,2.466195821762085,2.9572558403015137,1.9555555555555555,1.0,45.0,2.598617815467699,11,0.992751450472555
antmaze-medium-stitch-v0,2,gas_shortest,none,3,67,1,,15,,0.7435897435897436,,24.300861358642575,1.8461207151412964,1.8461207151412964,2.05,1.0,20.0,3.311871285059792,8,0.9608509694397622
antmaze-medium-stitch-v0,2,gas_shortest,none,4,68,0,,20,38,0.2402597402597402,,47.02803802490234,47.02707290649414,51.36140823364258,12.282051282051285,12.0,39.0,4.249494250865734,254,0.9964112549383848
antmaze-medium-stitch-v0,2,gas_shortest,none,5,69,1,,15,,0.4705882352941176,,47.25149154663086,8.215785026550293,8.400867462158203,7.166666666666667,2.0,6.0,1.6428010996213938,12,0.9991290879067786
antmaze-medium-stitch-v0,2,gas_shortest,none,1,70,1,,15,,0.75,,47.9615364074707,3.0475900173187256,3.401561737060547,2.3823529411764706,1.0,34.0,1.8886368258115007,15,0.9790709864237526
antmaze-medium-stitch-v0,2,gas_shortest,none,2,71,1,,15,,0.7142857142857143,,60.26531219482422,1.2490676641464231,1.8932372331619265,2.769230769230769,1.0,26.0,2.6235503540338487,14,0.9767514170734156
antmaze-medium-stitch-v0,2,gas_shortest,none,3,72,1,,15,,0.65,,24.654186248779297,2.459512233734131,2.459512233734131,2.764705882352941,1.0,17.0,3.119967264925908,11,0.9715784730004788
antmaze-medium-stitch-v0,2,gas_shortest,none,4,73,1,,21,,0.5748502994011976,,45.67824935913086,2.539168119430542,5.249514102935791,3.5164835164835164,1.0,91.0,1.8355551240497339,69,0.9861380775489724
antmaze-medium-stitch-v0,2,gas_shortest,none,5,74,1,,15,,0.6382978723404256,,49.06829833984375,6.153665065765381,6.768583297729492,2.590909090909091,1.0,22.0,1.2264775558901426,13,0.9801749185810364
antmaze-medium-stitch-v0,2,gas_shortest,none,1,75,1,,15,,0.640625,,49.017234802246094,2.596425771713257,2.915956497192383,3.2142857142857144,1.0,28.0,4.5357110397978,21,0.9780043905321126
antmaze-medium-stitch-v0,2,gas_shortest,none,2,76,1,,15,,0.5609756097560976,,61.51235961914063,6.365254878997803,6.461599349975586,5.545454545454546,1.0,11.0,2.823506094959658,13,1.0
antmaze-medium-stitch-v0,2,gas_shortest,none,3,77,1,,15,,0.7272727272727273,,25.783666610717773,2.915472984313965,3.1638591289520264,2.130434782608696,1.0,23.0,3.902153402959803,11,1.0
antmaze-medium-stitch-v0,2,gas_shortest,none,4,78,1,,36,,0.5578947368421052,,46.30730438232422,3.125506639480591,5.748128414154053,4.391304347826087,1.0,46.0,1.180593935361935,40,0.971102706254121
antmaze-medium-stitch-v0,2,gas_shortest,none,5,79,1,,15,,0.5897435897435898,,47.65679931640625,6.167476654052734,6.167476654052734,4.181818181818182,1.0,11.0,2.1374565436564392,8,0.9826655932321985
antmaze-medium-stitch-v0,2,gas_shortest,none,1,80,1,,15,,0.8021978021978022,,48.05837631225586,1.970601201057434,1.970601201057434,2.155172413793104,1.0,58.0,5.493120674670752,15,0.9729345838297734
antmaze-medium-stitch-v0,2,gas_shortest,none,2,81,1,,15,,0.5641025641025641,,60.94368743896485,5.376626014709473,5.376626014709473,4.454545454545454,1.0,11.0,1.406118899643485,10,0.9933576405158769
antmaze-medium-stitch-v0,2,gas_shortest,none,3,82,1,,15,,0.6944444444444444,,23.333372116088867,2.706232070922852,2.7285335063934326,2.588235294117647,1.0,17.0,2.434535488409881,10,0.9542728880569604
antmaze-medium-stitch-v0,2,gas_shortest,none,4,83,1,,21,,0.4761904761904761,,46.77443313598633,3.668168067932129,5.280007839202881,4.988505747126437,1.0,87.0,1.9702530022930904,83,0.9876398494180064
antmaze-medium-stitch-v0,2,gas_shortest,none,5,84,1,,15,,0.6486486486486487,,48.41768264770508,3.9156014919281006,4.080208778381348,3.071428571428572,1.0,14.0,1.1214301725487463,8,0.9574655168275436
antmaze-medium-stitch-v0,2,gas_shortest,none,1,85,0,,15,48,0.2883435582822086,,47.9087028503418,25.553207397460938,30.21241950988769,6.794871794871795,6.0,39.0,1.3155056256468312,335,1.0
antmaze-medium-stitch-v0,2,gas_shortest,none,2,86,1,,15,,0.7575757575757576,,60.64216995239258,3.2589948177337646,5.259832382202148,2.076923076923077,1.0,39.0,3.736308076794563,17,0.9913860402418758
antmaze-medium-stitch-v0,2,gas_shortest,none,3,87,1,,15,,0.7555555555555555,,26.821462631225582,3.172815084457397,5.158908843994141,2.076923076923077,1.0,26.0,2.5801180980954292,7,1.0
antmaze-medium-stitch-v0,2,gas_shortest,none,4,88,0,,20,41,0.2649006622516556,,43.19681167602539,14.626118659973145,14.8264741897583,10.216216216216216,3.0,37.0,2.890831291929731,76,0.9909622299508245
antmaze-medium-stitch-v0,2,gas_shortest,none,5,89,1,,18,,0.4545454545454545,,48.574249267578125,7.548243522644043,7.548243522644043,6.666666666666667,2.0,6.0,1.6944593398414234,12,0.9793199476611621
antmaze-medium-stitch-v0,2,gas_shortest,none,1,90,1,,15,,0.7258064516129032,,48.84173202514648,3.416277408599853,3.416277408599853,2.696969696969697,1.0,33.0,2.000282393969545,12,0.9789150242698844
antmaze-medium-stitch-v0,2,gas_shortest,none,2,91,1,,15,,0.627906976744186,,59.97807693481445,3.193324089050293,3.4086453914642334,3.625,1.0,16.0,2.959500339038854,14,0.9797656661707601
antmaze-medium-stitch-v0,2,gas_shortest,none,3,92,1,,15,,0.5813953488372093,,25.034934997558597,2.9995791912078857,3.022039890289306,3.5625,1.0,16.0,3.0531201588998704,18,0.999500648905422
antmaze-medium-stitch-v0,2,gas_shortest,none,4,93,0,,22,33,0.2191780821917808,,44.23129653930664,44.23129653930664,50.01664733886719,11.289473684210526,10.0,38.0,1.369398239159959,63,0.9993121357593308
antmaze-medium-stitch-v0,2,gas_shortest,none,5,94,1,,15,,0.4375,,47.55060195922852,8.307065963745117,8.336369514465332,7.0,2.0,6.0,1.0265489464232413,11,0.9911333025145737
antmaze-medium-stitch-v0,2,gas_shortest,none,1,95,1,,15,,0.6164383561643836,,49.107887268066406,3.6081392765045166,4.245896816253662,3.3125,1.0,32.0,4.020215195279304,20,0.9879851370433289
antmaze-medium-stitch-v0,2,gas_shortest,none,2,96,1,,15,,0.66,,60.28857421875,4.330702304840088,5.51338529586792,3.0476190476190474,1.0,21.0,3.980235413290419,15,0.9906041440996102
antmaze-medium-stitch-v0,2,gas_shortest,none,3,97,1,,15,,0.6428571428571429,,25.7524528503418,3.271529197692871,3.271529197692871,2.9,1.0,10.0,0.7543509551356896,7,0.9664291012567581
antmaze-medium-stitch-v0,2,gas_shortest,none,4,98,1,,16,,0.515625,,46.54775238037109,5.46476411819458,5.638031005859375,4.48,1.0,25.0,3.8628617310219213,25,0.9700908717695872
antmaze-medium-stitch-v0,2,gas_shortest,none,5,99,1,,15,,0.9628865979381444,,49.50555419921875,1.0169901847839355,4.013453483581543,1.093681917211329,1.0,459.0,3.2635452870102,87,0.9964034750407752
antmaze-medium-stitch-v0,2,gas_reachability_soft_calibrated,none,1,0,1,,15,,0.6027397260273972,,48.745452880859375,1.1133333444595337,1.4451591968536377,3.903225806451613,1.0,31.0,3.305701180587822,18,0.9973149832228693
antmaze-medium-stitch-v0,2,gas_reachability_soft_calibrated,none,2,1,1,,15,,0.6078431372549019,,60.27151107788086,2.900320529937744,2.900320529937744,3.4761904761904763,1.0,21.0,5.240585797943015,11,0.9765798187389305
antmaze-medium-stitch-v0,2,gas_reachability_soft_calibrated,none,3,2,1,,15,,0.5684210526315789,,22.198074340820312,2.9900834560394287,3.4677507877349854,3.466666666666667,1.0,45.0,1.6339332321504878,30,0.9935715442723401
antmaze-medium-stitch-v0,2,gas_reachability_soft_calibrated,none,4,3,1,,15,,0.7831325301204819,,44.55950546264648,2.895429849624634,3.009657144546509,2.156862745098039,1.0,51.0,4.677586043468967,15,0.995310382659513
antmaze-medium-stitch-v0,2,gas_reachability_soft_calibrated,none,5,4,1,,15,,0.7375,,48.8952522277832,4.108508586883545,4.108508586883545,1.843137254901961,1.0,51.0,1.901537662164996,28,1.0
antmaze-medium-stitch-v0,2,gas_reachability_soft_calibrated,none,1,5,1,,15,,0.6557377049180327,,48.1212158203125,3.9713075160980233,4.724671363830566,4.08,1.0,25.0,2.928515093858111,15,0.9885224797259964
antmaze-medium-stitch-v0,2,gas_reachability_soft_calibrated,none,2,6,1,,15,,0.7540983606557377,,61.13647079467773,1.786590576171875,2.342813730239868,2.6666666666666665,1.0,30.0,4.072287408318041,17,0.9942607262937034
antmaze-medium-stitch-v0,2,gas_reachability_soft_calibrated,none,3,7,1,,15,,0.625,,25.596834182739254,2.4501876831054688,2.825439214706421,2.833333333333333,1.0,18.0,1.518156073153936,9,0.958789214309626
antmaze-medium-stitch-v0,2,gas_reachability_soft_calibrated,none,4,8,0,,19,66,0.3631284916201117,,47.58948516845703,46.77549362182617,52.246212005615234,12.947368421052632,13.0,38.0,5.210066243915308,301,1.0
antmaze-medium-stitch-v0,2,gas_reachability_soft_calibrated,none,5,9,1,,21,,0.5517241379310345,,47.2373046875,8.683513641357422,8.763322830200195,7.0,2.0,5.0,1.9435102757397453,9,0.9864490902754688
antmaze-medium-stitch-v0,2,gas_reachability_soft_calibrated,none,1,10,1,,15,,0.6933333333333334,,47.88616561889648,3.2877719402313232,3.687772512435913,2.918918918918919,1.0,37.0,2.9654318393310137,16,0.9858417976853252
antmaze-medium-stitch-v0,2,gas_reachability_soft_calibrated,none,2,11,1,,15,,0.6530612244897959,,60.26322555541992,5.474594593048096,5.474594593048096,3.15,1.0,20.0,1.632113043067623,15,0.9941232384321008
antmaze-medium-stitch-v0,2,gas_reachability_soft_calibrated,none,3,12,1,,15,,0.4545454545454545,,26.927675247192383,3.149864673614502,3.149864673614502,5.653846153846154,1.0,26.0,2.2493648513431603,39,0.9878235138054424
antmaze-medium-stitch-v0,2,gas_reachability_soft_calibrated,none,4,13,1,,15,,0.3759398496240601,,48.76499557495117,5.594638824462891,5.832530498504639,9.076923076923077,1.0,39.0,4.386317454618305,60,1.0
antmaze-medium-stitch-v0,2,gas_reachability_soft_calibrated,none,5,14,1,,15,,0.7346938775510204,,48.0169563293457,4.198223114013672,5.461447238922119,2.1538461538461537,1.0,26.0,1.689977251867504,12,1.0
antmaze-medium-stitch-v0,2,gas_reachability_soft_calibrated,none,1,15,1,,15,,0.7,,48.358280181884766,4.042998790740967,7.06053352355957,2.6041666666666665,1.0,48.0,7.4114025899314,28,1.0
antmaze-medium-stitch-v0,2,gas_reachability_soft_calibrated,none,2,16,1,,15,,0.6730769230769231,,61.590797424316406,3.617288827896118,3.617288827896118,3.6666666666666665,1.0,21.0,7.313019537452271,12,0.9835560199716161
antmaze-medium-stitch-v0,2,gas_reachability_soft_calibrated,none,3,17,1,,15,,0.78125,,26.64069938659668,2.2413530349731445,2.2413530349731445,1.809523809523809,1.0,42.0,1.7207690729852458,10,0.9715437543802764
antmaze-medium-stitch-v0,2,gas_reachability_soft_calibrated,none,4,18,1,,15,,0.5106382978723404,,45.20557022094727,2.883111953735352,2.883111953735352,4.779661016949152,1.0,59.0,3.111522494046922,48,0.9908660786877876
antmaze-medium-stitch-v0,2,gas_reachability_soft_calibrated,none,5,19,1,,15,,0.6052631578947368,,47.28041458129883,7.070254325866699,7.532980918884277,3.4285714285714284,1.0,14.0,2.4123851359482438,14,0.98364310678069
antmaze-medium-stitch-v0,2,gas_reachability_soft_calibrated,none,1,20,1,,15,,0.7777777777777778,,48.32242965698242,1.5305073261260986,1.697417140007019,2.65625,1.0,32.0,4.26550854872501,14,0.9968984405016514
antmaze-medium-stitch-v0,2,gas_reachability_soft_calibrated,none,2,21,1,,17,,0.6851851851851852,,61.01212310791016,2.887601375579834,3.5511152744293213,3.391304347826087,1.0,23.0,4.848484909381456,16,0.9773907564291997
antmaze-medium-stitch-v0,2,gas_reachability_soft_calibrated,none,3,22,1,,15,,0.6428571428571429,,25.56772994995117,5.937948226928711,5.937948226928711,2.310344827586207,1.0,29.0,2.0828417756356146,15,0.9977927278329881
antmaze-medium-stitch-v0,2,gas_reachability_soft_calibrated,none,4,23,1,,15,,0.7358490566037735,,48.16300582885742,1.8720883131027224,1.8720883131027224,2.5396825396825395,1.0,63.0,7.03624362011858,18,0.9865843641532002
antmaze-medium-stitch-v0,2,gas_reachability_soft_calibrated,none,5,24,1,,15,,0.5588235294117647,,47.68022918701172,7.632481098175049,7.632481098175049,4.875,1.0,8.0,1.8838653354567259,11,1.0
antmaze-medium-stitch-v0,2,gas_reachability_soft_calibrated,none,1,25,1,,15,,0.7605633802816901,,48.66508102416992,2.6576669216156006,2.6576669216156006,2.5121951219512195,1.0,41.0,1.0823149778113934,14,0.9755662282650494
antmaze-medium-stitch-v0,2,gas_reachability_soft_calibrated,none,2,26,1,,15,,0.6444444444444445,,60.18578338623047,3.087164640426636,3.087164640426636,3.555555555555556,1.0,18.0,1.3128398008808444,16,0.9755587644989729
antmaze-medium-stitch-v0,2,gas_reachability_soft_calibrated,none,3,27,1,,15,,0.6585365853658537,,25.894105911254883,1.842814326286316,1.9218796491622925,2.833333333333333,1.0,18.0,3.249610104199788,10,0.9870016414987308
antmaze-medium-stitch-v0,2,gas_reachability_soft_calibrated,none,4,28,0,,15,35,0.2312925170068027,,46.58772277832031,46.58605194091797,50.157005310058594,12.026315789473683,11.0,38.0,1.6918066620507106,93,1.0
antmaze-medium-stitch-v0,2,gas_reachability_soft_calibrated,none,5,29,1,,15,,0.6458333333333334,,46.86070251464844,5.216763019561768,6.975831031799316,2.727272727272727,1.0,22.0,2.5562341368363075,18,1.0
antmaze-medium-stitch-v0,2,gas_reachability_soft_calibrated,none,1,30,1,,16,,0.7297297297297297,,49.29631423950195,2.0561842918396,2.0561842918396,2.972972972972973,1.0,37.0,6.301069532506507,15,0.9701002309588749
antmaze-medium-stitch-v0,2,gas_reachability_soft_calibrated,none,2,31,1,,15,,0.673469387755102,,60.95587158203125,3.3221540451049805,3.3486690521240234,3.1904761904761907,1.0,21.0,1.8361447514865383,13,0.9885830479961653
antmaze-medium-stitch-v0,2,gas_reachability_soft_calibrated,none,3,32,1,,15,,0.72,,24.06190299987793,1.5766719579696655,1.5766719579696655,2.2142857142857144,1.0,28.0,3.4174511347220724,11,0.9632573188881672
antmaze-medium-stitch-v0,2,gas_reachability_soft_calibrated,none,4,33,1,,20,,0.4574468085106383,,47.12464904785156,3.612645387649536,3.612645387649536,6.5,1.0,34.0,1.3521134742532586,28,0.9758284981646448
antmaze-medium-stitch-v0,2,gas_reachability_soft_calibrated,none,5,34,1,,15,,0.6296296296296297,,49.14315414428711,5.3098649978637695,6.261795520782471,3.217391304347826,1.0,23.0,2.1586973324587464,15,1.0
antmaze-medium-stitch-v0,2,gas_reachability_soft_calibrated,none,1,35,0,,15,42,0.2546583850931677,,49.34107971191406,47.735313415527344,48.17723083496094,17.025,17.0,40.0,3.482879158662851,385,1.0
antmaze-medium-stitch-v0,2,gas_reachability_soft_calibrated,none,2,36,1,,15,,0.6530612244897959,,61.4339599609375,2.7060742378234863,2.82454776763916,3.571428571428572,1.0,21.0,4.089843641226956,15,0.9751986168915988
antmaze-medium-stitch-v0,2,gas_reachability_soft_calibrated,none,3,37,1,,15,,0.5909090909090909,,26.226150512695312,3.91553807258606,3.94826078414917,3.0,1.0,18.0,2.671498924822791,13,0.9798448108623304
antmaze-medium-stitch-v0,2,gas_reachability_soft_calibrated,none,4,38,1,,23,,0.5074626865671642,,45.55774688720703,5.730096817016602,6.471266269683838,5.652173913043479,1.0,23.0,4.799823702693475,19,0.9783122048821412
antmaze-medium-stitch-v0,2,gas_reachability_soft_calibrated,none,5,39,1,,15,,0.6862745098039216,,48.19013595581055,6.795128345489502,8.111640930175781,2.958333333333333,1.0,24.0,11.6335499724574,18,1.0
antmaze-medium-stitch-v0,2,gas_reachability_soft_calibrated,none,1,40,1,,15,,0.7910447761194029,,48.04380416870117,0.5867693424224854,1.8711265325546265,2.5277777777777777,1.0,36.0,2.71180740279515,17,0.9727057233056025
antmaze-medium-stitch-v0,2,gas_reachability_soft_calibrated,none,2,41,1,,15,,0.6274509803921569,,60.17211151123047,5.409480571746826,5.430449962615967,3.789473684210526,1.0,19.0,2.898057851017264,13,0.9971863006238968
antmaze-medium-stitch-v0,2,gas_reachability_soft_calibrated,none,3,42,1,,15,,0.7702702702702703,,24.442590713500977,2.5063226222991943,2.5911405086517334,1.7826086956521738,1.0,46.0,1.5271360451156852,23,0.9903646383829628
antmaze-medium-stitch-v0,2,gas_reachability_soft_calibrated,none,4,43,1,,15,,0.4660194174757281,,48.873809814453125,0.8661686182022095,1.7786301374435425,7.176470588235294,1.0,34.0,6.41014055376354,38,0.99244319229308
antmaze-medium-stitch-v0,2,gas_reachability_soft_calibrated,none,5,44,1,,15,,0.6785714285714286,,49.6300048828125,2.9941213130950928,3.56054949760437,2.555555555555556,1.0,27.0,5.325882903045999,14,1.0
antmaze-medium-stitch-v0,2,gas_reachability_soft_calibrated,none,1,45,1,,15,,0.7611940298507462,,48.07561492919922,1.9680463075637815,1.9918957948684688,2.5,1.0,36.0,2.525525295360692,14,0.9776322903593462
antmaze-medium-stitch-v0,2,gas_reachability_soft_calibrated,none,2,46,1,,15,,0.7916666666666666,,60.10599136352539,1.6051568984985352,2.881894588470459,2.095238095238096,1.0,42.0,6.1586334647073055,18,0.9831757222856058
antmaze-medium-stitch-v0,2,gas_reachability_soft_calibrated,none,3,47,1,,15,,0.546875,,17.659942626953125,1.886109709739685,1.886109709739685,3.0384615384615383,1.0,26.0,4.785135963115469,15,0.9954883205291584
antmaze-medium-stitch-v0,2,gas_reachability_soft_calibrated,none,4,48,1,,18,,0.6242424242424243,,46.804386138916016,1.992405891418457,2.073108196258545,3.48936170212766,1.0,94.0,3.5756708494274467,53,0.9766725239082109
antmaze-medium-stitch-v0,2,gas_reachability_soft_calibrated,none,5,49,1,,15,,0.7413793103448276,,49.41607666015625,3.673567295074463,3.679176568984986,2.1,1.0,30.0,9.465392411248141,15,0.9670122052058586
antmaze-medium-stitch-v0,2,gas_reachability_soft_calibrated,none,1,50,1,,15,,0.8707482993197279,,49.14260482788086,1.240550518035889,3.8134803771972656,1.6194690265486726,1.0,113.0,3.527782070379341,36,1.0
antmaze-medium-stitch-v0,2,gas_reachability_soft_calibrated,none,2,51,1,,15,,0.6585365853658537,,60.5918197631836,5.738619804382324,5.738619804382324,4.076923076923077,1.0,13.0,3.6570395896764674,12,0.9873874005525144
antmaze-medium-stitch-v0,2,gas_reachability_soft_calibrated,none,3,52,1,,15,,0.7777777777777778,,25.100534439086918,1.9700363874435425,3.259702205657959,2.12,1.0,25.0,5.531432397211029,10,1.0
antmaze-medium-stitch-v0,2,gas_reachability_soft_calibrated,none,4,53,0,,15,42,0.2594936708860759,,44.38091278076172,44.359161376953125,52.10840606689453,12.41025641025641,12.0,39.0,1.6372120612400431,272,1.0
antmaze-medium-stitch-v0,2,gas_reachability_soft_calibrated,none,5,54,1,,15,,0.4864864864864865,,49.21271133422852,8.351842880249023,8.59992504119873,7.0,2.0,7.0,1.768828139348351,13,1.0
antmaze-medium-stitch-v0,2,gas_reachability_soft_calibrated,none,1,55,1,,15,,0.5641025641025641,,47.84843063354492,1.4825109243392944,3.058460235595703,4.928571428571429,1.0,28.0,4.664561054322076,25,1.0
antmaze-medium-stitch-v0,2,gas_reachability_soft_calibrated,none,2,56,1,,15,,0.7,,60.971641540527344,2.696476459503174,3.2477831840515137,2.9285714285714284,1.0,28.0,1.890486814783244,12,0.9869942889347568
antmaze-medium-stitch-v0,2,gas_reachability_soft_calibrated,none,3,57,1,,15,,0.7435897435897436,,25.069744110107425,2.901041030883789,2.901041030883789,2.0476190476190474,1.0,21.0,2.2562383115842346,12,0.9906178307089788
antmaze-medium-stitch-v0,2,gas_reachability_soft_calibrated,none,4,58,1,,30,,0.5909090909090909,,45.74927520751953,3.1198971271514893,3.1198971271514893,4.184210526315789,1.0,38.0,5.013781064737097,29,0.9687195097113573
antmaze-medium-stitch-v0,2,gas_reachability_soft_calibrated,none,5,59,1,,15,,0.4509803921568627,,48.33442687988281,7.65475606918335,8.991536140441895,6.25,1.0,12.0,1.6277088839338272,19,1.0
antmaze-medium-stitch-v0,2,gas_reachability_soft_calibrated,none,1,60,1,,15,,0.8157894736842105,,47.97362518310547,1.171873927116394,1.4710100889205933,2.0,1.0,47.0,2.287657037512321,16,0.9684363713995132
antmaze-medium-stitch-v0,2,gas_reachability_soft_calibrated,none,2,61,1,,15,,0.6086956521739131,,59.43061065673828,3.751543521881104,3.794143915176392,3.875,1.0,16.0,2.118014504364954,16,0.9875075225094393
antmaze-medium-stitch-v0,2,gas_reachability_soft_calibrated,none,3,62,1,,15,,0.7027027027027027,,24.385652542114254,2.411176919937134,2.411176919937134,2.5294117647058822,1.0,17.0,3.1309617970834034,9,1.0
antmaze-medium-stitch-v0,2,gas_reachability_soft_calibrated,none,4,63,1,,22,,0.6206896551724138,,45.93863677978516,5.67507791519165,5.67507791519165,4.454545454545454,1.0,22.0,2.1444779568099936,16,0.9653657484811721
antmaze-medium-stitch-v0,2,gas_reachability_soft_calibrated,none,5,64,1,,15,,0.5609756097560976,,47.47730255126953,5.706725120544434,5.706725120544434,4.166666666666667,1.0,12.0,3.2566891580647015,13,0.9901844827417255
antmaze-medium-stitch-v0,2,gas_reachability_soft_calibrated,none,1,65,1,,15,,0.6607142857142857,,48.02344512939453,1.5191770792007446,1.6883653402328491,3.5,1.0,22.0,2.373444230222818,17,0.972104417466037
antmaze-medium-stitch-v0,2,gas_reachability_soft_calibrated,none,2,66,0,,15,47,0.2822085889570552,,61.116355895996094,37.0418815612793,37.13595199584961,7.461538461538462,7.0,39.0,1.3377417299964087,353,1.0
antmaze-medium-stitch-v0,2,gas_reachability_soft_calibrated,none,3,67,1,,15,,0.7368421052631579,,24.385915756225582,2.432605743408203,2.5317277908325195,2.1052631578947367,1.0,19.0,3.311871285059792,8,0.9657331747015429
antmaze-medium-stitch-v0,2,gas_reachability_soft_calibrated,none,4,68,0,,15,43,0.2608695652173913,,46.93524169921875,46.93524169921875,52.043701171875,12.225,12.0,40.0,2.09284051937033,333,1.0
antmaze-medium-stitch-v0,2,gas_reachability_soft_calibrated,none,5,69,1,,15,,0.53125,,47.60829162597656,7.264304637908935,8.494965553283691,6.5,1.0,6.0,2.0810676166298148,11,1.0
antmaze-medium-stitch-v0,2,gas_reachability_soft_calibrated,none,1,70,1,,15,,0.8421052631578947,,47.91284942626953,1.4639075994491575,1.4639075994491575,2.0,1.0,49.0,1.8886368258115007,14,0.9666954275718301
antmaze-medium-stitch-v0,2,gas_reachability_soft_calibrated,none,2,71,1,,15,,0.6274509803921569,,60.72502136230469,2.02282190322876,2.02282190322876,3.473684210526316,1.0,19.0,6.536742572810172,13,0.977272073089991
antmaze-medium-stitch-v0,2,gas_reachability_soft_calibrated,none,3,72,1,,15,,0.6111111111111112,,24.694580078125,3.759566307067871,3.92358922958374,3.615384615384616,1.0,13.0,3.119967264925908,10,0.9812548526432192
antmaze-medium-stitch-v0,2,gas_reachability_soft_calibrated,none,4,73,0,,21,61,0.3448275862068966,,45.217864990234375,32.217529296875,35.47593307495117,9.5,8.0,38.0,3.41600478389702,237,1.0
antmaze-medium-stitch-v0,2,gas_reachability_soft_calibrated,none,5,74,1,,15,,0.5681818181818182,,48.965065002441406,6.818071365356445,8.438785552978516,4.428571428571429,1.0,14.0,1.3006737591186117,13,1.0
antmaze-medium-stitch-v0,2,gas_reachability_soft_calibrated,none,1,75,0,,15,79,0.4083769633507853,,48.83854675292969,46.20078659057617,48.08013916015625,12.263157894736842,12.0,38.0,3.593688257984409,376,1.0
antmaze-medium-stitch-v0,2,gas_reachability_soft_calibrated,none,2,76,1,,15,,0.66,,61.25078201293945,2.2818539142608643,2.456562757492065,3.526315789473684,1.0,19.0,3.4046415873446425,14,0.9831756948565212
antmaze-medium-stitch-v0,2,gas_reachability_soft_calibrated,none,3,77,1,,15,,0.7105263157894737,,26.14679908752441,3.898000478744507,4.662247180938721,2.764705882352941,1.0,17.0,3.902153402959803,11,1.0
antmaze-medium-stitch-v0,2,gas_reachability_soft_calibrated,none,4,78,1,,15,,0.7088607594936709,,46.18537521362305,2.102722644805908,2.722141981124878,2.8372093023255816,1.0,43.0,3.4461395655767895,16,1.0
antmaze-medium-stitch-v0,2,gas_reachability_soft_calibrated,none,5,79,1,,15,,0.4242424242424242,,48.00103378295898,8.539774894714355,8.984334945678711,7.428571428571429,2.0,7.0,1.8650425149525451,12,1.0
antmaze-medium-stitch-v0,2,gas_reachability_soft_calibrated,none,1,80,1,,15,,0.76,,48.0313606262207,1.544359564781189,1.7943086624145508,2.8292682926829267,1.0,41.0,5.493120674670752,21,0.9719714513661866
antmaze-medium-stitch-v0,2,gas_reachability_soft_calibrated,none,2,81,0,,15,46,0.2760736196319018,,60.824737548828125,50.30251693725586,52.27114486694336,9.3,9.0,40.0,5.518351561531394,350,1.0
antmaze-medium-stitch-v0,2,gas_reachability_soft_calibrated,none,3,82,1,,15,,0.71875,,22.82817268371582,2.9200572967529297,3.2985339164733887,2.6,1.0,15.0,3.160949622575035,8,0.9520642295109184
antmaze-medium-stitch-v0,2,gas_reachability_soft_calibrated,none,4,83,0,,15,41,0.2597402597402597,,46.87133407592773,46.843170166015625,52.23299026489258,13.051282051282053,13.0,39.0,4.4005384678694055,182,0.9978024719007921
antmaze-medium-stitch-v0,2,gas_reachability_soft_calibrated,none,5,84,1,,15,,0.723404255319149,,48.913063049316406,5.041409015655518,5.387508869171143,2.16,1.0,25.0,3.0940776793577247,7,0.960578401734498
antmaze-medium-stitch-v0,2,gas_reachability_soft_calibrated,none,1,85,1,,15,,0.81,,47.91670608520508,1.6240593194961548,2.845422506332397,1.8676470588235292,1.0,68.0,2.3116987665144144,21,0.980573146642017
antmaze-medium-stitch-v0,2,gas_reachability_soft_calibrated,none,2,86,1,,15,,0.6122448979591837,,60.53179550170898,1.7212718725204468,2.462705135345459,3.647058823529412,1.0,17.0,3.736308076794563,17,0.9793410593681372
antmaze-medium-stitch-v0,2,gas_reachability_soft_calibrated,none,3,87,1,,15,,0.8135593220338984,,26.733936309814453,3.5651814937591557,3.5651814937591557,1.7,1.0,40.0,2.5801180980954292,12,1.0
antmaze-medium-stitch-v0,2,gas_reachability_soft_calibrated,none,4,88,1,,20,,0.7303370786516854,,43.16259002685547,2.731682300567627,4.588984489440918,2.358490566037736,1.0,53.0,17.273035689913893,20,0.9607866250535848
antmaze-medium-stitch-v0,2,gas_reachability_soft_calibrated,none,5,89,1,,18,,0.4545454545454545,,47.81269836425781,8.287575721740723,8.287575721740723,7.5,2.0,6.0,1.525762300132421,14,0.9840745592913284
antmaze-medium-stitch-v0,2,gas_reachability_soft_calibrated,none,1,90,1,,15,,0.7160493827160493,,48.84964370727539,1.7455519437789917,2.1754238605499268,2.9047619047619047,1.0,42.0,1.5377507840697073,16,0.9788013465460946
antmaze-medium-stitch-v0,2,gas_reachability_soft_calibrated,none,2,91,1,,15,,0.7457627118644068,,59.78853225708008,4.272530555725098,4.272530555725098,2.3125,1.0,32.0,6.050094386500699,16,0.9844684614268862
antmaze-medium-stitch-v0,2,gas_reachability_soft_calibrated,none,3,92,1,,15,,0.6136363636363636,,25.533973693847656,1.9636238813400269,1.9636238813400269,3.555555555555556,1.0,18.0,3.0531201588998704,17,0.9930295792414238
antmaze-medium-stitch-v0,2,gas_reachability_soft_calibrated,none,4,93,1,,22,,0.4963503649635036,,44.30017852783203,2.228306293487549,3.874424457550049,5.555555555555555,1.0,54.0,4.791904742083659,71,0.9812682240403077
antmaze-medium-stitch-v0,2,gas_reachability_soft_calibrated,none,5,94,1,,15,,0.8487394957983193,,47.6747932434082,2.265577793121338,2.8334298133850098,1.4222222222222225,1.0,90.0,1.503111879353377,24,0.9871639824442274
antmaze-medium-stitch-v0,2,gas_reachability_soft_calibrated,none,1,95,1,,15,,0.75,,49.24326705932617,3.849513053894043,4.1917805671691895,3.033333333333333,1.0,30.0,4.903464981953486,15,0.984937795716767
antmaze-medium-stitch-v0,2,gas_reachability_soft_calibrated,none,2,96,1,,15,,0.6875,,59.68490982055664,1.3567063808441162,1.3567063808441162,3.1578947368421053,1.0,19.0,4.049353206034896,13,0.9715103884490981
antmaze-medium-stitch-v0,2,gas_reachability_soft_calibrated,none,3,97,1,,15,,0.53125,,26.17228507995605,5.902402400970459,6.15831995010376,3.4,1.0,10.0,1.9834737523229315,12,0.9973803031282088
antmaze-medium-stitch-v0,2,gas_reachability_soft_calibrated,none,4,98,0,,15,47,0.2839506172839506,,46.81975555419922,30.78646278381348,34.21858215332031,7.538461538461538,7.0,39.0,4.685363822342308,346,1.0
antmaze-medium-stitch-v0,2,gas_reachability_soft_calibrated,none,5,99,0,,15,49,0.2962962962962963,,49.66343688964844,19.138643264770508,23.11171531677246,5.5,5.0,38.0,3.023685002489084,330,1.0
antmaze-medium-stitch-v0,2,gas_reachability_budget_calibrated,none,1,0,1,,15,,0.7352941176470589,,48.64463424682617,2.71573805809021,2.746729612350464,2.742857142857143,1.0,35.0,5.77309429110359,15,1.0
antmaze-medium-stitch-v0,2,gas_reachability_budget_calibrated,none,2,1,1,,15,,0.6956521739130435,,59.8452262878418,4.0054850578308105,4.369608402252197,3.647058823529412,1.0,17.0,4.5903020436891655,14,1.0
antmaze-medium-stitch-v0,2,gas_reachability_budget_calibrated,none,3,2,1,,15,,0.64,,22.166852951049805,2.017836332321167,2.781982660293579,2.5217391304347827,1.0,23.0,4.521835042285463,15,0.9836364988501154
antmaze-medium-stitch-v0,2,gas_reachability_budget_calibrated,none,4,3,1,,15,,0.6896551724137931,,44.66755294799805,6.144819259643555,6.144819259643555,3.3076923076923075,1.0,26.0,4.677586043468967,15,1.0
antmaze-medium-stitch-v0,2,gas_reachability_budget_calibrated,none,5,4,1,,15,,0.7301587301587301,,49.32672882080078,3.8344626426696777,5.036917686462402,2.2222222222222223,1.0,36.0,2.835945230444013,21,1.0
antmaze-medium-stitch-v0,2,gas_reachability_budget_calibrated,none,1,5,1,,15,,0.8141592920353983,,48.24134063720703,1.3637444972991943,1.6595113277435305,1.9870129870129871,1.0,77.0,1.069854504089645,30,0.9755849855794997
antmaze-medium-stitch-v0,2,gas_reachability_budget_calibrated,none,2,6,1,,15,,0.6590909090909091,,61.2205810546875,6.233366966247559,6.244821071624756,4.357142857142857,1.0,14.0,4.072287408318041,16,1.0
antmaze-medium-stitch-v0,2,gas_reachability_budget_calibrated,none,3,7,1,,15,,0.6666666666666666,,25.06434440612793,2.868067502975464,3.243778944015503,2.4347826086956523,1.0,23.0,1.518156073153936,9,0.9627910212805578
antmaze-medium-stitch-v0,2,gas_reachability_budget_calibrated,none,4,8,1,,15,,0.3870967741935484,,47.42857360839844,4.563345909118652,4.706883907318115,6.307692307692308,1.0,39.0,2.417728225893554,48,1.0
antmaze-medium-stitch-v0,2,gas_reachability_budget_calibrated,none,5,9,1,,21,,0.6666666666666666,,47.7732048034668,4.6551432609558105,4.6551432609558105,3.066666666666667,1.0,15.0,1.9435102757397453,10,0.9630623315048256
antmaze-medium-stitch-v0,2,gas_reachability_budget_calibrated,none,1,10,1,,15,,0.6,,47.67631149291992,5.052651882171631,5.052651882171631,3.954545454545455,1.0,22.0,2.7263903111604244,12,0.9885342103295236
antmaze-medium-stitch-v0,2,gas_reachability_budget_calibrated,none,2,11,1,,15,,0.5135135135135135,,60.73871612548828,8.335200309753418,8.335200309753418,8.833333333333334,2.0,6.0,7.168495268253337,15,1.0
antmaze-medium-stitch-v0,2,gas_reachability_budget_calibrated,none,3,12,1,,15,,0.4556962025316455,,27.372339248657227,4.902934551239014,5.634218215942383,5.518518518518518,1.0,27.0,1.482218742723986,36,0.9954374141520946
antmaze-medium-stitch-v0,2,gas_reachability_budget_calibrated,none,4,13,0,,15,226,0.7305194805194806,,48.93119430541992,1.351285696029663,5.468007564544678,2.473684210526316,1.0,209.0,3.122851299456152,98,1.0
antmaze-medium-stitch-v0,2,gas_reachability_budget_calibrated,none,5,14,1,,15,,0.6666666666666666,,47.875587463378906,6.911076545715332,6.911076545715332,2.7058823529411766,1.0,17.0,1.689977251867504,18,1.0
antmaze-medium-stitch-v0,2,gas_reachability_budget_calibrated,none,1,15,1,,15,,0.7096774193548387,,48.27230453491211,2.4844768047332764,2.4844768047332764,3.2962962962962963,1.0,27.0,7.467311613931685,19,1.0
antmaze-medium-stitch-v0,2,gas_reachability_budget_calibrated,none,2,16,1,,15,,0.6909090909090909,,61.21581268310547,2.9888036251068115,3.17690110206604,3.04,1.0,25.0,5.533151163009296,12,0.9813468530680762
antmaze-medium-stitch-v0,2,gas_reachability_budget_calibrated,none,3,17,1,,15,,0.6086956521739131,,27.57421875,1.6976933479309082,1.6976933479309082,2.85,1.0,20.0,3.762422092173845,9,0.9714663480628566
antmaze-medium-stitch-v0,2,gas_reachability_budget_calibrated,none,4,18,1,,15,,0.5892857142857143,,45.086856842041016,2.1932647228240967,2.1932647228240967,3.784313725490196,1.0,51.0,3.672893530530216,38,0.998937363134612
antmaze-medium-stitch-v0,2,gas_reachability_budget_calibrated,none,5,19,1,,15,,0.7448979591836735,,47.03506088256836,2.093792200088501,2.093792200088501,1.907692307692308,1.0,65.0,3.323752418459524,17,0.9839968255347848
antmaze-medium-stitch-v0,2,gas_reachability_budget_calibrated,none,1,20,1,,15,,0.9064748201438848,,48.15863800048828,1.5061872005462646,1.7287698984146118,1.4636363636363636,1.0,110.0,4.26550854872501,31,0.997327678454013
antmaze-medium-stitch-v0,2,gas_reachability_budget_calibrated,none,2,21,1,,15,,0.7166666666666667,,61.34695816040039,3.999908924102783,5.150830268859863,2.827586206896552,1.0,29.0,2.178746685061091,15,1.0
antmaze-medium-stitch-v0,2,gas_reachability_budget_calibrated,none,3,22,1,,15,,0.6363636363636364,,24.56637382507324,2.4926438331604004,2.4926438331604004,3.142857142857143,1.0,14.0,1.070354984021869,9,0.9677708314917628
antmaze-medium-stitch-v0,2,gas_reachability_budget_calibrated,none,4,23,1,,15,,0.5189873417721519,,47.901363372802734,3.8090686798095694,3.9380195140838623,6.074074074074074,1.0,27.0,1.7313557833640767,27,0.9945698570397868
antmaze-medium-stitch-v0,2,gas_reachability_budget_calibrated,none,5,24,1,,15,,0.4848484848484848,,47.03683471679688,9.722524642944336,9.722524642944336,6.833333333333333,2.0,6.0,1.7727661043218603,12,1.0
antmaze-medium-stitch-v0,2,gas_reachability_budget_calibrated,none,1,25,1,,15,,0.8292682926829268,,48.66403579711914,2.5711727142333984,3.3975093364715576,1.7640449438202248,1.0,89.0,3.129670199234793,28,0.9823524584267601
antmaze-medium-stitch-v0,2,gas_reachability_budget_calibrated,none,2,26,1,,15,,0.6444444444444445,,60.03325653076172,5.387597560882568,5.536362648010254,3.611111111111111,1.0,18.0,1.8041160505368885,10,1.0
antmaze-medium-stitch-v0,2,gas_reachability_budget_calibrated,none,3,27,1,,15,,0.6410256410256411,,26.37512588500977,2.533010482788086,2.533010482788086,2.9411764705882355,1.0,17.0,3.249610104199788,10,0.9907290842865424
antmaze-medium-stitch-v0,2,gas_reachability_budget_calibrated,none,4,28,1,,15,,0.4263565891472868,,46.792579650878906,4.603379726409912,4.810926914215088,7.285714285714286,1.0,42.0,2.4383813114782247,64,0.9968857426949888
antmaze-medium-stitch-v0,2,gas_reachability_budget_calibrated,none,5,29,1,,15,,0.7272727272727273,,47.29564666748047,3.652199268341065,3.652199268341065,2.129032258064516,1.0,31.0,5.00188796997159,13,0.9887435706020647
antmaze-medium-stitch-v0,2,gas_reachability_budget_calibrated,none,1,30,1,,16,,0.5909090909090909,,49.27254486083984,4.262163639068604,4.330173492431641,4.076923076923077,1.0,26.0,4.162509594491626,17,0.9801501152178878
antmaze-medium-stitch-v0,2,gas_reachability_budget_calibrated,none,2,31,1,,15,,0.7272727272727273,,60.879520416259766,2.547788143157959,2.547788143157959,2.3714285714285714,1.0,35.0,3.4069801361694014,13,0.985095584701194
antmaze-medium-stitch-v0,2,gas_reachability_budget_calibrated,none,3,32,1,,15,,0.7307692307692307,,25.330322265625,2.3413655757904053,3.3181710243225098,2.064516129032258,1.0,31.0,2.251312981861305,10,0.9728923530297676
antmaze-medium-stitch-v0,2,gas_reachability_budget_calibrated,none,4,33,1,,15,,0.4565217391304347,,46.828426361083984,6.021542549133301,6.021542549133301,7.206896551724138,1.0,29.0,6.931727603070843,33,1.0
antmaze-medium-stitch-v0,2,gas_reachability_budget_calibrated,none,5,34,1,,15,,0.6585365853658537,,49.08864974975586,7.223830223083496,7.5093159675598145,3.25,1.0,16.0,3.9757483734844334,12,1.0
antmaze-medium-stitch-v0,2,gas_reachability_budget_calibrated,none,1,35,0,,15,4,0.0234375,,49.48836898803711,47.91592025756836,48.767486572265625,17.0,17.0,42.0,1.2298386303010689,923,1.0
antmaze-medium-stitch-v0,2,gas_reachability_budget_calibrated,none,2,36,1,,15,,0.6792452830188679,,61.51271438598633,2.0112290382385254,2.0112290382385254,3.217391304347826,1.0,23.0,3.6985659281798,13,0.9887416177813122
antmaze-medium-stitch-v0,2,gas_reachability_budget_calibrated,none,3,37,1,,15,,0.6222222222222222,,26.88167953491211,1.841968774795532,2.117680311203003,2.8947368421052637,1.0,19.0,2.671498924822791,13,0.9684509737278852
antmaze-medium-stitch-v0,2,gas_reachability_budget_calibrated,none,4,38,1,,15,,0.6111111111111112,,45.76076126098633,3.467638731002808,3.560004949569702,4.631578947368421,1.0,19.0,4.742061966826889,15,0.9845739642352449
antmaze-medium-stitch-v0,2,gas_reachability_budget_calibrated,none,5,39,1,,15,,0.6382978723404256,,48.67777633666992,4.338703155517578,5.3700337409973145,3.1578947368421053,1.0,19.0,2.9153970411274512,13,0.9850724017029961
antmaze-medium-stitch-v0,2,gas_reachability_budget_calibrated,none,1,40,1,,15,,0.7794117647058824,,47.945159912109375,2.76029634475708,3.061701536178589,2.3684210526315788,1.0,38.0,2.71180740279515,17,0.9782697725203142
antmaze-medium-stitch-v0,2,gas_reachability_budget_calibrated,none,2,41,1,,15,,0.6382978723404256,,60.0702018737793,5.552351474761963,5.552351474761963,4.0,1.0,17.0,2.898057851017264,14,0.9978147354725457
antmaze-medium-stitch-v0,2,gas_reachability_budget_calibrated,none,3,42,1,,15,,0.75,,23.863525390625,1.7501457929611206,1.9769970178604128,2.0,1.0,36.0,1.5271360451156852,16,0.9871030540150854
antmaze-medium-stitch-v0,2,gas_reachability_budget_calibrated,none,4,43,1,,15,,0.6119402985074627,,48.992801666259766,3.441096782684326,3.631253242492676,4.037037037037037,1.0,27.0,3.693896644793005,20,0.9939918748585492
antmaze-medium-stitch-v0,2,gas_reachability_budget_calibrated,none,5,44,1,,15,,0.5294117647058824,,50.15531921386719,8.678631782531738,8.678631782531738,7.666666666666667,2.0,6.0,5.020154898874627,15,1.0
antmaze-medium-stitch-v0,2,gas_reachability_budget_calibrated,none,1,45,1,,15,,0.6785714285714286,,47.9338493347168,1.3013694286346436,1.3013694286346436,3.333333333333333,1.0,24.0,2.525525295360692,17,0.9743970302893912
antmaze-medium-stitch-v0,2,gas_reachability_budget_calibrated,none,2,46,1,,15,,0.7313432835820896,,59.992637634277344,1.7766046524047852,1.7766046524047852,2.4166666666666665,1.0,36.0,2.8100396822657108,15,0.9761853967992798
antmaze-medium-stitch-v0,2,gas_reachability_budget_calibrated,none,3,47,1,,15,,0.6071428571428571,,19.290433883666992,1.540286898612976,1.540286898612976,2.96,1.0,25.0,5.07642518407673,16,0.992782543125218
antmaze-medium-stitch-v0,2,gas_reachability_budget_calibrated,none,4,48,0,,15,45,0.2716049382716049,,46.74446487426758,46.74446487426758,52.60741424560547,13.25,13.0,40.0,3.052181183875832,348,1.0
antmaze-medium-stitch-v0,2,gas_reachability_budget_calibrated,none,5,49,1,,15,,0.6825396825396826,,49.18403625488281,5.342686653137207,6.436057090759277,2.5,1.0,30.0,1.9871418995288708,13,0.9939952797124428
antmaze-medium-stitch-v0,2,gas_reachability_budget_calibrated,none,1,50,1,,15,,0.6911764705882353,,49.44477844238281,1.3036508560180664,1.544726014137268,3.21875,1.0,32.0,3.527782070379341,19,0.9941155171920368
antmaze-medium-stitch-v0,2,gas_reachability_budget_calibrated,none,2,51,1,,15,,0.7540983606557377,,60.1751594543457,5.229209899902344,6.180053234100342,2.419354838709677,1.0,31.0,2.754251936552358,16,1.0
antmaze-medium-stitch-v0,2,gas_reachability_budget_calibrated,none,3,52,1,,15,,0.6923076923076923,,25.05471992492676,2.934842824935913,3.001612901687622,2.555555555555556,1.0,18.0,5.531432397211029,11,1.0
antmaze-medium-stitch-v0,2,gas_reachability_budget_calibrated,none,4,53,0,,15,48,0.2865853658536585,,44.40628433227539,44.38994598388672,51.14900588989258,12.025641025641026,11.0,39.0,2.28324360831394,270,1.0
antmaze-medium-stitch-v0,2,gas_reachability_budget_calibrated,none,5,54,1,,15,,0.5581395348837209,,49.37499237060547,6.044673442840576,6.050055027008057,3.928571428571429,1.0,14.0,1.476544436789992,13,1.0
antmaze-medium-stitch-v0,2,gas_reachability_budget_calibrated,none,1,55,1,,15,,0.6883116883116883,,47.97397613525391,2.7840168476104736,4.830350875854492,2.921052631578948,1.0,38.0,4.664561054322076,15,1.0
antmaze-medium-stitch-v0,2,gas_reachability_budget_calibrated,none,2,56,1,,15,,0.6326530612244898,,61.02060317993164,4.400514602661133,4.400514602661133,3.8333333333333335,1.0,18.0,2.149132831930393,12,0.9920418523720816
antmaze-medium-stitch-v0,2,gas_reachability_budget_calibrated,none,3,57,1,,15,,0.7142857142857143,,25.0500545501709,5.9047441482543945,5.982539653778076,2.294117647058824,1.0,17.0,2.2562383115842346,12,1.0
antmaze-medium-stitch-v0,2,gas_reachability_budget_calibrated,none,4,58,1,,15,,0.7012987012987013,,45.88264083862305,2.230263948440552,2.230263948440552,2.682926829268293,1.0,41.0,5.859017678479141,25,0.998243402639626
antmaze-medium-stitch-v0,2,gas_reachability_budget_calibrated,none,5,59,1,,15,,0.5476190476190477,,48.802860260009766,7.679097652435303,7.751149177551269,6.333333333333333,1.0,9.0,2.9836699357496967,17,1.0
antmaze-medium-stitch-v0,2,gas_reachability_budget_calibrated,none,1,60,1,,15,,0.7213114754098361,,48.0009880065918,0.5948682427406311,1.1079317331314087,2.896551724137931,1.0,29.0,3.741971609199516,16,0.99356875093295
antmaze-medium-stitch-v0,2,gas_reachability_budget_calibrated,none,2,61,1,,15,,0.7115384615384616,,60.26303482055664,3.400434255599976,4.394820213317871,2.875,1.0,24.0,2.6576480396706703,14,1.0
antmaze-medium-stitch-v0,2,gas_reachability_budget_calibrated,none,3,62,1,,15,,0.5952380952380952,,24.056272506713867,3.0264806747436523,3.0264806747436523,2.9444444444444446,1.0,18.0,2.5909039180196087,10,0.972714240279645
antmaze-medium-stitch-v0,2,gas_reachability_budget_calibrated,none,4,63,0,,15,26,0.176056338028169,,45.785762786865234,18.858104705810547,22.121299743652344,5.82051282051282,4.0,39.0,2.8342875114513464,690,1.0
antmaze-medium-stitch-v0,2,gas_reachability_budget_calibrated,none,5,64,1,,15,,0.6727272727272727,,47.21638870239258,5.38232421875,5.38232421875,2.6296296296296298,1.0,27.0,1.5543920152262054,14,0.9991495369517204
antmaze-medium-stitch-v0,2,gas_reachability_budget_calibrated,none,1,65,1,,15,,0.7083333333333334,,48.12019729614258,2.175227642059326,2.175227642059326,2.9722222222222223,1.0,36.0,7.64628886484361,18,1.0
antmaze-medium-stitch-v0,2,gas_reachability_budget_calibrated,none,2,66,1,,15,,0.7037037037037037,,60.93570327758789,3.411712169647217,3.584310531616211,2.769230769230769,1.0,26.0,2.598617815467699,11,0.995804397315914
antmaze-medium-stitch-v0,2,gas_reachability_budget_calibrated,none,3,67,1,,15,,0.7368421052631579,,24.865949630737305,2.238328695297241,2.2623307704925537,2.1052631578947367,1.0,19.0,3.311871285059792,8,0.9640130170603552
antmaze-medium-stitch-v0,2,gas_reachability_budget_calibrated,none,4,68,0,,15,45,0.275,,46.79435348510742,46.79435348510742,52.177764892578125,12.41025641025641,13.0,39.0,3.621388351914383,180,1.0
antmaze-medium-stitch-v0,2,gas_reachability_budget_calibrated,none,5,69,1,,15,,0.55,,47.36407470703125,7.712934494018555,8.85075569152832,4.090909090909091,1.0,11.0,2.0810676166298148,18,1.0
antmaze-medium-stitch-v0,2,gas_reachability_budget_calibrated,none,1,70,1,,15,,0.759493670886076,,47.98805618286133,1.8970707654953003,2.73688006401062,2.3777777777777778,1.0,45.0,1.4500749606041237,16,0.9798281293158796
antmaze-medium-stitch-v0,2,gas_reachability_budget_calibrated,none,2,71,1,,15,,0.6538461538461539,,60.80885696411133,4.430830955505371,5.868903160095215,3.3181818181818183,1.0,22.0,3.1548766395579038,14,0.9935363261470578
antmaze-medium-stitch-v0,2,gas_reachability_budget_calibrated,none,3,72,1,,15,,0.6666666666666666,,24.15549659729004,3.711513996124268,3.711513996124268,2.764705882352941,1.0,17.0,3.119967264925908,10,0.979789908191609
antmaze-medium-stitch-v0,2,gas_reachability_budget_calibrated,none,4,73,1,,15,,0.7849462365591398,,45.54054641723633,1.8417826890945437,2.2877893447875977,2.1,1.0,60.0,11.389195545905842,16,0.983037973509756
antmaze-medium-stitch-v0,2,gas_reachability_budget_calibrated,none,5,74,1,,15,,0.64,,48.47731399536133,6.934043884277344,7.86867094039917,3.142857142857143,1.0,21.0,1.3006737591186117,11,1.0
antmaze-medium-stitch-v0,2,gas_reachability_budget_calibrated,none,1,75,1,,15,,0.6493506493506493,,48.70444488525391,1.3223775625228882,2.0929648876190186,2.805555555555556,1.0,36.0,5.093209037715414,22,1.0
antmaze-medium-stitch-v0,2,gas_reachability_budget_calibrated,none,2,76,1,,15,,0.6545454545454545,,61.16130065917969,1.0985106229782104,2.6917519569396973,3.4347826086956523,1.0,23.0,2.823506094959658,14,0.9846091984325158
antmaze-medium-stitch-v0,2,gas_reachability_budget_calibrated,none,3,77,1,,15,,0.7142857142857143,,26.00403594970703,4.724236965179443,5.471829414367676,2.238095238095238,1.0,21.0,3.902153402959803,11,1.0
antmaze-medium-stitch-v0,2,gas_reachability_budget_calibrated,none,4,78,1,,15,,0.6,,46.29094314575195,3.1694374084472656,3.2211008071899414,4.291666666666667,1.0,24.0,3.6928856826710055,20,1.0
antmaze-medium-stitch-v0,2,gas_reachability_budget_calibrated,none,5,79,1,,15,,0.5142857142857142,,47.80514526367188,6.397336959838867,6.397336959838867,5.625,1.0,8.0,2.854951210802901,12,1.0
antmaze-medium-stitch-v0,2,gas_reachability_budget_calibrated,none,1,80,1,,15,,0.8661971830985915,,48.15662384033203,2.1082005500793457,2.4369120597839355,1.5871559633027523,1.0,109.0,1.6622590679823783,21,0.978275057139981
antmaze-medium-stitch-v0,2,gas_reachability_budget_calibrated,none,2,81,1,,15,,0.6181818181818182,,60.747554779052734,4.178746700286865,4.178746700286865,3.857142857142857,1.0,21.0,4.702060063136717,16,0.9892327751240809
antmaze-medium-stitch-v0,2,gas_reachability_budget_calibrated,none,3,82,1,,15,,0.7027027027027027,,23.919477462768555,2.382072687149048,2.4951016902923584,2.5,1.0,18.0,2.434535488409881,10,0.9525621771803358
antmaze-medium-stitch-v0,2,gas_reachability_budget_calibrated,none,4,83,0,,15,45,0.2838709677419355,,46.95429992675781,24.44392967224121,24.44392967224121,12.16216216216216,6.0,37.0,4.4005384678694055,80,1.0
antmaze-medium-stitch-v0,2,gas_reachability_budget_calibrated,none,5,84,1,,15,,0.6666666666666666,,48.49474334716797,5.224044322967529,8.948482513427734,2.607142857142857,1.0,28.0,3.4429807669884207,19,1.0
antmaze-medium-stitch-v0,2,gas_reachability_budget_calibrated,none,1,85,0,,15,751,0.9715025906735753,,47.76590347290039,1.7807906866073608,7.951899528503418,1.0841248303934872,1.0,737.0,2.3813668591154333,664,1.0
antmaze-medium-stitch-v0,2,gas_reachability_budget_calibrated,none,2,86,1,,15,,0.6222222222222222,,60.608863830566406,4.768704414367676,5.226011276245117,3.882352941176471,1.0,17.0,3.736308076794563,15,0.9914619595223354
antmaze-medium-stitch-v0,2,gas_reachability_budget_calibrated,none,3,87,1,,15,,0.7708333333333334,,26.4106559753418,3.385906934738159,3.649632215499878,1.9655172413793105,1.0,29.0,2.5801180980954292,7,1.0
antmaze-medium-stitch-v0,2,gas_reachability_budget_calibrated,none,4,88,0,,15,45,0.2732919254658385,,43.01503753662109,43.00361633300781,49.00952911376953,10.23076923076923,10.0,39.0,2.940170231740706,355,1.0
antmaze-medium-stitch-v0,2,gas_reachability_budget_calibrated,none,5,89,1,,15,,0.5,,48.595970153808594,7.897348880767822,8.51721477508545,6.333333333333333,1.0,6.0,3.623474232840736,18,1.0
antmaze-medium-stitch-v0,2,gas_reachability_budget_calibrated,none,1,90,1,,15,,0.6666666666666666,,49.08039474487305,3.471719741821289,4.271737098693848,3.419354838709677,1.0,31.0,1.5377507840697073,16,0.9867476948931069
antmaze-medium-stitch-v0,2,gas_reachability_budget_calibrated,none,2,91,0,,15,51,0.3012048192771084,,59.504154205322266,34.05523681640625,36.01266098022461,6.589743589743589,6.0,39.0,6.326313683929524,346,1.0
antmaze-medium-stitch-v0,2,gas_reachability_budget_calibrated,none,3,92,1,,15,,0.6896551724137931,,25.632455825805664,1.4649327993392944,1.4649327993392944,2.3225806451612905,1.0,31.0,3.0531201588998704,18,0.9903314912108002
antmaze-medium-stitch-v0,2,gas_reachability_budget_calibrated,none,4,93,1,,15,,0.8279569892473119,,44.08441162109375,1.3967511653900146,1.3967511653900146,1.8571428571428568,1.0,63.0,2.499735697486867,22,0.9929128680884161
antmaze-medium-stitch-v0,2,gas_reachability_budget_calibrated,none,5,94,1,,15,,0.6585365853658537,,47.4864616394043,3.9090442657470703,3.9090442657470703,3.1333333333333333,1.0,15.0,1.6220239420568452,8,0.991548314401852
antmaze-medium-stitch-v0,2,gas_reachability_budget_calibrated,none,1,95,1,,15,,0.839622641509434,,49.11063003540039,1.8169785737991333,5.075664043426514,1.76,1.0,75.0,4.903464981953486,20,0.9898303951027029
antmaze-medium-stitch-v0,2,gas_reachability_budget_calibrated,none,2,96,1,,15,,0.7571428571428571,,60.02862548828125,3.434109687805176,4.020573616027832,2.15,1.0,40.0,3.774623283950368,15,0.999915637289622
antmaze-medium-stitch-v0,2,gas_reachability_budget_calibrated,none,3,97,1,,15,,0.723404255319149,,27.10073471069336,3.882312059402466,3.882312059402466,1.8888888888888888,1.0,27.0,1.9834737523229315,11,0.9794680108465129
antmaze-medium-stitch-v0,2,gas_reachability_budget_calibrated,none,4,98,0,,15,47,0.2839506172839506,,46.86212921142578,30.940645217895508,33.58708953857422,7.512820512820513,7.0,39.0,4.685363822342308,342,1.0
antmaze-medium-stitch-v0,2,gas_reachability_budget_calibrated,none,5,99,0,,15,49,0.2962962962962963,,49.887969970703125,19.012657165527344,22.800933837890625,4.7368421052631575,4.0,38.0,3.023685002489084,330,1.0
antmaze-medium-stitch-v0,1,gas_shortest,none,1,0,1,,23,,0.6363636363636364,,48.13653945922852,3.362633228302002,3.585169553756714,3.4782608695652173,1.0,23.0,1.3480980652822918,13,0.9756689951081804
antmaze-medium-stitch-v0,1,gas_shortest,none,2,1,1,,15,,0.6666666666666666,,61.24955749511719,1.7574198246002195,2.122060537338257,3.5789473684210527,1.0,19.0,2.396175687954456,15,0.989347800891457
antmaze-medium-stitch-v0,1,gas_shortest,none,3,2,1,,15,,0.6666666666666666,,26.524564743041992,1.4371287822723389,1.4371287822723389,2.5294117647058822,1.0,17.0,2.148823383788118,10,0.9499658729099285
antmaze-medium-stitch-v0,1,gas_shortest,none,4,3,1,,16,,0.4712643678160919,,46.47395706176758,2.51173734664917,3.1942131519317627,5.645161290322581,1.0,31.0,4.4500294603797,37,0.9778926840365373
antmaze-medium-stitch-v0,1,gas_shortest,none,5,4,1,,15,,0.7551020408163265,,47.45481872558594,6.434366226196289,7.988064765930176,1.962962962962963,1.0,27.0,1.2136098730780338,17,0.9881531745286428
antmaze-medium-stitch-v0,1,gas_shortest,none,1,5,1,,22,,0.6515151515151515,,48.4805793762207,1.2038986682891846,1.2038986682891846,2.870967741935484,1.0,31.0,0.7018357174919594,13,0.9648299154510801
antmaze-medium-stitch-v0,1,gas_shortest,none,2,6,1,,15,,0.7301587301587301,,60.78727722167969,4.3438873291015625,4.947194576263428,2.575757575757576,1.0,33.0,7.41551160235195,15,0.9924150287088174
antmaze-medium-stitch-v0,1,gas_shortest,none,3,7,1,,15,,0.7058823529411765,,25.755327224731445,1.98567807674408,1.98567807674408,2.3125,1.0,16.0,3.1120650851159604,9,0.9673609587790404
antmaze-medium-stitch-v0,1,gas_shortest,none,4,8,0,,33,39,0.2420382165605095,,44.54076766967773,44.54076766967773,52.30828475952149,12.6,13.0,40.0,3.4553782734395657,282,0.9901884046502488
antmaze-medium-stitch-v0,1,gas_shortest,none,5,9,1,,15,,0.4871794871794871,,48.53719711303711,7.84894323348999,8.71285629272461,5.777777777777778,1.0,9.0,2.4204913452633936,14,0.9917786332138058
antmaze-medium-stitch-v0,1,gas_shortest,none,1,10,1,,15,,0.7023809523809523,,48.38396072387695,2.549628973007202,2.549628973007202,2.6595744680851063,1.0,47.0,1.8096425952114217,20,0.9741188939968789
antmaze-medium-stitch-v0,1,gas_shortest,none,2,11,1,,15,,0.6730769230769231,,60.31566619873047,2.570259094238281,2.570259094238281,3.0434782608695654,1.0,23.0,2.489435752547556,14,0.981301773146276
antmaze-medium-stitch-v0,1,gas_shortest,none,3,12,1,,15,,0.7333333333333333,,20.340877532958984,1.977966070175171,2.2179834842681885,2.2285714285714286,1.0,35.0,2.647159150686291,17,0.9915663160752377
antmaze-medium-stitch-v0,1,gas_shortest,none,4,13,1,,31,,0.5454545454545454,,46.23592376708984,3.98399806022644,3.98399806022644,5.2,1.0,25.0,4.996357991938563,19,0.959758468992514
antmaze-medium-stitch-v0,1,gas_shortest,none,5,14,1,,21,,0.7536231884057971,,50.74642562866211,1.8857338428497317,3.1527373790740967,1.9761904761904765,1.0,42.0,1.9530652758507425,14,0.9584457805862144
antmaze-medium-stitch-v0,1,gas_shortest,none,1,15,1,,15,,0.6631578947368421,,48.16423416137695,1.1795915365219116,1.8560857772827148,2.740740740740741,1.0,54.0,2.2910605667802795,29,0.9763806605929453
antmaze-medium-stitch-v0,1,gas_shortest,none,2,16,1,,15,,0.6,,60.63037490844727,5.353286743164063,5.353286743164063,4.294117647058823,1.0,17.0,1.7738837890855346,17,0.996604279040273
antmaze-medium-stitch-v0,1,gas_shortest,none,3,17,0,,15,62,0.3465909090909091,,24.8542423248291,21.50183868408203,23.467117309570312,6.641025641025641,7.0,39.0,2.8326297552967974,189,1.0
antmaze-medium-stitch-v0,1,gas_shortest,none,4,18,1,,35,,0.5918367346938775,,45.318546295166016,2.3348138332366943,2.660909652709961,3.782051282051282,1.0,78.0,1.8417157851537322,47,0.9701531354137525
antmaze-medium-stitch-v0,1,gas_shortest,none,5,19,1,,15,,0.631578947368421,,48.02138900756836,2.858236312866211,4.081313610076904,2.6153846153846154,1.0,26.0,1.734774801797206,15,0.9886491927166576
antmaze-medium-stitch-v0,1,gas_shortest,none,1,20,1,,15,,0.7090909090909091,,47.81369018554688,1.2907460927963257,1.5037822723388672,2.96,1.0,25.0,4.68925916645535,13,0.9649802424863604
antmaze-medium-stitch-v0,1,gas_shortest,none,2,21,1,,15,,0.5555555555555556,,60.26616287231445,6.800151824951172,7.041207790374756,5.076923076923077,1.0,13.0,2.490470787193897,17,1.0
antmaze-medium-stitch-v0,1,gas_shortest,none,3,22,1,,15,,0.5490196078431373,,27.1138858795166,2.296731948852539,2.296731948852539,3.1904761904761907,1.0,21.0,4.556093069489343,16,0.9826079201203548
antmaze-medium-stitch-v0,1,gas_shortest,none,4,23,0,,15,40,0.2484076433121019,,46.67462921142578,46.66617965698242,51.370697021484375,10.775,10.0,40.0,1.2440634123197678,297,1.0
antmaze-medium-stitch-v0,1,gas_shortest,none,5,24,1,,15,,0.4166666666666667,,49.31871795654297,9.803499221801758,10.1206636428833,7.428571428571429,2.0,7.0,1.6902930326093317,23,1.0
antmaze-medium-stitch-v0,1,gas_shortest,none,1,25,1,,24,,0.671875,,48.05032730102539,1.1505475044250488,1.3387014865875244,3.1379310344827585,1.0,29.0,2.006274002744791,15,0.9649526051636362
antmaze-medium-stitch-v0,1,gas_shortest,none,2,26,1,,15,,0.5555555555555556,,60.72404098510742,4.802876949310303,5.63163948059082,5.071428571428571,1.0,14.0,2.021283299358343,14,0.991704437022085
antmaze-medium-stitch-v0,1,gas_shortest,none,3,27,1,,15,,0.6486486486486487,,27.903465270996094,1.7829138040542605,1.7829138040542605,2.717948717948718,1.0,39.0,7.202817450075646,31,0.9948153587053368
antmaze-medium-stitch-v0,1,gas_shortest,none,4,28,1,,15,,0.5764705882352941,,48.12878036499024,3.255945205688477,5.114121437072754,3.638297872340425,1.0,94.0,1.9619400582314106,67,0.9869690492316808
antmaze-medium-stitch-v0,1,gas_shortest,none,5,29,1,,15,,0.5161290322580645,,48.76911926269531,7.267428874969482,7.267428874969482,6.333333333333333,1.0,6.0,2.4425675294435107,16,1.0
antmaze-medium-stitch-v0,1,gas_shortest,none,1,30,1,,15,,0.8956043956043956,,48.89506530761719,1.0139188766479492,3.1576881408691406,1.44,1.0,150.0,2.266076563756495,44,0.9816179191211544
antmaze-medium-stitch-v0,1,gas_shortest,none,2,31,1,,15,,0.7714285714285715,,60.41728973388672,1.466267466545105,1.5171440839767456,2.024390243902439,1.0,41.0,1.5443649706008835,11,0.9720719883487802
antmaze-medium-stitch-v0,1,gas_shortest,none,3,32,1,,15,,0.6851851851851852,,25.37332344055176,1.974842429161072,2.260711193084717,2.607142857142857,1.0,28.0,3.678485007483689,20,0.963193985129152
antmaze-medium-stitch-v0,1,gas_shortest,none,4,33,1,,35,,0.8734939759036144,,44.26322937011719,0.9618663191795348,3.370222330093384,1.488888888888889,1.0,135.0,3.8682094100582827,38,0.9440673112415388
antmaze-medium-stitch-v0,1,gas_shortest,none,5,34,1,,15,,0.7123287671232876,,48.80073165893555,3.2551615238189697,3.3970022201538086,1.880952380952381,1.0,42.0,3.8730874723962874,16,0.9697436482823798
antmaze-medium-stitch-v0,1,gas_shortest,none,1,35,1,,15,,0.6739130434782609,,48.85653305053711,1.882847547531128,1.882847547531128,2.56,1.0,50.0,1.5163824477396857,18,0.9769736148165589
antmaze-medium-stitch-v0,1,gas_shortest,none,2,36,1,,15,,0.6818181818181818,,59.753326416015625,5.483543395996094,5.483543395996094,3.5294117647058822,1.0,17.0,3.2349589135245598,12,0.9858679647773808
antmaze-medium-stitch-v0,1,gas_shortest,none,3,37,0,,15,43,0.2592592592592592,,22.12593460083008,21.258319854736328,28.324317932128903,9.025,9.0,40.0,3.702475830581802,367,1.0
antmaze-medium-stitch-v0,1,gas_shortest,none,4,38,1,,27,,0.4848484848484848,,45.89460372924805,1.2555004358291626,1.2555004358291626,5.576923076923077,1.0,26.0,1.3997837496479744,24,0.9472675987592541
antmaze-medium-stitch-v0,1,gas_shortest,none,5,39,1,,15,,0.5365853658536586,,48.003021240234375,6.968638896942139,8.178600311279297,4.428571428571429,1.0,14.0,6.6935472604066,18,0.9964958817917733
antmaze-medium-stitch-v0,1,gas_shortest,none,1,40,1,,15,,0.6557377049180327,,48.45319747924805,2.405481100082397,2.852299928665161,3.3703703703703702,1.0,27.0,7.382259335750918,14,0.9727757048673242
antmaze-medium-stitch-v0,1,gas_shortest,none,2,41,1,,15,,0.66,,61.38336563110352,2.4175355434417725,2.4175355434417725,3.3,1.0,20.0,2.4667975425105384,13,0.9752855298677297
antmaze-medium-stitch-v0,1,gas_shortest,none,3,42,0,,15,43,0.2608695652173913,,26.387807846069336,25.3348445892334,28.3222770690918,10.0,10.0,40.0,0.7514502438460783,384,1.0
antmaze-medium-stitch-v0,1,gas_shortest,none,4,43,0,,16,42,0.2594936708860759,,47.68204879760742,47.68204879760742,52.206729888916016,12.051282051282053,12.0,39.0,1.4830210521062308,226,1.0
antmaze-medium-stitch-v0,1,gas_shortest,none,5,44,1,,15,,0.6326530612244898,,50.52676010131836,1.5341867208480835,2.380932331085205,3.0,1.0,18.0,1.8327824927348215,17,0.9798352242869228
antmaze-medium-stitch-v0,1,gas_shortest,none,1,45,1,,15,,0.7733333333333333,,49.30426025390625,0.547272801399231,0.547272801399231,2.25,1.0,44.0,5.394579076397598,15,0.9707686327851456
antmaze-medium-stitch-v0,1,gas_shortest,none,2,46,1,,15,,0.7297297297297297,,61.01328659057617,2.5703814029693604,2.5703814029693604,2.357142857142857,1.0,42.0,1.4881044190126762,15,0.9800572987628792
antmaze-medium-stitch-v0,1,gas_shortest,none,3,47,1,,15,,0.6857142857142857,,26.528409957885746,3.97372317314148,3.97372317314148,2.5625,1.0,16.0,1.6664346017048584,8,0.9775977577578548
antmaze-medium-stitch-v0,1,gas_shortest,none,4,48,0,,28,48,0.2901234567901234,,44.03813552856445,15.286253929138184,19.662553787231445,4.102564102564102,3.0,39.0,2.9275808835706627,305,0.9990568702302346
antmaze-medium-stitch-v0,1,gas_shortest,none,5,49,1,,15,,0.8529411764705882,,49.50689315795898,3.3921449184417725,5.058122634887695,1.5,1.0,48.0,1.3666185585789976,10,0.9713275703441862
antmaze-medium-stitch-v0,1,gas_shortest,none,1,50,1,,15,,0.782608695652174,,49.01905059814453,2.557643413543701,2.557643413543701,1.9666666666666663,1.0,60.0,3.3718608013634253,20,0.9720490839637268
antmaze-medium-stitch-v0,1,gas_shortest,none,2,51,1,,15,,0.7424242424242424,,59.55758666992188,2.2242391109466557,2.429486036300659,2.3513513513513518,1.0,37.0,3.80364416334988,14,0.9822139729934224
antmaze-medium-stitch-v0,1,gas_shortest,none,3,52,1,,15,,0.6111111111111112,,26.247648239135746,3.2166121006011963,3.2166121006011963,3.071428571428572,1.0,14.0,1.4313998737296438,12,0.9887611439803335
antmaze-medium-stitch-v0,1,gas_shortest,none,4,53,0,,21,38,0.2418300653594771,,46.68748474121094,46.67939376831055,52.56193161010742,12.717948717948715,13.0,39.0,1.4980486918674478,277,0.9883408574421674
antmaze-medium-stitch-v0,1,gas_shortest,none,5,54,1,,15,,0.4545454545454545,,48.042510986328125,8.946115493774414,8.992175102233887,6.5,2.0,6.0,1.6148971375896757,13,0.9976249673957925
antmaze-medium-stitch-v0,1,gas_shortest,none,1,55,1,,15,,0.7808219178082192,,49.32646560668945,2.257200241088867,2.5882773399353027,2.111111111111111,1.0,45.0,2.4132343369784723,16,0.9708744047954182
antmaze-medium-stitch-v0,1,gas_shortest,none,2,56,1,,15,,0.6304347826086957,,60.63274765014648,4.255568504333496,4.255568504333496,4.0625,1.0,16.0,3.489044777497446,13,0.9966207162521342
antmaze-medium-stitch-v0,1,gas_shortest,none,3,57,1,,15,,0.6486486486486487,,26.43021583557129,3.0194251537323,3.0194251537323,2.647058823529412,1.0,17.0,0.7899143652398506,11,0.962788328166323
antmaze-medium-stitch-v0,1,gas_shortest,none,4,58,0,,17,1,0.0,,47.68326950073242,46.74580001831055,49.3454704284668,14.0,14.0,42.0,0.23579624575433128,896,0.9541474131461508
antmaze-medium-stitch-v0,1,gas_shortest,none,5,59,1,,15,,0.6724137931034483,,48.83694839477539,3.1824734210968018,3.1824734210968018,2.2758620689655173,1.0,29.0,3.3455095279121374,17,0.9702828812432853
antmaze-medium-stitch-v0,1,gas_shortest,none,1,60,1,,17,,0.8125,,48.92610549926758,2.92067813873291,3.1786253452301025,1.7468354430379749,1.0,79.0,2.805532954662737,23,0.9748251630188898
antmaze-medium-stitch-v0,1,gas_shortest,none,2,61,1,,15,,0.7,,61.31126022338867,1.0114707946777344,1.2391722202301023,3.0,1.0,27.0,2.433506213975885,14,0.9809467965590526
antmaze-medium-stitch-v0,1,gas_shortest,none,3,62,1,,15,,0.7872340425531915,,26.79984664916992,1.5104329586029053,2.7132036685943604,1.9259259259259256,1.0,27.0,2.5575872434908784,8,1.0
antmaze-medium-stitch-v0,1,gas_shortest,none,4,63,0,,34,33,0.2147651006711409,,45.35100555419922,45.35100555419922,52.112586975097656,12.05,13.0,40.0,1.3020139101261254,103,0.9846934501436114
antmaze-medium-stitch-v0,1,gas_shortest,none,5,64,1,,15,,0.5121951219512195,,48.10676193237305,7.472163677215576,7.472163677215576,5.3,1.0,10.0,2.5969451364856733,15,0.998403185761857
antmaze-medium-stitch-v0,1,gas_shortest,none,1,65,1,,15,,0.7142857142857143,,48.80283737182617,0.8226494193077087,0.8226494193077087,2.046153846153846,1.0,65.0,3.7516490900606634,32,0.9736981606664677
antmaze-medium-stitch-v0,1,gas_shortest,none,2,66,1,,15,,0.7090909090909091,,61.427764892578125,1.5075236558914185,2.102588653564453,2.703703703703704,1.0,27.0,2.481536528680132,12,0.9715540423437512
antmaze-medium-stitch-v0,1,gas_shortest,none,3,67,1,,15,,0.7241379310344828,,23.220497131347656,4.268209457397461,4.268209457397461,2.2857142857142856,1.0,14.0,1.3834380296234017,5,0.966306138520276
antmaze-medium-stitch-v0,1,gas_shortest,none,4,68,1,,30,,0.6767676767676768,,45.118106842041016,1.8372621536254885,1.8372621536254885,2.789473684210526,1.0,57.0,1.3307384325515674,20,0.9480594616351153
antmaze-medium-stitch-v0,1,gas_shortest,none,5,69,1,,15,,0.5555555555555556,,48.62261962890625,3.968344449996948,4.605856895446777,3.6666666666666665,1.0,15.0,2.3078587891813958,12,0.9883975134807026
antmaze-medium-stitch-v0,1,gas_shortest,none,1,70,1,,15,,0.6142857142857143,,47.703914642333984,2.1543283462524414,2.8455584049224854,2.787878787878788,1.0,33.0,2.0234525605656537,19,0.9751776146891432
antmaze-medium-stitch-v0,1,gas_shortest,none,2,71,1,,15,,0.7241379310344828,,61.16645812988281,2.6260740756988525,3.3744935989379883,2.6,1.0,30.0,2.561341531615945,14,0.9841930026315704
antmaze-medium-stitch-v0,1,gas_shortest,none,3,72,1,,15,,0.6744186046511628,,24.714326858520508,1.5709617137908936,1.6573805809020996,2.75,1.0,20.0,2.2703326308542526,10,0.98971617324858
antmaze-medium-stitch-v0,1,gas_shortest,none,4,73,1,,29,,0.58,,44.22218704223633,2.812361717224121,3.430591583251953,4.368421052631579,1.0,19.0,4.0937873309998,12,0.9404805677641946
antmaze-medium-stitch-v0,1,gas_shortest,none,5,74,1,,15,,0.8695652173913043,,47.7056999206543,2.068913698196411,2.5104622840881348,1.3406593406593406,1.0,91.0,2.250341768678697,31,0.9624646837736357
antmaze-medium-stitch-v0,1,gas_shortest,none,1,75,1,,15,,0.6666666666666666,,47.808135986328125,1.2645188570022583,2.083946466445923,3.388888888888889,1.0,18.0,3.37361888772318,14,0.9722152688731192
antmaze-medium-stitch-v0,1,gas_shortest,none,2,76,1,,15,,0.7213114754098361,,61.07146072387695,4.1888508796691895,4.1888508796691895,2.333333333333333,1.0,30.0,3.769614595348978,17,0.996329237008096
antmaze-medium-stitch-v0,1,gas_shortest,none,3,77,0,,15,43,0.2592592592592592,,19.0776309967041,18.768001556396484,25.38350296020508,8.975,9.0,40.0,1.5821505054183649,363,1.0
antmaze-medium-stitch-v0,1,gas_shortest,none,4,78,0,,28,42,0.2578616352201258,,46.1658821105957,46.1658821105957,52.357154846191406,12.875,13.0,40.0,2.538194892514216,270,0.9932366738768328
antmaze-medium-stitch-v0,1,gas_shortest,none,5,79,1,,15,,0.6666666666666666,,49.101863861083984,4.8999552726745605,5.121887683868408,2.8666666666666667,1.0,15.0,1.4755876572147484,11,0.9984621175471198
antmaze-medium-stitch-v0,1,gas_shortest,none,1,80,1,,15,,0.8245614035087719,,48.59295272827149,1.6639914512634275,2.248715877532959,1.670731707317073,1.0,82.0,1.1115172812806353,23,0.9689259628289278
antmaze-medium-stitch-v0,1,gas_shortest,none,2,81,1,,15,,0.6415094339622641,,60.6366081237793,2.480796337127685,2.480796337127685,3.380952380952381,1.0,21.0,3.4396461553825697,15,0.9826228684607881
antmaze-medium-stitch-v0,1,gas_shortest,none,3,82,1,,15,,0.7105263157894737,,21.983623504638672,2.0858964920043945,2.499298572540283,2.3684210526315788,1.0,19.0,2.747908253596234,10,0.9618403787479033
antmaze-medium-stitch-v0,1,gas_shortest,none,4,83,1,,25,,0.5135135135135135,,44.63443756103516,4.905521869659424,5.067422866821289,5.0,1.0,28.0,4.215584958665931,26,0.9629541070542669
antmaze-medium-stitch-v0,1,gas_shortest,none,5,84,1,,15,,0.4705882352941176,,49.021751403808594,7.872461318969727,7.872461318969727,7.166666666666667,2.0,6.0,3.0750104473331583,11,1.0
antmaze-medium-stitch-v0,1,gas_shortest,none,1,85,1,,15,,0.5473684210526316,,48.80384063720703,2.586216926574707,5.425827980041504,3.625,1.0,40.0,2.44317596234182,27,0.9896552393177688
antmaze-medium-stitch-v0,1,gas_shortest,none,2,86,1,,15,,0.7974683544303798,,61.833961486816406,1.1397809982299805,1.9616503715515137,1.9791666666666667,1.0,48.0,4.365660366568884,18,0.9969058325111698
antmaze-medium-stitch-v0,1,gas_shortest,none,3,87,1,,15,,0.6341463414634146,,22.447389602661133,2.762410879135132,2.762410879135132,3.117647058823529,1.0,17.0,3.2727079236985435,10,1.0
antmaze-medium-stitch-v0,1,gas_shortest,none,4,88,1,,20,,0.3357142857142857,,47.347469329833984,3.5833802223205566,3.5833802223205566,8.355555555555556,1.0,45.0,1.37681995516488,64,0.984671765462993
antmaze-medium-stitch-v0,1,gas_shortest,none,5,89,1,,15,,0.7037037037037037,,46.36788177490234,5.218055248260498,5.218055248260498,2.071428571428572,1.0,28.0,0.759937695769992,12,0.965364363747212
antmaze-medium-stitch-v0,1,gas_shortest,none,1,90,1,,15,,0.6785714285714286,,47.631622314453125,1.2236438989639282,1.3254718780517578,2.9615384615384617,1.0,26.0,3.394320776360676,14,0.9645598049852084
antmaze-medium-stitch-v0,1,gas_shortest,none,2,91,1,,15,,0.6530612244897959,,60.66606903076172,5.943506240844727,6.822192192077637,3.526315789473684,1.0,19.0,1.587823569178321,11,1.0
antmaze-medium-stitch-v0,1,gas_shortest,none,3,92,1,,15,,0.75,,22.97445297241211,2.4673917293548584,2.4673917293548584,1.9393939393939397,1.0,33.0,1.9199921477054935,9,0.9984154687837413
antmaze-medium-stitch-v0,1,gas_shortest,none,4,93,1,,31,,0.5555555555555556,,46.90011215209961,5.311275959014893,5.311275959014893,4.516129032258065,1.0,31.0,3.1066078377122603,22,0.9689203118040788
antmaze-medium-stitch-v0,1,gas_shortest,none,5,94,1,,15,,0.4333333333333333,,46.80212020874024,9.562732696533203,9.614295959472656,6.333333333333333,2.0,6.0,1.4937688936179208,12,0.9930570209045869
antmaze-medium-stitch-v0,1,gas_shortest,none,1,95,1,,15,,0.6612903225806451,,48.696380615234375,5.082334995269775,5.483590602874756,3.0,1.0,28.0,1.5222601996658869,17,0.9902911662630993
antmaze-medium-stitch-v0,1,gas_shortest,none,2,96,1,,15,,0.7808219178082192,,60.64161682128906,1.267178654670715,1.267178654670715,2.13953488372093,1.0,43.0,1.037840613356077,16,0.9806869659704532
antmaze-medium-stitch-v0,1,gas_shortest,none,3,97,1,,15,,0.625,,24.461782455444336,4.058716297149658,4.058716297149658,3.125,1.0,16.0,1.8765415757082875,12,0.9987228847746694
antmaze-medium-stitch-v0,1,gas_shortest,none,4,98,1,,21,,0.6065573770491803,,46.89344787597656,1.562445044517517,2.178217649459839,3.6666666666666665,1.0,24.0,3.1646590303481608,17,0.955768201948242
antmaze-medium-stitch-v0,1,gas_shortest,none,5,99,1,,15,,0.5172413793103449,,48.849586486816406,7.394654273986816,7.394654273986816,6.833333333333333,1.0,6.0,0.7479693242553425,12,0.9865092329376444
antmaze-medium-stitch-v0,1,gas_reachability_soft_calibrated,none,1,0,1,,23,,0.7610619469026548,,48.07828521728516,2.8997297286987305,3.2889211177825928,2.0869565217391304,1.0,69.0,2.488579426767338,26,0.9801780083358864
antmaze-medium-stitch-v0,1,gas_reachability_soft_calibrated,none,2,1,1,,15,,0.6538461538461539,,61.18587875366211,4.328411102294922,5.5680766105651855,3.45,1.0,20.0,2.396175687954456,14,1.0
antmaze-medium-stitch-v0,1,gas_reachability_soft_calibrated,none,3,2,0,,15,42,0.2546583850931677,,26.68415069580078,25.83732414245605,32.22188186645508,9.025,9.0,40.0,3.554402337168209,354,1.0
antmaze-medium-stitch-v0,1,gas_reachability_soft_calibrated,none,4,3,0,,15,44,0.26875,,46.700477600097656,46.700477600097656,51.34625244140625,12.128205128205128,12.0,39.0,2.463431741784404,276,1.0
antmaze-medium-stitch-v0,1,gas_reachability_soft_calibrated,none,5,4,1,,17,,0.6086956521739131,,48.07253646850586,7.721568584442139,7.821331024169922,3.0526315789473686,1.0,19.0,11.150526043599728,14,0.9883222064756388
antmaze-medium-stitch-v0,1,gas_reachability_soft_calibrated,none,1,5,1,,22,,0.6857142857142857,,48.51716613769531,2.130605936050415,2.5836102962493896,2.909090909090909,1.0,33.0,5.497759365679796,22,0.9727126466543567
antmaze-medium-stitch-v0,1,gas_reachability_soft_calibrated,none,2,6,1,,15,,0.660377358490566,,60.653751373291016,4.057952880859375,4.734611511230469,3.238095238095238,1.0,21.0,3.604255398215838,17,0.9919494095947325
antmaze-medium-stitch-v0,1,gas_reachability_soft_calibrated,none,3,7,1,,15,,0.7222222222222222,,24.68869972229004,1.698399543762207,1.698399543762207,2.4705882352941178,1.0,17.0,3.1120650851159604,9,0.9643861576820892
antmaze-medium-stitch-v0,1,gas_reachability_soft_calibrated,none,4,8,1,,15,,0.6716417910447762,,44.63037109375,2.841039657592773,2.992892026901245,3.129032258064516,1.0,31.0,2.564687818980237,14,0.9951071153248029
antmaze-medium-stitch-v0,1,gas_reachability_soft_calibrated,none,5,9,1,,15,,0.5217391304347826,,49.07232284545898,7.279929637908935,7.458455085754394,5.833333333333333,1.0,12.0,3.656182874134109,20,1.0
antmaze-medium-stitch-v0,1,gas_reachability_soft_calibrated,none,1,10,1,,15,,0.6883116883116883,,48.38546752929688,0.956222414970398,0.956222414970398,3.3076923076923075,1.0,39.0,5.790033084095867,18,0.9956796111077981
antmaze-medium-stitch-v0,1,gas_reachability_soft_calibrated,none,2,11,1,,15,,0.6219512195121951,,59.99177169799805,1.6374642848968506,1.6374642848968506,2.2195121951219514,1.0,41.0,2.334157682788181,33,0.982724330566562
antmaze-medium-stitch-v0,1,gas_reachability_soft_calibrated,none,3,12,1,,15,,0.6326530612244898,,19.744468688964844,2.65802264213562,2.65802264213562,2.869565217391304,1.0,23.0,2.647159150686291,17,0.9942020401317372
antmaze-medium-stitch-v0,1,gas_reachability_soft_calibrated,none,4,13,1,,15,,0.4071428571428571,,45.865234375,1.0970916748046875,1.0970916748046875,7.953488372093023,1.0,43.0,4.215941024253331,66,0.9898610663297038
antmaze-medium-stitch-v0,1,gas_reachability_soft_calibrated,none,5,14,1,,15,,0.7361111111111112,,50.322879791259766,4.389403820037842,4.389403820037842,2.0476190476190474,1.0,42.0,1.9836649373840178,19,1.0
antmaze-medium-stitch-v0,1,gas_reachability_soft_calibrated,none,1,15,0,,15,51,0.3048780487804878,,48.024749755859375,25.70448112487793,28.07439613342285,7.7894736842105265,7.0,38.0,4.97590154953041,328,1.0
antmaze-medium-stitch-v0,1,gas_reachability_soft_calibrated,none,2,16,1,,15,,0.6136363636363636,,60.43011474609375,5.50285005569458,5.50285005569458,4.642857142857143,1.0,14.0,1.6858737058528066,14,0.997214486216494
antmaze-medium-stitch-v0,1,gas_reachability_soft_calibrated,none,3,17,1,,15,,0.6944444444444444,,25.577789306640625,3.0298714637756348,3.653701543807984,2.8,1.0,15.0,2.763629673523072,8,1.0
antmaze-medium-stitch-v0,1,gas_reachability_soft_calibrated,none,4,18,1,,15,,0.6,,44.98300552368164,2.3456146717071533,2.627124547958374,4.545454545454546,1.0,22.0,1.7390622519218888,19,0.99350171053124
antmaze-medium-stitch-v0,1,gas_reachability_soft_calibrated,none,5,19,1,,15,,0.5151515151515151,,47.62515258789063,8.606014251708984,8.680752754211426,7.333333333333333,2.0,6.0,2.9748583811876657,13,1.0
antmaze-medium-stitch-v0,1,gas_reachability_soft_calibrated,none,1,20,1,,15,,0.7142857142857143,,47.87438201904297,0.6917780041694641,0.6917780041694641,2.735294117647059,1.0,34.0,4.705968674508487,20,0.9933021872298892
antmaze-medium-stitch-v0,1,gas_reachability_soft_calibrated,none,2,21,1,,15,,0.6833333333333333,,60.271034240722656,1.856141805648804,2.9203202724456787,3.0,1.0,27.0,5.325248959045452,19,0.9884986825348856
antmaze-medium-stitch-v0,1,gas_reachability_soft_calibrated,none,3,22,1,,15,,0.5740740740740741,,27.039737701416016,2.03722882270813,2.8150131702423096,3.636363636363636,1.0,22.0,2.8860043569725016,18,0.985231811859812
antmaze-medium-stitch-v0,1,gas_reachability_soft_calibrated,none,4,23,1,,15,,0.5555555555555556,,46.7394905090332,3.358611822128296,3.358611822128296,4.892857142857143,1.0,28.0,4.428333495405645,24,0.9911602242075472
antmaze-medium-stitch-v0,1,gas_reachability_soft_calibrated,none,5,24,1,,15,,0.6511627906976745,,49.64454650878906,6.572926044464111,6.644749641418457,3.6666666666666665,1.0,15.0,6.627509154336842,12,1.0
antmaze-medium-stitch-v0,1,gas_reachability_soft_calibrated,none,1,25,1,,24,,0.7894736842105263,,48.14459609985352,0.9747542142868042,1.060545802116394,2.15,1.0,60.0,2.0198151337602552,23,0.9653666083443552
antmaze-medium-stitch-v0,1,gas_reachability_soft_calibrated,none,2,26,1,,15,,0.5510204081632653,,60.545654296875,5.696364879608154,5.987483501434326,5.285714285714286,1.0,14.0,2.0100392597160246,14,0.9938016057152373
antmaze-medium-stitch-v0,1,gas_reachability_soft_calibrated,none,3,27,1,,15,,0.5833333333333334,,26.789325714111328,1.8921284675598145,2.3218443393707275,3.68,1.0,25.0,7.202817450075646,31,0.9969875450727256
antmaze-medium-stitch-v0,1,gas_reachability_soft_calibrated,none,4,28,1,,15,,0.7876447876447876,,48.273963928222656,0.76725172996521,2.852375268936157,1.9735449735449733,1.0,189.0,4.234178074416904,54,0.9959251363027132
antmaze-medium-stitch-v0,1,gas_reachability_soft_calibrated,none,5,29,1,,15,,0.5945945945945946,,48.302730560302734,5.5663228034973145,5.5663228034973145,3.6666666666666665,1.0,12.0,2.0505608900718064,13,0.9996803585610732
antmaze-medium-stitch-v0,1,gas_reachability_soft_calibrated,none,1,30,0,,15,47,0.2822085889570552,,48.93894958496094,43.57506561279297,45.07971954345703,11.375,11.0,40.0,1.5572537022384343,359,0.9988182985179196
antmaze-medium-stitch-v0,1,gas_reachability_soft_calibrated,none,2,31,1,,15,,0.6730769230769231,,60.15045928955078,4.347035884857178,4.660378932952881,2.782608695652174,1.0,23.0,1.5443649706008835,10,0.9863681536144396
antmaze-medium-stitch-v0,1,gas_reachability_soft_calibrated,none,3,32,1,,15,,0.5714285714285714,,25.10529899597168,3.4662516117095947,3.4662516117095947,3.6666666666666665,1.0,15.0,3.581746539985941,12,1.0
antmaze-medium-stitch-v0,1,gas_reachability_soft_calibrated,none,4,33,0,,15,756,0.9704370179948586,,44.398834228515625,2.297823190689087,6.188229560852051,1.1136671177266575,1.0,739.0,4.382901356703299,662,1.0
antmaze-medium-stitch-v0,1,gas_reachability_soft_calibrated,none,5,34,1,,15,,0.5588235294117647,,49.23566055297852,7.244272232055664,7.244272232055664,6.571428571428571,1.0,7.0,5.1741839681081,11,1.0
antmaze-medium-stitch-v0,1,gas_reachability_soft_calibrated,none,1,35,1,,15,,0.7727272727272727,,48.89918518066406,2.352933645248413,2.352933645248413,2.2222222222222223,1.0,36.0,9.792137164902387,15,1.0
antmaze-medium-stitch-v0,1,gas_reachability_soft_calibrated,none,2,36,1,,15,,0.6470588235294118,,59.80362319946289,5.281770706176758,6.651406288146973,3.421052631578948,1.0,19.0,3.507358931106784,13,1.0
antmaze-medium-stitch-v0,1,gas_reachability_soft_calibrated,none,3,37,0,,15,43,0.2592592592592592,,22.578489303588867,21.762939453125,28.861879348754883,9.025,9.0,40.0,3.702475830581802,367,1.0
antmaze-medium-stitch-v0,1,gas_reachability_soft_calibrated,none,4,38,1,,15,,0.4774774774774775,,45.5918083190918,1.7384060621261597,1.7384060621261597,5.875,1.0,40.0,2.8239530969282733,37,0.9871368469113113
antmaze-medium-stitch-v0,1,gas_reachability_soft_calibrated,none,5,39,1,,15,,0.4883720930232558,,48.37847518920898,6.941815376281738,6.941815376281738,5.833333333333333,1.0,12.0,6.6935472604066,20,0.9903665260367897
antmaze-medium-stitch-v0,1,gas_reachability_soft_calibrated,none,1,40,1,,15,,0.8072289156626506,,48.38082885742188,1.7798887491226196,2.838887453079224,1.9615384615384612,1.0,52.0,5.257851233003409,22,1.0
antmaze-medium-stitch-v0,1,gas_reachability_soft_calibrated,none,2,41,0,,15,52,0.3053892215568862,,61.50997161865234,18.068004608154297,19.766420364379883,4.897435897435898,4.0,39.0,3.9298175469791072,331,1.0
antmaze-medium-stitch-v0,1,gas_reachability_soft_calibrated,none,3,42,0,,15,43,0.2608695652173913,,26.651567459106445,25.58454322814941,28.63817977905273,10.0,10.0,40.0,0.7514502438460783,384,1.0
antmaze-medium-stitch-v0,1,gas_reachability_soft_calibrated,none,4,43,1,,15,,0.7222222222222222,,47.41617202758789,1.2339935302734375,1.2339935302734375,3.4782608695652173,1.0,23.0,6.632809947107529,17,0.9845637532370988
antmaze-medium-stitch-v0,1,gas_reachability_soft_calibrated,none,5,44,1,,15,,0.8055555555555556,,50.17879486083984,2.4360880851745605,2.4360880851745605,1.8888888888888888,1.0,45.0,1.8327824927348215,13,0.9787256924550469
antmaze-medium-stitch-v0,1,gas_reachability_soft_calibrated,none,1,45,1,,15,,0.7586206896551724,,49.33736801147461,1.6655879020690918,1.6655879020690918,3.037037037037037,1.0,27.0,7.431981338692836,15,1.0
antmaze-medium-stitch-v0,1,gas_reachability_soft_calibrated,none,2,46,1,,15,,0.6666666666666666,,61.374629974365234,0.9011780023574828,1.322133183479309,3.48,1.0,25.0,2.396247050933336,14,0.9741097301016013
antmaze-medium-stitch-v0,1,gas_reachability_soft_calibrated,none,3,47,1,,15,,0.7027027027027027,,25.95351791381836,3.274024486541748,4.074376583099365,2.388888888888889,1.0,18.0,1.6664346017048584,8,0.9786302072157884
antmaze-medium-stitch-v0,1,gas_reachability_soft_calibrated,none,4,48,0,,28,50,0.30625,,44.156192779541016,14.31651782989502,16.39249610900879,5.918918918918919,3.0,37.0,2.2700575995379255,221,0.9989957517535212
antmaze-medium-stitch-v0,1,gas_reachability_soft_calibrated,none,5,49,1,,15,,0.4523809523809524,,49.126312255859375,8.521848678588867,9.676677703857422,8.125,2.0,8.0,4.381805232901412,15,1.0
antmaze-medium-stitch-v0,1,gas_reachability_soft_calibrated,none,1,50,1,,15,,0.7285714285714285,,49.050479888916016,2.5342259407043457,2.5342259407043457,2.9444444444444446,1.0,36.0,4.937389700025288,14,1.0
antmaze-medium-stitch-v0,1,gas_reachability_soft_calibrated,none,2,51,1,,15,,0.6530612244897959,,59.95664596557617,3.606783390045166,3.941511631011963,3.45,1.0,20.0,3.1249547924859797,15,0.9897838639693974
antmaze-medium-stitch-v0,1,gas_reachability_soft_calibrated,none,3,52,1,,15,,0.6595744680851063,,26.665605545043945,3.6652255058288574,4.431196212768555,2.571428571428572,1.0,21.0,6.478060500811378,13,1.0
antmaze-medium-stitch-v0,1,gas_reachability_soft_calibrated,none,4,53,1,,15,,0.6494845360824743,,46.52898025512695,3.0848450660705566,3.0848450660705566,3.7142857142857135,1.0,49.0,3.2903234765391423,24,1.0
antmaze-medium-stitch-v0,1,gas_reachability_soft_calibrated,none,5,54,1,,15,,0.81,,46.90153503417969,2.9667086601257324,4.220442771911621,1.5217391304347827,1.0,69.0,3.6304852319560674,18,0.9765667360512328
antmaze-medium-stitch-v0,1,gas_reachability_soft_calibrated,none,1,55,1,,15,,0.8583333333333333,,49.18236923217773,1.0196386575698853,2.6054553985595703,1.6292134831460674,1.0,89.0,4.945293473695207,40,0.9765660322162661
antmaze-medium-stitch-v0,1,gas_reachability_soft_calibrated,none,2,56,1,,15,,0.6041666666666666,,60.650634765625,3.859066009521485,3.859066009521485,3.7777777777777777,1.0,18.0,2.6537538995840535,11,0.9946309715863224
antmaze-medium-stitch-v0,1,gas_reachability_soft_calibrated,none,3,57,1,,15,,0.6842105263157895,,26.93182373046875,3.097426176071167,3.646052837371826,3.125,1.0,16.0,2.595823274171372,9,1.0
antmaze-medium-stitch-v0,1,gas_reachability_soft_calibrated,none,4,58,1,,15,,0.453781512605042,,47.56011199951172,4.170451641082764,4.932226657867432,6.2926829268292686,1.0,41.0,2.5455287387095185,46,1.0
antmaze-medium-stitch-v0,1,gas_reachability_soft_calibrated,none,5,59,1,,15,,0.5428571428571428,,48.530494689941406,7.973571300506592,8.28239631652832,5.875,1.0,8.0,1.544876078165418,13,0.9985681772350729
antmaze-medium-stitch-v0,1,gas_reachability_soft_calibrated,none,1,60,1,,15,,0.6153846153846154,,48.86697769165039,1.119827389717102,1.289297103881836,4.67741935483871,1.0,31.0,5.193977035676856,23,0.9959215450698198
antmaze-medium-stitch-v0,1,gas_reachability_soft_calibrated,none,2,61,1,,15,,0.6470588235294118,,61.19860076904297,2.9906601905822754,4.759326457977295,3.2,1.0,30.0,2.1866929327041773,17,0.9966280465020197
antmaze-medium-stitch-v0,1,gas_reachability_soft_calibrated,none,3,62,1,,15,,0.6666666666666666,,26.521141052246094,2.769179582595825,2.769179582595825,3.1666666666666665,1.0,12.0,2.5575872434908784,8,1.0
antmaze-medium-stitch-v0,1,gas_reachability_soft_calibrated,none,4,63,0,,15,44,0.2738853503184713,,45.34053421020508,45.34053421020508,52.39403533935547,13.421052631578949,14.0,38.0,5.467661297193367,177,1.0
antmaze-medium-stitch-v0,1,gas_reachability_soft_calibrated,none,5,64,1,,15,,0.8601398601398601,,48.09370803833008,2.3386709690093994,5.198403835296631,1.4414414414414414,1.0,111.0,2.5969451364856733,30,0.9882153437199468
antmaze-medium-stitch-v0,1,gas_reachability_soft_calibrated,none,1,65,1,,15,,0.6829268292682927,,48.88603973388672,2.0679702758789062,2.889867067337036,3.230769230769231,1.0,39.0,9.060848533385457,22,1.0
antmaze-medium-stitch-v0,1,gas_reachability_soft_calibrated,none,2,66,1,,15,,0.6326530612244898,,61.32199478149414,3.1859326362609863,3.187785625457764,3.473684210526316,1.0,19.0,2.481536528680132,12,0.97824229670327
antmaze-medium-stitch-v0,1,gas_reachability_soft_calibrated,none,3,67,1,,15,,0.803921568627451,,23.908784866333008,2.805795907974243,2.805795907974243,1.967741935483871,1.0,31.0,2.2913822242299595,10,0.9911961538099122
antmaze-medium-stitch-v0,1,gas_reachability_soft_calibrated,none,4,68,1,,15,,0.5572519083969466,,45.05977630615234,2.2406814098358154,3.058367252349853,4.745762711864407,1.0,59.0,3.2557967322649897,49,0.999007430253021
antmaze-medium-stitch-v0,1,gas_reachability_soft_calibrated,none,5,69,1,,15,,0.7017543859649122,,48.082820892333984,3.072093963623047,3.072093963623047,2.357142857142857,1.0,28.0,3.576049271113518,13,0.999026497382455
antmaze-medium-stitch-v0,1,gas_reachability_soft_calibrated,none,1,70,1,,15,,0.7368421052631579,,47.6259994506836,1.231398344039917,2.694556713104248,2.571428571428572,1.0,42.0,6.911240513961698,21,1.0
antmaze-medium-stitch-v0,1,gas_reachability_soft_calibrated,none,2,71,1,,15,,0.627906976744186,,60.67910003662109,4.857729911804199,5.009912967681885,4.2,1.0,15.0,2.561341531615945,14,0.9925102526772186
antmaze-medium-stitch-v0,1,gas_reachability_soft_calibrated,none,3,72,1,,15,,0.6956521739130435,,23.76811408996582,2.1757185459136963,2.197204351425171,2.565217391304348,1.0,23.0,2.329010352975719,10,0.9938478002468557
antmaze-medium-stitch-v0,1,gas_reachability_soft_calibrated,none,4,73,1,,15,,0.7763157894736842,,44.01983642578125,3.613024711608887,4.170802593231201,2.1739130434782608,1.0,46.0,5.0947102977768886,24,1.0
antmaze-medium-stitch-v0,1,gas_reachability_soft_calibrated,none,5,74,1,,15,,0.6666666666666666,,47.99059295654297,4.833868980407715,4.833868980407715,2.4761904761904763,1.0,21.0,0.928759407917941,13,0.9708014544691776
antmaze-medium-stitch-v0,1,gas_reachability_soft_calibrated,none,1,75,1,,15,,0.6739130434782609,,47.78693008422852,4.50723934173584,4.50723934173584,3.7058823529411766,1.0,17.0,2.4683806451110915,16,0.9827613204463426
antmaze-medium-stitch-v0,1,gas_reachability_soft_calibrated,none,2,76,1,,15,,0.6904761904761905,,61.20023727416992,3.7579829692840576,4.938126087188721,3.733333333333333,1.0,15.0,2.2445187074233695,14,0.9996720029093986
antmaze-medium-stitch-v0,1,gas_reachability_soft_calibrated,none,3,77,0,,15,44,0.2654320987654321,,20.755502700805664,20.440832138061523,27.464130401611328,8.1,8.0,40.0,3.786424725652542,373,1.0
antmaze-medium-stitch-v0,1,gas_reachability_soft_calibrated,none,4,78,1,,15,,0.65,,46.47666549682617,2.6677865982055664,2.783608675003052,4.08,1.0,25.0,1.233469225862878,11,0.9793768081514765
antmaze-medium-stitch-v0,1,gas_reachability_soft_calibrated,none,5,79,1,,15,,0.717391304347826,,48.91763687133789,3.911820650100708,3.911820650100708,2.380952380952381,1.0,21.0,1.6264167073252478,12,0.9908472178471978
antmaze-medium-stitch-v0,1,gas_reachability_soft_calibrated,none,1,80,1,,15,,0.8994708994708994,,48.50699615478516,1.0245262384414673,1.9546959400177,1.414012738853503,1.0,157.0,1.4617220392736314,48,0.9694384769263806
antmaze-medium-stitch-v0,1,gas_reachability_soft_calibrated,none,2,81,1,,15,,0.625,,60.79361343383789,3.6392838954925537,3.948974370956421,3.8125,1.0,16.0,3.4396461553825697,15,0.9887712145541568
antmaze-medium-stitch-v0,1,gas_reachability_soft_calibrated,none,3,82,1,,15,,0.7027027027027027,,21.632349014282227,2.4143028259277344,2.831041097640991,2.4444444444444446,1.0,18.0,2.747908253596234,10,0.9641967078917633
antmaze-medium-stitch-v0,1,gas_reachability_soft_calibrated,none,4,83,1,,25,,0.4561403508771929,,44.4481201171875,4.91220235824585,4.914046287536621,6.2926829268292686,1.0,41.0,7.393437915841789,45,0.9777898422733308
antmaze-medium-stitch-v0,1,gas_reachability_soft_calibrated,none,5,84,1,,15,,0.5,,49.39933776855469,9.000223159790039,9.000223159790039,7.8,2.0,5.0,1.5431945447022577,10,1.0
antmaze-medium-stitch-v0,1,gas_reachability_soft_calibrated,none,1,85,1,,15,,0.6666666666666666,,48.79066848754883,2.715892553329468,2.833562135696411,4.230769230769231,1.0,26.0,6.086066790413417,19,1.0
antmaze-medium-stitch-v0,1,gas_reachability_soft_calibrated,none,2,86,1,,15,,0.7272727272727273,,61.32560729980469,3.843595743179321,4.17064380645752,3.125,1.0,24.0,4.365660366568884,16,1.0
antmaze-medium-stitch-v0,1,gas_reachability_soft_calibrated,none,3,87,1,,15,,0.6428571428571429,,22.44387626647949,2.696136951446533,2.8962810039520264,3.0,1.0,18.0,3.2727079236985435,10,1.0
antmaze-medium-stitch-v0,1,gas_reachability_soft_calibrated,none,4,88,1,,20,,0.4565217391304347,,47.3394889831543,2.2036211490631104,2.2498016357421875,6.258064516129032,1.0,31.0,3.8676903811262733,41,0.9731897257687189
antmaze-medium-stitch-v0,1,gas_reachability_soft_calibrated,none,5,89,1,,15,,0.5,,46.488914489746094,7.642909526824951,8.13029956817627,5.857142857142857,1.0,7.0,11.830152743443556,11,0.9850251528745346
antmaze-medium-stitch-v0,1,gas_reachability_soft_calibrated,none,1,90,1,,15,,0.6612903225806451,,47.56022644042969,2.345214605331421,2.345214605331421,3.769230769230769,1.0,26.0,4.990355643306869,20,1.0
antmaze-medium-stitch-v0,1,gas_reachability_soft_calibrated,none,2,91,1,,15,,0.7560975609756098,,60.38843536376953,2.095487356185913,2.095487356185913,2.1,1.0,50.0,2.6555166543345785,20,0.9850632939068968
antmaze-medium-stitch-v0,1,gas_reachability_soft_calibrated,none,3,92,1,,15,,0.7454545454545455,,23.27627182006836,4.561267375946045,6.129704475402832,1.96875,1.0,32.0,1.9199921477054935,11,1.0
antmaze-medium-stitch-v0,1,gas_reachability_soft_calibrated,none,4,93,0,,15,8,0.0538461538461538,,46.8470344543457,46.57400894165039,51.96523666381836,13.121951219512194,13.0,41.0,3.8561786087310614,884,1.0
antmaze-medium-stitch-v0,1,gas_reachability_soft_calibrated,none,5,94,1,,15,,0.4444444444444444,,47.19749069213867,9.23315143585205,9.678387641906738,7.2,2.0,5.0,1.4937688936179208,10,0.9922754691866141
antmaze-medium-stitch-v0,1,gas_reachability_soft_calibrated,none,1,95,1,,15,,0.7570093457943925,,48.678016662597656,2.0613009929656982,2.1185991764068604,2.4615384615384617,1.0,65.0,5.107060265970628,18,0.9834665083480078
antmaze-medium-stitch-v0,1,gas_reachability_soft_calibrated,none,2,96,1,,15,,0.66,,60.60945510864258,2.812681198120117,2.989123106002808,3.631578947368421,1.0,19.0,1.037840613356077,16,0.9882278222809604
antmaze-medium-stitch-v0,1,gas_reachability_soft_calibrated,none,3,97,1,,15,,0.6530612244897959,,24.62528419494629,2.1709465980529785,2.1709465980529785,2.782608695652174,1.0,23.0,10.29130906521527,13,0.9960662050855326
antmaze-medium-stitch-v0,1,gas_reachability_soft_calibrated,none,4,98,1,,15,,0.5068493150684932,,47.10164642333984,3.1967172622680664,3.2015633583068848,5.8,1.0,25.0,3.2604368387871143,27,0.9890600859998948
antmaze-medium-stitch-v0,1,gas_reachability_soft_calibrated,none,5,99,1,,15,,0.75,,48.38441467285156,4.069699287414551,4.226757049560547,1.9782608695652173,1.0,46.0,4.273724268254128,15,1.0
antmaze-medium-stitch-v0,1,gas_reachability_budget_calibrated,none,1,0,1,,23,,0.64,,48.14225387573242,0.9821937680244446,0.9821937680244446,3.193548387096774,1.0,31.0,2.488579426767338,22,0.9716153961045234
antmaze-medium-stitch-v0,1,gas_reachability_budget_calibrated,none,2,1,1,,15,,0.6842105263157895,,60.96749877929688,4.2001633644104,4.2001633644104,2.92,1.0,25.0,2.406884269080798,14,0.9979927422363346
antmaze-medium-stitch-v0,1,gas_reachability_budget_calibrated,none,3,2,1,,15,,0.725,,26.38017463684082,1.9676740169525144,2.9735031127929688,2.238095238095238,1.0,21.0,2.1933084693472344,10,0.9637461109600824
antmaze-medium-stitch-v0,1,gas_reachability_budget_calibrated,none,4,3,1,,15,,0.4205607476635514,,46.7518424987793,2.7419066429138184,3.3978264331817627,6.583333333333333,1.0,36.0,2.6880163960147487,43,0.9960540481040958
antmaze-medium-stitch-v0,1,gas_reachability_budget_calibrated,none,5,4,1,,15,,0.7258064516129032,,48.11412811279297,2.6524100303649902,2.7810842990875244,2.0588235294117645,1.0,34.0,2.1325528955204125,13,0.9850225540933376
antmaze-medium-stitch-v0,1,gas_reachability_budget_calibrated,none,1,5,1,,15,,0.6984126984126984,,48.6046142578125,1.4726468324661257,1.783355712890625,3.2,1.0,30.0,4.356681278037938,15,0.996703070906192
antmaze-medium-stitch-v0,1,gas_reachability_budget_calibrated,none,2,6,1,,15,,0.6923076923076923,,60.39460372924805,1.965638518333435,2.264426946640014,3.4761904761904763,1.0,21.0,3.604255398215838,16,0.9808404909607662
antmaze-medium-stitch-v0,1,gas_reachability_budget_calibrated,none,3,7,1,,15,,0.6875,,25.2568473815918,3.9067325592041016,4.438078880310059,2.5,1.0,14.0,3.1120650851159604,8,0.9849445569186404
antmaze-medium-stitch-v0,1,gas_reachability_budget_calibrated,none,4,8,1,,15,,0.55,,44.24187088012695,3.907379627227783,3.907379627227783,4.65,1.0,20.0,1.700262941687812,22,0.9988716193192564
antmaze-medium-stitch-v0,1,gas_reachability_budget_calibrated,none,5,9,1,,15,,0.4857142857142857,,48.55463790893555,9.728798866271973,9.813820838928224,7.666666666666667,2.0,6.0,3.3388261411880484,15,1.0
antmaze-medium-stitch-v0,1,gas_reachability_budget_calibrated,none,1,10,1,,15,,0.6153846153846154,,48.12310791015625,2.057753562927246,2.057753562927246,4.222222222222222,1.0,27.0,5.790033084095867,18,1.0
antmaze-medium-stitch-v0,1,gas_reachability_budget_calibrated,none,2,11,1,,15,,0.6341463414634146,,60.2558822631836,3.038602828979492,3.333939790725708,4.142857142857143,1.0,14.0,2.334157682788181,14,0.983497546998736
antmaze-medium-stitch-v0,1,gas_reachability_budget_calibrated,none,3,12,1,,15,,0.6181818181818182,,19.75896644592285,1.8883806467056277,1.8883806467056277,2.6923076923076925,1.0,26.0,2.081620548652886,14,0.9908497678111572
antmaze-medium-stitch-v0,1,gas_reachability_budget_calibrated,none,4,13,0,,15,11,0.075187969924812,,46.07419204711914,46.01727294921875,52.89984130859375,14.024390243902438,14.0,41.0,2.273343333675011,803,1.0
antmaze-medium-stitch-v0,1,gas_reachability_budget_calibrated,none,5,14,1,,15,,0.6296296296296297,,50.739376068115234,4.05098819732666,4.363263130187988,3.0,1.0,24.0,2.012115579228953,11,1.0
antmaze-medium-stitch-v0,1,gas_reachability_budget_calibrated,none,1,15,1,,15,,0.8295454545454546,,48.16963195800781,1.98134446144104,3.7275218963623047,1.9824561403508767,1.0,57.0,4.97590154953041,23,1.0
antmaze-medium-stitch-v0,1,gas_reachability_budget_calibrated,none,2,16,1,,15,,0.7333333333333333,,60.04352188110352,3.245623111724853,3.2481391429901123,2.333333333333333,1.0,42.0,2.2645789048019305,16,0.9872637863049649
antmaze-medium-stitch-v0,1,gas_reachability_budget_calibrated,none,3,17,1,,15,,0.6956521739130435,,25.350662231445312,4.318414211273193,7.050995349884033,2.227272727272727,1.0,22.0,3.98892937425548,10,1.0
antmaze-medium-stitch-v0,1,gas_reachability_budget_calibrated,none,4,18,1,,15,,0.6379310344827587,,45.17617034912109,4.12160587310791,4.299930095672607,3.863636363636364,1.0,22.0,3.964771801337855,16,1.0
antmaze-medium-stitch-v0,1,gas_reachability_budget_calibrated,none,5,19,1,,15,,0.5,,47.55443954467773,7.982999324798584,9.218805313110352,6.714285714285714,1.0,7.0,1.9972213105292964,14,1.0
antmaze-medium-stitch-v0,1,gas_reachability_budget_calibrated,none,1,20,1,,15,,0.6571428571428571,,47.7672233581543,1.7872236967086792,2.88807225227356,2.9696969696969697,1.0,33.0,4.0482441014163255,16,1.0
antmaze-medium-stitch-v0,1,gas_reachability_budget_calibrated,none,2,21,1,,15,,0.5333333333333333,,60.37528991699219,6.975793838500977,6.975793838500977,6.2727272727272725,1.0,11.0,5.325248959045452,19,1.0
antmaze-medium-stitch-v0,1,gas_reachability_budget_calibrated,none,3,22,1,,15,,0.5660377358490566,,26.735218048095703,1.7098755836486816,1.84178364276886,3.380952380952381,1.0,21.0,2.8860043569725016,18,0.9815214177387056
antmaze-medium-stitch-v0,1,gas_reachability_budget_calibrated,none,4,23,1,,15,,0.5753424657534246,,46.84489059448242,4.301337242126465,4.636483669281006,4.333333333333333,1.0,30.0,4.428333495405645,24,0.9957483017541394
antmaze-medium-stitch-v0,1,gas_reachability_budget_calibrated,none,5,24,1,,15,,0.4848484848484848,,49.661651611328125,9.551838874816896,10.160940170288086,7.5,2.0,6.0,2.3865354584163923,14,1.0
antmaze-medium-stitch-v0,1,gas_reachability_budget_calibrated,none,1,25,1,,24,,0.8378378378378378,,48.15424728393555,2.043349027633667,5.134060382843018,1.75,1.0,80.0,2.232433108606657,16,0.981127177755741
antmaze-medium-stitch-v0,1,gas_reachability_budget_calibrated,none,2,26,1,,15,,0.6595744680851063,,60.757415771484375,2.80497670173645,2.80497670173645,4.0,1.0,17.0,5.990593576212841,14,0.9785907040209245
antmaze-medium-stitch-v0,1,gas_reachability_budget_calibrated,none,3,27,1,,15,,0.5737704918032787,,27.9180965423584,2.0297651290893555,2.639459609985352,3.576923076923077,1.0,26.0,7.202817450075646,31,0.9983306453549218
antmaze-medium-stitch-v0,1,gas_reachability_budget_calibrated,none,4,28,0,,15,45,0.2699386503067484,,48.11433410644531,48.11433410644531,52.13850021362305,12.35,12.0,40.0,2.6980454120445843,292,1.0
antmaze-medium-stitch-v0,1,gas_reachability_budget_calibrated,none,5,29,1,,15,,0.8627450980392157,,48.58648300170898,2.4286060333251958,5.393072605133057,1.435897435897436,1.0,78.0,2.2853398703695595,21,0.9987978214514953
antmaze-medium-stitch-v0,1,gas_reachability_budget_calibrated,none,1,30,0,,15,47,0.2822085889570552,,48.982215881347656,43.5621452331543,45.1209831237793,11.375,11.0,40.0,1.5572537022384343,359,0.9988182985179196
antmaze-medium-stitch-v0,1,gas_reachability_budget_calibrated,none,2,31,1,,15,,0.7681159420289855,,60.040748596191406,3.726375818252564,5.416026592254639,2.236842105263158,1.0,38.0,6.235602017679474,19,1.0
antmaze-medium-stitch-v0,1,gas_reachability_budget_calibrated,none,3,32,1,,15,,0.6896551724137931,,25.871612548828125,2.1606369018554688,2.601658344268799,2.40625,1.0,32.0,3.678485007483689,20,0.9653464305727733
antmaze-medium-stitch-v0,1,gas_reachability_budget_calibrated,none,4,33,1,,15,,0.8604651162790697,,44.431488037109375,1.5697438716888428,1.8749749660491943,1.6044776119402986,1.0,134.0,4.382901356703299,39,0.9900121432658884
antmaze-medium-stitch-v0,1,gas_reachability_budget_calibrated,none,5,34,1,,15,,0.6956521739130435,,49.5278549194336,6.888562679290772,7.383428573608398,2.6666666666666665,1.0,21.0,5.1741839681081,11,1.0
antmaze-medium-stitch-v0,1,gas_reachability_budget_calibrated,none,1,35,1,,15,,0.7543859649122807,,48.90853500366211,1.437044620513916,2.009178400039673,2.571428571428572,1.0,28.0,9.792137164902387,15,1.0
antmaze-medium-stitch-v0,1,gas_reachability_budget_calibrated,none,2,36,1,,15,,0.660377358490566,,59.869285583496094,2.598142385482788,3.056201457977295,3.1904761904761907,1.0,21.0,3.507358931106784,13,0.9932398806361689
antmaze-medium-stitch-v0,1,gas_reachability_budget_calibrated,none,3,37,0,,15,43,0.2592592592592592,,23.183765411376957,22.372562408447266,29.42477226257324,9.025,9.0,40.0,3.702475830581802,367,1.0
antmaze-medium-stitch-v0,1,gas_reachability_budget_calibrated,none,4,38,1,,15,,0.4014084507042254,,45.70985794067383,1.0994024276733398,1.5308682918548584,7.042553191489362,1.0,47.0,3.504155898422271,54,0.9981975644659818
antmaze-medium-stitch-v0,1,gas_reachability_budget_calibrated,none,5,39,1,,15,,0.5277777777777778,,47.82466506958008,7.582846641540527,8.369125366210938,6.375,1.0,8.0,3.0487494952833627,17,0.9977779212239012
antmaze-medium-stitch-v0,1,gas_reachability_budget_calibrated,none,1,40,1,,15,,0.71875,,48.60002136230469,2.4313652515411377,2.5228400230407715,2.53125,1.0,32.0,5.257851233003409,15,1.0
antmaze-medium-stitch-v0,1,gas_reachability_budget_calibrated,none,2,41,1,,15,,0.6274509803921569,,61.17531204223633,3.2338802814483643,3.2338802814483643,4.111111111111111,1.0,18.0,2.948367972343141,16,0.9782864637272396
antmaze-medium-stitch-v0,1,gas_reachability_budget_calibrated,none,3,42,0,,15,43,0.2608695652173913,,26.64271354675293,25.56724548339844,28.542787551879883,10.0,10.0,40.0,0.7514502438460783,384,1.0
antmaze-medium-stitch-v0,1,gas_reachability_budget_calibrated,none,4,43,1,,15,,0.6808510638297872,,47.465850830078125,2.811365842819214,4.697786331176758,2.320754716981132,1.0,53.0,3.695599474614571,37,0.9999433082123965
antmaze-medium-stitch-v0,1,gas_reachability_budget_calibrated,none,5,44,1,,15,,0.8024691358024691,,49.98232650756836,3.114164352416992,4.46928596496582,1.7407407407407407,1.0,54.0,2.232379407041841,13,0.9889280376625569
antmaze-medium-stitch-v0,1,gas_reachability_budget_calibrated,none,1,45,1,,15,,0.7916666666666666,,49.31657409667969,2.1166112422943115,2.558241367340088,2.261904761904762,1.0,42.0,7.431981338692836,19,1.0
antmaze-medium-stitch-v0,1,gas_reachability_budget_calibrated,none,2,46,1,,15,,0.6296296296296297,,60.87482452392578,3.692047357559204,4.406740188598633,3.5217391304347827,1.0,23.0,1.3372802530434138,13,0.9879093383196457
antmaze-medium-stitch-v0,1,gas_reachability_budget_calibrated,none,3,47,1,,15,,0.6944444444444444,,26.970680236816406,3.4644112586975098,3.8683278560638423,2.4705882352941178,1.0,17.0,1.6664346017048584,8,0.9768588215338674
antmaze-medium-stitch-v0,1,gas_reachability_budget_calibrated,none,4,48,1,,15,,0.6266666666666667,,44.17695236206055,2.1927590370178223,2.9222733974456787,3.0,1.0,35.0,7.324751972672072,21,1.0
antmaze-medium-stitch-v0,1,gas_reachability_budget_calibrated,none,5,49,1,,15,,0.4594594594594595,,49.31343460083008,8.069643020629883,8.581685066223145,7.0,2.0,7.0,3.44100855599184,14,1.0
antmaze-medium-stitch-v0,1,gas_reachability_budget_calibrated,none,1,50,1,,15,,0.7142857142857143,,49.08750915527344,3.661492109298706,3.661492109298706,3.2,1.0,30.0,4.937389700025288,14,1.0
antmaze-medium-stitch-v0,1,gas_reachability_budget_calibrated,none,2,51,1,,15,,0.5573770491803278,,60.23064422607422,2.4511868953704834,2.457696914672852,3.08,1.0,25.0,1.0321228984726178,21,0.9841420037548076
antmaze-medium-stitch-v0,1,gas_reachability_budget_calibrated,none,3,52,1,,15,,0.6410256410256411,,26.04985809326172,2.6182775497436523,2.6182775497436523,2.7058823529411766,1.0,17.0,1.4313998737296438,12,0.9844127075504546
antmaze-medium-stitch-v0,1,gas_reachability_budget_calibrated,none,4,53,1,,15,,0.7793103448275862,,46.63018798828125,2.4489939212799072,2.701462984085083,2.080808080808081,1.0,99.0,3.0592907667737617,24,1.0
antmaze-medium-stitch-v0,1,gas_reachability_budget_calibrated,none,5,54,1,,15,,0.5,,47.36362075805664,6.700309753417969,6.700309753417969,4.75,1.0,8.0,1.6985888296061098,12,0.9836559189877321
antmaze-medium-stitch-v0,1,gas_reachability_budget_calibrated,none,1,55,1,,15,,0.8416666666666667,,49.38348388671875,3.191946506500244,3.607312202453613,1.681818181818182,1.0,88.0,2.8624853267654125,25,1.0
antmaze-medium-stitch-v0,1,gas_reachability_budget_calibrated,none,2,56,1,,15,,0.6885245901639344,,60.836669921875,2.518944025039673,2.589735507965088,2.7096774193548385,1.0,31.0,2.6537538995840535,12,0.9885848971896928
antmaze-medium-stitch-v0,1,gas_reachability_budget_calibrated,none,3,57,1,,15,,0.6666666666666666,,26.17241668701172,2.7888872623443604,2.7888872623443604,2.333333333333333,1.0,21.0,0.7899143652398506,11,0.9614255536664792
antmaze-medium-stitch-v0,1,gas_reachability_budget_calibrated,none,4,58,1,,15,,0.5614035087719298,,47.65023040771485,1.876420855522156,1.876420855522156,4.320754716981132,1.0,53.0,2.0918627938912695,36,0.993763916799395
antmaze-medium-stitch-v0,1,gas_reachability_budget_calibrated,none,5,59,1,,15,,0.7323943661971831,,48.24116516113281,1.8354252576828003,1.8354252576828003,2.25,1.0,40.0,5.838148888947386,12,0.9984587556620018
antmaze-medium-stitch-v0,1,gas_reachability_budget_calibrated,none,1,60,1,,15,,0.5949367088607594,,49.10806655883789,1.6220052242279053,2.471138000488281,4.2727272727272725,1.0,33.0,3.026173911306892,19,0.9993495477031065
antmaze-medium-stitch-v0,1,gas_reachability_budget_calibrated,none,2,61,1,,15,,0.62,,61.32789993286133,3.724616050720215,3.724616050720215,4.352941176470588,1.0,17.0,2.433506213975885,14,0.9916128857489153
antmaze-medium-stitch-v0,1,gas_reachability_budget_calibrated,none,3,62,1,,15,,0.6857142857142857,,25.869110107421875,4.122280597686768,4.138694286346436,2.6666666666666665,1.0,15.0,2.5575872434908784,8,1.0
antmaze-medium-stitch-v0,1,gas_reachability_budget_calibrated,none,4,63,0,,15,50,0.3043478260869565,,45.4258918762207,12.135544776916504,12.135544776916504,11.5,3.0,38.0,5.903655664135974,76,1.0
antmaze-medium-stitch-v0,1,gas_reachability_budget_calibrated,none,5,64,1,,15,,0.8620689655172413,,47.95377731323242,3.0900473594665527,5.620166778564453,1.434782608695652,1.0,115.0,1.7345851878831278,17,0.99832472049888
antmaze-medium-stitch-v0,1,gas_reachability_budget_calibrated,none,1,65,1,,15,,0.796875,,48.70354080200195,2.1891579627990723,3.508198976516724,1.908045977011494,1.0,87.0,9.060848533385457,30,1.0
antmaze-medium-stitch-v0,1,gas_reachability_budget_calibrated,none,2,66,1,,15,,0.7974683544303798,,60.92766571044922,1.4757623672485352,1.4757623672485352,1.9411764705882355,1.0,51.0,2.481536528680132,16,0.9691545017078508
antmaze-medium-stitch-v0,1,gas_reachability_budget_calibrated,none,3,67,1,,15,,0.7755102040816326,,23.010475158691406,4.345672130584717,4.759293556213379,1.896551724137931,1.0,29.0,2.2913822242299595,8,1.0
antmaze-medium-stitch-v0,1,gas_reachability_budget_calibrated,none,4,68,0,,15,43,0.2658227848101265,,45.095947265625,45.0318489074707,52.46118927001953,13.23076923076923,14.0,39.0,2.607318085757069,185,1.0
antmaze-medium-stitch-v0,1,gas_reachability_budget_calibrated,none,5,69,1,,15,,0.6590909090909091,,48.73870086669922,7.184110641479492,7.806918621063232,2.8421052631578947,1.0,19.0,3.8889534202068576,14,1.0
antmaze-medium-stitch-v0,1,gas_reachability_budget_calibrated,none,1,70,0,,15,50,0.298780487804878,,47.54857635498047,26.762157440185547,28.0850830078125,6.153846153846154,5.0,39.0,5.619215748780228,317,1.0
antmaze-medium-stitch-v0,1,gas_reachability_budget_calibrated,none,2,71,1,,15,,0.7457627118644068,,60.82508087158203,1.467872977256775,2.4589803218841557,2.548387096774193,1.0,31.0,2.561341531615945,14,0.9789154348934617
antmaze-medium-stitch-v0,1,gas_reachability_budget_calibrated,none,3,72,1,,15,,0.6511627906976745,,24.824949264526367,1.7406227588653564,1.7406227588653564,2.75,1.0,20.0,2.2703326308542526,10,0.9903187645829206
antmaze-medium-stitch-v0,1,gas_reachability_budget_calibrated,none,4,73,1,,15,,0.7411764705882353,,43.83061218261719,5.121920585632324,5.608997821807861,2.0980392156862746,1.0,51.0,3.556068908531075,22,1.0
antmaze-medium-stitch-v0,1,gas_reachability_budget_calibrated,none,5,74,1,,15,,0.5853658536585366,,47.35182189941406,4.186503887176514,4.909533977508545,3.857142857142857,1.0,14.0,2.491675705554792,13,1.0
antmaze-medium-stitch-v0,1,gas_reachability_budget_calibrated,none,1,75,1,,15,,0.6792452830188679,,47.77128601074219,3.3815834522247314,3.703247785568237,3.409090909090909,1.0,22.0,4.061393146206717,17,1.0
antmaze-medium-stitch-v0,1,gas_reachability_budget_calibrated,none,2,76,1,,15,,0.6595744680851063,,61.131961822509766,5.7559685707092285,5.7559685707092285,3.5294117647058822,1.0,17.0,3.769614595348978,16,1.0
antmaze-medium-stitch-v0,1,gas_reachability_budget_calibrated,none,3,77,0,,15,43,0.2592592592592592,,20.67306137084961,20.383888244628903,27.55046272277832,9.0,9.0,40.0,1.5821505054183649,359,1.0
antmaze-medium-stitch-v0,1,gas_reachability_budget_calibrated,none,4,78,1,,15,,0.6119402985074627,,46.5561408996582,2.75456976890564,4.32205057144165,3.851851851851852,1.0,27.0,2.8580273558568954,18,1.0
antmaze-medium-stitch-v0,1,gas_reachability_budget_calibrated,none,5,79,0,,15,48,0.2848484848484848,,49.02264404296875,30.729454040527344,35.20984649658203,8.225,8.0,40.0,7.306340804532558,369,1.0
antmaze-medium-stitch-v0,1,gas_reachability_budget_calibrated,none,1,80,1,,15,,0.75,,48.620235443115234,1.8919867277145384,2.047572374343872,2.55,1.0,40.0,1.641912235731887,12,0.9651141591346512
antmaze-medium-stitch-v0,1,gas_reachability_budget_calibrated,none,2,81,1,,15,,0.6730769230769231,,60.27133941650391,5.731827259063721,5.781065464019775,3.380952380952381,1.0,21.0,5.294534986075817,14,0.9971292667599249
antmaze-medium-stitch-v0,1,gas_reachability_budget_calibrated,none,3,82,1,,15,,0.7317073170731707,,22.14410400390625,2.6353111267089844,2.6353111267089844,2.1818181818181817,1.0,22.0,2.747908253596234,10,0.963398234692154
antmaze-medium-stitch-v0,1,gas_reachability_budget_calibrated,none,4,83,0,,15,40,0.25,,44.2694091796875,44.23401641845703,52.35483169555664,13.564102564102564,13.0,39.0,1.7305326807987795,255,1.0
antmaze-medium-stitch-v0,1,gas_reachability_budget_calibrated,none,5,84,1,,15,,0.6976744186046512,,49.21622848510742,7.083348751068115,7.637844562530518,2.7777777777777777,1.0,18.0,2.5813688994271535,13,1.0
antmaze-medium-stitch-v0,1,gas_reachability_budget_calibrated,none,1,85,1,,15,,0.625,,48.96303939819336,3.0200157165527344,3.64960241317749,4.1923076923076925,1.0,26.0,6.086066790413417,19,1.0
antmaze-medium-stitch-v0,1,gas_reachability_budget_calibrated,none,2,86,1,,15,,0.7142857142857143,,61.756832122802734,3.458407163619995,3.5347516536712646,3.0,1.0,25.0,4.365660366568884,15,1.0
antmaze-medium-stitch-v0,1,gas_reachability_budget_calibrated,none,3,87,1,,15,,0.631578947368421,,22.56810760498047,1.7257391214370728,1.7257391214370728,3.571428571428572,1.0,14.0,3.2727079236985435,10,0.9941092071733569
antmaze-medium-stitch-v0,1,gas_reachability_budget_calibrated,none,4,88,1,,15,,0.4923076923076923,,47.51008224487305,3.14497709274292,5.029390335083008,7.0,1.0,47.0,3.891876160700423,72,0.9966335524491453
antmaze-medium-stitch-v0,1,gas_reachability_budget_calibrated,none,5,89,1,,15,,0.5833333333333334,,46.930763244628906,7.769947528839111,8.042742729187012,4.7,1.0,10.0,1.738082753804733,14,1.0
antmaze-medium-stitch-v0,1,gas_reachability_budget_calibrated,none,1,90,1,,15,,0.78,,47.7425422668457,2.4816062450408936,3.539220094680786,2.065573770491804,1.0,61.0,4.990355643306869,20,1.0
antmaze-medium-stitch-v0,1,gas_reachability_budget_calibrated,none,2,91,1,,15,,0.6730769230769231,,60.00395965576172,2.9309589862823486,2.9309589862823486,3.4285714285714284,1.0,21.0,4.342880807583622,16,0.9881347379227593
antmaze-medium-stitch-v0,1,gas_reachability_budget_calibrated,none,3,92,1,,15,,0.7346938775510204,,23.60853385925293,2.8553409576416016,2.8553409576416016,2.1481481481481484,1.0,27.0,1.9199921477054935,8,1.0
antmaze-medium-stitch-v0,1,gas_reachability_budget_calibrated,none,4,93,0,,15,42,0.2578616352201258,,46.58666229248047,46.32222366333008,52.16509628295898,13.95,14.0,40.0,2.815243401422048,270,1.0
antmaze-medium-stitch-v0,1,gas_reachability_budget_calibrated,none,5,94,1,,15,,0.7017543859649122,,46.704010009765625,4.445640563964844,4.540207862854004,2.310344827586207,1.0,29.0,2.875446578774457,13,1.0
antmaze-medium-stitch-v0,1,gas_reachability_budget_calibrated,none,1,95,1,,15,,0.7428571428571429,,48.80552291870117,1.5818461179733276,1.7498435974121094,2.810810810810811,1.0,37.0,1.0318560494301368,12,0.9764432525902129
antmaze-medium-stitch-v0,1,gas_reachability_budget_calibrated,none,2,96,1,,15,,0.7681159420289855,,60.54075622558594,4.025913715362549,5.292234420776367,2.282051282051282,1.0,39.0,1.9739186508405413,18,0.9989015615115244
antmaze-medium-stitch-v0,1,gas_reachability_budget_calibrated,none,3,97,1,,15,,0.625,,25.272850036621094,4.3570637702941895,4.449563503265381,3.125,1.0,16.0,1.8765415757082875,12,1.0
antmaze-medium-stitch-v0,1,gas_reachability_budget_calibrated,none,4,98,0,,15,19,0.1294964028776978,,46.95954895019531,46.86655426025391,51.90805435180664,12.21951219512195,12.0,41.0,3.2604368387871143,650,1.0
antmaze-medium-stitch-v0,1,gas_reachability_budget_calibrated,none,5,99,1,,15,,0.7346938775510204,,48.61749267578125,3.363860845565796,4.7490997314453125,2.375,1.0,24.0,3.412742116268113,12,1.0
antmaze-medium-navigate-v0,0,gas_shortest_replan_on_local_drift,none,1,0,1,,15,,0.8037974683544303,,57.074928283691406,0.5907454490661621,3.079364061355591,1.5982905982905984,1.0,117.0,2.922033396212556,51,0.9855065541432237
antmaze-medium-navigate-v0,0,gas_shortest_replan_on_local_drift,none,2,1,1,,15,,0.75,,56.171199798583984,3.031585931777954,3.822847604751587,2.305555555555556,1.0,36.0,2.2430852963266434,13,0.9841858157948088
antmaze-medium-navigate-v0,0,gas_shortest_replan_on_local_drift,none,3,2,0,,15,98,0.470873786407767,,19.97233390808105,19.199787139892575,27.30477333068848,6.258064516129032,6.0,93.0,0.9743257679308969,98,1.0
antmaze-medium-navigate-v0,0,gas_shortest_replan_on_local_drift,none,4,3,1,,25,,0.5555555555555556,,52.81956481933594,2.6492600440979004,2.760161638259888,6.166666666666667,1.0,36.0,1.569452344168848,23,0.962072798719919
antmaze-medium-navigate-v0,0,gas_shortest_replan_on_local_drift,none,5,4,1,,18,,0.83,,49.12838363647461,1.5184468030929563,1.5184468030929563,1.5342465753424657,1.0,73.0,1.203197636922281,21,0.9669898251338332
antmaze-medium-navigate-v0,0,gas_shortest_replan_on_local_drift,none,1,5,1,,15,,0.7684210526315789,,56.443359375,2.007209062576294,4.675951957702637,2.1475409836065573,1.0,61.0,23.374829686640638,17,0.9830271087735704
antmaze-medium-navigate-v0,0,gas_shortest_replan_on_local_drift,none,2,6,1,,15,,0.58,,57.05301284790039,6.766567230224609,6.766567230224609,4.444444444444445,1.0,18.0,2.963979692638285,14,0.9970621284345581
antmaze-medium-navigate-v0,0,gas_shortest_replan_on_local_drift,none,3,7,1,,15,,0.6285714285714286,,21.25382804870605,1.6853675842285156,2.1688365936279297,3.7058823529411766,1.0,17.0,1.7337743983957603,9,0.9458851533176517
antmaze-medium-navigate-v0,0,gas_shortest_replan_on_local_drift,none,4,8,1,,26,,0.6923076923076923,,51.647682189941406,2.846401691436768,3.72712779045105,2.64,1.0,25.0,1.3978895051795577,14,0.9558512347704072
antmaze-medium-navigate-v0,0,gas_shortest_replan_on_local_drift,none,5,9,1,,15,,0.7083333333333334,,48.33955764770508,3.372838497161865,4.226689338684082,2.25,1.0,24.0,1.776271185340765,9,0.974606465632296
antmaze-medium-navigate-v0,0,gas_shortest_replan_on_local_drift,none,1,10,1,,15,,0.5584415584415584,,58.80859375,2.3342373371124268,2.631234645843506,3.8666666666666663,1.0,30.0,3.0376489977145322,22,0.9830389348754754
antmaze-medium-navigate-v0,0,gas_shortest_replan_on_local_drift,none,2,11,1,,15,,0.8255813953488372,,56.89910125732422,1.7802081108093262,2.210275411605835,1.8135593220338984,1.0,59.0,4.383459874562527,14,0.9695070104791444
antmaze-medium-navigate-v0,0,gas_shortest_replan_on_local_drift,none,3,12,1,,20,,0.5061728395061729,,21.608699798583984,2.203533887863159,2.7883193492889404,2.975609756097561,1.0,41.0,0.9307604388574686,25,0.9752012229153237
antmaze-medium-navigate-v0,0,gas_shortest_replan_on_local_drift,none,4,13,1,,19,,0.7530864197530864,,51.56725692749024,1.5761216878890991,1.8254460096359253,2.0,1.0,52.0,1.071023158227504,13,0.9540266163081408
antmaze-medium-navigate-v0,0,gas_shortest_replan_on_local_drift,none,5,14,1,,17,,0.9794628751974724,,49.99753952026367,1.2188800573349,2.932661533355713,1.0459016393442624,1.0,610.0,2.8758043629025263,122,0.9800064869725272
antmaze-medium-navigate-v0,0,gas_shortest_replan_on_local_drift,none,1,15,1,,15,,0.5643564356435643,,58.34360122680664,1.2892980575561523,1.2892980575561523,4.295454545454546,1.0,44.0,1.7599385732153574,24,0.9829555123610149
antmaze-medium-navigate-v0,0,gas_shortest_replan_on_local_drift,none,2,16,1,,15,,0.8396946564885496,,57.58175277709961,2.944451332092285,3.4261350631713867,1.7676767676767675,1.0,99.0,2.5433754929634085,26,0.9878417804740376
antmaze-medium-navigate-v0,0,gas_shortest_replan_on_local_drift,none,3,17,1,,16,,0.6923076923076923,,23.543237686157227,2.210326671600342,2.346768379211426,2.2333333333333334,1.0,30.0,0.9960121242083518,13,0.9531178908817348
antmaze-medium-navigate-v0,0,gas_shortest_replan_on_local_drift,none,4,18,1,,15,,0.6037735849056604,,51.70662307739258,4.308813571929932,4.308813571929932,3.7142857142857135,1.0,21.0,3.683119128690873,17,0.967536942653176
antmaze-medium-navigate-v0,0,gas_shortest_replan_on_local_drift,none,5,19,1,,15,,0.8021978021978022,,48.41354370117188,1.4073879718780518,2.129796266555786,1.523076923076923,1.0,65.0,1.9150018722387885,14,0.9699985928624302
antmaze-medium-navigate-v0,0,gas_shortest_replan_on_local_drift,none,1,20,1,,17,,0.7586206896551724,,57.35804748535156,1.4936329126358032,2.866215705871582,2.0675675675675675,1.0,74.0,2.7189817550078774,25,0.9796410496451212
antmaze-medium-navigate-v0,0,gas_shortest_replan_on_local_drift,none,2,21,1,,15,,0.7647058823529411,,57.48929977416992,2.3222403526306152,3.6081464290618896,2.131578947368421,1.0,38.0,2.655338905599404,15,0.9915898021898572
antmaze-medium-navigate-v0,0,gas_shortest_replan_on_local_drift,none,3,22,1,,15,,0.7368421052631579,,18.49529838562012,1.6340762376785278,2.3456506729125977,1.9375,1.0,48.0,2.017611697376174,20,0.9651318951966981
antmaze-medium-navigate-v0,0,gas_shortest_replan_on_local_drift,none,4,23,1,,27,,0.5079365079365079,,51.480587005615234,4.066906929016113,4.066906929016113,5.08,1.0,25.0,1.5419663785296085,24,0.963867349425118
antmaze-medium-navigate-v0,0,gas_shortest_replan_on_local_drift,none,5,24,1,,15,,0.9,,50.02029037475586,1.705513596534729,5.232885837554932,1.2924528301886793,1.0,106.0,2.708780059736632,39,0.9895800948694073
antmaze-medium-navigate-v0,0,gas_shortest_replan_on_local_drift,none,1,25,1,,16,,0.7983193277310925,,57.374488830566406,1.1701749563217163,2.2792892456054688,1.7407407407407407,1.0,81.0,1.729714316062113,18,0.9786918515792884
antmaze-medium-navigate-v0,0,gas_shortest_replan_on_local_drift,none,2,26,1,,15,,0.6923076923076923,,57.01070785522461,1.1593265533447266,2.753117084503174,3.227272727272727,1.0,22.0,4.359589600696553,14,0.98123357707028
antmaze-medium-navigate-v0,0,gas_shortest_replan_on_local_drift,none,3,27,1,,15,,0.5894736842105263,,19.60108184814453,1.9074828624725344,2.583134174346924,3.6595744680851054,1.0,47.0,1.105664536037029,23,0.9848296027325714
antmaze-medium-navigate-v0,0,gas_shortest_replan_on_local_drift,none,4,28,1,,30,,0.6835443037974683,,53.43791198730469,0.5351730585098267,0.8393080830574036,3.042553191489361,1.0,47.0,2.9837386999924345,22,0.9491944909671381
antmaze-medium-navigate-v0,0,gas_shortest_replan_on_local_drift,none,5,29,1,,15,,0.7692307692307693,,49.93041610717773,2.167332887649536,2.167332887649536,2.05,1.0,40.0,4.025185147124816,13,0.9665702364401586
antmaze-medium-navigate-v0,0,gas_shortest_replan_on_local_drift,none,1,30,1,,15,,0.6557377049180327,,57.83229064941406,4.016550540924072,4.479197978973389,2.833333333333333,1.0,30.0,1.3254685221335942,13,0.9788820266482652
antmaze-medium-navigate-v0,0,gas_shortest_replan_on_local_drift,none,2,31,1,,15,,0.7752808988764045,,57.11873626708984,1.601683497428894,2.977956533432007,2.333333333333333,1.0,57.0,3.3457439289939965,26,0.9798018998708293
antmaze-medium-navigate-v0,0,gas_shortest_replan_on_local_drift,none,3,32,1,,15,,0.6046511627906976,,21.762348175048828,2.022400379180908,2.5659501552581787,3.065217391304348,1.0,46.0,1.630693855460476,29,0.9904021982394422
antmaze-medium-navigate-v0,0,gas_shortest_replan_on_local_drift,none,4,33,1,,29,,0.6153846153846154,,51.09258270263672,4.631655693054199,4.746330261230469,3.4482758620689653,1.0,29.0,1.1150347699006562,16,0.9624467498069708
antmaze-medium-navigate-v0,0,gas_shortest_replan_on_local_drift,none,5,34,1,,15,,0.8623853211009175,,47.604339599609375,3.064178228378296,3.148038148880005,1.388235294117647,1.0,85.0,3.108983716708335,21,0.9763117854603572
antmaze-medium-navigate-v0,0,gas_shortest_replan_on_local_drift,none,1,35,1,,18,,0.7068965517241379,,57.55342102050781,2.1090991497039795,4.222995758056641,2.7666666666666666,1.0,30.0,1.213597316558401,13,0.9731231911085105
antmaze-medium-navigate-v0,0,gas_shortest_replan_on_local_drift,none,2,36,1,,15,,0.6111111111111112,,57.13108444213867,2.5348753929138184,2.5348753929138184,4.181818181818182,1.0,22.0,1.0932147080816932,14,0.9771753803533201
antmaze-medium-navigate-v0,0,gas_shortest_replan_on_local_drift,none,3,37,0,,15,18,0.1240875912408759,,24.01283264160156,9.165264129638672,17.29751968383789,3.2358490566037736,3.0,106.0,1.4863631048467472,742,1.0
antmaze-medium-navigate-v0,0,gas_shortest_replan_on_local_drift,none,4,38,1,,29,,0.819047619047619,,49.62508773803711,0.9440180659294128,1.0091933012008667,1.7866666666666666,1.0,75.0,3.2867726702953046,22,0.9394422950459168
antmaze-medium-navigate-v0,0,gas_shortest_replan_on_local_drift,none,5,39,1,,23,,0.8210526315789474,,49.55823516845703,0.9122607111930848,0.9122607111930848,1.4927536231884058,1.0,69.0,1.00348132437637,13,0.9527175958450185
antmaze-medium-navigate-v0,0,gas_shortest_replan_on_local_drift,none,1,40,1,,22,,0.7164179104477612,,58.44022750854492,0.9536287784576416,0.9536287784576416,2.6578947368421053,1.0,38.0,1.9263475467297226,19,0.9582168896849904
antmaze-medium-navigate-v0,0,gas_shortest_replan_on_local_drift,none,2,41,1,,15,,0.9610894941634242,,56.6502799987793,1.03924560546875,4.286132335662842,1.107883817427386,1.0,482.0,2.732397402705313,106,0.999167831267866
antmaze-medium-navigate-v0,0,gas_shortest_replan_on_local_drift,none,3,42,0,,15,103,0.4811320754716981,,22.154449462890625,12.97702407836914,20.054386138916016,4.173469387755102,4.0,98.0,2.012616225438552,100,1.0
antmaze-medium-navigate-v0,0,gas_shortest_replan_on_local_drift,none,4,43,1,,27,,0.6296296296296297,,50.80852508544922,4.883582592010498,5.505097389221191,3.625,1.0,24.0,0.9202257469036992,14,0.9519983486166433
antmaze-medium-navigate-v0,0,gas_shortest_replan_on_local_drift,none,5,44,1,,17,,0.7692307692307693,,49.85208511352539,3.46040153503418,3.523207664489746,2.0,1.0,30.0,4.126580852074556,11,0.965336426856223
antmaze-medium-navigate-v0,0,gas_shortest_replan_on_local_drift,none,1,45,1,,15,,0.6097560975609756,,57.237430572509766,1.973803162574768,1.973803162574768,3.119047619047619,1.0,42.0,3.420147473466372,23,0.978217203911102
antmaze-medium-navigate-v0,0,gas_shortest_replan_on_local_drift,none,2,46,1,,15,,0.7875,,55.67805099487305,3.967040061950684,4.097421169281006,2.18,1.0,50.0,3.717063929180223,16,1.0
antmaze-medium-navigate-v0,0,gas_shortest_replan_on_local_drift,none,3,47,0,,15,4,0.0236220472440944,,22.24304962158203,21.972810745239254,31.605770111083984,8.950413223140496,9.0,121.0,0.5546988228245836,926,1.0
antmaze-medium-navigate-v0,0,gas_shortest_replan_on_local_drift,none,4,48,1,,32,,0.5849056603773585,,50.20293045043945,4.084424018859863,4.28118896484375,3.727272727272727,1.0,22.0,1.7756771258135418,14,0.9417761109166666
antmaze-medium-navigate-v0,0,gas_shortest_replan_on_local_drift,none,5,49,1,,15,,0.7878787878787878,,47.19905090332031,3.117874383926392,4.397561550140381,1.6590909090909092,1.0,44.0,2.0098127506945067,8,0.9780506117385389
antmaze-medium-navigate-v0,0,gas_shortest_replan_on_local_drift,none,1,50,1,,15,,0.5638297872340425,,57.81237030029297,2.5670418739318848,4.010892391204834,4.690476190476191,1.0,42.0,1.800731919378211,28,0.9861487712175938
antmaze-medium-navigate-v0,0,gas_shortest_replan_on_local_drift,none,2,51,1,,15,,0.66,,55.89505386352539,3.619133710861206,4.703819274902344,3.2857142857142856,1.0,21.0,1.9824367453755685,13,0.9940926138465715
antmaze-medium-navigate-v0,0,gas_shortest_replan_on_local_drift,none,3,52,1,,15,,0.6461538461538462,,23.218626022338867,0.8341453671455383,0.8341453671455383,2.4285714285714284,1.0,35.0,0.6221691519723419,13,0.9682266816847485
antmaze-medium-navigate-v0,0,gas_shortest_replan_on_local_drift,none,4,53,1,,19,,0.6296296296296297,,53.08609008789063,4.923148155212402,4.923148155212402,3.782608695652174,1.0,23.0,2.5274909197634448,12,0.972159040944762
antmaze-medium-navigate-v0,0,gas_shortest_replan_on_local_drift,none,5,54,1,,15,,0.8072289156626506,,49.10147857666016,2.495544195175171,3.742807626724243,1.5689655172413792,1.0,58.0,2.5744755682406444,11,0.9742336221766574
antmaze-medium-navigate-v0,0,gas_shortest_replan_on_local_drift,none,1,55,1,,15,,0.7049180327868853,,56.07561492919922,1.5846998691558838,2.994633913040161,2.793103448275862,1.0,29.0,2.669295446525273,18,0.9760473039396006
antmaze-medium-navigate-v0,0,gas_shortest_replan_on_local_drift,none,2,56,1,,15,,0.6792452830188679,,56.72121047973633,2.2426416873931885,2.387065887451172,2.96,1.0,25.0,5.5783137882831095,10,0.993805852946006
antmaze-medium-navigate-v0,0,gas_shortest_replan_on_local_drift,none,3,57,1,,25,,0.5217391304347826,,19.753835678100582,2.110633134841919,2.177263021469116,3.7058823529411766,1.0,34.0,0.7889071127014157,19,0.96499658766175
antmaze-medium-navigate-v0,0,gas_shortest_replan_on_local_drift,none,4,58,0,,27,26,0.1798561151079136,,51.2787971496582,14.81056308746338,20.823091506958008,4.329896907216495,4.0,97.0,2.19638933293134,638,0.9836557345264988
antmaze-medium-navigate-v0,0,gas_shortest_replan_on_local_drift,none,5,59,1,,20,,0.9236111111111112,,50.24198532104492,2.034437656402588,2.034437656402588,1.2195121951219512,1.0,123.0,1.9392187954429045,27,0.9652176778919884
antmaze-medium-navigate-v0,0,gas_shortest_replan_on_local_drift,none,1,60,1,,15,,0.8926553672316384,,58.53840637207031,0.4267215728759765,3.141812562942505,1.4236111111111112,1.0,144.0,6.333691473907699,57,0.9839422074722888
antmaze-medium-navigate-v0,0,gas_shortest_replan_on_local_drift,none,2,61,0,,15,8,0.0542635658914728,,56.69643783569336,51.27815628051758,56.65489196777344,14.0,14.0,117.0,0.8623501086174585,879,1.0
antmaze-medium-navigate-v0,0,gas_shortest_replan_on_local_drift,none,3,62,1,,15,,0.5961538461538461,,18.620180130004883,1.7597907781600952,3.796913146972656,2.96,1.0,25.0,2.01654988624106,14,0.9664964263747864
antmaze-medium-navigate-v0,0,gas_shortest_replan_on_local_drift,none,4,63,0,,20,11,0.075187969924812,,53.58967208862305,52.15204620361328,56.09964370727539,13.035398230088497,13.0,113.0,1.4638532832511877,815,0.9733341950683589
antmaze-medium-navigate-v0,0,gas_shortest_replan_on_local_drift,none,5,64,1,,17,,0.717391304347826,,48.80083084106445,5.175426959991455,5.853465557098389,2.347826086956522,1.0,23.0,3.2567034989966364,10,0.9765758086716576
antmaze-medium-navigate-v0,0,gas_shortest_replan_on_local_drift,none,1,65,1,,15,,0.6071428571428571,,58.31614303588867,2.1227850914001465,3.831061840057373,3.825,1.0,40.0,3.310613624931673,20,0.9824827427259841
antmaze-medium-navigate-v0,0,gas_shortest_replan_on_local_drift,none,2,66,1,,15,,0.6,,56.53378677368164,5.1447601318359375,5.31629753112793,4.5625,1.0,16.0,3.729014705389101,12,1.0
antmaze-medium-navigate-v0,0,gas_shortest_replan_on_local_drift,none,3,67,1,,16,,0.6666666666666666,,23.6937198638916,2.101141452789306,2.116698741912842,2.6956521739130435,1.0,23.0,0.7909865544355217,11,0.9533854387174601
antmaze-medium-navigate-v0,0,gas_shortest_replan_on_local_drift,none,4,68,1,,19,,0.5454545454545454,,50.55207824707031,4.583353519439697,5.848544597625732,5.222222222222222,1.0,36.0,1.8491054618113019,27,0.974797534485263
antmaze-medium-navigate-v0,0,gas_shortest_replan_on_local_drift,none,5,69,1,,16,,0.6976744186046512,,48.49495697021485,1.225377917289734,2.2936623096466064,2.571428571428572,1.0,21.0,4.0767102973805045,10,0.9563138581972492
antmaze-medium-navigate-v0,0,gas_shortest_replan_on_local_drift,none,1,70,1,,15,,0.6707317073170732,,57.36705780029297,1.071549892425537,3.32497239112854,2.738095238095238,1.0,42.0,5.481579407190844,22,0.982672425874007
antmaze-medium-navigate-v0,0,gas_shortest_replan_on_local_drift,none,2,71,1,,15,,0.725,,57.477500915527344,2.4612648487091064,3.4197614192962646,2.533333333333333,1.0,45.0,2.8933513847223757,18,0.989492329227718
antmaze-medium-navigate-v0,0,gas_shortest_replan_on_local_drift,none,3,72,1,,15,,0.6666666666666666,,21.14265251159668,1.8041969537734983,1.8041969537734983,2.5789473684210527,1.0,19.0,1.802654307434888,7,0.9447243502408524
antmaze-medium-navigate-v0,0,gas_shortest_replan_on_local_drift,none,4,73,1,,17,,0.7090909090909091,,52.509090423583984,1.925997257232666,2.472450017929077,3.259259259259259,1.0,27.0,0.9328506909244072,12,0.9562931576608049
antmaze-medium-navigate-v0,0,gas_shortest_replan_on_local_drift,none,5,74,1,,15,,0.8588235294117647,,48.172142028808594,1.5614460706710815,2.9743802547454834,1.4126984126984128,1.0,63.0,1.7607983298167045,16,0.9679122789752269
antmaze-medium-navigate-v0,0,gas_shortest_replan_on_local_drift,none,1,75,1,,15,,0.8449612403100775,,58.625301361083984,1.010651707649231,2.0500330924987797,1.75,1.0,96.0,2.586831786558112,39,0.9737846923855733
antmaze-medium-navigate-v0,0,gas_shortest_replan_on_local_drift,none,2,76,1,,15,,0.808695652173913,,56.79792022705078,2.8907759189605717,5.651218891143799,1.7926829268292683,1.0,82.0,5.239381916048186,26,0.9939485987908089
antmaze-medium-navigate-v0,0,gas_shortest_replan_on_local_drift,none,3,77,1,,15,,0.8533333333333334,,23.55562973022461,3.7131383419036874,3.8227970600128174,1.368421052631579,1.0,57.0,1.2050611358041556,12,0.9762407691742496
antmaze-medium-navigate-v0,0,gas_shortest_replan_on_local_drift,none,4,78,1,,24,,0.7263157894736842,,48.8975830078125,1.4675252437591553,4.182552814483643,2.433333333333333,1.0,60.0,1.6177253325496117,20,0.9549506807433933
antmaze-medium-navigate-v0,0,gas_shortest_replan_on_local_drift,none,5,79,1,,15,,0.7017543859649122,,49.69342803955078,3.172389030456543,3.172389030456543,2.064516129032258,1.0,31.0,2.813721846477772,12,0.9783310487898769
antmaze-medium-navigate-v0,0,gas_shortest_replan_on_local_drift,none,1,80,1,,15,,0.803921568627451,,57.25643539428711,1.9821603298187256,3.248850584030152,2.071428571428572,1.0,70.0,3.941917304922462,26,0.9802577924919793
antmaze-medium-navigate-v0,0,gas_shortest_replan_on_local_drift,none,2,81,1,,15,,0.6530612244897959,,56.6136589050293,4.761747360229492,5.194076061248779,3.0476190476190474,1.0,21.0,5.950883017559009,10,0.9953254136178908
antmaze-medium-navigate-v0,0,gas_shortest_replan_on_local_drift,none,3,82,1,,16,,0.7475728155339806,,19.86833381652832,0.6543382406234741,1.9197862148284912,2.028985507246377,1.0,69.0,1.886782205897008,20,0.9736061185460724
antmaze-medium-navigate-v0,0,gas_shortest_replan_on_local_drift,none,4,83,0,,27,72,0.3879781420765027,,50.32294464111328,45.33675003051758,51.75601577758789,10.987012987012989,11.0,77.0,2.1133226560901752,83,0.9990301630986236
antmaze-medium-navigate-v0,0,gas_shortest_replan_on_local_drift,none,5,84,1,,15,,0.7666666666666667,,47.528541564941406,3.874425172805786,4.090517044067383,1.7567567567567568,1.0,37.0,1.2158242511675763,12,0.970093822408424
antmaze-medium-navigate-v0,0,gas_shortest_replan_on_local_drift,none,1,85,1,,17,,0.703125,,57.41889953613281,1.730655312538147,2.6572515964508057,2.806451612903226,1.0,31.0,2.345409725306672,13,0.9717729726813013
antmaze-medium-navigate-v0,0,gas_shortest_replan_on_local_drift,none,2,86,1,,15,,0.6666666666666666,,56.29994201660156,5.010756015777588,5.39316987991333,4.428571428571429,1.0,14.0,2.3051182166363904,10,1.0
antmaze-medium-navigate-v0,0,gas_shortest_replan_on_local_drift,none,3,87,1,,15,,0.6944444444444444,,25.157041549682617,1.353200912475586,1.9598175287246704,2.235294117647059,1.0,17.0,3.1654803801183533,10,0.9976787486008346
antmaze-medium-navigate-v0,0,gas_shortest_replan_on_local_drift,none,4,88,1,,22,,0.7272727272727273,,51.813907623291016,0.7737284302711487,1.6541764736175537,2.422222222222222,1.0,45.0,2.4538460512971425,13,0.9586327578616994
antmaze-medium-navigate-v0,0,gas_shortest_replan_on_local_drift,none,5,89,1,,15,,0.7391304347826086,,50.1040153503418,2.573449850082397,2.573449850082397,2.2,1.0,25.0,2.0609249929795803,10,0.9575577967278328
antmaze-medium-navigate-v0,0,gas_shortest_replan_on_local_drift,none,1,90,0,,18,26,0.1748251748251748,,58.395755767822266,43.02608871459961,50.73052597045898,10.942307692307692,11.0,104.0,13.595138913972576,670,0.9980742644120664
antmaze-medium-navigate-v0,0,gas_shortest_replan_on_local_drift,none,2,91,1,,15,,0.6296296296296297,,56.90704727172852,3.6412298679351807,3.732065200805664,3.7142857142857135,1.0,21.0,1.9960067988028938,13,0.9910979154456181
antmaze-medium-navigate-v0,0,gas_shortest_replan_on_local_drift,none,3,92,1,,15,,0.6216216216216216,,24.750925064086918,0.9921993017196656,1.3080023527145386,2.8125,1.0,16.0,1.2075864544559831,9,0.9848280481854084
antmaze-medium-navigate-v0,0,gas_shortest_replan_on_local_drift,none,4,93,1,,19,,0.8024691358024691,,52.77387237548828,1.1112432479858398,3.040369749069214,2.1320754716981134,1.0,53.0,1.8435349987663083,14,0.9547169480289501
antmaze-medium-navigate-v0,0,gas_shortest_replan_on_local_drift,none,5,94,1,,20,,0.7454545454545455,,49.45684051513672,2.691499710083008,2.691499710083008,2.03125,1.0,32.0,2.61807759243429,12,0.946971775839228
antmaze-medium-navigate-v0,0,gas_shortest_replan_on_local_drift,none,1,95,1,,15,,0.7454545454545455,,58.63767623901367,1.1697776317596436,2.5192971229553223,1.9565217391304348,1.0,69.0,2.0410203799344453,25,0.9801473890281056
antmaze-medium-navigate-v0,0,gas_shortest_replan_on_local_drift,none,2,96,1,,15,,0.5909090909090909,,57.44866180419922,4.92423152923584,4.92423152923584,5.0,1.0,14.0,1.2672626929491797,16,0.9850075926404588
antmaze-medium-navigate-v0,0,gas_shortest_replan_on_local_drift,none,3,97,0,,15,9,0.0610687022900763,,25.558061599731445,22.38695526123047,32.207725524902344,8.949579831932773,9.0,119.0,2.8040972101130865,882,1.0
antmaze-medium-navigate-v0,0,gas_shortest_replan_on_local_drift,none,4,98,0,,24,9,0.0620155038759689,,52.86774444580078,50.583587646484375,51.84669876098633,12.2,12.0,110.0,0.7900253347830084,786,0.9831240256575732
antmaze-medium-navigate-v0,0,gas_shortest_replan_on_local_drift,none,5,99,1,,15,,0.9113924050632912,,50.719703674316406,1.766890525817871,1.7848987579345703,1.2444444444444445,1.0,135.0,2.7266630818217394,28,0.9693242558995545
antmaze-medium-navigate-v0,0,gas_shortest_adaptive_subgoal_horizon,none,1,0,1,,15,,0.6721311475409836,,57.14453506469727,1.723271369934082,2.762847900390625,2.422535211267605,1.0,71.0,3.8913228031426543,28,0.9825633978194884
antmaze-medium-navigate-v0,0,gas_shortest_adaptive_subgoal_horizon,none,2,1,1,,15,,0.5694444444444444,,56.627288818359375,6.077788352966309,6.077788352966309,3.928571428571429,1.0,28.0,2.7784748606087972,18,0.9955938367322397
antmaze-medium-navigate-v0,0,gas_shortest_adaptive_subgoal_horizon,none,3,2,1,,15,,0.5,,19.50480079650879,1.5581477880477903,1.5581477880477903,4.0,1.0,41.0,1.4817886550279122,15,0.9778537497172658
antmaze-medium-navigate-v0,0,gas_shortest_adaptive_subgoal_horizon,none,4,3,1,,25,,0.4351851851851852,,52.87955856323242,3.747171401977539,3.747171401977539,7.891304347826087,1.0,46.0,1.6142898077604886,31,0.9765813772028908
antmaze-medium-navigate-v0,0,gas_shortest_adaptive_subgoal_horizon,none,5,4,1,,18,,0.559322033898305,,49.241329193115234,3.547592878341675,4.429512023925781,3.565217391304348,1.0,23.0,1.8715092850927573,9,0.9775820714587118
antmaze-medium-navigate-v0,0,gas_shortest_adaptive_subgoal_horizon,none,1,5,1,,15,,0.752,,56.216705322265625,1.0765464305877686,1.0969080924987793,2.2911392405063293,1.0,79.0,2.4060699289585443,21,0.9747819595754065
antmaze-medium-navigate-v0,0,gas_shortest_adaptive_subgoal_horizon,none,2,6,0,,15,186,0.4842931937172774,,57.11051559448242,39.1907958984375,42.785404205322266,8.152173913043478,8.0,184.0,2.0650129568761635,177,1.0
antmaze-medium-navigate-v0,0,gas_shortest_adaptive_subgoal_horizon,none,3,7,0,,20,13,0.046692607003891,,20.99519157409668,20.99519157409668,31.78972053527832,8.919148936170213,9.0,235.0,1.3187615269408157,863,1.0
antmaze-medium-navigate-v0,0,gas_shortest_adaptive_subgoal_horizon,none,4,8,0,,26,20,0.075098814229249,,51.90091323852539,24.02245712280273,29.555191040039062,5.2,5.0,215.0,1.795308116413106,798,0.9945183080395152
antmaze-medium-navigate-v0,0,gas_shortest_adaptive_subgoal_horizon,none,5,9,1,,15,,0.704225352112676,,48.28431701660156,3.714664459228516,4.450001239776611,2.095238095238096,1.0,42.0,3.143917116851376,16,0.9813859499371128
antmaze-medium-navigate-v0,0,gas_shortest_adaptive_subgoal_horizon,none,1,10,1,,15,,0.79375,,58.92372131347656,0.4944562315940857,3.0241124629974365,1.7586206896551724,1.0,116.0,5.116036708138858,41,0.9825791891427894
antmaze-medium-navigate-v0,0,gas_shortest_adaptive_subgoal_horizon,none,2,11,1,,15,,0.5806451612903226,,56.35650634765625,2.2997689247131348,3.03320574760437,3.5,1.0,26.0,2.6244037290701847,11,0.9737101861458844
antmaze-medium-navigate-v0,0,gas_shortest_adaptive_subgoal_horizon,none,3,12,1,,20,,0.4615384615384615,,21.779672622680664,2.2078287601470947,2.9360954761505127,3.928571428571429,1.0,42.0,2.4160129680576414,16,0.9770641172410997
antmaze-medium-navigate-v0,0,gas_shortest_adaptive_subgoal_horizon,none,4,13,0,,19,189,0.4870466321243523,,51.9820556640625,42.87019729614258,48.56902313232422,10.091397849462366,10.0,186.0,3.6473054844548938,178,1.0
antmaze-medium-navigate-v0,0,gas_shortest_adaptive_subgoal_horizon,none,5,14,1,,15,,0.8738738738738738,,49.665992736816406,2.6204659938812256,3.06011962890625,1.3675675675675676,1.0,185.0,1.899018935897462,37,0.9755158150188662
antmaze-medium-navigate-v0,0,gas_shortest_adaptive_subgoal_horizon,none,1,15,1,,15,,0.6,,58.01200485229492,1.932928681373596,3.78755784034729,3.3714285714285714,1.0,35.0,2.124550682935088,18,0.9837471886959165
antmaze-medium-navigate-v0,0,gas_shortest_adaptive_subgoal_horizon,none,2,16,1,,15,,0.6568627450980392,,57.44552612304688,3.002535581588745,6.510986328125,3.333333333333333,1.0,54.0,1.867066711254076,24,1.0
antmaze-medium-navigate-v0,0,gas_shortest_adaptive_subgoal_horizon,none,3,17,1,,16,,0.422680412371134,,22.84082794189453,1.94410502910614,2.552021026611328,5.666666666666667,1.0,39.0,0.9984600811135018,21,0.9790358624045081
antmaze-medium-navigate-v0,0,gas_shortest_adaptive_subgoal_horizon,none,4,18,1,,15,,0.47,,51.30025100708008,3.294276475906372,3.3634045124053955,6.75,1.0,44.0,1.4617092364562465,18,0.9750496279979317
antmaze-medium-navigate-v0,0,gas_shortest_adaptive_subgoal_horizon,none,5,19,1,,15,,0.660377358490566,,48.77329254150391,1.974809527397156,2.625675201416016,2.75,1.0,24.0,2.7638421192102256,10,0.9702415779350145
antmaze-medium-navigate-v0,0,gas_shortest_adaptive_subgoal_horizon,none,1,20,1,,17,,0.8333333333333334,,56.95166397094727,0.62845379114151,3.7577755451202393,1.743801652892562,1.0,242.0,6.3498525134147625,63,0.9898549648955856
antmaze-medium-navigate-v0,0,gas_shortest_adaptive_subgoal_horizon,none,2,21,1,,15,,0.8781512605042017,,57.36042022705078,2.279068946838379,5.280075073242188,1.4517766497461928,1.0,197.0,4.778436259654616,43,0.999838441335356
antmaze-medium-navigate-v0,0,gas_shortest_adaptive_subgoal_horizon,none,3,22,0,,15,6,0.0199203187250996,,18.52814483642578,17.81111717224121,25.581716537475582,7.970833333333333,8.0,240.0,0.41078105274080395,920,1.0
antmaze-medium-navigate-v0,0,gas_shortest_adaptive_subgoal_horizon,none,4,23,1,,28,,0.5057471264367817,,52.103736877441406,2.225229501724243,2.2864363193511963,6.0,1.0,35.0,1.5461426347312652,16,0.9611675345728516
antmaze-medium-navigate-v0,0,gas_shortest_adaptive_subgoal_horizon,none,5,24,1,,15,,0.6144578313253012,,50.14684677124024,3.8661773204803462,6.135121822357178,2.9302325581395348,1.0,43.0,1.613344050507055,13,0.9953336086825808
antmaze-medium-navigate-v0,0,gas_shortest_adaptive_subgoal_horizon,none,1,25,1,,16,,0.5765765765765766,,57.15720748901367,2.083075761795044,2.351729154586792,3.117647058823529,1.0,51.0,9.776261395868849,18,0.984465311440276
antmaze-medium-navigate-v0,0,gas_shortest_adaptive_subgoal_horizon,none,2,26,1,,15,,0.5588235294117647,,57.19395065307617,1.6239532232284546,1.6239532232284546,5.25,1.0,24.0,6.923174645796439,14,0.9801904990368824
antmaze-medium-navigate-v0,0,gas_shortest_adaptive_subgoal_horizon,none,3,27,1,,15,,0.5193798449612403,,20.17998313903809,0.7752857804298401,1.6274912357330322,4.619047619047619,1.0,63.0,1.9459209409321068,22,0.9823929107336841
antmaze-medium-navigate-v0,0,gas_shortest_adaptive_subgoal_horizon,none,4,28,1,,29,,0.5142857142857142,,53.469512939453125,2.688793659210205,2.688793659210205,5.214285714285714,1.0,28.0,2.611606927767799,13,0.9615518704999734
antmaze-medium-navigate-v0,0,gas_shortest_adaptive_subgoal_horizon,none,5,29,1,,15,,0.7899159663865546,,49.72734832763672,2.424672365188598,4.2027788162231445,1.6823529411764706,1.0,85.0,2.7494576752736695,24,0.9798849888472113
antmaze-medium-navigate-v0,0,gas_shortest_adaptive_subgoal_horizon,none,1,30,1,,15,,0.6666666666666666,,57.903839111328125,1.3228001594543457,3.2781982421875,2.833333333333333,1.0,60.0,2.423497746317118,24,0.980023274166191
antmaze-medium-navigate-v0,0,gas_shortest_adaptive_subgoal_horizon,none,2,31,1,,15,,0.8549019607843137,,57.02926254272461,0.7486105561256409,3.2528069019317627,1.5990338164251208,1.0,207.0,3.640177024731916,55,0.9863566458903092
antmaze-medium-navigate-v0,0,gas_shortest_adaptive_subgoal_horizon,none,3,32,1,,15,,0.6875,,20.820390701293945,2.462918996810913,2.896027088165283,2.5737704918032787,1.0,61.0,1.3736430554671135,14,0.9897661931698322
antmaze-medium-navigate-v0,0,gas_shortest_adaptive_subgoal_horizon,none,4,33,1,,32,,0.5342465753424658,,50.74034118652344,1.659533143043518,2.227137327194214,5.466666666666667,1.0,30.0,3.964630178188944,13,0.948887936196891
antmaze-medium-navigate-v0,0,gas_shortest_adaptive_subgoal_horizon,none,5,34,1,,15,,0.7471264367816092,,47.87147521972656,3.0887224674224854,3.0887224674224854,1.9464285714285716,1.0,56.0,2.617492341226838,17,0.9769748699930294
antmaze-medium-navigate-v0,0,gas_shortest_adaptive_subgoal_horizon,none,1,35,1,,18,,0.5813953488372093,,57.89749526977539,1.9941812753677368,2.5967984199523926,4.578947368421052,1.0,38.0,4.1828238159863895,16,0.9740962116651308
antmaze-medium-navigate-v0,0,gas_shortest_adaptive_subgoal_horizon,none,2,36,1,,15,,0.8509316770186336,,57.13288116455078,2.4649503231048584,3.388575792312622,1.6048387096774193,1.0,124.0,1.6261876921565623,26,0.9821967201279382
antmaze-medium-navigate-v0,0,gas_shortest_adaptive_subgoal_horizon,none,3,37,0,,15,11,0.0389105058365758,,24.66371726989746,21.904296875,30.499103546142575,7.03781512605042,7.0,238.0,1.3044210508846523,889,1.0
antmaze-medium-navigate-v0,0,gas_shortest_adaptive_subgoal_horizon,none,4,38,0,,28,171,0.4657534246575342,,50.28640365600586,13.713336944580078,21.199298858642575,4.5,4.0,168.0,2.328359193149967,162,0.99851543358513
antmaze-medium-navigate-v0,0,gas_shortest_adaptive_subgoal_horizon,none,5,39,1,,17,,0.7619047619047619,,49.846004486083984,3.9525415897369385,4.002261638641357,1.7428571428571429,1.0,70.0,3.9656184039416713,12,0.9728073306773732
antmaze-medium-navigate-v0,0,gas_shortest_adaptive_subgoal_horizon,none,1,40,1,,26,,0.4959349593495935,,58.4904670715332,1.0279316902160645,1.8814831972122192,4.551020408163265,1.0,49.0,14.132924492368012,20,0.9826601980872556
antmaze-medium-navigate-v0,0,gas_shortest_adaptive_subgoal_horizon,none,2,41,1,,15,,0.6470588235294118,,57.22022247314453,2.4317867755889893,2.4317867755889893,2.863636363636364,1.0,44.0,2.2002634962832395,11,0.9909545066688282
antmaze-medium-navigate-v0,0,gas_shortest_adaptive_subgoal_horizon,none,3,42,0,,15,9,0.0317460317460317,,22.412425994873047,20.62534523010254,31.24977302551269,8.966244725738397,9.0,237.0,0.8520774421537739,909,1.0
antmaze-medium-navigate-v0,0,gas_shortest_adaptive_subgoal_horizon,none,4,43,1,,32,,0.5454545454545454,,51.23958206176758,3.909893274307251,4.028173923492432,4.965517241379311,1.0,29.0,0.9554926817990658,16,0.9453369394011736
antmaze-medium-navigate-v0,0,gas_shortest_adaptive_subgoal_horizon,none,5,44,1,,18,,0.5636363636363636,,49.83135223388672,6.001455307006836,6.001455307006836,3.5454545454545454,1.0,22.0,5.650112335075715,11,0.9847101284212308
antmaze-medium-navigate-v0,0,gas_shortest_adaptive_subgoal_horizon,none,1,45,1,,15,,0.6493506493506493,,57.37871551513672,2.004514217376709,2.788316011428833,2.918918918918919,1.0,37.0,4.063111840144019,14,0.9789315590720744
antmaze-medium-navigate-v0,0,gas_shortest_adaptive_subgoal_horizon,none,2,46,1,,15,,0.5797101449275363,,55.96982955932617,3.702609062194824,3.790743350982666,4.689655172413793,1.0,29.0,4.600040466557732,14,0.9989068853656001
antmaze-medium-navigate-v0,0,gas_shortest_adaptive_subgoal_horizon,none,3,47,1,,15,,0.4666666666666667,,22.741138458251957,2.0721750259399414,2.0721750259399414,4.15625,1.0,32.0,2.295377250780761,14,0.976400999747645
antmaze-medium-navigate-v0,0,gas_shortest_adaptive_subgoal_horizon,none,4,48,1,,32,,0.4936708860759494,,50.21289825439453,4.075868129730225,4.2749433517456055,5.676470588235294,1.0,34.0,2.0865754772664586,15,0.9596383468241176
antmaze-medium-navigate-v0,0,gas_shortest_adaptive_subgoal_horizon,none,5,49,1,,15,,0.8707865168539326,,47.64461517333984,1.812469244003296,2.5460429191589355,1.2993197278911566,1.0,147.0,2.000490478189865,20,0.9744540079412166
antmaze-medium-navigate-v0,0,gas_shortest_adaptive_subgoal_horizon,none,1,50,1,,19,,0.4685314685314685,,57.96768569946289,2.957689046859741,3.1994967460632324,5.214285714285714,1.0,56.0,7.740017885186297,26,0.9885548692502568
antmaze-medium-navigate-v0,0,gas_shortest_adaptive_subgoal_horizon,none,2,51,1,,15,,0.6404494382022472,,56.16729736328125,5.4853196144104,6.945972919464111,3.422222222222222,1.0,45.0,2.086346440168362,16,1.0
antmaze-medium-navigate-v0,0,gas_shortest_adaptive_subgoal_horizon,none,3,52,1,,15,,0.5357142857142857,,24.15338897705078,2.668352603912353,2.668352603912353,2.76,1.0,25.0,1.3435746671464557,11,0.974038763259528
antmaze-medium-navigate-v0,0,gas_shortest_adaptive_subgoal_horizon,none,4,53,0,,21,28,0.10546875,,53.00300216674805,14.279181480407717,26.086057662963867,4.232323232323233,4.0,198.0,3.3714355201693644,682,0.9981156621023096
antmaze-medium-navigate-v0,0,gas_shortest_adaptive_subgoal_horizon,none,5,54,1,,16,,0.5915492957746479,,49.43782806396485,2.998351812362671,4.058655261993408,2.8529411764705883,1.0,34.0,10.647255122703617,9,0.9816600088856221
antmaze-medium-navigate-v0,0,gas_shortest_adaptive_subgoal_horizon,none,1,55,1,,15,,0.5443786982248521,,56.25437545776367,1.569356918334961,1.860284686088562,4.605263157894737,1.0,76.0,4.462091926839621,30,0.9910125783444542
antmaze-medium-navigate-v0,0,gas_shortest_adaptive_subgoal_horizon,none,2,56,1,,15,,0.640625,,56.60549545288086,4.444725513458252,5.552517414093018,3.8461538461538463,1.0,26.0,2.2708011656194564,13,1.0
antmaze-medium-navigate-v0,0,gas_shortest_adaptive_subgoal_horizon,none,3,57,0,,25,15,0.0542635658914728,,18.52031707763672,18.52031707763672,30.646747589111328,8.914529914529915,9.0,234.0,0.8135157786066365,850,0.9857841571676
antmaze-medium-navigate-v0,0,gas_shortest_adaptive_subgoal_horizon,none,4,58,1,,27,,0.5138888888888888,,51.63111877441406,1.9852148294448853,2.4006876945495605,5.384615384615385,1.0,26.0,3.962863384690976,13,0.9543629356511584
antmaze-medium-navigate-v0,0,gas_shortest_adaptive_subgoal_horizon,none,5,59,1,,20,,0.7111111111111111,,50.16319274902344,1.7651041746139526,2.9970240592956543,2.196428571428572,1.0,56.0,7.625555203553799,10,0.9729537921367668
antmaze-medium-navigate-v0,0,gas_shortest_adaptive_subgoal_horizon,none,1,60,1,,15,,0.7011494252873564,,58.69908142089844,0.8785110116004944,1.9324713945388796,2.62,1.0,50.0,1.426244538225338,23,0.9744142531458109
antmaze-medium-navigate-v0,0,gas_shortest_adaptive_subgoal_horizon,none,2,61,1,,15,,0.5596330275229358,,56.22566223144531,1.5309778451919556,1.5937285423278809,3.6808510638297873,1.0,47.0,3.0795246249077515,20,0.9846818975928189
antmaze-medium-navigate-v0,0,gas_shortest_adaptive_subgoal_horizon,none,3,62,1,,23,,0.5280898876404494,,18.99835205078125,2.39471173286438,3.6226565837860103,3.9130434782608696,1.0,46.0,1.9179213802191568,12,0.9746803076219561
antmaze-medium-navigate-v0,0,gas_shortest_adaptive_subgoal_horizon,none,4,63,1,,23,,0.5945945945945946,,53.36389923095703,1.508623719215393,1.5537853240966797,3.363636363636364,1.0,55.0,4.554213465637184,17,0.9697423463592812
antmaze-medium-navigate-v0,0,gas_shortest_adaptive_subgoal_horizon,none,5,64,1,,15,,0.546875,,48.806270599365234,4.859325408935547,4.859325408935547,3.5384615384615383,1.0,26.0,5.249683724635568,11,0.9782602686030146
antmaze-medium-navigate-v0,0,gas_shortest_adaptive_subgoal_horizon,none,1,65,1,,15,,0.6344086021505376,,58.51559066772461,2.5707101821899414,4.368326187133789,3.979591836734694,1.0,49.0,2.994197430815863,16,0.9850049216280146
antmaze-medium-navigate-v0,0,gas_shortest_adaptive_subgoal_horizon,none,2,66,1,,15,,0.7222222222222222,,56.61173248291016,1.117003321647644,2.4095547199249268,2.283582089552239,1.0,67.0,1.5025167879123014,17,0.9886615591098546
antmaze-medium-navigate-v0,0,gas_shortest_adaptive_subgoal_horizon,none,3,67,0,,16,6,0.0197628458498023,,23.70814323425293,23.70814323425293,33.20011901855469,8.974789915966387,9.0,238.0,0.8696118517388897,913,1.0
antmaze-medium-navigate-v0,0,gas_shortest_adaptive_subgoal_horizon,none,4,68,0,,27,153,0.4393063583815029,,50.81730651855469,14.66845703125,25.020587921142575,5.716129032258064,5.0,155.0,2.3280216226838446,135,0.9993429149757568
antmaze-medium-navigate-v0,0,gas_shortest_adaptive_subgoal_horizon,none,5,69,1,,16,,0.5915492957746479,,48.30006790161133,1.6687496900558472,1.8876208066940308,3.1515151515151514,1.0,33.0,5.316142660908704,10,0.9682715669824956
antmaze-medium-navigate-v0,0,gas_shortest_adaptive_subgoal_horizon,none,1,70,1,,15,,0.7722772277227723,,57.19719314575195,0.6184841394424438,2.350900173187256,1.8767123287671232,1.0,146.0,3.5260834132160954,57,0.9862915635444421
antmaze-medium-navigate-v0,0,gas_shortest_adaptive_subgoal_horizon,none,2,71,1,,15,,0.6213592233009708,,57.3994255065918,1.0176337957382202,1.0176337957382202,3.941176470588236,1.0,51.0,4.52907703089076,17,0.9843994662719936
antmaze-medium-navigate-v0,0,gas_shortest_adaptive_subgoal_horizon,none,3,72,1,,15,,0.6027397260273972,,21.697757720947266,1.9440861940383911,2.9556140899658203,2.55,1.0,40.0,1.0417564866816065,8,0.9596433045687162
antmaze-medium-navigate-v0,0,gas_shortest_adaptive_subgoal_horizon,none,4,73,1,,17,,0.6063829787234043,,52.77822113037109,1.410771727561951,1.8453190326690676,4.26,1.0,50.0,1.849207855870881,13,0.9627087189281148
antmaze-medium-navigate-v0,0,gas_shortest_adaptive_subgoal_horizon,none,5,74,1,,15,,0.6271186440677966,,48.54658126831055,4.089034557342529,4.307302951812744,2.6296296296296298,1.0,27.0,5.379845906252727,11,0.9800994462273677
antmaze-medium-navigate-v0,0,gas_shortest_adaptive_subgoal_horizon,none,1,75,1,,15,,0.7727272727272727,,58.52875900268555,1.1149983406066897,2.5999388694763184,2.13375796178344,1.0,157.0,1.9280589180921908,40,0.9862943754038213
antmaze-medium-navigate-v0,0,gas_shortest_adaptive_subgoal_horizon,none,2,76,1,,15,,0.56,,56.995750427246094,4.176996231079102,4.86664342880249,5.2,1.0,30.0,7.5423815779208985,17,0.9918439507519264
antmaze-medium-navigate-v0,0,gas_shortest_adaptive_subgoal_horizon,none,3,77,0,,15,182,0.4701298701298701,,25.142826080322266,24.39949607849121,32.537471771240234,8.0,8.0,185.0,1.7830572664837498,171,1.0
antmaze-medium-navigate-v0,0,gas_shortest_adaptive_subgoal_horizon,none,4,78,0,,24,185,0.4779220779220779,,48.67350006103516,48.45704650878906,54.736305236816406,12.053475935828876,12.0,187.0,1.8397075938888645,176,0.996871076172316
antmaze-medium-navigate-v0,0,gas_shortest_adaptive_subgoal_horizon,none,5,79,1,,15,,0.6527777777777778,,49.26758193969727,2.587955951690674,2.587955951690674,2.675675675675676,1.0,37.0,1.851703389903949,11,0.9793050085752812
antmaze-medium-navigate-v0,0,gas_shortest_adaptive_subgoal_horizon,none,1,80,1,,15,,0.5869565217391305,,57.42203521728516,1.388108253479004,3.4392426013946533,3.363636363636364,1.0,44.0,4.401365568733781,17,0.9848899182822842
antmaze-medium-navigate-v0,0,gas_shortest_adaptive_subgoal_horizon,none,2,81,1,,15,,0.798941798941799,,56.80332946777344,2.261683940887451,2.9080464839935303,1.7681159420289856,1.0,138.0,3.5253673819509177,32,0.9906700679543309
antmaze-medium-navigate-v0,0,gas_shortest_adaptive_subgoal_horizon,none,3,82,1,,16,,0.5818181818181818,,21.01848793029785,1.646721601486206,2.380788326263428,3.3846153846153846,1.0,26.0,3.212635220457961,4,0.9631608814648325
antmaze-medium-navigate-v0,0,gas_shortest_adaptive_subgoal_horizon,none,4,83,1,,27,,0.676056338028169,,49.9708366394043,2.1642987728118896,4.504339218139648,3.2873563218390807,1.0,87.0,4.203500089682295,21,0.9706056931684848
antmaze-medium-navigate-v0,0,gas_shortest_adaptive_subgoal_horizon,none,5,84,1,,15,,0.7666666666666667,,47.99972152709961,1.91577672958374,3.4669389724731445,1.862068965517241,1.0,58.0,11.77394113680161,14,0.9758461625258673
antmaze-medium-navigate-v0,0,gas_shortest_adaptive_subgoal_horizon,none,1,85,1,,15,,0.6330275229357798,,57.57910919189453,0.5879411697387695,2.145923852920532,3.1481481481481484,1.0,54.0,8.906701315319944,28,0.9804679234440448
antmaze-medium-navigate-v0,0,gas_shortest_adaptive_subgoal_horizon,none,2,86,1,,15,,0.6111111111111112,,56.186668395996094,4.572767734527588,6.842312812805176,3.303030303030303,1.0,33.0,2.0739128406970027,18,1.0
antmaze-medium-navigate-v0,0,gas_shortest_adaptive_subgoal_horizon,none,3,87,0,,15,184,0.4778067885117493,,24.591459274291992,16.967363357543945,23.418249130249023,4.110526315789474,4.0,190.0,3.873997928658753,182,1.0
antmaze-medium-navigate-v0,0,gas_shortest_adaptive_subgoal_horizon,none,4,88,1,,23,,0.5824175824175825,,52.38688278198242,1.1953359842300415,1.95701277256012,4.0,1.0,45.0,1.6940212948225166,17,0.9624427880390268
antmaze-medium-navigate-v0,0,gas_shortest_adaptive_subgoal_horizon,none,5,89,1,,15,,0.6511627906976745,,50.20905685424805,1.6485073566436768,1.6485073566436768,2.645833333333333,1.0,48.0,2.7669466791075483,9,0.9701645206201301
antmaze-medium-navigate-v0,0,gas_shortest_adaptive_subgoal_horizon,none,1,90,1,,20,,0.722488038277512,,58.24544525146485,0.6457628011703491,0.6457628011703491,2.234042553191489,1.0,141.0,2.7036571838996566,43,0.9783930077644029
antmaze-medium-navigate-v0,0,gas_shortest_adaptive_subgoal_horizon,none,2,91,1,,15,,0.5230769230769231,,56.90616989135742,4.814294815063477,5.426217079162598,5.608695652173913,1.0,23.0,5.741293793454406,13,0.9989116517458789
antmaze-medium-navigate-v0,0,gas_shortest_adaptive_subgoal_horizon,none,3,92,0,,15,8,0.0275590551181102,,24.366378784179688,22.735614776611328,30.78204345703125,8.979338842975206,9.0,242.0,2.043532338416413,926,1.0
antmaze-medium-navigate-v0,0,gas_shortest_adaptive_subgoal_horizon,none,4,93,1,,19,,0.5581395348837209,,52.71377944946289,1.0957887172698977,1.6371818780899048,4.0,1.0,37.0,3.629059005696608,14,0.9605640028245702
antmaze-medium-navigate-v0,0,gas_shortest_adaptive_subgoal_horizon,none,5,94,1,,16,,0.7215189873417721,,49.53742218017578,0.6837217211723328,0.7569260001182556,2.083333333333333,1.0,48.0,1.6459582853201438,11,0.9511650695722161
antmaze-medium-navigate-v0,0,gas_shortest_adaptive_subgoal_horizon,none,1,95,1,,15,,0.7074829931972789,,58.445919036865234,0.89621502161026,2.4769632816314697,2.417582417582417,1.0,91.0,7.841579782924838,32,0.9855869602366609
antmaze-medium-navigate-v0,0,gas_shortest_adaptive_subgoal_horizon,none,2,96,1,,15,,0.5238095238095238,,57.09761047363281,3.500016212463379,3.57173228263855,4.818181818181818,1.0,22.0,1.547050693972861,13,0.983544470692022
antmaze-medium-navigate-v0,0,gas_shortest_adaptive_subgoal_horizon,none,3,97,1,,15,,0.4310344827586206,,25.17832946777344,1.9714328050613403,2.112879753112793,5.22,1.0,50.0,3.732257636576084,22,1.0
antmaze-medium-navigate-v0,0,gas_shortest_adaptive_subgoal_horizon,none,4,98,0,,24,36,0.131578947368421,,53.06747055053711,15.87433624267578,23.67277336120605,5.408653846153846,5.0,208.0,2.3152274888384707,723,0.9907447488395986
antmaze-medium-navigate-v0,0,gas_shortest_adaptive_subgoal_horizon,none,5,99,1,,15,,0.8834080717488789,,50.690189361572266,2.3059144020080566,2.4879164695739746,1.3015873015873016,1.0,189.0,3.957534078054723,44,0.9784326896548936
antmaze-medium-navigate-v0,0,gas_reachability_budget_replan_on_local_drift,none,1,0,1,,15,,0.6559139784946236,,57.06469345092773,1.3337949514389038,3.104076623916626,2.3529411764705883,1.0,51.0,2.2184791394214853,23,0.9830418943694968
antmaze-medium-navigate-v0,0,gas_reachability_budget_replan_on_local_drift,none,2,1,1,,15,,0.6923076923076923,,56.34183120727539,4.248097896575928,5.367210388183594,2.958333333333333,1.0,24.0,2.2430852963266434,13,0.9913549984880896
antmaze-medium-navigate-v0,0,gas_reachability_budget_replan_on_local_drift,none,3,2,0,,15,98,0.470873786407767,,19.82050132751465,19.122615814208984,27.382308959960938,6.258064516129032,6.0,93.0,0.9743257679308969,98,1.0
antmaze-medium-navigate-v0,0,gas_reachability_budget_replan_on_local_drift,none,4,3,1,,18,,0.6190476190476191,,52.82016372680664,2.184367179870605,2.320185661315918,4.111111111111111,1.0,27.0,2.1107261497558447,16,0.9759394377935328
antmaze-medium-navigate-v0,0,gas_reachability_budget_replan_on_local_drift,none,5,4,1,,18,,0.625,,49.032413482666016,3.1215591430664062,3.1215591430664062,2.857142857142857,1.0,21.0,1.203197636922281,13,0.9717022783093912
antmaze-medium-navigate-v0,0,gas_reachability_budget_replan_on_local_drift,none,1,5,1,,15,,0.7,,56.60801696777344,1.07526433467865,2.9254934787750244,2.9444444444444446,1.0,36.0,23.374829686640638,17,0.974850927956399
antmaze-medium-navigate-v0,0,gas_reachability_budget_replan_on_local_drift,none,2,6,1,,15,,0.7974683544303798,,57.07542419433594,2.634852409362793,3.900734663009644,2.122448979591837,1.0,49.0,2.868100027352805,18,1.0
antmaze-medium-navigate-v0,0,gas_reachability_budget_replan_on_local_drift,none,3,7,1,,15,,0.6486486486486487,,20.108755111694336,1.6578965187072754,2.3480868339538574,3.3157894736842106,1.0,19.0,1.7337743983957603,9,0.9464337284349394
antmaze-medium-navigate-v0,0,gas_reachability_budget_replan_on_local_drift,none,4,8,1,,15,,0.6346153846153846,,51.97127151489258,4.738149642944336,5.192199230194092,3.380952380952381,1.0,21.0,1.5637950263045282,14,0.9884698261090092
antmaze-medium-navigate-v0,0,gas_reachability_budget_replan_on_local_drift,none,5,9,1,,15,,0.75,,48.34182357788086,2.427917718887329,2.427917718887329,1.9375,1.0,32.0,2.2095284799612047,11,0.9631981833159498
antmaze-medium-navigate-v0,0,gas_reachability_budget_replan_on_local_drift,none,1,10,1,,15,,0.6826923076923077,,58.61088180541992,0.5937315225601196,1.79173743724823,2.508771929824561,1.0,57.0,3.0376489977145322,29,0.9814790413701181
antmaze-medium-navigate-v0,0,gas_reachability_budget_replan_on_local_drift,none,2,11,1,,15,,0.8055555555555556,,55.77219772338867,3.672335386276245,5.558753967285156,1.8695652173913044,1.0,46.0,1.4983063510403427,12,1.0
antmaze-medium-navigate-v0,0,gas_reachability_budget_replan_on_local_drift,none,3,12,1,,20,,0.5454545454545454,,20.51119613647461,1.81707775592804,2.05563759803772,3.152173913043478,1.0,46.0,0.9307604388574686,25,0.9727752005210328
antmaze-medium-navigate-v0,0,gas_reachability_budget_replan_on_local_drift,none,4,13,1,,15,,0.6346153846153846,,51.59916687011719,0.8592686057090759,1.8894846439361568,3.107142857142857,1.0,56.0,1.5031771632549753,29,0.9880972825135664
antmaze-medium-navigate-v0,0,gas_reachability_budget_replan_on_local_drift,none,5,14,1,,17,,0.7209302325581395,,49.64011001586914,3.282186269760132,3.4676828384399414,2.2857142857142856,1.0,21.0,2.1927573717426254,11,0.9584495298762088
antmaze-medium-navigate-v0,0,gas_reachability_budget_replan_on_local_drift,none,1,15,1,,15,,0.5631067961165048,,58.17584228515625,2.864368438720703,2.932037353515625,4.173913043478261,1.0,46.0,4.57612474168101,25,0.9875576325967486
antmaze-medium-navigate-v0,0,gas_reachability_budget_replan_on_local_drift,none,2,16,1,,15,,0.7924528301886793,,57.444278717041016,4.480165481567383,4.580301284790039,2.095890410958904,1.0,73.0,2.5433754929634085,23,0.9923672850623436
antmaze-medium-navigate-v0,0,gas_reachability_budget_replan_on_local_drift,none,3,17,0,,16,15,0.1052631578947368,,23.115890502929688,10.162692070007324,16.811708450317383,3.201834862385321,3.0,109.0,0.9960121242083518,786,1.0
antmaze-medium-navigate-v0,0,gas_reachability_budget_replan_on_local_drift,none,4,18,1,,15,,0.7551020408163265,,51.25261688232422,1.7151421308517456,2.855869770050049,2.015873015873016,1.0,63.0,2.2304036261264026,27,0.9790132598258156
antmaze-medium-navigate-v0,0,gas_reachability_budget_replan_on_local_drift,none,5,19,0,,15,15,0.1037037037037037,,48.94957733154297,16.589107513427734,20.731348037719727,3.205357142857143,3.0,112.0,1.9150018722387885,845,1.0
antmaze-medium-navigate-v0,0,gas_reachability_budget_replan_on_local_drift,none,1,20,1,,17,,0.6823529411764706,,57.1582145690918,0.8369629979133606,0.9599801301956176,2.8372093023255816,1.0,43.0,2.7189817550078774,26,0.9726282309417025
antmaze-medium-navigate-v0,0,gas_reachability_budget_replan_on_local_drift,none,2,21,1,,15,,0.8380952380952381,,57.65522384643555,2.0808563232421875,3.097074270248413,1.608108108108108,1.0,74.0,2.655338905599404,16,0.9901939130430596
antmaze-medium-navigate-v0,0,gas_reachability_budget_replan_on_local_drift,none,3,22,1,,15,,0.7662337662337663,,19.691967010498047,1.47734272480011,2.192694902420044,2.04,1.0,50.0,2.002170468153207,17,0.9614224315870892
antmaze-medium-navigate-v0,0,gas_reachability_budget_replan_on_local_drift,none,4,23,1,,19,,0.5294117647058824,,51.717620849609375,2.9026875495910645,2.9026875495910645,5.321428571428571,1.0,28.0,1.014237758720765,21,0.9749530665926324
antmaze-medium-navigate-v0,0,gas_reachability_budget_replan_on_local_drift,none,5,24,1,,15,,0.9148936170212766,,49.82874298095703,0.7353641390800476,0.7353641390800476,1.264957264957265,1.0,117.0,4.610919597245123,37,0.966746838722893
antmaze-medium-navigate-v0,0,gas_reachability_budget_replan_on_local_drift,none,1,25,1,,16,,0.684931506849315,,57.01364135742188,2.112240791320801,2.8566720485687256,2.5945945945945947,1.0,37.0,1.669065636476175,16,0.9770842813600435
antmaze-medium-navigate-v0,0,gas_reachability_budget_replan_on_local_drift,none,2,26,1,,15,,0.6666666666666666,,56.83955001831055,6.131958961486816,6.453015804290772,3.421052631578948,1.0,19.0,4.359589600696553,13,0.9999597255793305
antmaze-medium-navigate-v0,0,gas_reachability_budget_replan_on_local_drift,none,3,27,1,,15,,0.6491228070175439,,20.28811264038086,1.2447603940963743,1.410234808921814,2.923076923076923,1.0,65.0,1.105664536037029,25,0.9825496222780812
antmaze-medium-navigate-v0,0,gas_reachability_budget_replan_on_local_drift,none,4,28,1,,27,,0.5897435897435898,,53.32555389404297,1.4524483680725098,3.6323201656341553,3.419354838709677,1.0,62.0,2.097519972874159,35,0.979671489485708
antmaze-medium-navigate-v0,0,gas_reachability_budget_replan_on_local_drift,none,5,29,1,,15,,0.8117647058823529,,49.84027862548828,2.9961860179901123,2.9961860179901123,1.7118644067796611,1.0,59.0,4.025185147124816,15,0.9717025628580269
antmaze-medium-navigate-v0,0,gas_reachability_budget_replan_on_local_drift,none,1,30,1,,15,,0.75,,57.54216766357422,1.589480757713318,2.105897188186645,2.1956521739130435,1.0,46.0,1.3254685221335942,13,0.9671371510361468
antmaze-medium-navigate-v0,0,gas_reachability_budget_replan_on_local_drift,none,2,31,1,,15,,0.6226415094339622,,57.347686767578125,3.684552431106568,4.244786739349365,4.619047619047619,1.0,21.0,2.5897378095515453,16,0.9844889100532492
antmaze-medium-navigate-v0,0,gas_reachability_budget_replan_on_local_drift,none,3,32,1,,15,,0.547945205479452,,20.78811454772949,1.0646851062774658,1.507150173187256,3.878787878787879,1.0,33.0,1.7853940063212457,29,0.986941995703738
antmaze-medium-navigate-v0,0,gas_reachability_budget_replan_on_local_drift,none,4,33,1,,18,,0.6666666666666666,,51.22887420654297,1.1491535902023315,1.1491535902023315,3.2580645161290325,1.0,31.0,1.659387990340877,18,0.9655350368549436
antmaze-medium-navigate-v0,0,gas_reachability_budget_replan_on_local_drift,none,5,34,1,,15,,0.673469387755102,,47.78827667236328,2.341919183731079,3.072908878326416,2.458333333333333,1.0,24.0,3.108983716708335,11,0.9747360590666216
antmaze-medium-navigate-v0,0,gas_reachability_budget_replan_on_local_drift,none,1,35,1,,18,,0.7166666666666667,,57.70838165283203,2.840000629425049,4.378077983856201,2.65625,1.0,32.0,1.213597316558401,13,0.9740655715518632
antmaze-medium-navigate-v0,0,gas_reachability_budget_replan_on_local_drift,none,2,36,1,,15,,0.7894736842105263,,56.78533554077149,1.5146288871765137,3.243703842163086,1.9333333333333331,1.0,75.0,3.635074759370641,28,0.9975539492894653
antmaze-medium-navigate-v0,0,gas_reachability_budget_replan_on_local_drift,none,3,37,1,,15,,0.696969696969697,,24.643510818481445,1.1953849792480469,1.342844009399414,2.125,1.0,40.0,1.4671358990857597,14,0.9815258820112632
antmaze-medium-navigate-v0,0,gas_reachability_budget_replan_on_local_drift,none,4,38,1,,15,,0.625,,50.29253768920898,2.9317269325256348,2.956660747528076,2.78125,1.0,32.0,14.105025591967982,20,0.9976176879102742
antmaze-medium-navigate-v0,0,gas_reachability_budget_replan_on_local_drift,none,5,39,1,,23,,0.7875,,49.47410583496094,1.627324461936951,2.0161118507385254,1.6181818181818182,1.0,55.0,1.00348132437637,13,0.9568591906841605
antmaze-medium-navigate-v0,0,gas_reachability_budget_replan_on_local_drift,none,1,40,1,,22,,0.7788461538461539,,58.33931350708008,0.9096184968948364,2.448503255844116,1.9027777777777777,1.0,72.0,5.523715757677185,40,0.9717341682336016
antmaze-medium-navigate-v0,0,gas_reachability_budget_replan_on_local_drift,none,2,41,1,,15,,0.8,,57.05033874511719,2.048631191253662,2.1527724266052246,2.0,1.0,55.0,1.6864982326832114,18,0.9877128655167241
antmaze-medium-navigate-v0,0,gas_reachability_budget_replan_on_local_drift,none,3,42,0,,15,103,0.4811320754716981,,22.24096298217773,13.691161155700684,20.68648910522461,4.173469387755102,4.0,98.0,2.012616225438552,100,1.0
antmaze-medium-navigate-v0,0,gas_reachability_budget_replan_on_local_drift,none,4,43,1,,17,,0.5806451612903226,,51.197853088378906,2.8434884548187256,2.8434884548187256,3.592592592592593,1.0,27.0,1.1698727327223886,17,0.967508999888396
antmaze-medium-navigate-v0,0,gas_reachability_budget_replan_on_local_drift,none,5,44,1,,17,,0.7758620689655172,,49.69044494628906,2.2015717029571533,7.846612453460693,1.8857142857142857,1.0,35.0,4.126580852074556,12,0.9938021833952085
antmaze-medium-navigate-v0,0,gas_reachability_budget_replan_on_local_drift,none,1,45,1,,15,,0.5454545454545454,,57.250484466552734,2.7014858722686768,3.1206021308898926,3.740740740740741,1.0,27.0,6.589739871237806,19,0.9809562581195856
antmaze-medium-navigate-v0,0,gas_reachability_budget_replan_on_local_drift,none,2,46,1,,15,,0.6730769230769231,,56.39659881591797,2.255570411682129,2.890637159347534,3.6818181818181817,1.0,22.0,3.717063929180223,10,0.9942971423327706
antmaze-medium-navigate-v0,0,gas_reachability_budget_replan_on_local_drift,none,3,47,0,,15,4,0.0236220472440944,,21.925050735473636,21.68542861938477,31.392534255981445,8.950413223140496,9.0,121.0,0.5546988228245836,926,1.0
antmaze-medium-navigate-v0,0,gas_reachability_budget_replan_on_local_drift,none,4,48,1,,15,,0.6440677966101694,,49.9945068359375,2.8841230869293213,3.059522151947021,3.111111111111111,1.0,27.0,1.2571634427169265,13,0.9891597663739778
antmaze-medium-navigate-v0,0,gas_reachability_budget_replan_on_local_drift,none,5,49,1,,15,,0.7761194029850746,,47.701171875,1.395037055015564,1.5698935985565186,1.7045454545454546,1.0,44.0,2.0098127506945067,10,0.9632247135768977
antmaze-medium-navigate-v0,0,gas_reachability_budget_replan_on_local_drift,none,1,50,1,,15,,0.6438356164383562,,58.04160690307617,0.6061421036720276,0.6061421036720276,3.878787878787879,1.0,33.0,2.782336871529512,17,0.9717111272694232
antmaze-medium-navigate-v0,0,gas_reachability_budget_replan_on_local_drift,none,2,51,1,,15,,0.7384615384615385,,56.190616607666016,4.929981708526611,5.826152324676514,2.4444444444444446,1.0,36.0,1.9824367453755685,14,1.0
antmaze-medium-navigate-v0,0,gas_reachability_budget_replan_on_local_drift,none,3,52,1,,15,,0.5471698113207547,,23.31211471557617,2.4679105281829834,2.5134825706481934,2.708333333333333,1.0,24.0,0.6388607727774906,13,0.9747220672926784
antmaze-medium-navigate-v0,0,gas_reachability_budget_replan_on_local_drift,none,4,53,1,,19,,0.6,,52.76607131958008,3.2755119800567627,3.415313720703125,2.891891891891892,1.0,37.0,2.450844707421154,22,0.9763340760446018
antmaze-medium-navigate-v0,0,gas_reachability_budget_replan_on_local_drift,none,5,54,1,,15,,0.7307692307692307,,49.32733154296875,3.2814929485321045,3.2814929485321045,2.1785714285714284,1.0,28.0,2.5744755682406444,9,0.9678314444026828
antmaze-medium-navigate-v0,0,gas_reachability_budget_replan_on_local_drift,none,1,55,1,,15,,0.6935483870967742,,56.06803131103516,1.2868773937225342,2.5735924243927,2.7333333333333334,1.0,30.0,2.669295446525273,18,0.9741050383783129
antmaze-medium-navigate-v0,0,gas_reachability_budget_replan_on_local_drift,none,2,56,1,,15,,0.7866666666666666,,56.489017486572266,3.6739189624786377,3.8364837169647217,2.148936170212766,1.0,47.0,5.5783137882831095,16,1.0
antmaze-medium-navigate-v0,0,gas_reachability_budget_replan_on_local_drift,none,3,57,1,,25,,0.484375,,19.611522674560547,1.606184959411621,1.6722944974899292,4.321428571428571,1.0,28.0,0.7889071127014157,19,0.9631796837369516
antmaze-medium-navigate-v0,0,gas_reachability_budget_replan_on_local_drift,none,4,58,1,,15,,0.6533333333333333,,51.59073257446289,3.082204580307007,3.082204580307007,2.6842105263157894,1.0,38.0,1.6445443555535129,18,0.9776831168704854
antmaze-medium-navigate-v0,0,gas_reachability_budget_replan_on_local_drift,none,5,59,1,,20,,0.828125,,50.48810577392578,3.680490970611572,3.9713053703308105,1.627906976744186,1.0,43.0,1.9392187954429045,14,0.9710596024770468
antmaze-medium-navigate-v0,0,gas_reachability_budget_replan_on_local_drift,none,1,60,1,,15,,0.676923076923077,,58.76591110229492,2.7534947395324707,2.9258861541748047,2.71875,1.0,32.0,2.6346669395075506,17,0.9768715861547054
antmaze-medium-navigate-v0,0,gas_reachability_budget_replan_on_local_drift,none,2,61,1,,15,,0.5416666666666666,,56.93117904663086,6.093382358551025,6.325692176818848,6.153846153846154,1.0,13.0,5.76792009608347,17,1.0
antmaze-medium-navigate-v0,0,gas_reachability_budget_replan_on_local_drift,none,3,62,1,,15,,0.6071428571428571,,19.512449264526367,2.142886161804199,2.498626947402954,2.689655172413793,1.0,29.0,2.01654988624106,14,0.959290745886892
antmaze-medium-navigate-v0,0,gas_reachability_budget_replan_on_local_drift,none,4,63,1,,15,,0.8932384341637011,,53.34124755859375,0.6015564799308777,0.8554170727729797,1.4708333333333334,1.0,240.0,3.211973255632952,74,0.9815689544336141
antmaze-medium-navigate-v0,0,gas_reachability_budget_replan_on_local_drift,none,5,64,1,,17,,0.7111111111111111,,48.88450622558594,2.710647821426392,3.524095058441162,2.409090909090909,1.0,22.0,3.2567034989966364,9,0.9617450822234104
antmaze-medium-navigate-v0,0,gas_reachability_budget_replan_on_local_drift,none,1,65,1,,15,,0.6,,58.38854217529297,1.8986517190933228,3.763665676116944,4.027027027027027,1.0,37.0,3.310613624931673,20,0.9821661883976865
antmaze-medium-navigate-v0,0,gas_reachability_budget_replan_on_local_drift,none,2,66,1,,15,,0.6885245901639344,,56.98381042480469,4.53045129776001,4.53045129776001,2.870967741935484,1.0,31.0,3.729014705389101,12,0.9971574720179182
antmaze-medium-navigate-v0,0,gas_reachability_budget_replan_on_local_drift,none,3,67,1,,16,,0.6829268292682927,,23.543445587158203,1.412609577178955,1.412609577178955,2.95,1.0,20.0,0.7909865544355217,10,0.9483306809571244
antmaze-medium-navigate-v0,0,gas_reachability_budget_replan_on_local_drift,none,4,68,1,,25,,0.7368421052631579,,50.56314468383789,1.5616689920425415,1.5616689920425415,2.4565217391304346,1.0,46.0,1.1789631878237425,11,0.9449806428904504
antmaze-medium-navigate-v0,0,gas_reachability_budget_replan_on_local_drift,none,5,69,1,,16,,0.6851851851851852,,48.15857696533203,3.0926673412323,3.2537827491760254,2.206896551724138,1.0,29.0,2.3424725680573397,11,0.9663731304811166
antmaze-medium-navigate-v0,0,gas_reachability_budget_replan_on_local_drift,none,1,70,1,,15,,0.6493506493506493,,57.29564666748047,1.5085405111312866,2.215263605117798,3.055555555555556,1.0,36.0,5.481579407190844,22,0.979740869097826
antmaze-medium-navigate-v0,0,gas_reachability_budget_replan_on_local_drift,none,2,71,0,,15,11,0.0763358778625954,,57.54161071777344,41.74889755249024,44.17351913452149,9.133928571428571,9.0,112.0,1.3747820593446536,855,1.0
antmaze-medium-navigate-v0,0,gas_reachability_budget_replan_on_local_drift,none,3,72,1,,15,,0.675,,22.265134811401367,1.209687352180481,1.4531495571136477,2.5,1.0,20.0,1.802654307434888,7,0.942991983858096
antmaze-medium-navigate-v0,0,gas_reachability_budget_replan_on_local_drift,none,4,73,1,,15,,0.5970149253731343,,52.53829193115234,2.2380518913269043,2.2380518913269043,4.666666666666667,1.0,30.0,1.5275247312161482,19,0.9903376403827624
antmaze-medium-navigate-v0,0,gas_reachability_budget_replan_on_local_drift,none,5,74,1,,15,,0.6923076923076923,,48.27385711669922,5.345855712890625,5.657598495483398,2.5294117647058822,1.0,17.0,1.7607983298167045,11,0.9828778329069698
antmaze-medium-navigate-v0,0,gas_reachability_budget_replan_on_local_drift,none,1,75,1,,15,,0.7162162162162162,,58.74510192871094,1.0645190477371216,2.484555721282959,2.8,1.0,40.0,0.9618004054499116,13,0.9720142502338734
antmaze-medium-navigate-v0,0,gas_reachability_budget_replan_on_local_drift,none,2,76,1,,15,,0.6226415094339622,,57.463008880615234,5.100895881652832,5.100895881652832,4.238095238095238,1.0,21.0,3.204968570750207,17,1.0
antmaze-medium-navigate-v0,0,gas_reachability_budget_replan_on_local_drift,none,3,77,1,,15,,0.8307692307692308,,24.70111846923828,3.8629655838012695,4.215499401092529,1.446808510638298,1.0,47.0,1.1506815338430334,10,0.9774870268684448
antmaze-medium-navigate-v0,0,gas_reachability_budget_replan_on_local_drift,none,4,78,1,,15,,0.8240740740740741,,49.12253952026367,1.450690746307373,1.5714735984802246,1.7105263157894737,1.0,76.0,3.810139914721151,25,0.9827932308170368
antmaze-medium-navigate-v0,0,gas_reachability_budget_replan_on_local_drift,none,5,79,1,,15,,0.6981132075471698,,49.10639572143555,3.190485715866089,3.7812750339508057,2.142857142857143,1.0,28.0,3.7134453812269146,12,0.9802795449851068
antmaze-medium-navigate-v0,0,gas_reachability_budget_replan_on_local_drift,none,1,80,1,,15,,0.7582417582417582,,57.23877334594727,0.7105541229248047,2.0689921379089355,2.446428571428572,1.0,56.0,3.941917304922462,21,0.9790038381673185
antmaze-medium-navigate-v0,0,gas_reachability_budget_replan_on_local_drift,none,2,81,1,,15,,0.7575757575757576,,57.1073112487793,3.171231269836426,4.41904878616333,2.1578947368421053,1.0,38.0,5.950883017559009,11,0.9916940766568685
antmaze-medium-navigate-v0,0,gas_reachability_budget_replan_on_local_drift,none,3,82,1,,16,,0.808695652173913,,19.65992927551269,1.6747479438781738,1.91240656375885,1.7790697674418603,1.0,86.0,0.7985376490827718,22,0.9697917827100914
antmaze-medium-navigate-v0,0,gas_reachability_budget_replan_on_local_drift,none,4,83,0,,15,29,0.1971830985915492,,50.77939987182617,14.38291358947754,20.87479019165039,4.891304347826087,4.0,92.0,3.4326194700379133,552,1.0
antmaze-medium-navigate-v0,0,gas_reachability_budget_replan_on_local_drift,none,5,84,1,,15,,0.74,,47.68742752075195,2.4378502368927,2.4378502368927,1.9642857142857144,1.0,28.0,1.2158242511675763,12,0.960958550101926
antmaze-medium-navigate-v0,0,gas_reachability_budget_replan_on_local_drift,none,1,85,1,,17,,0.8145161290322581,,57.59688949584961,0.8217406272888184,1.9325650930404663,1.7241379310344829,1.0,87.0,2.345409725306672,26,0.9765982621400588
antmaze-medium-navigate-v0,0,gas_reachability_budget_replan_on_local_drift,none,2,86,1,,15,,0.6744186046511628,,56.110965728759766,4.4198150634765625,4.620082855224609,4.2,1.0,15.0,2.3051182166363904,10,0.9960949923416232
antmaze-medium-navigate-v0,0,gas_reachability_budget_replan_on_local_drift,none,3,87,1,,15,,0.7142857142857143,,23.85040664672852,2.409811496734619,3.6416962146759033,1.7857142857142858,1.0,28.0,3.1654803801183533,10,1.0
antmaze-medium-navigate-v0,0,gas_reachability_budget_replan_on_local_drift,none,4,88,1,,15,,0.5725806451612904,,51.818607330322266,1.2681087255477903,2.194610595703125,4.047619047619048,1.0,63.0,1.6882019957247616,33,0.9901445411050488
antmaze-medium-navigate-v0,0,gas_reachability_budget_replan_on_local_drift,none,5,89,1,,15,,0.8823529411764706,,50.37326049804688,1.4467229843139648,4.245545864105225,1.3703703703703705,1.0,81.0,2.017872787416882,25,0.9723982960222133
antmaze-medium-navigate-v0,0,gas_reachability_budget_replan_on_local_drift,none,1,90,1,,18,,0.6814159292035398,,58.26555252075195,2.2424404621124268,3.414100885391236,2.590909090909091,1.0,66.0,2.096760410388566,22,0.9788807962342044
antmaze-medium-navigate-v0,0,gas_reachability_budget_replan_on_local_drift,none,2,91,1,,15,,0.7435897435897436,,57.14225387573242,1.8303453922271729,2.5690817832946777,2.2954545454545454,1.0,44.0,1.9960067988028938,16,0.9861961884765165
antmaze-medium-navigate-v0,0,gas_reachability_budget_replan_on_local_drift,none,3,92,1,,15,,0.6410256410256411,,24.287466049194336,1.8437861204147337,2.517470598220825,2.611111111111111,1.0,18.0,1.2075864544559831,9,0.9933317767049008
antmaze-medium-navigate-v0,0,gas_reachability_budget_replan_on_local_drift,none,4,93,1,,15,,0.8306451612903226,,52.74164581298828,2.2022604942321777,4.572384834289551,1.684782608695652,1.0,92.0,1.6352534994468708,27,0.9861339929852337
antmaze-medium-navigate-v0,0,gas_reachability_budget_replan_on_local_drift,none,5,94,1,,15,,0.723404255319149,,50.04339599609375,2.794910430908203,3.9662468433380127,2.391304347826087,1.0,23.0,2.4579410174649112,11,0.9828246995159144
antmaze-medium-navigate-v0,0,gas_reachability_budget_replan_on_local_drift,none,1,95,1,,15,,0.625,,58.72262191772461,1.5893025398254397,1.7399835586547852,3.107142857142857,1.0,28.0,2.2040115716765185,18,0.9735451558824265
antmaze-medium-navigate-v0,0,gas_reachability_budget_replan_on_local_drift,none,2,96,1,,15,,0.7,,57.02769088745117,3.932525396347046,4.086508274078369,2.8666666666666667,1.0,30.0,1.2672626929491797,15,0.9808643330622613
antmaze-medium-navigate-v0,0,gas_reachability_budget_replan_on_local_drift,none,3,97,0,,15,9,0.0610687022900763,,25.919790267944336,22.79912376403809,32.65300750732422,8.949579831932773,9.0,119.0,2.8040972101130865,882,1.0
antmaze-medium-navigate-v0,0,gas_reachability_budget_replan_on_local_drift,none,4,98,0,,24,9,0.0620155038759689,,52.75885772705078,50.46818923950195,51.73486328125,12.2,12.0,110.0,0.7900253347830084,786,0.9831240256575732
antmaze-medium-navigate-v0,0,gas_reachability_budget_replan_on_local_drift,none,5,99,1,,15,,0.9,,50.4219970703125,0.6857125163078308,0.6857125163078308,1.308411214953271,1.0,107.0,2.7266630818217394,29,0.9658422359868574
antmaze-medium-navigate-v0,2,gas_shortest_replan_on_local_drift,none,1,0,1,,15,,0.7808219178082192,,58.50056838989258,1.597840666770935,1.696208119392395,2.1818181818181817,1.0,44.0,1.95063359713509,14,0.9659793920637246
antmaze-medium-navigate-v0,2,gas_shortest_replan_on_local_drift,none,2,1,1,,15,,0.6382978723404256,,56.19841766357422,4.9386091232299805,4.9386091232299805,4.0588235294117645,1.0,17.0,3.348253550599736,14,0.9872646471650224
antmaze-medium-navigate-v0,2,gas_shortest_replan_on_local_drift,none,3,2,1,,15,,0.6888888888888889,,20.86481666564941,3.6939573287963863,5.041044235229492,2.391304347826087,1.0,23.0,3.061343849660201,13,0.9921445572539748
antmaze-medium-navigate-v0,2,gas_shortest_replan_on_local_drift,none,4,3,1,,30,,0.6666666666666666,,50.96760177612305,1.9967466592788696,3.052932024002075,3.56,1.0,50.0,1.5851830233926392,20,0.9617744289928772
antmaze-medium-navigate-v0,2,gas_shortest_replan_on_local_drift,none,5,4,1,,15,,0.88,,50.50614929199219,1.8224544525146484,1.9737179279327397,1.3278688524590163,1.0,122.0,6.237981822946679,27,0.9700491796187216
antmaze-medium-navigate-v0,2,gas_shortest_replan_on_local_drift,none,1,5,1,,16,,0.7164179104477612,,57.13679885864258,0.274777203798294,1.2730718851089478,2.5142857142857142,1.0,35.0,1.6563629474190464,12,0.9657895932689649
antmaze-medium-navigate-v0,2,gas_shortest_replan_on_local_drift,none,2,6,1,,15,,0.64,,57.0635871887207,3.262031316757202,3.262031316757202,4.2631578947368425,1.0,19.0,5.68875221054217,13,0.9897803572290084
antmaze-medium-navigate-v0,2,gas_shortest_replan_on_local_drift,none,3,7,1,,21,,0.5405405405405406,,21.168920516967773,2.1365227699279785,2.542599678039551,4.575757575757576,1.0,33.0,1.3581715833261634,23,0.9749180757285416
antmaze-medium-navigate-v0,2,gas_shortest_replan_on_local_drift,none,4,8,1,,16,,0.6176470588235294,,52.38240051269531,3.259612798690796,3.289050817489624,3.515151515151515,1.0,33.0,1.248162825828669,18,0.9724747575070126
antmaze-medium-navigate-v0,2,gas_shortest_replan_on_local_drift,none,5,9,1,,15,,0.6923076923076923,,47.94144058227539,3.38917875289917,4.0318474769592285,2.259259259259259,1.0,27.0,2.7549982543900855,12,0.9800539083206
antmaze-medium-navigate-v0,2,gas_shortest_replan_on_local_drift,none,1,10,1,,15,,0.6145833333333334,,56.6193733215332,1.5417360067367554,3.29584002494812,2.875,1.0,48.0,1.9418212781969235,24,0.9835125513309914
antmaze-medium-navigate-v0,2,gas_shortest_replan_on_local_drift,none,2,11,1,,15,,0.6862745098039216,,56.06684875488281,3.7902402877807617,4.609397411346436,2.9166666666666665,1.0,24.0,2.6349017594662962,10,0.9885869722475954
antmaze-medium-navigate-v0,2,gas_shortest_replan_on_local_drift,none,3,12,1,,15,,0.6071428571428571,,23.911977767944336,2.1051955223083496,2.445856094360352,3.0384615384615383,1.0,26.0,2.200273140905968,13,0.9958971823618832
antmaze-medium-navigate-v0,2,gas_shortest_replan_on_local_drift,none,4,13,1,,15,,0.8148148148148148,,54.24945068359375,1.3857595920562744,3.219198226928711,1.5892857142857142,1.0,168.0,1.6711971432857393,52,0.98546351686565
antmaze-medium-navigate-v0,2,gas_shortest_replan_on_local_drift,none,5,14,1,,15,,0.8214285714285714,,48.71541213989258,1.9582346677780151,2.574098587036133,1.5333333333333334,1.0,60.0,1.6358676181053835,12,0.9672342352883396
antmaze-medium-navigate-v0,2,gas_shortest_replan_on_local_drift,none,1,15,1,,15,,0.6060606060606061,,57.3586311340332,3.6082959175109854,4.260187149047852,3.1666666666666665,1.0,30.0,1.929222201483925,14,0.9840554872341404
antmaze-medium-navigate-v0,2,gas_shortest_replan_on_local_drift,none,2,16,1,,15,,0.74,,57.24506378173828,3.0765814781188965,3.0765814781188965,2.833333333333333,1.0,24.0,1.8757081540329823,11,0.9788236299392213
antmaze-medium-navigate-v0,2,gas_shortest_replan_on_local_drift,none,3,17,1,,15,,0.7115384615384616,,22.435935974121094,1.442658543586731,1.731717228889465,2.03125,1.0,32.0,1.487084593660117,6,0.9475952248051368
antmaze-medium-navigate-v0,2,gas_shortest_replan_on_local_drift,none,4,18,0,,20,3,0.0157480314960629,,50.715911865234375,50.59084701538086,55.83799362182617,13.008196721311476,13.0,122.0,0.7482440515901334,938,0.9313853865688132
antmaze-medium-navigate-v0,2,gas_shortest_replan_on_local_drift,none,5,19,1,,15,,0.7083333333333334,,48.72258758544922,1.3042062520980835,1.387744426727295,2.458333333333333,1.0,24.0,1.6765326715651383,9,0.9712863743373532
antmaze-medium-navigate-v0,2,gas_shortest_replan_on_local_drift,none,1,20,1,,15,,0.6551724137931034,,57.87975311279297,1.980717420578003,2.379159450531006,2.9069767441860463,1.0,43.0,5.426181847542616,24,0.9798512718459768
antmaze-medium-navigate-v0,2,gas_shortest_replan_on_local_drift,none,2,21,1,,15,,0.7916666666666666,,56.99232482910156,1.0388436317443848,1.7832282781600952,2.113636363636364,1.0,44.0,1.1252066715941176,15,0.9862720067574744
antmaze-medium-navigate-v0,2,gas_shortest_replan_on_local_drift,none,3,22,1,,15,,0.68,,23.14368438720703,2.0604665279388428,2.8644161224365234,2.64,1.0,25.0,1.3935533083939098,10,0.976537115966741
antmaze-medium-navigate-v0,2,gas_shortest_replan_on_local_drift,none,4,23,1,,24,,0.6111111111111112,,53.63943862915039,3.214984655380249,3.8958778381347656,3.636363636363636,1.0,22.0,1.5868477410535968,18,0.9660325115153516
antmaze-medium-navigate-v0,2,gas_shortest_replan_on_local_drift,none,5,24,1,,19,,0.6666666666666666,,47.55320358276367,4.228874683380127,4.726561069488525,2.6956521739130435,1.0,23.0,2.5141409330038744,11,0.9738172708678418
antmaze-medium-navigate-v0,2,gas_shortest_replan_on_local_drift,none,1,25,1,,17,,0.7323943661971831,,57.351348876953125,1.7951910495758057,1.8070554733276367,2.6052631578947367,1.0,38.0,1.1391190698452691,20,0.9725784425387213
antmaze-medium-navigate-v0,2,gas_shortest_replan_on_local_drift,none,2,26,1,,15,,0.6181818181818182,,56.27365493774414,6.485568523406982,6.740687847137451,3.869565217391304,1.0,23.0,4.049209060438693,14,0.995278939820012
antmaze-medium-navigate-v0,2,gas_shortest_replan_on_local_drift,none,3,27,1,,15,,0.6779661016949152,,24.00862693786621,2.1528608798980717,2.1528608798980717,1.8,1.0,35.0,0.9460971102542141,13,0.9766701140340956
antmaze-medium-navigate-v0,2,gas_shortest_replan_on_local_drift,none,4,28,1,,15,,0.6753246753246753,,52.4471321105957,3.0575263500213623,3.7835114002227774,2.6744186046511627,1.0,43.0,1.4207485754505529,16,0.9673079116109558
antmaze-medium-navigate-v0,2,gas_shortest_replan_on_local_drift,none,5,29,1,,17,,0.75,,47.29684448242188,3.686493873596192,4.564754009246826,1.8387096774193548,1.0,31.0,7.937784303877749,13,0.973429333947314
antmaze-medium-navigate-v0,2,gas_shortest_replan_on_local_drift,none,1,30,1,,15,,0.5806451612903226,,58.04442596435547,1.4382567405700684,2.3035669326782227,3.5384615384615383,1.0,26.0,1.6440309979718934,15,0.9729230411977122
antmaze-medium-navigate-v0,2,gas_shortest_replan_on_local_drift,none,2,31,1,,15,,0.7619047619047619,,57.35616683959961,3.954198122024536,5.12372350692749,2.216216216216216,1.0,37.0,3.428348155894003,12,0.9949399763255368
antmaze-medium-navigate-v0,2,gas_shortest_replan_on_local_drift,none,3,32,1,,24,,0.6086956521739131,,21.514549255371094,1.6830387115478516,2.3459439277648926,2.7916666666666665,1.0,24.0,1.3513161341832394,9,0.9598186038085513
antmaze-medium-navigate-v0,2,gas_shortest_replan_on_local_drift,none,4,33,1,,25,,0.5797101449275363,,52.50834274291992,3.583103895187378,3.831015348434448,3.393939393939394,1.0,33.0,1.8872693770918876,13,0.9642278672258022
antmaze-medium-navigate-v0,2,gas_shortest_replan_on_local_drift,none,5,34,1,,15,,0.9746300211416492,,49.67011642456055,1.1519523859024048,1.1519523859024048,1.06,1.0,450.0,2.722953549936305,105,0.9772285177595909
antmaze-medium-navigate-v0,2,gas_shortest_replan_on_local_drift,none,1,35,1,,15,,0.6395348837209303,,57.86470031738281,0.8507733345031738,0.8507733345031738,3.395348837209302,1.0,43.0,3.6654225479411338,21,0.9771953878172026
antmaze-medium-navigate-v0,2,gas_shortest_replan_on_local_drift,none,2,36,1,,15,,0.6296296296296297,,57.45406723022461,1.47273051738739,1.7312566041946411,4.25,1.0,20.0,3.050196180744057,14,0.9740093438707482
antmaze-medium-navigate-v0,2,gas_shortest_replan_on_local_drift,none,3,37,0,,17,9,0.0610687022900763,,23.298809051513672,23.046520233154297,30.379638671875,8.017241379310345,8.0,116.0,0.9658789899705044,853,1.0
antmaze-medium-navigate-v0,2,gas_shortest_replan_on_local_drift,none,4,38,1,,23,,0.6909090909090909,,50.94300079345703,1.2173248529434204,1.2173248529434204,2.8461538461538463,1.0,26.0,3.872003218560675,13,0.9501434058625818
antmaze-medium-navigate-v0,2,gas_shortest_replan_on_local_drift,none,5,39,1,,15,,0.8495575221238938,,48.81168746948242,0.985069751739502,1.0484681129455566,1.528735632183908,1.0,87.0,1.6198241172131047,14,0.9651839327444852
antmaze-medium-navigate-v0,2,gas_shortest_replan_on_local_drift,none,1,40,1,,16,,0.7666666666666667,,56.57916641235352,1.5658972263336182,2.690201759338379,2.264705882352941,1.0,34.0,1.2724101731009734,16,0.9672922328231224
antmaze-medium-navigate-v0,2,gas_shortest_replan_on_local_drift,none,2,41,1,,15,,0.5961538461538461,,56.63814926147461,4.081379890441895,4.154677867889404,4.8,1.0,20.0,6.924433746905415,14,0.9887680348551581
antmaze-medium-navigate-v0,2,gas_shortest_replan_on_local_drift,none,3,42,1,,15,,0.5964912280701754,,21.99288749694824,4.048384666442871,4.159303188323975,3.037037037037037,1.0,27.0,1.9698713162271442,14,0.988109987496817
antmaze-medium-navigate-v0,2,gas_shortest_replan_on_local_drift,none,4,43,0,,15,24,0.1654676258992805,,53.96606063842773,15.95365047454834,25.43041038513184,5.25,5.0,100.0,1.6226202038437485,689,0.993780343483713
antmaze-medium-navigate-v0,2,gas_shortest_replan_on_local_drift,none,5,44,1,,15,,0.7692307692307693,,49.61204147338867,2.013477563858032,2.237312793731689,1.903225806451613,1.0,31.0,2.006376907657668,10,0.9684040155088018
antmaze-medium-navigate-v0,2,gas_shortest_replan_on_local_drift,none,1,45,0,,15,106,0.4952830188679245,,56.97999954223633,25.457956314086918,28.35157585144043,6.2631578947368425,6.0,95.0,2.8421761101939182,103,1.0
antmaze-medium-navigate-v0,2,gas_shortest_replan_on_local_drift,none,2,46,1,,15,,0.6274509803921569,,57.03547668457031,5.067089557647705,5.067089557647705,3.75,1.0,20.0,2.19037531524789,14,0.9908376968254758
antmaze-medium-navigate-v0,2,gas_shortest_replan_on_local_drift,none,3,47,1,,15,,0.64,,15.715399742126465,1.4874210357666016,3.624572277069092,2.4444444444444446,1.0,27.0,2.3016507451317314,12,0.985167271995268
antmaze-medium-navigate-v0,2,gas_shortest_replan_on_local_drift,none,4,48,0,,25,79,0.4083769633507853,,52.5379753112793,46.07435989379883,48.026145935058594,11.407407407407408,11.0,81.0,2.063126416537538,90,0.9998002374049794
antmaze-medium-navigate-v0,2,gas_shortest_replan_on_local_drift,none,5,49,1,,19,,0.7796610169491526,,49.45094680786133,2.8155717849731445,2.952651023864746,2.108108108108108,1.0,37.0,2.183679640018545,8,0.957661919376321
antmaze-medium-navigate-v0,2,gas_shortest_replan_on_local_drift,none,1,50,1,,15,,0.8688524590163934,,58.050025939941406,1.362119436264038,2.5121495723724365,1.5510204081632653,1.0,147.0,7.226382296731275,30,0.9791348252250434
antmaze-medium-navigate-v0,2,gas_shortest_replan_on_local_drift,none,2,51,1,,15,,0.6730769230769231,,57.00149154663086,4.967047214508057,5.556890964508057,2.958333333333333,1.0,24.0,3.1730885429396225,14,1.0
antmaze-medium-navigate-v0,2,gas_shortest_replan_on_local_drift,none,3,52,0,,15,7,0.0461538461538461,,21.804622650146484,21.37849235534668,31.19792938232422,7.932203389830509,8.0,118.0,0.6011975598535216,880,1.0
antmaze-medium-navigate-v0,2,gas_shortest_replan_on_local_drift,none,4,53,1,,35,,0.7241379310344828,,49.66329956054688,2.3476572036743164,2.3476572036743164,2.677419354838709,1.0,31.0,1.1157468871991172,13,0.9309701274878529
antmaze-medium-navigate-v0,2,gas_shortest_replan_on_local_drift,none,5,54,1,,17,,0.7538461538461538,,50.482818603515625,1.5466116666793823,1.5466116666793823,1.875,1.0,40.0,2.251846813010806,12,0.960824877526797
antmaze-medium-navigate-v0,2,gas_shortest_replan_on_local_drift,none,1,55,1,,18,,0.6060606060606061,,57.89690017700195,2.491992712020874,3.2817461490631104,3.2333333333333334,1.0,30.0,2.335132212410667,12,0.9750717614944805
antmaze-medium-navigate-v0,2,gas_shortest_replan_on_local_drift,none,2,56,1,,15,,0.6666666666666666,,57.30432891845703,1.841859221458435,2.5287952423095703,2.84375,1.0,32.0,2.1201045636390194,15,0.9834781408186294
antmaze-medium-navigate-v0,2,gas_shortest_replan_on_local_drift,none,3,57,0,,15,11,0.0757575757575757,,23.166488647460938,23.166488647460938,28.10749244689941,7.043478260869565,7.0,115.0,2.0050866669883805,862,1.0
antmaze-medium-navigate-v0,2,gas_shortest_replan_on_local_drift,none,4,58,1,,19,,0.6491228070175439,,51.55083084106445,0.8054437637329102,1.0607788562774658,3.1923076923076925,1.0,26.0,2.7450821069681695,17,0.9428265503799452
antmaze-medium-navigate-v0,2,gas_shortest_replan_on_local_drift,none,5,59,1,,18,,0.6739130434782609,,49.78557205200195,4.644164562225342,4.739382266998291,2.4761904761904763,1.0,21.0,2.036652715632745,10,0.9758528006594174
antmaze-medium-navigate-v0,2,gas_shortest_replan_on_local_drift,none,1,60,1,,15,,0.6538461538461539,,57.775390625,0.6625432968139648,2.2488646507263184,3.523809523809524,1.0,21.0,6.159129606190597,18,0.9717546426553024
antmaze-medium-navigate-v0,2,gas_shortest_replan_on_local_drift,none,2,61,1,,15,,0.703125,,56.64449691772461,5.810317039489746,6.175816535949707,3.03125,1.0,32.0,2.106343296477592,18,0.9975811437677606
antmaze-medium-navigate-v0,2,gas_shortest_replan_on_local_drift,none,3,62,0,,17,6,0.0387596899224806,,21.693748474121094,21.693748474121094,29.015663146972656,7.991596638655462,8.0,119.0,0.8048949842542749,899,0.990644106937129
antmaze-medium-navigate-v0,2,gas_shortest_replan_on_local_drift,none,4,63,1,,40,,0.546875,,50.61161422729492,3.614543914794922,3.741385936737061,3.814814814814815,1.0,27.0,0.975922096020308,18,0.9598112102600564
antmaze-medium-navigate-v0,2,gas_shortest_replan_on_local_drift,none,5,64,1,,15,,0.8214285714285714,,48.00642013549805,1.5855906009674072,2.6553151607513428,1.6065573770491803,1.0,61.0,1.4134886288274275,11,0.9722898844210092
antmaze-medium-navigate-v0,2,gas_shortest_replan_on_local_drift,none,1,65,1,,17,,0.6833333333333333,,56.79149627685547,1.6547183990478516,2.455066680908203,3.1481481481481484,1.0,27.0,3.482854274946473,14,0.9745687413927534
antmaze-medium-navigate-v0,2,gas_shortest_replan_on_local_drift,none,2,66,1,,15,,0.6382978723404256,,57.19952392578125,6.125856399536133,6.125856399536133,4.875,1.0,16.0,2.310223624219481,15,1.0
antmaze-medium-navigate-v0,2,gas_shortest_replan_on_local_drift,none,3,67,1,,15,,0.6610169491525424,,21.42636489868164,1.439063310623169,1.439063310623169,3.0625,1.0,32.0,0.942805984901429,18,0.964468304293336
antmaze-medium-navigate-v0,2,gas_shortest_replan_on_local_drift,none,4,68,0,,15,88,0.4371859296482412,,52.68488311767578,45.49752807617188,50.65229797363281,10.954022988505749,11.0,87.0,1.1856209112550238,89,0.9986573794064808
antmaze-medium-navigate-v0,2,gas_shortest_replan_on_local_drift,none,5,69,1,,15,,0.8369565217391305,,48.67210006713867,1.038365602493286,1.3375498056411743,1.5147058823529411,1.0,68.0,3.424471911113564,19,0.9553464491844348
antmaze-medium-navigate-v0,2,gas_shortest_replan_on_local_drift,none,1,70,1,,15,,0.6551724137931034,,57.257232666015625,0.5516151189804077,1.2573635578155518,3.1923076923076925,1.0,26.0,2.62586132383152,14,0.9658822682820893
antmaze-medium-navigate-v0,2,gas_shortest_replan_on_local_drift,none,2,71,1,,15,,0.5909090909090909,,56.944618225097656,4.913259506225586,5.500277996063232,4.294117647058823,1.0,17.0,1.177646204445784,13,0.989933898731397
antmaze-medium-navigate-v0,2,gas_shortest_replan_on_local_drift,none,3,72,1,,15,,0.6122448979591837,,19.77164459228516,2.159961223602295,2.744990348815918,3.2916666666666665,1.0,24.0,0.9126231478475993,13,0.9723636729236078
antmaze-medium-navigate-v0,2,gas_shortest_replan_on_local_drift,none,4,73,1,,26,,0.6397849462365591,,50.63208770751953,0.6164668798446655,1.9427045583724976,3.415929203539823,1.0,113.0,1.0969696569655067,52,0.9835896658420572
antmaze-medium-navigate-v0,2,gas_shortest_replan_on_local_drift,none,5,74,1,,15,,0.7391304347826086,,49.4078254699707,4.864356994628906,4.864356994628906,1.8333333333333333,1.0,42.0,5.49441097127123,11,0.979568713809468
antmaze-medium-navigate-v0,2,gas_shortest_replan_on_local_drift,none,1,75,1,,15,,0.7349397590361446,,57.43096160888672,2.359288215637207,4.271708011627197,2.306122448979592,1.0,49.0,2.4360984658047578,13,0.9850213874889904
antmaze-medium-navigate-v0,2,gas_shortest_replan_on_local_drift,none,2,76,0,,15,105,0.4837209302325581,,57.492454528808594,40.28340911865234,41.34310531616211,8.222222222222221,8.0,99.0,0.9863266768683988,100,1.0
antmaze-medium-navigate-v0,2,gas_shortest_replan_on_local_drift,none,3,77,0,,15,8,0.0538461538461538,,23.24022102355957,23.24022102355957,32.018829345703125,8.008547008547009,8.0,117.0,1.3005588465433828,888,1.0
antmaze-medium-navigate-v0,2,gas_shortest_replan_on_local_drift,none,4,78,1,,19,,0.852112676056338,,51.75138092041016,2.3262829780578613,2.6236047744750977,1.5585585585585586,1.0,111.0,1.309412983022008,25,0.9535118077481453
antmaze-medium-navigate-v0,2,gas_shortest_replan_on_local_drift,none,5,79,1,,15,,0.5853658536585366,,48.24254989624024,6.084128856658936,6.084128856658936,2.75,1.0,16.0,1.83115087335651,9,0.9777904009039488
antmaze-medium-navigate-v0,2,gas_shortest_replan_on_local_drift,none,1,80,1,,15,,0.86,,57.29616928100586,0.6576271057128906,1.5401625633239746,1.6754385964912282,1.0,114.0,3.9526453575945024,55,0.9733722020949775
antmaze-medium-navigate-v0,2,gas_shortest_replan_on_local_drift,none,2,81,1,,15,,0.6,,57.10237503051758,2.1368420124053955,2.1368420124053955,4.2105263157894735,1.0,19.0,3.4917648489569095,12,0.9775376913798364
antmaze-medium-navigate-v0,2,gas_shortest_replan_on_local_drift,none,3,82,1,,21,,0.5636363636363636,,19.005592346191406,1.5709571838378906,1.5709571838378906,2.862068965517241,1.0,29.0,1.3951287626391964,15,0.956334463715022
antmaze-medium-navigate-v0,2,gas_shortest_replan_on_local_drift,none,4,83,0,,22,99,0.4711538461538461,,52.7407341003418,46.73200225830078,48.34883117675781,11.21875,11.0,96.0,1.3236368301588028,93,1.0
antmaze-medium-navigate-v0,2,gas_shortest_replan_on_local_drift,none,5,84,1,,15,,0.84,,48.57502746582031,2.400169610977173,2.7916202545166016,1.537037037037037,1.0,54.0,1.5627690933491432,15,0.9702062581327564
antmaze-medium-navigate-v0,2,gas_shortest_replan_on_local_drift,none,1,85,1,,21,,0.6097560975609756,,56.26197052001953,1.827952265739441,3.5761725902557373,2.948717948717949,1.0,39.0,2.0735875621469884,23,0.9804686842884838
antmaze-medium-navigate-v0,2,gas_shortest_replan_on_local_drift,none,2,86,1,,15,,0.711864406779661,,56.09464263916016,4.844849109649658,6.2836222648620605,2.6,1.0,30.0,4.26704985564092,12,0.9949287910234568
antmaze-medium-navigate-v0,2,gas_shortest_replan_on_local_drift,none,3,87,1,,15,,0.5555555555555556,,23.6531982421875,1.8845865726470947,2.3748080730438232,3.3043478260869565,1.0,23.0,2.91161353984109,18,0.9862655702831916
antmaze-medium-navigate-v0,2,gas_shortest_replan_on_local_drift,none,4,88,1,,32,,0.6491228070175439,,48.35503768920898,1.9299129247665403,1.9299129247665403,3.0,1.0,26.0,2.0545195039213824,12,0.9438230324751588
antmaze-medium-navigate-v0,2,gas_shortest_replan_on_local_drift,none,5,89,1,,18,,0.7868852459016393,,48.82916259765625,3.246389627456665,3.573476791381836,1.8421052631578947,1.0,38.0,4.058126290556179,11,0.9652955867169701
antmaze-medium-navigate-v0,2,gas_shortest_replan_on_local_drift,none,1,90,1,,15,,0.7721518987341772,,57.07404708862305,1.2179429531097412,2.400052070617676,2.04,1.0,50.0,2.42495678216154,19,0.9713594790712616
antmaze-medium-navigate-v0,2,gas_shortest_replan_on_local_drift,none,2,91,1,,15,,0.7283950617283951,,55.94078063964844,2.4165494441986084,2.853947639465332,2.2448979591836733,1.0,49.0,2.928200590157148,21,0.9792884992910348
antmaze-medium-navigate-v0,2,gas_shortest_replan_on_local_drift,none,3,92,1,,15,,0.7884615384615384,,22.878175735473636,1.270223617553711,1.6945840120315552,2.03125,1.0,32.0,1.1551965254856678,9,0.9855778723145866
antmaze-medium-navigate-v0,2,gas_shortest_replan_on_local_drift,none,4,93,0,,23,16,0.1119402985074626,,48.99850845336914,48.68857192993164,55.29870223999024,12.202127659574469,12.0,94.0,0.9902228069736345,599,0.9811121281863262
antmaze-medium-navigate-v0,2,gas_shortest_replan_on_local_drift,none,5,94,1,,15,,0.7846153846153846,,46.726524353027344,1.5788298845291138,1.5788298845291138,1.6829268292682926,1.0,41.0,2.558355395439565,9,0.9611757892810501
antmaze-medium-navigate-v0,2,gas_shortest_replan_on_local_drift,none,1,95,1,,15,,0.7586206896551724,,56.85515975952149,2.926352262496948,5.768840312957764,2.1372549019607843,1.0,51.0,7.6372203583851395,20,0.9912370450219897
antmaze-medium-navigate-v0,2,gas_shortest_replan_on_local_drift,none,2,96,1,,15,,0.6274509803921569,,56.34443283081055,2.167649745941162,2.408745050430298,3.8,1.0,20.0,3.764639338462176,17,0.9932578277328912
antmaze-medium-navigate-v0,2,gas_shortest_replan_on_local_drift,none,3,97,1,,15,,0.6538461538461539,,23.13020133972168,1.6485953330993652,2.126159429550171,2.4,1.0,25.0,2.303620766453235,14,0.9921274630371828
antmaze-medium-navigate-v0,2,gas_shortest_replan_on_local_drift,none,4,98,1,,16,,0.7128712871287128,,52.425777435302734,2.4181244373321533,3.2046544551849365,2.2096774193548385,1.0,62.0,2.589439647119986,19,0.9683029653249536
antmaze-medium-navigate-v0,2,gas_shortest_replan_on_local_drift,none,5,99,1,,23,,0.7413793103448276,,49.88047790527344,3.2705447673797607,4.020295143127441,2.0,1.0,34.0,2.322274774724244,10,0.9642921223848612
antmaze-medium-navigate-v0,2,gas_shortest_adaptive_subgoal_horizon,none,1,0,1,,15,,0.5945945945945946,,58.50203704833984,1.4410589933395386,2.019465208053589,3.875,1.0,32.0,2.0913820585371417,15,0.9714263200128013
antmaze-medium-navigate-v0,2,gas_shortest_adaptive_subgoal_horizon,none,2,1,1,,15,,0.59375,,56.07555770874024,4.061673164367676,4.409351348876953,3.6296296296296298,1.0,27.0,2.7679292897309895,11,0.9864888851312305
antmaze-medium-navigate-v0,2,gas_shortest_adaptive_subgoal_horizon,none,3,2,0,,15,8,0.0274509803921568,,20.660852432250977,19.06959724426269,26.116308212280277,8.99163179916318,9.0,239.0,0.6673331180186178,906,1.0
antmaze-medium-navigate-v0,2,gas_shortest_adaptive_subgoal_horizon,none,4,3,0,,27,11,0.0393700787401574,,50.97383499145508,50.97383499145508,56.73081970214844,14.008547008547009,14.0,234.0,0.9148484342463388,825,0.9516357716013361
antmaze-medium-navigate-v0,2,gas_shortest_adaptive_subgoal_horizon,none,5,4,1,,15,,0.6590909090909091,,50.473445892333984,1.9695019721984863,1.9695019721984863,2.411764705882353,1.0,51.0,4.441547424720179,16,0.969211181087947
antmaze-medium-navigate-v0,2,gas_shortest_adaptive_subgoal_horizon,none,1,5,1,,16,,0.5631067961165048,,56.98199081420898,2.215845823287964,2.215845823287964,3.0,1.0,47.0,3.8365502570180827,19,0.9802297049282729
antmaze-medium-navigate-v0,2,gas_shortest_adaptive_subgoal_horizon,none,2,6,1,,15,,0.5616438356164384,,57.00414276123047,2.582501173019409,2.582501173019409,4.655172413793103,1.0,29.0,1.806371107643052,13,0.9893777139671964
antmaze-medium-navigate-v0,2,gas_shortest_adaptive_subgoal_horizon,none,3,7,1,,21,,0.4181818181818181,,20.488815307617188,1.7400233745574951,1.9403562545776367,4.891304347826087,1.0,46.0,1.2791848871879217,21,0.9744947101882212
antmaze-medium-navigate-v0,2,gas_shortest_adaptive_subgoal_horizon,none,4,8,1,,16,,0.4814814814814814,,52.59663772583008,4.704920291900635,4.867175579071045,4.434782608695652,1.0,46.0,1.983645964154761,21,0.985897135557468
antmaze-medium-navigate-v0,2,gas_shortest_adaptive_subgoal_horizon,none,5,9,1,,15,,0.559322033898305,,48.287376403808594,5.13844633102417,5.701550006866455,3.4,1.0,25.0,1.749938072924794,8,0.9913859004441146
antmaze-medium-navigate-v0,2,gas_shortest_adaptive_subgoal_horizon,none,1,10,1,,19,,0.5319148936170213,,56.64229965209961,3.3274285793304443,4.168890476226807,3.6052631578947367,1.0,38.0,3.241220809644073,14,0.9867213310597432
antmaze-medium-navigate-v0,2,gas_shortest_adaptive_subgoal_horizon,none,2,11,1,,15,,0.5571428571428572,,55.97392272949219,2.2427213191986084,2.469350814819336,4.321428571428571,1.0,28.0,5.315797074882458,13,0.9839113115695676
antmaze-medium-navigate-v0,2,gas_shortest_adaptive_subgoal_horizon,none,3,12,0,,15,22,0.0801526717557251,,23.92799568176269,23.267799377441406,30.213838577270508,7.098214285714286,7.0,224.0,1.7853831294221705,799,1.0
antmaze-medium-navigate-v0,2,gas_shortest_adaptive_subgoal_horizon,none,4,13,0,,16,170,0.4592391304347826,,54.55595397949219,43.448280334472656,46.893802642822266,11.207100591715976,11.0,169.0,1.7478783598082386,156,0.9982975783703097
antmaze-medium-navigate-v0,2,gas_shortest_adaptive_subgoal_horizon,none,5,14,1,,15,,0.7127659574468085,,49.32018280029297,2.898827314376831,3.3854243755340576,2.0526315789473686,1.0,57.0,3.150833169976481,12,0.9761959179866732
antmaze-medium-navigate-v0,2,gas_shortest_adaptive_subgoal_horizon,none,1,15,1,,15,,0.5232558139534884,,57.46706008911133,1.8904576301574707,2.3874764442443848,4.757575757575758,1.0,33.0,10.479490227073041,22,0.9816215563289874
antmaze-medium-navigate-v0,2,gas_shortest_adaptive_subgoal_horizon,none,2,16,1,,15,,0.5967741935483871,,57.407135009765625,0.8477252125740051,0.8477252125740051,4.333333333333333,1.0,24.0,3.7624803254802144,13,0.973014487648039
antmaze-medium-navigate-v0,2,gas_shortest_adaptive_subgoal_horizon,none,3,17,1,,15,,0.5211267605633803,,22.77381134033203,2.905535221099853,2.9592902660369877,3.363636363636364,1.0,33.0,1.0204296088906168,11,0.9671434942667305
antmaze-medium-navigate-v0,2,gas_shortest_adaptive_subgoal_horizon,none,4,18,1,,20,,0.6391752577319587,,50.8880615234375,1.032489538192749,1.7590941190719604,3.090909090909091,1.0,55.0,1.6220496466627392,14,0.9481335635628972
antmaze-medium-navigate-v0,2,gas_shortest_adaptive_subgoal_horizon,none,5,19,0,,15,853,0.969283276450512,,48.66706848144531,4.597055912017822,7.558021545410156,1.0687203791469195,1.0,844.0,2.500155759798083,802,1.0
antmaze-medium-navigate-v0,2,gas_shortest_adaptive_subgoal_horizon,none,1,20,1,,15,,0.5517241379310345,,57.7972526550293,1.6844840049743652,3.369350910186768,4.444444444444445,1.0,36.0,4.448422113875328,20,0.9834252164364996
antmaze-medium-navigate-v0,2,gas_shortest_adaptive_subgoal_horizon,none,2,21,1,,15,,0.5441176470588235,,57.4765739440918,4.565237045288086,5.039981842041016,5.166666666666667,1.0,24.0,3.847153608179172,17,1.0
antmaze-medium-navigate-v0,2,gas_shortest_adaptive_subgoal_horizon,none,3,22,0,,15,194,0.4910941475826972,,23.761409759521484,17.528871536254883,18.6362361907959,4.151351351351352,4.0,185.0,3.3517993581181598,175,0.9998911707935804
antmaze-medium-navigate-v0,2,gas_shortest_adaptive_subgoal_horizon,none,4,23,1,,16,,0.5569620253164557,,53.31865692138672,2.731349229812622,3.235433578491211,4.294117647058823,1.0,34.0,1.654136356508944,9,0.9740640494261389
antmaze-medium-navigate-v0,2,gas_shortest_adaptive_subgoal_horizon,none,5,24,1,,19,,0.5633802816901409,,48.07438659667969,4.891277313232422,5.2266526222229,3.53125,1.0,32.0,2.5141409330038744,14,0.9827270199049484
antmaze-medium-navigate-v0,2,gas_shortest_adaptive_subgoal_horizon,none,1,25,1,,17,,0.75,,57.15847396850586,0.9499778151512146,2.4746713638305664,2.257142857142857,1.0,70.0,3.4210883863107613,34,0.976528011446663
antmaze-medium-navigate-v0,2,gas_shortest_adaptive_subgoal_horizon,none,2,26,1,,15,,0.5714285714285714,,55.75360107421875,4.991615295410156,4.991615295410156,4.285714285714286,1.0,28.0,3.407402157278123,16,0.989216247222106
antmaze-medium-navigate-v0,2,gas_shortest_adaptive_subgoal_horizon,none,3,27,1,,15,,0.6046511627906976,,24.02118682861328,0.8401366472244263,2.051522970199585,2.75,1.0,20.0,4.17340959850181,5,0.9742644540638178
antmaze-medium-navigate-v0,2,gas_shortest_adaptive_subgoal_horizon,none,4,28,1,,15,,0.484375,,51.96574020385742,4.365875244140625,4.365875244140625,5.791666666666667,1.0,24.0,1.1868856690924756,15,0.9633955204042973
antmaze-medium-navigate-v0,2,gas_shortest_adaptive_subgoal_horizon,none,5,29,1,,17,,0.7739130434782608,,46.68959045410156,1.7955877780914309,2.850252151489258,1.8125,1.0,80.0,3.5973225445930552,15,0.973548427104138
antmaze-medium-navigate-v0,2,gas_shortest_adaptive_subgoal_horizon,none,1,30,1,,15,,0.562962962962963,,58.184818267822266,1.2496660947799685,2.006650924682617,3.784615384615385,1.0,65.0,3.6800354950018375,21,0.9836318246895076
antmaze-medium-navigate-v0,2,gas_shortest_adaptive_subgoal_horizon,none,2,31,1,,15,,0.5454545454545454,,56.92005157470703,3.98802661895752,4.935163497924805,3.9615384615384617,1.0,26.0,3.8489299907376133,14,0.9950890669432569
antmaze-medium-navigate-v0,2,gas_shortest_adaptive_subgoal_horizon,none,3,32,1,,16,,0.3736263736263736,,21.361913681030277,1.804965138435364,1.8966223001480105,4.425,1.0,40.0,1.2479297275204688,22,0.9727883461982016
antmaze-medium-navigate-v0,2,gas_shortest_adaptive_subgoal_horizon,none,4,33,1,,19,,0.5053763440860215,,52.80559158325195,0.6273179650306702,1.8134087324142456,6.794871794871795,1.0,39.0,2.173825510959871,20,0.9660687320889084
antmaze-medium-navigate-v0,2,gas_shortest_adaptive_subgoal_horizon,none,5,34,1,,17,,0.7403846153846154,,49.775028228759766,3.0708563327789307,3.756924390792847,1.8142857142857145,1.0,70.0,2.288114479159706,15,0.9791670691689311
antmaze-medium-navigate-v0,2,gas_shortest_adaptive_subgoal_horizon,none,1,35,1,,15,,0.4615384615384615,,57.70147705078125,1.5985355377197266,2.188295602798462,6.196078431372549,1.0,51.0,3.0226737453933525,24,0.9884491301284569
antmaze-medium-navigate-v0,2,gas_shortest_adaptive_subgoal_horizon,none,2,36,1,,15,,0.5949367088607594,,57.16166687011719,2.8748221397399902,5.100680828094482,3.421052631578948,1.0,38.0,3.506364789667092,10,0.9888623841628889
antmaze-medium-navigate-v0,2,gas_shortest_adaptive_subgoal_horizon,none,3,37,1,,17,,0.5365853658536586,,23.115346908569336,2.440088987350464,2.440088987350464,3.395348837209302,1.0,43.0,1.3195305219447164,11,0.9697909621224796
antmaze-medium-navigate-v0,2,gas_shortest_adaptive_subgoal_horizon,none,4,38,1,,18,,0.4285714285714285,,50.935035705566406,2.036332368850708,2.036332368850708,5.69811320754717,1.0,53.0,1.7869146826626492,24,0.9778440237241222
antmaze-medium-navigate-v0,2,gas_shortest_adaptive_subgoal_horizon,none,5,39,1,,15,,0.7327586206896551,,49.25354766845703,2.851827621459961,2.8741533756256104,1.893333333333333,1.0,75.0,2.4288196358207284,18,0.9807480546651448
antmaze-medium-navigate-v0,2,gas_shortest_adaptive_subgoal_horizon,none,1,40,1,,16,,0.6448598130841121,,56.67510223388672,2.931896209716797,3.737454891204834,3.2363636363636363,1.0,55.0,4.38461371865718,17,0.986508236617752
antmaze-medium-navigate-v0,2,gas_shortest_adaptive_subgoal_horizon,none,2,41,1,,15,,0.4736842105263157,,56.66412734985352,5.485750675201416,5.485750675201416,6.708333333333333,1.0,24.0,2.275704932587592,15,0.9967438906398233
antmaze-medium-navigate-v0,2,gas_shortest_adaptive_subgoal_horizon,none,3,42,1,,15,,0.5789473684210527,,22.438024520874023,5.396084308624268,5.42678689956665,2.9714285714285715,1.0,35.0,2.3236488699492135,9,0.9944334946791226
antmaze-medium-navigate-v0,2,gas_shortest_adaptive_subgoal_horizon,none,4,43,1,,16,,0.46875,,54.51592254638672,1.8834315538406368,1.8834315538406368,6.72972972972973,1.0,37.0,3.0687567147264203,23,0.9770735824695592
antmaze-medium-navigate-v0,2,gas_shortest_adaptive_subgoal_horizon,none,5,44,1,,15,,0.676056338028169,,49.37174606323242,4.318665027618408,5.054291725158691,2.3076923076923075,1.0,39.0,3.5509240883502255,10,0.9916153223816593
antmaze-medium-navigate-v0,2,gas_shortest_adaptive_subgoal_horizon,none,1,45,1,,15,,0.6847826086956522,,56.81509017944336,2.2015295028686523,2.840744972229004,2.339622641509434,1.0,53.0,2.320464888788681,15,0.9809228127142224
antmaze-medium-navigate-v0,2,gas_shortest_adaptive_subgoal_horizon,none,2,46,1,,15,,0.5,,57.10690689086914,5.6145758628845215,5.6145758628845215,5.838709677419355,1.0,31.0,3.3588183754487457,17,0.9955279580140892
antmaze-medium-navigate-v0,2,gas_shortest_adaptive_subgoal_horizon,none,3,47,1,,15,,0.4722222222222222,,16.966625213623047,0.9820603728294371,1.467576503753662,4.0,1.0,33.0,0.995262590557675,13,0.9780392816608872
antmaze-medium-navigate-v0,2,gas_shortest_adaptive_subgoal_horizon,none,4,48,1,,16,,0.4712643678160919,,52.65503692626953,3.360615968704224,3.360615968704224,6.411764705882353,1.0,34.0,1.0307402982120006,15,0.9708569168300633
antmaze-medium-navigate-v0,2,gas_shortest_adaptive_subgoal_horizon,none,5,49,1,,19,,0.6282051282051282,,49.644805908203125,3.840641736984253,3.840641736984253,2.682926829268293,1.0,41.0,2.6851255303797394,12,0.9758241254217298
antmaze-medium-navigate-v0,2,gas_shortest_adaptive_subgoal_horizon,none,1,50,1,,15,,0.6136363636363636,,58.31388854980469,1.1931352615356443,1.1931352615356443,3.409090909090909,1.0,44.0,2.272036484624396,14,0.9717754641111191
antmaze-medium-navigate-v0,2,gas_shortest_adaptive_subgoal_horizon,none,2,51,0,,15,16,0.0588235294117647,,56.365333557128906,36.917598724365234,40.18442916870117,7.149779735682819,7.0,227.0,2.5442212448600885,861,1.0
antmaze-medium-navigate-v0,2,gas_shortest_adaptive_subgoal_horizon,none,3,52,1,,15,,0.4403669724770642,,21.78445053100586,1.1603443622589111,1.4956752061843872,5.391304347826087,1.0,46.0,1.3253291830420613,22,0.9907006358119216
antmaze-medium-navigate-v0,2,gas_shortest_adaptive_subgoal_horizon,none,4,53,1,,36,,0.4626865671641791,,50.435638427734375,4.853610515594482,4.952631950378418,5.958333333333333,1.0,24.0,2.0200496026199453,13,0.95453965447182
antmaze-medium-navigate-v0,2,gas_shortest_adaptive_subgoal_horizon,none,5,54,1,,17,,0.6567164179104478,,50.37459945678711,3.587394952774048,6.067545413970947,2.5142857142857142,1.0,35.0,1.2199858370478938,8,0.9854236710648876
antmaze-medium-navigate-v0,2,gas_shortest_adaptive_subgoal_horizon,none,1,55,1,,18,,0.504950495049505,,58.06838607788086,1.9034842252731323,2.5318057537078857,4.625,1.0,40.0,4.7299967150163935,18,0.9815096599908386
antmaze-medium-navigate-v0,2,gas_shortest_adaptive_subgoal_horizon,none,2,56,1,,15,,0.6435643564356436,,57.55793380737305,3.4654526710510254,5.503468036651611,3.092592592592593,1.0,54.0,3.26985141836387,17,0.9971310970992004
antmaze-medium-navigate-v0,2,gas_shortest_adaptive_subgoal_horizon,none,3,57,1,,15,,0.6226415094339622,,23.3533935546875,4.7604660987854,4.83489990234375,2.6607142857142856,1.0,56.0,4.613928507952263,13,0.9947539835983765
antmaze-medium-navigate-v0,2,gas_shortest_adaptive_subgoal_horizon,none,4,58,1,,19,,0.4807692307692308,,51.39633560180664,1.6857584714889526,1.6857584714889526,5.372093023255814,1.0,43.0,11.64481230071749,13,0.9692431703155656
antmaze-medium-navigate-v0,2,gas_shortest_adaptive_subgoal_horizon,none,5,59,1,,18,,0.6746987951807228,,49.813507080078125,4.056639194488525,4.34141731262207,2.4791666666666665,1.0,48.0,2.587972001719308,11,0.9796749746847986
antmaze-medium-navigate-v0,2,gas_shortest_adaptive_subgoal_horizon,none,1,60,1,,15,,0.6875,,57.96341323852539,0.7413326501846313,4.176537036895752,2.488888888888889,1.0,45.0,4.581117359777666,18,0.982503865031452
antmaze-medium-navigate-v0,2,gas_shortest_adaptive_subgoal_horizon,none,2,61,1,,15,,0.4838709677419355,,56.24313354492188,3.6497416496276855,3.6497416496276855,4.913043478260869,1.0,23.0,3.1747504526653607,13,0.9855538599488056
antmaze-medium-navigate-v0,2,gas_shortest_adaptive_subgoal_horizon,none,3,62,1,,17,,0.5423728813559322,,20.98638153076172,1.537568211555481,1.8749985694885252,3.555555555555556,1.0,27.0,1.598104724128611,8,0.9595624930560182
antmaze-medium-navigate-v0,2,gas_shortest_adaptive_subgoal_horizon,none,4,63,1,,28,,0.5125,,51.23749542236328,2.634562492370605,2.830693244934082,4.909090909090909,1.0,33.0,1.8203045318945505,14,0.9551075183140305
antmaze-medium-navigate-v0,2,gas_shortest_adaptive_subgoal_horizon,none,5,64,1,,15,,0.6388888888888888,,47.63356399536133,3.2053916454315186,3.7738213539123535,2.3684210526315788,1.0,38.0,2.4951673395270504,11,0.9854661095884941
antmaze-medium-navigate-v0,2,gas_shortest_adaptive_subgoal_horizon,none,1,65,1,,15,,0.6824324324324325,,56.60816192626953,1.9654850959777832,4.330402851104736,2.411111111111111,1.0,90.0,5.765917859380901,30,0.9883339464365516
antmaze-medium-navigate-v0,2,gas_shortest_adaptive_subgoal_horizon,none,2,66,1,,15,,0.6065573770491803,,56.90085220336914,3.731769800186157,3.731769800186157,4.08,1.0,25.0,2.263820465596593,14,0.9973489684645568
antmaze-medium-navigate-v0,2,gas_shortest_adaptive_subgoal_horizon,none,3,67,1,,15,,0.4698795180722891,,21.14642143249512,2.5499391555786133,2.5499391555786133,3.684210526315789,1.0,38.0,0.6881230286354415,13,0.9760459496383533
antmaze-medium-navigate-v0,2,gas_shortest_adaptive_subgoal_horizon,none,4,68,1,,15,,0.463768115942029,,52.755615234375,1.58832585811615,2.234891653060913,4.372881355932203,1.0,59.0,1.4921627233767265,21,0.9814255894104214
antmaze-medium-navigate-v0,2,gas_shortest_adaptive_subgoal_horizon,none,5,69,1,,15,,0.6338028169014085,,48.219688415527344,3.079594850540161,4.12395715713501,2.8378378378378377,1.0,37.0,4.555476520432838,10,0.975492163604858
antmaze-medium-navigate-v0,2,gas_shortest_adaptive_subgoal_horizon,none,1,70,1,,15,,0.6936936936936937,,57.078556060791016,2.3597652912139893,4.332667827606201,2.6515151515151514,1.0,66.0,6.503827351268549,19,0.9820043957644569
antmaze-medium-navigate-v0,2,gas_shortest_adaptive_subgoal_horizon,none,2,71,1,,15,,0.4859813084112149,,56.75588607788086,3.7064480781555176,3.7064480781555176,3.4761904761904763,1.0,42.0,3.114322908059099,18,0.9915871712408757
antmaze-medium-navigate-v0,2,gas_shortest_adaptive_subgoal_horizon,none,3,72,1,,17,,0.5490196078431373,,20.35133552551269,1.3249937295913696,1.3461905717849731,3.2,1.0,25.0,0.8621954664764728,10,0.9517137056789036
antmaze-medium-navigate-v0,2,gas_shortest_adaptive_subgoal_horizon,none,4,73,1,,27,,0.63,,50.59447860717773,1.4089336395263672,2.445175170898437,3.592592592592593,1.0,54.0,1.521371746741143,18,0.9693778729057434
antmaze-medium-navigate-v0,2,gas_shortest_adaptive_subgoal_horizon,none,5,74,1,,15,,0.5423728813559322,,49.39818954467773,5.412259101867676,5.412259101867676,3.5454545454545454,1.0,22.0,4.906469199995102,12,0.9861756866889472
antmaze-medium-navigate-v0,2,gas_shortest_adaptive_subgoal_horizon,none,1,75,1,,15,,0.5714285714285714,,57.24081802368164,1.1368943452835083,1.292802095413208,3.2666666666666666,1.0,60.0,12.596698251839765,22,0.9845751591427496
antmaze-medium-navigate-v0,2,gas_shortest_adaptive_subgoal_horizon,none,2,76,1,,15,,0.5573770491803278,,57.56657028198242,2.63817834854126,2.63817834854126,5.227272727272728,1.0,22.0,6.019155359090334,14,0.9842140582688332
antmaze-medium-navigate-v0,2,gas_shortest_adaptive_subgoal_horizon,none,3,77,1,,15,,0.5,,22.73283195495605,2.129549026489258,2.671175003051758,4.209302325581396,1.0,43.0,2.754431155392063,15,0.9956731177167502
antmaze-medium-navigate-v0,2,gas_shortest_adaptive_subgoal_horizon,none,4,78,1,,19,,0.5375,,52.46086883544922,0.9292645454406738,0.9292645454406738,4.787878787878788,1.0,33.0,1.3055682943908289,12,0.9546080427060842
antmaze-medium-navigate-v0,2,gas_shortest_adaptive_subgoal_horizon,none,5,79,1,,15,,0.5573770491803278,,47.67876434326172,3.4225282669067383,3.4225282669067383,2.96,1.0,25.0,3.097054251235219,10,0.9697402480092688
antmaze-medium-navigate-v0,2,gas_shortest_adaptive_subgoal_horizon,none,1,80,1,,15,,0.6086956521739131,,57.28936004638672,1.6040451526641846,1.9245591163635252,3.065217391304348,1.0,46.0,2.715634804869989,13,0.9740070916070648
antmaze-medium-navigate-v0,2,gas_shortest_adaptive_subgoal_horizon,none,2,81,1,,15,,0.5189873417721519,,57.13951110839844,2.9441165924072266,4.413050651550293,5.1875,1.0,32.0,1.7469612561257442,15,0.9905705859602562
antmaze-medium-navigate-v0,2,gas_shortest_adaptive_subgoal_horizon,none,3,82,1,,22,,0.5050505050505051,,18.482282638549805,1.7951552867889404,2.5287115573883057,3.7884615384615374,1.0,52.0,0.8745266361276367,20,0.9696287858584164
antmaze-medium-navigate-v0,2,gas_shortest_adaptive_subgoal_horizon,none,4,83,0,,18,38,0.1365313653136531,,52.78116607666016,42.55932235717773,49.62835693359375,11.196969696969695,11.0,198.0,2.279842868149636,638,0.9977709365943096
antmaze-medium-navigate-v0,2,gas_shortest_adaptive_subgoal_horizon,none,5,84,1,,15,,0.7241379310344828,,48.17911148071289,1.736583948135376,1.736583948135376,1.8783783783783785,1.0,74.0,1.436407204092901,13,0.9803894824960109
antmaze-medium-navigate-v0,2,gas_shortest_adaptive_subgoal_horizon,none,1,85,1,,28,,0.5899280575539568,,56.21867370605469,1.0166034698486328,1.2449268102645874,3.208333333333333,1.0,72.0,7.5244342916223,25,0.9805347946104124
antmaze-medium-navigate-v0,2,gas_shortest_adaptive_subgoal_horizon,none,2,86,1,,15,,0.5625,,56.54988098144531,4.452208995819092,5.815665721893311,4.68,1.0,25.0,5.779389529212053,14,0.994238843546372
antmaze-medium-navigate-v0,2,gas_shortest_adaptive_subgoal_horizon,none,3,87,1,,15,,0.5232558139534884,,23.24563217163086,1.120768666267395,1.120768666267395,4.6,1.0,40.0,1.3775384790594811,15,0.9845962088244785
antmaze-medium-navigate-v0,2,gas_shortest_adaptive_subgoal_horizon,none,4,88,1,,20,,0.7557251908396947,,48.29415512084961,1.0304327011108398,1.9887332916259768,2.161290322580645,1.0,93.0,3.117328150139996,23,0.9433665561720666
antmaze-medium-navigate-v0,2,gas_shortest_adaptive_subgoal_horizon,none,5,89,1,,18,,0.7058823529411765,,49.25375747680664,0.7646999359130859,1.190450668334961,2.2745098039215685,1.0,51.0,4.058126290556179,11,0.9628577033188764
antmaze-medium-navigate-v0,2,gas_shortest_adaptive_subgoal_horizon,none,1,90,1,,15,,0.7864583333333334,,56.98136138916016,1.0191055536270142,2.089804172515869,1.818181818181818,1.0,143.0,6.06679848848405,54,0.9823131016844414
antmaze-medium-navigate-v0,2,gas_shortest_adaptive_subgoal_horizon,none,2,91,1,,15,,0.6,,56.167083740234375,5.674544811248779,7.270998954772949,3.72972972972973,1.0,37.0,2.9576041121810257,13,0.9988804862188274
antmaze-medium-navigate-v0,2,gas_shortest_adaptive_subgoal_horizon,none,3,92,0,,15,29,0.1064638783269961,,22.78148078918457,15.55631160736084,21.868942260742188,4.2889908256880735,4.0,218.0,5.609485433715025,759,1.0
antmaze-medium-navigate-v0,2,gas_shortest_adaptive_subgoal_horizon,none,4,93,1,,22,,0.4418604651162791,,49.59822082519531,1.4011125564575195,1.7292104959487915,6.702702702702703,1.0,74.0,1.6298621453040774,26,0.9793193840478676
antmaze-medium-navigate-v0,2,gas_shortest_adaptive_subgoal_horizon,none,5,94,1,,15,,0.7692307692307693,,47.4858512878418,1.717152118682861,2.3963003158569336,1.7,1.0,60.0,3.332772620837269,7,0.9728645111331965
antmaze-medium-navigate-v0,2,gas_shortest_adaptive_subgoal_horizon,none,1,95,1,,16,,0.7319587628865979,,56.88203811645508,1.0972481966018677,4.2558183670043945,2.6379310344827585,1.0,58.0,3.3199724541582007,26,0.985371133338174
antmaze-medium-navigate-v0,2,gas_shortest_adaptive_subgoal_horizon,none,2,96,1,,15,,0.5396825396825397,,56.77092742919922,3.277507781982422,3.442210912704468,5.65,1.0,20.0,2.729568651400305,11,0.998500614399441
antmaze-medium-navigate-v0,2,gas_shortest_adaptive_subgoal_horizon,none,3,97,1,,15,,0.5277777777777778,,23.9888858795166,1.6298333406448364,1.6298333406448364,3.7096774193548394,1.0,31.0,3.52503811357607,12,0.9922370553368538
antmaze-medium-navigate-v0,2,gas_shortest_adaptive_subgoal_horizon,none,4,98,1,,15,,0.5181818181818182,,52.23318099975586,1.3073512315750122,1.929749011993408,4.826923076923077,1.0,52.0,1.8937676111010504,15,0.971488277594883
antmaze-medium-navigate-v0,2,gas_shortest_adaptive_subgoal_horizon,none,5,99,1,,16,,0.6166666666666667,,49.7253303527832,3.107913017272949,4.151029586791992,2.896551724137931,1.0,29.0,1.2129070820062522,10,0.9688208306656962
antmaze-medium-navigate-v0,2,gas_reachability_budget_replan_on_local_drift,none,1,0,1,,15,,0.8282828282828283,,58.35477828979492,1.9882959127426147,2.578648567199707,1.7714285714285714,1.0,70.0,1.95063359713509,20,0.9710632482438226
antmaze-medium-navigate-v0,2,gas_reachability_budget_replan_on_local_drift,none,2,1,1,,15,,0.6666666666666666,,56.43529891967773,3.013566493988037,5.406043529510498,3.7142857142857135,1.0,21.0,3.348253550599736,13,0.9895357352369958
antmaze-medium-navigate-v0,2,gas_reachability_budget_replan_on_local_drift,none,3,2,1,,15,,0.4625,,22.02401733398437,1.4195871353149414,1.4195871353149414,4.583333333333333,1.0,36.0,1.152723319252486,29,0.9874823654460844
antmaze-medium-navigate-v0,2,gas_reachability_budget_replan_on_local_drift,none,4,3,1,,18,,0.7596153846153846,,51.264278411865234,1.0038117170333862,3.659829616546631,2.161764705882353,1.0,68.0,3.151144559367156,26,0.975337220247957
antmaze-medium-navigate-v0,2,gas_reachability_budget_replan_on_local_drift,none,5,4,1,,15,,0.9010989010989012,,50.56925582885742,2.209522485733032,2.498729467391968,1.2597402597402598,1.0,154.0,6.237981822946679,33,0.9750830612016032
antmaze-medium-navigate-v0,2,gas_reachability_budget_replan_on_local_drift,none,1,5,1,,16,,0.6296296296296297,,57.194095611572266,1.611799240112305,2.738621473312378,3.4545454545454546,1.0,22.0,1.6563629474190464,12,0.9722783962310748
antmaze-medium-navigate-v0,2,gas_reachability_budget_replan_on_local_drift,none,2,6,1,,15,,0.64,,57.333595275878906,3.279430866241455,3.279430866241455,4.2631578947368425,1.0,19.0,5.68875221054217,13,0.9898707959681432
antmaze-medium-navigate-v0,2,gas_reachability_budget_replan_on_local_drift,none,3,7,1,,21,,0.5466666666666666,,21.66859245300293,3.0381968021392822,3.518955707550049,4.470588235294118,1.0,34.0,1.3581715833261634,23,0.9782978669853297
antmaze-medium-navigate-v0,2,gas_reachability_budget_replan_on_local_drift,none,4,8,1,,15,,0.6162790697674418,,52.44706726074219,2.133903980255127,2.133903980255127,2.975609756097561,1.0,41.0,1.9373486257355026,22,0.9917350226137228
antmaze-medium-navigate-v0,2,gas_reachability_budget_replan_on_local_drift,none,5,9,1,,15,,0.6862745098039216,,47.91974639892578,2.572348594665528,3.3210175037384038,2.3076923076923075,1.0,26.0,2.7549982543900855,11,0.9751359345456233
antmaze-medium-navigate-v0,2,gas_reachability_budget_replan_on_local_drift,none,1,10,1,,15,,0.6,,56.91333770751953,1.0927342176437378,2.137199640274048,3.325,1.0,40.0,1.8540720758514255,24,0.9786588899612556
antmaze-medium-navigate-v0,2,gas_reachability_budget_replan_on_local_drift,none,2,11,1,,15,,0.6530612244897959,,56.26860809326172,3.3003766536712646,3.549730062484741,3.238095238095238,1.0,21.0,2.6349017594662962,10,0.984395569869127
antmaze-medium-navigate-v0,2,gas_reachability_budget_replan_on_local_drift,none,3,12,1,,15,,0.5625,,24.26096534729004,1.3523536920547483,2.017512083053589,3.9444444444444446,1.0,18.0,2.200273140905968,13,0.9937211755287624
antmaze-medium-navigate-v0,2,gas_reachability_budget_replan_on_local_drift,none,4,13,1,,15,,0.5411764705882353,,54.17197036743164,0.7861853837966919,1.6172950267791748,3.675675675675676,1.0,37.0,1.1622684109103634,25,0.9795214451190668
antmaze-medium-navigate-v0,2,gas_reachability_budget_replan_on_local_drift,none,5,14,1,,15,,0.8051948051948052,,49.35990905761719,2.322864294052124,2.535459518432617,1.5925925925925926,1.0,54.0,1.6358676181053835,11,0.9637128505075341
antmaze-medium-navigate-v0,2,gas_reachability_budget_replan_on_local_drift,none,1,15,1,,15,,0.6268656716417911,,57.24333953857422,4.041004180908203,4.708582878112793,3.03125,1.0,32.0,2.365294789770344,14,0.9856082008274626
antmaze-medium-navigate-v0,2,gas_reachability_budget_replan_on_local_drift,none,2,16,1,,15,,0.6428571428571429,,57.00434112548828,3.473083734512329,3.676032066345215,3.8260869565217392,1.0,23.0,3.932247989946338,18,1.0
antmaze-medium-navigate-v0,2,gas_reachability_budget_replan_on_local_drift,none,3,17,1,,15,,0.6486486486486487,,23.334850311279297,1.547159194946289,1.7071548700332642,2.526315789473684,1.0,19.0,0.957317158298823,6,0.9386592069286416
antmaze-medium-navigate-v0,2,gas_reachability_budget_replan_on_local_drift,none,4,18,1,,17,,0.7808219178082192,,50.6859245300293,1.4793354272842407,1.6617467403411863,2.066666666666667,1.0,45.0,2.311860828823248,14,0.9629119510455524
antmaze-medium-navigate-v0,2,gas_reachability_budget_replan_on_local_drift,none,5,19,1,,15,,0.7083333333333334,,48.64872360229492,1.7250535488128662,2.454664468765259,2.458333333333333,1.0,24.0,1.6765326715651383,9,0.9771225068629161
antmaze-medium-navigate-v0,2,gas_reachability_budget_replan_on_local_drift,none,1,20,1,,15,,0.6744186046511628,,57.96076583862305,1.2085038423538208,2.434939384460449,2.86046511627907,1.0,43.0,5.426181847542616,21,0.9792423608410742
antmaze-medium-navigate-v0,2,gas_reachability_budget_replan_on_local_drift,none,2,21,1,,15,,0.6981132075471698,,57.24708557128906,4.018740177154541,4.18454647064209,3.25,1.0,24.0,1.7101273732998057,10,0.9971066720064616
antmaze-medium-navigate-v0,2,gas_reachability_budget_replan_on_local_drift,none,3,22,1,,15,,0.6862745098039216,,23.6397762298584,1.945778489112854,2.371175765991211,2.576923076923077,1.0,26.0,1.3935533083939098,10,0.9743021990548766
antmaze-medium-navigate-v0,2,gas_reachability_budget_replan_on_local_drift,none,4,23,1,,24,,0.6181818181818182,,53.77024841308594,3.262963056564331,3.3791301250457764,3.5217391304347827,1.0,23.0,1.5868477410535968,17,0.9640043781666501
antmaze-medium-navigate-v0,2,gas_reachability_budget_replan_on_local_drift,none,5,24,1,,19,,0.7538461538461538,,47.73509216308594,1.393410086631775,1.393410086631775,1.8461538461538465,1.0,39.0,2.5141409330038744,14,0.9574646625359148
antmaze-medium-navigate-v0,2,gas_reachability_budget_replan_on_local_drift,none,1,25,1,,17,,0.908653846153846,,57.289207458496094,1.1681917905807495,2.7051713466644287,1.3409090909090908,1.0,176.0,1.708174708174708,50,0.9800746405477297
antmaze-medium-navigate-v0,2,gas_reachability_budget_replan_on_local_drift,none,2,26,1,,15,,0.6764705882352942,,56.23310470581055,5.89978551864624,5.89978551864624,2.914285714285714,1.0,35.0,4.049209060438693,18,0.9918173863465749
antmaze-medium-navigate-v0,2,gas_reachability_budget_replan_on_local_drift,none,3,27,1,,15,,0.6444444444444445,,23.48623275756836,1.883721113204956,2.8525195121765137,2.1739130434782608,1.0,23.0,0.9460971102542141,12,0.979059872424212
antmaze-medium-navigate-v0,2,gas_reachability_budget_replan_on_local_drift,none,4,28,1,,15,,0.6363636363636364,,51.42148208618164,2.768228530883789,2.824014902114868,2.8181818181818183,1.0,33.0,1.4207485754505529,14,0.9604019970041673
antmaze-medium-navigate-v0,2,gas_reachability_budget_replan_on_local_drift,none,5,29,1,,17,,0.7719298245614035,,47.043190002441406,1.6345365047454834,1.6345365047454834,1.7428571428571429,1.0,35.0,1.1661338470535971,11,0.9500997950351485
antmaze-medium-navigate-v0,2,gas_reachability_budget_replan_on_local_drift,none,1,30,1,,15,,0.7652173913043478,,58.16518020629883,1.3737918138504028,1.6622053384780884,1.871794871794872,1.0,78.0,1.6969071434974103,22,0.9725165764142928
antmaze-medium-navigate-v0,2,gas_reachability_budget_replan_on_local_drift,none,2,31,1,,15,,0.6739130434782609,,57.10628890991211,4.287302017211914,4.765019416809082,3.3,1.0,20.0,3.428348155894003,11,0.9928302224919928
antmaze-medium-navigate-v0,2,gas_reachability_budget_replan_on_local_drift,none,3,32,1,,24,,0.64,,21.71811866760254,1.9778565168380735,2.2537434101104736,2.5357142857142856,1.0,28.0,1.3513161341832394,10,0.9600009938220296
antmaze-medium-navigate-v0,2,gas_reachability_budget_replan_on_local_drift,none,4,33,1,,15,,0.4951456310679611,,52.683876037597656,3.136849403381348,3.136849403381348,4.658536585365853,1.0,41.0,1.8306787826102704,31,0.9892878616373245
antmaze-medium-navigate-v0,2,gas_reachability_budget_replan_on_local_drift,none,5,34,1,,15,,0.9625850340136054,,50.0344352722168,1.6229168176651,3.564077615737915,1.0952380952380951,1.0,273.0,3.620188918579702,60,0.9812536592136176
antmaze-medium-navigate-v0,2,gas_reachability_budget_replan_on_local_drift,none,1,35,1,,15,,0.6097560975609756,,57.832550048828125,2.1692917346954346,3.6812360286712646,3.692307692307693,1.0,39.0,3.6654225479411338,21,0.9869051677573498
antmaze-medium-navigate-v0,2,gas_reachability_budget_replan_on_local_drift,none,2,36,1,,15,,0.7948717948717948,,57.36940002441406,2.226091861724853,2.9800822734832764,1.86,1.0,50.0,2.8879183284203225,16,0.9937132962512153
antmaze-medium-navigate-v0,2,gas_reachability_budget_replan_on_local_drift,none,3,37,0,,17,9,0.0610687022900763,,23.39931297302246,23.129961013793945,30.35233497619629,8.017241379310345,8.0,116.0,0.9658789899705044,853,1.0
antmaze-medium-navigate-v0,2,gas_reachability_budget_replan_on_local_drift,none,4,38,1,,23,,0.7166666666666667,,50.642852783203125,1.0219606161117554,1.0219606161117554,2.548387096774193,1.0,31.0,3.872003218560675,13,0.9466431733683789
antmaze-medium-navigate-v0,2,gas_reachability_budget_replan_on_local_drift,none,5,39,1,,15,,0.8090909090909091,,49.119728088378906,2.490156412124634,2.77756404876709,1.5925925925925926,1.0,81.0,1.9138514220113731,15,0.9775395198816893
antmaze-medium-navigate-v0,2,gas_reachability_budget_replan_on_local_drift,none,1,40,1,,16,,0.7321428571428571,,56.48952865600586,1.335881233215332,1.335881233215332,2.5172413793103448,1.0,29.0,1.2724101731009734,18,0.9617109625345425
antmaze-medium-navigate-v0,2,gas_reachability_budget_replan_on_local_drift,none,2,41,1,,15,,0.6274509803921569,,56.73648834228516,1.3613715171813965,2.624231100082397,4.75,1.0,20.0,6.924433746905415,14,0.9809249671371424
antmaze-medium-navigate-v0,2,gas_reachability_budget_replan_on_local_drift,none,3,42,1,,15,,0.6461538461538462,,21.80334854125977,3.74450159072876,3.7477521896362314,2.571428571428572,1.0,35.0,1.9698713162271442,13,0.986652424327774
antmaze-medium-navigate-v0,2,gas_reachability_budget_replan_on_local_drift,none,4,43,1,,15,,0.5970149253731343,,54.205814361572266,2.21880316734314,2.21880316734314,3.607142857142857,1.0,28.0,1.6226202038437485,18,0.9703334435392428
antmaze-medium-navigate-v0,2,gas_reachability_budget_replan_on_local_drift,none,5,44,1,,15,,0.725,,49.69449996948242,0.8001879453659058,0.8861597180366516,2.473684210526316,1.0,19.0,2.006376907657668,9,0.9589334146058336
antmaze-medium-navigate-v0,2,gas_reachability_budget_replan_on_local_drift,none,1,45,0,,15,106,0.4952830188679245,,56.98666000366211,25.425212860107425,28.34873962402344,6.2631578947368425,6.0,95.0,2.8421761101939182,103,1.0
antmaze-medium-navigate-v0,2,gas_reachability_budget_replan_on_local_drift,none,2,46,1,,15,,0.6545454545454545,,56.94091796875,5.954024791717529,6.2113237380981445,3.2916666666666665,1.0,24.0,1.7452462505991921,14,0.9959528788029813
antmaze-medium-navigate-v0,2,gas_reachability_budget_replan_on_local_drift,none,3,47,1,,15,,0.6170212765957447,,16.993772506713867,2.00882625579834,2.0542800426483154,2.625,1.0,24.0,2.206983363481483,12,0.97477417368379
antmaze-medium-navigate-v0,2,gas_reachability_budget_replan_on_local_drift,none,4,48,1,,15,,0.5689655172413793,,52.65800094604492,3.1189801692962646,3.1189801692962646,5.173913043478261,1.0,23.0,1.1718638893580442,20,0.9794327932084952
antmaze-medium-navigate-v0,2,gas_reachability_budget_replan_on_local_drift,none,5,49,1,,19,,0.6744186046511628,,50.13284683227539,1.6096700429916382,2.364520072937012,3.3157894736842106,1.0,19.0,3.093335520662372,10,0.9578188572366124
antmaze-medium-navigate-v0,2,gas_reachability_budget_replan_on_local_drift,none,1,50,1,,15,,0.5813953488372093,,58.306785583496094,2.324547052383423,2.8308427333831787,4.081081081081081,1.0,37.0,7.4260001953047015,18,0.9843422151241408
antmaze-medium-navigate-v0,2,gas_reachability_budget_replan_on_local_drift,none,2,51,1,,15,,0.6458333333333334,,56.75719833374024,3.7305850982666016,3.735563039779663,3.35,1.0,20.0,3.1730885429396225,14,0.9986746176044097
antmaze-medium-navigate-v0,2,gas_reachability_budget_replan_on_local_drift,none,3,52,0,,15,7,0.0461538461538461,,20.53008460998535,20.094253540039062,30.022911071777344,7.932203389830509,8.0,118.0,0.6011975598535216,880,1.0
antmaze-medium-navigate-v0,2,gas_reachability_budget_replan_on_local_drift,none,4,53,1,,23,,0.6666666666666666,,50.36358642578125,4.1005048751831055,4.35578203201294,3.333333333333333,1.0,24.0,3.4788940341839267,14,0.964773644240087
antmaze-medium-navigate-v0,2,gas_reachability_budget_replan_on_local_drift,none,5,54,1,,17,,0.7142857142857143,,50.31227111816406,3.369375944137573,3.369375944137573,2.129032258064516,1.0,31.0,2.251846813010806,12,0.9702338316099757
antmaze-medium-navigate-v0,2,gas_reachability_budget_replan_on_local_drift,none,1,55,1,,18,,0.6290322580645161,,57.79184722900391,0.7864300012588501,1.338359236717224,3.357142857142857,1.0,28.0,2.291763126774349,12,0.9658125309729173
antmaze-medium-navigate-v0,2,gas_reachability_budget_replan_on_local_drift,none,2,56,1,,15,,0.7982456140350878,,57.35213851928711,1.988542914390564,4.376286506652832,1.75,1.0,80.0,2.2261970870825465,24,0.99226742997145
antmaze-medium-navigate-v0,2,gas_reachability_budget_replan_on_local_drift,none,3,57,0,,15,11,0.0757575757575757,,22.41067123413086,22.41067123413086,28.11690902709961,7.043478260869565,7.0,115.0,2.0050866669883805,862,1.0
antmaze-medium-navigate-v0,2,gas_reachability_budget_replan_on_local_drift,none,4,58,1,,15,,0.6716417910447762,,51.436553955078125,1.025951266288757,3.752200365066528,2.9705882352941178,1.0,34.0,1.6429135803660744,15,0.9779294826322137
antmaze-medium-navigate-v0,2,gas_reachability_budget_replan_on_local_drift,none,5,59,1,,18,,0.6590909090909091,,49.47408676147461,3.1300737857818604,3.95415711402893,2.631578947368421,1.0,19.0,2.036652715632745,10,0.9707012116838065
antmaze-medium-navigate-v0,2,gas_reachability_budget_replan_on_local_drift,none,1,60,1,,15,,0.7464788732394366,,57.91708755493164,1.3682509660720823,2.210312366485596,2.325,1.0,40.0,6.159129606190597,13,0.9723241639868724
antmaze-medium-navigate-v0,2,gas_reachability_budget_replan_on_local_drift,none,2,61,1,,15,,0.6,,56.25495147705078,6.040513038635254,6.040513038635254,4.529411764705882,1.0,17.0,2.106343296477592,15,0.9969880249369404
antmaze-medium-navigate-v0,2,gas_reachability_budget_replan_on_local_drift,none,3,62,0,,17,6,0.0387596899224806,,21.541534423828125,21.541534423828125,28.778343200683597,7.991596638655462,8.0,119.0,0.8048949842542749,899,0.990644106937129
antmaze-medium-navigate-v0,2,gas_reachability_budget_replan_on_local_drift,none,4,63,1,,40,,0.5538461538461539,,51.0516357421875,2.954514980316162,2.954514980316162,3.75,1.0,28.0,0.975922096020308,18,0.9568212634903941
antmaze-medium-navigate-v0,2,gas_reachability_budget_replan_on_local_drift,none,5,64,1,,15,,0.6521739130434783,,47.924095153808594,4.210817813873291,4.743979454040527,2.6818181818181817,1.0,22.0,2.199160326055726,9,0.9858183794328376
antmaze-medium-navigate-v0,2,gas_reachability_budget_replan_on_local_drift,none,1,65,1,,17,,0.6666666666666666,,56.80566787719727,1.26953125,1.3526086807250977,2.8666666666666667,1.0,30.0,3.482854274946473,14,0.9727457898572966
antmaze-medium-navigate-v0,2,gas_reachability_budget_replan_on_local_drift,none,2,66,1,,15,,0.7534246575342466,,56.96030807495117,1.3240793943405151,2.815518379211426,2.609756097560976,1.0,41.0,2.9877431849830005,16,0.9937897562429313
antmaze-medium-navigate-v0,2,gas_reachability_budget_replan_on_local_drift,none,3,67,1,,15,,0.6333333333333333,,21.97861671447754,2.357311725616455,2.7188560962677,2.6666666666666665,1.0,33.0,0.942805984901429,18,0.9720033649671889
antmaze-medium-navigate-v0,2,gas_reachability_budget_replan_on_local_drift,none,4,68,0,,15,18,0.126865671641791,,52.67482376098633,15.786023139953612,21.57954978942871,3.364485981308411,3.0,107.0,3.062483159680628,795,1.0
antmaze-medium-navigate-v0,2,gas_reachability_budget_replan_on_local_drift,none,5,69,1,,15,,0.6739130434782609,,48.65947723388672,3.5623326301574707,5.265230655670166,2.590909090909091,1.0,22.0,3.424471911113564,12,0.9754980766286216
antmaze-medium-navigate-v0,2,gas_reachability_budget_replan_on_local_drift,none,1,70,1,,15,,0.704225352112676,,57.27708053588867,0.4947950839996338,2.826221227645874,2.4615384615384617,1.0,39.0,4.711902399676966,14,0.9729361375820842
antmaze-medium-navigate-v0,2,gas_reachability_budget_replan_on_local_drift,none,2,71,1,,15,,0.7213114754098361,,56.86381530761719,4.589279651641846,5.782203674316406,2.46875,1.0,32.0,2.659928064613937,12,1.0
antmaze-medium-navigate-v0,2,gas_reachability_budget_replan_on_local_drift,none,3,72,1,,15,,0.62,,20.77171516418457,1.7743598222732544,1.7743598222732544,3.2,1.0,25.0,0.9126231478475993,14,0.9672638398985738
antmaze-medium-navigate-v0,2,gas_reachability_budget_replan_on_local_drift,none,4,73,1,,15,,0.5232558139534884,,51.00484085083008,1.846224904060364,2.097154140472412,6.405405405405405,1.0,37.0,6.091142296468664,26,0.9863443264780974
antmaze-medium-navigate-v0,2,gas_reachability_budget_replan_on_local_drift,none,5,74,1,,15,,0.7575757575757576,,48.988677978515625,4.153825759887695,5.205448627471924,1.829268292682927,1.0,41.0,5.49441097127123,11,0.9807428926981854
antmaze-medium-navigate-v0,2,gas_reachability_budget_replan_on_local_drift,none,1,75,1,,15,,0.7012987012987013,,57.24067306518555,1.375545620918274,3.0847299098968506,2.523809523809524,1.0,42.0,2.4360984658047578,14,0.980582771769824
antmaze-medium-navigate-v0,2,gas_reachability_budget_replan_on_local_drift,none,2,76,0,,15,105,0.4837209302325581,,57.04296875,39.76988983154297,40.85007858276367,8.252525252525253,8.0,99.0,0.9863266768683988,100,1.0
antmaze-medium-navigate-v0,2,gas_reachability_budget_replan_on_local_drift,none,3,77,0,,15,8,0.0538461538461538,,22.47008514404297,22.47008514404297,31.66225242614746,8.008547008547009,8.0,117.0,1.3005588465433828,888,1.0
antmaze-medium-navigate-v0,2,gas_reachability_budget_replan_on_local_drift,none,4,78,0,,15,26,0.176056338028169,,52.32018661499024,49.90105819702149,52.247344970703125,12.666666666666666,12.0,90.0,2.630513794783014,446,0.99950971082564
antmaze-medium-navigate-v0,2,gas_reachability_budget_replan_on_local_drift,none,5,79,1,,15,,0.7045454545454546,,47.76396942138672,2.5580973625183105,2.8609325885772705,2.136363636363636,1.0,22.0,1.939302233460348,7,0.9544892879916108
antmaze-medium-navigate-v0,2,gas_reachability_budget_replan_on_local_drift,none,1,80,1,,15,,0.8698224852071006,,57.16020584106445,2.661573648452759,3.7699716091156006,1.5789473684210529,1.0,133.0,2.982268018156278,38,0.9791475674990476
antmaze-medium-navigate-v0,2,gas_reachability_budget_replan_on_local_drift,none,2,81,1,,15,,0.6428571428571429,,56.94600677490234,3.198868989944458,4.499552249908447,3.48,1.0,25.0,3.4917648489569095,12,0.9884890446963356
antmaze-medium-navigate-v0,2,gas_reachability_budget_replan_on_local_drift,none,3,82,1,,21,,0.5294117647058824,,19.707433700561523,2.2397172451019287,3.0062074661254883,3.0384615384615383,1.0,26.0,1.3951287626391964,15,0.9620415221258346
antmaze-medium-navigate-v0,2,gas_reachability_budget_replan_on_local_drift,none,4,83,1,,26,,0.5833333333333334,,52.91855239868164,2.563096523284912,2.563096523284912,4.222222222222222,1.0,27.0,1.9356766002716792,17,0.954784428621556
antmaze-medium-navigate-v0,2,gas_reachability_budget_replan_on_local_drift,none,5,84,1,,15,,0.8764044943820225,,48.46939849853516,1.1991794109344482,1.9322830438613887,1.4264705882352942,1.0,68.0,2.5952500763958573,17,0.9665619263897741
antmaze-medium-navigate-v0,2,gas_reachability_budget_replan_on_local_drift,none,1,85,1,,21,,0.7209302325581395,,56.12838745117188,0.3002054691314697,2.8167526721954346,2.1320754716981134,1.0,53.0,13.204696331581626,24,0.9711089750027304
antmaze-medium-navigate-v0,2,gas_reachability_budget_replan_on_local_drift,none,2,86,1,,15,,0.7840909090909091,,56.57850646972656,4.461762428283691,4.608911514282227,1.9642857142857144,1.0,56.0,3.471060283210464,22,1.0
antmaze-medium-navigate-v0,2,gas_reachability_budget_replan_on_local_drift,none,3,87,1,,15,,0.5833333333333334,,23.249282836914062,2.437286615371704,2.5396854877471924,2.827586206896552,1.0,29.0,2.91161353984109,18,0.987001996992621
antmaze-medium-navigate-v0,2,gas_reachability_budget_replan_on_local_drift,none,4,88,0,,20,13,0.0902255639097744,,48.27836227416992,42.30962753295898,50.00729751586914,11.021052631578948,11.0,95.0,1.4169601652391175,621,1.0
antmaze-medium-navigate-v0,2,gas_reachability_budget_replan_on_local_drift,none,5,89,1,,18,,0.8,,48.76140975952149,2.5274364948272705,2.535447120666504,1.738095238095238,1.0,42.0,4.058126290556179,12,0.9577333252669865
antmaze-medium-navigate-v0,2,gas_reachability_budget_replan_on_local_drift,none,1,90,1,,15,,0.7123287671232876,,56.89910888671875,2.668876886367798,2.961850881576538,2.365853658536585,1.0,41.0,3.5128445378621223,14,0.977047340263032
antmaze-medium-navigate-v0,2,gas_reachability_budget_replan_on_local_drift,none,2,91,1,,15,,0.6595744680851063,,56.16866683959961,3.1310460567474365,3.1310460567474365,3.526315789473684,1.0,19.0,2.876189194294146,15,0.9965147960000937
antmaze-medium-navigate-v0,2,gas_reachability_budget_replan_on_local_drift,none,3,92,1,,15,,0.7391304347826086,,23.04436683654785,1.5490115880966189,1.919177532196045,2.32,1.0,25.0,1.1551965254856678,9,0.986764976696607
antmaze-medium-navigate-v0,2,gas_reachability_budget_replan_on_local_drift,none,4,93,1,,16,,0.7160493827160493,,49.26897811889648,0.9070780873298644,0.9070780873298644,2.4347826086956523,1.0,46.0,2.266827982309925,16,0.9660393880394446
antmaze-medium-navigate-v0,2,gas_reachability_budget_replan_on_local_drift,none,5,94,1,,15,,0.7857142857142857,,47.149784088134766,2.695953369140625,3.0785748958587646,1.7714285714285714,1.0,35.0,2.5312138689692505,9,0.9657399345721142
antmaze-medium-navigate-v0,2,gas_reachability_budget_replan_on_local_drift,none,1,95,1,,15,,0.7142857142857143,,57.02412796020508,0.9575884938240052,3.505175828933716,2.657142857142857,1.0,35.0,7.6372203583851395,16,0.9821697495018482
antmaze-medium-navigate-v0,2,gas_reachability_budget_replan_on_local_drift,none,2,96,1,,15,,0.8412698412698413,,56.73401641845703,3.0841801166534424,5.633056640625,1.6595744680851063,1.0,94.0,3.764639338462176,27,1.0
antmaze-medium-navigate-v0,2,gas_reachability_budget_replan_on_local_drift,none,3,97,1,,15,,0.6470588235294118,,22.63456916809082,2.6990435123443604,2.9841201305389404,2.4,1.0,25.0,2.303620766453235,12,0.9964043947397524
antmaze-medium-navigate-v0,2,gas_reachability_budget_replan_on_local_drift,none,4,98,1,,16,,0.6301369863013698,,52.10667419433594,0.7784885168075562,0.9525334239006042,3.5588235294117645,1.0,34.0,2.589439647119986,18,0.9592719200661365
antmaze-medium-navigate-v0,2,gas_reachability_budget_replan_on_local_drift,none,5,99,1,,23,,0.673469387755102,,50.27378082275391,1.9857953786849976,2.729323625564575,2.652173913043478,1.0,23.0,2.322274774724244,11,0.9587951019184662
antmaze-medium-navigate-v0,1,gas_shortest_replan_on_local_drift,none,1,0,1,,21,,0.6212121212121212,,56.72100830078125,3.13042950630188,3.761672019958496,3.225806451612903,1.0,31.0,1.7462320005059981,20,0.9748756808455438
antmaze-medium-navigate-v0,1,gas_shortest_replan_on_local_drift,none,2,1,1,,15,,0.7333333333333333,,56.05030059814453,5.48784875869751,5.48784875869751,2.4838709677419355,1.0,31.0,2.096242269452989,14,1.0
antmaze-medium-navigate-v0,1,gas_shortest_replan_on_local_drift,none,3,2,1,,15,,0.5972222222222222,,24.218002319335938,2.5439047813415527,3.383297681808472,2.85,1.0,40.0,1.7913361946633362,22,1.0
antmaze-medium-navigate-v0,1,gas_shortest_replan_on_local_drift,none,4,3,1,,19,,0.5727272727272728,,52.32594680786133,1.2895699739456177,2.035926580429077,4.944444444444445,1.0,54.0,2.4532121239159843,30,0.9789981678131648
antmaze-medium-navigate-v0,1,gas_shortest_replan_on_local_drift,none,5,4,1,,15,,0.7702702702702703,,47.38827133178711,3.988477945327759,3.988477945327759,1.6458333333333333,1.0,48.0,1.823351488909385,16,0.9762660932647973
antmaze-medium-navigate-v0,1,gas_shortest_replan_on_local_drift,none,1,5,1,,15,,0.8257575757575758,,57.246578216552734,0.9013004302978516,3.107933521270752,1.625,1.0,96.0,4.171129717223458,31,0.9798803450335548
antmaze-medium-navigate-v0,1,gas_shortest_replan_on_local_drift,none,2,6,1,,15,,0.6615384615384615,,56.97628021240234,2.306523323059082,3.359693050384521,2.7096774193548385,1.0,31.0,5.546793438881799,16,0.984349973674882
antmaze-medium-navigate-v0,1,gas_shortest_replan_on_local_drift,none,3,7,1,,15,,0.6065573770491803,,23.66719436645508,2.152414083480835,2.671487331390381,3.533333333333333,1.0,30.0,1.901628379611335,18,1.0
antmaze-medium-navigate-v0,1,gas_shortest_replan_on_local_drift,none,4,8,1,,28,,0.7083333333333334,,49.9573974609375,1.7413880825042725,2.197571277618408,3.4761904761904763,1.0,21.0,1.1958576207541844,10,0.9303745368294537
antmaze-medium-navigate-v0,1,gas_shortest_replan_on_local_drift,none,5,9,1,,15,,0.7115384615384616,,49.844539642333984,3.0706779956817627,3.3913159370422363,2.2142857142857144,1.0,28.0,4.5156127036098805,13,0.9668532708187044
antmaze-medium-navigate-v0,1,gas_shortest_replan_on_local_drift,none,1,10,1,,25,,0.6779661016949152,,58.45220565795898,1.331387996673584,2.0339627265930176,3.2142857142857144,1.0,28.0,3.484029961979923,13,0.9622870827578552
antmaze-medium-navigate-v0,1,gas_shortest_replan_on_local_drift,none,2,11,1,,15,,0.6530612244897959,,56.97031784057617,3.4663760662078857,3.4663760662078857,4.473684210526316,1.0,19.0,4.466692347697547,12,0.9858603789254721
antmaze-medium-navigate-v0,1,gas_shortest_replan_on_local_drift,none,3,12,1,,15,,0.6538461538461539,,19.15166282653809,1.2903153896331787,1.387321710586548,2.3703703703703702,1.0,27.0,1.7841386561925636,15,0.977864953266124
antmaze-medium-navigate-v0,1,gas_shortest_replan_on_local_drift,none,4,13,1,,29,,0.6153846153846154,,50.70747375488281,0.7520531415939331,1.4339162111282349,3.103448275862069,1.0,29.0,1.787523354657463,17,0.9519932916504421
antmaze-medium-navigate-v0,1,gas_shortest_replan_on_local_drift,none,5,14,1,,18,,0.7111111111111111,,50.67683029174805,1.213337540626526,1.213337540626526,2.5454545454545454,1.0,22.0,1.4244491887832933,8,0.9565663483908913
antmaze-medium-navigate-v0,1,gas_shortest_replan_on_local_drift,none,1,15,1,,15,,0.5507246376811594,,57.38643264770508,1.267965316772461,1.8884552717208865,4.16,1.0,25.0,3.8730660942712647,19,0.9812706654839636
antmaze-medium-navigate-v0,1,gas_shortest_replan_on_local_drift,none,2,16,0,,15,105,0.488262910798122,,56.926570892333984,41.31235885620117,42.6519660949707,8.173469387755102,8.0,98.0,0.9894625353549804,100,1.0
antmaze-medium-navigate-v0,1,gas_shortest_replan_on_local_drift,none,3,17,1,,15,,0.7027027027027027,,21.935626983642575,1.0536960363388062,1.0905903577804563,2.2777777777777777,1.0,18.0,1.4542202784423837,13,0.9767796398637144
antmaze-medium-navigate-v0,1,gas_shortest_replan_on_local_drift,none,4,18,1,,28,,0.5,,51.28147506713867,0.8271599411964417,1.3461958169937134,3.909090909090909,1.0,33.0,1.469684427795397,30,0.9646900775339664
antmaze-medium-navigate-v0,1,gas_shortest_replan_on_local_drift,none,5,19,1,,17,,0.64,,48.2085075378418,5.215991973876953,5.2759504318237305,2.36,1.0,25.0,2.264615239718469,8,0.9710769106172836
antmaze-medium-navigate-v0,1,gas_shortest_replan_on_local_drift,none,1,20,1,,17,,0.8055555555555556,,57.67813491821289,2.071907520294189,2.8996224403381348,1.68,1.0,75.0,2.5976549079253197,24,0.9747492462154368
antmaze-medium-navigate-v0,1,gas_shortest_replan_on_local_drift,none,2,21,1,,15,,0.717391304347826,,56.68587112426758,1.7091885805130005,1.7985235452651978,3.3,1.0,20.0,3.655369468102424,13,0.9754981371694866
antmaze-medium-navigate-v0,1,gas_shortest_replan_on_local_drift,none,3,22,1,,15,,0.6851851851851852,,23.80301856994629,1.294203758239746,1.6647759675979614,2.3448275862068964,1.0,29.0,0.8123402955714703,12,0.9601986905219597
antmaze-medium-navigate-v0,1,gas_shortest_replan_on_local_drift,none,4,23,1,,15,,0.6458333333333334,,51.7359619140625,1.959209680557251,2.2998030185699463,3.3157894736842106,1.0,19.0,1.020110524229352,11,0.954388387225366
antmaze-medium-navigate-v0,1,gas_shortest_replan_on_local_drift,none,5,24,1,,15,,0.8266666666666667,,50.5659408569336,1.40473473072052,1.40473473072052,1.6346153846153846,1.0,52.0,1.5212323147965976,11,0.9645961274926693
antmaze-medium-navigate-v0,1,gas_shortest_replan_on_local_drift,none,1,25,1,,15,,0.8471337579617835,,57.46973037719727,0.7229821085929871,2.310063600540161,1.5,1.0,122.0,4.603668439268578,34,0.9769823954107857
antmaze-medium-navigate-v0,1,gas_shortest_replan_on_local_drift,none,2,26,1,,15,,0.6363636363636364,,56.94300842285156,4.899336338043213,5.215889930725098,3.823529411764706,1.0,17.0,1.3010661303991908,13,0.986693834902124
antmaze-medium-navigate-v0,1,gas_shortest_replan_on_local_drift,none,3,27,1,,15,,0.7631578947368421,,24.035703659057617,1.8012207746505735,3.722961664199829,1.565217391304348,1.0,23.0,1.5796724916463445,8,0.9983792353764082
antmaze-medium-navigate-v0,1,gas_shortest_replan_on_local_drift,none,4,28,1,,15,,0.9095238095238096,,54.027137756347656,1.2498334646224976,2.013843059539795,1.340782122905028,1.0,179.0,1.6533602780410896,46,0.9675061131945454
antmaze-medium-navigate-v0,1,gas_shortest_replan_on_local_drift,none,5,29,1,,15,,0.673469387755102,,49.95965194702149,3.413704872131348,3.839546203613281,2.5217391304347827,1.0,23.0,8.045821411772518,11,0.9706254758397121
antmaze-medium-navigate-v0,1,gas_shortest_replan_on_local_drift,none,1,30,1,,15,,0.8571428571428571,,57.46369934082031,0.7191824913024902,2.4912869930267334,1.5588235294117647,1.0,102.0,4.405335962109628,38,0.9785396378426742
antmaze-medium-navigate-v0,1,gas_shortest_replan_on_local_drift,none,2,31,1,,15,,0.5957446808510638,,56.01224136352539,4.93483304977417,6.118772506713867,4.0,1.0,17.0,4.192373789968331,14,1.0
antmaze-medium-navigate-v0,1,gas_shortest_replan_on_local_drift,none,3,32,1,,17,,0.5068493150684932,,22.132062911987305,2.26167106628418,2.5034565925598145,4.090909090909091,1.0,33.0,1.2556153229607567,22,0.9743367161092489
antmaze-medium-navigate-v0,1,gas_shortest_replan_on_local_drift,none,4,33,1,,32,,0.6296296296296297,,50.36411285400391,1.0601646900177002,1.0601646900177002,3.739130434782609,1.0,23.0,1.2905736664606828,15,0.9278509099411746
antmaze-medium-navigate-v0,1,gas_shortest_replan_on_local_drift,none,5,34,1,,17,,0.8227848101265823,,50.16450119018555,3.033104419708252,3.681593179702759,1.5636363636363635,1.0,55.0,2.2973639859092203,14,0.9712628036527153
antmaze-medium-navigate-v0,1,gas_shortest_replan_on_local_drift,none,1,35,1,,15,,0.711864406779661,,57.72069549560547,1.0506609678268433,1.0506609678268433,2.548387096774193,1.0,31.0,1.394840448016451,13,0.9640643828491006
antmaze-medium-navigate-v0,1,gas_shortest_replan_on_local_drift,none,2,36,1,,15,,0.6458333333333334,,55.698204040527344,6.035956382751465,6.407932758331299,4.111111111111111,1.0,18.0,2.1647466315349315,17,1.0
antmaze-medium-navigate-v0,1,gas_shortest_replan_on_local_drift,none,3,37,0,,15,9,0.0615384615384615,,19.46329498291016,19.384973526000977,26.63214683532715,7.085470085470085,7.0,117.0,0.733063821085957,879,1.0
antmaze-medium-navigate-v0,1,gas_shortest_replan_on_local_drift,none,4,38,0,,22,4,0.0236220472440944,,51.18474960327149,51.17255401611328,56.3090934753418,12.033333333333331,12.0,120.0,0.5378845611850794,913,0.9240044256977924
antmaze-medium-navigate-v0,1,gas_shortest_replan_on_local_drift,none,5,39,1,,15,,0.7560975609756098,,49.01557159423828,4.173609256744385,4.2772979736328125,2.1904761904761907,1.0,21.0,1.7302378447260267,10,0.9739786918561336
antmaze-medium-navigate-v0,1,gas_shortest_replan_on_local_drift,none,1,40,1,,15,,0.6938775510204082,,58.39303207397461,1.5629944801330566,1.6300678253173828,2.7241379310344827,1.0,58.0,2.806532299841207,20,0.9712427162949758
antmaze-medium-navigate-v0,1,gas_shortest_replan_on_local_drift,none,2,41,1,,15,,0.6607142857142857,,57.01175308227539,0.9281128644943236,1.5684490203857422,3.8333333333333335,1.0,24.0,0.9339735925555294,12,0.9714733609716117
antmaze-medium-navigate-v0,1,gas_shortest_replan_on_local_drift,none,3,42,1,,15,,0.5142857142857142,,22.336658477783203,2.883220195770264,3.354927062988281,3.225806451612903,1.0,31.0,1.5465142681126636,19,0.9820084172981909
antmaze-medium-navigate-v0,1,gas_shortest_replan_on_local_drift,none,4,43,1,,19,,0.675,,52.53783416748047,1.2185086011886597,1.5815798044204712,2.744186046511628,1.0,43.0,1.203351273993705,24,0.9673483357145757
antmaze-medium-navigate-v0,1,gas_shortest_replan_on_local_drift,none,5,44,1,,18,,0.903954802259887,,51.122352600097656,1.9698612689971924,2.0907530784606934,1.2516556291390728,1.0,151.0,5.267036350069025,24,0.9714517326211285
antmaze-medium-navigate-v0,1,gas_shortest_replan_on_local_drift,none,1,45,1,,15,,0.7477477477477478,,57.47173690795898,0.90816068649292,0.90816068649292,2.739130434782609,1.0,69.0,10.931339474130048,25,0.9738074289042722
antmaze-medium-navigate-v0,1,gas_shortest_replan_on_local_drift,none,2,46,1,,15,,0.6610169491525424,,57.61403274536133,1.9196151494979856,1.9196151494979856,3.4482758620689653,1.0,29.0,3.971153233068196,14,0.9736549970478601
antmaze-medium-navigate-v0,1,gas_shortest_replan_on_local_drift,none,3,47,1,,16,,0.6,,22.12364387512207,1.7912665605545044,2.1352481842041016,3.44,1.0,25.0,0.833393048764788,14,0.9638788333610318
antmaze-medium-navigate-v0,1,gas_shortest_replan_on_local_drift,none,4,48,1,,25,,0.6578947368421053,,49.09479522705078,1.6433956623077393,2.825190305709839,2.6,1.0,40.0,0.8482558751412596,12,0.9549276341936648
antmaze-medium-navigate-v0,1,gas_shortest_replan_on_local_drift,none,5,49,1,,15,,0.7368421052631579,,49.80322647094727,2.4616332054138184,2.4616332054138184,1.911764705882353,1.0,34.0,1.9956981680626698,10,0.9599489245352616
antmaze-medium-navigate-v0,1,gas_shortest_replan_on_local_drift,none,1,50,1,,16,,0.8705882352941177,,58.25221252441406,1.1408227682113647,1.2840609550476074,1.6715328467153283,1.0,137.0,2.3809062178120293,49,0.9732078479660882
antmaze-medium-navigate-v0,1,gas_shortest_replan_on_local_drift,none,2,51,1,,15,,0.7014925373134329,,55.90000534057617,3.685063123703003,5.416562557220459,2.805555555555556,1.0,36.0,1.3143559939240017,15,0.9890579365551734
antmaze-medium-navigate-v0,1,gas_shortest_replan_on_local_drift,none,3,52,0,,15,6,0.0390625,,24.861780166625977,24.861780166625977,33.43218231201172,8.957983193277311,9.0,119.0,1.2310159737434636,904,1.0
antmaze-medium-navigate-v0,1,gas_shortest_replan_on_local_drift,none,4,53,1,,24,,0.5873015873015873,,52.5748291015625,1.793713092803955,1.8598347902297971,4.166666666666667,1.0,24.0,1.2730540135682735,14,0.960085304430856
antmaze-medium-navigate-v0,1,gas_shortest_replan_on_local_drift,none,5,54,1,,15,,0.717391304347826,,48.66261291503906,2.9529025554656982,3.863071918487549,2.208333333333333,1.0,24.0,3.089666939458787,12,0.9744925179509316
antmaze-medium-navigate-v0,1,gas_shortest_replan_on_local_drift,none,1,55,1,,17,,0.7096774193548387,,57.99575805664063,1.4943559169769287,2.049875497817993,2.5,1.0,32.0,6.723501509237981,13,0.9702936524858529
antmaze-medium-navigate-v0,1,gas_shortest_replan_on_local_drift,none,2,56,1,,15,,0.6122448979591837,,57.14680099487305,3.2568471431732178,4.589536666870117,4.052631578947368,1.0,19.0,1.51854645077709,12,0.9964269427706521
antmaze-medium-navigate-v0,1,gas_shortest_replan_on_local_drift,none,3,57,1,,15,,0.5862068965517241,,22.360374450683597,2.088244676589966,2.1742823123931885,3.357142857142857,1.0,28.0,1.3391409699872765,14,0.9868877120802408
antmaze-medium-navigate-v0,1,gas_shortest_replan_on_local_drift,none,4,58,1,,15,,0.6153846153846154,,52.16407775878906,1.3921724557876587,1.4352529048919678,3.2758620689655173,1.0,29.0,1.960413535674571,19,0.9695391727654574
antmaze-medium-navigate-v0,1,gas_shortest_replan_on_local_drift,none,5,59,1,,15,,0.6956521739130435,,49.21416473388672,1.113641619682312,2.4397144317626958,2.4782608695652173,1.0,23.0,3.2846368010483595,9,0.9656686188884762
antmaze-medium-navigate-v0,1,gas_shortest_replan_on_local_drift,none,1,60,1,,21,,0.85,,58.18342971801758,0.6443933248519897,2.366623878479004,1.6527777777777777,1.0,72.0,4.260688664621983,21,0.9675675875446434
antmaze-medium-navigate-v0,1,gas_shortest_replan_on_local_drift,none,2,61,1,,15,,0.6333333333333333,,57.38574600219727,2.319660425186157,2.7455880641937256,4.0,1.0,28.0,2.0154686378541786,16,0.9850232819979748
antmaze-medium-navigate-v0,1,gas_shortest_replan_on_local_drift,none,3,62,0,,15,11,0.075187969924812,,23.498550415039062,22.40435791015625,31.111467361450195,7.929203539823009,8.0,113.0,1.0129811093097951,822,1.0
antmaze-medium-navigate-v0,1,gas_shortest_replan_on_local_drift,none,4,63,1,,23,,0.575,,51.45814895629883,0.8983883857727051,2.0603415966033936,5.0181818181818185,1.0,55.0,2.7400735754233434,28,0.9790838818141142
antmaze-medium-navigate-v0,1,gas_shortest_replan_on_local_drift,none,5,64,1,,15,,0.7288135593220338,,48.5772590637207,4.722480297088623,6.0172119140625,2.0,1.0,34.0,1.02992722776267,13,0.9903093530916365
antmaze-medium-navigate-v0,1,gas_shortest_replan_on_local_drift,none,1,65,1,,15,,0.7920792079207921,,58.57590866088867,1.1626969575881958,2.782451629638672,1.9696969696969695,1.0,66.0,1.3258368595229626,23,0.9777306171992938
antmaze-medium-navigate-v0,1,gas_shortest_replan_on_local_drift,none,2,66,1,,15,,0.711864406779661,,57.44438171386719,4.10467004776001,4.932321548461914,2.793103448275862,1.0,29.0,5.213234219938474,12,0.9851997417776835
antmaze-medium-navigate-v0,1,gas_shortest_replan_on_local_drift,none,3,67,1,,15,,0.5233644859813084,,20.012889862060547,2.233274459838867,2.233274459838867,5.065217391304348,1.0,46.0,1.1496145225622296,39,0.990215155717914
antmaze-medium-navigate-v0,1,gas_shortest_replan_on_local_drift,none,4,68,1,,27,,0.7313432835820896,,51.337364196777344,1.9268022775650024,3.0565667152404785,3.083333333333333,1.0,36.0,1.3108983312326834,11,0.9471257816044365
antmaze-medium-navigate-v0,1,gas_shortest_replan_on_local_drift,none,5,69,1,,15,,0.8842975206611571,,49.58066940307617,1.5818631649017334,2.1944785118103027,1.3333333333333333,1.0,96.0,3.168497646985165,21,0.9735261927400408
antmaze-medium-navigate-v0,1,gas_shortest_replan_on_local_drift,none,1,70,1,,15,,0.7333333333333333,,57.51954650878906,1.1551907062530518,4.5767436027526855,2.303030303030303,1.0,33.0,2.236863704018188,15,0.976802212877336
antmaze-medium-navigate-v0,1,gas_shortest_replan_on_local_drift,none,2,71,1,,15,,0.6724137931034483,,57.23329544067383,3.9987332820892334,3.9987332820892334,3.3703703703703702,1.0,27.0,4.151088599417887,13,0.987339656730536
antmaze-medium-navigate-v0,1,gas_shortest_replan_on_local_drift,none,3,72,1,,15,,0.6176470588235294,,22.65081024169922,2.2999613285064697,2.539673328399658,3.5405405405405403,1.0,37.0,1.7319942622148836,22,0.9955589635811377
antmaze-medium-navigate-v0,1,gas_shortest_replan_on_local_drift,none,4,73,1,,41,,0.5492957746478874,,49.60823059082031,1.982655644416809,2.5727760791778564,3.357142857142857,1.0,28.0,2.4678436186185206,25,0.9586665864173997
antmaze-medium-navigate-v0,1,gas_shortest_replan_on_local_drift,none,5,74,1,,15,,0.6304347826086957,,48.147308349609375,3.999224424362183,4.485206127166748,2.55,1.0,20.0,1.9439568153471023,11,0.9805857207742676
antmaze-medium-navigate-v0,1,gas_shortest_replan_on_local_drift,none,1,75,1,,15,,0.7591240875912408,,56.640869140625,2.050251245498657,3.3218111991882324,1.934065934065934,1.0,91.0,2.411494191300131,29,0.985560147305054
antmaze-medium-navigate-v0,1,gas_shortest_replan_on_local_drift,none,2,76,1,,15,,0.65,,57.05113220214844,2.216394662857056,2.43707275390625,3.4615384615384617,1.0,26.0,2.159274571827796,15,0.9912388183860552
antmaze-medium-navigate-v0,1,gas_shortest_replan_on_local_drift,none,3,77,0,,16,55,0.3233532934131736,,18.072118759155277,16.583457946777344,20.889591217041016,6.431034482758621,6.0,58.0,1.3410553445652946,79,1.0
antmaze-medium-navigate-v0,1,gas_shortest_replan_on_local_drift,none,4,78,1,,21,,0.5714285714285714,,51.82062911987305,3.1935911178588867,3.953930616378784,3.8,1.0,30.0,1.0494133999455117,18,0.9702049733681357
antmaze-medium-navigate-v0,1,gas_shortest_replan_on_local_drift,none,5,79,1,,18,,0.7543859649122807,,48.70975875854492,2.311681032180786,2.364126205444336,1.8823529411764703,1.0,34.0,2.9555811480383283,12,0.9520482217119968
antmaze-medium-navigate-v0,1,gas_shortest_replan_on_local_drift,none,1,80,1,,15,,0.6582278481012658,,57.90858840942383,0.6438421607017517,0.6438421607017517,3.2,1.0,40.0,7.92367103830465,22,0.9708933623921232
antmaze-medium-navigate-v0,1,gas_shortest_replan_on_local_drift,none,2,81,1,,15,,0.711864406779661,,56.99349212646485,2.082162380218506,2.3605971336364746,2.6666666666666665,1.0,30.0,4.446580277926283,11,0.9767944971946908
antmaze-medium-navigate-v0,1,gas_shortest_replan_on_local_drift,none,3,82,1,,15,,0.648936170212766,,18.81407928466797,1.3682194948196411,1.3682194948196411,2.642857142857143,1.0,56.0,0.9529720601904942,22,0.9739381961175808
antmaze-medium-navigate-v0,1,gas_shortest_replan_on_local_drift,none,4,83,1,,27,,0.6363636363636364,,50.215965270996094,2.1338276863098145,2.414743423461914,3.458333333333333,1.0,24.0,1.2258148898362689,13,0.9355391151556512
antmaze-medium-navigate-v0,1,gas_shortest_replan_on_local_drift,none,5,84,1,,15,,0.6842105263157895,,49.49520492553711,4.491407871246338,4.491407871246338,2.3793103448275863,1.0,29.0,1.56381316267542,11,0.9908681877574026
antmaze-medium-navigate-v0,1,gas_shortest_replan_on_local_drift,none,1,85,1,,15,,0.7906976744186046,,58.26974105834961,2.626206398010254,2.626206398010254,2.0727272727272728,1.0,55.0,6.575833667435312,17,0.9734993538675637
antmaze-medium-navigate-v0,1,gas_shortest_replan_on_local_drift,none,2,86,1,,15,,0.7037037037037037,,57.50078201293945,1.2556780576705933,1.2556780576705933,4.041666666666667,1.0,24.0,2.1450001013911293,14,0.9848087061259488
antmaze-medium-navigate-v0,1,gas_shortest_replan_on_local_drift,none,3,87,1,,15,,0.7301587301587301,,21.06487846374512,1.8591140508651731,2.69514799118042,1.948717948717949,1.0,39.0,0.8521953580601769,10,0.9905256761006684
antmaze-medium-navigate-v0,1,gas_shortest_replan_on_local_drift,none,4,88,1,,20,,0.4521739130434782,,52.96504592895508,2.821305274963379,2.9416496753692627,5.382978723404255,1.0,47.0,1.5977139369515638,32,0.9814340062598922
antmaze-medium-navigate-v0,1,gas_shortest_replan_on_local_drift,none,5,89,1,,15,,0.8703703703703703,,46.414329528808594,0.7552611827850342,1.5211076736450195,1.376470588235294,1.0,85.0,1.654982592485084,18,0.9697599495017176
antmaze-medium-navigate-v0,1,gas_shortest_replan_on_local_drift,none,1,90,1,,15,,0.6190476190476191,,57.418704986572266,1.4815133810043335,1.4815133810043335,3.3703703703703702,1.0,27.0,3.320769477377389,18,0.9687744675137628
antmaze-medium-navigate-v0,1,gas_shortest_replan_on_local_drift,none,2,91,1,,15,,0.6041666666666666,,56.7254524230957,3.8726675510406494,4.114747047424316,4.588235294117647,1.0,17.0,5.00078398877117,13,0.9964346417249502
antmaze-medium-navigate-v0,1,gas_shortest_replan_on_local_drift,none,3,92,1,,15,,0.8148148148148148,,21.37137794494629,1.421088695526123,2.2752392292022705,1.5135135135135136,1.0,37.0,1.8271827941618224,7,0.9911849536480632
antmaze-medium-navigate-v0,1,gas_shortest_replan_on_local_drift,none,4,93,1,,25,,0.6938775510204082,,52.01278305053711,1.855053663253784,2.055569887161255,3.227272727272727,1.0,22.0,1.634201273587912,11,0.9446517672447392
antmaze-medium-navigate-v0,1,gas_shortest_replan_on_local_drift,none,5,94,1,,15,,0.72,,47.88933944702149,4.0346527099609375,5.861103057861328,2.259259259259259,1.0,27.0,3.6681926176798374,11,0.9909148425772377
antmaze-medium-navigate-v0,1,gas_shortest_replan_on_local_drift,none,1,95,1,,15,,0.7439024390243902,,57.44667434692383,1.7394039630889893,2.3159501552581787,2.2448979591836733,1.0,49.0,1.7879900816952123,20,0.9757728371527489
antmaze-medium-navigate-v0,1,gas_shortest_replan_on_local_drift,none,2,96,1,,15,,0.6470588235294118,,56.677001953125,4.501711368560791,5.111034393310547,4.3,1.0,20.0,2.9613525877403255,16,0.9989848456278888
antmaze-medium-navigate-v0,1,gas_shortest_replan_on_local_drift,none,3,97,0,,15,6,0.0390625,,22.64652633666992,21.145158767700195,27.872535705566406,7.025,7.0,120.0,1.5209029133377607,927,1.0
antmaze-medium-navigate-v0,1,gas_shortest_replan_on_local_drift,none,4,98,0,,15,11,0.0746268656716417,,52.14250946044922,52.015586853027344,56.3423080444336,13.027522935779816,13.0,109.0,1.600117293856258,753,0.9907067291352284
antmaze-medium-navigate-v0,1,gas_shortest_replan_on_local_drift,none,5,99,1,,15,,0.8,,49.07743453979492,2.3750481605529785,3.8574159145355225,1.6875,1.0,48.0,1.3318083840275892,9,0.966627038847528
antmaze-medium-navigate-v0,1,gas_shortest_adaptive_subgoal_horizon,none,1,0,0,,20,177,0.4769647696476964,,56.864036560058594,25.996694564819336,27.31729507446289,6.347058823529411,6.0,170.0,3.461163496929512,158,0.9995415653188648
antmaze-medium-navigate-v0,1,gas_shortest_adaptive_subgoal_horizon,none,2,1,1,,15,,0.5606060606060606,,56.40792465209961,3.3841123580932617,3.5112998485565186,4.04,1.0,25.0,2.0950892980903255,12,0.9948544730446474
antmaze-medium-navigate-v0,1,gas_shortest_adaptive_subgoal_horizon,none,3,2,1,,15,,0.4814814814814814,,24.729511260986328,1.868559718132019,2.284553050994873,4.242424242424242,1.0,33.0,1.7913361946633362,18,0.9982067566464768
antmaze-medium-navigate-v0,1,gas_shortest_adaptive_subgoal_horizon,none,4,3,1,,15,,0.5384615384615384,,52.19033432006836,3.7207865715026855,4.650313377380371,4.419354838709677,1.0,31.0,2.183085791052266,11,0.9778066639222894
antmaze-medium-navigate-v0,1,gas_shortest_adaptive_subgoal_horizon,none,5,4,1,,15,,0.6823529411764706,,47.848087310791016,3.500349283218384,3.560551643371582,2.122448979591837,1.0,49.0,3.2902573302243328,13,0.9754124912315857
antmaze-medium-navigate-v0,1,gas_shortest_adaptive_subgoal_horizon,none,1,5,1,,16,,0.6447368421052632,,57.55509567260742,1.6862846612930298,1.8642886877059937,3.081081081081081,1.0,37.0,2.0588524031338986,13,0.9690476384256584
antmaze-medium-navigate-v0,1,gas_shortest_adaptive_subgoal_horizon,none,2,6,1,,15,,0.5303030303030303,,56.96075439453125,3.3443639278411865,3.784167289733887,4.458333333333333,1.0,24.0,3.826417886860475,10,0.9876104897677854
antmaze-medium-navigate-v0,1,gas_shortest_adaptive_subgoal_horizon,none,3,7,1,,15,,0.5617977528089888,,21.38321304321289,1.7140308618545532,2.0194852352142334,3.558139534883721,1.0,43.0,4.3964086374353215,15,0.998102107530724
antmaze-medium-navigate-v0,1,gas_shortest_adaptive_subgoal_horizon,none,4,8,1,,28,,0.4678899082568807,,49.98009490966797,0.5595002174377441,1.0542153120040894,4.930232558139535,1.0,43.0,1.0208626499435989,16,0.9602322235076084
antmaze-medium-navigate-v0,1,gas_shortest_adaptive_subgoal_horizon,none,5,9,1,,15,,0.7191011235955056,,49.26840591430664,2.0144927501678467,3.784283399581909,2.0357142857142856,1.0,56.0,2.412816771544893,15,0.9767698584501788
antmaze-medium-navigate-v0,1,gas_shortest_adaptive_subgoal_horizon,none,1,10,1,,22,,0.7677419354838709,,58.40546798706055,0.5214748382568359,1.5234311819076538,2.142857142857143,1.0,105.0,7.859546687582925,37,0.974691650044298
antmaze-medium-navigate-v0,1,gas_shortest_adaptive_subgoal_horizon,none,2,11,0,,15,196,0.4961832061068702,,56.25152969360352,51.84489822387695,56.543399810791016,14.025773195876289,14.0,194.0,3.879312635408576,189,1.0
antmaze-medium-navigate-v0,1,gas_shortest_adaptive_subgoal_horizon,none,3,12,1,,15,,0.5967741935483871,,19.159746170043945,1.486354947090149,1.4982367753982544,3.142857142857143,1.0,28.0,0.8135655513198841,8,0.9791088544971844
antmaze-medium-navigate-v0,1,gas_shortest_adaptive_subgoal_horizon,none,4,13,1,,22,,0.5121951219512195,,51.75864791870117,2.288269281387329,2.327310800552368,5.0,1.0,35.0,2.577479999374156,12,0.9532091197610146
antmaze-medium-navigate-v0,1,gas_shortest_adaptive_subgoal_horizon,none,5,14,1,,18,,0.5857142857142857,,50.80733489990234,2.0185093879699707,2.0185093879699707,3.3125,1.0,32.0,2.3500588993484612,11,0.971382124607913
antmaze-medium-navigate-v0,1,gas_shortest_adaptive_subgoal_horizon,none,1,15,0,,15,13,0.0476190476190476,,57.65032196044922,47.65716552734375,51.4588737487793,10.961206896551724,11.0,232.0,1.8568985844768415,869,1.0
antmaze-medium-navigate-v0,1,gas_shortest_adaptive_subgoal_horizon,none,2,16,0,,15,189,0.4883116883116883,,56.4404411315918,36.35650253295898,37.37545394897461,7.208791208791209,7.0,182.0,1.3861292110697483,176,1.0
antmaze-medium-navigate-v0,1,gas_shortest_adaptive_subgoal_horizon,none,3,17,1,,15,,0.5964912280701754,,22.285192489624023,1.6532011032104492,1.9801174402236936,2.925925925925926,1.0,27.0,2.032733046384197,8,0.988096652268769
antmaze-medium-navigate-v0,1,gas_shortest_adaptive_subgoal_horizon,none,4,18,1,,31,,0.4895833333333333,,50.86278533935547,2.6846489906311035,2.6846489906311035,5.538461538461538,1.0,39.0,2.445102584956535,21,0.9653697470338464
antmaze-medium-navigate-v0,1,gas_shortest_adaptive_subgoal_horizon,none,5,19,1,,15,,0.7105263157894737,,48.82347106933594,1.2167924642562866,1.8943219184875488,2.2444444444444445,1.0,45.0,3.618735505080766,9,0.9542910189369802
antmaze-medium-navigate-v0,1,gas_shortest_adaptive_subgoal_horizon,none,1,20,1,,17,,0.6052631578947368,,57.67291259765625,0.9707635045051576,2.636802196502685,3.787878787878788,1.0,33.0,3.100631059180327,22,0.9768973328315051
antmaze-medium-navigate-v0,1,gas_shortest_adaptive_subgoal_horizon,none,2,21,1,,15,,0.5135135135135135,,56.73637390136719,6.108697414398193,7.022476673126221,4.884615384615385,1.0,26.0,2.3793769377248624,14,1.0
antmaze-medium-navigate-v0,1,gas_shortest_adaptive_subgoal_horizon,none,3,22,1,,16,,0.5131578947368421,,24.19351577758789,2.9380104541778564,3.0127294063568115,3.3714285714285714,1.0,35.0,1.3157018618948233,10,0.9789218569349162
antmaze-medium-navigate-v0,1,gas_shortest_adaptive_subgoal_horizon,none,4,23,1,,15,,0.5428571428571428,,52.12886428833008,3.083470344543457,3.083470344543457,4.4,1.0,30.0,0.9096606923382513,13,0.9639212710533756
antmaze-medium-navigate-v0,1,gas_shortest_adaptive_subgoal_horizon,none,5,24,1,,15,,0.6703296703296703,,50.65914535522461,3.169689655303955,3.755213499069214,2.339622641509434,1.0,53.0,2.217528493432737,13,0.9851050266401669
antmaze-medium-navigate-v0,1,gas_shortest_adaptive_subgoal_horizon,none,1,25,1,,15,,0.8672566371681416,,57.63230514526367,0.5491352081298828,2.4345898628234863,1.497326203208556,1.0,187.0,2.6310339750724303,63,0.9807066988282036
antmaze-medium-navigate-v0,1,gas_shortest_adaptive_subgoal_horizon,none,2,26,1,,15,,0.6981132075471698,,57.25197982788086,1.7492600679397583,1.945278882980347,2.4833333333333334,1.0,60.0,6.909191205178315,15,0.9791421473472436
antmaze-medium-navigate-v0,1,gas_shortest_adaptive_subgoal_horizon,none,3,27,1,,15,,0.6865671641791045,,24.41768264770508,1.7948997020721436,2.454470157623291,2.289473684210526,1.0,38.0,1.5796724916463445,9,0.9907860791471014
antmaze-medium-navigate-v0,1,gas_shortest_adaptive_subgoal_horizon,none,4,28,1,,15,,0.6942148760330579,,53.78729248046875,1.21466863155365,1.889461159706116,2.763157894736842,1.0,76.0,1.7470866893529513,23,0.9714382887238128
antmaze-medium-navigate-v0,1,gas_shortest_adaptive_subgoal_horizon,none,5,29,1,,15,,0.5925925925925926,,49.86608123779297,1.6077851057052612,2.895617246627808,3.565217391304348,1.0,23.0,10.862190819327614,10,0.9666014617600378
antmaze-medium-navigate-v0,1,gas_shortest_adaptive_subgoal_horizon,none,1,30,1,,15,,0.7771084337349398,,57.5435905456543,0.8860911130905151,2.4749462604522705,1.875,1.0,120.0,2.734052380902334,28,0.9822779221272996
antmaze-medium-navigate-v0,1,gas_shortest_adaptive_subgoal_horizon,none,2,31,1,,15,,0.7452830188679245,,56.45437240600586,3.89501953125,4.675817012786865,2.164179104477612,1.0,67.0,2.8861853185364374,19,1.0
antmaze-medium-navigate-v0,1,gas_shortest_adaptive_subgoal_horizon,none,3,32,0,,17,33,0.1198501872659176,,22.376060485839844,22.376060485839844,32.949974060058594,8.742718446601941,9.0,206.0,1.1693386449086314,641,0.9985466867383812
antmaze-medium-navigate-v0,1,gas_shortest_adaptive_subgoal_horizon,none,4,33,1,,36,,0.5915492957746479,,50.17300796508789,1.935171365737915,1.935171365737915,4.088235294117647,1.0,34.0,1.0167314926626376,11,0.9339143128800182
antmaze-medium-navigate-v0,1,gas_shortest_adaptive_subgoal_horizon,none,5,34,1,,17,,0.6296296296296297,,50.01833724975586,4.197014808654785,4.876890659332275,2.9166666666666665,1.0,24.0,3.030205329774897,12,0.980179273403148
antmaze-medium-navigate-v0,1,gas_shortest_adaptive_subgoal_horizon,none,1,35,1,,15,,0.6695652173913044,,57.61702346801758,1.513888955116272,1.513888955116272,2.772727272727273,1.0,66.0,2.598198550860636,17,0.9832948619369344
antmaze-medium-navigate-v0,1,gas_shortest_adaptive_subgoal_horizon,none,2,36,1,,15,,0.5076923076923077,,55.69561767578125,1.5607752799987793,3.4848008155822754,5.3,1.0,20.0,2.1032300732712175,12,0.9971052729119241
antmaze-medium-navigate-v0,1,gas_shortest_adaptive_subgoal_horizon,none,3,37,1,,15,,0.5573770491803278,,19.89411163330078,1.5648237466812134,3.388535737991333,3.3,1.0,30.0,2.491677885652273,11,0.974314851587816
antmaze-medium-navigate-v0,1,gas_shortest_adaptive_subgoal_horizon,none,4,38,1,,22,,0.4579439252336448,,51.3178596496582,3.0665621757507324,3.464544773101806,7.295454545454546,1.0,44.0,3.076720444961691,23,0.9759259275463086
antmaze-medium-navigate-v0,1,gas_shortest_adaptive_subgoal_horizon,none,5,39,0,,15,18,0.06640625,,49.62207412719727,18.773252487182617,20.685686111450195,3.226244343891403,3.0,221.0,2.092689872978676,824,1.0
antmaze-medium-navigate-v0,1,gas_shortest_adaptive_subgoal_horizon,none,1,40,1,,16,,0.5638297872340425,,58.3077507019043,0.7831521034240723,2.0742416381835938,3.642857142857143,1.0,42.0,2.317515818709015,17,0.9752589820735078
antmaze-medium-navigate-v0,1,gas_shortest_adaptive_subgoal_horizon,none,2,41,1,,15,,0.5692307692307692,,57.09687423706055,4.732915878295898,4.732915878295898,4.88,1.0,25.0,9.37240534231154,13,0.9878675953229512
antmaze-medium-navigate-v0,1,gas_shortest_adaptive_subgoal_horizon,none,3,42,0,,15,55,0.1956521739130435,,22.77765464782715,22.77765464782715,33.41946029663086,8.542372881355933,9.0,177.0,1.112109760055454,466,0.9992872331035232
antmaze-medium-navigate-v0,1,gas_shortest_adaptive_subgoal_horizon,none,4,43,1,,17,,0.5,,52.55150604248047,2.9074337482452397,3.978520631790161,5.243902439024391,1.0,41.0,1.879011506442128,14,0.979253819089596
antmaze-medium-navigate-v0,1,gas_shortest_adaptive_subgoal_horizon,none,5,44,1,,18,,0.6847826086956522,,50.88793182373047,1.170354962348938,1.170354962348938,2.3846153846153846,1.0,52.0,13.150269255022284,16,0.9714274498529525
antmaze-medium-navigate-v0,1,gas_shortest_adaptive_subgoal_horizon,none,1,45,0,,16,190,0.4921875,,57.686614990234375,44.09178161621094,48.24739837646485,12.065217391304348,12.0,184.0,6.959299632756543,180,1.0
antmaze-medium-navigate-v0,1,gas_shortest_adaptive_subgoal_horizon,none,2,46,1,,15,,0.5606060606060606,,57.49096298217773,4.436603546142578,4.753342151641846,5.125,1.0,24.0,2.22325488029788,17,0.9888379057949057
antmaze-medium-navigate-v0,1,gas_shortest_adaptive_subgoal_horizon,none,3,47,1,,16,,0.4504504504504504,,21.379444122314453,2.542525053024292,3.074795722961426,4.6909090909090905,1.0,55.0,2.100998544051861,17,0.9808584232164904
antmaze-medium-navigate-v0,1,gas_shortest_adaptive_subgoal_horizon,none,4,48,1,,21,,0.65,,49.62239837646485,0.5889716744422913,1.072598934173584,3.1785714285714284,1.0,56.0,4.243805552484223,17,0.9529509834757014
antmaze-medium-navigate-v0,1,gas_shortest_adaptive_subgoal_horizon,none,5,49,1,,16,,0.6666666666666666,,49.56208801269531,2.3020150661468506,2.3020150661468506,2.26530612244898,1.0,49.0,4.5897099646267545,11,0.971274181775378
antmaze-medium-navigate-v0,1,gas_shortest_adaptive_subgoal_horizon,none,1,50,1,,16,,0.4805825242718446,,58.12725830078125,0.7227891683578491,2.257842779159546,5.488372093023256,1.0,86.0,9.76934595521827,49,0.992041024911159
antmaze-medium-navigate-v0,1,gas_shortest_adaptive_subgoal_horizon,none,2,51,1,,15,,0.6989247311827957,,55.95344161987305,4.40049409866333,5.726508617401123,2.452830188679245,1.0,53.0,2.6373213747052198,14,0.9917875318499674
antmaze-medium-navigate-v0,1,gas_shortest_adaptive_subgoal_horizon,none,3,52,1,,15,,0.56,,23.86226272583008,2.713393449783325,2.855211019515991,3.125,1.0,24.0,1.6777077626084658,10,0.9910604889378437
antmaze-medium-navigate-v0,1,gas_shortest_adaptive_subgoal_horizon,none,4,53,1,,23,,0.4733727810650887,,52.4502182006836,1.9321446418762207,3.490250587463379,5.141025641025641,1.0,78.0,1.2662272868125426,25,0.983408652607187
antmaze-medium-navigate-v0,1,gas_shortest_adaptive_subgoal_horizon,none,5,54,1,,15,,0.6545454545454545,,48.67694854736328,3.477200984954834,4.188756465911865,2.6153846153846154,1.0,26.0,2.739371597679392,10,0.9787196450967349
antmaze-medium-navigate-v0,1,gas_shortest_adaptive_subgoal_horizon,none,1,55,1,,17,,0.5301204819277109,,57.86884689331055,0.5942457914352417,0.5942457914352417,3.625,1.0,32.0,4.221709060903414,16,0.9729812568912548
antmaze-medium-navigate-v0,1,gas_shortest_adaptive_subgoal_horizon,none,2,56,1,,15,,0.5396825396825397,,57.20166397094727,2.683703899383545,2.683703899383545,4.521739130434782,1.0,23.0,2.4902391216491555,14,0.9886847265350625
antmaze-medium-navigate-v0,1,gas_shortest_adaptive_subgoal_horizon,none,3,57,1,,15,,0.5692307692307692,,21.831933975219727,2.6796789169311523,3.0636532306671143,3.3225806451612905,1.0,31.0,1.1179876999348468,10,0.9898670270081144
antmaze-medium-navigate-v0,1,gas_shortest_adaptive_subgoal_horizon,none,4,58,0,,15,170,0.465564738292011,,52.032997131347656,13.500001907348633,21.510873794555664,4.506172839506172,4.0,162.0,2.1303327052069068,146,1.0
antmaze-medium-navigate-v0,1,gas_shortest_adaptive_subgoal_horizon,none,5,59,1,,15,,0.6229508196721312,,48.893287658691406,3.7703137397766113,4.933595657348633,2.8666666666666667,1.0,30.0,2.9393438602817414,9,0.986012971786131
antmaze-medium-navigate-v0,1,gas_shortest_adaptive_subgoal_horizon,none,1,60,1,,21,,0.7472527472527473,,58.173561096191406,0.4712651968002319,1.0978072881698608,2.268292682926829,1.0,123.0,4.665485109880228,27,0.9800913001795057
antmaze-medium-navigate-v0,1,gas_shortest_adaptive_subgoal_horizon,none,2,61,1,,15,,0.5757575757575758,,57.33628463745117,3.7516486644744873,3.7516486644744873,5.44,1.0,25.0,11.68636361456736,19,0.9907785493403752
antmaze-medium-navigate-v0,1,gas_shortest_adaptive_subgoal_horizon,none,3,62,1,,15,,0.5822784810126582,,21.6262149810791,2.7148380279541016,3.426921844482422,2.3255813953488373,1.0,43.0,1.0129811093097951,11,0.9936711322189702
antmaze-medium-navigate-v0,1,gas_shortest_adaptive_subgoal_horizon,none,4,63,1,,23,,0.4166666666666667,,51.07858276367188,1.05121910572052,1.8186036348342896,5.228070175438597,1.0,57.0,0.9786535006003017,31,0.9780505477552384
antmaze-medium-navigate-v0,1,gas_shortest_adaptive_subgoal_horizon,none,5,64,1,,15,,0.6875,,49.27518081665039,1.5546720027923584,2.6006205081939697,2.2142857142857144,1.0,56.0,6.345246494546334,13,0.9801351762056172
antmaze-medium-navigate-v0,1,gas_shortest_adaptive_subgoal_horizon,none,1,65,1,,15,,0.6,,58.55516815185547,1.957146406173706,1.957146406173706,3.8205128205128207,1.0,39.0,4.171865359710246,13,0.9774689985898161
antmaze-medium-navigate-v0,1,gas_shortest_adaptive_subgoal_horizon,none,2,66,1,,15,,0.6,,57.23292922973633,4.663515567779541,6.515040874481201,4.541666666666667,1.0,24.0,3.024002514404779,15,0.9935034678249841
antmaze-medium-navigate-v0,1,gas_shortest_adaptive_subgoal_horizon,none,3,67,1,,15,,0.5342465753424658,,19.31863021850586,2.6532437801361084,3.402616262435913,3.375,1.0,32.0,1.057799426227298,13,0.9826868018960817
antmaze-medium-navigate-v0,1,gas_shortest_adaptive_subgoal_horizon,none,4,68,1,,27,,0.5727272727272728,,50.49909973144531,1.3441225290298462,3.466851234436035,4.614035087719298,1.0,57.0,5.287681766231976,15,0.9668551348900001
antmaze-medium-navigate-v0,1,gas_shortest_adaptive_subgoal_horizon,none,5,69,1,,15,,0.6065573770491803,,49.015716552734375,2.075125217437744,2.433764696121216,2.7241379310344827,1.0,29.0,2.083551811816069,9,0.9740148619416029
antmaze-medium-navigate-v0,1,gas_shortest_adaptive_subgoal_horizon,none,1,70,1,,15,,0.6153846153846154,,57.59112930297852,1.6326344013214111,3.0025854110717773,3.4411764705882355,1.0,34.0,3.885041976322852,15,0.9783582701811728
antmaze-medium-navigate-v0,1,gas_shortest_adaptive_subgoal_horizon,none,2,71,1,,15,,0.5612244897959183,,57.00286483764648,3.218703269958496,3.218703269958496,3.5476190476190474,1.0,42.0,3.0182629584937097,18,0.9923165488644665
antmaze-medium-navigate-v0,1,gas_shortest_adaptive_subgoal_horizon,none,3,72,1,,15,,0.5066666666666667,,23.005380630493164,2.508974075317383,2.508974075317383,3.735294117647059,1.0,34.0,1.7319942622148836,13,0.994408755685806
antmaze-medium-navigate-v0,1,gas_shortest_adaptive_subgoal_horizon,none,4,73,1,,41,,0.5,,49.23093032836914,3.8083460330963135,3.902767181396485,4.413793103448276,1.0,29.0,4.790106803724936,14,0.9517517304012229
antmaze-medium-navigate-v0,1,gas_shortest_adaptive_subgoal_horizon,none,5,74,1,,15,,0.7215189873417721,,47.764286041259766,2.0719754695892334,2.169938564300537,1.7916666666666667,1.0,48.0,2.1262486916733705,11,0.9703424066533408
antmaze-medium-navigate-v0,1,gas_shortest_adaptive_subgoal_horizon,none,1,75,1,,15,,0.7037037037037037,,56.51563262939453,0.8304448127746582,1.8411942720413208,2.3043478260869565,1.0,138.0,5.2965969192148,44,0.9883518855815501
antmaze-medium-navigate-v0,1,gas_shortest_adaptive_subgoal_horizon,none,2,76,1,,15,,0.5522388059701493,,57.19722366333008,4.0294342041015625,4.531700611114502,4.875,1.0,24.0,9.042138576788053,15,1.0
antmaze-medium-navigate-v0,1,gas_shortest_adaptive_subgoal_horizon,none,3,77,1,,16,,0.3950617283950617,,18.76081085205078,2.015073776245117,3.126448392868042,5.492857142857143,1.0,140.0,1.697455596213621,60,0.9952758452758657
antmaze-medium-navigate-v0,1,gas_shortest_adaptive_subgoal_horizon,none,4,78,1,,21,,0.4647887323943662,,51.86307907104492,4.343941688537598,4.375504493713379,5.961538461538462,1.0,26.0,1.1290152387539205,12,0.9636886572607046
antmaze-medium-navigate-v0,1,gas_shortest_adaptive_subgoal_horizon,none,5,79,1,,16,,0.7108433734939759,,48.59375,2.7004590034484863,4.12184476852417,2.156862745098039,1.0,51.0,5.910547920389651,14,0.9733169564219248
antmaze-medium-navigate-v0,1,gas_shortest_adaptive_subgoal_horizon,none,1,80,1,,15,,0.5445544554455446,,58.11917495727539,0.3629002869129181,2.9097557067871094,5.073170731707317,1.0,41.0,7.018058435664277,21,0.9843914003114986
antmaze-medium-navigate-v0,1,gas_shortest_adaptive_subgoal_horizon,none,2,81,1,,15,,0.5303030303030303,,56.49799346923828,5.681544780731201,6.747887134552002,4.6,1.0,25.0,2.758052705225857,11,0.9993799029643002
antmaze-medium-navigate-v0,1,gas_shortest_adaptive_subgoal_horizon,none,3,82,0,,17,192,0.4872448979591837,,19.26497459411621,19.26497459411621,27.327423095703125,8.937823834196891,9.0,193.0,1.0722281155929625,179,1.0
antmaze-medium-navigate-v0,1,gas_shortest_adaptive_subgoal_horizon,none,4,83,1,,29,,0.6605504587155964,,50.24993133544922,2.0942654609680176,4.25984525680542,2.75,1.0,64.0,2.555371551336276,17,0.9625371939250094
antmaze-medium-navigate-v0,1,gas_shortest_adaptive_subgoal_horizon,none,5,84,1,,15,,0.6271186440677966,,49.50275802612305,3.4090096950531006,5.826904296875,2.923076923076923,1.0,26.0,1.1442830960040336,11,0.997674937740801
antmaze-medium-navigate-v0,1,gas_shortest_adaptive_subgoal_horizon,none,1,85,0,,15,775,0.9555555555555556,,58.258419036865234,0.9751749634742736,7.863029956817627,1.1605263157894736,1.0,760.0,11.507957501871504,695,1.0
antmaze-medium-navigate-v0,1,gas_shortest_adaptive_subgoal_horizon,none,2,86,1,,15,,0.7265625,,57.37406921386719,2.2145140171051025,3.248448133468628,2.421686746987952,1.0,83.0,1.6217180519027852,23,0.9943109410203242
antmaze-medium-navigate-v0,1,gas_shortest_adaptive_subgoal_horizon,none,3,87,1,,15,,0.578125,,21.13945770263672,1.6996980905532837,1.860262393951416,3.6206896551724137,1.0,29.0,4.350584485562464,8,0.9880732351766688
antmaze-medium-navigate-v0,1,gas_shortest_adaptive_subgoal_horizon,none,4,88,1,,15,,0.5,,53.09048843383789,2.4571352005004883,2.5875210762023926,4.574468085106383,1.0,47.0,1.9580547918375315,16,0.973638452077731
antmaze-medium-navigate-v0,1,gas_shortest_adaptive_subgoal_horizon,none,5,89,1,,15,,0.5384615384615384,,46.81730270385742,2.0564684867858887,2.16587495803833,3.2142857142857144,1.0,28.0,2.0549936596935003,9,0.9803062834538642
antmaze-medium-navigate-v0,1,gas_shortest_adaptive_subgoal_horizon,none,1,90,1,,15,,0.5411764705882353,,57.36700439453125,1.375471115112305,2.548832654953003,4.027027027027027,1.0,37.0,2.4243867450610166,14,0.9778407475532073
antmaze-medium-navigate-v0,1,gas_shortest_adaptive_subgoal_horizon,none,2,91,1,,15,,0.5909090909090909,,56.44962692260742,2.60349440574646,2.60349440574646,4.423076923076923,1.0,26.0,2.4835147396689394,14,0.9907610982675888
antmaze-medium-navigate-v0,1,gas_shortest_adaptive_subgoal_horizon,none,3,92,1,,15,,0.6067415730337079,,20.47404670715332,1.234573483467102,1.234573483467102,2.0,1.0,49.0,1.8165636118974184,11,0.991163853881633
antmaze-medium-navigate-v0,1,gas_shortest_adaptive_subgoal_horizon,none,4,93,1,,16,,0.4802631578947368,,52.2708625793457,1.0880662202835083,2.287346601486206,6.333333333333333,1.0,72.0,2.2647963407464977,21,0.9805505252332984
antmaze-medium-navigate-v0,1,gas_shortest_adaptive_subgoal_horizon,none,5,94,1,,15,,0.6296296296296297,,47.68064498901367,3.765406608581543,3.7958269119262695,2.88,1.0,25.0,2.3082121300818605,12,0.9809150432406801
antmaze-medium-navigate-v0,1,gas_shortest_adaptive_subgoal_horizon,none,1,95,1,,15,,0.6438356164383562,,57.34164810180664,0.5539013743400574,1.11674165725708,2.9240506329113924,1.0,79.0,8.534010449373804,27,0.9835191546733928
antmaze-medium-navigate-v0,1,gas_shortest_adaptive_subgoal_horizon,none,2,96,1,,15,,0.6341463414634146,,56.65481185913086,3.948164701461792,3.948164701461792,2.9285714285714284,1.0,42.0,2.036010281849005,11,0.9941577271744689
antmaze-medium-navigate-v0,1,gas_shortest_adaptive_subgoal_horizon,none,3,97,1,,15,,0.4583333333333333,,22.88680648803711,1.4788384437561035,1.4788384437561035,3.741935483870968,1.0,31.0,3.566273607623779,9,0.9904845675212773
antmaze-medium-navigate-v0,1,gas_shortest_adaptive_subgoal_horizon,none,4,98,1,,16,,0.6145833333333334,,52.12099838256836,1.6058956384658811,1.7182689905166626,3.6666666666666665,1.0,48.0,1.6735363618045702,15,0.9675990709249184
antmaze-medium-navigate-v0,1,gas_shortest_adaptive_subgoal_horizon,none,5,99,1,,18,,0.5147058823529411,,48.66415786743164,4.000976085662842,4.000976085662842,3.392857142857143,1.0,28.0,3.590959485914206,10,0.9780728960973974
antmaze-medium-navigate-v0,1,gas_reachability_budget_replan_on_local_drift,none,1,0,1,,21,,0.5833333333333334,,56.78955459594727,3.100871086120605,3.276463747024536,3.76,1.0,25.0,1.7462320005059981,20,0.9729280544570384
antmaze-medium-navigate-v0,1,gas_reachability_budget_replan_on_local_drift,none,2,1,1,,15,,0.6730769230769231,,56.8170166015625,4.1633381843566895,4.7945170402526855,3.523809523809524,1.0,21.0,2.096242269452989,15,0.9999264698434456
antmaze-medium-navigate-v0,1,gas_reachability_budget_replan_on_local_drift,none,3,2,1,,15,,0.5625,,23.523923873901367,1.7831310033798218,2.3646512031555176,3.838709677419355,1.0,31.0,1.7913361946633362,22,0.9981366354359156
antmaze-medium-navigate-v0,1,gas_reachability_budget_replan_on_local_drift,none,4,3,0,,15,6,0.0387596899224806,,51.96466827392578,51.85553741455078,56.0614128112793,12.05217391304348,12.0,115.0,1.5420052612900863,862,1.0
antmaze-medium-navigate-v0,1,gas_reachability_budget_replan_on_local_drift,none,5,4,1,,15,,0.7288135593220338,,47.947509765625,2.3672854900360107,3.0674965381622314,1.9705882352941175,1.0,34.0,1.6376203045037816,9,0.9667059259773573
antmaze-medium-navigate-v0,1,gas_reachability_budget_replan_on_local_drift,none,1,5,1,,15,,0.6712328767123288,,57.49375915527344,1.8279954195022583,2.416245698928833,2.621621621621621,1.0,37.0,4.171129717223458,17,0.9751707802134877
antmaze-medium-navigate-v0,1,gas_reachability_budget_replan_on_local_drift,none,2,6,1,,15,,0.7066666666666667,,57.06280899047852,4.306320667266846,4.711851596832275,2.2195121951219514,1.0,41.0,5.546793438881799,17,0.9907077822990074
antmaze-medium-navigate-v0,1,gas_reachability_budget_replan_on_local_drift,none,3,7,1,,15,,0.7375,,24.14908790588379,1.787427544593811,1.787427544593811,2.4705882352941178,1.0,51.0,1.901628379611335,17,0.9963486974404937
antmaze-medium-navigate-v0,1,gas_reachability_budget_replan_on_local_drift,none,4,8,1,,16,,0.7090909090909091,,50.11138153076172,1.3054298162460327,1.3054298162460327,3.1538461538461537,1.0,26.0,2.08717433305717,15,0.9555110828951616
antmaze-medium-navigate-v0,1,gas_reachability_budget_replan_on_local_drift,none,5,9,1,,15,,0.7321428571428571,,49.23502349853516,5.3420186042785645,5.9820756912231445,2.0625,1.0,32.0,4.5156127036098805,13,0.9822050060205137
antmaze-medium-navigate-v0,1,gas_reachability_budget_replan_on_local_drift,none,1,10,1,,25,,0.6785714285714286,,58.3509521484375,0.2726171612739563,1.471426010131836,3.3461538461538463,1.0,26.0,3.484029961979923,13,0.9594091155064244
antmaze-medium-navigate-v0,1,gas_reachability_budget_replan_on_local_drift,none,2,11,1,,15,,0.6530612244897959,,57.03858184814453,4.192853927612305,4.317742347717285,4.2631578947368425,1.0,19.0,4.466692347697547,12,0.9894510318238477
antmaze-medium-navigate-v0,1,gas_reachability_budget_replan_on_local_drift,none,3,12,1,,15,,0.6326530612244898,,19.983631134033203,1.6925697326660156,2.110715389251709,2.5416666666666665,1.0,24.0,1.7841386561925636,15,0.9817365597080854
antmaze-medium-navigate-v0,1,gas_reachability_budget_replan_on_local_drift,none,4,13,1,,18,,0.82,,51.39069366455078,0.8351083993911743,1.5579804182052612,1.7536231884057971,1.0,69.0,1.2123662045994017,21,0.9665814423310106
antmaze-medium-navigate-v0,1,gas_reachability_budget_replan_on_local_drift,none,5,14,1,,18,,0.673469387755102,,50.52285385131836,3.3712313175201416,3.682124137878418,2.458333333333333,1.0,24.0,1.3144445079801144,10,0.9719768813696896
antmaze-medium-navigate-v0,1,gas_reachability_budget_replan_on_local_drift,none,1,15,1,,15,,0.6056338028169014,,57.30112075805664,1.814380407333374,2.128548145294189,3.6,1.0,30.0,3.970194645943322,18,0.9802575787152578
antmaze-medium-navigate-v0,1,gas_reachability_budget_replan_on_local_drift,none,2,16,0,,15,105,0.488262910798122,,56.34978485107422,40.66704940795898,42.098758697509766,8.173469387755102,8.0,98.0,0.9894625353549804,100,1.0
antmaze-medium-navigate-v0,1,gas_reachability_budget_replan_on_local_drift,none,3,17,1,,15,,0.7272727272727273,,22.89293670654297,1.4700284004211426,1.4700284004211426,1.9583333333333333,1.0,24.0,1.4542202784423837,13,0.9801972936602602
antmaze-medium-navigate-v0,1,gas_reachability_budget_replan_on_local_drift,none,4,18,1,,20,,0.6666666666666666,,51.34049606323242,4.49430513381958,4.750752925872803,3.1515151515151514,1.0,33.0,1.2998726107971523,14,0.9741829247954908
antmaze-medium-navigate-v0,1,gas_reachability_budget_replan_on_local_drift,none,5,19,1,,17,,0.6666666666666666,,48.6044807434082,2.163834571838379,2.794485569000244,2.6956521739130435,1.0,23.0,1.4638418987394533,9,0.9564148199484029
antmaze-medium-navigate-v0,1,gas_reachability_budget_replan_on_local_drift,none,1,20,1,,17,,0.7741935483870968,,57.70741271972656,0.7823606729507446,2.566551446914673,1.85,1.0,60.0,3.159303248844988,19,0.9731631924632105
antmaze-medium-navigate-v0,1,gas_reachability_budget_replan_on_local_drift,none,2,21,1,,15,,0.8640776699029126,,56.57754135131836,2.453651428222656,4.141288757324219,1.6103896103896105,1.0,77.0,3.655369468102424,25,0.9895348623702112
antmaze-medium-navigate-v0,1,gas_reachability_budget_replan_on_local_drift,none,3,22,1,,15,,0.673469387755102,,23.829057693481445,2.0089635848999023,2.425973892211914,2.4615384615384617,1.0,26.0,0.7432248681624132,11,0.9616782549926248
antmaze-medium-navigate-v0,1,gas_reachability_budget_replan_on_local_drift,none,4,23,1,,15,,0.6271186440677966,,52.05174255371094,2.4717354774475098,2.8986778259277344,3.1481481481481484,1.0,27.0,1.22247777014019,14,0.983842205238905
antmaze-medium-navigate-v0,1,gas_reachability_budget_replan_on_local_drift,none,5,24,1,,15,,0.7021276595744681,,50.73341369628906,3.2086572647094727,3.3276524543762207,2.375,1.0,24.0,1.5212323147965976,10,0.97547897794152
antmaze-medium-navigate-v0,1,gas_reachability_budget_replan_on_local_drift,none,1,25,1,,15,,0.7283950617283951,,57.83088302612305,0.9680817127227784,1.947848320007324,2.4347826086956523,1.0,46.0,3.66563962411832,18,0.975281185077731
antmaze-medium-navigate-v0,1,gas_reachability_budget_replan_on_local_drift,none,2,26,1,,15,,0.6530612244897959,,57.06570816040039,3.289930582046509,3.8496129512786874,3.55,1.0,20.0,3.607790457506699,12,0.9979536690306589
antmaze-medium-navigate-v0,1,gas_reachability_budget_replan_on_local_drift,none,3,27,1,,15,,0.8301886792452831,,24.48953056335449,2.433347702026367,3.0398049354553223,1.3421052631578947,1.0,38.0,1.5796724916463445,8,0.9919590556992861
antmaze-medium-navigate-v0,1,gas_reachability_budget_replan_on_local_drift,none,4,28,1,,15,,0.6825396825396826,,54.12069320678711,1.7084406614303589,4.143272399902344,2.90625,1.0,32.0,1.3331372966342625,14,0.969671767208772
antmaze-medium-navigate-v0,1,gas_reachability_budget_replan_on_local_drift,none,5,29,1,,15,,0.7611940298507462,,49.59119415283203,3.4098000526428223,3.946398258209229,1.853658536585366,1.0,41.0,7.961876890095215,14,0.9720383734263685
antmaze-medium-navigate-v0,1,gas_reachability_budget_replan_on_local_drift,none,1,30,1,,15,,0.788235294117647,,57.48189926147461,1.2352057695388794,1.2352057695388794,2.037037037037037,1.0,54.0,4.405335962109628,20,0.9681861348131092
antmaze-medium-navigate-v0,1,gas_reachability_budget_replan_on_local_drift,none,2,31,1,,15,,0.8671328671328671,,56.57409286499024,2.515685796737671,5.899168014526367,1.4642857142857142,1.0,112.0,3.652781625052216,31,1.0
antmaze-medium-navigate-v0,1,gas_reachability_budget_replan_on_local_drift,none,3,32,1,,17,,0.4857142857142857,,21.740684509277344,2.0699405670166016,2.0699405670166016,4.4,1.0,30.0,1.2556153229607567,22,0.9727269203896273
antmaze-medium-navigate-v0,1,gas_reachability_budget_replan_on_local_drift,none,4,33,0,,23,21,0.144927536231884,,50.04644393920898,14.905673027038574,23.4320125579834,4.390476190476191,4.0,105.0,1.3778817846997933,754,1.0
antmaze-medium-navigate-v0,1,gas_reachability_budget_replan_on_local_drift,none,5,34,1,,17,,0.7636363636363637,,50.10359573364258,2.2279245853424072,2.83161997795105,1.96875,1.0,32.0,2.2973639859092203,11,0.9643128679298674
antmaze-medium-navigate-v0,1,gas_reachability_budget_replan_on_local_drift,none,1,35,1,,15,,0.7230769230769231,,57.760398864746094,2.7048161029815674,2.7048161029815674,2.2972972972972974,1.0,37.0,1.394840448016451,12,0.9712482482501716
antmaze-medium-navigate-v0,1,gas_reachability_budget_replan_on_local_drift,none,2,36,1,,15,,0.6458333333333334,,55.89072036743164,4.456735610961914,5.49824333190918,4.111111111111111,1.0,18.0,2.1647466315349315,16,1.0
antmaze-medium-navigate-v0,1,gas_reachability_budget_replan_on_local_drift,none,3,37,0,,15,9,0.0615384615384615,,19.080963134765625,18.87684631347656,25.907958984375,7.085470085470085,7.0,117.0,0.733063821085957,879,1.0
antmaze-medium-navigate-v0,1,gas_reachability_budget_replan_on_local_drift,none,4,38,1,,15,,0.7164179104477612,,50.90764999389648,1.4586899280548096,1.5767390727996826,2.5142857142857142,1.0,35.0,1.546295133536471,19,0.9803459042134846
antmaze-medium-navigate-v0,1,gas_reachability_budget_replan_on_local_drift,none,5,39,1,,15,,0.8363636363636363,,49.2412338256836,0.7436721324920654,0.7436721324920654,1.7142857142857142,1.0,35.0,1.7302378447260267,10,0.952020098198636
antmaze-medium-navigate-v0,1,gas_reachability_budget_replan_on_local_drift,none,1,40,0,,15,105,0.4928909952606635,,58.250099182128906,23.97343063354492,25.98247528076172,6.34020618556701,6.0,97.0,1.6144347013846418,97,1.0
antmaze-medium-navigate-v0,1,gas_reachability_budget_replan_on_local_drift,none,2,41,1,,15,,0.64,,57.30168914794922,2.407240152359009,2.407240152359009,4.894736842105263,1.0,19.0,0.9339735925555294,11,0.974628872657068
antmaze-medium-navigate-v0,1,gas_reachability_budget_replan_on_local_drift,none,3,42,1,,15,,0.5802469135802469,,22.1823787689209,3.276575803756714,3.6848392486572266,3.0,1.0,41.0,1.2430060986685065,19,0.9825467414075016
antmaze-medium-navigate-v0,1,gas_reachability_budget_replan_on_local_drift,none,4,43,0,,19,22,0.1510791366906475,,52.31423568725586,13.769060134887695,21.38291931152344,3.4563106796116503,3.0,103.0,0.9260150003935635,739,1.0
antmaze-medium-navigate-v0,1,gas_reachability_budget_replan_on_local_drift,none,5,44,1,,18,,0.8,,51.09609222412109,1.4432191848754885,2.059590101242065,1.6440677966101696,1.0,59.0,5.267036350069025,11,0.9671427128785529
antmaze-medium-navigate-v0,1,gas_reachability_budget_replan_on_local_drift,none,1,45,1,,15,,0.6329113924050633,,57.55553817749024,2.0545759201049805,3.1366984844207764,3.9743589743589753,1.0,39.0,10.931339474130048,17,0.9787706750415006
antmaze-medium-navigate-v0,1,gas_reachability_budget_replan_on_local_drift,none,2,46,1,,15,,0.6538461538461539,,57.590965270996094,2.5982532501220703,2.832195997238159,4.0,1.0,21.0,3.707820292344576,12,0.9794829289858117
antmaze-medium-navigate-v0,1,gas_reachability_budget_replan_on_local_drift,none,3,47,1,,16,,0.6153846153846154,,22.318998336791992,1.8377363681793213,2.457469701766968,3.259259259259259,1.0,27.0,0.833393048764788,14,0.9655441748721554
antmaze-medium-navigate-v0,1,gas_reachability_budget_replan_on_local_drift,none,4,48,1,,15,,0.5616438356164384,,49.57106399536133,1.8859267234802248,2.231074571609497,5.2,1.0,30.0,2.1802152589160637,19,0.9797833755813864
antmaze-medium-navigate-v0,1,gas_reachability_budget_replan_on_local_drift,none,5,49,1,,15,,0.6666666666666666,,49.53504943847656,1.5968310832977295,2.612470865249634,2.631578947368421,1.0,19.0,1.9956981680626698,10,0.9605858357548317
antmaze-medium-navigate-v0,1,gas_reachability_budget_replan_on_local_drift,none,1,50,1,,16,,0.7261904761904762,,58.30431365966797,2.1331675052642822,2.46044921875,2.803921568627451,1.0,51.0,2.3809062178120293,22,0.9719306667110552
antmaze-medium-navigate-v0,1,gas_reachability_budget_replan_on_local_drift,none,2,51,1,,15,,0.7058823529411765,,55.75810241699219,4.191011905670166,4.713045597076416,2.5945945945945947,1.0,37.0,2.0057125498159607,18,0.9858963944974741
antmaze-medium-navigate-v0,1,gas_reachability_budget_replan_on_local_drift,none,3,52,0,,15,6,0.0390625,,24.51302528381348,24.51302528381348,33.19105529785156,8.957983193277311,9.0,119.0,1.2310159737434636,904,1.0
antmaze-medium-navigate-v0,1,gas_reachability_budget_replan_on_local_drift,none,4,53,1,,15,,0.6428571428571429,,52.34908676147461,3.8178436756134033,3.85702395439148,3.294117647058824,1.0,34.0,3.37831321402908,12,0.9803458222113348
antmaze-medium-navigate-v0,1,gas_reachability_budget_replan_on_local_drift,none,5,54,1,,15,,0.7358490566037735,,48.06178665161133,2.9260566234588623,2.9260566234588623,1.9666666666666663,1.0,30.0,3.089666939458787,13,0.9691951938748776
antmaze-medium-navigate-v0,1,gas_reachability_budget_replan_on_local_drift,none,1,55,1,,17,,0.6792452830188679,,57.7054328918457,0.8854013681411743,1.3510278463363647,3.217391304347826,1.0,23.0,6.723501509237981,15,0.9646357632960818
antmaze-medium-navigate-v0,1,gas_reachability_budget_replan_on_local_drift,none,2,56,1,,15,,0.62,,56.82952117919922,3.1941654682159424,3.286233901977539,3.65,1.0,20.0,1.51854645077709,11,0.9906371062766266
antmaze-medium-navigate-v0,1,gas_reachability_budget_replan_on_local_drift,none,3,57,1,,15,,0.5789473684210527,,22.65849876403809,2.495922565460205,2.6331799030303955,3.4444444444444446,1.0,27.0,1.3391409699872765,14,0.989186841834868
antmaze-medium-navigate-v0,1,gas_reachability_budget_replan_on_local_drift,none,4,58,0,,15,108,0.4908256880733945,,52.574825286865234,51.58913040161133,56.15697479248047,12.047619047619047,12.0,105.0,1.6352880258850624,102,1.0
antmaze-medium-navigate-v0,1,gas_reachability_budget_replan_on_local_drift,none,5,59,1,,15,,0.7903225806451613,,48.55060195922852,2.354154586791992,2.768134593963623,1.8,1.0,40.0,1.663147812751726,11,0.969953210440764
antmaze-medium-navigate-v0,1,gas_reachability_budget_replan_on_local_drift,none,1,60,1,,21,,0.8415841584158416,,58.33927917480469,1.4234877824783323,2.3914852142333984,1.5890410958904109,1.0,73.0,2.5028664802043337,19,0.9683838869048916
antmaze-medium-navigate-v0,1,gas_reachability_budget_replan_on_local_drift,none,2,61,1,,15,,0.631578947368421,,57.57964706420898,1.6318258047103882,1.6318258047103882,4.36,1.0,25.0,2.0154686378541786,16,0.9803104290443684
antmaze-medium-navigate-v0,1,gas_reachability_budget_replan_on_local_drift,none,3,62,0,,15,11,0.075187969924812,,23.34099769592285,22.19669342041016,31.031116485595703,7.929203539823009,8.0,113.0,1.0129811093097951,822,1.0
antmaze-medium-navigate-v0,1,gas_reachability_budget_replan_on_local_drift,none,4,63,1,,16,,0.5465116279069767,,51.48727035522461,2.876537084579468,3.9153642654418954,3.5675675675675675,1.0,37.0,5.925023358619153,23,0.9853340532154308
antmaze-medium-navigate-v0,1,gas_reachability_budget_replan_on_local_drift,none,5,64,1,,15,,0.7540983606557377,,49.27658081054688,3.391357660293579,3.391357660293579,1.972972972972973,1.0,37.0,1.02992722776267,12,0.9724052005144724
antmaze-medium-navigate-v0,1,gas_reachability_budget_replan_on_local_drift,none,1,65,1,,15,,0.6923076923076923,,58.66566848754883,1.6555486917495728,2.201207160949707,3.032258064516129,1.0,31.0,1.334395927385359,13,0.9733925949742122
antmaze-medium-navigate-v0,1,gas_reachability_budget_replan_on_local_drift,none,2,66,1,,15,,0.7457627118644068,,57.49787139892578,0.8465208411216736,2.215909719467163,2.4838709677419355,1.0,31.0,2.919412334149536,12,0.9899750954120332
antmaze-medium-navigate-v0,1,gas_reachability_budget_replan_on_local_drift,none,3,67,1,,15,,0.5142857142857142,,19.770767211914062,2.1859748363494877,2.200599670410156,5.25,1.0,44.0,1.1496145225622296,38,0.9902705736459704
antmaze-medium-navigate-v0,1,gas_reachability_budget_replan_on_local_drift,none,4,68,1,,18,,0.6442307692307693,,51.47324752807617,0.7372735738754272,2.8930366039276123,3.055555555555556,1.0,54.0,7.292367566767352,22,0.9810315095209012
antmaze-medium-navigate-v0,1,gas_reachability_budget_replan_on_local_drift,none,5,69,1,,15,,0.7586206896551724,,49.3002815246582,3.6134629249572754,5.012316703796387,1.9705882352941175,1.0,34.0,0.95823025224917,11,0.9868213271215077
antmaze-medium-navigate-v0,1,gas_reachability_budget_replan_on_local_drift,none,1,70,1,,15,,0.8484848484848485,,57.50309753417969,1.2746917009353638,2.146435499191284,1.5972222222222223,1.0,72.0,2.46473586324519,23,0.964008875234149
antmaze-medium-navigate-v0,1,gas_reachability_budget_replan_on_local_drift,none,2,71,1,,15,,0.703125,,57.40690612792969,2.97906756401062,2.9976160526275635,2.8484848484848486,1.0,33.0,4.151088599417887,13,0.9831240533235344
antmaze-medium-navigate-v0,1,gas_reachability_budget_replan_on_local_drift,none,3,72,1,,15,,0.5806451612903226,,22.310503005981445,1.7716103792190552,2.8350205421447754,4.166666666666667,1.0,30.0,1.7319942622148836,22,0.9968602622984626
antmaze-medium-navigate-v0,1,gas_reachability_budget_replan_on_local_drift,none,4,73,1,,15,,0.8020833333333334,,49.90087127685547,1.9199631214141848,1.9199631214141848,1.7878787878787878,1.0,66.0,1.0569051200185449,16,0.9885359441485804
antmaze-medium-navigate-v0,1,gas_reachability_budget_replan_on_local_drift,none,5,74,1,,15,,0.6818181818181818,,48.18629837036133,2.622857093811035,5.337926864624023,2.227272727272727,1.0,22.0,1.57149094384735,9,0.98117563523114
antmaze-medium-navigate-v0,1,gas_reachability_budget_replan_on_local_drift,none,1,75,1,,15,,0.7346938775510204,,56.44979095458984,1.9359551668167116,6.289389610290527,2.0,1.0,94.0,2.693153161841695,52,0.994807995076404
antmaze-medium-navigate-v0,1,gas_reachability_budget_replan_on_local_drift,none,2,76,1,,15,,0.6363636363636364,,56.98456954956055,1.0754241943359375,2.0504672527313232,4.047619047619048,1.0,21.0,2.159274571827796,15,0.9895202695229118
antmaze-medium-navigate-v0,1,gas_reachability_budget_replan_on_local_drift,none,3,77,0,,16,55,0.3233532934131736,,17.961198806762695,16.494670867919922,20.94608688354492,6.431034482758621,6.0,58.0,1.3410553445652946,79,1.0
antmaze-medium-navigate-v0,1,gas_reachability_budget_replan_on_local_drift,none,4,78,1,,21,,0.5974025974025974,,51.7251091003418,1.82313334941864,1.82313334941864,3.085714285714286,1.0,35.0,1.314038837375348,19,0.964801963294802
antmaze-medium-navigate-v0,1,gas_reachability_budget_replan_on_local_drift,none,5,79,1,,18,,0.8292682926829268,,48.71215057373047,4.377828121185303,4.969536304473877,1.5254237288135593,1.0,59.0,2.9555811480383283,21,0.9714554542044673
antmaze-medium-navigate-v0,1,gas_reachability_budget_replan_on_local_drift,none,1,80,1,,15,,0.6388888888888888,,58.09939956665039,0.5616701245307922,1.6029375791549685,3.8181818181818175,1.0,33.0,7.92367103830465,18,0.9733346625269548
antmaze-medium-navigate-v0,1,gas_reachability_budget_replan_on_local_drift,none,2,81,1,,15,,0.7166666666666667,,56.75211334228516,6.009502410888672,6.481572151184082,2.6451612903225805,1.0,31.0,4.446580277926283,12,0.9977521490089692
antmaze-medium-navigate-v0,1,gas_reachability_budget_replan_on_local_drift,none,3,82,1,,15,,0.5540540540540541,,19.85184097290039,1.8638619184494016,2.108549118041992,3.555555555555556,1.0,36.0,0.9529720601904942,22,0.9758818364058641
antmaze-medium-navigate-v0,1,gas_reachability_budget_replan_on_local_drift,none,4,83,1,,17,,0.6633663366336634,,50.32186126708984,1.1763006448745728,1.1763006448745728,2.9074074074074074,1.0,54.0,1.512834342407273,24,0.9745451379945111
antmaze-medium-navigate-v0,1,gas_reachability_budget_replan_on_local_drift,none,5,84,1,,15,,0.7205882352941176,,49.49138641357422,2.8419580459594727,3.084067821502685,2.076923076923077,1.0,39.0,1.3836838999568295,12,0.984009965910041
antmaze-medium-navigate-v0,1,gas_reachability_budget_replan_on_local_drift,none,1,85,1,,15,,0.7638888888888888,,58.189674377441406,1.1833800077438354,2.136015653610229,2.4390243902439024,1.0,41.0,6.575833667435312,14,0.9706774213391246
antmaze-medium-navigate-v0,1,gas_reachability_budget_replan_on_local_drift,none,2,86,1,,15,,0.6296296296296297,,57.51435089111328,5.53841495513916,7.04852819442749,2.914285714285714,1.0,35.0,4.093578014548248,25,1.0
antmaze-medium-navigate-v0,1,gas_reachability_budget_replan_on_local_drift,none,3,87,1,,15,,0.6964285714285714,,20.10306167602539,1.6857138872146606,2.403224229812622,2.0,1.0,32.0,0.8521953580601769,11,0.9887198806023616
antmaze-medium-navigate-v0,1,gas_reachability_budget_replan_on_local_drift,none,4,88,1,,15,,0.6181818181818182,,52.41363906860352,4.2195143699646,4.2195143699646,3.863636363636364,1.0,22.0,1.4732180879209509,16,0.9857156627245016
antmaze-medium-navigate-v0,1,gas_reachability_budget_replan_on_local_drift,none,5,89,1,,15,,0.8584905660377359,,46.86726379394531,2.0600805282592773,2.814037561416626,1.3855421686746987,1.0,83.0,1.654982592485084,13,0.975721943347743
antmaze-medium-navigate-v0,1,gas_reachability_budget_replan_on_local_drift,none,1,90,1,,15,,0.581081081081081,,57.118465423583984,1.4822757244110107,1.4822757244110107,3.733333333333333,1.0,30.0,5.665703343085195,19,0.9749773895957218
antmaze-medium-navigate-v0,1,gas_reachability_budget_replan_on_local_drift,none,2,91,1,,15,,0.6274509803921569,,56.91128921508789,4.480804443359375,5.029963970184326,4.05,1.0,20.0,5.00078398877117,14,1.0
antmaze-medium-navigate-v0,1,gas_reachability_budget_replan_on_local_drift,none,3,92,1,,15,,0.7441860465116279,,21.84633445739746,2.045313596725464,2.2128560543060303,1.7307692307692308,1.0,26.0,1.8271827941618224,7,0.9901220562829832
antmaze-medium-navigate-v0,1,gas_reachability_budget_replan_on_local_drift,none,4,93,1,,25,,0.6875,,52.41625213623047,1.7420809268951416,1.768748760223389,3.571428571428572,1.0,21.0,1.634201273587912,11,0.9426077315578107
antmaze-medium-navigate-v0,1,gas_reachability_budget_replan_on_local_drift,none,5,94,1,,15,,0.7543859649122807,,48.32133102416992,3.3008878231048584,3.728208065032959,2.0,1.0,34.0,3.6681926176798374,13,0.9777722385172763
antmaze-medium-navigate-v0,1,gas_reachability_budget_replan_on_local_drift,none,1,95,1,,15,,0.7101449275362319,,57.38141250610352,0.4343042969703674,1.4886702299118042,2.6944444444444446,1.0,36.0,1.7879900816952123,19,0.9729961386636569
antmaze-medium-navigate-v0,1,gas_reachability_budget_replan_on_local_drift,none,2,96,1,,15,,0.6415094339622641,,57.17561721801758,5.44306755065918,6.930736541748047,4.095238095238095,1.0,21.0,2.9613525877403255,17,1.0
antmaze-medium-navigate-v0,1,gas_reachability_budget_replan_on_local_drift,none,3,97,0,,15,6,0.0390625,,22.899534225463867,21.516321182250977,28.15987014770508,8.025,8.0,120.0,1.5209029133377607,927,1.0
antmaze-medium-navigate-v0,1,gas_reachability_budget_replan_on_local_drift,none,4,98,1,,15,,0.5116279069767442,,52.10539627075195,2.277015447616577,2.976123571395874,5.555555555555555,1.0,36.0,7.601323851865586,24,0.9879792013325576
antmaze-medium-navigate-v0,1,gas_reachability_budget_replan_on_local_drift,none,5,99,1,,15,,0.6521739130434783,,48.94718170166016,4.401873588562012,4.401873588562012,2.391304347826087,1.0,23.0,1.8959745837195152,11,0.971251622808343
antmaze-medium-stitch-v0,0,gas_shortest_replan_on_local_drift,none,1,0,1,,15,,0.7361111111111112,,48.468563079833984,3.43700647354126,3.839313268661499,3.076923076923077,1.0,39.0,6.344941809527806,17,0.9801108850353296
antmaze-medium-stitch-v0,0,gas_shortest_replan_on_local_drift,none,2,1,1,,15,,0.6304347826086957,,60.0836181640625,4.26335334777832,4.26335334777832,4.466666666666667,1.0,15.0,2.7442625820639215,15,0.9870073956563641
antmaze-medium-stitch-v0,0,gas_shortest_replan_on_local_drift,none,3,2,1,,15,,0.6229508196721312,,23.01906013488769,2.035992383956909,2.035992383956909,2.5,1.0,30.0,2.639314452016984,15,0.9903458226660176
antmaze-medium-stitch-v0,0,gas_shortest_replan_on_local_drift,none,4,3,1,,25,,0.3829787234042553,,46.89069366455078,5.064561367034912,5.064561367034912,8.716666666666667,1.0,60.0,3.0163433835714075,61,0.9866554902185517
antmaze-medium-stitch-v0,0,gas_shortest_replan_on_local_drift,none,5,4,1,,15,,0.5227272727272727,,48.14106750488281,7.719160079956055,8.476337432861328,4.571428571428571,2.0,14.0,2.068417067653325,14,0.9843392061243558
antmaze-medium-stitch-v0,0,gas_shortest_replan_on_local_drift,none,1,5,1,,15,,0.8623188405797102,,47.72474670410156,2.485435009002685,3.276628971099853,1.6728971962616823,1.0,107.0,2.2434634324556186,25,0.984738282050852
antmaze-medium-stitch-v0,0,gas_shortest_replan_on_local_drift,none,2,6,1,,15,,0.5833333333333334,,61.34023284912109,6.324377059936523,6.589657306671143,2.96,1.0,25.0,1.7028301972914612,21,0.9966734301807366
antmaze-medium-stitch-v0,0,gas_shortest_replan_on_local_drift,none,3,7,1,,15,,0.6944444444444444,,23.362966537475582,2.010649442672729,2.010649442672729,3.0625,1.0,16.0,2.415530990000198,11,0.9657769541075489
antmaze-medium-stitch-v0,0,gas_shortest_replan_on_local_drift,none,4,8,0,,24,17,0.1185185185185185,,46.30895233154297,16.760684967041016,18.98826026916504,3.5980392156862746,3.0,102.0,3.011909935454979,735,0.9740082798217781
antmaze-medium-stitch-v0,0,gas_shortest_replan_on_local_drift,none,5,9,1,,15,,0.8369565217391305,,47.224979400634766,1.8485313653945925,4.057428359985352,1.507462686567164,1.0,67.0,1.435605159508042,13,0.9754409565807385
antmaze-medium-stitch-v0,0,gas_shortest_replan_on_local_drift,none,1,10,1,,15,,0.7721518987341772,,49.63753509521485,2.932896375656128,3.638492584228516,2.276595744680851,1.0,47.0,1.6271631749877473,14,0.9726420667041966
antmaze-medium-stitch-v0,0,gas_shortest_replan_on_local_drift,none,2,11,1,,15,,0.6444444444444445,,60.399112701416016,6.310274124145508,6.310274124145508,3.5,1.0,16.0,2.932333486353216,14,1.0
antmaze-medium-stitch-v0,0,gas_shortest_replan_on_local_drift,none,3,12,1,,15,,0.6363636363636364,,25.447978973388672,2.74264931678772,2.818644762039185,3.15,1.0,20.0,2.008929418923334,11,0.972640842705884
antmaze-medium-stitch-v0,0,gas_shortest_replan_on_local_drift,none,4,13,0,,15,103,0.4788732394366197,,46.238224029541016,46.238224029541016,51.48891830444336,11.184466019417476,11.0,103.0,1.266776325862295,98,0.9997840703930956
antmaze-medium-stitch-v0,0,gas_shortest_replan_on_local_drift,none,5,14,1,,15,,0.74,,48.55908966064453,4.116723537445068,6.525580406188965,2.185185185185185,1.0,27.0,0.8845678537604513,11,0.9744667509978648
antmaze-medium-stitch-v0,0,gas_shortest_replan_on_local_drift,none,1,15,0,,15,808,0.9793689320388348,,49.52186965942383,3.596602439880371,3.8358914852142334,1.082070707070707,1.0,792.0,1.9649095704869042,716,0.9784280540820465
antmaze-medium-stitch-v0,0,gas_shortest_replan_on_local_drift,none,2,16,1,,15,,0.7424242424242424,,61.03024291992188,3.883258581161499,3.883258581161499,2.236842105263158,1.0,38.0,2.2929040320446323,12,0.989564031519224
antmaze-medium-stitch-v0,0,gas_shortest_replan_on_local_drift,none,3,17,1,,15,,0.6730769230769231,,27.081212997436523,2.544360399246216,4.911226749420166,2.321428571428572,1.0,28.0,2.299420490747544,9,0.9828139010164626
antmaze-medium-stitch-v0,0,gas_shortest_replan_on_local_drift,none,4,18,1,,15,,0.547945205479452,,46.26716232299805,3.0092649459838867,3.764268636703491,4.214285714285714,1.0,28.0,1.7386197162130923,20,0.9698669266955362
antmaze-medium-stitch-v0,0,gas_shortest_replan_on_local_drift,none,5,19,1,,15,,0.4146341463414634,,47.77737045288086,8.993306159973145,9.02918529510498,7.0,2.0,8.0,1.4349520780929708,17,0.994263548263211
antmaze-medium-stitch-v0,0,gas_shortest_replan_on_local_drift,none,1,20,1,,15,,0.935361216730038,,48.47175598144531,1.0089757442474363,2.696082830429077,1.257510729613734,1.0,233.0,2.3904233215686914,55,0.9787118043638228
antmaze-medium-stitch-v0,0,gas_shortest_replan_on_local_drift,none,2,21,1,,15,,0.8348623853211009,,61.39978790283203,3.229377269744873,3.229377269744873,1.6455696202531649,1.0,79.0,3.318619963139676,21,0.9918758261542256
antmaze-medium-stitch-v0,0,gas_shortest_replan_on_local_drift,none,3,22,1,,15,,0.7297297297297297,,21.27820205688477,2.676578521728516,2.7454872131347656,1.75,1.0,48.0,1.731760957539948,13,0.9718923134689268
antmaze-medium-stitch-v0,0,gas_shortest_replan_on_local_drift,none,4,23,1,,28,,0.5901639344262295,,45.55294036865234,2.5296895503997803,4.136143684387207,4.222222222222222,1.0,108.0,2.1676000255302417,52,0.9813921129152178
antmaze-medium-stitch-v0,0,gas_shortest_replan_on_local_drift,none,5,24,1,,15,,0.6491228070175439,,48.23461151123047,5.382441520690918,5.382441520690918,2.75,1.0,28.0,0.9759273860577826,14,0.9934965547244564
antmaze-medium-stitch-v0,0,gas_shortest_replan_on_local_drift,none,1,25,1,,15,,0.6183206106870229,,48.82289123535156,1.4656617641448977,1.802004098892212,2.287878787878788,1.0,66.0,3.2020814597603695,32,0.9866025580081844
antmaze-medium-stitch-v0,0,gas_shortest_replan_on_local_drift,none,2,26,1,,15,,0.8202247191011236,,61.03588104248047,2.05817985534668,2.05817985534668,1.6721311475409837,1.0,61.0,1.8376037877745304,20,0.9807369911671909
antmaze-medium-stitch-v0,0,gas_shortest_replan_on_local_drift,none,3,27,1,,15,,0.6086956521739131,,21.428810119628903,3.280403614044189,4.456905364990234,2.65,1.0,20.0,1.1816293357619336,10,0.987986230227036
antmaze-medium-stitch-v0,0,gas_shortest_replan_on_local_drift,none,4,28,1,,29,,0.6458333333333334,,47.61456298828125,6.384475231170654,6.384475231170654,4.105263157894737,1.0,19.0,2.088203600099876,15,0.96302776807163
antmaze-medium-stitch-v0,0,gas_shortest_replan_on_local_drift,none,5,29,1,,15,,0.797752808988764,,49.409156799316406,4.286491870880127,4.653464317321777,1.7049180327868851,1.0,61.0,2.261292411264179,18,0.9912716029056974
antmaze-medium-stitch-v0,0,gas_shortest_replan_on_local_drift,none,1,30,1,,15,,0.7888888888888889,,48.45211410522461,1.3243000507354736,1.8011622428894043,2.155172413793104,1.0,58.0,4.502359856249909,17,0.972981626211252
antmaze-medium-stitch-v0,0,gas_shortest_replan_on_local_drift,none,2,31,1,,15,,0.7090909090909091,,60.79697799682617,3.002425193786621,3.2410547733306885,2.5,1.0,28.0,2.817094726600622,11,0.9781845745508858
antmaze-medium-stitch-v0,0,gas_shortest_replan_on_local_drift,none,3,32,1,,15,,0.7833333333333333,,22.928842544555664,2.1559817790985107,2.1559817790985107,1.894736842105263,1.0,38.0,1.49501309106178,11,0.9862645294695837
antmaze-medium-stitch-v0,0,gas_shortest_replan_on_local_drift,none,4,33,0,,30,54,0.3212121212121212,,45.6180419921875,39.25113677978516,39.57936096191406,11.833333333333334,8.0,66.0,3.6881450042386663,62,0.99536277257011
antmaze-medium-stitch-v0,0,gas_shortest_replan_on_local_drift,none,5,34,1,,15,,0.8405797101449275,,48.2846794128418,3.0407955646514893,4.835942268371582,1.469387755102041,1.0,49.0,1.26044277388261,13,0.9744165731978428
antmaze-medium-stitch-v0,0,gas_shortest_replan_on_local_drift,none,1,35,1,,15,,0.6101694915254238,,48.541446685791016,3.684567451477051,3.684567451477051,4.0,1.0,26.0,1.874955093323669,13,0.9750338385591688
antmaze-medium-stitch-v0,0,gas_shortest_replan_on_local_drift,none,2,36,1,,15,,0.7631578947368421,,61.691444396972656,2.11077094078064,3.91790509223938,2.127659574468085,1.0,47.0,1.2149634958362494,18,0.9823074738024592
antmaze-medium-stitch-v0,0,gas_shortest_replan_on_local_drift,none,3,37,1,,15,,0.7962962962962963,,27.332406997680664,3.2239158153533936,3.237142562866211,1.6285714285714286,1.0,35.0,1.4062881197583905,10,0.9824061038942532
antmaze-medium-stitch-v0,0,gas_shortest_replan_on_local_drift,none,4,38,0,,34,92,0.4527363184079602,,44.24810409545898,43.03352355957031,46.254920959472656,9.443181818181818,9.0,88.0,3.2385659103890565,92,0.9973525176616456
antmaze-medium-stitch-v0,0,gas_shortest_replan_on_local_drift,none,5,39,1,,15,,0.826530612244898,,48.6040267944336,1.8080006837844849,2.609668254852295,1.5277777777777777,1.0,72.0,1.2254148573561172,16,0.982618361217855
antmaze-medium-stitch-v0,0,gas_shortest_replan_on_local_drift,none,1,40,1,,16,,0.7205882352941176,,48.22854232788086,1.3346209526062012,1.79234516620636,2.9444444444444446,1.0,36.0,3.392224770332301,12,0.9618384142695401
antmaze-medium-stitch-v0,0,gas_shortest_replan_on_local_drift,none,2,41,1,,15,,0.7792207792207793,,61.49956893920898,0.899581789970398,1.1505773067474363,2.106382978723404,1.0,47.0,6.514161871459124,14,0.9847197486019662
antmaze-medium-stitch-v0,0,gas_shortest_replan_on_local_drift,none,3,42,1,,15,,0.6666666666666666,,24.67680549621582,2.392765760421753,2.407111883163452,2.3684210526315788,1.0,19.0,1.9811706566577283,8,0.972052790033316
antmaze-medium-stitch-v0,0,gas_shortest_replan_on_local_drift,none,4,43,1,,26,,0.3619631901840491,,45.077728271484375,3.780212163925171,4.391806602478027,8.63076923076923,1.0,65.0,2.004716563698465,58,0.9822358469689481
antmaze-medium-stitch-v0,0,gas_shortest_replan_on_local_drift,none,5,44,1,,15,,0.85,,48.89381408691406,2.0923221111297607,4.595342636108398,1.5614035087719298,1.0,57.0,0.8846455875736505,11,0.966533355221196
antmaze-medium-stitch-v0,0,gas_shortest_replan_on_local_drift,none,1,45,1,,15,,0.7580645161290323,,49.23124694824219,2.025695562362671,2.121436834335327,2.676470588235294,1.0,34.0,9.81574026313064,15,0.9702694010448017
antmaze-medium-stitch-v0,0,gas_shortest_replan_on_local_drift,none,2,46,1,,15,,0.7719298245614035,,59.54767227172852,1.6903016567230225,2.200100898742676,1.9375,1.0,32.0,2.184171317752933,12,0.9670905908536216
antmaze-medium-stitch-v0,0,gas_shortest_replan_on_local_drift,none,3,47,1,,15,,0.74,,25.567716598510746,2.9914004802703857,4.32220458984375,2.1724137931034484,1.0,29.0,1.0099847823292574,14,0.9791906036845824
antmaze-medium-stitch-v0,0,gas_shortest_replan_on_local_drift,none,4,48,0,,29,52,0.3109756097560975,,44.258148193359375,44.258148193359375,51.16228103637695,11.825396825396826,12.0,63.0,3.2274628697287326,67,0.99442445212588
antmaze-medium-stitch-v0,0,gas_shortest_replan_on_local_drift,none,5,49,1,,19,,0.4285714285714285,,47.24014663696289,8.637993812561035,9.15124797821045,6.25,2.0,8.0,1.97136463561029,11,0.962874545273472
antmaze-medium-stitch-v0,0,gas_shortest_replan_on_local_drift,none,1,50,1,,15,,0.6428571428571429,,48.80705642700195,4.877217769622803,4.877217769622803,5.0,1.0,23.0,17.77497515721959,16,0.9828213931863372
antmaze-medium-stitch-v0,0,gas_shortest_replan_on_local_drift,none,2,51,1,,15,,0.6730769230769231,,60.2149658203125,5.323517799377441,5.323517799377441,3.0869565217391304,1.0,23.0,1.903108373349944,11,0.9988036627459608
antmaze-medium-stitch-v0,0,gas_shortest_replan_on_local_drift,none,3,52,1,,15,,0.7209302325581395,,24.86801147460937,2.298625230789185,2.842087507247925,2.380952380952381,1.0,21.0,5.1047099660328,9,0.9860744790422136
antmaze-medium-stitch-v0,0,gas_shortest_replan_on_local_drift,none,4,53,0,,28,102,0.4879227053140096,,47.69525909423828,16.863290786743164,24.681049346923828,5.141304347826087,5.0,92.0,2.100126181589474,92,0.997001608678728
antmaze-medium-stitch-v0,0,gas_shortest_replan_on_local_drift,none,5,54,1,,15,,0.4705882352941176,,48.75675201416016,8.138084411621094,8.692500114440918,6.333333333333333,2.0,6.0,2.4384558729080084,11,1.0
antmaze-medium-stitch-v0,0,gas_shortest_replan_on_local_drift,none,1,55,1,,15,,0.8085106382978723,,47.134544372558594,0.900022566318512,3.054029941558838,1.903225806451613,1.0,62.0,4.465581130921766,19,0.985687539857422
antmaze-medium-stitch-v0,0,gas_shortest_replan_on_local_drift,none,2,56,1,,15,,0.7816091954022989,,61.181678771972656,1.3645869493484497,1.7088890075683594,1.963636363636364,1.0,55.0,4.3256040521315295,16,0.9723033464121853
antmaze-medium-stitch-v0,0,gas_shortest_replan_on_local_drift,none,3,57,1,,18,,0.5869565217391305,,23.941362380981445,2.7918126583099365,2.8210155963897705,3.35,1.0,20.0,0.9973351198739836,11,0.9607438293481992
antmaze-medium-stitch-v0,0,gas_shortest_replan_on_local_drift,none,4,58,1,,21,,0.4653465346534653,,45.943119049072266,4.940883159637451,6.226670742034912,6.073170731707317,1.0,41.0,1.8816420654736783,33,0.981400732678816
antmaze-medium-stitch-v0,0,gas_shortest_replan_on_local_drift,none,5,59,1,,15,,0.5151515151515151,,48.82069396972656,9.577624320983888,9.577624320983888,6.833333333333333,2.0,6.0,1.5310831937218132,11,0.9939761128609376
antmaze-medium-stitch-v0,0,gas_shortest_replan_on_local_drift,none,1,60,1,,15,,0.6984126984126984,,49.01116943359375,2.475656747817993,2.6191601753234863,3.1333333333333333,1.0,30.0,1.4855855388863057,15,0.9686746038854216
antmaze-medium-stitch-v0,0,gas_shortest_replan_on_local_drift,none,2,61,1,,15,,0.6585365853658537,,61.35129928588867,4.675352096557617,4.675352096557617,3.571428571428572,1.0,14.0,1.6296894162360558,14,0.9906541171394354
antmaze-medium-stitch-v0,0,gas_shortest_replan_on_local_drift,none,3,62,1,,15,,0.5454545454545454,,23.178585052490234,2.955461263656616,3.5192251205444336,3.8285714285714287,1.0,35.0,4.191092233383117,22,0.9836509522851276
antmaze-medium-stitch-v0,0,gas_shortest_replan_on_local_drift,none,4,63,1,,21,,0.8410596026490066,,47.45467758178711,2.5757651329040527,3.0621907711029053,1.7203389830508475,1.0,118.0,2.287167791368299,29,0.9611914861818208
antmaze-medium-stitch-v0,0,gas_shortest_replan_on_local_drift,none,5,64,1,,15,,0.5813953488372093,,48.53862762451172,4.674245834350586,4.674245834350586,3.7142857142857135,1.0,14.0,2.185149113845931,12,0.9991097101898757
antmaze-medium-stitch-v0,0,gas_shortest_replan_on_local_drift,none,1,65,1,,19,,0.7972027972027972,,48.415130615234375,1.708391189575195,2.341080904006958,1.8613861386138613,1.0,101.0,1.8358628216129855,34,0.9767941466433809
antmaze-medium-stitch-v0,0,gas_shortest_replan_on_local_drift,none,2,66,1,,15,,0.5952380952380952,,60.44235610961914,3.117994546890259,3.151270866394043,4.6923076923076925,1.0,13.0,3.039440571589897,12,0.9927364326955078
antmaze-medium-stitch-v0,0,gas_shortest_replan_on_local_drift,none,3,67,1,,15,,0.6,,27.17715835571289,3.245900869369507,3.245900869369507,3.5,1.0,22.0,1.92286884505503,11,0.9842736128110797
antmaze-medium-stitch-v0,0,gas_shortest_replan_on_local_drift,none,4,68,0,,28,41,0.2597402597402597,,45.52777099609375,45.52777099609375,50.2627067565918,11.615384615384617,12.0,65.0,1.7502468676315746,71,0.995510975065845
antmaze-medium-stitch-v0,0,gas_shortest_replan_on_local_drift,none,5,69,1,,15,,0.675,,48.259254455566406,7.230662822723389,7.230662822723389,2.4444444444444446,1.0,18.0,0.5545331081362086,11,0.9791500744029712
antmaze-medium-stitch-v0,0,gas_shortest_replan_on_local_drift,none,1,70,1,,15,,0.7699115044247787,,49.49505615234375,2.418343305587769,2.4342591762542725,2.0933333333333333,1.0,75.0,2.7586223116759765,25,0.9818919292736455
antmaze-medium-stitch-v0,0,gas_shortest_replan_on_local_drift,none,2,71,0,,15,109,0.4931506849315068,,61.237606048583984,54.805606842041016,57.16056823730469,12.067307692307692,12.0,104.0,4.204159540900032,105,1.0
antmaze-medium-stitch-v0,0,gas_shortest_replan_on_local_drift,none,3,72,1,,15,,0.717948717948718,,24.67508125305176,2.6771461963653564,2.804949760437012,2.6,1.0,20.0,3.058367960642523,10,0.9688344257452568
antmaze-medium-stitch-v0,0,gas_shortest_replan_on_local_drift,none,4,73,0,,29,82,0.4240837696335078,,46.857460021972656,19.014179229736328,24.2312068939209,7.10126582278481,5.0,79.0,6.451035534757391,74,0.990618540060131
antmaze-medium-stitch-v0,0,gas_shortest_replan_on_local_drift,none,5,74,1,,15,,0.7926829268292683,,47.47806930541992,2.090196371078491,2.090196371078491,1.6071428571428572,1.0,56.0,1.703897157945525,14,0.988062085290017
antmaze-medium-stitch-v0,0,gas_shortest_replan_on_local_drift,none,1,75,1,,15,,0.6712328767123288,,49.17989349365234,1.4269232749938965,3.4193825721740723,2.805555555555556,1.0,36.0,2.4862854393847176,25,0.9781948039435006
antmaze-medium-stitch-v0,0,gas_shortest_replan_on_local_drift,none,2,76,1,,15,,0.8045977011494253,,60.388946533203125,2.8706090450286865,5.106388568878174,1.8771929824561404,1.0,57.0,1.7809234400098826,16,0.9902066110348374
antmaze-medium-stitch-v0,0,gas_shortest_replan_on_local_drift,none,3,77,0,,15,92,0.4527363184079602,,26.813945770263672,22.451061248779297,23.404905319213867,7.273972602739726,7.0,73.0,1.7448086917847385,67,1.0
antmaze-medium-stitch-v0,0,gas_shortest_replan_on_local_drift,none,4,78,1,,29,,0.6363636363636364,,42.77609252929688,4.08988094329834,4.08988094329834,4.0120481927710845,1.0,83.0,1.4512398954393673,41,0.9711772602958588
antmaze-medium-stitch-v0,0,gas_shortest_replan_on_local_drift,none,5,79,1,,15,,0.4761904761904761,,48.65563201904297,9.109663009643556,9.25334930419922,6.777777777777778,2.0,9.0,1.7201065667744144,18,1.0
antmaze-medium-stitch-v0,0,gas_shortest_replan_on_local_drift,none,1,80,1,,15,,0.7191011235955056,,48.70795440673828,1.5941728353500366,1.8111138343811035,2.5306122448979598,1.0,49.0,2.73822798242946,17,0.9736543061632283
antmaze-medium-stitch-v0,0,gas_shortest_replan_on_local_drift,none,2,81,1,,15,,0.7627118644067796,,60.84908676147461,2.3411715030670166,3.329576015472412,2.1818181818181817,1.0,33.0,1.246695246785303,15,0.9858692762694364
antmaze-medium-stitch-v0,0,gas_shortest_replan_on_local_drift,none,3,82,1,,15,,0.7,,21.63962745666504,1.0654497146606443,1.3178266286849976,2.45,1.0,20.0,2.908468158748397,9,0.9589556021828661
antmaze-medium-stitch-v0,0,gas_shortest_replan_on_local_drift,none,4,83,0,,30,70,0.375,,44.2639045715332,44.2639045715332,52.12343597412109,12.448717948717947,12.0,78.0,1.8696334783942885,83,0.9949871701933266
antmaze-medium-stitch-v0,0,gas_shortest_replan_on_local_drift,none,5,84,1,,15,,0.5,,47.53845977783203,8.198714256286621,8.198714256286621,6.571428571428571,2.0,7.0,2.394100011178503,13,1.0
antmaze-medium-stitch-v0,0,gas_shortest_replan_on_local_drift,none,1,85,1,,16,,0.6037735849056604,,48.66396331787109,3.227118968963623,3.227118968963623,4.631578947368421,1.0,19.0,2.185341841129396,17,0.973954712647224
antmaze-medium-stitch-v0,0,gas_shortest_replan_on_local_drift,none,2,86,1,,15,,0.5952380952380952,,60.247554779052734,5.08766508102417,5.08766508102417,4.230769230769231,1.0,13.0,3.425231531665482,14,1.0
antmaze-medium-stitch-v0,0,gas_shortest_replan_on_local_drift,none,3,87,1,,15,,0.7045454545454546,,26.557462692260746,2.234985828399658,2.534115791320801,2.3043478260869565,1.0,23.0,2.134342345378343,12,0.9752372853685222
antmaze-medium-stitch-v0,0,gas_shortest_replan_on_local_drift,none,4,88,1,,22,,0.6883116883116883,,46.29999542236328,3.372166156768799,3.481319665908813,2.727272727272727,1.0,44.0,1.995520294013748,21,0.9580622283458026
antmaze-medium-stitch-v0,0,gas_shortest_replan_on_local_drift,none,5,89,1,,15,,0.5581395348837209,,50.07920455932617,2.175241231918335,2.175241231918335,3.642857142857143,1.0,14.0,1.6944754488633842,11,0.9608446748871889
antmaze-medium-stitch-v0,0,gas_shortest_replan_on_local_drift,none,1,90,1,,15,,0.6987951807228916,,48.17192459106445,2.012533903121948,2.012533903121948,2.977272727272727,1.0,44.0,3.858614195954068,18,0.9759492762006536
antmaze-medium-stitch-v0,0,gas_shortest_replan_on_local_drift,none,2,91,1,,15,,0.6136363636363636,,61.11720657348633,2.931967258453369,2.931967258453369,4.266666666666667,1.0,15.0,2.9951613760165445,17,0.98703439206386
antmaze-medium-stitch-v0,0,gas_shortest_replan_on_local_drift,none,3,92,0,,15,110,0.4954545454545455,,27.439329147338867,26.557212829589844,30.87446594238281,9.00925925925926,9.0,108.0,1.7473318384248544,106,1.0
antmaze-medium-stitch-v0,0,gas_shortest_replan_on_local_drift,none,4,93,0,,21,56,0.3353658536585366,,46.553466796875,46.553466796875,51.09926223754883,11.942028985507246,11.0,69.0,2.04002739123729,82,1.0
antmaze-medium-stitch-v0,0,gas_shortest_replan_on_local_drift,none,5,94,1,,15,,0.5625,,49.15213394165039,7.259480476379394,7.259480476379394,5.714285714285714,1.0,7.0,1.5529159198170377,10,1.0
antmaze-medium-stitch-v0,0,gas_shortest_replan_on_local_drift,none,1,95,1,,15,,0.7121212121212122,,48.71568298339844,1.373724102973938,1.373724102973938,2.6,1.0,35.0,1.0514692495002866,16,0.9644193092465788
antmaze-medium-stitch-v0,0,gas_shortest_replan_on_local_drift,none,2,96,1,,15,,0.8545454545454545,,61.00931930541992,2.424748182296753,2.4959723949432373,1.5802469135802468,1.0,81.0,4.950075860644815,19,0.9809840300454764
antmaze-medium-stitch-v0,0,gas_shortest_replan_on_local_drift,none,3,97,1,,15,,0.64,,27.721942901611328,2.7297797203063965,2.7297797203063965,2.4615384615384617,1.0,26.0,1.1842207531081,9,0.9718894543543676
antmaze-medium-stitch-v0,0,gas_shortest_replan_on_local_drift,none,4,98,1,,16,,0.4011976047904191,,47.08327865600586,5.15440845489502,5.169386386871338,9.27536231884058,1.0,69.0,2.3439809774106752,71,0.9908093076887949
antmaze-medium-stitch-v0,0,gas_shortest_replan_on_local_drift,none,5,99,1,,15,,0.5,,49.61948394775391,8.47799301147461,8.87972640991211,7.0,2.0,6.0,2.6792892073818075,11,1.0
antmaze-medium-stitch-v0,0,gas_shortest_adaptive_subgoal_horizon,none,1,0,1,,15,,0.7155172413793104,,48.56108856201172,3.661222696304321,4.646356105804443,3.5285714285714285,1.0,70.0,4.893570018344969,20,0.9872111756276656
antmaze-medium-stitch-v0,0,gas_shortest_adaptive_subgoal_horizon,none,2,1,1,,15,,0.686046511627907,,59.66105270385742,1.6495376825332642,1.6495376825332642,2.723404255319149,1.0,47.0,3.7941453094425963,17,0.9783443199566413
antmaze-medium-stitch-v0,0,gas_shortest_adaptive_subgoal_horizon,none,3,2,1,,15,,0.5079365079365079,,22.946212768554688,3.8290090560913086,3.8290090560913086,3.64,1.0,25.0,2.36767320338246,9,0.9982517502165569
antmaze-medium-stitch-v0,0,gas_shortest_adaptive_subgoal_horizon,none,4,3,0,,25,100,0.3173076923076923,,46.78554153442383,46.7608757019043,51.40123748779297,11.888059701492535,12.0,134.0,2.4364033511166787,65,0.9915515737725465
antmaze-medium-stitch-v0,0,gas_shortest_adaptive_subgoal_horizon,none,5,4,1,,15,,0.3859649122807017,,47.910404205322266,8.888544082641602,8.913947105407715,7.714285714285714,2.0,14.0,10.479953078118644,10,1.0
antmaze-medium-stitch-v0,0,gas_shortest_adaptive_subgoal_horizon,none,1,5,1,,15,,0.635036496350365,,47.70787048339844,1.167447209358215,2.131166934967041,4.0,1.0,73.0,2.085194084075991,21,0.9880968844324473
antmaze-medium-stitch-v0,0,gas_shortest_adaptive_subgoal_horizon,none,2,6,1,,21,,0.6413043478260869,,61.542606353759766,4.207521915435791,5.150448799133301,3.108695652173913,1.0,46.0,7.865003616158318,14,0.9921455072874004
antmaze-medium-stitch-v0,0,gas_shortest_adaptive_subgoal_horizon,none,3,7,1,,15,,0.6041666666666666,,23.38192176818848,2.260640382766724,2.260640382766724,3.85,1.0,20.0,1.667750549390885,8,0.9750364067171968
antmaze-medium-stitch-v0,0,gas_shortest_adaptive_subgoal_horizon,none,4,8,1,,24,,0.4711864406779661,,46.20699691772461,2.6517581939697266,3.0033130645751958,6.615384615384615,1.0,143.0,2.4065054914520587,58,0.9894444863567072
antmaze-medium-stitch-v0,0,gas_shortest_adaptive_subgoal_horizon,none,5,9,1,,15,,0.8188976377952756,,47.53405380249024,3.232588768005371,4.480572700500488,1.59375,1.0,96.0,4.49842517207748,19,0.9816603966269638
antmaze-medium-stitch-v0,0,gas_shortest_adaptive_subgoal_horizon,none,1,10,1,,15,,0.5733333333333334,,49.63740158081055,1.2143656015396118,1.871514081954956,6.206896551724138,1.0,29.0,3.641336125521213,16,0.9724985588046144
antmaze-medium-stitch-v0,0,gas_shortest_adaptive_subgoal_horizon,none,2,11,1,,15,,0.4827586206896552,,60.92964172363281,5.5276641845703125,5.5276641845703125,5.588235294117647,1.0,17.0,1.8519251744653216,15,1.0
antmaze-medium-stitch-v0,0,gas_shortest_adaptive_subgoal_horizon,none,3,12,1,,15,,0.5714285714285714,,25.410057067871094,3.540365934371948,5.436176300048828,4.0,1.0,29.0,2.492737039036408,7,0.9917332905196228
antmaze-medium-stitch-v0,0,gas_shortest_adaptive_subgoal_horizon,none,4,13,0,,15,11,0.0389105058365758,,46.370147705078125,46.370147705078125,48.86007308959961,12.991596638655462,13.0,238.0,0.7087221315523465,864,0.9916202250994325
antmaze-medium-stitch-v0,0,gas_shortest_adaptive_subgoal_horizon,none,5,14,1,,15,,0.4489795918367347,,49.46242904663086,6.5629730224609375,6.5629730224609375,5.384615384615385,1.0,13.0,6.699188384011347,9,0.980567121924867
antmaze-medium-stitch-v0,0,gas_shortest_adaptive_subgoal_horizon,none,1,15,1,,15,,0.6796116504854369,,49.45500946044922,1.2482976913452148,1.3148876428604126,3.7818181818181817,1.0,55.0,2.78517782502262,24,0.9774787910212193
antmaze-medium-stitch-v0,0,gas_shortest_adaptive_subgoal_horizon,none,2,16,1,,15,,0.6388888888888888,,60.66573333740234,1.0031695365905762,3.801831007003784,3.0,1.0,34.0,5.764597447731764,24,0.9912876389221477
antmaze-medium-stitch-v0,0,gas_shortest_adaptive_subgoal_horizon,none,3,17,0,,15,21,0.0760456273764258,,27.352495193481445,26.61334228515625,31.8883056640625,8.004291845493562,8.0,233.0,3.1282234657334644,841,1.0
antmaze-medium-stitch-v0,0,gas_shortest_adaptive_subgoal_horizon,none,4,18,0,,15,11,0.0389105058365758,,46.715702056884766,46.715702056884766,49.37631607055664,13.991489361702127,14.0,235.0,0.7210320242079788,872,0.9760820603743254
antmaze-medium-stitch-v0,0,gas_shortest_adaptive_subgoal_horizon,none,5,19,1,,15,,0.4107142857142857,,47.92205047607422,9.0432710647583,9.559829711914062,6.615384615384615,2.0,13.0,4.91291362594193,12,0.9973436039909392
antmaze-medium-stitch-v0,0,gas_shortest_adaptive_subgoal_horizon,none,1,20,1,,15,,0.6702127659574468,,48.55157852172852,2.4078400135040283,2.4078400135040283,3.765957446808511,1.0,47.0,6.882247085833256,14,0.9798519156880233
antmaze-medium-stitch-v0,0,gas_shortest_adaptive_subgoal_horizon,none,2,21,1,,15,,0.6,,61.57201766967773,2.451183319091797,3.2344181537628174,3.71875,1.0,32.0,1.6719878704272282,11,0.9934803549601308
antmaze-medium-stitch-v0,0,gas_shortest_adaptive_subgoal_horizon,none,3,22,1,,15,,0.58,,21.06065559387207,2.2915444374084477,2.344597816467285,4.0,1.0,21.0,4.152576252143167,6,0.9693084250049554
antmaze-medium-stitch-v0,0,gas_shortest_adaptive_subgoal_horizon,none,4,23,0,,28,159,0.4328767123287671,,45.86653900146485,45.83479309082031,51.78874588012695,12.08235294117647,12.0,170.0,2.036843465929848,136,0.9974942551478456
antmaze-medium-stitch-v0,0,gas_shortest_adaptive_subgoal_horizon,none,5,24,1,,15,,0.6282051282051282,,48.2090072631836,2.6294565200805664,2.6294565200805664,2.763157894736842,1.0,38.0,2.890040465190813,12,0.9835827626159076
antmaze-medium-stitch-v0,0,gas_shortest_adaptive_subgoal_horizon,none,1,25,1,,20,,0.6276595744680851,,48.66450500488281,3.329663038253784,5.470860481262207,4.418604651162791,1.0,43.0,6.141785886477316,15,0.9901184914779202
antmaze-medium-stitch-v0,0,gas_shortest_adaptive_subgoal_horizon,none,2,26,1,,15,,0.509090909090909,,61.08452606201172,5.785358905792236,6.16376543045044,5.375,1.0,16.0,3.303502842333646,15,1.0
antmaze-medium-stitch-v0,0,gas_shortest_adaptive_subgoal_horizon,none,3,27,1,,15,,0.5357142857142857,,22.00017547607422,2.993110656738281,2.993110656738281,3.636363636363636,1.0,22.0,4.291451461438239,9,0.9830344035073373
antmaze-medium-stitch-v0,0,gas_shortest_adaptive_subgoal_horizon,none,4,28,1,,29,,0.4607843137254901,,47.6630744934082,3.660835027694702,3.660835027694702,4.578947368421052,1.0,38.0,1.8583319668477816,14,0.9742434411577309
antmaze-medium-stitch-v0,0,gas_shortest_adaptive_subgoal_horizon,none,5,29,1,,15,,0.5076923076923077,,49.53647994995117,5.128348350524902,5.128348350524902,3.9583333333333335,1.0,24.0,3.114332777621268,14,0.995184039237623
antmaze-medium-stitch-v0,0,gas_shortest_adaptive_subgoal_horizon,none,1,30,1,,15,,0.5272727272727272,,48.43419647216797,1.5011805295944214,2.3375730514526367,5.225,1.0,40.0,6.268451566707018,19,0.9872538019152036
antmaze-medium-stitch-v0,0,gas_shortest_adaptive_subgoal_horizon,none,2,31,1,,15,,0.5,,60.92393112182617,6.351539611816406,6.351539611816406,7.0,1.0,18.0,3.810312255511296,11,0.9967089991971488
antmaze-medium-stitch-v0,0,gas_shortest_adaptive_subgoal_horizon,none,3,32,1,,15,,0.5970149253731343,,22.89122200012207,2.7329602241516118,2.7329602241516118,3.4482758620689653,1.0,29.0,4.983439648553593,10,0.9946132299242393
antmaze-medium-stitch-v0,0,gas_shortest_adaptive_subgoal_horizon,none,4,33,0,,30,117,0.3569230769230769,,45.54010772705078,45.38566207885742,51.923484802246094,11.895424836601308,12.0,153.0,1.381760651283829,98,0.998005670135609
antmaze-medium-stitch-v0,0,gas_shortest_adaptive_subgoal_horizon,none,5,34,1,,15,,0.6617647058823529,,47.59585952758789,2.973118782043457,4.107277870178223,2.5,1.0,34.0,2.101183459002614,16,0.9786004036025193
antmaze-medium-stitch-v0,0,gas_shortest_adaptive_subgoal_horizon,none,1,35,1,,15,,0.5754716981132075,,48.6885986328125,2.283578395843506,2.283578395843506,5.469387755102041,1.0,49.0,10.703675088223822,21,0.9799444037658385
antmaze-medium-stitch-v0,0,gas_shortest_adaptive_subgoal_horizon,none,2,36,1,,15,,0.5483870967741935,,61.85815048217773,3.924306869506836,3.924306869506836,4.727272727272728,1.0,22.0,8.235911995921745,13,0.9847240245929466
antmaze-medium-stitch-v0,0,gas_shortest_adaptive_subgoal_horizon,none,3,37,1,,15,,0.5869565217391305,,27.51637077331543,2.3967173099517822,2.601386547088623,3.5789473684210527,1.0,19.0,1.6994384162766771,6,0.9800536531274536
antmaze-medium-stitch-v0,0,gas_shortest_adaptive_subgoal_horizon,none,4,38,1,,34,,0.4731182795698925,,44.14044570922852,3.210195541381836,3.461953639984131,5.65,1.0,40.0,4.117944709560638,15,0.963417558043033
antmaze-medium-stitch-v0,0,gas_shortest_adaptive_subgoal_horizon,none,5,39,1,,15,,0.696078431372549,,48.00846099853516,2.671253204345703,2.671253204345703,2.083333333333333,1.0,60.0,1.8991407570773875,16,0.9881293922969917
antmaze-medium-stitch-v0,0,gas_shortest_adaptive_subgoal_horizon,none,1,40,1,,19,,0.6494845360824743,,48.360260009765625,1.513101577758789,2.353151559829712,3.6,1.0,50.0,2.782099714716272,15,0.9725285518007202
antmaze-medium-stitch-v0,0,gas_shortest_adaptive_subgoal_horizon,none,2,41,0,,15,191,0.4922279792746113,,61.64073944091797,41.95048522949219,42.81063079833984,7.169398907103825,7.0,183.0,2.107110924401907,175,1.0
antmaze-medium-stitch-v0,0,gas_shortest_adaptive_subgoal_horizon,none,3,42,1,,15,,0.5740740740740741,,25.185359954833984,3.0876729488372803,3.818171977996826,3.5217391304347827,1.0,23.0,2.4867110193892645,9,0.988576668859658
antmaze-medium-stitch-v0,0,gas_shortest_adaptive_subgoal_horizon,none,4,43,1,,26,,0.408,,45.40054321289063,1.9631779193878172,1.9631779193878172,7.549019607843137,1.0,51.0,6.285475321397772,22,0.9676731173117132
antmaze-medium-stitch-v0,0,gas_shortest_adaptive_subgoal_horizon,none,5,44,1,,18,,0.5875,,48.939674377441406,4.604279041290283,4.604279041290283,3.102564102564102,1.0,39.0,1.8094389381669094,13,0.9759583258783416
antmaze-medium-stitch-v0,0,gas_shortest_adaptive_subgoal_horizon,none,1,45,1,,15,,0.5875,,49.10616302490234,3.0864250659942627,3.0864250659942627,5.606060606060606,1.0,33.0,2.1179865432726115,14,0.9817205731746556
antmaze-medium-stitch-v0,0,gas_shortest_adaptive_subgoal_horizon,none,2,46,1,,15,,0.735632183908046,,59.63864135742188,1.8597934246063232,1.8597934246063232,2.173076923076923,1.0,52.0,1.9558622034862003,12,0.9749137937927358
antmaze-medium-stitch-v0,0,gas_shortest_adaptive_subgoal_horizon,none,3,47,1,,15,,0.5918367346938775,,25.68523597717285,3.403299331665039,3.403299331665039,3.782608695652174,1.0,23.0,1.8980623289098202,7,0.9752488618970824
antmaze-medium-stitch-v0,0,gas_shortest_adaptive_subgoal_horizon,none,4,48,1,,29,,0.4230769230769231,,44.47076416015625,4.471156597137451,5.052331924438477,8.559322033898304,1.0,59.0,6.43244189111638,24,0.981511990498039
antmaze-medium-stitch-v0,0,gas_shortest_adaptive_subgoal_horizon,none,5,49,1,,19,,0.5098039215686274,,47.16910171508789,4.409179210662842,4.409179210662842,4.294117647058823,1.0,17.0,5.034590846794008,10,0.9616629740042316
antmaze-medium-stitch-v0,0,gas_shortest_adaptive_subgoal_horizon,none,1,50,1,,15,,0.6730769230769231,,48.81990432739258,2.829859972000122,2.829859972000122,3.7413793103448274,1.0,58.0,2.256738358854218,20,0.9780892189290453
antmaze-medium-stitch-v0,0,gas_shortest_adaptive_subgoal_horizon,none,2,51,1,,15,,0.5517241379310345,,60.42280578613281,4.658999443054199,4.658999443054199,4.6,1.0,20.0,2.4655451876133494,14,0.9962980585283068
antmaze-medium-stitch-v0,0,gas_shortest_adaptive_subgoal_horizon,none,3,52,1,,15,,0.5652173913043478,,25.7059383392334,1.1147971153259275,2.2267515659332275,3.736842105263158,1.0,19.0,1.5320095575833501,7,0.9834400285669608
antmaze-medium-stitch-v0,0,gas_shortest_adaptive_subgoal_horizon,none,4,53,1,,43,,0.5648148148148148,,47.589839935302734,2.313588380813598,2.313588380813598,3.943396226415094,1.0,53.0,8.130789679777667,17,0.969522532848859
antmaze-medium-stitch-v0,0,gas_shortest_adaptive_subgoal_horizon,none,5,54,1,,15,,0.4545454545454545,,48.81869125366211,7.183934211730957,7.730125427246094,5.0588235294117645,1.0,17.0,1.36087006505045,14,1.0
antmaze-medium-stitch-v0,0,gas_shortest_adaptive_subgoal_horizon,none,1,55,1,,15,,0.5822784810126582,,47.32527923583984,2.56843900680542,3.0714712142944336,4.0588235294117645,1.0,34.0,1.755939508084086,11,0.9860924742517336
antmaze-medium-stitch-v0,0,gas_shortest_adaptive_subgoal_horizon,none,2,56,1,,15,,0.55,,61.27864456176758,1.5912070274353027,1.9032281637191768,4.857142857142857,1.0,21.0,1.6749442049574808,9,0.9744066184344804
antmaze-medium-stitch-v0,0,gas_shortest_adaptive_subgoal_horizon,none,3,57,0,,19,198,0.4962216624685138,,23.47019386291504,22.473243713378903,30.79204559326172,8.040816326530612,8.0,196.0,0.7166214942749206,188,1.0
antmaze-medium-stitch-v0,0,gas_shortest_adaptive_subgoal_horizon,none,4,58,1,,21,,0.475,,46.05828475952149,5.07459831237793,5.725106239318848,7.133333333333334,1.0,30.0,1.7604867642937267,15,0.9712061383498152
antmaze-medium-stitch-v0,0,gas_shortest_adaptive_subgoal_horizon,none,5,59,1,,15,,0.7012987012987013,,48.982547760009766,2.365705966949463,4.110998630523682,2.3488372093023258,1.0,43.0,4.136583145851144,12,0.9676756661520454
antmaze-medium-stitch-v0,0,gas_shortest_adaptive_subgoal_horizon,none,1,60,1,,15,,0.736,,49.01091384887695,1.0122090578079224,1.0122090578079224,2.441558441558441,1.0,77.0,3.0106365913029256,24,0.9681803653614786
antmaze-medium-stitch-v0,0,gas_shortest_adaptive_subgoal_horizon,none,2,61,1,,15,,0.5735294117647058,,60.85641479492188,4.054955959320068,4.209708690643311,3.814814814814815,1.0,27.0,1.4989282511802093,16,0.9899437485828969
antmaze-medium-stitch-v0,0,gas_shortest_adaptive_subgoal_horizon,none,3,62,1,,15,,0.5294117647058824,,21.796592712402344,3.792082309722901,3.792082309722901,3.684210526315789,1.0,19.0,2.1643999663791607,13,0.9741672314369257
antmaze-medium-stitch-v0,0,gas_shortest_adaptive_subgoal_horizon,none,4,63,1,,21,,0.3779527559055118,,47.43778991699219,5.8975605964660645,5.8975605964660645,10.821782178217822,1.0,101.0,2.119338207585673,46,0.992883801055598
antmaze-medium-stitch-v0,0,gas_shortest_adaptive_subgoal_horizon,none,5,64,1,,15,,0.5306122448979592,,48.34027862548828,7.571385860443115,7.740789890289307,4.866666666666666,1.0,15.0,2.059010239839856,13,1.0
antmaze-medium-stitch-v0,0,gas_shortest_adaptive_subgoal_horizon,none,1,65,1,,19,,0.5063291139240507,,48.634239196777344,5.32086992263794,5.32086992263794,5.862068965517241,1.0,29.0,2.9293272033059585,16,0.9857756806327758
antmaze-medium-stitch-v0,0,gas_shortest_adaptive_subgoal_horizon,none,2,66,1,,15,,0.6764705882352942,,60.29275894165039,5.315533638000488,7.641578674316406,3.1515151515151514,1.0,33.0,1.5729466194251902,11,1.0
antmaze-medium-stitch-v0,0,gas_shortest_adaptive_subgoal_horizon,none,3,67,0,,15,195,0.4898989898989899,,27.43458747863769,26.583742141723636,32.75179672241211,9.005102040816327,9.0,196.0,1.079170493444067,184,1.0
antmaze-medium-stitch-v0,0,gas_shortest_adaptive_subgoal_horizon,none,4,68,1,,28,,0.4810126582278481,,45.408817291259766,2.178013801574707,2.178013801574707,5.967741935483871,1.0,31.0,9.311493754808994,15,0.9606531076586862
antmaze-medium-stitch-v0,0,gas_shortest_adaptive_subgoal_horizon,none,5,69,0,,15,191,0.4896907216494845,,48.53171157836914,28.58896255493164,30.307079315185547,6.173913043478261,6.0,184.0,2.4736370862058803,174,1.0
antmaze-medium-stitch-v0,0,gas_shortest_adaptive_subgoal_horizon,none,1,70,1,,15,,0.7535211267605634,,49.40248107910156,1.4445407390594482,2.621086835861206,2.5591397849462365,1.0,93.0,5.6420463958388405,31,0.9841737923450317
antmaze-medium-stitch-v0,0,gas_shortest_adaptive_subgoal_horizon,none,2,71,1,,15,,0.627906976744186,,61.055702209472656,3.2692418098449707,4.073409557342529,3.5476190476190474,1.0,42.0,1.454470464689361,12,0.9943934581929149
antmaze-medium-stitch-v0,0,gas_shortest_adaptive_subgoal_horizon,none,3,72,1,,15,,0.5714285714285714,,24.31401634216309,3.119931697845459,3.119931697845459,4.083333333333333,1.0,24.0,2.173364511595612,6,0.979768620920384
antmaze-medium-stitch-v0,0,gas_shortest_adaptive_subgoal_horizon,none,4,73,1,,29,,0.46875,,46.9915771484375,5.672333240509033,5.911069393157959,6.7317073170731705,1.0,41.0,2.327628201074574,16,0.9782537852748135
antmaze-medium-stitch-v0,0,gas_shortest_adaptive_subgoal_horizon,none,5,74,1,,15,,0.3970588235294117,,46.85931396484375,9.05909824371338,9.330257415771484,6.588235294117647,2.0,17.0,2.668437963840544,15,1.0
antmaze-medium-stitch-v0,0,gas_shortest_adaptive_subgoal_horizon,none,1,75,1,,15,,0.6826923076923077,,49.34642028808594,1.3238589763641355,1.6592721939086914,3.087719298245614,1.0,57.0,4.009747893642743,20,0.9720915759059977
antmaze-medium-stitch-v0,0,gas_shortest_adaptive_subgoal_horizon,none,2,76,1,,15,,0.6376811594202898,,60.83832550048828,4.743626594543457,5.8444414138793945,3.46875,1.0,32.0,2.8296857087215663,13,0.9945200804359009
antmaze-medium-stitch-v0,0,gas_shortest_adaptive_subgoal_horizon,none,3,77,1,,15,,0.5135135135135135,,27.021883010864254,7.010557174682617,7.348593235015869,4.444444444444445,1.0,27.0,1.7961648261240342,14,1.0
antmaze-medium-stitch-v0,0,gas_shortest_adaptive_subgoal_horizon,none,4,78,1,,27,,0.4065573770491803,,43.1311149597168,2.975302219390869,2.975302219390869,9.044117647058824,1.0,136.0,3.4439751181203864,56,0.9888593295433789
antmaze-medium-stitch-v0,0,gas_shortest_adaptive_subgoal_horizon,none,5,79,1,,15,,0.6179775280898876,,48.49347305297852,1.1014739274978638,1.3836100101470947,2.7555555555555555,1.0,45.0,3.363727480756841,12,0.9868831613651469
antmaze-medium-stitch-v0,0,gas_shortest_adaptive_subgoal_horizon,none,1,80,1,,15,,0.5157894736842106,,48.688697814941406,0.934850573539734,1.3712053298950195,5.138888888888889,1.0,36.0,2.00656894504444,16,0.9776684998208142
antmaze-medium-stitch-v0,0,gas_shortest_adaptive_subgoal_horizon,none,2,81,1,,15,,0.5666666666666667,,61.16478729248047,3.0664172172546387,3.0664172172546387,4.136363636363637,1.0,22.0,1.7286180387264611,14,0.9885085848459985
antmaze-medium-stitch-v0,0,gas_shortest_adaptive_subgoal_horizon,none,3,82,0,,15,192,0.4872448979591837,,21.868019104003903,20.92452049255371,25.7313289642334,9.00523560209424,9.0,191.0,1.5268398841716808,182,1.0
antmaze-medium-stitch-v0,0,gas_shortest_adaptive_subgoal_horizon,none,4,83,1,,30,,0.5193370165745856,,43.98024368286133,3.65753960609436,3.65753960609436,5.461538461538462,1.0,91.0,2.3558144727476535,24,0.9794549452162774
antmaze-medium-stitch-v0,0,gas_shortest_adaptive_subgoal_horizon,none,5,84,1,,15,,0.6229508196721312,,47.8056526184082,4.797948837280273,6.509336948394775,2.862068965517241,1.0,29.0,2.6390571057730003,14,1.0
antmaze-medium-stitch-v0,0,gas_shortest_adaptive_subgoal_horizon,none,1,85,1,,15,,0.6351351351351351,,48.88451766967773,1.4527873992919922,1.4527873992919922,4.705882352941177,1.0,34.0,2.1291706334608818,14,0.9692282347343056
antmaze-medium-stitch-v0,0,gas_shortest_adaptive_subgoal_horizon,none,2,86,1,,15,,0.6,,59.76280975341797,4.784361362457275,4.784361362457275,4.142857142857143,1.0,21.0,2.910845148207704,15,0.9990841947917776
antmaze-medium-stitch-v0,0,gas_shortest_adaptive_subgoal_horizon,none,3,87,1,,15,,0.5625,,26.510311126708984,3.602752923965454,4.626226425170898,3.931034482758621,1.0,29.0,3.782648520503462,9,0.9928330652771629
antmaze-medium-stitch-v0,0,gas_shortest_adaptive_subgoal_horizon,none,4,88,1,,22,,0.6290322580645161,,46.635032653808594,2.695535898208618,2.695535898208618,3.242857142857143,1.0,70.0,2.797938085417244,21,0.9670635895043261
antmaze-medium-stitch-v0,0,gas_shortest_adaptive_subgoal_horizon,none,5,89,1,,19,,0.7547169811320755,,49.19823455810547,2.196296453475952,3.044623374938965,1.9577464788732395,1.0,71.0,6.081134825113508,15,0.9714831216602741
antmaze-medium-stitch-v0,0,gas_shortest_adaptive_subgoal_horizon,none,1,90,1,,15,,0.8436213991769548,,48.15206146240234,1.0664819478988647,2.165696382522583,1.9105263157894736,1.0,190.0,1.920051779302036,50,0.9804661006575262
antmaze-medium-stitch-v0,0,gas_shortest_adaptive_subgoal_horizon,none,2,91,1,,15,,0.4776119402985074,,60.441104888916016,7.123643398284912,7.69150972366333,5.523809523809524,1.0,21.0,5.129992168410427,13,1.0
antmaze-medium-stitch-v0,0,gas_shortest_adaptive_subgoal_horizon,none,3,92,1,,15,,0.5,,27.554418563842773,2.460630178451538,2.460630178451538,4.041666666666667,1.0,24.0,2.81783443805099,7,0.974656699722209
antmaze-medium-stitch-v0,0,gas_shortest_adaptive_subgoal_horizon,none,4,93,0,,21,139,0.4156626506024096,,46.60081100463867,2.382481813430786,2.737954616546631,8.516129032258064,1.0,155.0,4.217975018098991,66,0.991092576056568
antmaze-medium-stitch-v0,0,gas_shortest_adaptive_subgoal_horizon,none,5,94,1,,15,,0.4912280701754385,,48.53826141357422,6.107336521148682,7.169445514678955,4.2105263157894735,1.0,19.0,6.830471707327212,12,1.0
antmaze-medium-stitch-v0,0,gas_shortest_adaptive_subgoal_horizon,none,1,95,1,,15,,0.625,,48.499473571777344,2.6938841342926025,2.6938841342926025,3.627906976744186,1.0,43.0,1.580260167660626,13,0.9748413493699332
antmaze-medium-stitch-v0,0,gas_shortest_adaptive_subgoal_horizon,none,2,96,1,,17,,0.5882352941176471,,61.00315475463867,2.968634605407715,4.73160457611084,4.428571428571429,1.0,28.0,1.752397174136952,15,0.9906249913693128
antmaze-medium-stitch-v0,0,gas_shortest_adaptive_subgoal_horizon,none,3,97,1,,15,,0.5416666666666666,,27.75381851196289,3.274251937866211,3.274251937866211,3.882352941176471,1.0,17.0,0.8792657960014876,8,0.9806530155699813
antmaze-medium-stitch-v0,0,gas_shortest_adaptive_subgoal_horizon,none,4,98,1,,16,,0.5185185185185185,,47.38061141967773,1.9947057962417605,3.278186559677124,5.514705882352941,1.0,68.0,3.437815235878994,19,0.9760568483502622
antmaze-medium-stitch-v0,0,gas_shortest_adaptive_subgoal_horizon,none,5,99,1,,15,,0.4576271186440678,,49.438575744628906,7.930586338043213,8.473404884338379,5.4,2.0,15.0,3.1892962995010485,10,1.0
antmaze-medium-stitch-v0,0,gas_reachability_budget_replan_on_local_drift,none,1,0,1,,15,,0.676923076923077,,48.55535507202149,1.4379578828811646,2.68194580078125,3.8666666666666663,1.0,30.0,6.408202159287231,15,0.9767350340629148
antmaze-medium-stitch-v0,0,gas_reachability_budget_replan_on_local_drift,none,2,1,1,,15,,0.6458333333333334,,59.6502799987793,4.089057922363281,4.089057922363281,3.7777777777777777,1.0,18.0,3.03289003509522,14,0.9860832061138036
antmaze-medium-stitch-v0,0,gas_reachability_budget_replan_on_local_drift,none,3,2,1,,15,,0.5964912280701754,,22.38132667541504,2.248399257659912,2.248399257659912,2.730769230769231,1.0,26.0,2.423237240465488,16,0.991256678967647
antmaze-medium-stitch-v0,0,gas_reachability_budget_replan_on_local_drift,none,4,3,0,,15,53,0.3151515151515151,,46.80751037597656,46.57038879394531,50.95955657958984,12.194029850746269,12.0,67.0,4.534561588816794,75,1.0
antmaze-medium-stitch-v0,0,gas_reachability_budget_replan_on_local_drift,none,5,4,1,,15,,0.575,,48.804962158203125,6.387327671051025,6.486280918121338,4.363636363636363,1.0,11.0,2.9913346757183255,12,1.0
antmaze-medium-stitch-v0,0,gas_reachability_budget_replan_on_local_drift,none,1,5,1,,15,,0.7246376811594203,,47.812984466552734,1.1096090078353882,1.1096090078353882,3.057142857142857,1.0,35.0,1.0640556126249112,13,0.9766879173548089
antmaze-medium-stitch-v0,0,gas_reachability_budget_replan_on_local_drift,none,2,6,1,,15,,0.5625,,61.36290740966797,6.837800025939941,6.837800025939941,5.785714285714286,1.0,14.0,2.343207687396324,15,1.0
antmaze-medium-stitch-v0,0,gas_reachability_budget_replan_on_local_drift,none,3,7,1,,15,,0.7105263157894737,,23.521318435668945,2.487152576446533,2.487152576446533,2.833333333333333,1.0,18.0,2.415530990000198,10,0.969291836610661
antmaze-medium-stitch-v0,0,gas_reachability_budget_replan_on_local_drift,none,4,8,1,,15,,0.5287356321839081,,46.18223571777344,2.8158504962921143,3.5587737560272217,6.2368421052631575,1.0,38.0,3.5555399092419835,31,0.9906948943654716
antmaze-medium-stitch-v0,0,gas_reachability_budget_replan_on_local_drift,none,5,9,1,,15,,0.821917808219178,,47.29512405395508,1.9979323148727417,3.168748140335083,1.5833333333333333,1.0,48.0,1.530051309236764,16,0.9960291821492476
antmaze-medium-stitch-v0,0,gas_reachability_budget_replan_on_local_drift,none,1,10,1,,15,,0.7349397590361446,,49.63519287109375,0.9259551763534546,1.325525999069214,3.0,1.0,45.0,6.941829442520289,23,0.993890852713875
antmaze-medium-stitch-v0,0,gas_reachability_budget_replan_on_local_drift,none,2,11,1,,15,,0.6,,60.762733459472656,6.633909225463867,6.633909225463867,4.666666666666667,1.0,12.0,2.858302002781552,13,1.0
antmaze-medium-stitch-v0,0,gas_reachability_budget_replan_on_local_drift,none,3,12,1,,15,,0.6938775510204082,,24.42955207824707,1.432072401046753,2.2923948764801025,2.72,1.0,25.0,2.008929418923334,11,0.9703889379253238
antmaze-medium-stitch-v0,0,gas_reachability_budget_replan_on_local_drift,none,4,13,1,,15,,0.572463768115942,,46.73233413696289,1.8762401342391968,2.01052188873291,4.323529411764706,1.0,68.0,6.414656371428754,42,0.9936045425414765
antmaze-medium-stitch-v0,0,gas_reachability_budget_replan_on_local_drift,none,5,14,1,,15,,0.5918367346938775,,48.608768463134766,3.8111891746521,4.045004844665527,3.631578947368421,1.0,19.0,1.747146832427948,17,0.9917811498461888
antmaze-medium-stitch-v0,0,gas_reachability_budget_replan_on_local_drift,none,1,15,1,,15,,0.7352941176470589,,49.697486877441406,1.7553941011428833,2.487922191619873,2.857142857142857,1.0,35.0,3.5066684043941536,16,0.9983182577088962
antmaze-medium-stitch-v0,0,gas_reachability_budget_replan_on_local_drift,none,2,16,1,,15,,0.5897435897435898,,61.46274185180664,5.726128101348877,6.116303443908691,5.333333333333333,1.0,12.0,1.5621577668548468,12,1.0
antmaze-medium-stitch-v0,0,gas_reachability_budget_replan_on_local_drift,none,3,17,1,,15,,0.6136363636363636,,27.37053871154785,2.821270704269409,2.821270704269409,2.85,1.0,20.0,2.22657354222874,9,0.9689525582246268
antmaze-medium-stitch-v0,0,gas_reachability_budget_replan_on_local_drift,none,4,18,0,,15,12,0.0820895522388059,,46.13304901123047,46.13304901123047,51.4351806640625,12.11504424778761,12.0,113.0,1.9566062520481875,827,1.0
antmaze-medium-stitch-v0,0,gas_reachability_budget_replan_on_local_drift,none,5,19,1,,15,,0.4848484848484848,,48.14720153808594,8.284355163574219,8.284355163574219,7.833333333333333,2.0,6.0,1.5694638532840082,15,1.0
antmaze-medium-stitch-v0,0,gas_reachability_budget_replan_on_local_drift,none,1,20,1,,15,,0.8278688524590164,,48.61141586303711,1.226141333580017,2.187652587890625,1.8735632183908049,1.0,87.0,15.949938986395829,36,0.9780646605017745
antmaze-medium-stitch-v0,0,gas_reachability_budget_replan_on_local_drift,none,2,21,1,,15,,0.7076923076923077,,61.35701370239258,1.8823431730270384,1.8823431730270384,2.8181818181818183,1.0,33.0,2.0346042971577054,13,0.9856714961166736
antmaze-medium-stitch-v0,0,gas_reachability_budget_replan_on_local_drift,none,3,22,1,,15,,0.8043478260869565,,22.314960479736328,2.1955389976501465,2.717250347137451,1.5147058823529411,1.0,68.0,1.731760957539948,15,0.9714462034131582
antmaze-medium-stitch-v0,0,gas_reachability_budget_replan_on_local_drift,none,4,23,1,,15,,0.4951456310679611,,45.932228088378906,2.311223268508911,2.6073555946350098,7.575,1.0,40.0,5.997480258663324,33,0.9992918540778385
antmaze-medium-stitch-v0,0,gas_reachability_budget_replan_on_local_drift,none,5,24,1,,15,,0.4864864864864865,,48.58155059814453,8.368316650390625,8.368316650390625,7.571428571428571,2.0,7.0,2.937787834720433,14,1.0
antmaze-medium-stitch-v0,0,gas_reachability_budget_replan_on_local_drift,none,1,25,1,,15,,0.6164383561643836,,48.90616989135742,1.2500412464141846,1.434935450553894,3.6,1.0,30.0,3.2129659097038674,22,0.974869432802697
antmaze-medium-stitch-v0,0,gas_reachability_budget_replan_on_local_drift,none,2,26,1,,15,,0.6046511627906976,,61.03369140625,5.205324172973633,5.205324172973633,4.6923076923076925,1.0,13.0,6.942630062071443,17,0.9961036306843102
antmaze-medium-stitch-v0,0,gas_reachability_budget_replan_on_local_drift,none,3,27,1,,15,,0.7384615384615385,,22.42255401611328,1.925674319267273,2.0858914852142334,1.8,1.0,40.0,1.1816293357619336,12,0.9734924130751272
antmaze-medium-stitch-v0,0,gas_reachability_budget_replan_on_local_drift,none,4,28,1,,15,,0.6534653465346535,,47.55485153198242,3.4209401607513428,3.717822790145874,4.25,1.0,52.0,2.912870132843538,27,0.9922317274487253
antmaze-medium-stitch-v0,0,gas_reachability_budget_replan_on_local_drift,none,5,29,1,,15,,0.9,,49.16241836547852,1.869786024093628,3.069406032562256,1.350877192982456,1.0,114.0,2.804652233207511,28,0.9973362744816336
antmaze-medium-stitch-v0,0,gas_reachability_budget_replan_on_local_drift,none,1,30,1,,15,,0.6338028169014085,,48.28699493408203,1.4825557470321655,1.4825557470321655,3.5,1.0,30.0,9.716346555665922,18,1.0
antmaze-medium-stitch-v0,0,gas_reachability_budget_replan_on_local_drift,none,2,31,1,,15,,0.6274509803921569,,61.16139602661133,4.276634693145752,4.276634693145752,4.333333333333333,1.0,18.0,4.464542811753402,17,0.9994500793099969
antmaze-medium-stitch-v0,0,gas_reachability_budget_replan_on_local_drift,none,3,32,1,,15,,0.6981132075471698,,22.39641761779785,3.121662139892578,3.3855366706848145,2.25,1.0,28.0,2.992397503473704,12,0.9964363104724154
antmaze-medium-stitch-v0,0,gas_reachability_budget_replan_on_local_drift,none,4,33,1,,15,,0.6896551724137931,,45.581790924072266,2.3803741931915283,2.3803741931915283,2.5416666666666665,1.0,48.0,2.3370557545768293,22,0.9977924302147768
antmaze-medium-stitch-v0,0,gas_reachability_budget_replan_on_local_drift,none,5,34,1,,15,,0.8166666666666667,,48.35413360595703,1.1110655069351196,1.1110655069351196,1.7567567567567568,1.0,37.0,1.5822468119402255,10,0.9766222795189812
antmaze-medium-stitch-v0,0,gas_reachability_budget_replan_on_local_drift,none,1,35,1,,15,,0.5972222222222222,,48.57858657836914,3.2962327003479004,3.2962327003479004,4.966666666666667,1.0,30.0,8.73095221881036,19,1.0
antmaze-medium-stitch-v0,0,gas_reachability_budget_replan_on_local_drift,none,2,36,1,,15,,0.6730769230769231,,61.56657409667969,0.9415670037269592,1.5434421300888062,3.7,1.0,20.0,5.326970167581133,17,0.9872943932219124
antmaze-medium-stitch-v0,0,gas_reachability_budget_replan_on_local_drift,none,3,37,1,,15,,0.7708333333333334,,26.987308502197266,2.631296396255493,2.739691972732544,1.7586206896551724,1.0,29.0,1.4062881197583905,10,0.9788572979547201
antmaze-medium-stitch-v0,0,gas_reachability_budget_replan_on_local_drift,none,4,38,0,,15,107,0.488479262672811,,43.71120834350586,43.64845657348633,51.55057907104492,12.107843137254902,12.0,102.0,2.7734148017515774,104,1.0
antmaze-medium-stitch-v0,0,gas_reachability_budget_replan_on_local_drift,none,5,39,1,,15,,0.8,,48.12797164916992,3.780596256256104,3.780596256256104,1.7826086956521738,1.0,46.0,3.770343933053616,20,0.9874333481453468
antmaze-medium-stitch-v0,0,gas_reachability_budget_replan_on_local_drift,none,1,40,1,,15,,0.7037037037037037,,48.360443115234375,1.5624088048934937,1.8012142181396484,3.6666666666666665,1.0,24.0,6.407328692674605,14,0.9996967722277018
antmaze-medium-stitch-v0,0,gas_reachability_budget_replan_on_local_drift,none,2,41,1,,15,,0.6226415094339622,,61.30736541748047,2.562751293182373,2.8941946029663086,3.347826086956522,1.0,23.0,2.107110924401907,12,0.9923758161896952
antmaze-medium-stitch-v0,0,gas_reachability_budget_replan_on_local_drift,none,3,42,1,,15,,0.6451612903225806,,23.506000518798828,3.085638999938965,3.085638999938965,3.083333333333333,1.0,12.0,1.7075578681183412,8,0.9779972478709932
antmaze-medium-stitch-v0,0,gas_reachability_budget_replan_on_local_drift,none,4,43,1,,15,,0.6507936507936508,,45.48727798461914,2.7105166912078857,2.7105166912078857,3.5,1.0,26.0,2.6843718070875875,18,0.9939329820028268
antmaze-medium-stitch-v0,0,gas_reachability_budget_replan_on_local_drift,none,5,44,1,,15,,0.46875,,48.87172317504883,8.108499526977539,8.108499526977539,8.0,2.0,6.0,2.2640399083588694,13,1.0
antmaze-medium-stitch-v0,0,gas_reachability_budget_replan_on_local_drift,none,1,45,1,,15,,0.6949152542372882,,49.18157958984375,3.868067741394043,3.9763453006744394,4.16,1.0,25.0,4.965543962382722,15,0.9801206251258158
antmaze-medium-stitch-v0,0,gas_reachability_budget_replan_on_local_drift,none,2,46,1,,15,,0.6428571428571429,,59.62179183959961,5.672046661376953,5.738831520080566,3.5,1.0,14.0,1.810059315555293,18,1.0
antmaze-medium-stitch-v0,0,gas_reachability_budget_replan_on_local_drift,none,3,47,1,,15,,0.7045454545454546,,24.689912796020508,3.3759803771972656,4.748898506164551,2.4782608695652173,1.0,23.0,1.0099847823292574,14,0.9819293804045636
antmaze-medium-stitch-v0,0,gas_reachability_budget_replan_on_local_drift,none,4,48,1,,15,,0.7558139534883721,,44.15659332275391,2.9838147163391118,5.027860641479492,2.294117647058824,1.0,51.0,7.0153031304902855,20,0.9998979450255636
antmaze-medium-stitch-v0,0,gas_reachability_budget_replan_on_local_drift,none,5,49,1,,15,,0.5806451612903226,,47.040306091308594,7.900071620941162,7.900071620941162,6.0,2.0,6.0,1.8103398059997915,12,1.0
antmaze-medium-stitch-v0,0,gas_reachability_budget_replan_on_local_drift,none,1,50,1,,15,,0.8389830508474576,,48.64837646484375,1.717747449874878,3.0457651615142822,2.047058823529412,1.0,85.0,8.065616420492647,23,1.0
antmaze-medium-stitch-v0,0,gas_reachability_budget_replan_on_local_drift,none,2,51,1,,15,,0.7142857142857143,,60.03092956542969,3.369434356689453,3.609027862548828,3.2,1.0,20.0,3.056401883733931,16,0.9909131316404844
antmaze-medium-stitch-v0,0,gas_reachability_budget_replan_on_local_drift,none,3,52,1,,15,,0.76,,25.04944229125977,1.9381386041641235,1.9381386041641235,2.0357142857142856,1.0,28.0,5.1047099660328,9,0.9800391310629142
antmaze-medium-stitch-v0,0,gas_reachability_budget_replan_on_local_drift,none,4,53,1,,15,,0.5175438596491229,,47.66546630859375,3.398202419281006,3.69201922416687,8.088888888888889,1.0,45.0,2.302927173025265,37,0.995950299361708
antmaze-medium-stitch-v0,0,gas_reachability_budget_replan_on_local_drift,none,5,54,1,,15,,0.8472222222222222,,49.28353118896485,1.5111706256866455,1.5111706256866455,1.653061224489796,1.0,49.0,1.6303428149789363,11,0.9795104668523289
antmaze-medium-stitch-v0,0,gas_reachability_budget_replan_on_local_drift,none,1,55,1,,15,,0.8028169014084507,,47.05518341064453,3.0216434001922607,4.66566276550293,2.3181818181818183,1.0,44.0,1.8705241623223259,20,0.9901658692320928
antmaze-medium-stitch-v0,0,gas_reachability_budget_replan_on_local_drift,none,2,56,1,,15,,0.6923076923076923,,60.972755432128906,1.363552451133728,1.6436067819595337,3.0,1.0,50.0,3.473154698381895,19,0.9909032135218308
antmaze-medium-stitch-v0,0,gas_reachability_budget_replan_on_local_drift,none,3,57,1,,18,,0.5957446808510638,,23.54463195800781,3.262399196624756,3.3297598361968994,3.238095238095238,1.0,21.0,0.960606336265402,11,0.9636462093756144
antmaze-medium-stitch-v0,0,gas_reachability_budget_replan_on_local_drift,none,4,58,1,,15,,0.5849056603773585,,46.19451522827149,5.868053913116455,5.868053913116455,4.2105263157894735,1.0,19.0,2.874408264491162,20,1.0
antmaze-medium-stitch-v0,0,gas_reachability_budget_replan_on_local_drift,none,5,59,1,,15,,0.631578947368421,,49.91361999511719,5.967956066131592,6.871999263763428,3.615384615384616,1.0,13.0,1.6501633013647012,17,1.0
antmaze-medium-stitch-v0,0,gas_reachability_budget_replan_on_local_drift,none,1,60,1,,15,,0.6101694915254238,,48.92926406860352,3.4801244735717773,3.4801244735717773,4.818181818181818,1.0,22.0,9.849803290814954,17,1.0
antmaze-medium-stitch-v0,0,gas_reachability_budget_replan_on_local_drift,none,2,61,1,,15,,0.7021276595744681,,60.970970153808594,3.427452325820923,3.6076853275299072,2.9,1.0,20.0,1.6296894162360558,14,0.9851766376435029
antmaze-medium-stitch-v0,0,gas_reachability_budget_replan_on_local_drift,none,3,62,1,,15,,0.5138888888888888,,22.386314392089844,2.540646314620972,2.586732864379883,4.333333333333333,1.0,30.0,4.074014587031495,22,0.9806404676100277
antmaze-medium-stitch-v0,0,gas_reachability_budget_replan_on_local_drift,none,4,63,0,,15,105,0.488262910798122,,47.52516174316406,22.152936935424805,23.43926239013672,5.5,5.0,94.0,2.6847486177417363,101,1.0
antmaze-medium-stitch-v0,0,gas_reachability_budget_replan_on_local_drift,none,5,64,1,,15,,0.5,,48.441165924072266,7.922240257263184,7.922240257263184,6.571428571428571,2.0,7.0,6.838308276441881,12,1.0
antmaze-medium-stitch-v0,0,gas_reachability_budget_replan_on_local_drift,none,1,65,1,,15,,0.6557377049180327,,48.72093963623047,4.197059154510498,4.197059154510498,4.0,1.0,27.0,4.99045297013103,18,1.0
antmaze-medium-stitch-v0,0,gas_reachability_budget_replan_on_local_drift,none,2,66,1,,15,,0.6222222222222222,,60.52518081665039,2.499318599700928,2.499318599700928,4.0,1.0,16.0,3.039440571589897,12,0.9895284449683244
antmaze-medium-stitch-v0,0,gas_reachability_budget_replan_on_local_drift,none,3,67,1,,15,,0.6153846153846154,,26.518325805664062,2.8676254749298096,3.9989285469055176,3.2916666666666665,1.0,24.0,1.92286884505503,11,0.98809559458464
antmaze-medium-stitch-v0,0,gas_reachability_budget_replan_on_local_drift,none,4,68,1,,15,,0.6851851851851852,,45.34918594360352,3.0899901390075684,6.2449631690979,3.24,1.0,25.0,3.2241740667614134,15,0.9920998760269932
antmaze-medium-stitch-v0,0,gas_reachability_budget_replan_on_local_drift,none,5,69,1,,15,,0.8,,48.94585037231445,2.909785509109497,2.99687933921814,1.6938775510204085,1.0,49.0,3.537907942339735,14,0.987684963470535
antmaze-medium-stitch-v0,0,gas_reachability_budget_replan_on_local_drift,none,1,70,1,,15,,0.8297872340425532,,49.48014831542969,1.2322437763214111,1.8152658939361568,1.8173076923076923,1.0,104.0,2.260648266127847,43,0.9783948034392044
antmaze-medium-stitch-v0,0,gas_reachability_budget_replan_on_local_drift,none,2,71,0,,15,109,0.4931506849315068,,61.29205703735352,55.00242233276367,57.32664489746094,13.067307692307692,13.0,104.0,4.204159540900032,105,1.0
antmaze-medium-stitch-v0,0,gas_reachability_budget_replan_on_local_drift,none,3,72,1,,15,,0.8,,24.20510673522949,1.6920039653778076,1.9064228534698489,2.032258064516129,1.0,31.0,3.058367960642523,10,0.9638218023879933
antmaze-medium-stitch-v0,0,gas_reachability_budget_replan_on_local_drift,none,4,73,1,,15,,0.7906976744186046,,47.09867858886719,2.5562820434570312,2.787681102752685,2.616279069767442,1.0,86.0,2.521834271489158,36,0.9882931905660012
antmaze-medium-stitch-v0,0,gas_reachability_budget_replan_on_local_drift,none,5,74,1,,15,,0.5405405405405406,,47.31617736816406,7.847448825836182,8.891740798950195,5.0,1.0,9.0,2.4700126926956,13,1.0
antmaze-medium-stitch-v0,0,gas_reachability_budget_replan_on_local_drift,none,1,75,1,,15,,0.9519230769230768,,49.168495178222656,1.1213949918746948,1.2818641662597656,1.202127659574468,1.0,282.0,6.085993519257441,83,0.9975898345790176
antmaze-medium-stitch-v0,0,gas_reachability_budget_replan_on_local_drift,none,2,76,1,,15,,0.4918032786885246,,59.626197814941406,5.5257415771484375,5.5257415771484375,4.222222222222222,1.0,18.0,3.786324547611385,17,1.0
antmaze-medium-stitch-v0,0,gas_reachability_budget_replan_on_local_drift,none,3,77,0,,15,92,0.4527363184079602,,26.52013397216797,22.005634307861328,22.95304298400879,6.301369863013699,6.0,73.0,1.7448086917847385,67,1.0
antmaze-medium-stitch-v0,0,gas_reachability_budget_replan_on_local_drift,none,4,78,1,,15,,0.7981651376146789,,42.80051803588867,2.57488226890564,2.57488226890564,1.7671232876712328,1.0,73.0,3.933921890150727,27,0.9937959310212826
antmaze-medium-stitch-v0,0,gas_reachability_budget_replan_on_local_drift,none,5,79,1,,15,,0.4761904761904761,,48.294246673583984,7.622007846832275,7.622007846832275,7.222222222222222,1.0,9.0,1.7201065667744144,18,1.0
antmaze-medium-stitch-v0,0,gas_reachability_budget_replan_on_local_drift,none,1,80,1,,15,,0.7191011235955056,,48.68894958496094,0.9228556752204896,1.8100515604019165,2.6,1.0,50.0,2.73822798242946,23,0.9739171217113012
antmaze-medium-stitch-v0,0,gas_reachability_budget_replan_on_local_drift,none,2,81,1,,15,,0.5918367346938775,,60.85596084594727,1.6978976726531982,2.694868803024292,4.6,1.0,15.0,5.557587164376128,12,0.986823763270602
antmaze-medium-stitch-v0,0,gas_reachability_budget_replan_on_local_drift,none,3,82,1,,15,,0.75,,22.757064819335938,1.73805832862854,2.037116050720215,2.0357142857142856,1.0,28.0,2.908468158748397,9,0.9655840722293866
antmaze-medium-stitch-v0,0,gas_reachability_budget_replan_on_local_drift,none,4,83,1,,15,,0.7236842105263158,,44.00512313842773,1.846605658531189,2.733989953994751,2.3095238095238093,1.0,42.0,4.579262675750848,18,0.9972338723970612
antmaze-medium-stitch-v0,0,gas_reachability_budget_replan_on_local_drift,none,5,84,1,,15,,0.5882352941176471,,48.05231094360352,6.068062782287598,6.068062782287598,4.222222222222222,1.0,9.0,1.9054000334099082,11,1.0
antmaze-medium-stitch-v0,0,gas_reachability_budget_replan_on_local_drift,none,1,85,0,,16,789,0.9752475247524752,,48.90898513793945,2.202381134033203,5.124396800994873,1.0956072351421189,1.0,774.0,2.185341841129396,703,0.9837541093222797
antmaze-medium-stitch-v0,0,gas_reachability_budget_replan_on_local_drift,none,2,86,1,,15,,0.6046511627906976,,59.66941452026367,5.815438270568848,5.866081237792969,4.214285714285714,1.0,14.0,3.398534533420017,14,1.0
antmaze-medium-stitch-v0,0,gas_reachability_budget_replan_on_local_drift,none,3,87,1,,15,,0.7450980392156863,,26.69023704528809,2.074424743652344,2.074424743652344,2.0,1.0,30.0,2.134342345378343,12,0.9726187122465648
antmaze-medium-stitch-v0,0,gas_reachability_budget_replan_on_local_drift,none,4,88,1,,15,,0.7717391304347826,,46.56412887573242,3.5715487003326416,3.5715487003326416,2.1403508771929824,1.0,57.0,4.339391866131765,19,0.9876532358580441
antmaze-medium-stitch-v0,0,gas_reachability_budget_replan_on_local_drift,none,5,89,1,,15,,0.6170212765957447,,49.98103332519531,6.445227146148682,6.48447847366333,3.9444444444444446,1.0,18.0,1.642283115720856,14,0.994596592643825
antmaze-medium-stitch-v0,0,gas_reachability_budget_replan_on_local_drift,none,1,90,1,,15,,0.7764705882352941,,48.13767623901367,0.9561675190925598,2.993861198425293,2.0943396226415096,1.0,53.0,5.884834817629147,18,1.0
antmaze-medium-stitch-v0,0,gas_reachability_budget_replan_on_local_drift,none,2,91,1,,15,,0.6909090909090909,,60.73969650268555,1.7898141145706177,1.7898141145706177,3.04,1.0,25.0,3.450490180638382,13,0.9820243688114269
antmaze-medium-stitch-v0,0,gas_reachability_budget_replan_on_local_drift,none,3,92,0,,15,110,0.4954545454545455,,26.666015625,25.699687957763672,30.05164909362793,9.00925925925926,9.0,108.0,1.7473318384248544,106,1.0
antmaze-medium-stitch-v0,0,gas_reachability_budget_replan_on_local_drift,none,4,93,0,,15,94,0.458128078817734,,46.31218338012695,46.31218338012695,52.42985916137695,12.83695652173913,13.0,92.0,3.2160456119810936,94,1.0
antmaze-medium-stitch-v0,0,gas_reachability_budget_replan_on_local_drift,none,5,94,1,,15,,0.4838709677419355,,48.73093032836914,8.338025093078613,8.992810249328613,7.0,2.0,6.0,1.2370317255961871,11,1.0
antmaze-medium-stitch-v0,0,gas_reachability_budget_replan_on_local_drift,none,1,95,1,,15,,0.6885245901639344,,48.62207412719727,1.1337264776229858,1.1774659156799316,3.692307692307693,1.0,26.0,5.131222029467966,16,0.9961111369894728
antmaze-medium-stitch-v0,0,gas_reachability_budget_replan_on_local_drift,none,2,96,1,,15,,0.68,,60.80049514770508,3.114816665649414,3.114816665649414,3.380952380952381,1.0,21.0,5.309707984311009,12,0.9824616341501607
antmaze-medium-stitch-v0,0,gas_reachability_budget_replan_on_local_drift,none,3,97,1,,15,,0.55,,28.121482849121094,3.2835607528686523,3.2835607528686523,3.375,1.0,16.0,1.1842207531081,9,0.9755277110224588
antmaze-medium-stitch-v0,0,gas_reachability_budget_replan_on_local_drift,none,4,98,1,,15,,0.7922077922077922,,47.192142486572266,1.6288373470306396,1.9867960214614868,2.0416666666666665,1.0,48.0,2.405160721037381,19,0.9775846854584354
antmaze-medium-stitch-v0,0,gas_reachability_budget_replan_on_local_drift,none,5,99,1,,15,,0.6222222222222222,,49.09651947021485,6.702879905700684,6.702879905700684,2.9444444444444446,1.0,18.0,1.6841960592166128,11,1.0
antmaze-medium-stitch-v0,2,gas_shortest_replan_on_local_drift,none,1,0,1,,23,,0.7604166666666666,,48.76237869262695,0.8737033605575562,0.8737033605575562,2.6065573770491803,1.0,61.0,2.779754745986915,25,0.9668978123713525
antmaze-medium-stitch-v0,2,gas_shortest_replan_on_local_drift,none,2,1,1,,15,,0.7,,61.085243225097656,1.9670406579971316,2.1427001953125,2.931034482758621,1.0,29.0,5.240585797943015,12,0.9752246527668001
antmaze-medium-stitch-v0,2,gas_shortest_replan_on_local_drift,none,3,2,0,,15,105,0.4859813084112149,,22.557090759277344,20.1917724609375,21.82266616821289,6.336734693877551,6.0,98.0,1.7493520226852195,95,1.0
antmaze-medium-stitch-v0,2,gas_shortest_replan_on_local_drift,none,4,3,1,,28,,0.782608695652174,,44.64156723022461,1.4227749109268188,3.3766164779663086,1.9572649572649568,1.0,117.0,1.814364453220798,39,0.9646489690334448
antmaze-medium-stitch-v0,2,gas_shortest_replan_on_local_drift,none,5,4,1,,15,,0.46875,,49.20931625366211,8.203875541687012,8.6270751953125,7.833333333333333,2.0,6.0,2.046370685296966,10,1.0
antmaze-medium-stitch-v0,2,gas_shortest_replan_on_local_drift,none,1,5,1,,15,,0.6521739130434783,,48.22410202026367,1.1576403379440308,1.1576403379440308,3.3,1.0,30.0,2.426195240613388,18,0.9750419357794224
antmaze-medium-stitch-v0,2,gas_shortest_replan_on_local_drift,none,2,6,1,,15,,0.6862745098039216,,60.94236755371094,1.199129343032837,2.1469292640686035,3.1904761904761907,1.0,21.0,0.96739355596674,13,0.9728193293499312
antmaze-medium-stitch-v0,2,gas_shortest_replan_on_local_drift,none,3,7,1,,15,,0.625,,25.78862762451172,2.912753105163574,2.912753105163574,2.833333333333333,1.0,18.0,1.518156073153936,9,0.959357508955837
antmaze-medium-stitch-v0,2,gas_shortest_replan_on_local_drift,none,4,8,1,,19,,0.6086956521739131,,47.51216506958008,2.6870546340942383,2.6870546340942383,3.7755102040816326,1.0,49.0,2.1223418163140915,17,0.97047128967282
antmaze-medium-stitch-v0,2,gas_shortest_replan_on_local_drift,none,5,9,1,,15,,0.75,,48.09716033935547,3.6293866634368896,3.6293866634368896,2.1538461538461537,1.0,39.0,1.7874877317636453,12,0.9603660455401433
antmaze-medium-stitch-v0,2,gas_shortest_replan_on_local_drift,none,1,10,1,,15,,0.5932203389830508,,47.885379791259766,1.947015643119812,2.311965227127075,4.083333333333333,1.0,24.0,3.809855375394424,16,0.9780753957482766
antmaze-medium-stitch-v0,2,gas_shortest_replan_on_local_drift,none,2,11,1,,15,,0.6304347826086957,,60.676414489746094,5.5841875076293945,5.5841875076293945,3.4444444444444446,1.0,18.0,1.435638863356601,14,0.9944340683843673
antmaze-medium-stitch-v0,2,gas_shortest_replan_on_local_drift,none,3,12,0,,15,16,0.1111111111111111,,27.369672775268555,19.8450984954834,20.98875617980957,4.2105263157894735,4.0,114.0,2.407957829621663,845,1.0
antmaze-medium-stitch-v0,2,gas_shortest_replan_on_local_drift,none,4,13,0,,19,86,0.4314720812182741,,48.65206527709961,48.65206527709961,51.83301162719727,12.022222222222222,12.0,90.0,2.1734835895297695,83,0.9984093883914196
antmaze-medium-stitch-v0,2,gas_shortest_replan_on_local_drift,none,5,14,1,,15,,0.4848484848484848,,47.4151496887207,8.565528869628906,8.565528869628906,6.0,2.0,6.0,1.689977251867504,13,1.0
antmaze-medium-stitch-v0,2,gas_shortest_replan_on_local_drift,none,1,15,1,,15,,0.625,,48.26008224487305,3.2421650886535645,3.2421650886535645,4.227272727272728,1.0,22.0,2.892399741786399,17,0.976988310650864
antmaze-medium-stitch-v0,2,gas_shortest_replan_on_local_drift,none,2,16,1,,15,,0.75,,61.54462814331055,3.195439100265503,3.195439100265503,2.289473684210526,1.0,38.0,5.533151163009296,12,0.9815465035879568
antmaze-medium-stitch-v0,2,gas_shortest_replan_on_local_drift,none,3,17,1,,15,,0.5555555555555556,,27.57123565673828,3.1941308975219727,3.1941308975219727,3.055555555555556,1.0,18.0,3.9110692413046113,9,0.9804454785230412
antmaze-medium-stitch-v0,2,gas_shortest_replan_on_local_drift,none,4,18,0,,29,43,0.2709677419354839,,45.07252883911133,45.05943298339844,51.48127746582031,10.640625,10.0,64.0,3.296794839261584,158,0.9917501154702486
antmaze-medium-stitch-v0,2,gas_shortest_replan_on_local_drift,none,5,19,1,,15,,0.9012345679012346,,47.32002639770508,1.49322247505188,5.830132961273193,1.2262773722627738,1.0,137.0,2.4123851359482438,29,0.9788516657222937
antmaze-medium-stitch-v0,2,gas_shortest_replan_on_local_drift,none,1,20,1,,15,,0.7411764705882353,,48.40347671508789,1.0030940771102903,3.614830255508423,2.36734693877551,1.0,49.0,1.9870518858724124,32,0.9795302693390605
antmaze-medium-stitch-v0,2,gas_shortest_replan_on_local_drift,none,2,21,1,,17,,0.5581395348837209,,61.44929122924805,5.028082847595215,5.028082847595215,4.916666666666667,1.0,12.0,3.121381785520964,14,0.9845478452581633
antmaze-medium-stitch-v0,2,gas_shortest_replan_on_local_drift,none,3,22,0,,15,90,0.4494949494949495,,25.468067169189453,21.666872024536133,23.808767318725582,7.3478260869565215,8.0,69.0,3.8244299092465184,70,0.9971626843015013
antmaze-medium-stitch-v0,2,gas_shortest_replan_on_local_drift,none,4,23,1,,15,,0.5535714285714286,,48.04280090332031,4.464809417724609,4.856818199157715,4.190476190476191,1.0,21.0,2.43880825787008,16,0.9680846324839377
antmaze-medium-stitch-v0,2,gas_shortest_replan_on_local_drift,none,5,24,1,,15,,0.6153846153846154,,47.42477416992188,7.005093574523926,7.335080146789551,3.3846153846153846,1.0,13.0,1.8838653354567259,11,1.0
antmaze-medium-stitch-v0,2,gas_shortest_replan_on_local_drift,none,1,25,1,,15,,0.7710843373493976,,48.7597885131836,0.7685820460319519,1.630384087562561,2.346938775510204,1.0,49.0,8.103495918833678,19,0.9759582976103056
antmaze-medium-stitch-v0,2,gas_shortest_replan_on_local_drift,none,2,26,1,,15,,0.5961538461538461,,60.68698120117188,0.9672970771789552,1.3181641101837158,4.0,1.0,18.0,1.670971450574088,21,0.9733016045617017
antmaze-medium-stitch-v0,2,gas_shortest_replan_on_local_drift,none,3,27,1,,15,,0.631578947368421,,25.806472778320312,3.5639352798461914,3.5639352798461914,3.0625,1.0,16.0,3.249610104199788,10,0.9975331091897164
antmaze-medium-stitch-v0,2,gas_shortest_replan_on_local_drift,none,4,28,0,,18,93,0.4509803921568627,,46.65851211547852,46.65851211547852,52.01655578613281,11.978947368421052,12.0,95.0,1.0542406132655024,93,1.0
antmaze-medium-stitch-v0,2,gas_shortest_replan_on_local_drift,none,5,29,1,,19,,0.6792452830188679,,47.08930587768555,4.266740322113037,4.8184814453125,2.2962962962962963,1.0,27.0,3.0778115339302703,11,0.9652116159299134
antmaze-medium-stitch-v0,2,gas_shortest_replan_on_local_drift,none,1,30,1,,16,,0.6666666666666666,,49.46432876586914,1.2321151494979858,2.031787157058716,3.305555555555556,1.0,36.0,2.0362265069094647,18,0.9725484905367564
antmaze-medium-stitch-v0,2,gas_shortest_replan_on_local_drift,none,2,31,1,,15,,0.7428571428571429,,61.22347259521485,2.331165075302124,2.926513671875,2.230769230769231,1.0,39.0,3.642519304036128,20,0.9868860582514274
antmaze-medium-stitch-v0,2,gas_shortest_replan_on_local_drift,none,3,32,1,,15,,0.7333333333333333,,25.716691970825195,3.5160837173461914,4.313281059265137,2.56,1.0,25.0,1.6068034327145622,10,0.9800102356460408
antmaze-medium-stitch-v0,2,gas_shortest_replan_on_local_drift,none,4,33,0,,20,49,0.3037974683544304,,47.40558624267578,47.40558624267578,51.511993408203125,11.651515151515152,11.0,66.0,2.317874132865516,59,0.9963428565644565
antmaze-medium-stitch-v0,2,gas_shortest_replan_on_local_drift,none,5,34,1,,15,,0.5510204081632653,,49.12845230102539,4.5277605056762695,4.820339202880859,3.7777777777777777,1.0,18.0,1.41772314181525,14,0.9958280817028977
antmaze-medium-stitch-v0,2,gas_shortest_replan_on_local_drift,none,1,35,0,,15,109,0.4931506849315068,,49.34352493286133,47.69326019287109,48.76170349121094,16.0,16.0,108.0,1.2328156201464389,107,1.0
antmaze-medium-stitch-v0,2,gas_shortest_replan_on_local_drift,none,2,36,1,,15,,0.7567567567567568,,61.27956771850586,1.6733096837997437,1.8409123420715328,2.136363636363636,1.0,44.0,4.089843641226956,17,0.9719933973776748
antmaze-medium-stitch-v0,2,gas_shortest_replan_on_local_drift,none,3,37,1,,15,,0.6511627906976745,,26.08577537536621,3.732084035873413,4.15803861618042,3.388888888888889,1.0,18.0,6.6181326133306735,12,0.9839931343607798
antmaze-medium-stitch-v0,2,gas_shortest_replan_on_local_drift,none,4,38,1,,23,,0.6428571428571429,,45.67580795288086,1.9236897230148315,2.657692670822144,3.230769230769231,1.0,26.0,0.9725871234804873,9,0.9461955689455536
antmaze-medium-stitch-v0,2,gas_shortest_replan_on_local_drift,none,5,39,1,,15,,0.6097560975609756,,48.9284553527832,7.001894950866699,7.001894950866699,3.6666666666666665,1.0,15.0,1.9190497378011648,16,0.9941663373598044
antmaze-medium-stitch-v0,2,gas_shortest_replan_on_local_drift,none,1,40,1,,15,,0.6933333333333334,,47.98569107055664,1.853011965751648,1.876723289489746,2.5384615384615383,1.0,39.0,4.510272803215108,18,0.9794319439690202
antmaze-medium-stitch-v0,2,gas_shortest_replan_on_local_drift,none,2,41,1,,15,,0.6304347826086957,,60.09429931640625,3.5912206172943115,3.5912206172943115,4.125,1.0,16.0,2.898057851017264,12,0.9883576096549412
antmaze-medium-stitch-v0,2,gas_shortest_replan_on_local_drift,none,3,42,0,,15,109,0.4976958525345622,,23.87143325805664,22.632160186767575,25.816104888916016,8.009900990099009,8.0,101.0,3.237875833454676,107,1.0
antmaze-medium-stitch-v0,2,gas_shortest_replan_on_local_drift,none,4,43,0,,15,99,0.4688995215311005,,48.635929107666016,48.58911895751953,52.01887512207031,12.144329896907216,12.0,97.0,2.5020704438954997,91,0.9988608075648444
antmaze-medium-stitch-v0,2,gas_shortest_replan_on_local_drift,none,5,44,1,,15,,0.8235294117647058,,49.08718490600586,4.582301616668701,7.007488250732422,1.65,1.0,60.0,2.21587948159669,17,1.0
antmaze-medium-stitch-v0,2,gas_shortest_replan_on_local_drift,none,1,45,1,,15,,0.7142857142857143,,48.018184661865234,3.5037484169006348,3.5037484169006348,2.0625,1.0,48.0,2.525525295360692,20,0.9859360573185709
antmaze-medium-stitch-v0,2,gas_shortest_replan_on_local_drift,none,2,46,1,,15,,0.7368421052631579,,60.082427978515625,4.234750747680664,4.234750747680664,2.607142857142857,1.0,28.0,2.7254201253619335,15,0.9875714775055048
antmaze-medium-stitch-v0,2,gas_shortest_replan_on_local_drift,none,3,47,0,,15,103,0.4834123222748815,,17.931560516357422,8.354801177978516,15.140071868896484,3.357894736842105,3.0,95.0,4.156130929612169,98,1.0
antmaze-medium-stitch-v0,2,gas_shortest_replan_on_local_drift,none,4,48,0,,18,79,0.4148936170212766,,46.89646530151367,46.89646530151367,51.73089599609375,11.925,12.0,80.0,1.925246936140314,79,0.9980843201031072
antmaze-medium-stitch-v0,2,gas_shortest_replan_on_local_drift,none,5,49,1,,15,,0.5405405405405406,,48.99299240112305,7.656408786773682,9.047927856445312,5.75,2.0,8.0,2.082446650251554,15,0.9959743181079994
antmaze-medium-stitch-v0,2,gas_shortest_replan_on_local_drift,none,1,50,1,,15,,0.8396946564885496,,49.1522102355957,1.618367075920105,2.17545223236084,1.7010309278350515,1.0,97.0,2.713385768916376,26,0.9752457346208149
antmaze-medium-stitch-v0,2,gas_shortest_replan_on_local_drift,none,2,51,1,,15,,0.8313253012048193,,60.74079895019531,2.304985284805298,7.217613697052002,1.5964912280701755,1.0,57.0,2.2617951627373385,21,0.9959088653231658
antmaze-medium-stitch-v0,2,gas_shortest_replan_on_local_drift,none,3,52,1,,15,,0.7272727272727273,,24.8629207611084,2.673817873001098,3.014439105987549,2.217391304347826,1.0,23.0,5.531432397211029,11,1.0
antmaze-medium-stitch-v0,2,gas_shortest_replan_on_local_drift,none,4,53,1,,33,,0.5849056603773585,,44.51828384399414,4.19386100769043,4.19386100769043,4.315789473684211,1.0,19.0,4.770226265535134,11,0.9516283760491208
antmaze-medium-stitch-v0,2,gas_shortest_replan_on_local_drift,none,5,54,1,,15,,0.7192982456140351,,49.58756256103516,2.0879359245300293,2.859926223754883,2.09375,1.0,32.0,2.3958039816566155,11,0.9821784114932492
antmaze-medium-stitch-v0,2,gas_shortest_replan_on_local_drift,none,1,55,1,,15,,0.5645161290322581,,47.92508316040039,4.700167179107666,4.700167179107666,5.391304347826087,1.0,23.0,1.4777451698326134,14,0.983940217587764
antmaze-medium-stitch-v0,2,gas_shortest_replan_on_local_drift,none,2,56,1,,15,,0.6382978723404256,,60.74934387207031,6.067211151123047,6.067211151123047,3.823529411764706,1.0,17.0,2.149132831930393,12,0.999993802459703
antmaze-medium-stitch-v0,2,gas_shortest_replan_on_local_drift,none,3,57,1,,15,,0.6333333333333333,,24.618061065673828,5.403877258300781,5.456848621368408,3.0,1.0,11.0,2.2562383115842346,13,1.0
antmaze-medium-stitch-v0,2,gas_shortest_replan_on_local_drift,none,4,58,1,,30,,0.576271186440678,,45.638450622558594,3.04936146736145,3.85026741027832,5.020408163265306,1.0,98.0,3.0924822471830185,43,0.9857572352859432
antmaze-medium-stitch-v0,2,gas_shortest_replan_on_local_drift,none,5,59,1,,15,,0.625,,48.48484802246094,6.070202350616455,6.801554203033447,3.2857142857142856,1.0,14.0,0.9388930548354965,15,0.9773268846979486
antmaze-medium-stitch-v0,2,gas_shortest_replan_on_local_drift,none,1,60,1,,15,,0.65,,48.02211380004883,1.0515722036361694,1.0515722036361694,3.64,1.0,25.0,3.495349612609338,15,0.9692042160304121
antmaze-medium-stitch-v0,2,gas_shortest_replan_on_local_drift,none,2,61,1,,15,,0.6909090909090909,,60.0208740234375,3.6155526638031006,4.3887200355529785,2.6666666666666665,1.0,27.0,2.118014504364954,14,0.9901163422806596
antmaze-medium-stitch-v0,2,gas_shortest_replan_on_local_drift,none,3,62,1,,15,,0.675,,24.592363357543945,3.3854033946990967,3.594118118286133,2.736842105263158,1.0,19.0,5.569237901980411,11,0.9692986771313278
antmaze-medium-stitch-v0,2,gas_shortest_replan_on_local_drift,none,4,63,1,,22,,0.6744186046511628,,45.96917724609375,4.689615249633789,5.629255294799805,3.4081632653061225,1.0,49.0,1.3849703081167,23,0.968247066687887
antmaze-medium-stitch-v0,2,gas_shortest_replan_on_local_drift,none,5,64,1,,15,,0.4,,47.99672317504883,9.6687650680542,10.031124114990234,7.0,2.0,8.0,3.099810713317307,13,0.9925716983503736
antmaze-medium-stitch-v0,2,gas_shortest_replan_on_local_drift,none,1,65,1,,15,,0.8350515463917526,,48.00491714477539,1.1451857089996338,1.9057250022888184,1.7462686567164178,1.0,67.0,3.674336825462069,16,0.9734049134835948
antmaze-medium-stitch-v0,2,gas_shortest_replan_on_local_drift,none,2,66,1,,15,,0.7241379310344828,,61.01955032348633,3.845415353775024,4.659154415130615,2.433333333333333,1.0,30.0,2.598617815467699,11,1.0
antmaze-medium-stitch-v0,2,gas_shortest_replan_on_local_drift,none,3,67,1,,15,,0.8591549295774648,,24.4876651763916,1.9452390670776367,1.9452390670776367,1.4038461538461535,1.0,52.0,3.311871285059792,9,0.9630123932671704
antmaze-medium-stitch-v0,2,gas_shortest_replan_on_local_drift,none,4,68,1,,20,,0.4861111111111111,,47.13752365112305,3.344500780105591,3.5236446857452397,7.092307692307692,1.0,65.0,2.6472314378081627,43,0.9849816145134417
antmaze-medium-stitch-v0,2,gas_shortest_replan_on_local_drift,none,5,69,0,,15,58,0.3333333333333333,,47.56127166748047,3.1838862895965576,11.662260055541992,1.9428571428571428,2.0,140.0,1.9799043550910287,755,0.9986533408854961
antmaze-medium-stitch-v0,2,gas_shortest_replan_on_local_drift,none,1,70,1,,15,,0.7758620689655172,,47.86418914794922,3.751709461212158,3.870166540145874,2.5806451612903225,1.0,31.0,1.8886368258115007,14,0.9778296277157713
antmaze-medium-stitch-v0,2,gas_shortest_replan_on_local_drift,none,2,71,1,,15,,0.660377358490566,,60.89944076538086,4.395492076873779,5.505346298217773,3.3181818181818183,1.0,22.0,2.7396247962322935,14,0.9915553086502045
antmaze-medium-stitch-v0,2,gas_shortest_replan_on_local_drift,none,3,72,1,,15,,0.6170212765957447,,23.482139587402344,3.1261801719665527,3.317816972732544,3.75,1.0,20.0,4.984965077283237,12,0.9843644845334792
antmaze-medium-stitch-v0,2,gas_shortest_replan_on_local_drift,none,4,73,1,,21,,0.5612244897959183,,45.34710311889648,2.4877476692199707,2.4877476692199707,3.872340425531915,1.0,47.0,2.3008368362128038,24,0.971292214611512
antmaze-medium-stitch-v0,2,gas_shortest_replan_on_local_drift,none,5,74,1,,15,,0.4772727272727273,,48.11677169799805,8.975746154785156,8.975746154785156,5.636363636363637,2.0,11.0,10.133704710495524,16,0.9958134023815761
antmaze-medium-stitch-v0,2,gas_shortest_replan_on_local_drift,none,1,75,1,,15,,0.7450980392156863,,48.91030883789063,2.289391040802002,3.205005168914795,2.806451612903226,1.0,62.0,5.213244005075718,25,0.9836984723024705
antmaze-medium-stitch-v0,2,gas_shortest_replan_on_local_drift,none,2,76,1,,15,,0.5,,60.92348861694336,8.606607437133789,8.606607437133789,8.666666666666666,2.0,6.0,2.823506094959658,14,1.0
antmaze-medium-stitch-v0,2,gas_shortest_replan_on_local_drift,none,3,77,1,,15,,0.6842105263157895,,25.557043075561523,3.341311454772949,3.91999077796936,2.5294117647058822,1.0,17.0,3.902153402959803,11,1.0
antmaze-medium-stitch-v0,2,gas_shortest_replan_on_local_drift,none,4,78,0,,36,49,0.3037974683544304,,46.283973693847656,13.54982089996338,13.54982089996338,9.961538461538462,3.0,52.0,1.995303601593468,75,0.9988156934948044
antmaze-medium-stitch-v0,2,gas_shortest_replan_on_local_drift,none,5,79,1,,15,,0.5294117647058824,,47.34040832519531,7.206495761871338,7.206495761871338,5.857142857142857,1.0,7.0,2.1374565436564392,8,0.988805448002687
antmaze-medium-stitch-v0,2,gas_shortest_replan_on_local_drift,none,1,80,1,,15,,0.7878787878787878,,48.07600784301758,2.3878185749053955,3.3129220008850098,2.58974358974359,1.0,39.0,1.851338026046201,12,0.9769775613703856
antmaze-medium-stitch-v0,2,gas_shortest_replan_on_local_drift,none,2,81,1,,15,,0.7894736842105263,,60.892845153808594,1.248199462890625,3.178971767425537,1.7755102040816326,1.0,49.0,5.182046664506981,18,0.9828031483334654
antmaze-medium-stitch-v0,2,gas_shortest_replan_on_local_drift,none,3,82,1,,15,,0.78,,22.699539184570312,2.363203763961792,2.363203763961792,1.870967741935484,1.0,31.0,2.434535488409881,10,0.9538482215957876
antmaze-medium-stitch-v0,2,gas_shortest_replan_on_local_drift,none,4,83,1,,21,,0.6035242290748899,,46.90133666992188,1.9794799089431765,5.630303382873535,4.485507246376812,1.0,138.0,3.060619799669194,76,0.9887456007208233
antmaze-medium-stitch-v0,2,gas_shortest_replan_on_local_drift,none,5,84,1,,15,,0.5,,48.08440399169922,8.195874214172363,8.195874214172363,6.8,2.0,5.0,1.1214301725487463,8,0.9836391716714188
antmaze-medium-stitch-v0,2,gas_shortest_replan_on_local_drift,none,1,85,1,,15,,0.7142857142857143,,47.97162628173828,1.6900333166122437,1.754555583000183,3.5675675675675675,1.0,37.0,5.548015119335775,16,0.9784226978403257
antmaze-medium-stitch-v0,2,gas_shortest_replan_on_local_drift,none,2,86,1,,15,,0.8172043010752689,,60.50236892700195,2.2579143047332764,2.2579143047332764,1.6615384615384616,1.0,65.0,3.736308076794563,24,0.9777945862072445
antmaze-medium-stitch-v0,2,gas_shortest_replan_on_local_drift,none,3,87,1,,15,,0.7755102040816326,,27.206130981445312,3.6032657623291016,4.156667709350586,1.9333333333333331,1.0,30.0,2.5801180980954292,7,1.0
antmaze-medium-stitch-v0,2,gas_shortest_replan_on_local_drift,none,4,88,1,,20,,0.5337837837837838,,43.02180862426758,1.7694488763809204,1.7694488763809204,6.0256410256410255,1.0,78.0,2.2598695289643334,42,0.9777004386328834
antmaze-medium-stitch-v0,2,gas_shortest_replan_on_local_drift,none,5,89,1,,18,,0.55,,48.73136901855469,6.157445430755615,6.157445430755615,4.636363636363637,1.0,11.0,2.121893510211211,12,0.975527721390436
antmaze-medium-stitch-v0,2,gas_shortest_replan_on_local_drift,none,1,90,1,,15,,0.6714285714285714,,48.76958847045898,3.027696132659912,4.110194683074951,3.333333333333333,1.0,33.0,1.3547152771579989,16,0.9849823546598548
antmaze-medium-stitch-v0,2,gas_shortest_replan_on_local_drift,none,2,91,1,,15,,0.5853658536585366,,59.63547897338867,6.617382526397705,6.617382526397705,4.230769230769231,1.0,13.0,2.782992736001559,14,0.9956986562372214
antmaze-medium-stitch-v0,2,gas_shortest_replan_on_local_drift,none,3,92,0,,15,12,0.0820895522388059,,25.41451835632324,24.68073081970215,31.42064666748047,8.070175438596491,8.0,114.0,2.8778151157152867,829,1.0
antmaze-medium-stitch-v0,2,gas_shortest_replan_on_local_drift,none,4,93,1,,22,,0.5362318840579711,,44.2629508972168,4.623788833618164,4.72847843170166,5.518518518518518,1.0,27.0,2.31579591407684,20,0.9663473140821236
antmaze-medium-stitch-v0,2,gas_shortest_replan_on_local_drift,none,5,94,1,,15,,0.6415094339622641,,47.22391891479492,6.545410633087158,7.062923908233643,2.423076923076923,1.0,26.0,1.0265489464232413,12,0.9846761442144213
antmaze-medium-stitch-v0,2,gas_shortest_replan_on_local_drift,none,1,95,1,,15,,0.684931506849315,,49.13148498535156,1.5379585027694702,2.2934274673461914,2.805555555555556,1.0,36.0,4.001468514382173,16,0.9807392090597232
antmaze-medium-stitch-v0,2,gas_shortest_replan_on_local_drift,none,2,96,1,,15,,0.6530612244897959,,60.38328552246094,2.867258310317993,3.18057918548584,3.15,1.0,20.0,3.980235413290419,15,0.9787357989659994
antmaze-medium-stitch-v0,2,gas_shortest_replan_on_local_drift,none,3,97,0,,15,108,0.5,,26.46291160583496,8.038726806640625,14.160930633544922,3.09,3.0,100.0,1.3876223139711013,100,1.0
antmaze-medium-stitch-v0,2,gas_shortest_replan_on_local_drift,none,4,98,1,,16,,0.6989247311827957,,46.65862655639648,1.7893794775009155,2.2107250690460205,2.526315789473684,1.0,57.0,3.8628617310219213,26,0.9557834782432356
antmaze-medium-stitch-v0,2,gas_shortest_replan_on_local_drift,none,5,99,1,,15,,0.94,,49.46892929077149,1.54348886013031,2.5113685131073,1.1569343065693432,1.0,274.0,3.2635452870102,53,0.9889070013102914
antmaze-medium-stitch-v0,2,gas_shortest_adaptive_subgoal_horizon,none,1,0,1,,23,,0.5268817204301075,,48.766700744628906,1.2949811220169067,1.7832671403884888,6.026315789473684,1.0,38.0,2.0983623538613028,16,0.9734003254696408
antmaze-medium-stitch-v0,2,gas_shortest_adaptive_subgoal_horizon,none,2,1,1,,20,,0.6477272727272727,,61.12355422973633,1.9773378372192385,1.9773378372192385,3.046511627906977,1.0,43.0,2.455380332440369,12,0.9799767804682437
antmaze-medium-stitch-v0,2,gas_shortest_adaptive_subgoal_horizon,none,3,2,0,,15,152,0.4277620396600566,,21.63955307006836,20.68376350402832,23.791810989379883,7.382113821138211,7.0,123.0,2.1347805045353927,73,1.0
antmaze-medium-stitch-v0,2,gas_shortest_adaptive_subgoal_horizon,none,4,3,1,,38,,0.5,,44.56313705444336,3.391216516494751,3.391216516494751,5.4363636363636365,1.0,55.0,2.314425520937151,19,0.9678919425825924
antmaze-medium-stitch-v0,2,gas_shortest_adaptive_subgoal_horizon,none,5,4,1,,15,,0.5903614457831325,,48.9596061706543,3.7417750358581534,4.512467861175537,2.925,1.0,40.0,3.0593579233499217,11,0.9929586768872766
antmaze-medium-stitch-v0,2,gas_shortest_adaptive_subgoal_horizon,none,1,5,1,,15,,0.7394366197183099,,48.156341552734375,2.317996025085449,2.3819656372070312,2.3118279569892475,1.0,93.0,3.677249493566962,22,0.9816575445523454
antmaze-medium-stitch-v0,2,gas_shortest_adaptive_subgoal_horizon,none,2,6,1,,15,,0.5362318840579711,,61.00104141235352,4.106186866760254,4.106186866760254,4.56,1.0,25.0,1.9042969823121776,15,0.9854924260732718
antmaze-medium-stitch-v0,2,gas_shortest_adaptive_subgoal_horizon,none,3,7,1,,15,,0.5789473684210527,,25.416507720947266,2.2253456115722656,2.445706367492676,3.4857142857142858,1.0,35.0,2.9522334898783744,11,0.977616613616059
antmaze-medium-stitch-v0,2,gas_shortest_adaptive_subgoal_horizon,none,4,8,0,,19,185,0.4754521963824289,,47.14962387084961,46.32492446899414,51.18083190917969,12.090425531914894,12.0,188.0,3.933930811549065,168,0.9990680237377766
antmaze-medium-stitch-v0,2,gas_shortest_adaptive_subgoal_horizon,none,5,9,1,,21,,0.6989247311827957,,48.06764221191406,3.326106309890747,3.425251007080078,2.4,1.0,55.0,2.555917306609251,16,0.9674188067481924
antmaze-medium-stitch-v0,2,gas_shortest_adaptive_subgoal_horizon,none,1,10,1,,15,,0.5979381443298969,,47.91268157958984,3.1853268146514893,3.459184169769287,3.840909090909091,1.0,44.0,5.2033037500158725,16,0.9859323851225338
antmaze-medium-stitch-v0,2,gas_shortest_adaptive_subgoal_horizon,none,2,11,1,,15,,0.4745762711864407,,60.94081115722656,3.060924530029297,3.917481184005737,5.588235294117647,1.0,17.0,1.8335603287124682,14,0.9875865799804868
antmaze-medium-stitch-v0,2,gas_shortest_adaptive_subgoal_horizon,none,3,12,1,,15,,0.4788732394366197,,26.76308250427246,4.141505241394043,5.276224613189697,4.44,1.0,25.0,2.156334062326522,11,0.9922579433330436
antmaze-medium-stitch-v0,2,gas_shortest_adaptive_subgoal_horizon,none,4,13,1,,19,,0.4247787610619469,,48.78464126586914,4.127941608428955,4.715694427490234,9.391304347826088,1.0,46.0,3.386511147909076,18,0.9855071240683336
antmaze-medium-stitch-v0,2,gas_shortest_adaptive_subgoal_horizon,none,5,14,1,,15,,0.4285714285714285,,47.938255310058594,8.449139595031738,8.663030624389648,5.866666666666666,2.0,15.0,1.689977251867504,11,1.0
antmaze-medium-stitch-v0,2,gas_shortest_adaptive_subgoal_horizon,none,1,15,1,,15,,0.5416666666666666,,48.19522857666016,3.7009220123291016,3.7009220123291016,6.814814814814815,1.0,27.0,2.080012635972381,13,0.9842498992147285
antmaze-medium-stitch-v0,2,gas_shortest_adaptive_subgoal_horizon,none,2,16,1,,25,,0.6119402985074627,,61.44694519042969,1.9574869871139529,2.1995413303375244,3.931034482758621,1.0,29.0,1.9117214057072665,11,0.9803360811214864
antmaze-medium-stitch-v0,2,gas_shortest_adaptive_subgoal_horizon,none,3,17,1,,15,,0.7532467532467533,,26.78053474426269,3.126572132110596,4.209084987640381,2.061224489795918,1.0,49.0,1.7277670307412651,18,0.9866578916079709
antmaze-medium-stitch-v0,2,gas_shortest_adaptive_subgoal_horizon,none,4,18,1,,29,,0.651685393258427,,45.0185546875,2.786742925643921,3.2162203788757324,3.630252100840336,1.0,119.0,3.1185380525761293,39,0.9708781817881798
antmaze-medium-stitch-v0,2,gas_shortest_adaptive_subgoal_horizon,none,5,19,1,,16,,0.6282051282051282,,47.00594329833984,4.993446826934815,7.19634485244751,2.891891891891892,1.0,37.0,5.787794456570032,14,0.9898033785281465
antmaze-medium-stitch-v0,2,gas_shortest_adaptive_subgoal_horizon,none,1,20,1,,15,,0.5175438596491229,,48.31180191040039,3.121990203857422,3.409834623336792,6.042553191489362,1.0,47.0,3.464974886857269,21,0.9869038169671165
antmaze-medium-stitch-v0,2,gas_shortest_adaptive_subgoal_horizon,none,2,21,1,,17,,0.6413043478260869,,61.015899658203125,4.115264415740967,4.115264415740967,3.4545454545454546,1.0,44.0,6.686979790002325,16,0.9857773134663305
antmaze-medium-stitch-v0,2,gas_shortest_adaptive_subgoal_horizon,none,3,22,1,,15,,0.5882352941176471,,26.030479431152344,1.8132073879241943,2.626262664794922,3.064516129032258,1.0,31.0,1.555002784476092,11,0.9815270050052813
antmaze-medium-stitch-v0,2,gas_shortest_adaptive_subgoal_horizon,none,4,23,1,,15,,0.4761904761904761,,47.89322662353516,4.977413654327393,5.577287673950195,5.515151515151516,1.0,33.0,2.864998457639183,12,0.9786972543203997
antmaze-medium-stitch-v0,2,gas_shortest_adaptive_subgoal_horizon,none,5,24,1,,15,,0.6216216216216216,,47.87398910522461,4.804865837097168,5.921136856079102,2.9411764705882355,1.0,34.0,7.719109701882058,13,1.0
antmaze-medium-stitch-v0,2,gas_shortest_adaptive_subgoal_horizon,none,1,25,1,,15,,0.6712328767123288,,48.913848876953125,1.2236253023147583,1.2236253023147583,3.108433734939759,1.0,83.0,6.232986425740873,24,0.9846031042119185
antmaze-medium-stitch-v0,2,gas_shortest_adaptive_subgoal_horizon,none,2,26,1,,15,,0.6704545454545454,,59.7846565246582,1.6593070030212402,2.1996400356292725,3.2045454545454546,1.0,44.0,3.7898139533169366,12,0.9802031283263598
antmaze-medium-stitch-v0,2,gas_shortest_adaptive_subgoal_horizon,none,3,27,1,,15,,0.6304347826086957,,26.10980033874512,2.474110841751098,3.431943893432617,3.25,1.0,20.0,1.7947763021216847,8,0.996713151534248
antmaze-medium-stitch-v0,2,gas_shortest_adaptive_subgoal_horizon,none,4,28,0,,18,174,0.4564643799472295,,46.49276351928711,46.49276351928711,52.41750717163086,13.072222222222225,13.0,180.0,1.7178391816852185,150,0.9982317137127221
antmaze-medium-stitch-v0,2,gas_shortest_adaptive_subgoal_horizon,none,5,29,1,,17,,0.5161290322580645,,46.8727912902832,3.5184364318847656,3.614012241363525,4.2727272727272725,1.0,22.0,1.9012539068834409,11,0.9648611889701348
antmaze-medium-stitch-v0,2,gas_shortest_adaptive_subgoal_horizon,none,1,30,1,,15,,0.7191780821917808,,49.28425598144531,3.133080005645752,3.721564769744873,2.7472527472527477,1.0,91.0,3.2237748319242847,25,0.9836194564167576
antmaze-medium-stitch-v0,2,gas_shortest_adaptive_subgoal_horizon,none,2,31,1,,15,,0.589041095890411,,61.04636001586914,1.6329630613327026,2.0181334018707275,4.071428571428571,1.0,28.0,5.724634492516482,14,0.985412230538294
antmaze-medium-stitch-v0,2,gas_shortest_adaptive_subgoal_horizon,none,3,32,1,,15,,0.6333333333333333,,25.144943237304688,2.8424787521362305,2.869060754776001,2.7,1.0,30.0,4.694160525386162,6,0.9752701801903942
antmaze-medium-stitch-v0,2,gas_shortest_adaptive_subgoal_horizon,none,4,33,0,,23,135,0.3872832369942196,,47.286380767822266,47.286380767822266,52.19090270996094,12.701863354037268,12.0,161.0,3.454960120297533,110,0.9980009773237198
antmaze-medium-stitch-v0,2,gas_shortest_adaptive_subgoal_horizon,none,5,34,1,,15,,0.5402298850574713,,48.45549774169922,3.191423177719116,3.6665308475494394,3.8378378378378377,1.0,37.0,1.8565267960662728,10,0.993765051768864
antmaze-medium-stitch-v0,2,gas_shortest_adaptive_subgoal_horizon,none,1,35,0,,15,6,0.0199203187250996,,49.41719818115234,46.464115142822266,48.66013717651367,16.0,16.0,242.0,1.2817531082088742,929,1.0
antmaze-medium-stitch-v0,2,gas_shortest_adaptive_subgoal_horizon,none,2,36,1,,15,,0.453125,,61.084716796875,5.93198823928833,5.93198823928833,6.421052631578948,1.0,19.0,2.103962239525337,14,0.99514191924529
antmaze-medium-stitch-v0,2,gas_shortest_adaptive_subgoal_horizon,none,3,37,1,,15,,0.5409836065573771,,25.87439346313477,2.3366241455078125,2.4740312099456787,4.333333333333333,1.0,24.0,2.037622302780766,6,0.9777994390331004
antmaze-medium-stitch-v0,2,gas_shortest_adaptive_subgoal_horizon,none,4,38,1,,23,,0.5619834710743802,,45.66633224487305,2.192312479019165,2.192312479019165,3.7096774193548394,1.0,62.0,8.041190624746173,19,0.9692876019778605
antmaze-medium-stitch-v0,2,gas_shortest_adaptive_subgoal_horizon,none,5,39,1,,18,,0.4509803921568627,,48.26938247680664,7.940237522125244,8.045770645141602,6.666666666666667,1.0,12.0,3.0433825590542627,10,1.0
antmaze-medium-stitch-v0,2,gas_shortest_adaptive_subgoal_horizon,none,1,40,1,,15,,0.6538461538461539,,48.02018356323242,0.925741732120514,1.1652674674987793,3.6216216216216215,1.0,37.0,3.7265187664218002,13,0.9765634306205512
antmaze-medium-stitch-v0,2,gas_shortest_adaptive_subgoal_horizon,none,2,41,1,,15,,0.5967741935483871,,60.26420974731445,5.0859055519104,5.0859055519104,4.478260869565218,1.0,23.0,4.64898441257425,10,0.9961687395515346
antmaze-medium-stitch-v0,2,gas_shortest_adaptive_subgoal_horizon,none,3,42,1,,15,,0.6037735849056604,,23.70890235900879,2.820138454437256,2.824983596801758,3.208333333333333,1.0,24.0,1.5271360451156852,10,0.990006327947406
antmaze-medium-stitch-v0,2,gas_shortest_adaptive_subgoal_horizon,none,4,43,1,,15,,0.4805194805194805,,48.78757858276367,2.791517496109009,3.653207302093506,7.455882352941177,1.0,68.0,2.5328705789039567,25,0.9859723133814502
antmaze-medium-stitch-v0,2,gas_shortest_adaptive_subgoal_horizon,none,5,44,1,,15,,0.4406779661016949,,49.83368682861328,7.969635009765625,8.063150405883789,6.071428571428571,1.0,14.0,2.651205980084793,12,1.0
antmaze-medium-stitch-v0,2,gas_shortest_adaptive_subgoal_horizon,none,1,45,1,,15,,0.6975308641975309,,48.01248550415039,2.1351797580718994,3.028850555419922,2.862745098039216,1.0,102.0,2.8839158939748484,24,0.9901337469722798
antmaze-medium-stitch-v0,2,gas_shortest_adaptive_subgoal_horizon,none,2,46,1,,15,,0.6746987951807228,,60.20645904541016,3.851486921310425,4.203715801239014,2.9302325581395348,1.0,43.0,3.5834187128035198,14,0.9899336579434332
antmaze-medium-stitch-v0,2,gas_shortest_adaptive_subgoal_horizon,none,3,47,1,,15,,0.5555555555555556,,17.95770263671875,2.620378255844116,2.935004234313965,4.346153846153846,1.0,26.0,3.0349660397522222,11,0.9998758139492846
antmaze-medium-stitch-v0,2,gas_shortest_adaptive_subgoal_horizon,none,4,48,0,,18,118,0.3534743202416918,,46.72987365722656,46.72987365722656,52.28956604003906,11.951048951048952,12.0,143.0,2.1860954229530787,86,0.9995450118299868
antmaze-medium-stitch-v0,2,gas_shortest_adaptive_subgoal_horizon,none,5,49,1,,15,,0.5949367088607594,,48.81204605102539,4.096961498260498,5.533766746520996,3.473684210526316,1.0,38.0,1.8650585894105045,10,0.980866916311311
antmaze-medium-stitch-v0,2,gas_shortest_adaptive_subgoal_horizon,none,1,50,1,,15,,0.7716535433070866,,49.21166229248047,1.5362887382507324,1.7975282669067385,2.3176470588235296,1.0,85.0,2.73472790594516,16,0.9715925238290176
antmaze-medium-stitch-v0,2,gas_shortest_adaptive_subgoal_horizon,none,2,51,1,,15,,0.5714285714285714,,60.60222625732422,5.713431358337402,5.751019477844238,4.555555555555555,1.0,18.0,3.2918185153813333,13,0.9903736762415737
antmaze-medium-stitch-v0,2,gas_shortest_adaptive_subgoal_horizon,none,3,52,1,,15,,0.5375,,24.57323455810547,1.8473002910614011,1.8473002910614011,4.138888888888889,1.0,36.0,3.6106274722894587,14,0.999425525110216
antmaze-medium-stitch-v0,2,gas_shortest_adaptive_subgoal_horizon,none,4,53,1,,32,,0.4421052631578947,,44.20341491699219,3.7958884239196777,4.364737033843994,5.5588235294117645,1.0,34.0,2.900902366700544,13,0.9655790046186169
antmaze-medium-stitch-v0,2,gas_shortest_adaptive_subgoal_horizon,none,5,54,1,,15,,0.4181818181818181,,49.323368072509766,7.224441528320312,7.224441528320312,6.533333333333333,1.0,15.0,2.7962195141473942,12,1.0
antmaze-medium-stitch-v0,2,gas_shortest_adaptive_subgoal_horizon,none,1,55,1,,15,,0.6238532110091743,,47.73813629150391,2.006026268005371,2.006026268005371,3.648148148148149,1.0,54.0,2.183938409670257,18,0.977127887557774
antmaze-medium-stitch-v0,2,gas_shortest_adaptive_subgoal_horizon,none,2,56,1,,15,,0.7021276595744681,,61.21660614013672,2.058291435241699,2.058291435241699,2.2777777777777777,1.0,54.0,3.2107960161329503,17,0.9834679954775216
antmaze-medium-stitch-v0,2,gas_shortest_adaptive_subgoal_horizon,none,3,57,1,,15,,0.627906976744186,,25.19267845153809,1.6707044839859009,1.6707044839859009,3.0588235294117645,1.0,17.0,1.7405088504852742,10,0.9834649907555684
antmaze-medium-stitch-v0,2,gas_shortest_adaptive_subgoal_horizon,none,4,58,0,,30,151,0.4201680672268907,,45.75557708740234,45.75557708740234,52.65838623046875,12.55421686746988,13.0,166.0,1.4748208607424993,126,0.9943410025756109
antmaze-medium-stitch-v0,2,gas_shortest_adaptive_subgoal_horizon,none,5,59,1,,15,,0.5806451612903226,,48.33155059814453,2.776209115982056,2.780301809310913,3.48,1.0,25.0,1.4119275902662962,9,0.965081563351744
antmaze-medium-stitch-v0,2,gas_shortest_adaptive_subgoal_horizon,none,1,60,1,,15,,0.7752293577981652,,47.88351058959961,0.9191104769706726,1.7004324197769165,2.296774193548387,1.0,155.0,7.073321852441576,44,0.9843785443630082
antmaze-medium-stitch-v0,2,gas_shortest_adaptive_subgoal_horizon,none,2,61,1,,15,,0.5833333333333334,,59.99117660522461,5.41460657119751,5.609509944915772,4.130434782608695,1.0,23.0,3.2020928782926856,13,0.9963787632637622
antmaze-medium-stitch-v0,2,gas_shortest_adaptive_subgoal_horizon,none,3,62,1,,15,,0.53125,,24.32667732238769,2.9744412899017334,3.189903497695923,3.5185185185185186,1.0,27.0,2.593936568089345,9,0.9799664354773865
antmaze-medium-stitch-v0,2,gas_shortest_adaptive_subgoal_horizon,none,4,63,0,,22,26,0.0965250965250965,,45.705108642578125,20.4948673248291,24.84027099609375,5.427230046948357,5.0,213.0,4.062521900619507,761,0.9815917811783474
antmaze-medium-stitch-v0,2,gas_shortest_adaptive_subgoal_horizon,none,5,64,1,,15,,0.5555555555555556,,47.92204666137695,5.55316162109375,6.417799472808838,3.823529411764706,1.0,34.0,4.470208117312194,15,0.9865013828561408
antmaze-medium-stitch-v0,2,gas_shortest_adaptive_subgoal_horizon,none,1,65,1,,15,,0.5934065934065934,,48.33158493041992,1.286914348602295,1.286914348602295,3.365853658536585,1.0,41.0,5.946395916001019,11,0.9769505042757528
antmaze-medium-stitch-v0,2,gas_shortest_adaptive_subgoal_horizon,none,2,66,1,,23,,0.5641025641025641,,61.16899490356445,6.394508361816406,7.054162979125977,3.5142857142857142,1.0,35.0,7.406596216796488,12,1.0
antmaze-medium-stitch-v0,2,gas_shortest_adaptive_subgoal_horizon,none,3,67,1,,15,,0.5925925925925926,,24.483211517333984,2.0624351501464844,2.0624351501464844,3.2,1.0,25.0,1.2810965162650956,7,0.9707849937396346
antmaze-medium-stitch-v0,2,gas_shortest_adaptive_subgoal_horizon,none,4,68,0,,20,99,0.315112540192926,,46.85293960571289,46.84032440185547,51.00959396362305,11.815384615384616,11.0,130.0,1.4384657283816509,58,0.9977954668241974
antmaze-medium-stitch-v0,2,gas_shortest_adaptive_subgoal_horizon,none,5,69,1,,15,,0.6338028169014085,,47.18834686279297,3.168668270111084,3.168668270111084,2.771428571428572,1.0,35.0,2.5707388465484984,14,0.9746966532465288
antmaze-medium-stitch-v0,2,gas_shortest_adaptive_subgoal_horizon,none,1,70,1,,15,,0.6263736263736264,,48.150421142578125,1.6818276643753052,2.6778578758239746,4.023255813953488,1.0,43.0,4.059804656156748,10,0.9814830681223627
antmaze-medium-stitch-v0,2,gas_shortest_adaptive_subgoal_horizon,none,2,71,1,,15,,0.5606060606060606,,60.37886047363281,3.092318058013916,3.115577459335327,3.5384615384615383,1.0,26.0,2.8388741335444734,17,0.9833803672940332
antmaze-medium-stitch-v0,2,gas_shortest_adaptive_subgoal_horizon,none,3,72,1,,15,,0.5522388059701493,,24.68761444091797,3.148382663726806,3.148382663726806,4.275862068965517,1.0,29.0,3.7816597361789444,11,0.9857616575120293
antmaze-medium-stitch-v0,2,gas_shortest_adaptive_subgoal_horizon,none,4,73,1,,32,,0.5793650793650794,,45.729373931884766,1.9266202449798584,3.286187171936035,5.084967320261438,1.0,153.0,1.6042480037015996,50,0.9867999863371008
antmaze-medium-stitch-v0,2,gas_shortest_adaptive_subgoal_horizon,none,5,74,1,,15,,0.4716981132075472,,48.49015808105469,6.427526473999023,6.427526473999023,4.933333333333334,1.0,15.0,1.556289938771109,9,0.9816933626529101
antmaze-medium-stitch-v0,2,gas_shortest_adaptive_subgoal_horizon,none,1,75,1,,15,,0.6352941176470588,,48.65036010742188,2.813331365585327,3.359148502349853,4.214285714285714,1.0,42.0,2.4216187369384867,12,0.9817191287116014
antmaze-medium-stitch-v0,2,gas_shortest_adaptive_subgoal_horizon,none,2,76,1,,15,,0.5483870967741935,,60.78167343139648,4.5728936195373535,4.879576683044434,4.636363636363637,1.0,22.0,1.8183493982683636,12,0.9951691131515344
antmaze-medium-stitch-v0,2,gas_shortest_adaptive_subgoal_horizon,none,3,77,1,,15,,0.5492957746478874,,26.145164489746094,1.8973339796066284,2.329535961151123,4.357142857142857,1.0,28.0,3.902153402959803,10,1.0
antmaze-medium-stitch-v0,2,gas_shortest_adaptive_subgoal_horizon,none,4,78,1,,26,,0.3786407766990291,,46.26474380493164,4.864299297332764,5.044119358062744,9.895348837209305,1.0,86.0,2.13516546032413,36,0.9882921588674437
antmaze-medium-stitch-v0,2,gas_shortest_adaptive_subgoal_horizon,none,5,79,1,,15,,0.5081967213114754,,47.25485229492188,4.6680169105529785,4.6680169105529785,4.130434782608695,1.0,23.0,1.9261896723641132,11,0.9806528221282944
antmaze-medium-stitch-v0,2,gas_shortest_adaptive_subgoal_horizon,none,1,80,1,,15,,0.5517241379310345,,48.0517807006836,4.423864364624023,4.593998432159424,5.5,1.0,34.0,3.243423750747316,17,0.9886797837615032
antmaze-medium-stitch-v0,2,gas_shortest_adaptive_subgoal_horizon,none,2,81,1,,15,,0.5846153846153846,,60.4073486328125,3.411841869354248,3.411841869354248,3.76,1.0,25.0,2.87282542822654,12,0.9871034825808208
antmaze-medium-stitch-v0,2,gas_shortest_adaptive_subgoal_horizon,none,3,82,1,,15,,0.6101694915254238,,23.4580020904541,3.0636377334594727,4.2904372215271,2.7857142857142856,1.0,28.0,2.5387299247955397,6,0.975052158830933
antmaze-medium-stitch-v0,2,gas_shortest_adaptive_subgoal_horizon,none,4,83,0,,21,126,0.3720238095238095,,46.90016555786133,46.88336944580078,52.19340515136719,12.05673758865248,12.0,141.0,2.001692265416525,85,0.9977629933264084
antmaze-medium-stitch-v0,2,gas_shortest_adaptive_subgoal_horizon,none,5,84,1,,16,,0.5283018867924528,,48.55995941162109,7.289205551147461,7.54486083984375,4.105263157894737,1.0,19.0,1.6747586437265776,15,0.9815642248104718
antmaze-medium-stitch-v0,2,gas_shortest_adaptive_subgoal_horizon,none,1,85,1,,15,,0.5175438596491229,,48.07641220092773,1.0635813474655151,1.0635813474655151,5.688888888888889,1.0,45.0,3.413268684028379,22,0.986703318601883
antmaze-medium-stitch-v0,2,gas_shortest_adaptive_subgoal_horizon,none,2,86,1,,15,,0.6666666666666666,,59.982940673828125,4.171586036682129,4.171586036682129,2.743589743589744,1.0,39.0,1.3185732648225224,12,0.9881937787435865
antmaze-medium-stitch-v0,2,gas_shortest_adaptive_subgoal_horizon,none,3,87,0,,15,192,0.4897435897435897,,26.83139991760254,25.616579055786133,32.51677703857422,8.037037037037036,8.0,189.0,2.7072829958736704,179,1.0
antmaze-medium-stitch-v0,2,gas_shortest_adaptive_subgoal_horizon,none,4,88,1,,33,,0.5339366515837104,,43.418704986572266,0.9645034670829772,0.9645034670829772,6.0,1.0,118.0,2.5440794287840167,33,0.9800961523021441
antmaze-medium-stitch-v0,2,gas_shortest_adaptive_subgoal_horizon,none,5,89,1,,18,,0.7445255474452555,,48.5025749206543,1.0093324184417725,2.02233362197876,2.10752688172043,1.0,93.0,1.9877840226758778,22,0.969608621523036
antmaze-medium-stitch-v0,2,gas_shortest_adaptive_subgoal_horizon,none,1,90,1,,15,,0.6982248520710059,,48.81035614013672,3.0747780799865723,3.468944549560547,2.715686274509804,1.0,102.0,4.507062529865152,36,0.9902182994468384
antmaze-medium-stitch-v0,2,gas_shortest_adaptive_subgoal_horizon,none,2,91,1,,15,,0.5729166666666666,,59.6745491027832,3.916327714920044,3.916327714920044,3.511627906976744,1.0,43.0,2.996782322092689,15,0.9893721479538269
antmaze-medium-stitch-v0,2,gas_shortest_adaptive_subgoal_horizon,none,3,92,1,,15,,0.5714285714285714,,25.26234436035156,4.36142635345459,4.460027694702148,4.090909090909091,1.0,22.0,2.7430270718216034,8,1.0
antmaze-medium-stitch-v0,2,gas_shortest_adaptive_subgoal_horizon,none,4,93,0,,22,180,0.4673629242819843,,44.19683456420898,44.19683456420898,51.87288284301758,13.032608695652174,13.0,184.0,1.450672075508962,175,0.9981743742841
antmaze-medium-stitch-v0,2,gas_shortest_adaptive_subgoal_horizon,none,5,94,0,,15,182,0.4788359788359788,,48.14260482788086,17.959007263183594,18.89544486999512,3.382857142857143,3.0,175.0,2.4440528179238274,162,0.9983592364259992
antmaze-medium-stitch-v0,2,gas_shortest_adaptive_subgoal_horizon,none,1,95,1,,15,,0.651685393258427,,49.33549118041992,3.451923131942749,3.9853007793426514,3.609756097560976,1.0,41.0,3.0318850111731805,14,0.9877759569506933
antmaze-medium-stitch-v0,2,gas_shortest_adaptive_subgoal_horizon,none,2,96,1,,15,,0.6,,60.22093200683594,3.464586973190308,3.464586973190308,3.193548387096774,1.0,31.0,3.794367394736216,13,0.9839360467514817
antmaze-medium-stitch-v0,2,gas_shortest_adaptive_subgoal_horizon,none,3,97,1,,15,,0.5769230769230769,,26.14128303527832,5.435337066650391,5.435337066650391,3.363636363636364,1.0,22.0,2.5402181870634384,11,0.9890928519205684
antmaze-medium-stitch-v0,2,gas_shortest_adaptive_subgoal_horizon,none,4,98,1,,16,,0.4462365591397849,,46.33128356933594,1.9740614891052248,2.1630735397338867,7.827160493827161,1.0,81.0,2.218990822939932,30,0.9850137566964886
antmaze-medium-stitch-v0,2,gas_shortest_adaptive_subgoal_horizon,none,5,99,1,,15,,0.7083333333333334,,49.73928451538086,5.008485317230225,5.513815402984619,2.0517241379310347,1.0,58.0,1.4056388130370132,16,1.0
antmaze-medium-stitch-v0,2,gas_reachability_budget_replan_on_local_drift,none,1,0,1,,15,,0.6307692307692307,,48.73638534545898,2.1473162174224854,2.190953493118286,5.08,1.0,25.0,3.240518283146577,19,1.0
antmaze-medium-stitch-v0,2,gas_reachability_budget_replan_on_local_drift,none,2,1,1,,15,,0.7777777777777778,,60.39653396606445,2.1448957920074463,2.415520429611206,2.323529411764706,1.0,34.0,4.5903020436891655,14,0.9979798044359853
antmaze-medium-stitch-v0,2,gas_reachability_budget_replan_on_local_drift,none,3,2,1,,15,,0.759493670886076,,22.216657638549805,2.0779120922088623,2.0779120922088623,1.7115384615384617,1.0,52.0,1.4047145535322965,19,0.9810342935965861
antmaze-medium-stitch-v0,2,gas_reachability_budget_replan_on_local_drift,none,4,3,1,,15,,0.7954545454545454,,44.62968444824219,2.236654043197632,2.6625239849090576,2.071428571428572,1.0,56.0,4.677586043468967,15,0.9938563973687372
antmaze-medium-stitch-v0,2,gas_reachability_budget_replan_on_local_drift,none,5,4,1,,15,,0.912568306010929,,49.1921272277832,2.993811845779419,4.679380893707275,1.2802547770700636,1.0,157.0,2.835945230444013,44,1.0
antmaze-medium-stitch-v0,2,gas_reachability_budget_replan_on_local_drift,none,1,5,1,,15,,0.7101449275362319,,48.20351791381836,3.06788182258606,3.3841891288757324,3.4,1.0,35.0,1.1372100978999085,18,0.9826262583457251
antmaze-medium-stitch-v0,2,gas_reachability_budget_replan_on_local_drift,none,2,6,1,,15,,0.6862745098039216,,61.12808227539063,3.6500284671783447,3.863267183303833,3.333333333333333,1.0,21.0,4.072287408318041,16,1.0
antmaze-medium-stitch-v0,2,gas_reachability_budget_replan_on_local_drift,none,3,7,1,,15,,0.6590909090909091,,25.41515350341797,3.6648354530334473,3.6648354530334473,2.5,1.0,22.0,1.518156073153936,9,0.965484550637042
antmaze-medium-stitch-v0,2,gas_reachability_budget_replan_on_local_drift,none,4,8,1,,15,,0.5213675213675214,,47.31774139404297,2.2470779418945312,2.2470779418945312,4.9245283018867925,1.0,53.0,2.429977175939664,26,0.99473694108954
antmaze-medium-stitch-v0,2,gas_reachability_budget_replan_on_local_drift,none,5,9,1,,15,,0.7068965517241379,,47.87189865112305,2.8311333656311035,2.8311333656311035,2.3793103448275863,1.0,29.0,2.0832545500255404,12,0.974847934530126
antmaze-medium-stitch-v0,2,gas_reachability_budget_replan_on_local_drift,none,1,10,1,,15,,0.676923076923077,,47.91807174682617,2.7319118976593018,3.4842302799224854,3.5806451612903225,1.0,31.0,2.37051376686586,15,0.9830694770270849
antmaze-medium-stitch-v0,2,gas_reachability_budget_replan_on_local_drift,none,2,11,1,,15,,0.6136363636363636,,60.91322326660156,4.069864273071289,4.069864273071289,4.357142857142857,1.0,14.0,7.053285371237896,15,1.0
antmaze-medium-stitch-v0,2,gas_reachability_budget_replan_on_local_drift,none,3,12,0,,15,16,0.1111111111111111,,26.68914604187012,19.674489974975582,20.894851684570312,4.2105263157894735,4.0,114.0,2.407957829621663,845,1.0
antmaze-medium-stitch-v0,2,gas_reachability_budget_replan_on_local_drift,none,4,13,1,,15,,0.6190476190476191,,48.95992660522461,1.6309973001480105,2.32490873336792,3.5789473684210527,1.0,38.0,3.4099449783652975,23,0.9934767840122452
antmaze-medium-stitch-v0,2,gas_reachability_budget_replan_on_local_drift,none,5,14,1,,15,,0.7450980392156863,,47.7325439453125,5.283891677856445,5.283891677856445,2.074074074074074,1.0,27.0,1.689977251867504,13,1.0
antmaze-medium-stitch-v0,2,gas_reachability_budget_replan_on_local_drift,none,1,15,1,,15,,0.7638888888888888,,48.3843879699707,0.8290392160415649,2.766843557357788,2.675675675675676,1.0,37.0,7.467311613931685,19,1.0
antmaze-medium-stitch-v0,2,gas_reachability_budget_replan_on_local_drift,none,2,16,1,,15,,0.7192982456140351,,61.28346633911133,0.9194899201393129,1.2169935703277588,2.925925925925926,1.0,27.0,5.533151163009296,12,0.9728941966849717
antmaze-medium-stitch-v0,2,gas_reachability_budget_replan_on_local_drift,none,3,17,1,,15,,0.6481481481481481,,26.528106689453125,2.317251920700073,2.317251920700073,2.321428571428572,1.0,28.0,3.816252869068769,9,0.9754576537138
antmaze-medium-stitch-v0,2,gas_reachability_budget_replan_on_local_drift,none,4,18,0,,15,47,0.2875,,45.24199676513672,45.22291946411133,50.62556838989258,11.161290322580646,11.0,62.0,3.7700087931485204,63,1.0
antmaze-medium-stitch-v0,2,gas_reachability_budget_replan_on_local_drift,none,5,19,1,,15,,0.4772727272727273,,47.13264465332031,7.559264659881592,8.19836139678955,5.75,2.0,12.0,1.0232291493793202,14,1.0
antmaze-medium-stitch-v0,2,gas_reachability_budget_replan_on_local_drift,none,1,20,1,,15,,0.8082191780821918,,48.449928283691406,3.688105821609497,3.688105821609497,2.159090909090909,1.0,44.0,4.26550854872501,15,1.0
antmaze-medium-stitch-v0,2,gas_reachability_budget_replan_on_local_drift,none,2,21,1,,17,,0.8095238095238095,,61.00910186767578,3.506736993789673,5.860391616821289,1.945454545454545,1.0,55.0,4.848484909381456,19,0.9894064422505248
antmaze-medium-stitch-v0,2,gas_reachability_budget_replan_on_local_drift,none,3,22,0,,15,139,0.5702479338842975,,25.88273048400879,20.939327239990234,22.617923736572266,6.91358024691358,7.0,81.0,2.474610206617406,80,1.0
antmaze-medium-stitch-v0,2,gas_reachability_budget_replan_on_local_drift,none,4,23,0,,15,96,0.4589371980676328,,47.9502067565918,47.9502067565918,52.39777374267578,13.02061855670103,13.0,97.0,1.748780130347304,99,1.0
antmaze-medium-stitch-v0,2,gas_reachability_budget_replan_on_local_drift,none,5,24,1,,15,,0.7708333333333334,,47.81431198120117,4.767092227935791,6.416330337524414,2.0384615384615383,1.0,26.0,0.9043532832505661,11,1.0
antmaze-medium-stitch-v0,2,gas_reachability_budget_replan_on_local_drift,none,1,25,1,,15,,0.8834355828220859,,48.714874267578125,1.495838642120361,2.8740885257720947,1.5307692307692309,1.0,130.0,7.405498293301311,32,0.9817212604268661
antmaze-medium-stitch-v0,2,gas_reachability_budget_replan_on_local_drift,none,2,26,1,,15,,0.6046511627906976,,59.716888427734375,4.584877014160156,4.584877014160156,5.333333333333333,1.0,12.0,6.862699039481575,12,1.0
antmaze-medium-stitch-v0,2,gas_reachability_budget_replan_on_local_drift,none,3,27,1,,15,,0.631578947368421,,25.58443260192871,2.0907297134399414,2.1810474395751958,3.0625,1.0,16.0,3.249610104199788,10,0.9885368266294556
antmaze-medium-stitch-v0,2,gas_reachability_budget_replan_on_local_drift,none,4,28,1,,15,,0.6235294117647059,,46.63469314575195,4.217772483825684,4.614459037780762,4.230769230769231,1.0,39.0,2.523529623222664,23,0.9931248157045608
antmaze-medium-stitch-v0,2,gas_reachability_budget_replan_on_local_drift,none,5,29,1,,15,,0.782608695652174,,46.69740295410156,4.829325675964356,6.372834205627441,2.0232558139534884,1.0,43.0,5.034653481634962,22,1.0
antmaze-medium-stitch-v0,2,gas_reachability_budget_replan_on_local_drift,none,1,30,1,,16,,0.6933333333333334,,49.30026626586914,0.9400888681411744,0.9400888681411744,3.3076923076923075,1.0,39.0,2.0362265069094647,16,0.96739401856544
antmaze-medium-stitch-v0,2,gas_reachability_budget_replan_on_local_drift,none,2,31,1,,15,,0.6086956521739131,,61.19825744628906,2.9282612800598145,2.9282612800598145,4.333333333333333,1.0,15.0,3.8470842279089097,13,0.9864951543803238
antmaze-medium-stitch-v0,2,gas_reachability_budget_replan_on_local_drift,none,3,32,1,,15,,0.7272727272727273,,25.34209442138672,2.6417324542999268,2.6417324542999268,2.625,1.0,24.0,1.6068034327145622,10,0.9680400099873321
antmaze-medium-stitch-v0,2,gas_reachability_budget_replan_on_local_drift,none,4,33,0,,15,101,0.4761904761904761,,46.7135009765625,46.7135009765625,52.12487030029297,13.073684210526316,13.0,95.0,6.931727603070843,96,1.0
antmaze-medium-stitch-v0,2,gas_reachability_budget_replan_on_local_drift,none,5,34,1,,15,,0.673469387755102,,48.52609634399414,6.815856456756592,6.815856456756592,3.142857142857143,1.0,21.0,4.674528666387116,13,1.0
antmaze-medium-stitch-v0,2,gas_reachability_budget_replan_on_local_drift,none,1,35,0,,15,109,0.4931506849315068,,49.45242691040039,47.77328109741211,48.8306770324707,17.0,17.0,108.0,1.2328156201464389,107,1.0
antmaze-medium-stitch-v0,2,gas_reachability_budget_replan_on_local_drift,none,2,36,1,,15,,0.66,,61.23209381103516,3.1860835552215576,3.1860835552215576,3.6,1.0,20.0,3.6985659281798,13,0.9937580172845808
antmaze-medium-stitch-v0,2,gas_reachability_budget_replan_on_local_drift,none,3,37,1,,15,,0.6,,27.065296173095703,2.5897891521453857,2.5897891521453857,3.3125,1.0,16.0,6.6181326133306735,11,0.9749729240643078
antmaze-medium-stitch-v0,2,gas_reachability_budget_replan_on_local_drift,none,4,38,1,,15,,0.6271186440677966,,46.01924514770508,3.057307243347168,3.057307243347168,4.086956521739131,1.0,23.0,4.742061966826889,16,0.9831320810379813
antmaze-medium-stitch-v0,2,gas_reachability_budget_replan_on_local_drift,none,5,39,1,,15,,0.5909090909090909,,48.3603630065918,1.5408178567886353,2.902204990386963,3.793103448275862,1.0,29.0,2.180964839343287,18,0.9886622075303
antmaze-medium-stitch-v0,2,gas_reachability_budget_replan_on_local_drift,none,1,40,1,,15,,0.7641509433962265,,48.01651763916016,1.8227438926696775,3.160007238388061,2.014705882352941,1.0,68.0,5.214079981867742,20,0.9841937783783721
antmaze-medium-stitch-v0,2,gas_reachability_budget_replan_on_local_drift,none,2,41,1,,15,,0.6730769230769231,,60.52942657470703,4.058536052703857,4.207981586456299,3.363636363636364,1.0,22.0,2.898057851017264,13,0.9913752195620749
antmaze-medium-stitch-v0,2,gas_reachability_budget_replan_on_local_drift,none,3,42,0,,15,109,0.4976958525345622,,24.078723907470703,22.234708786010746,25.6445255279541,8.009900990099009,8.0,101.0,3.237875833454676,107,1.0
antmaze-medium-stitch-v0,2,gas_reachability_budget_replan_on_local_drift,none,4,43,0,,15,15,0.1029411764705882,,48.89878845214844,48.74368667602539,53.08876037597656,14.10909090909091,14.0,110.0,3.436729034719614,797,1.0
antmaze-medium-stitch-v0,2,gas_reachability_budget_replan_on_local_drift,none,5,44,1,,15,,0.5555555555555556,,49.345333099365234,7.71682071685791,7.769794464111328,6.0,1.0,8.0,5.020154898874627,15,1.0
antmaze-medium-stitch-v0,2,gas_reachability_budget_replan_on_local_drift,none,1,45,1,,15,,0.8613138686131386,,48.100242614746094,1.065617561340332,3.250080347061157,1.518867924528302,1.0,106.0,2.525525295360692,26,0.9848655937262056
antmaze-medium-stitch-v0,2,gas_reachability_budget_replan_on_local_drift,none,2,46,1,,15,,0.7540983606557377,,60.45053863525391,4.101015090942383,4.410581588745117,2.4375,1.0,32.0,2.7254201253619335,15,0.9885080468704622
antmaze-medium-stitch-v0,2,gas_reachability_budget_replan_on_local_drift,none,3,47,1,,15,,0.6166666666666667,,18.026180267333984,2.02070689201355,2.4012258052825928,3.034482758620689,1.0,29.0,3.834388108255488,15,0.9973883359618586
antmaze-medium-stitch-v0,2,gas_reachability_budget_replan_on_local_drift,none,4,48,0,,15,83,0.4248704663212435,,46.84147644042969,46.84147644042969,52.4461669921875,13.438202247191011,14.0,89.0,2.6985084299838857,85,1.0
antmaze-medium-stitch-v0,2,gas_reachability_budget_replan_on_local_drift,none,5,49,1,,15,,0.7058823529411765,,49.692569732666016,1.5666733980178833,2.268893003463745,2.421052631578948,1.0,38.0,1.908926765612984,17,0.9952764554316328
antmaze-medium-stitch-v0,2,gas_reachability_budget_replan_on_local_drift,none,1,50,1,,15,,0.7346938775510204,,49.36601638793945,1.9038044214248655,1.9789180755615237,4.190476190476191,1.0,21.0,3.6134054608381065,12,0.9952666606083505
antmaze-medium-stitch-v0,2,gas_reachability_budget_replan_on_local_drift,none,2,51,1,,15,,0.7090909090909091,,60.47443771362305,2.8385655879974365,3.3779995441436768,3.0,1.0,24.0,7.85346418765166,15,1.0
antmaze-medium-stitch-v0,2,gas_reachability_budget_replan_on_local_drift,none,3,52,1,,15,,0.6578947368421053,,25.08441162109375,2.598747968673706,2.807337522506714,2.8125,1.0,16.0,5.531432397211029,11,1.0
antmaze-medium-stitch-v0,2,gas_reachability_budget_replan_on_local_drift,none,4,53,1,,15,,0.4342105263157895,,44.29669952392578,4.584951877593994,4.584951877593994,8.347222222222221,1.0,72.0,1.6372120612400431,61,0.9996309063582722
antmaze-medium-stitch-v0,2,gas_reachability_budget_replan_on_local_drift,none,5,54,1,,15,,0.4864864864864865,,49.84674835205078,7.536863327026367,7.536863327026367,7.714285714285714,2.0,7.0,1.8207755813425908,16,1.0
antmaze-medium-stitch-v0,2,gas_reachability_budget_replan_on_local_drift,none,1,55,1,,15,,0.8229166666666666,,47.90796661376953,2.082083225250244,2.5042436122894287,1.968253968253968,1.0,63.0,4.664561054322076,20,1.0
antmaze-medium-stitch-v0,2,gas_reachability_budget_replan_on_local_drift,none,2,56,1,,15,,0.8117647058823529,,60.92130279541016,0.7638916373252869,2.3220038414001465,1.9272727272727272,1.0,55.0,2.149132831930393,11,0.9829440143799517
antmaze-medium-stitch-v0,2,gas_reachability_budget_replan_on_local_drift,none,3,57,1,,15,,0.696969696969697,,24.916296005249023,3.332775592803955,3.332775592803955,2.466666666666667,1.0,15.0,2.2562383115842346,12,0.9941251115439648
antmaze-medium-stitch-v0,2,gas_reachability_budget_replan_on_local_drift,none,4,58,0,,15,105,0.4814814814814814,,45.96138381958008,45.96138381958008,52.68194961547852,14.131313131313131,14.0,99.0,3.2415982882216263,101,1.0
antmaze-medium-stitch-v0,2,gas_reachability_budget_replan_on_local_drift,none,5,59,1,,15,,0.7733333333333333,,48.77748489379883,2.950502634048462,2.950502634048462,2.1777777777777776,1.0,45.0,3.883724780600322,16,0.9963426328750966
antmaze-medium-stitch-v0,2,gas_reachability_budget_replan_on_local_drift,none,1,60,1,,15,,0.7575757575757576,,48.01220703125,0.8346110582351685,0.8346110582351685,2.571428571428572,1.0,35.0,3.741971609199516,17,0.9924312637750653
antmaze-medium-stitch-v0,2,gas_reachability_budget_replan_on_local_drift,none,2,61,1,,15,,0.6595744680851063,,59.85063552856445,3.904452562332153,4.469387054443359,3.25,1.0,20.0,2.118014504364954,14,0.990318212105416
antmaze-medium-stitch-v0,2,gas_reachability_budget_replan_on_local_drift,none,3,62,1,,15,,0.723404255319149,,24.247785568237305,2.8702609539031982,4.670506477355957,2.269230769230769,1.0,26.0,5.569237901980411,11,0.9781687562012292
antmaze-medium-stitch-v0,2,gas_reachability_budget_replan_on_local_drift,none,4,63,1,,19,,0.5964912280701754,,45.78464126586914,2.634291887283325,2.651254177093506,3.869565217391304,1.0,23.0,1.126257006571784,16,0.9747999020961392
antmaze-medium-stitch-v0,2,gas_reachability_budget_replan_on_local_drift,none,5,64,1,,15,,0.8333333333333334,,47.763973236083984,4.145305633544922,4.145305633544922,1.6825396825396826,1.0,63.0,15.41120705974659,15,0.9928440678689521
antmaze-medium-stitch-v0,2,gas_reachability_budget_replan_on_local_drift,none,1,65,1,,15,,0.7333333333333333,,48.07612609863281,1.5032551288604736,2.600998640060425,2.8461538461538463,1.0,39.0,7.626427731553536,20,1.0
antmaze-medium-stitch-v0,2,gas_reachability_budget_replan_on_local_drift,none,2,66,1,,15,,0.7948717948717948,,60.8671760559082,4.232885837554932,4.704012870788574,1.92,1.0,50.0,2.598617815467699,19,1.0
antmaze-medium-stitch-v0,2,gas_reachability_budget_replan_on_local_drift,none,3,67,1,,15,,0.7727272727272727,,24.33546257019043,2.010181188583374,2.1557939052581787,1.84,1.0,25.0,3.311871285059792,9,0.9634523036982816
antmaze-medium-stitch-v0,2,gas_reachability_budget_replan_on_local_drift,none,4,68,1,,15,,0.5625,,46.86786651611328,2.9784858226776123,3.2864577770233154,4.4035087719298245,1.0,57.0,2.764931341013859,37,0.9939635357987668
antmaze-medium-stitch-v0,2,gas_reachability_budget_replan_on_local_drift,none,5,69,1,,15,,0.6666666666666666,,46.94614028930664,7.212327480316162,8.090203285217285,3.0476190476190474,1.0,21.0,8.915842371844453,17,1.0
antmaze-medium-stitch-v0,2,gas_reachability_budget_replan_on_local_drift,none,1,70,1,,15,,0.900763358778626,,48.05597305297852,1.4850659370422363,3.406180620193481,1.5,1.0,104.0,1.8886368258115007,33,0.97849646261427
antmaze-medium-stitch-v0,2,gas_reachability_budget_replan_on_local_drift,none,2,71,1,,15,,0.6724137931034483,,60.575462341308594,2.251866579055786,3.815370798110962,3.0384615384615383,1.0,26.0,2.7396247962322935,15,0.9848963298846692
antmaze-medium-stitch-v0,2,gas_reachability_budget_replan_on_local_drift,none,3,72,0,,15,11,0.0757575757575757,,24.509737014770508,23.97905921936035,31.20686912536621,9.016806722689076,9.0,119.0,4.984965077283237,885,1.0
antmaze-medium-stitch-v0,2,gas_reachability_budget_replan_on_local_drift,none,4,73,1,,15,,0.6179775280898876,,45.48229598999024,2.9923629760742188,2.9923629760742188,3.477272727272727,1.0,44.0,3.3095410663259264,22,0.9898682989530824
antmaze-medium-stitch-v0,2,gas_reachability_budget_replan_on_local_drift,none,5,74,1,,15,,0.5769230769230769,,48.25382614135742,4.381383419036865,4.381383419036865,3.526315789473684,1.0,19.0,1.3024146085675443,12,0.9957785594028066
antmaze-medium-stitch-v0,2,gas_reachability_budget_replan_on_local_drift,none,1,75,1,,15,,0.7391304347826086,,48.84573745727539,1.7604241371154783,1.7604241371154783,2.638888888888889,1.0,36.0,5.093209037715414,16,0.9994843797129597
antmaze-medium-stitch-v0,2,gas_reachability_budget_replan_on_local_drift,none,2,76,1,,15,,0.826530612244898,,60.75083923339844,2.4156267642974854,3.5845441818237305,1.7941176470588236,1.0,68.0,2.993559898487671,19,0.9885493624197926
antmaze-medium-stitch-v0,2,gas_reachability_budget_replan_on_local_drift,none,3,77,1,,15,,0.6666666666666666,,25.90989875793457,3.67565393447876,3.89389967918396,2.7333333333333334,1.0,15.0,3.902153402959803,11,1.0
antmaze-medium-stitch-v0,2,gas_reachability_budget_replan_on_local_drift,none,4,78,0,,15,63,0.6391752577319587,,46.16847229003906,1.5737217664718628,2.8269002437591557,3.363636363636364,1.0,44.0,3.6928856826710055,30,1.0
antmaze-medium-stitch-v0,2,gas_reachability_budget_replan_on_local_drift,none,5,79,1,,15,,0.6296296296296297,,47.443115234375,3.6137094497680655,3.6137094497680655,3.0434782608695654,1.0,23.0,1.9802187150143546,15,1.0
antmaze-medium-stitch-v0,2,gas_reachability_budget_replan_on_local_drift,none,1,80,1,,15,,0.7571428571428571,,48.152225494384766,2.2455618381500244,2.7146525382995605,2.948717948717949,1.0,39.0,2.2115241883751304,13,0.9794930115179705
antmaze-medium-stitch-v0,2,gas_reachability_budget_replan_on_local_drift,none,2,81,0,,15,38,0.4567901234567901,,60.34123611450195,50.01788330078125,51.79829025268555,12.090909090909092,12.0,33.0,4.702060063136717,34,1.0
antmaze-medium-stitch-v0,2,gas_reachability_budget_replan_on_local_drift,none,3,82,1,,15,,0.7027027027027027,,23.092987060546875,2.3279953002929688,2.3279953002929688,2.5,1.0,18.0,2.434535488409881,10,0.951525772246456
antmaze-medium-stitch-v0,2,gas_reachability_budget_replan_on_local_drift,none,4,83,0,,15,30,0.4027777777777778,,46.6871223449707,39.96684265136719,39.96684265136719,13.05,9.0,20.0,4.4005384678694055,28,1.0
antmaze-medium-stitch-v0,2,gas_reachability_budget_replan_on_local_drift,none,5,84,1,,15,,0.4411764705882353,,48.81806945800781,7.74420166015625,7.74420166015625,7.285714285714286,2.0,7.0,3.4429807669884207,14,1.0
antmaze-medium-stitch-v0,2,gas_reachability_budget_replan_on_local_drift,none,1,85,1,,15,,0.8907103825136612,,47.8812255859375,0.9905725121498108,2.3685061931610107,1.58,1.0,150.0,6.89573637201792,42,0.9799209171877372
antmaze-medium-stitch-v0,2,gas_reachability_budget_replan_on_local_drift,none,2,86,1,,15,,0.6842105263157895,,60.42892456054688,4.965437412261963,6.376481533050537,2.923076923076923,1.0,26.0,3.736308076794563,16,0.9970926370349804
antmaze-medium-stitch-v0,2,gas_reachability_budget_replan_on_local_drift,none,3,87,1,,15,,0.8070175438596491,,27.388145446777344,3.61506986618042,6.772124767303467,1.736842105263158,1.0,38.0,2.5801180980954292,10,1.0
antmaze-medium-stitch-v0,2,gas_reachability_budget_replan_on_local_drift,none,4,88,0,,15,43,0.5,,43.14850234985352,43.12028121948242,48.98005676269531,10.243243243243244,10.0,37.0,3.691236850727916,35,1.0
antmaze-medium-stitch-v0,2,gas_reachability_budget_replan_on_local_drift,none,5,89,1,,15,,0.8611111111111112,,48.0369758605957,1.952478051185608,4.351804733276367,1.380952380952381,1.0,84.0,3.623474232840736,28,1.0
antmaze-medium-stitch-v0,2,gas_reachability_budget_replan_on_local_drift,none,1,90,1,,15,,0.6025641025641025,,48.77809524536133,3.798468828201294,3.798468828201294,4.0625,1.0,32.0,3.876255032450045,23,0.9883046350234568
antmaze-medium-stitch-v0,2,gas_reachability_budget_replan_on_local_drift,none,2,91,1,,15,,0.7301587301587301,,59.87846755981445,0.9769541621208192,1.0615960359573364,2.857142857142857,1.0,28.0,7.73047905416466,18,0.9918719223735122
antmaze-medium-stitch-v0,2,gas_reachability_budget_replan_on_local_drift,none,3,92,0,,15,12,0.1864406779661017,,25.41788673400879,24.667726516723636,31.346599578857425,8.205128205128204,8.0,39.0,2.8778151157152867,229,1.0
antmaze-medium-stitch-v0,2,gas_reachability_budget_replan_on_local_drift,none,4,93,1,,15,,0.6851851851851852,,44.009910583496094,3.050288438796997,3.871273994445801,3.25,1.0,24.0,2.499735697486867,15,1.0
antmaze-medium-stitch-v0,2,gas_reachability_budget_replan_on_local_drift,none,5,94,1,,15,,0.6739130434782609,,47.129241943359375,6.069389820098877,6.489291667938232,2.55,1.0,20.0,7.539828626227807,18,1.0
antmaze-medium-stitch-v0,2,gas_reachability_budget_replan_on_local_drift,none,1,95,1,,15,,0.66,,49.15060806274414,5.307909965515137,5.421788692474365,4.0,1.0,19.0,4.903464981953486,14,0.9906088540096158
antmaze-medium-stitch-v0,2,gas_reachability_budget_replan_on_local_drift,none,2,96,1,,15,,0.6666666666666666,,59.935359954833984,5.464357376098633,5.987228870391846,3.1904761904761907,1.0,21.0,3.774623283950368,15,1.0
antmaze-medium-stitch-v0,2,gas_reachability_budget_replan_on_local_drift,none,3,97,1,,15,,0.6153846153846154,,25.909568786621094,7.331447124481201,7.583035469055176,4.0,1.0,7.0,0.7543509551356896,7,1.0
antmaze-medium-stitch-v0,2,gas_reachability_budget_replan_on_local_drift,none,4,98,0,,15,39,0.475,,46.51155471801758,30.761133193969727,33.572025299072266,7.580645161290323,7.0,31.0,4.685363822342308,35,1.0
antmaze-medium-stitch-v0,2,gas_reachability_budget_replan_on_local_drift,none,5,99,1,,15,,0.888235294117647,,49.10614013671875,1.6809650659561155,6.218522548675537,1.35,1.0,140.0,2.5285690768482363,34,1.0
antmaze-medium-stitch-v0,1,gas_shortest_replan_on_local_drift,none,1,0,1,,15,,0.7011494252873564,,48.24839019775391,2.76583194732666,2.76583194732666,3.0816326530612246,1.0,49.0,1.539298502407818,17,0.9772605456832671
antmaze-medium-stitch-v0,1,gas_shortest_replan_on_local_drift,none,2,1,1,,15,,0.746031746031746,,60.749305725097656,1.2256526947021484,1.2256526947021484,2.53125,1.0,32.0,2.396175687954456,14,0.9857702316216392
antmaze-medium-stitch-v0,1,gas_shortest_replan_on_local_drift,none,3,2,1,,15,,0.725,,26.133075714111328,1.78474760055542,2.026327610015869,2.238095238095238,1.0,21.0,2.0033306021825132,10,0.9551496732596416
antmaze-medium-stitch-v0,1,gas_shortest_replan_on_local_drift,none,4,3,1,,16,,0.7244897959183674,,46.32561492919922,2.0176470279693604,2.0176470279693604,2.4817518248175183,1.0,137.0,2.6759658202487446,68,0.9796779139438698
antmaze-medium-stitch-v0,1,gas_shortest_replan_on_local_drift,none,5,4,1,,15,,0.53125,,47.89166641235352,6.788445472717285,6.788445472717285,4.857142857142857,1.0,7.0,2.3288125997057096,14,0.9813667560546405
antmaze-medium-stitch-v0,1,gas_shortest_replan_on_local_drift,none,1,5,1,,22,,0.6727272727272727,,48.43300247192383,1.293767333030701,1.8400983810424805,3.4782608695652173,1.0,23.0,0.93359185970272,12,0.9634135476219404
antmaze-medium-stitch-v0,1,gas_shortest_replan_on_local_drift,none,2,6,1,,15,,0.6949152542372882,,60.40505599975586,3.659367084503174,3.659367084503174,2.6785714285714284,1.0,28.0,7.41551160235195,16,0.9872364708199726
antmaze-medium-stitch-v0,1,gas_shortest_replan_on_local_drift,none,3,7,1,,15,,0.6764705882352942,,25.385454177856445,2.3313393592834477,2.3313393592834477,2.4,1.0,15.0,3.1120650851159604,9,0.9701652113633225
antmaze-medium-stitch-v0,1,gas_shortest_replan_on_local_drift,none,4,8,1,,33,,0.4659090909090909,,44.37156677246094,3.0204901695251465,3.601715326309204,5.705882352941177,1.0,34.0,1.5203558658249003,24,0.9689652084812014
antmaze-medium-stitch-v0,1,gas_shortest_replan_on_local_drift,none,5,9,1,,15,,0.6382978723404256,,48.80839920043945,5.060490131378174,5.690565586090088,3.210526315789474,1.0,19.0,0.9997496900049364,13,0.9749404211524796
antmaze-medium-stitch-v0,1,gas_shortest_replan_on_local_drift,none,1,10,1,,15,,0.5409836065573771,,48.235313415527344,5.8839945793151855,5.8839945793151855,4.636363636363637,1.0,22.0,1.8096425952114217,18,0.9865705507739326
antmaze-medium-stitch-v0,1,gas_shortest_replan_on_local_drift,none,2,11,1,,15,,0.6136363636363636,,60.32999420166016,4.646589279174805,4.646589279174805,4.4,1.0,15.0,2.334157682788181,14,0.9910447506495752
antmaze-medium-stitch-v0,1,gas_shortest_replan_on_local_drift,none,3,12,1,,15,,0.5918367346938775,,19.16635131835937,2.4845166206359863,2.4845166206359863,3.25,1.0,20.0,3.00175169859927,12,0.9946023128834974
antmaze-medium-stitch-v0,1,gas_shortest_replan_on_local_drift,none,4,13,0,,31,82,0.4175257731958763,,45.92082595825195,45.56600189208984,52.02741241455078,12.166666666666666,12.0,90.0,1.5327746668098357,91,0.9984655573710984
antmaze-medium-stitch-v0,1,gas_shortest_replan_on_local_drift,none,5,14,1,,21,,0.4705882352941176,,50.3441047668457,7.947496891021728,7.947496891021728,7.833333333333333,2.0,6.0,1.9530652758507425,13,0.9844253800295693
antmaze-medium-stitch-v0,1,gas_shortest_replan_on_local_drift,none,1,15,1,,15,,0.5773195876288659,,48.18683624267578,2.995644807815552,4.156220436096191,4.159090909090909,1.0,44.0,2.6938948323985223,26,0.9899462995519936
antmaze-medium-stitch-v0,1,gas_shortest_replan_on_local_drift,none,2,16,1,,15,,0.5789473684210527,,59.98996353149414,1.1957294940948486,2.6735005378723145,4.157894736842105,1.0,19.0,1.5689835062951425,21,0.986797866415374
antmaze-medium-stitch-v0,1,gas_shortest_replan_on_local_drift,none,3,17,1,,15,,0.6829268292682927,,24.65768051147461,3.5217251777648926,3.5217251777648926,2.263157894736842,1.0,19.0,3.5785394974045386,9,1.0
antmaze-medium-stitch-v0,1,gas_shortest_replan_on_local_drift,none,4,18,0,,35,76,0.4189944134078212,,44.94694519042969,3.3258767127990723,4.962629318237305,8.85135135135135,1.0,74.0,1.7770845082746378,55,0.987444985862512
antmaze-medium-stitch-v0,1,gas_shortest_replan_on_local_drift,none,5,19,1,,15,,0.55,,47.06448745727539,6.359243392944336,6.359243392944336,4.5,1.0,12.0,1.734774801797206,13,1.0
antmaze-medium-stitch-v0,1,gas_shortest_replan_on_local_drift,none,1,20,1,,15,,0.6981132075471698,,47.69219207763672,1.2688438892364502,2.2570478916168213,3.130434782608696,1.0,23.0,4.68925916645535,13,0.968676564028499
antmaze-medium-stitch-v0,1,gas_shortest_replan_on_local_drift,none,2,21,1,,15,,0.6451612903225806,,60.239402770996094,4.826982498168945,6.548831939697266,3.333333333333333,1.0,30.0,3.366105938598292,14,1.0
antmaze-medium-stitch-v0,1,gas_shortest_replan_on_local_drift,none,3,22,0,,15,104,0.4858490566037736,,27.04170036315918,17.189943313598633,20.714393615722656,4.294736842105263,4.0,95.0,1.7485724472534108,97,1.0
antmaze-medium-stitch-v0,1,gas_shortest_replan_on_local_drift,none,4,23,0,,15,71,0.3846153846153846,,47.07807922363281,47.07145690917969,52.219970703125,11.906976744186046,12.0,86.0,1.6468181556310262,90,1.0
antmaze-medium-stitch-v0,1,gas_shortest_replan_on_local_drift,none,5,24,1,,15,,0.6666666666666666,,49.29733276367188,2.1849021911621094,2.410729169845581,2.4054054054054053,1.0,37.0,1.6902930326093317,13,0.9805509848943
antmaze-medium-stitch-v0,1,gas_shortest_replan_on_local_drift,none,1,25,1,,15,,0.5875,,48.24525451660156,1.0604496002197266,1.297606348991394,4.735294117647059,1.0,34.0,3.517560349856027,22,0.975416195284172
antmaze-medium-stitch-v0,1,gas_shortest_replan_on_local_drift,none,2,26,1,,15,,0.5348837209302325,,60.99607849121094,6.72102165222168,6.72102165222168,5.25,1.0,12.0,1.350238071578058,15,0.9966343460199164
antmaze-medium-stitch-v0,1,gas_shortest_replan_on_local_drift,none,3,27,1,,15,,0.6461538461538462,,27.32626724243164,2.7229228019714355,2.7229228019714355,3.1818181818181817,1.0,33.0,2.3547803334095088,17,0.9986309422330464
antmaze-medium-stitch-v0,1,gas_shortest_replan_on_local_drift,none,4,28,1,,15,,0.7093023255813954,,48.295108795166016,4.510981559753418,4.839561939239502,2.769230769230769,1.0,52.0,1.9706091777652528,17,0.972040352772136
antmaze-medium-stitch-v0,1,gas_shortest_replan_on_local_drift,none,5,29,1,,15,,0.6666666666666666,,48.7111930847168,4.639420509338379,4.639420509338379,2.6,1.0,20.0,2.398487673798652,16,0.9944484143627228
antmaze-medium-stitch-v0,1,gas_shortest_replan_on_local_drift,none,1,30,1,,15,,0.7162162162162162,,48.86486053466797,3.6557250022888175,3.6557250022888175,2.65,1.0,40.0,2.266076563756495,25,0.98294408775875
antmaze-medium-stitch-v0,1,gas_shortest_replan_on_local_drift,none,2,31,1,,15,,0.7575757575757576,,60.390724182128906,4.816254615783691,4.816254615783691,2.1052631578947367,1.0,38.0,1.5443649706008835,11,0.9872318622627774
antmaze-medium-stitch-v0,1,gas_shortest_replan_on_local_drift,none,3,32,1,,15,,0.7301587301587301,,25.096492767333984,4.8313889503479,7.180704593658447,2.128205128205128,1.0,39.0,1.203158652076301,12,0.9935307330703405
antmaze-medium-stitch-v0,1,gas_shortest_replan_on_local_drift,none,4,33,1,,35,,0.7857142857142857,,44.43266677856445,2.014848470687866,3.346280336380005,1.985074626865672,1.0,67.0,3.8682094100582827,14,0.9378743392912958
antmaze-medium-stitch-v0,1,gas_shortest_replan_on_local_drift,none,5,34,1,,15,,0.4864864864864865,,49.42748641967773,8.504209518432617,9.651338577270508,5.75,2.0,8.0,3.8730874723962874,15,1.0
antmaze-medium-stitch-v0,1,gas_shortest_replan_on_local_drift,none,1,35,1,,15,,0.5882352941176471,,48.97761154174805,1.5592021942138672,1.5592021942138672,3.857142857142857,1.0,28.0,2.199377328695393,17,0.9751664446766576
antmaze-medium-stitch-v0,1,gas_shortest_replan_on_local_drift,none,2,36,1,,15,,0.7846153846153846,,59.56703186035156,6.0102128982543945,6.0102128982543945,2.0526315789473686,1.0,38.0,3.2349589135245598,18,0.9897776193741217
antmaze-medium-stitch-v0,1,gas_shortest_replan_on_local_drift,none,3,37,1,,15,,0.6,,22.691804885864254,2.0185322761535645,2.0185322761535645,3.1,1.0,20.0,2.951025243492504,11,0.9759939330786233
antmaze-medium-stitch-v0,1,gas_shortest_replan_on_local_drift,none,4,38,1,,27,,0.7121212121212122,,45.87678146362305,1.8384267091751096,3.066272497177124,2.9775280898876404,1.0,89.0,2.814921448094297,38,0.9667793343605728
antmaze-medium-stitch-v0,1,gas_shortest_replan_on_local_drift,none,5,39,1,,15,,0.6122448979591837,,48.1855583190918,5.26585054397583,5.688109397888184,3.1818181818181817,1.0,22.0,6.6935472604066,20,0.9819295268649256
antmaze-medium-stitch-v0,1,gas_shortest_replan_on_local_drift,none,1,40,1,,15,,0.6944444444444444,,48.390113830566406,2.452910184860229,3.0550312995910645,3.1621621621621623,1.0,37.0,4.249189765932629,16,0.9721025619733628
antmaze-medium-stitch-v0,1,gas_shortest_replan_on_local_drift,none,2,41,1,,15,,0.6923076923076923,,61.298858642578125,1.4258203506469729,1.4258203506469729,3.090909090909091,1.0,22.0,2.4667975425105384,12,0.9703140325892464
antmaze-medium-stitch-v0,1,gas_shortest_replan_on_local_drift,none,3,42,0,,15,109,0.4931506849315068,,26.67772483825684,25.62285041809082,28.578224182128903,10.0,10.0,107.0,1.4241938426876382,106,1.0
antmaze-medium-stitch-v0,1,gas_shortest_replan_on_local_drift,none,4,43,1,,16,,0.7160493827160493,,47.69697189331055,2.4263203144073486,2.704231023788452,2.6875,1.0,48.0,1.4830210521062308,27,0.9633948344730221
antmaze-medium-stitch-v0,1,gas_shortest_replan_on_local_drift,none,5,44,1,,15,,0.5897435897435898,,50.4188346862793,6.152041912078857,6.152041912078857,4.454545454545454,1.0,11.0,1.8327824927348215,13,0.9985729268804193
antmaze-medium-stitch-v0,1,gas_shortest_replan_on_local_drift,none,1,45,1,,15,,0.6851851851851852,,49.40530014038086,2.1986641883850098,2.266699314117432,3.6,1.0,25.0,1.969333997209668,13,0.974641186245196
antmaze-medium-stitch-v0,1,gas_shortest_replan_on_local_drift,none,2,46,1,,15,,0.631578947368421,,61.16579818725586,1.865994930267334,1.865994930267334,3.565217391304348,1.0,23.0,2.0460075709763874,14,0.9779272155329904
antmaze-medium-stitch-v0,1,gas_shortest_replan_on_local_drift,none,3,47,1,,15,,0.75,,26.67877960205078,3.121712207794189,5.859708786010742,2.0,1.0,25.0,1.6664346017048584,8,0.993177137865771
antmaze-medium-stitch-v0,1,gas_shortest_replan_on_local_drift,none,4,48,1,,28,,0.863905325443787,,44.50387191772461,1.3675862550735474,3.138978958129883,1.4444444444444444,1.0,135.0,2.9275808835706627,35,0.9628751950058533
antmaze-medium-stitch-v0,1,gas_shortest_replan_on_local_drift,none,5,49,1,,15,,0.8333333333333334,,48.70561981201172,1.8107318878173828,2.8106110095977783,1.6,1.0,40.0,1.3666185585789976,8,0.9550264339876986
antmaze-medium-stitch-v0,1,gas_shortest_replan_on_local_drift,none,1,50,1,,15,,0.6825396825396826,,49.193355560302734,0.8019627332687378,0.8019627332687378,4.7,1.0,30.0,3.137748896958473,14,0.9639522459720852
antmaze-medium-stitch-v0,1,gas_shortest_replan_on_local_drift,none,2,51,1,,15,,0.5813953488372093,,59.78597640991211,5.856423377990723,6.1469316482543945,4.923076923076923,1.0,13.0,3.80364416334988,14,1.0
antmaze-medium-stitch-v0,1,gas_shortest_replan_on_local_drift,none,3,52,1,,15,,0.782608695652174,,26.42372703552246,3.2313928604125977,4.123516082763672,1.9259259259259256,1.0,27.0,1.4313998737296438,9,0.9949607983770932
antmaze-medium-stitch-v0,1,gas_shortest_replan_on_local_drift,none,4,53,0,,21,424,0.8703703703703703,,46.81692123413086,2.4936368465423584,6.851321220397949,1.7666666666666666,1.0,420.0,1.0614643657634646,312,0.9870936255369969
antmaze-medium-stitch-v0,1,gas_shortest_replan_on_local_drift,none,5,54,1,,15,,0.4857142857142857,,47.33671188354492,9.671603202819824,10.836068153381348,6.0,2.0,7.0,1.6148971375896757,14,1.0
antmaze-medium-stitch-v0,1,gas_shortest_replan_on_local_drift,none,1,55,1,,15,,0.7209302325581395,,49.31153106689453,1.54897940158844,1.550528883934021,2.673469387755102,1.0,49.0,1.4039275102870217,15,0.9743426332740188
antmaze-medium-stitch-v0,1,gas_shortest_replan_on_local_drift,none,2,56,1,,15,,0.7205882352941176,,60.79719924926758,3.3779454231262207,3.5004429817199707,2.3684210526315788,1.0,38.0,2.1345084353475734,13,0.993000081155478
antmaze-medium-stitch-v0,1,gas_shortest_replan_on_local_drift,none,3,57,1,,15,,0.62,,26.2043399810791,3.1223275661468506,3.2659213542938232,3.608695652173913,1.0,23.0,2.159156773262562,12,0.9755500146546748
antmaze-medium-stitch-v0,1,gas_shortest_replan_on_local_drift,none,4,58,0,,17,1,0.0,,47.71651077270508,46.77754211425781,49.3670539855957,14.0,14.0,117.0,0.23579624575433128,896,0.9541474131461508
antmaze-medium-stitch-v0,1,gas_shortest_replan_on_local_drift,none,5,59,1,,15,,0.5142857142857142,,48.807762145996094,7.956325531005859,8.479598999023438,6.0,1.0,8.0,1.336100855606748,14,0.9997452081425592
antmaze-medium-stitch-v0,1,gas_shortest_replan_on_local_drift,none,1,60,1,,17,,0.7058823529411765,,48.94996643066406,2.8686294555664062,2.8686294555664062,2.638888888888889,1.0,36.0,2.805532954662737,14,0.9724409526753021
antmaze-medium-stitch-v0,1,gas_shortest_replan_on_local_drift,none,2,61,1,,15,,0.7285714285714285,,61.55391693115234,2.1251282691955566,2.9076120853424072,2.45945945945946,1.0,37.0,2.433506213975885,14,0.9882802186948312
antmaze-medium-stitch-v0,1,gas_shortest_replan_on_local_drift,none,3,62,1,,15,,0.6764705882352942,,26.29205322265625,2.9999828338623047,2.9999828338623047,2.7857142857142856,1.0,14.0,2.5575872434908784,8,1.0
antmaze-medium-stitch-v0,1,gas_shortest_replan_on_local_drift,none,4,63,1,,34,,0.5,,45.57849884033203,6.398958683013916,6.398958683013916,5.625,1.0,24.0,1.572135804284296,18,0.962093239926689
antmaze-medium-stitch-v0,1,gas_shortest_replan_on_local_drift,none,5,64,1,,15,,0.5116279069767442,,48.212589263916016,7.342636585235596,7.442657470703125,5.0,1.0,11.0,2.5969451364856733,15,0.9983111035280953
antmaze-medium-stitch-v0,1,gas_shortest_replan_on_local_drift,none,1,65,1,,15,,0.6642335766423357,,48.59514617919922,3.850041627883911,3.850041627883911,2.3378378378378377,1.0,74.0,3.7516490900606634,37,0.9890055584387778
antmaze-medium-stitch-v0,1,gas_shortest_replan_on_local_drift,none,2,66,1,,15,,0.7192982456140351,,61.29008483886719,1.6051695346832275,1.9065601825714111,2.586206896551724,1.0,29.0,2.481536528680132,12,0.9703454737942436
antmaze-medium-stitch-v0,1,gas_shortest_replan_on_local_drift,none,3,67,1,,15,,0.7105263157894737,,22.52230834960937,2.600921869277954,2.600921869277954,2.6666666666666665,1.0,18.0,2.0660032369913317,10,0.990398761020531
antmaze-medium-stitch-v0,1,gas_shortest_replan_on_local_drift,none,4,68,1,,30,,0.5411764705882353,,45.2711296081543,3.2641704082489014,4.280787467956543,4.975,1.0,40.0,3.331456290359058,24,0.9613681445609896
antmaze-medium-stitch-v0,1,gas_shortest_replan_on_local_drift,none,5,69,1,,15,,0.5957446808510638,,48.57236099243164,3.1174747943878174,3.1174747943878174,3.2222222222222223,1.0,18.0,2.209399082361396,14,0.9809710813414568
antmaze-medium-stitch-v0,1,gas_shortest_replan_on_local_drift,none,1,70,0,,15,169,0.6339622641509434,,47.46993637084961,4.732114315032959,8.07087230682373,1.853503184713376,2.0,157.0,2.0234525605656537,116,0.998838481993555
antmaze-medium-stitch-v0,1,gas_shortest_replan_on_local_drift,none,2,71,1,,15,,0.7058823529411765,,60.964141845703125,1.5577653646469116,1.5577653646469116,3.0869565217391304,1.0,23.0,2.561341531615945,14,0.9742088690526124
antmaze-medium-stitch-v0,1,gas_shortest_replan_on_local_drift,none,3,72,1,,15,,0.6590909090909091,,23.423133850097656,3.901513814926148,3.9995062351226807,2.8095238095238093,1.0,21.0,2.2703326308542526,9,1.0
antmaze-medium-stitch-v0,1,gas_shortest_replan_on_local_drift,none,4,73,1,,29,,0.625,,43.80657196044922,1.535692572593689,1.535692572593689,4.4,1.0,25.0,1.820940848278252,14,0.9446090058758808
antmaze-medium-stitch-v0,1,gas_shortest_replan_on_local_drift,none,5,74,1,,15,,0.4838709677419355,,47.78145599365234,7.718778133392334,7.718778133392334,6.333333333333333,2.0,6.0,0.928759407917941,13,0.9905046910246488
antmaze-medium-stitch-v0,1,gas_shortest_replan_on_local_drift,none,1,75,1,,15,,0.6949152542372882,,47.85826873779297,1.2944977283477783,2.9638426303863525,2.9655172413793105,1.0,29.0,2.3883282228153666,12,0.9781680074087364
antmaze-medium-stitch-v0,1,gas_shortest_replan_on_local_drift,none,2,76,1,,15,,0.7974683544303798,,60.84307861328125,3.061603546142578,4.057582378387451,1.816326530612245,1.0,49.0,3.769614595348978,25,0.9957843086124397
antmaze-medium-stitch-v0,1,gas_shortest_replan_on_local_drift,none,3,77,1,,15,,0.6851851851851852,,19.92030143737793,2.727057218551636,2.7460315227508545,2.4,1.0,30.0,2.8510417494395544,12,0.9756617904947621
antmaze-medium-stitch-v0,1,gas_shortest_replan_on_local_drift,none,4,78,0,,28,58,0.3372781065088757,,46.21382141113281,46.21382141113281,46.924076080322266,11.805970149253731,11.0,67.0,3.9695459144434073,67,0.9965287907194937
antmaze-medium-stitch-v0,1,gas_shortest_replan_on_local_drift,none,5,79,1,,15,,0.7021276595744681,,49.022090911865234,4.955031394958496,5.609837532043457,2.272727272727273,1.0,22.0,1.4468688239033654,11,1.0
antmaze-medium-stitch-v0,1,gas_shortest_replan_on_local_drift,none,1,80,1,,15,,0.7479674796747967,,48.65593719482422,2.192157030105591,3.741756677627564,2.2439024390243905,1.0,82.0,6.049985383736073,33,0.9807027917495689
antmaze-medium-stitch-v0,1,gas_shortest_replan_on_local_drift,none,2,81,1,,15,,0.6274509803921569,,60.59369659423828,2.5533618927001958,2.5533618927001958,3.3684210526315788,1.0,19.0,3.4396461553825697,14,0.9833128801859317
antmaze-medium-stitch-v0,1,gas_shortest_replan_on_local_drift,none,3,82,0,,15,110,0.5,,22.29542350769043,18.20120429992676,21.26959991455078,4.145631067961165,4.0,103.0,1.7215288625609224,105,1.0
antmaze-medium-stitch-v0,1,gas_shortest_replan_on_local_drift,none,4,83,1,,25,,0.6262626262626263,,44.49508666992188,2.553462028503418,4.12713098526001,3.2264150943396226,1.0,53.0,3.289424428698634,25,0.9638129298073241
antmaze-medium-stitch-v0,1,gas_shortest_replan_on_local_drift,none,5,84,1,,15,,0.5,,49.12175369262695,7.155738353729248,7.155738353729248,5.75,1.0,8.0,3.0750104473331583,11,1.0
antmaze-medium-stitch-v0,1,gas_shortest_replan_on_local_drift,none,1,85,1,,15,,0.6438356164383562,,48.72773742675781,4.130204677581787,5.168567657470703,3.515151515151515,1.0,33.0,2.44317596234182,18,0.9862448604435984
antmaze-medium-stitch-v0,1,gas_shortest_replan_on_local_drift,none,2,86,1,,15,,0.7037037037037037,,61.42885971069336,3.823064804077149,4.6122918128967285,3.0434782608695654,1.0,23.0,4.365660366568884,15,1.0
antmaze-medium-stitch-v0,1,gas_shortest_replan_on_local_drift,none,3,87,1,,15,,0.6938775510204082,,22.919605255126957,2.097607374191284,3.5967516899108887,2.5384615384615383,1.0,26.0,3.2727079236985435,11,1.0
antmaze-medium-stitch-v0,1,gas_shortest_replan_on_local_drift,none,4,88,0,,20,40,0.2549019607843137,,47.48795700073242,47.48795700073242,50.403587341308594,12.383333333333333,11.0,60.0,1.6148893810388516,65,0.9947701464351136
antmaze-medium-stitch-v0,1,gas_shortest_replan_on_local_drift,none,5,89,1,,15,,0.5,,46.64901351928711,8.25302791595459,8.25302791595459,7.0,2.0,5.0,0.759937695769992,10,0.9831963233506865
antmaze-medium-stitch-v0,1,gas_shortest_replan_on_local_drift,none,1,90,1,,15,,0.6774193548387096,,47.660457611083984,3.6262149810791016,3.6262149810791016,2.7333333333333334,1.0,30.0,2.989812612949926,14,0.9755179648255176
antmaze-medium-stitch-v0,1,gas_shortest_replan_on_local_drift,none,2,91,1,,15,,0.5952380952380952,,60.57555389404297,5.7567667961120605,5.7567667961120605,5.0,1.0,12.0,1.587823569178321,12,1.0
antmaze-medium-stitch-v0,1,gas_shortest_replan_on_local_drift,none,3,92,1,,15,,0.8,,23.16411590576172,2.9067323207855225,5.595046520233154,1.821917808219178,1.0,73.0,3.168728800668161,28,1.0
antmaze-medium-stitch-v0,1,gas_shortest_replan_on_local_drift,none,4,93,1,,31,,0.6565656565656566,,46.80867767333984,2.4535841941833496,4.051298141479492,3.017857142857143,1.0,56.0,1.494569446736547,27,0.9659027826195652
antmaze-medium-stitch-v0,1,gas_shortest_replan_on_local_drift,none,5,94,1,,15,,0.7540983606557377,,46.78997421264648,2.034787893295288,2.054352283477783,1.9189189189189189,1.0,37.0,2.3188843521986167,11,0.951398497572578
antmaze-medium-stitch-v0,1,gas_shortest_replan_on_local_drift,none,1,95,1,,15,,0.8034188034188035,,48.623191833496094,0.8397480845451355,2.6560323238372803,1.8461538461538465,1.0,78.0,3.0143777194258785,28,0.9823287577400472
antmaze-medium-stitch-v0,1,gas_shortest_replan_on_local_drift,none,2,96,1,,15,,0.7213114754098361,,60.41266632080078,3.651358604431152,4.222793102264404,2.5806451612903225,1.0,31.0,1.037840613356077,15,0.9939142620699556
antmaze-medium-stitch-v0,1,gas_shortest_replan_on_local_drift,none,3,97,1,,15,,0.7333333333333333,,24.88539695739746,3.2378358840942383,3.955777645111084,2.375,1.0,24.0,3.76829808359036,9,0.9979177457225412
antmaze-medium-stitch-v0,1,gas_shortest_replan_on_local_drift,none,4,98,1,,21,,0.5882352941176471,,46.96271896362305,4.427492141723633,4.613168716430664,4.368421052631579,1.0,19.0,2.8117703411768864,15,0.9618814902322398
antmaze-medium-stitch-v0,1,gas_shortest_replan_on_local_drift,none,5,99,1,,15,,0.6388888888888888,,48.74859619140625,4.638849258422852,4.638849258422852,3.769230769230769,1.0,13.0,0.7484215182541791,11,0.9690184677974112
antmaze-medium-stitch-v0,1,gas_shortest_adaptive_subgoal_horizon,none,1,0,1,,15,,0.5504587155963303,,48.04552459716797,3.535685539245605,4.793488502502441,4.595744680851064,1.0,47.0,11.615271421290558,20,0.9883863725841
antmaze-medium-stitch-v0,1,gas_shortest_adaptive_subgoal_horizon,none,2,1,1,,15,,0.6385542168674698,,60.88881301879883,1.708626389503479,2.579951286315918,3.3,1.0,40.0,2.23762119711258,15,0.9923373771003572
antmaze-medium-stitch-v0,1,gas_shortest_adaptive_subgoal_horizon,none,3,2,1,,15,,0.6101694915254238,,26.426408767700195,2.623833417892456,2.623833417892456,3.321428571428572,1.0,28.0,1.7435506421334641,6,0.9756515100438826
antmaze-medium-stitch-v0,1,gas_shortest_adaptive_subgoal_horizon,none,4,3,1,,16,,0.5864661654135338,,46.67633056640625,1.307808756828308,1.307808756828308,3.217391304347826,1.0,69.0,2.6690772105999243,24,0.9764616846725804
antmaze-medium-stitch-v0,1,gas_shortest_adaptive_subgoal_horizon,none,5,4,1,,15,,0.6153846153846154,,47.28993988037109,5.5245208740234375,5.761835098266602,2.769230769230769,1.0,39.0,2.1722296445750597,10,0.9826856651239556
antmaze-medium-stitch-v0,1,gas_shortest_adaptive_subgoal_horizon,none,1,5,1,,15,,0.8402061855670103,,48.34312057495117,0.8382235765457153,2.1884443759918213,1.72,1.0,150.0,2.570980687858369,42,0.9768783660859497
antmaze-medium-stitch-v0,1,gas_shortest_adaptive_subgoal_horizon,none,2,6,1,,15,,0.5846153846153846,,60.49750900268555,4.729482650756836,5.010347843170166,4.038461538461538,1.0,26.0,2.6295307019219747,13,0.9936200984602478
antmaze-medium-stitch-v0,1,gas_shortest_adaptive_subgoal_horizon,none,3,7,0,,15,194,0.4948717948717949,,25.294261932373047,23.566991806030277,26.679737091064453,5.096256684491979,5.0,187.0,1.9636331219191538,177,0.9987720750468604
antmaze-medium-stitch-v0,1,gas_shortest_adaptive_subgoal_horizon,none,4,8,0,,33,102,0.3289902280130293,,44.554630279541016,20.881746292114254,22.404638290405277,11.454545454545457,4.0,121.0,3.5874890566411737,60,0.9979559868667189
antmaze-medium-stitch-v0,1,gas_shortest_adaptive_subgoal_horizon,none,5,9,1,,15,,0.4482758620689655,,48.899940490722656,8.096114158630371,8.437335968017578,7.133333333333334,2.0,15.0,2.8172852058094007,13,0.9928024907427677
antmaze-medium-stitch-v0,1,gas_shortest_adaptive_subgoal_horizon,none,1,10,1,,15,,0.5892857142857143,,48.39675521850586,0.8728815317153931,0.9796892404556274,4.666666666666667,1.0,51.0,2.6181223787331063,19,0.9781977814048769
antmaze-medium-stitch-v0,1,gas_shortest_adaptive_subgoal_horizon,none,2,11,1,,15,,0.5254237288135594,,60.25177383422852,6.507580280303955,6.879465579986572,6.117647058823529,1.0,17.0,3.4446836447963127,14,1.0
antmaze-medium-stitch-v0,1,gas_shortest_adaptive_subgoal_horizon,none,3,12,1,,15,,0.5217391304347826,,19.940282821655277,2.193307876586914,2.193307876586914,4.1923076923076925,1.0,26.0,2.136131520332771,11,0.9949408673575216
antmaze-medium-stitch-v0,1,gas_shortest_adaptive_subgoal_horizon,none,4,13,1,,31,,0.4301075268817204,,45.99119567871094,3.054619550704956,3.098020315170288,6.675675675675675,1.0,37.0,2.978760304599493,15,0.9622143525019856
antmaze-medium-stitch-v0,1,gas_shortest_adaptive_subgoal_horizon,none,5,14,1,,21,,0.4181818181818181,,50.82416915893555,7.804463863372803,8.485416412353516,6.066666666666666,2.0,15.0,3.7389574772855183,12,0.9694077325010834
antmaze-medium-stitch-v0,1,gas_shortest_adaptive_subgoal_horizon,none,1,15,1,,15,,0.5339805825242718,,48.36579513549805,3.3441104888916016,3.760242223739624,4.090909090909091,1.0,44.0,3.587287710554852,17,0.9880887821023536
antmaze-medium-stitch-v0,1,gas_shortest_adaptive_subgoal_horizon,none,2,16,1,,15,,0.5833333333333334,,59.7125358581543,5.063737392425537,5.063737392425537,3.8157894736842106,1.0,38.0,2.569387284808492,17,0.9963666037852562
antmaze-medium-stitch-v0,1,gas_shortest_adaptive_subgoal_horizon,none,3,17,1,,15,,0.5714285714285714,,23.8496036529541,2.360907554626465,5.269334316253662,4.315789473684211,1.0,38.0,4.406765677343852,16,1.0
antmaze-medium-stitch-v0,1,gas_shortest_adaptive_subgoal_horizon,none,4,18,1,,35,,0.4415584415584415,,44.96456146240234,2.4469456672668457,4.594996929168701,8.552238805970148,1.0,67.0,2.4084611320057427,22,0.9798391423985561
antmaze-medium-stitch-v0,1,gas_shortest_adaptive_subgoal_horizon,none,5,19,1,,15,,0.6097560975609756,,47.65814208984375,2.424957275390625,2.424957275390625,3.2,1.0,40.0,1.9557746333967778,16,0.9841898069831184
antmaze-medium-stitch-v0,1,gas_shortest_adaptive_subgoal_horizon,none,1,20,1,,15,,0.7588652482269503,,47.67498016357422,1.8467719554901123,2.4649243354797363,2.3655913978494625,1.0,93.0,13.0131610250485,24,0.9781103675972885
antmaze-medium-stitch-v0,1,gas_shortest_adaptive_subgoal_horizon,none,2,21,1,,15,,0.5254237288135594,,60.07098388671875,5.596663475036621,5.935401916503906,5.684210526315789,1.0,19.0,4.830266630139968,12,1.0
antmaze-medium-stitch-v0,1,gas_shortest_adaptive_subgoal_horizon,none,3,22,1,,15,,0.5740740740740741,,26.797266006469727,2.5381171703338623,2.5381171703338623,3.4782608695652173,1.0,23.0,2.299510579292095,8,0.9831642419652628
antmaze-medium-stitch-v0,1,gas_shortest_adaptive_subgoal_horizon,none,4,23,1,,15,,0.8744855967078189,,47.11245346069336,0.6895646452903748,0.6895646452903748,1.6270783847981,1.0,421.0,2.595327753060916,102,0.9765172374547805
antmaze-medium-stitch-v0,1,gas_shortest_adaptive_subgoal_horizon,none,5,24,1,,15,,0.3725490196078431,,49.67628860473633,8.259963035583496,8.259963035583496,6.583333333333333,2.0,12.0,2.6770587559586514,9,1.0
antmaze-medium-stitch-v0,1,gas_shortest_adaptive_subgoal_horizon,none,1,25,1,,15,,0.6136363636363636,,48.10585403442383,2.501185417175293,2.501185417175293,4.682926829268292,1.0,41.0,2.4724271267102917,10,0.9742585652056298
antmaze-medium-stitch-v0,1,gas_shortest_adaptive_subgoal_horizon,none,2,26,1,,17,,0.4782608695652174,,60.93479537963867,4.805167675018311,4.805167675018311,6.05,1.0,20.0,3.776287573363424,17,0.9912261808385128
antmaze-medium-stitch-v0,1,gas_shortest_adaptive_subgoal_horizon,none,3,27,1,,15,,0.6818181818181818,,27.552305221557617,1.721943736076355,1.7700732946395874,2.657142857142857,1.0,35.0,2.3547803334095088,8,0.9932172427374938
antmaze-medium-stitch-v0,1,gas_shortest_adaptive_subgoal_horizon,none,4,28,0,,16,184,0.4765625,,48.13278579711914,48.13278579711914,52.548614501953125,13.053763440860216,13.0,186.0,1.06287368868554,173,1.0
antmaze-medium-stitch-v0,1,gas_shortest_adaptive_subgoal_horizon,none,5,29,1,,15,,0.647887323943662,,48.28657913208008,4.777332782745361,6.352103233337402,2.75,1.0,36.0,3.269865814894271,14,1.0
antmaze-medium-stitch-v0,1,gas_shortest_adaptive_subgoal_horizon,none,1,30,1,,15,,0.7456140350877193,,48.96234893798828,2.205663681030273,3.072789192199707,2.442857142857143,1.0,70.0,1.8695556345361035,17,0.9840717948601981
antmaze-medium-stitch-v0,1,gas_shortest_adaptive_subgoal_horizon,none,2,31,1,,15,,0.5535714285714286,,60.311500549316406,4.9555344581604,4.9555344581604,4.2105263157894735,1.0,19.0,2.5211622222774164,11,0.9891323534300073
antmaze-medium-stitch-v0,1,gas_shortest_adaptive_subgoal_horizon,none,3,32,1,,15,,0.5806451612903226,,25.25940704345703,3.5106120109558105,3.5106120109558105,3.678571428571429,1.0,28.0,1.6816166284307537,11,0.9734822434085596
antmaze-medium-stitch-v0,1,gas_shortest_adaptive_subgoal_horizon,none,4,33,0,,37,151,0.4201680672268907,,44.51630783081055,44.421875,52.41078567504883,12.055555555555555,12.0,162.0,1.7812941559033426,118,0.9981720247098458
antmaze-medium-stitch-v0,1,gas_shortest_adaptive_subgoal_horizon,none,5,34,1,,15,,0.4242424242424242,,48.931129455566406,8.891349792480469,8.921725273132324,6.5625,2.0,16.0,2.947414196321676,10,0.9980142989031757
antmaze-medium-stitch-v0,1,gas_shortest_adaptive_subgoal_horizon,none,1,35,1,,15,,0.5945945945945946,,48.76422500610352,3.183368682861328,3.303677797317505,3.4814814814814814,1.0,54.0,3.87878747847076,16,0.9870335302468528
antmaze-medium-stitch-v0,1,gas_shortest_adaptive_subgoal_horizon,none,2,36,1,,15,,0.559322033898305,,59.87541961669922,4.254010200500488,4.254010200500488,4.75,1.0,20.0,2.613397545306125,14,0.9819479400800529
antmaze-medium-stitch-v0,1,gas_shortest_adaptive_subgoal_horizon,none,3,37,1,,15,,0.5967741935483871,,22.077959060668945,2.045229911804199,2.045229911804199,2.862068965517241,1.0,29.0,5.459019255276434,9,0.9788998756211358
antmaze-medium-stitch-v0,1,gas_shortest_adaptive_subgoal_horizon,none,4,38,0,,28,149,0.4122562674094707,,46.13155364990234,45.977569580078125,52.38608169555664,12.933333333333334,13.0,165.0,1.7922199897415536,148,0.9972329105763804
antmaze-medium-stitch-v0,1,gas_shortest_adaptive_subgoal_horizon,none,5,39,1,,15,,0.4166666666666667,,47.69266891479492,8.853108406066895,9.18984031677246,6.647058823529412,2.0,17.0,3.710821007332421,13,0.9856412781048981
antmaze-medium-stitch-v0,1,gas_shortest_adaptive_subgoal_horizon,none,1,40,1,,15,,0.6777777777777778,,48.527626037597656,2.039564371109009,2.61350679397583,3.755102040816327,1.0,49.0,5.306309504448627,17,0.9752760228136129
antmaze-medium-stitch-v0,1,gas_shortest_adaptive_subgoal_horizon,none,2,41,1,,15,,0.6623376623376623,,61.57089614868164,0.7867302894592285,1.1664186716079712,2.769230769230769,1.0,39.0,3.2544742251415397,13,0.9750021846157597
antmaze-medium-stitch-v0,1,gas_shortest_adaptive_subgoal_horizon,none,3,42,0,,15,200,0.5,,26.807722091674805,25.76966094970703,29.38487243652344,9.02030456852792,9.0,197.0,1.0375958330409267,196,1.0
antmaze-medium-stitch-v0,1,gas_shortest_adaptive_subgoal_horizon,none,4,43,1,,16,,0.4947368421052631,,47.67436218261719,2.11368989944458,2.321319580078125,6.372093023255814,1.0,43.0,3.2695532153885845,16,0.9721152010927736
antmaze-medium-stitch-v0,1,gas_shortest_adaptive_subgoal_horizon,none,5,44,1,,15,,0.581081081081081,,50.70475769042969,5.251314640045166,6.217109680175781,3.40625,1.0,32.0,3.847747723790976,12,0.9990467971932472
antmaze-medium-stitch-v0,1,gas_shortest_adaptive_subgoal_horizon,none,1,45,1,,15,,0.6136363636363636,,49.44957733154297,1.2567030191421509,1.2567030191421509,4.6923076923076925,1.0,39.0,4.124164091099841,14,0.9799673226974532
antmaze-medium-stitch-v0,1,gas_shortest_adaptive_subgoal_horizon,none,2,46,1,,15,,0.7012987012987013,,61.56035232543945,1.1359444856643677,1.652687907218933,2.825,1.0,40.0,2.5391623912635617,13,0.9762283842969276
antmaze-medium-stitch-v0,1,gas_shortest_adaptive_subgoal_horizon,none,3,47,1,,15,,0.5849056603773585,,26.533428192138672,3.1902127265930176,3.2124452590942383,3.636363636363636,1.0,22.0,1.6088362009670016,9,0.978466771325368
antmaze-medium-stitch-v0,1,gas_shortest_adaptive_subgoal_horizon,none,4,48,1,,36,,0.6173913043478261,,43.9537239074707,2.4293930530548096,2.476837158203125,3.161290322580645,1.0,62.0,3.814418953770432,20,0.9655649350436994
antmaze-medium-stitch-v0,1,gas_shortest_adaptive_subgoal_horizon,none,5,49,1,,15,,0.4081632653061224,,49.21673583984375,9.141339302062988,9.141339302062988,7.0,2.0,13.0,1.8598475095969047,10,0.9992948433653881
antmaze-medium-stitch-v0,1,gas_shortest_adaptive_subgoal_horizon,none,1,50,0,,15,64,0.2135593220338983,,49.11146545410156,47.364376068115234,48.45665740966797,16.0,16.0,228.0,1.474356014984538,701,1.0
antmaze-medium-stitch-v0,1,gas_shortest_adaptive_subgoal_horizon,none,2,51,1,,15,,0.6461538461538462,,59.82957458496094,2.4918928146362305,2.4918928146362305,3.607142857142857,1.0,28.0,2.6481485113759566,13,0.9857579002801357
antmaze-medium-stitch-v0,1,gas_shortest_adaptive_subgoal_horizon,none,3,52,1,,15,,0.6607142857142857,,26.242246627807617,3.1078572273254395,3.195436716079712,2.4642857142857144,1.0,28.0,2.060327803637438,8,0.9900002593689602
antmaze-medium-stitch-v0,1,gas_shortest_adaptive_subgoal_horizon,none,4,53,0,,21,111,0.3395061728395062,,46.74942398071289,46.74897384643555,52.210208892822266,12.080882352941176,13.0,136.0,6.815202489626436,61,0.996928350973838
antmaze-medium-stitch-v0,1,gas_shortest_adaptive_subgoal_horizon,none,5,54,1,,15,,0.4230769230769231,,47.4991455078125,8.7539701461792,8.931983947753906,6.636363636363637,2.0,11.0,1.9889286090378084,15,0.9978382544857912
antmaze-medium-stitch-v0,1,gas_shortest_adaptive_subgoal_horizon,none,1,55,1,,15,,0.5909090909090909,,49.26602554321289,3.42151403427124,3.502432584762573,4.589743589743589,1.0,39.0,3.374923604917095,15,0.9840420507533116
antmaze-medium-stitch-v0,1,gas_shortest_adaptive_subgoal_horizon,none,2,56,1,,15,,0.5384615384615384,,60.51157379150391,5.665140151977539,6.623459339141846,4.541666666666667,1.0,24.0,1.8194420865025336,16,1.0
antmaze-medium-stitch-v0,1,gas_shortest_adaptive_subgoal_horizon,none,3,57,1,,15,,0.5454545454545454,,26.66024208068848,2.927684783935547,2.927684783935547,4.818181818181818,1.0,22.0,2.925786646124807,9,0.9743785904401054
antmaze-medium-stitch-v0,1,gas_shortest_adaptive_subgoal_horizon,none,4,58,0,,17,1,0.0,,47.8271369934082,46.887840270996094,49.43291091918945,14.0,14.0,237.0,0.23579624575433128,896,0.9541474131461508
antmaze-medium-stitch-v0,1,gas_shortest_adaptive_subgoal_horizon,none,5,59,1,,15,,0.6025641025641025,,48.84369659423828,3.4272611141204834,4.233016490936279,2.8421052631578947,1.0,38.0,1.6823231437535369,11,0.978662484743658
antmaze-medium-stitch-v0,1,gas_shortest_adaptive_subgoal_horizon,none,1,60,1,,21,,0.6846153846153846,,48.93670272827149,0.6170911192893982,3.002455234527588,3.0253164556962027,1.0,79.0,4.8172063581866045,29,0.9858901554727352
antmaze-medium-stitch-v0,1,gas_shortest_adaptive_subgoal_horizon,none,2,61,1,,15,,0.5538461538461539,,61.26620864868164,4.049400329589844,4.448189735412598,5.130434782608695,1.0,23.0,3.981446987786667,13,0.9957285392041277
antmaze-medium-stitch-v0,1,gas_shortest_adaptive_subgoal_horizon,none,3,62,1,,15,,0.7285714285714285,,25.97378158569336,4.606264114379883,4.606264114379883,2.452380952380953,1.0,42.0,2.986661920908188,11,1.0
antmaze-medium-stitch-v0,1,gas_shortest_adaptive_subgoal_horizon,none,4,63,0,,34,159,0.4340659340659341,,45.4930419921875,45.4930419921875,52.21418380737305,12.073033707865168,12.0,178.0,1.787862890805826,148,0.9985953739530612
antmaze-medium-stitch-v0,1,gas_shortest_adaptive_subgoal_horizon,none,5,64,1,,15,,0.7363636363636363,,48.035526275634766,3.171506881713867,6.362546920776367,2.0,1.0,73.0,1.517471527510581,16,0.9930505065894843
antmaze-medium-stitch-v0,1,gas_shortest_adaptive_subgoal_horizon,none,1,65,1,,16,,0.5871559633027523,,48.696266174316406,3.478886842727661,3.504183053970337,5.244897959183674,1.0,49.0,2.2708950899346854,15,0.9852686482976466
antmaze-medium-stitch-v0,1,gas_shortest_adaptive_subgoal_horizon,none,2,66,1,,15,,0.7723577235772358,,60.9771728515625,4.169472694396973,4.194540023803711,2.1481481481481484,1.0,81.0,5.493988336199407,29,0.9878983046982617
antmaze-medium-stitch-v0,1,gas_shortest_adaptive_subgoal_horizon,none,3,67,1,,15,,0.5365853658536586,,23.10734748840332,6.57158899307251,7.099277973175049,4.357142857142857,1.0,14.0,1.303441361073526,6,0.9938724309025792
antmaze-medium-stitch-v0,1,gas_shortest_adaptive_subgoal_horizon,none,4,68,1,,30,,0.4867256637168141,,45.00170135498047,3.5369040966033936,4.789270877838135,6.055555555555555,1.0,54.0,2.6646328639452617,17,0.967955205440069
antmaze-medium-stitch-v0,1,gas_shortest_adaptive_subgoal_horizon,none,5,69,1,,15,,0.4385964912280701,,48.19377517700195,6.720952987670898,7.330045700073242,5.1875,1.0,16.0,1.1662044658849589,10,1.0
antmaze-medium-stitch-v0,1,gas_shortest_adaptive_subgoal_horizon,none,1,70,1,,15,,0.8290598290598291,,47.529422760009766,1.0421147346496582,3.999176025390625,1.6923076923076923,1.0,182.0,2.3441316822491056,49,0.9869385204725549
antmaze-medium-stitch-v0,1,gas_shortest_adaptive_subgoal_horizon,none,2,71,1,,15,,0.6704545454545454,,60.94413757324219,4.374117374420166,4.374117374420166,2.8297872340425534,1.0,47.0,1.191835140264553,19,0.9921462736783973
antmaze-medium-stitch-v0,1,gas_shortest_adaptive_subgoal_horizon,none,3,72,1,,15,,0.4528301886792453,,24.3712158203125,1.233916997909546,1.233916997909546,5.82051282051282,1.0,39.0,4.0645920859477975,16,0.9955135083459424
antmaze-medium-stitch-v0,1,gas_shortest_adaptive_subgoal_horizon,none,4,73,1,,29,,0.4814814814814814,,43.95698165893555,3.085343360900879,3.465688467025757,6.0,1.0,29.0,4.155016820579914,13,0.9576486532270337
antmaze-medium-stitch-v0,1,gas_shortest_adaptive_subgoal_horizon,none,5,74,1,,15,,0.5384615384615384,,47.79152297973633,5.662313938140869,6.302947044372559,4.157894736842105,1.0,19.0,1.9460593043080647,10,0.9829783798051318
antmaze-medium-stitch-v0,1,gas_shortest_adaptive_subgoal_horizon,none,1,75,1,,15,,0.5052631578947369,,47.75914001464844,4.400772571563721,4.631603717803955,4.8,1.0,35.0,4.0740272968651565,17,0.9920853525471873
antmaze-medium-stitch-v0,1,gas_shortest_adaptive_subgoal_horizon,none,2,76,1,,15,,0.625,,61.51810073852539,4.067723751068115,4.443377494812012,3.827586206896552,1.0,29.0,5.482315074192583,14,0.9979956454302804
antmaze-medium-stitch-v0,1,gas_shortest_adaptive_subgoal_horizon,none,3,77,1,,15,,0.5555555555555556,,19.71510887145996,2.8991682529449463,3.5667474269866943,3.361111111111111,1.0,36.0,4.767201289320926,10,0.9873946635408126
antmaze-medium-stitch-v0,1,gas_shortest_adaptive_subgoal_horizon,none,4,78,0,,28,184,0.4740932642487047,,46.65794372558594,46.65794372558594,52.40746307373047,13.93193717277487,14.0,191.0,1.412351317814802,177,0.996725298941332
antmaze-medium-stitch-v0,1,gas_shortest_adaptive_subgoal_horizon,none,5,79,1,,15,,0.6142857142857143,,49.18113327026367,3.6445975303649902,5.341134548187256,2.9411764705882355,1.0,34.0,2.201684172686658,9,0.9999261342443504
antmaze-medium-stitch-v0,1,gas_shortest_adaptive_subgoal_horizon,none,1,80,1,,15,,0.69375,,48.59698486328125,1.6968587636947632,1.6968587636947632,2.826530612244898,1.0,98.0,2.1096844116365303,27,0.978194944159567
antmaze-medium-stitch-v0,1,gas_shortest_adaptive_subgoal_horizon,none,2,81,1,,15,,0.5285714285714286,,60.68477630615234,3.5772454738616943,3.5772454738616943,4.464285714285714,1.0,28.0,2.05291360791256,13,0.9883417704872425
antmaze-medium-stitch-v0,1,gas_shortest_adaptive_subgoal_horizon,none,3,82,1,,15,,0.5652173913043478,,21.94943618774414,6.087009906768799,6.087009906768799,4.705882352941177,1.0,17.0,1.3904701300842741,10,0.993373635962158
antmaze-medium-stitch-v0,1,gas_shortest_adaptive_subgoal_horizon,none,4,83,0,,25,97,0.3067092651757188,,44.4527702331543,44.4527702331543,51.542911529541016,11.845528455284551,12.0,123.0,2.889728013712982,56,0.9945985728443406
antmaze-medium-stitch-v0,1,gas_shortest_adaptive_subgoal_horizon,none,5,84,1,,15,,0.4615384615384615,,49.1792106628418,7.225314140319824,7.225314140319824,5.714285714285714,1.0,14.0,1.8641186085671562,11,1.0
antmaze-medium-stitch-v0,1,gas_shortest_adaptive_subgoal_horizon,none,1,85,1,,15,,0.5666666666666667,,48.93177795410156,3.1923210620880127,3.613478660583496,4.867924528301887,1.0,53.0,5.157926710672599,13,0.9875418170777694
antmaze-medium-stitch-v0,1,gas_shortest_adaptive_subgoal_horizon,none,2,86,1,,15,,0.5362318840579711,,61.41729736328125,5.063154220581055,5.132744312286377,4.72,1.0,25.0,6.339965449622223,13,1.0
antmaze-medium-stitch-v0,1,gas_shortest_adaptive_subgoal_horizon,none,3,87,0,,15,194,0.4948717948717949,,21.915191650390625,17.598054885864258,19.94813537597656,4.204301075268817,4.0,186.0,3.361877889913897,172,1.0
antmaze-medium-stitch-v0,1,gas_shortest_adaptive_subgoal_horizon,none,4,88,1,,20,,0.4968354430379746,,47.56627655029297,1.0635383129119873,4.013741493225098,6.906976744186046,1.0,172.0,2.2181356137000448,51,0.9908978861818772
antmaze-medium-stitch-v0,1,gas_shortest_adaptive_subgoal_horizon,none,5,89,1,,19,,0.5866666666666667,,46.35990905761719,4.404231548309326,6.724111557006836,2.8285714285714287,1.0,35.0,1.3448510976779744,11,0.9839855022394592
antmaze-medium-stitch-v0,1,gas_shortest_adaptive_subgoal_horizon,none,1,90,1,,15,,0.625,,47.591156005859375,2.9189624786376958,2.949946165084839,4.25,1.0,52.0,3.650673143410284,19,0.9823245492234437
antmaze-medium-stitch-v0,1,gas_shortest_adaptive_subgoal_horizon,none,2,91,1,,15,,0.546875,,60.077754974365234,4.267708778381348,4.697855949401856,5.304347826086956,1.0,23.0,2.31356573330844,14,0.9968753579823274
antmaze-medium-stitch-v0,1,gas_shortest_adaptive_subgoal_horizon,none,3,92,0,,15,183,0.4764397905759162,,23.31332778930664,16.892295837402344,20.186553955078125,3.2857142857142856,3.0,189.0,4.354176252063399,181,1.0
antmaze-medium-stitch-v0,1,gas_shortest_adaptive_subgoal_horizon,none,4,93,0,,31,93,0.3056478405315614,,46.74536895751953,10.44139575958252,10.44139575958252,11.445378151260504,3.0,119.0,2.7883008044794386,62,0.997579421959277
antmaze-medium-stitch-v0,1,gas_shortest_adaptive_subgoal_horizon,none,5,94,1,,15,,0.4347826086956521,,47.21282577514648,6.014059066772461,6.014059066772461,5.615384615384615,1.0,13.0,1.2836000457329164,9,0.9724266173309852
antmaze-medium-stitch-v0,1,gas_shortest_adaptive_subgoal_horizon,none,1,95,1,,15,,0.6238532110091743,,48.84105682373047,1.0587393045425415,1.9981030225753784,3.5384615384615383,1.0,52.0,3.1597780594938056,22,0.9838352237490036
antmaze-medium-stitch-v0,1,gas_shortest_adaptive_subgoal_horizon,none,2,96,1,,15,,0.6172839506172839,,60.2994384765625,2.546738147735596,2.546738147735596,3.4444444444444446,1.0,36.0,5.300835304765428,18,0.988366975388239
antmaze-medium-stitch-v0,1,gas_shortest_adaptive_subgoal_horizon,none,3,97,1,,15,,0.5652173913043478,,24.42462921142578,2.0216681957244877,2.0216681957244877,3.8333333333333335,1.0,18.0,4.014359201644137,10,0.9854809954265512
antmaze-medium-stitch-v0,1,gas_shortest_adaptive_subgoal_horizon,none,4,98,1,,21,,0.5213675213675214,,47.13581085205078,2.4096996784210205,2.4096996784210205,4.96,1.0,50.0,1.860121645892384,18,0.9763165252139265
antmaze-medium-stitch-v0,1,gas_shortest_adaptive_subgoal_horizon,none,5,99,1,,15,,0.5333333333333333,,48.770389556884766,0.7503777146339417,1.4582282304763794,5.137931034482759,1.0,29.0,2.36576794339307,14,0.9705285118598921
antmaze-medium-stitch-v0,1,gas_reachability_budget_replan_on_local_drift,none,1,0,1,,15,,0.6833333333333333,,48.087852478027344,2.6262247562408447,2.638880729675293,4.2,1.0,25.0,4.480108378930694,20,0.9737347747747281
antmaze-medium-stitch-v0,1,gas_reachability_budget_replan_on_local_drift,none,2,1,1,,15,,0.6481481481481481,,61.166988372802734,4.505408763885498,6.113983631134033,3.4761904761904763,1.0,21.0,2.396175687954456,15,1.0
antmaze-medium-stitch-v0,1,gas_reachability_budget_replan_on_local_drift,none,3,2,1,,15,,0.75,,26.011070251464844,2.417497396469116,2.417497396469116,1.896551724137931,1.0,29.0,2.1482967877839654,10,0.9595012079436744
antmaze-medium-stitch-v0,1,gas_reachability_budget_replan_on_local_drift,none,4,3,0,,15,91,0.4477611940298507,,46.72676849365234,46.72676849365234,52.02434158325195,11.131868131868131,11.0,91.0,2.4888072496901024,94,1.0
antmaze-medium-stitch-v0,1,gas_reachability_budget_replan_on_local_drift,none,5,4,1,,15,,0.6097560975609756,,47.83784484863281,7.123916149139404,8.861809730529785,4.090909090909091,1.0,11.0,2.409905143628166,14,1.0
antmaze-medium-stitch-v0,1,gas_reachability_budget_replan_on_local_drift,none,1,5,1,,15,,0.7027027027027027,,48.306060791015625,2.346726179122925,2.357919216156006,3.236842105263158,1.0,38.0,4.356681278037938,15,0.9993244005242856
antmaze-medium-stitch-v0,1,gas_reachability_budget_replan_on_local_drift,none,2,6,1,,15,,0.6304347826086957,,60.43762969970703,3.336434841156006,3.5334198474884038,3.9375,1.0,16.0,7.738487380272394,15,0.986422964670244
antmaze-medium-stitch-v0,1,gas_reachability_budget_replan_on_local_drift,none,3,7,1,,15,,0.7317073170731707,,25.289533615112305,2.173923969268799,3.3492746353149414,1.9545454545454544,1.0,22.0,3.1120650851159604,9,0.9781171543899126
antmaze-medium-stitch-v0,1,gas_reachability_budget_replan_on_local_drift,none,4,8,1,,15,,0.7159090909090909,,44.690242767333984,1.3184127807617188,1.6175594329833984,2.6041666666666665,1.0,48.0,2.2426802514855693,22,0.9922102359947412
antmaze-medium-stitch-v0,1,gas_reachability_budget_replan_on_local_drift,none,5,9,1,,15,,0.5476190476190477,,48.81917572021485,4.770110130310059,4.770110130310059,4.416666666666667,1.0,12.0,3.3388261411880484,15,1.0
antmaze-medium-stitch-v0,1,gas_reachability_budget_replan_on_local_drift,none,1,10,1,,15,,0.6391752577319587,,48.32689666748047,0.8989168405532837,1.184001326560974,3.625,1.0,48.0,5.790033084095867,35,0.9974889637648205
antmaze-medium-stitch-v0,1,gas_reachability_budget_replan_on_local_drift,none,2,11,1,,15,,0.6666666666666666,,60.0002555847168,6.169437408447266,6.1982526779174805,3.3684210526315788,1.0,19.0,2.334157682788181,14,0.9991588096670632
antmaze-medium-stitch-v0,1,gas_reachability_budget_replan_on_local_drift,none,3,12,1,,15,,0.5777777777777777,,20.19817352294922,2.1263949871063232,2.7619311809539795,3.647058823529412,1.0,17.0,3.00175169859927,12,0.9959774084107552
antmaze-medium-stitch-v0,1,gas_reachability_budget_replan_on_local_drift,none,4,13,1,,15,,0.5054945054945055,,45.964134216308594,3.5700480937957764,3.951163053512573,6.0,1.0,37.0,1.2589081148259138,29,0.9898666493659805
antmaze-medium-stitch-v0,1,gas_reachability_budget_replan_on_local_drift,none,5,14,1,,15,,0.8425925925925926,,49.96328353881836,1.6548302173614502,5.870269298553467,1.6329113924050631,1.0,79.0,4.9277495458729526,28,1.0
antmaze-medium-stitch-v0,1,gas_reachability_budget_replan_on_local_drift,none,1,15,1,,15,,0.7230769230769231,,48.23523712158203,2.4534006118774414,2.8746957778930664,3.0,1.0,31.0,4.97590154953041,17,1.0
antmaze-medium-stitch-v0,1,gas_reachability_budget_replan_on_local_drift,none,2,16,1,,15,,0.5072463768115942,,59.93278503417969,5.575815200805664,6.315918922424316,3.782608695652174,1.0,23.0,1.8845045619000655,23,1.0
antmaze-medium-stitch-v0,1,gas_reachability_budget_replan_on_local_drift,none,3,17,1,,15,,0.5882352941176471,,25.118919372558597,6.933263778686523,7.228188991546631,3.8,1.0,10.0,3.98892937425548,10,1.0
antmaze-medium-stitch-v0,1,gas_reachability_budget_replan_on_local_drift,none,4,18,1,,15,,0.4144736842105263,,45.026458740234375,5.691175937652588,5.8295745849609375,9.116666666666667,1.0,60.0,3.1118928947527102,63,1.0
antmaze-medium-stitch-v0,1,gas_reachability_budget_replan_on_local_drift,none,5,19,1,,15,,0.84,,47.35433197021485,2.0149624347686768,2.0149624347686768,1.5616438356164384,1.0,73.0,1.9972213105292964,16,0.9950577724011642
antmaze-medium-stitch-v0,1,gas_reachability_budget_replan_on_local_drift,none,1,20,1,,15,,0.6,,47.8291015625,3.189631938934326,3.5134530067443848,3.6,1.0,30.0,4.0482441014163255,15,1.0
antmaze-medium-stitch-v0,1,gas_reachability_budget_replan_on_local_drift,none,2,21,1,,15,,0.4893617021276595,,60.45756149291992,7.282530307769775,7.282530307769775,8.454545454545455,1.0,11.0,4.692338815025435,18,1.0
antmaze-medium-stitch-v0,1,gas_reachability_budget_replan_on_local_drift,none,3,22,0,,15,104,0.4858490566037736,,26.739938735961918,17.38825798034668,21.04618453979492,4.294736842105263,4.0,95.0,1.7485724472534108,97,1.0
antmaze-medium-stitch-v0,1,gas_reachability_budget_replan_on_local_drift,none,4,23,1,,15,,0.5571428571428572,,46.71644973754883,5.559211254119873,6.839085102081299,5.913043478260869,1.0,23.0,4.288468774481499,28,1.0
antmaze-medium-stitch-v0,1,gas_reachability_budget_replan_on_local_drift,none,5,24,1,,15,,0.5,,49.79296875,6.555670261383057,6.555670261383057,5.071428571428571,1.0,14.0,1.6902930326093317,13,1.0
antmaze-medium-stitch-v0,1,gas_reachability_budget_replan_on_local_drift,none,1,25,1,,15,,0.8870967741935484,,48.08675765991211,0.6931778192520142,2.2019119262695312,1.46,1.0,150.0,5.7692235883460725,61,0.9770023445931673
antmaze-medium-stitch-v0,1,gas_reachability_budget_replan_on_local_drift,none,2,26,1,,15,,0.8089887640449438,,60.20769882202149,2.252523422241211,2.932357788085937,1.8448275862068968,1.0,58.0,3.6627270766691993,17,0.9999695710833154
antmaze-medium-stitch-v0,1,gas_reachability_budget_replan_on_local_drift,none,3,27,1,,15,,0.6515151515151515,,27.012331008911133,2.944368600845337,3.3407390117645264,3.117647058823529,1.0,34.0,2.3547803334095088,17,1.0
antmaze-medium-stitch-v0,1,gas_reachability_budget_replan_on_local_drift,none,4,28,1,,15,,0.631578947368421,,48.13816452026367,5.911188125610352,6.138766765594482,4.318181818181818,1.0,22.0,3.033246414602347,16,1.0
antmaze-medium-stitch-v0,1,gas_reachability_budget_replan_on_local_drift,none,5,29,1,,15,,0.8055555555555556,,48.434852600097656,2.138211965560913,2.138211965560913,1.7083333333333333,1.0,48.0,2.3119998373016077,21,0.9809368595363516
antmaze-medium-stitch-v0,1,gas_reachability_budget_replan_on_local_drift,none,1,30,0,,15,110,0.4977168949771689,,48.94475555419922,43.555301666259766,44.66927337646485,11.145631067961164,11.0,103.0,1.5572537022384343,102,1.0
antmaze-medium-stitch-v0,1,gas_reachability_budget_replan_on_local_drift,none,2,31,1,,15,,0.5853658536585366,,60.47062683105469,6.604836463928223,6.94252872467041,5.9,1.0,10.0,4.51054123835276,16,1.0
antmaze-medium-stitch-v0,1,gas_reachability_budget_replan_on_local_drift,none,3,32,1,,15,,0.6382978723404256,,25.356447219848636,4.427639007568359,4.427639007568359,2.9130434782608696,1.0,23.0,1.203158652076301,8,0.9745558164717674
antmaze-medium-stitch-v0,1,gas_reachability_budget_replan_on_local_drift,none,4,33,1,,15,,0.8490566037735849,,44.646263122558594,1.5162235498428345,1.6197556257247925,1.7024793388429753,1.0,121.0,2.4736163031076375,34,0.9883823929154968
antmaze-medium-stitch-v0,1,gas_reachability_budget_replan_on_local_drift,none,5,34,1,,15,,0.6111111111111112,,49.503028869628906,7.282254219055176,7.282254219055176,4.181818181818182,1.0,11.0,5.1741839681081,11,1.0
antmaze-medium-stitch-v0,1,gas_reachability_budget_replan_on_local_drift,none,1,35,1,,15,,0.8571428571428571,,48.83846282958984,1.0807310342788696,1.1461197137832642,1.6376811594202898,1.0,69.0,9.792137164902387,22,1.0
antmaze-medium-stitch-v0,1,gas_reachability_budget_replan_on_local_drift,none,2,36,1,,15,,0.6521739130434783,,59.918216705322266,5.4012556076049805,5.4012556076049805,3.8125,1.0,16.0,3.507358931106784,13,1.0
antmaze-medium-stitch-v0,1,gas_reachability_budget_replan_on_local_drift,none,3,37,1,,15,,0.6046511627906976,,22.266639709472656,2.75548791885376,2.8200490474700928,3.1666666666666665,1.0,18.0,2.4360926017312097,11,0.9803972136094502
antmaze-medium-stitch-v0,1,gas_reachability_budget_replan_on_local_drift,none,4,38,0,,15,67,0.3666666666666666,,45.88437271118164,45.88437271118164,52.03816223144531,12.066666666666666,12.0,75.0,2.483825184741315,87,1.0
antmaze-medium-stitch-v0,1,gas_reachability_budget_replan_on_local_drift,none,5,39,1,,15,,0.5,,48.20155334472656,7.866474628448486,7.866474628448486,8.166666666666666,2.0,6.0,3.0487494952833627,16,0.994735489409776
antmaze-medium-stitch-v0,1,gas_reachability_budget_replan_on_local_drift,none,1,40,1,,15,,0.7692307692307693,,48.45858001708984,0.9572951793670654,1.780360460281372,2.771428571428572,1.0,35.0,5.257851233003409,13,0.9984467537685164
antmaze-medium-stitch-v0,1,gas_reachability_budget_replan_on_local_drift,none,2,41,1,,15,,0.6666666666666666,,61.330322265625,1.9240790605545044,1.9240790605545044,3.409090909090909,1.0,22.0,4.678577833874124,13,0.9748660365670321
antmaze-medium-stitch-v0,1,gas_reachability_budget_replan_on_local_drift,none,3,42,0,,15,109,0.4931506849315068,,26.36471366882324,25.324094772338867,28.251480102539062,10.0,10.0,107.0,1.4241938426876382,106,1.0
antmaze-medium-stitch-v0,1,gas_reachability_budget_replan_on_local_drift,none,4,43,1,,15,,0.53125,,47.27146911621094,2.853166103363037,3.2650153636932373,3.9583333333333335,1.0,24.0,3.695599474614571,22,0.9944364305707172
antmaze-medium-stitch-v0,1,gas_reachability_budget_replan_on_local_drift,none,5,44,1,,15,,0.8275862068965517,,50.84710693359375,3.662806749343872,5.890503406524658,1.6557377049180328,1.0,61.0,2.232379407041841,21,0.9968606848835881
antmaze-medium-stitch-v0,1,gas_reachability_budget_replan_on_local_drift,none,1,45,1,,15,,0.5964912280701754,,49.41601943969727,3.5790107250213623,3.5790107250213623,5.25,1.0,20.0,7.356054017736386,17,1.0
antmaze-medium-stitch-v0,1,gas_reachability_budget_replan_on_local_drift,none,2,46,1,,15,,0.6,,61.3072509765625,5.917591094970703,6.390264511108398,4.105263157894737,1.0,19.0,1.613258739602654,13,0.9970679970942053
antmaze-medium-stitch-v0,1,gas_reachability_budget_replan_on_local_drift,none,3,47,1,,15,,0.6764705882352942,,26.62399101257324,3.5016539096832275,3.5016539096832275,2.6666666666666665,1.0,15.0,1.6664346017048584,8,0.9737480143191628
antmaze-medium-stitch-v0,1,gas_reachability_budget_replan_on_local_drift,none,4,48,1,,15,,0.847682119205298,,44.23384094238281,2.3138742446899414,2.622728109359741,1.5948275862068966,1.0,116.0,7.324751972672072,39,1.0
antmaze-medium-stitch-v0,1,gas_reachability_budget_replan_on_local_drift,none,5,49,1,,15,,0.6595744680851063,,49.15662384033203,5.743947505950928,5.872251987457275,2.761904761904762,1.0,21.0,1.4307705315052777,11,1.0
antmaze-medium-stitch-v0,1,gas_reachability_budget_replan_on_local_drift,none,1,50,1,,15,,0.8728323699421965,,49.08559036254883,0.7092353701591492,3.3402369022369385,1.7007299270072993,1.0,137.0,7.559372490483648,44,1.0
antmaze-medium-stitch-v0,1,gas_reachability_budget_replan_on_local_drift,none,2,51,1,,15,,0.68,,60.13030624389648,2.0234932899475098,2.071843385696411,3.1818181818181817,1.0,22.0,11.875341060401496,15,0.9952483984014784
antmaze-medium-stitch-v0,1,gas_reachability_budget_replan_on_local_drift,none,3,52,1,,15,,0.8181818181818182,,25.68648338317871,2.796703577041626,2.796703577041626,1.6944444444444444,1.0,36.0,1.4313998737296438,11,0.9853279358631605
antmaze-medium-stitch-v0,1,gas_reachability_budget_replan_on_local_drift,none,4,53,0,,15,95,0.4607843137254901,,46.56155776977539,46.56155776977539,52.26828002929688,13.065217391304348,13.0,92.0,4.635835283039338,94,1.0
antmaze-medium-stitch-v0,1,gas_reachability_budget_replan_on_local_drift,none,5,54,1,,15,,0.6511627906976745,,47.568756103515625,3.182433605194092,4.049962997436523,2.8947368421052637,1.0,19.0,1.6985888296061098,14,0.9702588165254996
antmaze-medium-stitch-v0,1,gas_reachability_budget_replan_on_local_drift,none,1,55,1,,15,,0.8041237113402062,,49.250118255615234,0.8106914162635803,3.209225416183472,1.9230769230769231,1.0,65.0,2.8624853267654125,29,1.0
antmaze-medium-stitch-v0,1,gas_reachability_budget_replan_on_local_drift,none,2,56,1,,15,,0.6607142857142857,,60.9638900756836,5.90953540802002,6.666277885437012,3.1153846153846154,1.0,26.0,2.1345084353475734,12,1.0
antmaze-medium-stitch-v0,1,gas_reachability_budget_replan_on_local_drift,none,3,57,1,,15,,0.6833333333333333,,26.101343154907227,4.190341949462891,4.250810146331787,2.8181818181818183,1.0,33.0,2.159156773262562,14,0.9804282402178678
antmaze-medium-stitch-v0,1,gas_reachability_budget_replan_on_local_drift,none,4,58,1,,15,,0.5119047619047619,,47.45222854614258,2.349177837371826,2.365835428237915,5.354838709677419,1.0,31.0,4.065487099817122,23,0.9936780865224356
antmaze-medium-stitch-v0,1,gas_reachability_budget_replan_on_local_drift,none,5,59,1,,15,,0.7848101265822784,,48.98638916015625,2.9803922176361084,3.151669979095459,1.9791666666666667,1.0,48.0,4.187122591974996,15,0.9930506878552278
antmaze-medium-stitch-v0,1,gas_reachability_budget_replan_on_local_drift,none,1,60,1,,15,,0.8041237113402062,,49.03816604614258,0.4461408853530884,4.587428569793701,1.7730496453900708,1.0,141.0,4.81884967434643,60,1.0
antmaze-medium-stitch-v0,1,gas_reachability_budget_replan_on_local_drift,none,2,61,1,,15,,0.7285714285714285,,61.01143264770508,1.0643075704574585,1.7519965171813965,2.5405405405405403,1.0,37.0,2.433506213975885,19,0.9834084309626848
antmaze-medium-stitch-v0,1,gas_reachability_budget_replan_on_local_drift,none,3,62,1,,15,,0.6764705882352942,,26.880001068115234,3.6416049003601074,3.6416049003601074,2.7857142857142856,1.0,14.0,2.5575872434908784,9,1.0
antmaze-medium-stitch-v0,1,gas_reachability_budget_replan_on_local_drift,none,4,63,0,,15,75,0.4,,45.87442398071289,45.87442398071289,52.30405426025391,12.0875,12.0,80.0,2.4461774708968043,76,1.0
antmaze-medium-stitch-v0,1,gas_reachability_budget_replan_on_local_drift,none,5,64,1,,15,,0.4864864864864865,,48.68518829345703,9.401485443115234,9.596395492553713,8.0,2.0,7.0,2.917422276632027,12,1.0
antmaze-medium-stitch-v0,1,gas_reachability_budget_replan_on_local_drift,none,1,65,1,,15,,0.6619718309859155,,48.87579727172852,2.045940399169922,2.045940399169922,3.5,1.0,34.0,4.703067827066669,15,0.9994583842850986
antmaze-medium-stitch-v0,1,gas_reachability_budget_replan_on_local_drift,none,2,66,1,,15,,0.7638888888888888,,60.76471328735352,4.199234485626221,4.199234485626221,2.090909090909091,1.0,44.0,2.481536528680132,16,0.9817896620198548
antmaze-medium-stitch-v0,1,gas_reachability_budget_replan_on_local_drift,none,3,67,1,,15,,0.7692307692307693,,22.96011734008789,2.1864213943481445,2.598792552947998,1.967741935483871,1.0,31.0,2.0660032369913317,10,0.9908840060366032
antmaze-medium-stitch-v0,1,gas_reachability_budget_replan_on_local_drift,none,4,68,1,,15,,0.4673913043478261,,45.228965759277344,1.5553432703018188,2.197316169738769,8.2375,1.0,80.0,5.324398231649697,58,0.9984113019154373
antmaze-medium-stitch-v0,1,gas_reachability_budget_replan_on_local_drift,none,5,69,1,,15,,0.6938775510204082,,48.57781219482422,5.981571197509766,5.981571197509766,2.458333333333333,1.0,24.0,3.8889534202068576,14,1.0
antmaze-medium-stitch-v0,1,gas_reachability_budget_replan_on_local_drift,none,1,70,1,,15,,0.6307692307692307,,47.70180892944336,1.6361323595046997,2.6771488189697266,4.115384615384615,1.0,26.0,5.619215748780228,19,1.0
antmaze-medium-stitch-v0,1,gas_reachability_budget_replan_on_local_drift,none,2,71,1,,15,,0.627906976744186,,61.03154373168945,4.323153495788574,4.323153495788574,4.4,1.0,15.0,2.561341531615945,13,0.9887921588805441
antmaze-medium-stitch-v0,1,gas_reachability_budget_replan_on_local_drift,none,3,72,1,,15,,0.6956521739130435,,25.06109619140625,2.341757774353028,2.341757774353028,2.5416666666666665,1.0,24.0,2.2703326308542526,8,0.9939525083174416
antmaze-medium-stitch-v0,1,gas_reachability_budget_replan_on_local_drift,none,4,73,1,,15,,0.6271186440677966,,43.74125289916992,3.92828631401062,3.92828631401062,3.739130434782609,1.0,23.0,3.556068908531075,16,1.0
antmaze-medium-stitch-v0,1,gas_reachability_budget_replan_on_local_drift,none,5,74,1,,15,,0.6,,47.82966232299805,7.49822473526001,7.632386684417725,6.0,1.0,8.0,2.503492896012386,15,1.0
antmaze-medium-stitch-v0,1,gas_reachability_budget_replan_on_local_drift,none,1,75,1,,15,,0.6666666666666666,,47.74174499511719,3.5290822982788086,3.5290822982788086,3.56,1.0,25.0,4.057405820470786,14,1.0
antmaze-medium-stitch-v0,1,gas_reachability_budget_replan_on_local_drift,none,2,76,1,,15,,0.6666666666666666,,60.96408462524414,5.542166709899902,7.906023025512695,3.388888888888889,1.0,18.0,3.769614595348978,16,1.0
antmaze-medium-stitch-v0,1,gas_reachability_budget_replan_on_local_drift,none,3,77,1,,15,,0.5714285714285714,,20.768129348754883,4.250875473022461,4.250875473022461,3.631578947368421,1.0,19.0,2.566677545089008,12,0.9876300435057829
antmaze-medium-stitch-v0,1,gas_reachability_budget_replan_on_local_drift,none,4,78,1,,15,,0.6333333333333333,,46.51115036010742,2.7312116622924805,2.7312116622924805,4.775,1.0,40.0,2.9565097859581395,27,1.0
antmaze-medium-stitch-v0,1,gas_reachability_budget_replan_on_local_drift,none,5,79,1,,15,,0.7241379310344828,,49.240352630615234,3.1933016777038574,4.790693759918213,2.433333333333333,1.0,30.0,2.2318347275339967,11,0.9970355298242988
antmaze-medium-stitch-v0,1,gas_reachability_budget_replan_on_local_drift,none,1,80,1,,15,,0.5866666666666667,,48.604148864746094,3.930753946304321,3.930753946304321,5.068965517241379,1.0,29.0,8.419912257393388,29,1.0
antmaze-medium-stitch-v0,1,gas_reachability_budget_replan_on_local_drift,none,2,81,1,,15,,0.7166666666666667,,60.395809173583984,3.436861038208008,3.617053508758545,2.7241379310344827,1.0,29.0,5.294534986075817,14,0.9878406309539881
antmaze-medium-stitch-v0,1,gas_reachability_budget_replan_on_local_drift,none,3,82,0,,15,43,0.5,,21.43995475769043,17.4520206451416,20.69492530822754,4.416666666666667,4.0,36.0,1.7215288625609224,39,1.0
antmaze-medium-stitch-v0,1,gas_reachability_budget_replan_on_local_drift,none,4,83,1,,15,,0.5903614457831325,,44.53363037109375,3.957501173019409,4.258447647094727,4.621621621621622,1.0,37.0,2.748696760469412,21,1.0
antmaze-medium-stitch-v0,1,gas_reachability_budget_replan_on_local_drift,none,5,84,1,,15,,0.7777777777777778,,49.11676406860352,2.294344425201416,2.568687915802002,1.8297872340425527,1.0,47.0,1.5725265413558085,12,0.9829588334382297
antmaze-medium-stitch-v0,1,gas_reachability_budget_replan_on_local_drift,none,1,85,1,,15,,0.7590361445783133,,48.70433044433594,2.000457763671875,2.000457763671875,3.3191489361702127,1.0,47.0,6.086066790413417,18,1.0
antmaze-medium-stitch-v0,1,gas_reachability_budget_replan_on_local_drift,none,2,86,1,,15,,0.7142857142857143,,61.78890228271485,4.267297744750977,4.408186912536621,3.0,1.0,25.0,4.365660366568884,16,1.0
antmaze-medium-stitch-v0,1,gas_reachability_budget_replan_on_local_drift,none,3,87,1,,15,,0.673469387755102,,21.84162139892578,1.7294200658798218,1.7294200658798218,2.6,1.0,25.0,3.2727079236985435,12,0.9941558941084554
antmaze-medium-stitch-v0,1,gas_reachability_budget_replan_on_local_drift,none,4,88,0,,15,28,0.375,,47.47576904296875,47.47576904296875,51.73772430419922,15.0,14.0,21.0,3.091097989770413,34,1.0
antmaze-medium-stitch-v0,1,gas_reachability_budget_replan_on_local_drift,none,5,89,0,,15,43,0.5,,46.52120208740234,29.224462509155277,33.6705207824707,9.117647058823527,9.0,34.0,1.844326641918715,35,1.0
antmaze-medium-stitch-v0,1,gas_reachability_budget_replan_on_local_drift,none,1,90,1,,15,,0.639344262295082,,47.66877746582031,3.627816200256348,3.7098450660705566,3.8260869565217392,1.0,23.0,4.990355643306869,16,1.0
antmaze-medium-stitch-v0,1,gas_reachability_budget_replan_on_local_drift,none,2,91,1,,15,,0.66,,60.21477508544922,2.5407257080078125,2.5407257080078125,3.684210526315789,1.0,19.0,4.342880807583622,16,0.9862342232878758
antmaze-medium-stitch-v0,1,gas_reachability_budget_replan_on_local_drift,none,3,92,1,,15,,0.6551724137931034,,24.362943649291992,1.7236100435256958,2.1146275997161865,3.3076923076923075,1.0,26.0,2.7854238718324775,23,0.9976961235071504
antmaze-medium-stitch-v0,1,gas_reachability_budget_replan_on_local_drift,none,4,93,0,,15,22,0.3181818181818182,,46.85771179199219,46.65460586547852,52.32868576049805,12.375,13.0,24.0,2.8915309785754038,28,1.0
antmaze-medium-stitch-v0,1,gas_reachability_budget_replan_on_local_drift,none,5,94,1,,15,,0.64,,47.47723007202149,2.384072542190552,2.384072542190552,3.0,1.0,21.0,5.470782786028853,11,0.9904336776907764
antmaze-medium-stitch-v0,1,gas_reachability_budget_replan_on_local_drift,none,1,95,1,,15,,0.7068965517241379,,48.60921859741211,1.0798527002334597,2.149360656738281,3.5384615384615383,1.0,26.0,2.73013019413853,12,0.9786428345908805
antmaze-medium-stitch-v0,1,gas_reachability_budget_replan_on_local_drift,none,2,96,1,,15,,0.7605633802816901,,60.29301071166992,4.299424171447754,4.439034461975098,2.268292682926829,1.0,41.0,1.037840613356077,15,0.9949853615287978
antmaze-medium-stitch-v0,1,gas_reachability_budget_replan_on_local_drift,none,3,97,1,,15,,0.7142857142857143,,25.10579872131348,2.561943769454956,2.799173355102539,2.571428571428572,1.0,21.0,3.76829808359036,8,0.9895793679316353
antmaze-medium-stitch-v0,1,gas_reachability_budget_replan_on_local_drift,none,4,98,0,,15,19,0.2857142857142857,,47.127418518066406,47.02619552612305,51.200313568115234,12.05,13.0,20.0,3.2604368387871143,26,1.0
antmaze-medium-stitch-v0,1,gas_reachability_budget_replan_on_local_drift,none,5,99,1,,15,,0.5142857142857142,,48.38680648803711,9.132698059082031,9.132698059082031,8.857142857142858,2.0,7.0,3.9817321919579864,13,1.0
