method,num_queries,num_reachable,path_coverage,mean_path_length,mean_planning_path_cost,mean_base_path_cost,mean_edge_proxy_score,mean_min_edge_proxy_score,mean_heldout_support_lcb,mean_min_heldout_support_lcb,mean_edge_policy_support_score,mean_edge_ood_score,mean_outgoing_incompatible_fraction,mean_outgoing_termination_bridge_coverage,mean_uncertified_edge_fraction,mean_low_proxy_edge_fraction,mean_low_support_lcb_edge_fraction,mean_high_ood_edge_fraction,mean_high_incompat_edge_fraction,mean_bottleneck_edge_fraction,mean_proxy_path_success_reachable,mean_proxy_path_success_over_all,num_graph_nodes,num_graph_edges,planner_method,risk_weight,ood_weight,incompat_weight,uncertified_weight,min_proxy_score,min_heldout_support_lcb,high_ood_threshold,high_incompat_threshold,sweep_id,coverage_cost_ratio,risk_cleanliness_score,coverage_risk_score,is_pareto
floor_proxy_penalized_s0000,500,283,0.566,5.646643109540636,50.55063453182929,50.55063453182929,0.21336905274468362,0.05951733658354987,0.13706627230241988,0.026980577364727247,0.5244934028180179,0.5295123442150399,0.37637467802329755,0.24307051702963925,0.9236836449602408,0.0,0.0,0.5076178451178451,0.2311907064566639,0.5515697757719035,0.00196556157923683,0.0011125078538480459,120,582,floor_proxy_penalized,0.0,0.0,0.0,0.0,0.0,0.0,0.5,0.5,0,0.011196694269853667,0.306818282470244,0.1736591478781581,True
floor_proxy_penalized_s0003,500,272,0.544,6.481617647058823,54.263905256750554,54.263905256750554,0.2750644444589794,0.2039423604032505,0.16795627453786613,0.06414385737576596,0.6723916626687295,0.41678873797177896,0.3274440253756279,0.24622969679285936,0.9078135067064956,0.0,0.0,0.34192731213026417,0.1414850934223628,0.5463480349089205,0.0026046241289008746,0.0014169155261220757,120,492,floor_proxy_penalized,0.0,0.0,0.0,0.0,0.05,0.0,0.5,0.5,3,0.010025080160118502,0.3961345445363988,0.21549719222780095,True
floor_proxy_penalized_s0009,500,249,0.498,7.4417670682730925,62.373989318314194,62.373989318314194,0.28338708743151625,0.22960879626280212,0.17674895922053976,0.06531925663310227,0.6835851218704457,0.411555524973682,0.3274079531230577,0.24868566170508571,0.9129002059504906,0.0,0.0,0.3200873196485151,0.13126091834583295,0.5119394586543543,0.0028208208382167863,0.0014047687774319598,120,440,floor_proxy_penalized,0.0,0.0,0.0,0.0,0.2,0.0,0.5,0.5,9,0.007984097304704185,0.40842186230770067,0.20339408742923493,True
floor_proxy_penalized_s0011,500,242,0.484,7.847107438016529,64.6829542210445,64.6829542210445,0.2872889260800921,0.23135195354855492,0.19126256633218586,0.09282948679963182,0.6655875762924491,0.3967809396227038,0.30944096872331023,0.24857410270728403,0.9010402349243349,0.0,0.0,0.2818181986871529,0.11459004220190197,0.501324288283745,0.0027530487459292447,0.0013324755930297547,120,406,floor_proxy_penalized,0.0,0.0,0.0,0.0,0.2,0.05,0.5,0.5,11,0.007482651431565742,0.4250332088134702,0.20571607306571957,True
floor_proxy_penalized_s0012,500,283,0.566,5.795053003533569,94.53285602610528,51.6488363129524,0.2346555323876936,0.07603804757849031,0.16135408596418438,0.032080363923292624,0.5629517762686707,0.516639991185754,0.37736073753772587,0.24642857489623915,0.8378208375548801,0.0,0.0,0.4732171000788022,0.23264381402679274,0.5625239220983902,0.0021495662070261856,0.001216654473176821,120,582,floor_proxy_penalized,0.0,0.0,0.0,1.0,0.0,0.0,0.5,0.5,12,0.01095862056930912,0.33874207637643994,0.191728015229065,True
floor_proxy_penalized_s0013,500,283,0.566,6.3992932862190814,100.43430741557022,54.961607603126275,0.26571341917320374,0.13805685873243823,0.17767525786097552,0.059021482328447845,0.6377398046350661,0.4568618544410321,0.35957227390621926,0.24778325471981333,0.8387008381689233,0.0,0.0,0.37531226653567085,0.20409924984393069,0.5731808971170673,0.0024025024953862563,0.0013598164123886209,120,507,floor_proxy_penalized,0.0,0.0,0.0,1.0,0.0,0.01,0.5,0.5,13,0.01029809761182832,0.3795239524089778,0.2148105570634814,True
floor_proxy_penalized_s0015,500,272,0.544,6.569852941176471,100.63283208649294,55.281367444495864,0.2851382017794944,0.2048154144792702,0.18291516857162501,0.061919875239540595,0.6857088451743112,0.41602186755467885,0.3349592663018467,0.24886676561260662,0.833022901657588,0.0,0.0,0.33361740760264746,0.15350553505535053,0.5526987055584841,0.002600225765663345,0.0014145228165208597,120,492,floor_proxy_penalized,0.0,0.0,0.0,1.0,0.05,0.0,0.5,0.5,15,0.009840566996577866,0.4135169477470619,0.22495321957440167,True
floor_proxy_penalized_s0018,500,272,0.544,6.580882352941177,100.73855365979752,55.34910053950486,0.28553378401577184,0.20644582712218013,0.18309437964654426,0.062226774707431855,0.6863611414234748,0.41520086334176065,0.3343353792652026,0.24904618434868245,0.8326581577504086,0.0,0.0,0.3318985852196184,0.15236338077666492,0.5527253292013439,0.0026011388798756465,0.001415019550652352,120,489,floor_proxy_penalized,0.0,0.0,0.0,1.0,0.1,0.0,0.5,0.5,18,0.009828524667925281,0.4145240166044065,0.22550106503279715,True
floor_proxy_penalized_s0019,500,272,0.544,6.661764705882353,101.41164261981666,55.685645019514425,0.2857275334803406,0.20668053863588687,0.18411739663173338,0.06487622622021455,0.6845036407595362,0.4126095049388725,0.33439604488036223,0.24881647033199755,0.8343743177691516,0.0,0.0,0.32605749109439147,0.15096058103438176,0.5596895417006117,0.0025749116186857446,0.0014007519205650452,120,486,floor_proxy_penalized,0.0,0.0,0.0,1.0,0.1,0.01,0.5,0.5,19,0.009769124516908463,0.4158811090739391,0.22623932333622288,True
floor_proxy_penalized_s0021,500,249,0.498,7.610441767068273,116.17044053741776,63.63827606419658,0.29335619812318703,0.2301518244064147,0.19440001071295188,0.06973694072751173,0.6917625509737305,0.40707380715183916,0.33167333833994994,0.2496782417307015,0.8345944697675572,0.0,0.0,0.30472536891823065,0.13651245588527122,0.5293023849562225,0.0028092970555095337,0.001399029933643748,120,440,floor_proxy_penalized,0.0,0.0,0.0,1.0,0.2,0.0,0.5,0.5,21,0.007825479110993374,0.42974390810966145,0.2140124662386114,True
floor_proxy_penalized_s0023,500,242,0.484,8.02892561983471,120.44157124567585,65.72268161610211,0.2942836950843001,0.23157463531354436,0.20260344843481373,0.09319410883379936,0.6741771811267805,0.39301539847405037,0.31621840564693726,0.2471613419456598,0.8427591822740447,0.0,0.0,0.2621514848528782,0.12076985071647126,0.5163737563200055,0.0027059525043614217,0.0013096810121109282,120,406,floor_proxy_penalized,0.0,0.0,0.0,1.0,0.2,0.05,0.5,0.5,23,0.007364276503918848,0.4416995131809928,0.21378256437960053,True
floor_proxy_penalized_s0037,500,283,0.566,6.480565371024735,120.82949132293892,55.332979403561254,0.26641431456600695,0.14671309430636287,0.17507906985384195,0.05899718123000026,0.6408247675914981,0.45041802293396066,0.3376256524411708,0.25270982278177917,0.8415524290524291,0.0,0.0,0.3747075619416045,0.18574946527074188,0.5593284670412331,0.002439790415274726,0.001380921375045495,120,507,floor_proxy_penalized,0.0,0.0,1.0,1.0,0.0,0.01,0.5,0.5,37,0.010228981090499023,0.3839565415790859,0.21731940253376258,True
floor_proxy_penalized_s0045,500,249,0.498,7.670682730923695,137.89177959517332,63.977563152827756,0.29309311049905146,0.23059800646998718,0.19377944286474286,0.0733940520892191,0.6899783879228687,0.403905169004137,0.3162686618763323,0.2529691340905447,0.8382334887102331,0.0,0.0,0.30742497401388397,0.1311019586374668,0.5278789689177789,0.002835673829896963,0.001412165567288688,120,440,floor_proxy_penalized,0.0,0.0,1.0,1.0,0.2,0.0,0.5,0.5,45,0.007783978874131107,0.42952340559462926,0.21390265598612537,True
floor_proxy_penalized_s0047,500,242,0.484,8.00413223140496,141.91999183525945,65.89802346439808,0.29486568185824097,0.23235018758430462,0.20299126335164072,0.09650969757247448,0.6747758589083698,0.3919000031204462,0.3045161372786672,0.25187960054296554,0.844454268977448,0.0,0.0,0.2706856820979394,0.12018459808601223,0.5193641951954671,0.0027347522938687566,0.0013236201102324785,120,406,floor_proxy_penalized,0.0,0.0,1.0,1.0,0.2,0.05,0.5,0.5,47,0.00734468159369734,0.4400033803549091,0.21296163609177599,True
floor_proxy_penalized_s0060,500,283,0.566,6.053003533568905,121.32585866597077,52.718682283809244,0.2601630559027616,0.10414257397597626,0.16950075447438845,0.03773152362200061,0.6228283832494415,0.45857042998341935,0.36307833850640336,0.24764405491087174,0.8317080378250591,0.0,0.0,0.3889676910953507,0.1983479680288191,0.545413993020376,0.0022183294697746578,0.0012555744798924565,120,582,floor_proxy_penalized,0.0,1.0,0.0,1.0,0.0,0.0,0.5,0.5,60,0.010736231929185143,0.3709239263002272,0.20994294228592858,True
floor_proxy_penalized_s0061,500,283,0.566,6.636042402826855,125.83862467970047,55.95875896891523,0.27953933404051495,0.1664942553843758,0.18315439541000963,0.06081351610347785,0.6633159727720991,0.41670638844080504,0.3511154534765646,0.24897615293599584,0.8281758824312015,0.0,0.0,0.31641503689376027,0.18079899808623212,0.5517142038418634,0.0024488542178569012,0.0013860514873070065,120,507,floor_proxy_penalized,0.0,1.0,0.0,1.0,0.0,0.01,0.5,0.5,61,0.010114591717704279,0.4048517466766383,0.22914608861897726,True
floor_proxy_penalized_s0062,500,276,0.552,7.021739130434782,128.74730597339257,57.816775149839316,0.2867424519590246,0.19584070207521534,0.19350433568079609,0.08683981329652123,0.6612193934704231,0.38968493868735976,0.3231973511136931,0.2479036396004114,0.8356943460579823,0.0,0.0,0.26006821461366914,0.15135983208710482,0.539051948051948,0.002408988324623415,0.001329761555192125,120,452,floor_proxy_penalized,0.0,1.0,0.0,1.0,0.0,0.05,0.5,0.5,62,0.009547402091684011,0.428444528999451,0.23650138000769697,True
floor_proxy_penalized_s0063,500,272,0.544,6.6838235294117645,124.17672642011381,55.76165789537742,0.2894540153626799,0.21543703216158913,0.1865403045097604,0.06566955962501167,0.6871355908913016,0.3986039997700781,0.3321547545832601,0.2510425491962846,0.8257204357757862,0.0,0.0,0.2991609558952732,0.1506311134539917,0.5483760909037662,0.0026132306029571757,0.0014215974480087038,120,492,floor_proxy_penalized,0.0,1.0,0.0,1.0,0.05,0.0,0.5,0.5,63,0.009755807494473672,0.42529296630925967,0.23135937367223727,True
floor_proxy_penalized_s0066,500,272,0.544,6.6911764705882355,124.27072517150084,55.80885162663986,0.28964622405405355,0.21668110609255525,0.18670261988282497,0.06597645909290292,0.6873682656501413,0.39837689153542866,0.3317659923468437,0.2511319363525786,0.8257949819757937,0.0,0.0,0.29823285570518043,0.15010396532536757,0.5482269985037512,0.0026138420718012597,0.0014219300870598856,120,489,floor_proxy_penalized,0.0,1.0,0.0,1.0,0.1,0.0,0.5,0.5,66,0.009747557674889095,0.4258503845938077,0.2316626092190314,True
floor_proxy_penalized_s0067,500,272,0.544,6.772058823529412,124.8872186314258,56.14539610664942,0.2898327031776712,0.216915817606262,0.18771029109407064,0.06862591060568561,0.685531037903432,0.395826993772926,0.3318438634912014,0.250889950444222,0.8275477495034691,0.0,0.0,0.2924576550960315,0.14870116558308438,0.5552790690244565,0.0025877184181021047,0.001407718819447545,120,486,floor_proxy_penalized,0.0,1.0,0.0,1.0,0.1,0.01,0.5,0.5,67,0.00968912925588164,0.42718390770354964,0.23238804579073102,True
floor_proxy_penalized_s0068,500,265,0.53,7.007547169811321,127.20963877646619,57.36694848154547,0.29060025765388775,0.21876059228785655,0.19439311594409084,0.08746807653076226,0.6708974724348236,0.38484089859889054,0.3157157617281174,0.2495251505613429,0.8325672854081945,0.0,0.0,0.2589664228868775,0.135588159735887,0.5408858607722243,0.002518511204086656,0.0013348109381659274,120,443,floor_proxy_penalized,0.0,1.0,0.0,1.0,0.1,0.05,0.5,0.5,68,0.009238769257013857,0.43720636804019775,0.23171937506130483,True
floor_proxy_penalized_s0069,500,249,0.498,7.7269076305220885,143.02105410785902,64.17454688706553,0.294961750627887,0.2303691280136384,0.19490648424708362,0.06878824007199782,0.6911477125598384,0.39672987177716434,0.328854705971533,0.25137793475011594,0.8264294277013883,0.0,0.0,0.28369228773654104,0.13383507301856382,0.5330123169328805,0.0028166812808869527,0.0014027072778817027,120,440,floor_proxy_penalized,0.0,1.0,0.0,1.0,0.2,0.0,0.5,0.5,69,0.0077600859555172425,0.4362637647608458,0.2172593548509012,True
floor_proxy_penalized_s0071,500,242,0.484,8.140495867768594,147.1677967695468,66.24527869566019,0.29592118377008686,0.23128484722559045,0.20200632103348254,0.09087032091516971,0.6772584494775993,0.38382114328572836,0.3147344362981884,0.2489658908102789,0.8357716870226023,0.0,0.0,0.24616321519177267,0.12092825402930357,0.5209341869947192,0.002736020667489552,0.001324234003064943,120,406,floor_proxy_penalized,0.0,1.0,0.0,1.0,0.2,0.05,0.5,0.5,71,0.007306181052140512,0.44608560240307893,0.2159054315630902,True
floor_proxy_penalized_s0084,500,283,0.566,6.169611307420495,140.4235029842513,52.976422142281976,0.26001500095917685,0.11566105101045121,0.16693550277412358,0.04127734700268208,0.6205296732386728,0.44603624039627676,0.3235693663793334,0.24861989471051862,0.8492288641224811,0.0,0.0,0.3735210514465834,0.14199313295057975,0.5461189913317572,0.0024120847278241873,0.00136523995594849,120,582,floor_proxy_penalized,0.0,1.0,1.0,1.0,0.0,0.0,0.5,0.5,84,0.010683998222451859,0.38357070105298613,0.21710101679599014,True
floor_proxy_penalized_s0085,500,283,0.566,6.787985865724382,145.25742667461736,56.27282962232977,0.28082860744846844,0.18456009234920515,0.17903158206527764,0.06563536646748992,0.663946309177459,0.39855128401073303,0.31133984767343426,0.2502062211408183,0.8507738223163755,0.0,0.0,0.287736662470705,0.1291033434650456,0.5366798685947622,0.002440865359978691,0.0013815297937479392,120,507,floor_proxy_penalized,0.0,1.0,1.0,1.0,0.0,0.01,0.5,0.5,85,0.01005814002598874,0.4191955692324713,0.23726469218557875,True
floor_proxy_penalized_s0086,500,276,0.552,7.072463768115942,147.9059242226538,57.85337376947796,0.2847232394633163,0.1975825396419756,0.18800987127313748,0.08683560419149713,0.6576783617419997,0.3860959824727206,0.30158400793130224,0.2482882162388831,0.8484201757838121,0.0,0.0,0.25461222615768064,0.12473934146661417,0.5352424242424242,0.002401809517581799,0.0013257988537051528,120,452,floor_proxy_penalized,0.0,1.0,1.0,1.0,0.0,0.05,0.5,0.5,86,0.009541362310165252,0.4315641335014012,0.23822340169277348,True
floor_proxy_penalized_s0087,500,272,0.544,6.720588235294118,142.8976268381756,55.639916756854106,0.28586822576558923,0.21389592926907106,0.17907611823986783,0.06570016522475791,0.6804203914031811,0.39375056883012405,0.3057785597838971,0.25194879629812506,0.8472163650207931,0.0,0.0,0.29478562642769285,0.11805628770573419,0.5297414045569028,0.002583049958632971,0.0014051791774963365,120,492,floor_proxy_penalized,0.0,1.0,1.0,1.0,0.05,0.0,0.5,0.5,87,0.009777153376725467,0.4265827536709438,0.23206101799699344,True
floor_proxy_penalized_s0090,500,272,0.544,6.727941176470588,142.96659409154546,55.68342850333397,0.28594785557388436,0.21471259261434092,0.17931223824698897,0.06607372925249028,0.6801685573047578,0.3935125904086892,0.3054086242663601,0.25189463804877776,0.8472909112208006,0.0,0.0,0.29385752623760003,0.11805628770573419,0.5295923121568877,0.002583045354108824,0.0014051766726352003,120,489,floor_proxy_penalized,0.0,1.0,1.0,1.0,0.1,0.0,0.5,0.5,90,0.009769513383455344,0.4269640211394391,0.23226842749985488,True
floor_proxy_penalized_s0095,500,242,0.484,8.061983471074381,168.72938523131646,65.78473930376501,0.29491056609715477,0.23177514961416834,0.19927912845120313,0.09145795252724537,0.6773437275875445,0.3840165445792621,0.30562740945131744,0.24987202338732356,0.8477828930031496,0.0,0.0,0.25202008789575514,0.12268646798578563,0.5238327565175949,0.0027381475500937746,0.001325263414245387,120,406,floor_proxy_penalized,0.0,1.0,1.0,1.0,0.2,0.05,0.5,0.5,95,0.007357329452429701,0.4417129658361362,0.2137890754646899,True
floor_proxy_penalized_s0096,500,283,0.566,5.6749116607773855,89.7527837501149,50.816378345429776,0.23634637628004937,0.08827370772048668,0.15207063733980802,0.03461263738180623,0.5839524957783846,0.5101462002578966,0.37235905074652537,0.24445741608911367,0.8946225169629426,0.0,0.0,0.4903348326220667,0.2274264939158556,0.5513341367064771,0.002415704781128647,0.001367288906118814,120,582,floor_proxy_penalized,1.0,0.0,0.0,0.0,0.0,0.0,0.5,0.5,96,0.011138141253446955,0.32559210031188596,0.18428512877652745,True
floor_proxy_penalized_s0097,500,283,0.566,6.328621908127208,94.0525289599245,54.13103973597868,0.2622878832129386,0.14800175172529909,0.16675514745681344,0.06035837402486602,0.6398861042741549,0.45379125139171905,0.3581789227977171,0.24668391726448094,0.8949810925874755,0.0,0.0,0.38060467900893435,0.20625083151678894,0.5543485769549599,0.0024554681581746003,0.0013897949775268242,120,507,floor_proxy_penalized,1.0,0.0,0.0,0.0,0.0,0.01,0.5,0.5,97,0.010456108043751522,0.3665840592137828,0.20748657751500105,True
floor_proxy_penalized_s0099,500,272,0.544,6.481617647058823,93.3084718246231,54.29347310683623,0.2792635294319353,0.20963944808749937,0.17287952662401726,0.06512179537004968,0.6787490860799418,0.41416298379244326,0.3326124164302867,0.24686426293254732,0.8977932993615649,0.0,0.0,0.3376969483980554,0.15433872195864815,0.539016283019973,0.002649394629285595,0.0014412706783313639,120,492,floor_proxy_penalized,1.0,0.0,0.0,0.0,0.05,0.0,0.5,0.5,99,0.010019620570773609,0.3985380009986496,0.2168046725432654,True
floor_proxy_penalized_s0102,500,272,0.544,6.4963235294117645,93.43147521360066,54.405255367597874,0.2802199379153984,0.2152207981188399,0.17181190215293016,0.06349240742770247,0.6826266776583279,0.4129653273418571,0.33156541631897457,0.24745138020438268,0.8969014073257615,0.0,0.0,0.335890267993589,0.15008492942072277,0.5379007523841473,0.002651830079737725,0.0014425955633773225,120,489,floor_proxy_penalized,1.0,0.0,0.0,0.0,0.1,0.0,0.5,0.5,102,0.009999034033098023,0.40083121910633934,0.21805218319384861,True
floor_proxy_penalized_s0105,500,249,0.498,7.4417670682730925,106.81252126144413,62.388524595376545,0.28620351003603534,0.23013062145900906,0.18121332025440343,0.06667380895189551,0.6867538261285053,0.40991511784372603,0.3270061978869131,0.24836214765595974,0.8976112274558669,0.0,0.0,0.3183592090494367,0.13918142525827537,0.5191015170260901,0.002845122170889605,0.0014168708411030236,120,440,floor_proxy_penalized,1.0,0.0,0.0,0.0,0.2,0.0,0.5,0.5,105,0.007982237169893028,0.41123841598996674,0.20479673116300343,True
floor_proxy_penalized_s0107,500,242,0.484,7.838842975206612,110.51920138938375,64.71379011308979,0.29025060925790075,0.23188921379445385,0.19355812154428506,0.09169070880995182,0.672889507930249,0.394964696535415,0.3115850000333908,0.24964269575252504,0.889728241247196,0.0,0.0,0.27462429761358376,0.1221840618291166,0.5014395487724496,0.0027894340431406433,0.0013500860768800712,120,406,floor_proxy_penalized,1.0,0.0,0.0,0.0,0.2,0.05,0.5,0.5,107,0.007479085974630628,0.42778214692976846,0.20704655911400793,True
floor_proxy_penalized_s0108,500,283,0.566,5.784452296819788,133.80966292435764,51.62089083081994,0.24343080711373893,0.08571138495221227,0.16293018502950934,0.03319966629829417,0.5903233476936314,0.5076505923251372,0.379528109805782,0.24688489457469182,0.842869807497467,0.0,0.0,0.4705744117978161,0.2305499268265226,0.5612067995046718,0.002215979394599407,0.0012542443373432645,120,582,floor_proxy_penalized,1.0,0.0,0.0,1.0,0.0,0.0,0.5,0.5,108,0.010964553127434079,0.3409294847719832,0.19296608838094248,True
floor_proxy_penalized_s0109,500,283,0.566,6.381625441696113,140.58444469739104,54.842305173033324,0.2677272140921133,0.14327859711526444,0.17724372965032026,0.05815273827132831,0.64319674717076,0.45424496227712263,0.36377963326840396,0.24837813122913435,0.8435429523195481,0.0,0.0,0.37234029760625503,0.21355973616611915,0.5629731970157502,0.002456549100968989,0.0013904067911484476,120,507,floor_proxy_penalized,1.0,0.0,0.0,1.0,0.0,0.01,0.5,0.5,109,0.010320499807843773,0.3782158681347324,0.2140701813642585,True
floor_proxy_penalized_s0111,500,272,0.544,6.551470588235294,139.87586202550764,55.15851901442812,0.2866864756436615,0.20953164998052443,0.18286829775180513,0.061114941487607814,0.6896876684471664,0.41336772162264207,0.3389491919153885,0.24937492423751934,0.837973701165583,0.0,0.0,0.33026123118374034,0.164294500087858,0.5459380308088795,0.0026608007232293445,0.0014474755934367636,120,492,floor_proxy_penalized,1.0,0.0,0.0,1.0,0.05,0.0,0.5,0.5,111,0.009862483796160353,0.4119741030590296,0.2241139120641121,True
floor_proxy_penalized_s0114,500,272,0.544,6.5661764705882355,140.00365379391872,55.23655674930803,0.2871231478608524,0.2115364694071778,0.18313504248933607,0.061421840955499074,0.690279973810187,0.4125004426460806,0.3381184201568361,0.24945528144568646,0.837169667151217,0.0,0.0,0.32845455077927405,0.1624494816376735,0.5459646544517393,0.002661523825056687,0.0014478689608308378,120,489,floor_proxy_penalized,1.0,0.0,0.0,1.0,0.1,0.0,0.5,0.5,114,0.009848550163417182,0.41331956246566987,0.22484584198132443,True
floor_proxy_penalized_s0115,500,272,0.544,6.647058823529412,140.89222489939758,55.5731012293176,0.2873168973254212,0.21177118092088454,0.18415805947452515,0.06407129246828176,0.6884224731462484,0.4099090842431925,0.3381790857719956,0.24922556742900157,0.83888582716996,0.0,0.0,0.32261345665404706,0.16104668189539037,0.5529288669510071,0.0026352965638667854,0.0014336013307435311,120,486,floor_proxy_penalized,1.0,0.0,0.0,1.0,0.1,0.01,0.5,0.5,115,0.009788908446106526,0.41467665493520245,0.22558410028475015,True
floor_proxy_penalized_s0116,500,265,0.53,6.837735849056604,144.25123690184597,56.60003858249141,0.2880131686391778,0.21737617715924615,0.1917167004777241,0.08573102334338781,0.6713524003111657,0.3986260233899932,0.31946957501690093,0.24894416005177783,0.8538936442345533,0.0,0.0,0.2897399317853863,0.14573276050548775,0.5396668251781889,0.002601619447302397,0.00137885830707027,120,443,floor_proxy_penalized,1.0,0.0,0.0,1.0,0.1,0.05,0.5,0.5,116,0.009363951214053583,0.4239453082223085,0.22469101335782354,True
floor_proxy_penalized_s0117,500,249,0.498,7.562248995983936,160.92003333674177,63.390269630485534,0.2928761489685053,0.23033881037716747,0.19115864768579552,0.06560707221588165,0.6953416424906336,0.40965320343959705,0.3313481099062826,0.2498855090744134,0.8431326162089295,0.0,0.0,0.31076255529815905,0.1372229013537812,0.5363844382076305,0.0028641242670021994,0.0014263338849670956,120,440,floor_proxy_penalized,1.0,0.0,0.0,1.0,0.2,0.0,0.5,0.5,117,0.007856095310888262,0.42607587704041866,0.21218578676612848,True
floor_proxy_penalized_s0119,500,242,0.484,7.851239669421488,166.5119112990989,65.1158108206046,0.29390536964023756,0.23214435018793517,0.19969602097620562,0.09086199562771179,0.678464971088798,0.395749452897876,0.3144794918739576,0.24915892391070632,0.8579039379389443,0.0,0.0,0.27615561553494317,0.12592179481996163,0.5162752202471252,0.002814278557820246,0.0013621108219849989,120,406,floor_proxy_penalized,1.0,0.0,0.0,1.0,0.2,0.05,0.5,0.5,119,0.007432910592688925,0.4343718045740584,0.21023595341384424,True
floor_proxy_penalized_s0120,500,283,0.566,5.819787985865724,108.66330969206327,51.431490133840434,0.2422113936261084,0.10116084042344686,0.1502336457167893,0.0359277310985008,0.5956980188433706,0.48654497857146134,0.3316317431138226,0.2487167244503637,0.9036692917012067,0.0,0.0,0.4517639669235414,0.16077249188951317,0.538530185338696,0.0024431579228408715,0.0013828273843279333,120,582,floor_proxy_penalized,1.0,0.0,1.0,0.0,0.0,0.0,0.5,0.5,120,0.011004930997081656,0.347037747125195,0.19642336487286033,True
floor_proxy_penalized_s0133,500,283,0.566,6.409893992932862,161.1162892343204,54.87279882565699,0.2683300025429288,0.15037544911950962,0.1723374780336043,0.059495972600418626,0.6489652181815556,0.4472197859982771,0.34366752104762904,0.2508295693215663,0.853909664016047,0.0,0.0,0.37099643854963005,0.18400468719617655,0.555703693469651,0.0024778276095510014,0.001402450427005867,120,507,floor_proxy_penalized,1.0,0.0,1.0,1.0,0.0,0.01,0.5,0.5,133,0.010314764548429669,0.382760427478252,0.2166424019526906,True
floor_proxy_penalized_s0135,500,272,0.544,6.533088235294118,159.0511493955833,54.97393004481479,0.2834676623047405,0.20795918286105758,0.17696466418461704,0.061481825921541715,0.6869915222614357,0.4142036437429304,0.32122411849118493,0.2506985854382961,0.8515272652726528,0.0,0.0,0.3411424471387571,0.13902067592104494,0.5431353599250278,0.0026563568107627004,0.0014450581050549091,120,492,floor_proxy_penalized,1.0,0.0,1.0,1.0,0.05,0.0,0.5,0.5,135,0.009895599597055018,0.410646691742644,0.22339180030799835,True
floor_proxy_penalized_s0138,500,272,0.544,6.544117647058823,159.14958826564694,55.03798115504122,0.2837419277525996,0.20953659170201466,0.17721379331232648,0.06185538994927406,0.6871269226336525,0.41339384103887133,0.3206249153748495,0.2507194185013622,0.8511625213654734,0.0,0.0,0.339423624755728,0.13840566977098342,0.5431619835678877,0.002656849596093568,0.0014453261802749014,120,489,floor_proxy_penalized,1.0,0.0,1.0,1.0,0.1,0.0,0.5,0.5,138,0.00988408347442032,0.41155171382443123,0.2238841323204906,True
floor_proxy_penalized_s0141,500,249,0.498,7.554216867469879,182.65352123274224,63.32062519251964,0.2924210693637304,0.23040513240450655,0.19057285697596826,0.06941903563049019,0.6936573197945127,0.40581976473395187,0.32386469572968,0.2512583894097982,0.8478432235701535,0.0,0.0,0.31318548683636566,0.13785334170196348,0.5321702390871221,0.002863124738821105,0.0014258361199329106,120,440,floor_proxy_penalized,1.0,0.0,1.0,1.0,0.2,0.0,0.5,0.5,141,0.0078647359921966,0.42441918745439844,0.21136075535229043,True
floor_proxy_penalized_s0144,500,283,0.566,6.19434628975265,114.92266026483301,52.80124844071351,0.26554398361732123,0.1447827616788351,0.16456032490750264,0.05114526218369173,0.6421997800113334,0.4239107136261025,0.33900682751429967,0.24804617450173733,0.9047337611167399,0.0,0.0,0.34376196104919504,0.16842564448947425,0.5410559495665879,0.002474744869078096,0.0014007055958982024,120,582,floor_proxy_penalized,1.0,1.0,0.0,0.0,0.0,0.0,0.5,0.5,144,0.010719443511558598,0.3784843439861857,0.2142221386961811,True
floor_proxy_penalized_s0145,500,283,0.566,6.6325088339222615,118.36226850122632,55.28459718303169,0.2759642255888025,0.18938730035982115,0.17059884726329522,0.06570021249102782,0.6647953032203102,0.4037641962821722,0.3291670800899102,0.24936069778045197,0.9045605497733157,0.0,0.0,0.2993628022883342,0.15475768321513003,0.5428011114181326,0.002479081645653893,0.0014031602114401034,120,507,floor_proxy_penalized,1.0,1.0,0.0,0.0,0.0,0.01,0.5,0.5,145,0.010237932965779488,0.4002610224692673,0.22654773871760528,True
floor_proxy_penalized_s0150,500,272,0.544,6.577205882352941,116.48801831191643,54.7284578322816,0.2812914492085828,0.2196453239262832,0.1718417744304872,0.06618994654040698,0.6798312070843678,0.39808699722491253,0.3241673420831302,0.250638756766148,0.900953126414381,0.0,0.0,0.3025291129534672,0.14323639664968077,0.5379827532041555,0.002622544602498411,0.0014266642637591356,120,489,floor_proxy_penalized,1.0,1.0,0.0,0.0,0.1,0.0,0.5,0.5,150,0.00993998408775044,0.4089536924678483,0.2224708087025095,True
floor_proxy_penalized_s0153,500,249,0.498,7.481927710843373,133.34689685789004,62.58309903471259,0.286520814512747,0.23072741758053933,0.17988177984220904,0.068863422710571,0.6858683517209426,0.39990131739513307,0.32659253874735433,0.25129250211719273,0.9022846342462093,0.0,0.0,0.29645872325545003,0.14392130508117226,0.5261843232668659,0.0028221067675147354,0.0014054091702223382,120,440,floor_proxy_penalized,1.0,1.0,0.0,0.0,0.2,0.0,0.5,0.5,153,0.007957419937350456,0.4135889069679834,0.20596727567005574,True
floor_proxy_penalized_s0156,500,283,0.566,5.978798586572438,160.1893631592173,52.35858255991508,0.2602289283763089,0.10794890235252963,0.16905248924081218,0.03860770877733537,0.6282342797692465,0.46297094682871914,0.3642464857298317,0.24793681944335585,0.8448778565799843,0.0,0.0,0.40666863672182824,0.19648767308341775,0.5461654283462795,0.002448467446106017,0.0013858325744960057,120,582,floor_proxy_penalized,1.0,1.0,0.0,1.0,0.0,0.0,0.5,0.5,156,0.010810071096793227,0.36579344504162237,0.20703908989355824,True
floor_proxy_penalized_s0157,500,283,0.566,6.540636042402827,165.86888228498495,55.474766852528475,0.27778759972292555,0.16551788391845193,0.1805119658148409,0.06039572052063803,0.6655684798537864,0.42456900811042075,0.35460906486911214,0.249512618002185,0.842513662460471,0.0,0.0,0.33832486465465184,0.18606045254981424,0.5537954264018093,0.002479886624055101,0.0014036158292151872,120,507,floor_proxy_penalized,1.0,1.0,0.0,1.0,0.0,0.01,0.5,0.5,157,0.010202836931331822,0.39582617401367115,0.22403761449173784,True
floor_proxy_penalized_s0158,500,276,0.552,6.8768115942028984,169.60049913256643,57.18930787849469,0.285246154156538,0.19935747290760347,0.18925218093146942,0.08484919200603101,0.6669061457481373,0.39811169973866684,0.32805576518639284,0.24954449708791634,0.8538949232585598,0.0,0.0,0.28190515545060996,0.15969172241899515,0.5373189033189033,0.002488481300333562,0.001373641677784126,120,452,floor_proxy_penalized,1.0,1.0,0.0,1.0,0.0,0.05,0.5,0.5,158,0.009652153881155338,0.4186235705421816,0.23108021093928424,True
floor_proxy_penalized_s0159,500,272,0.544,6.551470588235294,163.4153213051985,55.11393140920603,0.28662541373854056,0.21158213137200724,0.18197061350783802,0.06291936829963721,0.6896488789618905,0.40940360848115803,0.3375283499008459,0.25171655038751356,0.8417149885784573,0.0,0.0,0.32610993967082524,0.15949891641773561,0.5461137468517542,0.0026604307905625712,0.001447274350066039,120,492,floor_proxy_penalized,1.0,1.0,0.0,1.0,0.05,0.0,0.5,0.5,159,0.00987046262334195,0.4132457800425654,0.22480570434315558,True
floor_proxy_penalized_s0161,500,265,0.53,6.856603773584905,167.4661281198865,56.688234708079534,0.28845120432523913,0.21765852444920328,0.19044145712732602,0.08509591611372765,0.6740598529741935,0.39348336263802663,0.32098583598256664,0.2512072336947151,0.8512691853600944,0.0,0.0,0.28103231995277445,0.14713217127989855,0.5394413562027199,0.0025985623504310956,0.0013772380457284803,120,445,floor_proxy_penalized,1.0,1.0,0.0,1.0,0.05,0.05,0.5,0.5,161,0.009349382684595422,0.42573326099675235,0.22563862832827875,True
floor_proxy_penalized_s0162,500,272,0.544,6.5625,163.5297775533232,55.171429780339395,0.28686810819830594,0.2128262053029734,0.18223238962278795,0.06322626776752846,0.6898472267664633,0.4091158986380215,0.3369268457410919,0.2517037020103628,0.841350244671278,0.0,0.0,0.3250939814592951,0.1582689041176126,0.5459646544517393,0.0026606567077873252,0.001447397249036305,120,489,floor_proxy_penalized,1.0,1.0,0.0,1.0,0.1,0.0,0.5,0.5,162,0.009860175858517574,0.4140690929355152,0.2252535865569203,True
floor_proxy_penalized_s0163,500,272,0.544,6.643382352941177,164.36175315870787,55.50797426034895,0.2870622194980508,0.21306091681668013,0.1832598288818811,0.06587571928031116,0.6879860284042304,0.40652879990307367,0.33698751135625143,0.25146397014358046,0.8430664046900208,0.0,0.0,0.3192528873340682,0.15686610437532947,0.5529288669510071,0.0026344303999925843,0.001433130137595966,120,486,floor_proxy_penalized,1.0,1.0,0.0,1.0,0.1,0.01,0.5,0.5,163,0.009800393677644906,0.4154270698598285,0.22599232600374675,True
floor_proxy_penalized_s0164,500,265,0.53,6.860377358490566,167.47078506490882,56.70465873312587,0.28861762855904816,0.2180972678913384,0.1905517600707523,0.08509591611372765,0.6743846205244516,0.39336548724890996,0.3206386137603444,0.25108518206133335,0.8508182474091566,0.0,0.0,0.2809421323625869,0.14586954501727228,0.5394413562027199,0.002598796924787579,0.0013773623701374164,120,443,floor_proxy_penalized,1.0,1.0,0.0,1.0,0.1,0.05,0.5,0.5,164,0.00934667471493631,0.4262038206346149,0.2258880249363459,True
floor_proxy_penalized_s0165,500,249,0.498,7.590361445783133,187.81997004397832,63.50394873969613,0.2935617546420414,0.23043566615768493,0.1918368054904148,0.06839072897629446,0.6943368797611659,0.404116042489042,0.3294744318956518,0.2524207100976013,0.8400284175402147,0.0,0.0,0.30460056093051946,0.1367908737040116,0.5375925155245789,0.0028558972754034895,0.0014222368431509383,120,440,floor_proxy_penalized,1.0,1.0,0.0,1.0,0.2,0.0,0.5,0.5,165,0.007842032029241382,0.4281705238946708,0.21322892089954606,True
floor_proxy_penalized_s0167,500,242,0.484,7.917355371900826,193.32453102725492,65.35966970881749,0.29445722267426994,0.231475252987368,0.1979141185045153,0.08994503929554597,0.6816466159319384,0.39106842140637427,0.31754176016725316,0.2514757100372502,0.8532063887051853,0.0,0.0,0.26425594789204315,0.13159125329271873,0.519805225547405,0.0028108699430035126,0.0013604610524137,120,406,floor_proxy_penalized,1.0,1.0,0.0,1.0,0.2,0.05,0.5,0.5,167,0.007405178180309942,0.4360671563203872,0.2110565036590674,True
floor_proxy_penalized_s0180,500,283,0.566,6.095406360424028,179.40216560997789,52.62748741251758,0.26374209879101645,0.12456256920180873,0.16782784474979479,0.04333176406447965,0.6343636285820473,0.4434640226905228,0.33035222609532383,0.24874423288873607,0.8669762467634808,0.0,0.0,0.3816855229089272,0.15033490937746255,0.5340158167285827,0.002476541230548355,0.0014017223364903692,120,582,floor_proxy_penalized,1.0,1.0,1.0,1.0,0.0,0.0,0.5,0.5,180,0.010754836071945464,0.3786787469803466,0.21433217079087616,True
floor_proxy_penalized_s0181,500,283,0.566,6.678445229681979,185.39876102511852,55.78396878610841,0.28037042331097195,0.18779411224923798,0.1785154242365054,0.06640274794255452,0.6685248651079796,0.40710331386532816,0.31748215132460317,0.2500497246584653,0.8621663698791359,0.0,0.0,0.31275354865780397,0.1354609929078014,0.5390439347886157,0.002494870476377229,0.001412096689629512,120,507,floor_proxy_penalized,1.0,1.0,1.0,1.0,0.0,0.01,0.5,0.5,181,0.010146284180141516,0.41118572500820044,0.23273112035464144,True
floor_proxy_penalized_s0182,500,276,0.552,6.938405797101449,188.91273504949808,57.29929470930273,0.28412884257349336,0.20096750596776078,0.1874094041346112,0.08735315556791108,0.6616053989647621,0.39478339295367837,0.30651129783716363,0.24895583445881578,0.8614447068083432,0.0,0.0,0.2795054440508986,0.12530211202938477,0.5325064935064935,0.0024281605635419665,0.0013403446310751655,120,452,floor_proxy_penalized,1.0,1.0,1.0,1.0,0.0,0.05,0.5,0.5,182,0.009633626431188534,0.424424929442749,0.23428256105239748,True
floor_proxy_penalized_s0183,500,272,0.544,6.613970588235294,182.2792336261561,55.1656985717869,0.2853351450712621,0.21596154892906416,0.17923761627620008,0.06646179015010795,0.6834835944729076,0.4021539289684836,0.3119560281061994,0.2515332554494127,0.8580536519650911,0.0,0.0,0.3180723950096644,0.12344198441984419,0.5343978796930827,0.0026378489832371947,0.001434989846881034,120,492,floor_proxy_penalized,1.0,1.0,1.0,1.0,0.05,0.0,0.5,0.5,183,0.009861200240074818,0.41912622676213296,0.22800466735860034,True
floor_proxy_penalized_s0184,500,272,0.544,6.702205882352941,183.28889358432372,55.54575479827634,0.285608886179302,0.2170129237880408,0.1805011755424144,0.069484805690623,0.6813705620122515,0.39932885181210104,0.311646758203822,0.2512393653332831,0.8598443581838416,0.0,0.0,0.3113032006943446,0.12203918467756104,0.5412129997923356,0.0026116180709183064,0.0014207202305795592,120,488,floor_proxy_penalized,1.0,1.0,1.0,1.0,0.05,0.01,0.5,0.5,184,0.00979372774707314,0.4208654711549416,0.22895081630828826,True
floor_proxy_penalized_s0185,500,265,0.53,6.920754716981132,186.12698686693355,56.80278702997772,0.2872523171972321,0.21983452260888925,0.1884987647858994,0.08772729444570515,0.668540340028123,0.3901600343805742,0.29877593701175503,0.25061468631126976,0.8587818116227207,0.0,0.0,0.27869495824041274,0.11196802986575713,0.5346088044951681,0.002535179271929697,0.0013436450141227389,120,445,floor_proxy_penalized,1.0,1.0,1.0,1.0,0.05,0.05,0.5,0.5,185,0.009330528090466618,0.4317776975331796,0.22884217969258522,True
floor_proxy_penalized_s0186,500,272,0.544,6.6213235294117645,182.37328251722792,55.20921031826677,0.28541477487955713,0.216778212274334,0.17947373628332122,0.0668353541778403,0.6832317603744845,0.4019159505470488,0.3115860925886624,0.2514790972000654,0.8581281981650984,0.0,0.0,0.31714429481957157,0.12344198441984419,0.5342487872930678,0.0026378443787130473,0.0014349873420198983,120,489,floor_proxy_penalized,1.0,1.0,1.0,1.0,0.1,0.0,0.5,0.5,186,0.009853428383850832,0.4195074942306283,0.2282120768614618,True
floor_proxy_penalized_s0187,500,272,0.544,6.702205882352941,183.28889358432372,55.54575479827634,0.285608886179302,0.2170129237880408,0.1805011755424144,0.069484805690623,0.6813705620122515,0.39932885181210104,0.311646758203822,0.2512393653332831,0.8598443581838416,0.0,0.0,0.3113032006943446,0.12203918467756104,0.5412129997923356,0.0026116180709183064,0.0014207202305795592,120,486,floor_proxy_penalized,1.0,1.0,1.0,1.0,0.1,0.01,0.5,0.5,187,0.00979372774707314,0.4208654711549416,0.22895081630828826,True
floor_proxy_penalized_s0188,500,265,0.53,6.920754716981132,186.12698686693355,56.80278702997772,0.2872523171972321,0.21983452260888925,0.1884987647858994,0.08772729444570515,0.668540340028123,0.3901600343805742,0.29877593701175503,0.25061468631126976,0.8587818116227207,0.0,0.0,0.27869495824041274,0.11196802986575713,0.5346088044951681,0.002535179271929697,0.0013436450141227389,120,443,floor_proxy_penalized,1.0,1.0,1.0,1.0,0.1,0.05,0.5,0.5,188,0.009330528090466618,0.4317776975331796,0.22884217969258522,True
floor_proxy_penalized_s0189,500,249,0.498,7.5582329317269075,209.43759224941732,63.24559565789935,0.29204800733471303,0.23045754651532827,0.18929276967620873,0.0698043437953532,0.6917163853411818,0.40274610369608443,0.32175504071175887,0.2518241500174068,0.8544580469188477,0.0,0.0,0.30914842846462987,0.13580841082638745,0.5237649011454939,0.0028516521467867985,0.0014201227690998262,120,440,floor_proxy_penalized,1.0,1.0,1.0,1.0,0.2,0.0,0.5,0.5,189,0.007874066088233609,0.42406708599633436,0.2111854088261745,True
floor_proxy_penalized_s0192,500,283,0.566,5.742049469964664,128.52882809856519,51.05695330184622,0.24279453398271766,0.09916916293932171,0.1555588629234646,0.03873449857371496,0.5994962304319423,0.5003212118528031,0.37252493225422556,0.24566698045596005,0.8933004052684904,0.0,0.0,0.46720843183609134,0.22356608127884722,0.5597081503996397,0.0024347810680753726,0.0013780860845306613,120,582,floor_proxy_penalized,2.0,0.0,0.0,0.0,0.0,0.0,0.5,0.5,192,0.011085659511523054,0.3341306214958714,0.1891179317666632,True
floor_proxy_penalized_s0193,500,283,0.566,6.3462897526501765,133.96019835487598,54.22087279608521,0.264327944986019,0.15207430832684551,0.16815018688448166,0.059807436079741545,0.6444783415507896,0.4500112698400634,0.358668607146634,0.2464898338131399,0.8941578909664015,0.0,0.0,0.3742976881274753,0.2049632597504938,0.5527106168063616,0.0024662038792743995,0.0013958713956693104,120,507,floor_proxy_penalized,2.0,0.0,0.0,0.0,0.0,0.01,0.5,0.5,193,0.010438784379746569,0.3693611312733913,0.20905840030073947,True
floor_proxy_penalized_s0195,500,272,0.544,6.481617647058823,132.31857834349793,54.325707089884396,0.27997754023207744,0.2096886914929465,0.17386485736098156,0.06461990824332772,0.6802198215671631,0.413970742570898,0.3343842460108274,0.24679036844662117,0.8953552392666784,0.0,0.0,0.33593978796930823,0.15585427282844255,0.5407734434487202,0.0026503979583786547,0.0014418164893579882,120,492,floor_proxy_penalized,2.0,0.0,0.0,0.0,0.05,0.0,0.5,0.5,195,0.01001367546123103,0.3992808497578998,0.2172087822682975,True
floor_proxy_penalized_s0198,500,272,0.544,6.4963235294117645,132.4528028606914,54.43748935064604,0.2809339487155404,0.21527004152428705,0.1727972328898945,0.06299052030098051,0.6840974131455492,0.4127730861203118,0.33333724589951524,0.24737748571845652,0.8944633472308748,0.0,0.0,0.3341331075648418,0.15160048029051718,0.5396579128128944,0.002652833408830785,0.001443141374403947,120,489,floor_proxy_penalized,2.0,0.0,0.0,0.0,0.1,0.0,0.5,0.5,198,0.009993113321151798,0.4015740678655895,0.21845629291888072,True
floor_proxy_penalized_s0201,500,249,0.498,7.4417670682730925,151.2329231042288,62.403126007200804,0.2865276868490976,0.23013062145900906,0.181613438189723,0.06600370569148378,0.6875194235162425,0.4097306879013213,0.32774827395120976,0.24834751750320053,0.8960271260733784,0.0,0.0,0.31701512302793133,0.1397574621246348,0.5198695661812359,0.0028456471440304193,0.0014171322777271492,120,440,floor_proxy_penalized,2.0,0.0,0.0,0.0,0.2,0.0,0.5,0.5,201,0.007980369444032898,0.41178886968455747,0.20507085710290962,True
floor_proxy_penalized_s0203,500,242,0.484,7.838842975206612,156.3237114302983,64.71863092533475,0.29036833606429896,0.23188921379445385,0.1937113906232987,0.09125161777685867,0.6732153792166861,0.39498854981306514,0.31188138414720223,0.24956925750682105,0.8891354730195731,0.0,0.0,0.27462429761358376,0.1221840618291166,0.5008467805448266,0.0027896192228086003,0.0013501757038393626,120,406,floor_proxy_penalized,2.0,0.0,0.0,0.0,0.2,0.05,0.5,0.5,203,0.007478526555334368,0.4279313543910958,0.20711877552529037,True
floor_proxy_penalized_s0204,500,283,0.566,5.756183745583039,172.84299571565538,51.485573149006136,0.24515884110918032,0.09269032827022662,0.1623739200710094,0.03501378482446976,0.5984255107898766,0.5050542286514665,0.376882633963751,0.24574563921436526,0.8529888551165147,0.0,0.0,0.4762017336485422,0.2323525272993358,0.5574749521558032,0.002428038251063647,0.001374269650102024,120,582,floor_proxy_penalized,2.0,0.0,0.0,1.0,0.0,0.0,0.5,0.5,204,0.010993370868416289,0.3387042264553687,0.19170659217373867,True
floor_proxy_penalized_s0205,500,283,0.566,6.363957597173145,180.64225177103813,54.74146060982607,0.26857788111411507,0.1489602609472667,0.1764602764187084,0.05917926119944818,0.6475301830421569,0.4524920426475465,0.36194980381889363,0.24778949364256567,0.8502932056123546,0.0,0.0,0.3757386427599193,0.21422674055652782,0.5570714746246662,0.0024832830602061077,0.0014055382120766566,120,507,floor_proxy_penalized,2.0,0.0,0.0,1.0,0.0,0.01,0.5,0.5,205,0.010339512203267795,0.3770323896874347,0.21340033256308802,True
floor_proxy_penalized_s0207,500,272,0.544,6.514705882352941,179.05784321126166,54.97642750748066,0.28570590814675895,0.2095326266613584,0.18153649598503407,0.062025268601340784,0.6891493271255359,0.41443845728049966,0.3375650829212374,0.24852219132075545,0.8459116734024482,0.0,0.0,0.337021905933345,0.1650325074679318,0.5443653722251507,0.0026713700841526113,0.0014532253257790206,120,492,floor_proxy_penalized,2.0,0.0,0.0,1.0,0.05,0.0,0.5,0.5,207,0.009895150060923435,0.4086206071685335,0.22228961029968222,True
floor_proxy_penalized_s0210,500,272,0.544,6.529411764705882,179.2132837314013,55.054465242360564,0.2861425803639499,0.21153744608801175,0.18180324072256498,0.06233216806923204,0.6897416324885565,0.41357117830393814,0.3367343111626849,0.24860254852892252,0.8451076393880822,0.0,0.0,0.3352152255288786,0.16318748901774732,0.5443919958680106,0.002672093185979953,0.001453618693173095,120,489,floor_proxy_penalized,2.0,0.0,0.0,1.0,0.1,0.0,0.5,0.5,210,0.009881124039716038,0.40996606657517376,0.22302154021689455,True
floor_proxy_penalized_s0212,500,265,0.53,6.8226415094339625,184.3352314494252,56.5335242187559,0.2879446562248645,0.21731869903585296,0.19059270296889064,0.08542693311411204,0.6727953226929415,0.39854238126736014,0.32027161826686085,0.24921947423214919,0.8560656620315711,0.0,0.0,0.29152113669159124,0.14714569941842673,0.5408242325855962,0.002604308049885241,0.0013802832664391775,120,443,floor_proxy_penalized,2.0,0.0,0.0,1.0,0.1,0.05,0.5,0.5,212,0.009374968345316141,0.4226357807726309,0.2239969638094944,True
floor_proxy_penalized_s0213,500,249,0.498,7.518072289156627,205.59477795297556,63.13765585193376,0.29174933660299684,0.23033987763727232,0.18989240942552887,0.0667112075589505,0.6942871436491015,0.41073905701042135,0.32920779578332154,0.24880201192793716,0.8524595190130618,0.0,0.0,0.3176673736771235,0.13792534631025843,0.5303141202955194,0.0028748524625121946,0.001431676526331073,120,440,floor_proxy_penalized,2.0,0.0,0.0,1.0,0.2,0.0,0.5,0.5,213,0.007887527550403147,0.4224360096124715,0.2103731327870108,True
floor_proxy_penalized_s0215,500,242,0.484,7.847107438016529,212.364839406772,65.10564141939393,0.2940724296910342,0.2320813866004837,0.1989743022624299,0.09052888433921052,0.6800832994263423,0.39545943959303154,0.31526619044765475,0.2495613113833533,0.8582497194050576,0.0,0.0,0.2763285062679999,0.12816937434969886,0.5144310524278537,0.0028164381342858824,0.0013631560569943668,120,406,floor_proxy_penalized,2.0,0.0,0.0,1.0,0.2,0.05,0.5,0.5,215,0.007434071601909203,0.4336616177680314,0.2098922229997272,True
floor_proxy_penalized_s0216,500,283,0.566,5.851590106007067,147.66328280742775,51.55814838860006,0.24740527166144954,0.11065302927004111,0.15345053740115028,0.03900826084875372,0.6092285723564452,0.48262964928851254,0.33525783767013506,0.24968221918862332,0.9003081729145559,0.0,0.0,0.4430822920184622,0.16792187324102215,0.5412262186198356,0.0024600554087332183,0.001392391361343002,120,582,floor_proxy_penalized,2.0,0.0,1.0,0.0,0.0,0.0,0.5,0.5,216,0.01097789617528521,0.3505582456994302,0.1984159670658775,True
floor_proxy_penalized_s0217,500,283,0.566,6.498233215547703,153.60803985026126,54.80163714631032,0.269540488792286,0.17339467986969154,0.16633247351768224,0.06361179470898568,0.6557346001964723,0.43041244418654007,0.32410660323422064,0.25122068107322476,0.899889344304238,0.0,0.0,0.34375057566546924,0.15358281395515438,0.5434879442858166,0.002478643149083726,0.0014029120223813891,120,507,floor_proxy_penalized,2.0,0.0,1.0,0.0,0.0,0.01,0.5,0.5,217,0.010328158600241883,0.3885008838925025,0.21989150028315638,True
floor_proxy_penalized_s0228,500,283,0.566,5.80565371024735,192.5892044009813,51.57343006350118,0.24590986530621942,0.09486645865307355,0.1586512982668676,0.03542466568625965,0.6003959661582973,0.49801542213748695,0.3534757988104619,0.2491128556210322,0.8582292018462232,0.0,0.0,0.4642336485421592,0.19038050208262972,0.5583445907913993,0.0024186908362170897,0.0013689790132988728,120,582,floor_proxy_penalized,2.0,0.0,1.0,1.0,0.0,0.0,0.5,0.5,228,0.010974643325121039,0.34813488088978584,0.19704434258361878,True
floor_proxy_penalized_s0229,500,283,0.566,6.406360424028269,201.17093542956462,54.82274405442873,0.26867609941837617,0.15234024443408448,0.17150742370551922,0.05937236993333531,0.6511432603482569,0.4462284143023327,0.34373317615127813,0.25110590184860104,0.8572784583422881,0.0,0.0,0.37224179484817776,0.18525004349472435,0.5520393908691781,0.0024774528210516527,0.0014022382967152356,120,507,floor_proxy_penalized,2.0,0.0,1.0,1.0,0.0,0.01,0.5,0.5,229,0.01032418223060976,0.3818154742908827,0.21610755844863958,True
floor_proxy_penalized_s0231,500,272,0.544,6.529411764705882,198.27519406859372,54.924305524760015,0.28342277487646517,0.20890443217957422,0.17679918601494923,0.061383662448238736,0.6865047750542989,0.41392611713135563,0.3217818809565647,0.2509840783601051,0.8538027880278802,0.0,0.0,0.34074708604228904,0.14031658173724595,0.5408598371698002,0.002654533403777629,0.0014440661716550304,120,492,floor_proxy_penalized,2.0,0.0,1.0,1.0,0.05,0.0,0.5,0.5,231,0.009904540345162189,0.41016743247742166,0.22313108326771738,True
floor_proxy_penalized_s0234,500,272,0.544,6.540441176470588,198.4006624697753,54.98070912934124,0.2836421409715857,0.21048184102053133,0.17697207973853576,0.06175722647597108,0.6864263588235142,0.41303502726526203,0.321024533401642,0.25104162387582724,0.853965192249325,0.0,0.0,0.33902826365926,0.13970157558718446,0.5403593126840358,0.002654775222974909,0.0014441977212983508,120,489,floor_proxy_penalized,2.0,0.0,1.0,1.0,0.1,0.0,0.5,0.5,234,0.009894379476267734,0.41095177785265946,0.22355776715184678,True
floor_proxy_penalized_s0237,500,249,0.498,7.550200803212851,227.322724958263,63.21652261017193,0.29170143645579344,0.23040619966461143,0.18947217086155474,0.06927816927417893,0.691382904890895,0.4048413885809026,0.3223154765796544,0.2514930794911557,0.8544580469188477,0.0,0.0,0.3132574914446606,0.13792534631025843,0.5265634802545568,0.0028567627987128225,0.0014226678737589862,120,440,floor_proxy_penalized,2.0,0.0,1.0,1.0,0.2,0.0,0.5,0.5,237,0.007877687342452283,0.42284749717047987,0.21057805359089898,True
floor_proxy_penalized_s0239,500,242,0.484,7.847107438016529,233.82916885458513,65.05298869420645,0.2927048434271632,0.2315795436018139,0.19737608045841223,0.0918177084137347,0.6770049166767965,0.39541845795679637,0.30860860348479213,0.25118359549966285,0.8637822228628724,0.0,0.0,0.28535834226879025,0.12222193313254809,0.5115660059943424,0.0027873924631400216,0.0013490979521597704,120,406,floor_proxy_penalized,2.0,0.0,1.0,1.0,0.2,0.05,0.5,0.5,239,0.007440088606460974,0.43151862515920314,0.20885501457705433,True
floor_proxy_penalized_s0241,500,283,0.566,6.604240282685512,158.22029713301671,55.20000428279674,0.2765285768258272,0.1890910056795285,0.1719013886498998,0.06678238291632185,0.6675447817025003,0.40825425562383444,0.33343668883963545,0.2489244010190009,0.900845588611546,0.0,0.0,0.31368932485953765,0.16043144208037824,0.5499608547480888,0.0024977325048789667,0.001413716597761495,120,507,floor_proxy_penalized,2.0,1.0,0.0,0.0,0.0,0.01,0.5,0.5,241,0.010253622392859046,0.3972052077555933,0.22481814758966578,True
floor_proxy_penalized_s0242,500,276,0.552,6.869565217391305,161.38681797585082,56.64289276801954,0.2798595341898642,0.1961691177064949,0.18183758440419975,0.086979110042946,0.6563755582891595,0.39616424825504215,0.3209727447636539,0.24949014254574758,0.898829463465827,0.0,0.0,0.28011871966417423,0.14418654073199527,0.5341567624294897,0.002459463383674719,0.001357623787788445,120,452,floor_proxy_penalized,2.0,1.0,0.0,0.0,0.0,0.05,0.5,0.5,242,0.00974526499309827,0.4109743956497397,0.22685786639865632,True
floor_proxy_penalized_s0245,500,265,0.53,6.875471698113207,159.23885759969633,56.25581071805655,0.28421432569823074,0.22145804517450654,0.1836160863363986,0.08705292926049346,0.6658209501532207,0.38974399794337977,0.31267938708617826,0.250963633998413,0.8928295399886308,0.0,0.0,0.27553688945734395,0.1301889293366566,0.5345937732301369,0.0025708885093362844,0.001362570909948231,120,445,floor_proxy_penalized,2.0,1.0,0.0,0.0,0.05,0.05,0.5,0.5,245,0.009421248991615451,0.4213037545456547,0.22329098990919702,True
floor_proxy_penalized_s0246,500,272,0.544,6.547794117647059,155.59555977660497,54.64044389564008,0.28187870769139084,0.21933700252465024,0.17319718650068092,0.06731604270252105,0.6826922880141747,0.4027593098977862,0.3286102559850583,0.25018475054205513,0.8970873734711373,0.0,0.0,0.3174371548910294,0.14914045569027118,0.5454331134220434,0.0026419497244127336,0.0014372206500805273,120,489,floor_proxy_penalized,2.0,1.0,0.0,0.0,0.1,0.0,0.5,0.5,246,0.009955995252143392,0.40577384099457864,0.2207409695010508,True
floor_proxy_penalized_s0248,500,265,0.53,6.879245283018868,159.25304961735728,56.27322331373312,0.28436488239288976,0.22189678861664175,0.18358061801505857,0.08705292926049346,0.6663027069176037,0.3895464105693354,0.31251898201505884,0.2509246435489491,0.8929197275788184,0.0,0.0,0.27490557632603085,0.1294674286151559,0.5345937732301369,0.0025710807368982762,0.0013626727905560864,120,443,floor_proxy_penalized,2.0,1.0,0.0,0.0,0.1,0.05,0.5,0.5,248,0.00941833377919649,0.421636934822339,0.22346757545583967,True
floor_proxy_penalized_s0249,500,249,0.498,7.473895582329317,177.86076855204658,62.548497531151206,0.2869345788027531,0.2307107490497479,0.18150833884077514,0.07029769206686368,0.686231768840839,0.40220379346902535,0.3270820469989594,0.25081655792901286,0.8974400164983656,0.0,0.0,0.3035882872398527,0.1455342083069787,0.5283348609012746,0.0028349602901869596,0.001411810224513106,120,440,floor_proxy_penalized,2.0,1.0,0.0,0.0,0.2,0.0,0.5,0.5,249,0.007961821940678585,0.41313131516906515,0.20573939495419444,True
floor_proxy_penalized_s0252,500,283,0.566,5.932862190812721,198.8684433426532,52.15376035031417,0.26027915601597057,0.11183187479401982,0.1672961512110784,0.03966181196610812,0.6325550928349677,0.4621734147134816,0.3651380596564867,0.24783962879393834,0.8584205786333445,0.0,0.0,0.4120004502983226,0.20334768659236743,0.5498255093999774,0.002475287274196809,0.001401012597195394,120,582,floor_proxy_penalized,2.0,1.0,0.0,1.0,0.0,0.0,0.5,0.5,252,0.01085252522921083,0.3610718620962127,0.20436667394645638,True
floor_proxy_penalized_s0253,500,283,0.566,6.4946996466431095,205.74014019938116,55.20292695744233,0.2764760265046497,0.16725023861857904,0.17760246361755938,0.06083940115052949,0.6658890615888081,0.42435620202369545,0.3538965587936586,0.24962285698916603,0.8572581181623735,0.0,0.0,0.34174009599541516,0.19228723404255318,0.5536350076243692,0.002499476994386006,0.0014147039788224792,120,507,floor_proxy_penalized,2.0,1.0,0.0,1.0,0.0,0.01,0.5,0.5,253,0.010253079523054043,0.3907134508071593,0.22114381315685214,True
floor_proxy_penalized_s0254,500,276,0.552,6.869565217391305,210.2720213113725,57.09408885630875,0.28475191572133385,0.19951698741013557,0.1884947188358408,0.08411749314749266,0.6664502170660016,0.3978334695220999,0.32794430764041155,0.24937972505342088,0.858202282565919,0.0,0.0,0.28190515545060996,0.1621303948576676,0.5394834054834056,0.0024880594355651624,0.0013734088084319694,120,452,floor_proxy_penalized,2.0,1.0,0.0,1.0,0.0,0.05,0.5,0.5,254,0.009668251320889684,0.41715477467435597,0.23026943562024452,True
floor_proxy_penalized_s0255,500,272,0.544,6.5036764705882355,202.49245495991192,54.86093166176536,0.2851681212216541,0.21207996662210865,0.1793193799186216,0.06305132182344332,0.689386520697442,0.4097165216932223,0.33841943245112727,0.25157629718491753,0.8548805130908451,0.0,0.0,0.33005915773443445,0.1672216365020793,0.5466936097932407,0.0026736866046777226,0.001454485512944681,120,492,floor_proxy_penalized,2.0,1.0,0.0,1.0,0.05,0.0,0.5,0.5,255,0.00991598180202131,0.40784760784267426,0.22186909866641483,True
floor_proxy_penalized_s0257,500,265,0.53,6.849056603773585,207.56927142452716,56.58906319818022,0.2879363726219015,0.21782468538934088,0.18965243411104615,0.0843337298027502,0.6735849272636353,0.3931935394957694,0.32086973437216937,0.2510355961587823,0.855756017971927,0.0,0.0,0.28103231995277445,0.14967245507018234,0.5416960459574096,0.002598122974294951,0.0013770051763763239,120,445,floor_proxy_penalized,2.0,1.0,0.0,1.0,0.05,0.05,0.5,0.5,257,0.009365767341719197,0.42420326530110064,0.22482773060958336,True
floor_proxy_penalized_s0258,500,272,0.544,6.514705882352941,202.63227725611145,54.91843003289871,0.28541081568141946,0.2133240405530748,0.17958115603357155,0.06335822129133457,0.6895848685020147,0.4094288118500857,0.3378179282913732,0.2515634488077668,0.8545157691836659,0.0,0.0,0.3290431995229043,0.1659916242019563,0.5465445173932258,0.002673912521902476,0.0014546084119149475,120,489,floor_proxy_penalized,2.0,1.0,0.0,1.0,0.1,0.0,0.5,0.5,258,0.009905599990278647,0.40867092073562394,0.22231698088017945,True
floor_proxy_penalized_s0260,500,265,0.53,6.8528301886792455,207.57553198408178,56.60548722322655,0.2881027968557105,0.21826342883147606,0.18976273705447244,0.0843337298027502,0.6739096948138936,0.3930756641066528,0.32052251214994715,0.25091354452540054,0.855305080020989,0.0,0.0,0.2809421323625869,0.1484098288075561,0.5416960459574096,0.0025983575486514345,0.00137712950078526,120,443,floor_proxy_penalized,2.0,1.0,0.0,1.0,0.1,0.05,0.5,0.5,260,0.009363049873767869,0.42467382493896333,0.22507712721765058,True
floor_proxy_penalized_s0261,500,249,0.498,7.473895582329317,232.34704770463284,62.90205709441028,0.2911774180473502,0.23047533251940044,0.18778459579318998,0.06859697872371656,0.6932910612395653,0.4045355800388873,0.33069547825856,0.2523103024723823,0.8607784701594,0.0,0.0,0.31054393240114303,0.1484431944820939,0.5355257211163283,0.0028703156398671666,0.0014294171886538492,120,440,floor_proxy_penalized,2.0,1.0,0.0,1.0,0.2,0.0,0.5,0.5,261,0.007917070172324367,0.41969886625399067,0.20901003539448734,True
floor_proxy_penalized_s0264,500,283,0.566,6.151943462897527,172.0965080412509,52.66723723654429,0.2647423598298119,0.1442264161166248,0.1637013805465228,0.050130440677298674,0.6415964181301388,0.43316207408016716,0.32467946565939215,0.24909709237045413,0.8978230890464933,0.0,0.0,0.3627589215355173,0.14771473601260834,0.5343985703028256,0.002486625655502651,0.0014074301210145004,120,582,floor_proxy_penalized,2.0,1.0,1.0,0.0,0.0,0.0,0.5,0.5,264,0.010746719017326179,0.37992621001370575,0.21503823486775744,True
floor_proxy_penalized_s0265,500,283,0.566,6.6537102473498235,177.13966218648795,55.38051701822121,0.27647121320533874,0.19206082609865355,0.17022894401906527,0.06716475075462477,0.6666114406927537,0.4058409160481374,0.3173170223954377,0.249867418903839,0.8986883782096547,0.0,0.0,0.3078734405862065,0.13843718338399189,0.5374819624819624,0.00248186293668419,0.0014047344221632516,120,507,floor_proxy_penalized,2.0,1.0,1.0,0.0,0.0,0.01,0.5,0.5,265,0.010220200721740744,0.4034581535875731,0.22835731493056635,True
floor_proxy_penalized_s0288,500,283,0.566,5.81625441696113,205.76703172168453,51.4632313555615,0.2518060393028861,0.10974808107848923,0.16027287953225464,0.04132037615142528,0.6186524301744512,0.48180970136518414,0.3669252916887795,0.2466087162610605,0.8891252955082742,0.0,0.0,0.43940532477766525,0.214118259596983,0.5455448609703929,0.002465654617440776,0.0013955605134714792,120,582,floor_proxy_penalized,4.0,0.0,0.0,0.0,0.0,0.0,0.5,0.5,288,0.01099814343350272,0.34547441614556423,0.19553851953838933,True
floor_proxy_penalized_s0289,500,283,0.566,6.3568904593639575,213.60726103368975,54.34730833482362,0.2666830850404764,0.1540905343736183,0.17033451268578756,0.06096389383426888,0.6473890761245943,0.4469069796815898,0.3554616890366003,0.24692205015896482,0.8874118592203699,0.0,0.0,0.3703632065334193,0.1998214157788626,0.5515032544287863,0.0024771996174440007,0.001402094983473304,120,507,floor_proxy_penalized,4.0,0.0,0.0,0.0,0.0,0.01,0.5,0.5,289,0.010414499215176943,0.3733657131053508,0.21132499361762855,True
floor_proxy_penalized_s0291,500,272,0.544,6.481617647058823,210.23953613169795,54.43338408236454,0.28169849354899146,0.21400761196024704,0.17525843024551033,0.06428245090650396,0.683307892221953,0.41322976314080645,0.33370683626053943,0.2470786153504773,0.887724770104844,0.0,0.0,0.3354126398406841,0.15344549874070168,0.5424647103613893,0.0026557188663575934,0.0014447110632985307,120,492,floor_proxy_penalized,4.0,0.0,0.0,0.0,0.05,0.0,0.5,0.5,291,0.009993866983850568,0.40253662670390555,0.21897992492692464,True
floor_proxy_penalized_s0294,500,272,0.544,6.4963235294117645,210.42172067407958,54.51148317547615,0.28217424479655023,0.21626587564036417,0.17519110108740513,0.06436520016496124,0.6842997252097263,0.4122442383858522,0.33282042108841,0.24733641376144413,0.8868328780690404,0.0,0.0,0.33360595943621774,0.15160048029051718,0.5413491797255635,0.002656920092540612,0.001445364530342093,120,489,floor_proxy_penalized,4.0,0.0,0.0,0.0,0.1,0.0,0.5,0.5,294,0.009979548680574829,0.4038835317863988,0.21971264129180096,True
floor_proxy_penalized_s0297,500,249,0.498,7.4417670682730925,240.02275530753937,62.46512631829862,0.2875199606722181,0.23030931293632714,0.1839133992167542,0.06748589757698148,0.6870784042560312,0.4097415248850764,0.3270987123792692,0.24813112749244778,0.8886970569489544,0.0,0.0,0.31701512302793133,0.1397574621246348,0.5203735984393004,0.002848790572261563,0.0014186977049862586,120,440,floor_proxy_penalized,4.0,0.0,0.0,0.0,0.2,0.0,0.5,0.5,297,0.007972448458078523,0.4137506140103121,0.2060478057771354,True
floor_proxy_penalized_s0299,500,242,0.484,7.838842975206612,247.88865303885484,64.77937672589579,0.2912910777897126,0.23188921379445385,0.19567747806051722,0.09221788102548856,0.6730392078565999,0.3949110998751479,0.31132183439159444,0.24948750090618604,0.8818950186836829,0.0,0.0,0.27462429761358376,0.1221840618291166,0.5013654527439967,0.002791503601215378,0.0013510877429882434,120,406,floor_proxy_penalized,4.0,0.0,0.0,0.0,0.2,0.05,0.5,0.5,299,0.007471513689425778,0.4297726627457175,0.20800996876892727,True
floor_proxy_penalized_s0300,500,283,0.566,5.76678445229682,250.39033410038599,51.46863619040889,0.24782860619501385,0.10088425879005908,0.1629326972021637,0.03861309912918168,0.6058918614251209,0.4976585546546881,0.37653148838337536,0.24621100125342232,0.8614600923111562,0.0,0.0,0.4644447258808961,0.23233704829449514,0.5657407407407408,0.002453880489833594,0.0013888963572458147,120,582,floor_proxy_penalized,4.0,0.0,0.0,1.0,0.0,0.0,0.5,0.5,300,0.010996988494237065,0.3411150179011351,0.19307110013204243,True
floor_proxy_penalized_s0301,500,283,0.566,6.3462897526501765,260.45623512820526,54.63352506493626,0.26887036730415337,0.15119729525394457,0.17549658627895443,0.05944986651257463,0.649925854986242,0.4500693127507306,0.3627608238205376,0.2475330384040625,0.8580242649391585,0.0,0.0,0.3750843030098349,0.21730987688434494,0.5576413834392558,0.0024895454545330775,0.0014090827272657217,120,507,floor_proxy_penalized,4.0,0.0,0.0,1.0,0.0,0.01,0.5,0.5,301,0.010359939237441924,0.37525508733991214,0.21239437943439024,True
floor_proxy_penalized_s0303,500,272,0.544,6.488970588235294,257.16684881465505,54.79829810597171,0.28502639881903163,0.21085564066413603,0.1802014191538392,0.0637862359184531,0.6881252647367277,0.4125006187297211,0.33891870657652157,0.2486754317285792,0.8563082059392022,0.0,0.0,0.3348254553974111,0.1686054003397177,0.544958413869853,0.0026750471167733916,0.001455225631524725,120,492,floor_proxy_penalized,4.0,0.0,0.0,1.0,0.05,0.0,0.5,0.5,303,0.009927315606553792,0.4062635996283289,0.22100739819781096,True
floor_proxy_penalized_s0306,500,272,0.544,6.5036764705882355,257.37758683825183,54.87633584085161,0.2854630710362226,0.2128604600907894,0.18046816389137008,0.06409313538634437,0.6887175700997484,0.4116333397531597,0.33808793481796906,0.24875578893674627,0.8555041719248361,0.0,0.0,0.33301877499294474,0.1667603818895332,0.5449850375127128,0.0026757702186007335,0.0014556189989187993,120,489,floor_proxy_penalized,4.0,0.0,0.0,1.0,0.1,0.0,0.5,0.5,306,0.00991319831516575,0.4076090590349691,0.2217393281150232,True
floor_proxy_penalized_s0308,500,265,0.53,6.815094339622641,264.4321602673746,56.50653354722737,0.2879575784064225,0.2175377518193678,0.19034061006156627,0.08549960427891337,0.6732337068002493,0.39815983366766267,0.32085036372407855,0.2493197492467566,0.8577491637150728,0.0,0.0,0.29043888560934017,0.14819788797061526,0.5415908271021908,0.0026048224141153285,0.0013805558794811239,120,443,floor_proxy_penalized,4.0,0.0,0.0,1.0,0.1,0.05,0.5,0.5,308,0.009379446352996215,0.42229848491718114,0.223818197006106,True
floor_proxy_penalized_s0309,500,249,0.498,7.4417670682730925,294.49231862496515,62.767441763989666,0.290464771338312,0.23033987763727232,0.18742618351394236,0.06632693527680593,0.6938531466188074,0.41059524491002786,0.33138862693380067,0.24903226051320482,0.8643867010861793,0.0,0.0,0.31970329507094214,0.1460938676545887,0.5289709486697154,0.002878538184518226,0.0014335120158900769,120,440,floor_proxy_penalized,4.0,0.0,0.0,1.0,0.2,0.0,0.5,0.5,309,0.007934049660212657,0.4175164394679009,0.20792318685501465,True
floor_proxy_penalized_s0311,500,242,0.484,7.838842975206612,304.0237582721192,65.06546476933845,0.2938699707503356,0.2320813866004837,0.19857927534311853,0.0904983168124825,0.6799536567438946,0.39532890181642244,0.315524748996324,0.24959738954622607,0.8600938872243292,0.0,0.0,0.2763285062679999,0.12932197923674357,0.5140852709617402,0.002816542583274345,0.0013632066103047831,120,406,floor_proxy_penalized,4.0,0.0,0.0,1.0,0.2,0.05,0.5,0.5,311,0.007438661995511956,0.4329832578429059,0.20956389679596646,True
floor_proxy_penalized_s0312,500,283,0.566,5.96113074204947,225.10163401282236,52.00619231160212,0.2584525831405394,0.1260459481971861,0.1590392608317647,0.042780504950270304,0.6350341886243969,0.45797559651360115,0.3378841590812842,0.24885951778810306,0.8984422492401215,0.0,0.0,0.40890042778340646,0.16469661150512213,0.5377434425306765,0.002489135349950353,0.0014088506080718998,120,582,floor_proxy_penalized,4.0,0.0,1.0,0.0,0.0,0.0,0.5,0.5,312,0.01088331936721563,0.36260918410006016,0.20523679820063404,True
floor_proxy_penalized_s0313,500,283,0.566,6.572438162544169,233.31449072289433,55.108575331213345,0.2752713111754745,0.18697220250031535,0.17011295594358433,0.0660970777990343,0.6680645939172373,0.4160413023581233,0.3244105779027469,0.24916619441020801,0.8998690041243231,0.0,0.0,0.32960737056481737,0.14549560959135424,0.5431951224504415,0.0024994451421899663,0.0014146859504795208,120,507,floor_proxy_penalized,4.0,0.0,1.0,0.0,0.0,0.01,0.5,0.5,313,0.010270633864116953,0.39642263483268103,0.22437521131529745,True
floor_proxy_penalized_s0321,500,249,0.498,7.4417670682730925,261.5680495255657,62.443566211300805,0.28651794851867646,0.23027392032671387,0.18073297258592833,0.06851613801960062,0.6881110022742928,0.4085355859258662,0.32401140622024643,0.25097856768224786,0.8955230938153139,0.0,0.0,0.3178551767913722,0.13867739300021084,0.5196055492841546,0.00284495648338784,0.001416788328727144,120,440,floor_proxy_penalized,4.0,0.0,1.0,0.0,0.2,0.0,0.5,0.5,321,0.007975201133049217,0.411790245861149,0.2050715424388522,True
floor_proxy_penalized_s0323,500,242,0.484,7.838842975206612,269.12109111671055,64.7600968149231,0.2900256725391479,0.23154491883139675,0.19344792382458761,0.09438904952323542,0.6728538527569756,0.39549552419749406,0.30682926994052373,0.25111976659616925,0.8880981286212328,0.0,0.0,0.28348124288131743,0.11623662061196587,0.5040329097683002,0.002768460250742883,0.0013399347613595556,120,406,floor_proxy_penalized,4.0,0.0,1.0,0.0,0.2,0.05,0.5,0.5,323,0.007473738054827438,0.4274353701082937,0.20687871913241415,True
floor_proxy_penalized_s0324,500,283,0.566,5.791519434628976,270.23234349318477,51.586058260959526,0.249403842260081,0.10253941292023017,0.16038038213755382,0.037243497337230924,0.6104881164895433,0.4930280408225819,0.35815332959424906,0.25001725493183186,0.8623086232128786,0.0,0.0,0.4618484746144321,0.19911347517730496,0.5631149386468536,0.002459280910099224,0.001391952995116161,120,582,floor_proxy_penalized,4.0,0.0,1.0,1.0,0.0,0.0,0.5,0.5,324,0.010971956747242896,0.3479298444106337,0.19692829193641864,True
floor_proxy_penalized_s0325,500,283,0.566,6.3780918727915195,281.03237935199473,54.714117255424256,0.2696101640899833,0.1539676290803986,0.17201490017634985,0.06061565480030475,0.654262608118095,0.4450324994756952,0.349059961284822,0.251222589589308,0.8621332371332372,0.0,0.0,0.371384820852906,0.19322735971672142,0.5542557029259156,0.0024852317729745143,0.001406641183503575,120,507,floor_proxy_penalized,4.0,0.0,1.0,1.0,0.0,0.01,0.5,0.5,325,0.010344679369635408,0.37984742231077673,0.2149936410278996,True
floor_proxy_penalized_s0327,500,272,0.544,6.492647058823529,276.4661324960157,54.73609593231274,0.2836778363938672,0.21028788520568223,0.17744445350204235,0.0641567907770991,0.6864740021056429,0.41266755102444064,0.3286604318849311,0.2513867424567895,0.8619442980144086,0.0,0.0,0.33833977625490536,0.1503528963861067,0.5425511040824694,0.0026643795191893813,0.0014494224584390238,120,492,floor_proxy_penalized,4.0,0.0,1.0,1.0,0.05,0.0,0.5,0.5,327,0.009938597021474028,0.4074190736104608,0.2216359760440907,True
floor_proxy_penalized_s0330,500,272,0.544,6.5036764705882355,276.6419117537441,54.79249953689397,0.2838972024889877,0.2118652940466393,0.17761734722562883,0.06453035480483145,0.6863955858748584,0.41177646115834715,0.3279030843300084,0.2514442879725116,0.8621067022358536,0.0,0.0,0.33662095387187635,0.1497378902360452,0.542050579596705,0.0026646213383866614,0.0014495540080823436,120,489,floor_proxy_penalized,4.0,0.0,1.0,1.0,0.1,0.0,0.5,0.5,330,0.00992836619241477,0.4082034189856986,0.22206265992822005,True
floor_proxy_penalized_s0333,500,249,0.498,7.4417670682730925,316.3094907758755,62.674386097379404,0.289545915435368,0.23040255620284741,0.1854654487299898,0.0671068380609735,0.6916263125320037,0.40869834572781943,0.3287537230618576,0.2519073071423931,0.871663966831187,0.0,0.0,0.31970329507094214,0.14551783078822927,0.523037768946213,0.0028669951230619315,0.0014277635712848422,120,440,floor_proxy_penalized,4.0,0.0,1.0,1.0,0.2,0.0,0.5,0.5,333,0.007945829724223223,0.41579658244849577,0.20706669805935088,True
floor_proxy_penalized_s0335,500,242,0.484,7.838842975206612,325.516710653588,64.96324696076134,0.2925334450203398,0.23166935632733016,0.19724194639506157,0.09222269827219323,0.6760055218837504,0.3953489561168366,0.311632237634933,0.2518118347819226,0.8669107218419938,0.0,0.0,0.2840740111089404,0.1233745380195928,0.510627456300606,0.0027876399841975986,0.0013492177523516378,120,406,floor_proxy_penalized,4.0,0.0,1.0,1.0,0.2,0.05,0.5,0.5,335,0.0074503665171222495,0.430910406350373,0.20856063667358052,True
floor_proxy_penalized_s0336,500,283,0.566,6.070671378091872,230.71716202194747,52.43494045235995,0.26547451351749657,0.1401335251652151,0.16746365014434983,0.047471695566754464,0.6442808928935363,0.44147009073929344,0.3463165915499375,0.24657962013046095,0.8913500506585612,0.0,0.0,0.37790160981650345,0.17332545311268716,0.5444430372621862,0.00250359140253454,0.0014170327338345497,120,582,floor_proxy_penalized,4.0,1.0,0.0,0.0,0.0,0.0,0.5,0.5,336,0.010794329031692947,0.37300401234436265,0.21112027098690925,True
floor_proxy_penalized_s0337,500,283,0.566,6.575971731448763,237.75305458607636,55.17736403111589,0.2774742680964029,0.1886675637640483,0.17399423324510546,0.06400632360264097,0.6692695348593318,0.41255554082607876,0.3368426914100884,0.24820654633699465,0.8920549210442827,0.0,0.0,0.3214175698218252,0.16130530226274908,0.5485987023221066,0.002508341593530687,0.001419721341938369,120,507,floor_proxy_penalized,4.0,1.0,0.0,0.0,0.0,0.01,0.5,0.5,337,0.01025782963609531,0.39757680077605934,0.22502846923924957,True
floor_proxy_penalized_s0338,500,276,0.552,6.86231884057971,242.63731567227143,56.741941489542526,0.28192878215994827,0.19622303494237114,0.18496660972670068,0.08661575047134577,0.6586396534844896,0.3967965534533323,0.32310284243173854,0.24924529670666248,0.8875017709563163,0.0,0.0,0.28120818575364026,0.14826301980847434,0.530390528663256,0.002466377965275394,0.0013614406368320175,120,452,floor_proxy_penalized,4.0,1.0,0.0,0.0,0.0,0.05,0.5,0.5,338,0.009728253660508479,0.41284333363012815,0.22788952016383077,True
floor_proxy_penalized_s0339,500,272,0.544,6.507352941176471,233.47474148856566,54.53261538126932,0.2824527631198401,0.21752563990583332,0.1746634294958565,0.06356631592180134,0.6844572603204855,0.4076627386925631,0.33267146085576504,0.24966738741223277,0.8895961459614596,0.0,0.0,0.32686405435482924,0.1506296491536344,0.5441120482633397,0.0026540753276289224,0.0014438169782301337,120,492,floor_proxy_penalized,4.0,1.0,0.0,0.0,0.05,0.0,0.5,0.5,339,0.00997568145588798,0.4050198439863533,0.22033079512857623,True
floor_proxy_penalized_s0342,500,272,0.544,6.518382352941177,233.63398534614538,54.59011375240269,0.2826954575796054,0.21876971383679947,0.17492520561080646,0.06387321538969258,0.6846556081250582,0.4073750288494265,0.33206995669601097,0.249654539035082,0.8892314020542803,0.0,0.0,0.32584809614329907,0.1493996368535114,0.5439629558633249,0.002654301244853676,0.0014439398772004,120,489,floor_proxy_penalized,4.0,1.0,0.0,0.0,0.1,0.0,0.5,0.5,342,0.009965174325654465,0.405843156879303,0.22077867734234086,True
floor_proxy_penalized_s0348,500,283,0.566,5.925795053003534,276.0377757045054,52.05021095523426,0.2604471514141903,0.1157312105376459,0.1668206935671197,0.04315643658495774,0.6329682152688552,0.4606101319989702,0.3638414752228708,0.24727582291221223,0.8694683665428345,0.0,0.0,0.4145333783631656,0.20338568051334008,0.5474276708319261,0.0024850213775270873,0.0014065220996803314,120,582,floor_proxy_penalized,4.0,1.0,0.0,1.0,0.0,0.0,0.5,0.5,348,0.010874115389979644,0.3590328957370851,0.20321261898719015,True
floor_proxy_penalized_s0349,500,283,0.566,6.4840989399293285,285.3425313490229,55.06090500527011,0.2759261051019241,0.1695713790869178,0.17661857073311948,0.06235501762569575,0.6647029248586438,0.4243921083643167,0.35254864906239014,0.24842579278700197,0.8667397122184355,0.0,0.0,0.343935300318279,0.18945879770347854,0.5483735531607872,0.0024980469248932755,0.0014138945594895942,120,507,floor_proxy_penalized,4.0,1.0,0.0,1.0,0.0,0.01,0.5,0.5,349,0.010279525916724866,0.38921122791596885,0.22029355500043835,True
floor_proxy_penalized_s0351,500,272,0.544,6.492647058823529,280.5411586620897,54.709913888874524,0.2844716070295585,0.21211632209058026,0.17886123359087874,0.06432182736262035,0.6867061135641119,0.40943392341706464,0.3373514031483852,0.2500796365052541,0.86422860657178,0.0,0.0,0.3323434662918057,0.16458589585895858,0.5437152228665144,0.002670078254409556,0.0014525225703987987,120,492,floor_proxy_penalized,4.0,1.0,0.0,1.0,0.05,0.0,0.5,0.5,351,0.009943353248644477,0.405963917391783,0.22084437106112997,True
floor_proxy_penalized_s0354,500,272,0.544,6.5036764705882355,280.73171305443884,54.76741226000787,0.28471430148932386,0.2133603960215464,0.17912300970582867,0.0646287268305116,0.6869044613686849,0.40914621357392805,0.33674989898863117,0.25006678812810335,0.8638638626646006,0.0,0.0,0.3313275080802756,0.1633558835588356,0.5435661304664995,0.0026703041716343106,0.001452645469369065,120,489,floor_proxy_penalized,4.0,1.0,0.0,1.0,0.1,0.0,0.5,0.5,354,0.009932914073379333,0.40678723028473274,0.22129225327489463,True
floor_proxy_penalized_s0357,500,249,0.498,7.473895582329317,321.29210108988025,62.76012651354048,0.2901948123623858,0.23057878996168868,0.18710516444435746,0.07003001689463856,0.6895523633465916,0.40372939236262667,0.3277654312397524,0.25185092459492897,0.8702254747676949,0.0,0.0,0.31212521007350225,0.14618987379898196,0.5253163147731459,0.0028609633866261597,0.0014247597665398275,120,440,floor_proxy_penalized,4.0,1.0,0.0,1.0,0.2,0.0,0.5,0.5,357,0.00793497444420474,0.41782867915317345,0.20807868221828038,True
floor_proxy_penalized_s0360,500,283,0.566,6.130742049469965,249.49518208624914,52.57106772200817,0.26508344963560926,0.14123051990405316,0.1663798498316695,0.050236931656381795,0.6410020105574127,0.4340754821341379,0.3305486988924805,0.24825435156261452,0.8948806709445006,0.0,0.0,0.36524822695035464,0.1535657998423956,0.5374465270741866,0.00248921242868207,0.001408894234634052,120,582,floor_proxy_penalized,4.0,1.0,1.0,0.0,0.0,0.0,0.5,0.5,360,0.010766378248069168,0.37878313439969435,0.214391254070227,True
floor_proxy_penalized_s0362,500,276,0.552,6.844202898550725,261.7426529458422,56.665596237453265,0.2801934944169253,0.19626736672901018,0.18255218482204624,0.08767809459496086,0.65738608511133,0.39866619804914843,0.31357681265343607,0.24999378800964792,0.8957558703922339,0.0,0.0,0.2882428177882723,0.13259202413747867,0.5289475272202545,0.002465979604487564,0.001361220741677135,120,452,floor_proxy_penalized,4.0,1.0,1.0,0.0,0.0,0.05,0.5,0.5,362,0.00974136048417954,0.41244576784661435,0.22767006385133115,True
floor_proxy_penalized_s0365,500,265,0.53,6.849056603773585,257.77127072607277,56.27945659565545,0.28456449143096996,0.22143727095122132,0.1843569030792041,0.08758815219401796,0.6668784747795566,0.3923356974098942,0.3050297257906836,0.25148646769646477,0.8896278805369715,0.0,0.0,0.2839318509773055,0.11820149547422273,0.5290998458612095,0.0025776531279513345,0.0013661561578142075,120,445,floor_proxy_penalized,4.0,1.0,1.0,0.0,0.05,0.05,0.5,0.5,365,0.009417290643152975,0.4228065894083851,0.22408749238644413,True
floor_proxy_penalized_s0368,500,265,0.53,6.8528301886792455,257.7746158496712,56.295880620701766,0.284730915664779,0.2218760143933565,0.18446720602263036,0.08758815219401796,0.6672032423298149,0.3922178220207776,0.3046825035684614,0.251364416063083,0.8891769425860334,0.0,0.0,0.28384166338711786,0.11693886921159648,0.5290998458612095,0.002577887702307818,0.001366280482223144,120,443,floor_proxy_penalized,4.0,1.0,1.0,0.0,0.1,0.05,0.5,0.5,368,0.00941454319847876,0.4232771490462478,0.22433688899451135,True
floor_proxy_penalized_s0372,500,283,0.566,6.081272084805653,295.4232235045258,52.56820985645023,0.2662294149494101,0.1317814997911895,0.1709214874772389,0.046392938324458,0.6399757631085942,0.4402945565279145,0.3401822351280938,0.2479655180260254,0.8718662051108859,0.0,0.0,0.3775188562422605,0.1661600810536981,0.5405507711358776,0.002498614906364392,0.001414216037002246,120,582,floor_proxy_penalized,4.0,1.0,1.0,1.0,0.0,0.0,0.5,0.5,372,0.010766963561163584,0.3774315689723168,0.21362626803833126,True
floor_proxy_penalized_s0373,500,283,0.566,6.614840989399293,305.05340025680096,55.54408200832893,0.28087276332452243,0.18939424263648774,0.1802087741755471,0.06715322704902156,0.6710280170874686,0.4087599208529183,0.33118100080792157,0.24905733204932692,0.8676121652185483,0.0,0.0,0.31827955338593633,0.15603540470561747,0.5486732829817936,0.0025177125689512412,0.0014250253140264027,120,507,floor_proxy_penalized,4.0,1.0,1.0,1.0,0.0,0.01,0.5,0.5,373,0.01019010449961397,0.4055351787003866,0.2295329111444188,True
floor_proxy_penalized_s0374,500,276,0.552,6.8731884057971016,311.01861545159414,57.09041280401076,0.28525601664583095,0.20302860175533313,0.18968116941625984,0.08632577543596294,0.6642220625368092,0.3959110866178458,0.31798152505262894,0.24968738793274362,0.8655269578905942,0.0,0.0,0.2834289649744195,0.13942476715203989,0.5330620490620489,0.0024879449065626797,0.001373345588422599,120,452,floor_proxy_penalized,4.0,1.0,1.0,1.0,0.0,0.05,0.5,0.5,374,0.009668873859696815,0.4208658162309079,0.23231793055946118,True
floor_proxy_penalized_s0375,500,272,0.544,6.547794117647059,299.64338257231014,54.91021208556917,0.28585587131356177,0.21782700184332043,0.18103166143471258,0.0671221889793361,0.6860007475874449,0.40391055213011495,0.3268237843517891,0.25061149545076333,0.8643721080067944,0.0,0.0,0.3236909154805834,0.14535670356703567,0.5432539682539683,0.0026631731477102932,0.0014487661923544,120,492,floor_proxy_penalized,4.0,1.0,1.0,1.0,0.05,0.0,0.5,0.5,375,0.009907082477704861,0.4130877872447239,0.2247197562611298,True
floor_proxy_penalized_s0376,500,272,0.544,6.636029411764706,301.3747338799628,55.29026831205861,0.28620974911428193,0.21887837670229707,0.18247001945550628,0.07014520451985114,0.6838474769745482,0.4009899178535914,0.32638261991901507,0.2502958649647605,0.8655112005665511,0.0,0.0,0.3165263600687955,0.1434487202014877,0.5502448043960959,0.002635447024887801,0.0014336831815389636,120,488,floor_proxy_penalized,4.0,1.0,1.0,1.0,0.05,0.01,0.5,0.5,376,0.0098389828193573,0.41517242306419383,0.22585379814692147,True
floor_proxy_penalized_s0377,500,265,0.53,6.8528301886792455,306.5315210334107,56.58523455503212,0.288425028469719,0.22198149738761042,0.19085802213864025,0.08646422083343484,0.6712713922204316,0.3913256862489408,0.31073643747175944,0.2513720686956721,0.8630341565000655,0.0,0.0,0.28271431850977297,0.12667912895185623,0.5351198675062312,0.0025974491147491715,0.0013766480308170603,120,445,floor_proxy_penalized,4.0,1.0,1.0,1.0,0.05,0.05,0.5,0.5,377,0.009366401043801402,0.4280823831129112,0.22688366304984295,True
floor_proxy_penalized_s0378,500,272,0.544,6.555147058823529,299.8126763764879,54.95372383204905,0.28593550112185684,0.21864366518859032,0.18126778144183373,0.06749575300706845,0.6857489134890218,0.4036725737086801,0.3264538488342521,0.2505573372014161,0.8644466542068019,0.0,0.0,0.3227628152904905,0.14535670356703567,0.5431048758539534,0.002663168543186146,0.0014487636874932638,120,489,floor_proxy_penalized,4.0,1.0,1.0,1.0,0.1,0.0,0.5,0.5,378,0.009899238160139729,0.4134690547132192,0.22492716576399127,True
floor_proxy_penalized_s0379,500,272,0.544,6.636029411764706,301.3747338799628,55.29026831205861,0.28620974911428193,0.21887837670229707,0.18247001945550628,0.07014520451985114,0.6838474769745482,0.4009899178535914,0.32638261991901507,0.2502958649647605,0.8655112005665511,0.0,0.0,0.3165263600687955,0.1434487202014877,0.5502448043960959,0.002635447024887801,0.0014336831815389636,120,486,floor_proxy_penalized,4.0,1.0,1.0,1.0,0.1,0.01,0.5,0.5,379,0.0098389828193573,0.41517242306419383,0.22585379814692147,True
floor_proxy_penalized_s0380,500,265,0.53,6.8528301886792455,306.5315210334107,56.58523455503212,0.288425028469719,0.22198149738761042,0.19085802213864025,0.08646422083343484,0.6712713922204316,0.3913256862489408,0.31073643747175944,0.2513720686956721,0.8630341565000655,0.0,0.0,0.28271431850977297,0.12667912895185623,0.5351198675062312,0.0025974491147491715,0.0013766480308170603,120,443,floor_proxy_penalized,4.0,1.0,1.0,1.0,0.1,0.05,0.5,0.5,380,0.009366401043801402,0.4280823831129112,0.22688366304984295,True
floor_proxy_penalized_s0381,500,249,0.498,7.473895582329317,342.92694009210425,62.789674567430794,0.29033185973153336,0.23044921929363565,0.18716748467082192,0.0698043437953532,0.6899244105870014,0.4039354651985974,0.32666987540989356,0.2519483731357006,0.8684013580242234,0.0,0.0,0.3127012469398617,0.14501379853016477,0.5258203470312104,0.0028595695347326594,0.0014240656282968644,120,440,floor_proxy_penalized,4.0,1.0,1.0,1.0,0.2,0.0,0.5,0.5,381,0.007931240342155145,0.4183000600940415,0.2083134299268327,True
floor_proxy_penalized_s0383,500,242,0.484,7.838842975206612,352.45045479440273,64.997513493619,0.2931407520694141,0.23203087406991418,0.19687261975667578,0.0901567710968289,0.6777693379870975,0.39225442642955444,0.31282477204842174,0.25234876155093694,0.8661450628813139,0.0,0.0,0.27580983406882975,0.12672861824089293,0.5090714397030958,0.002809988552174578,0.0013600344592524956,120,406,floor_proxy_penalized,4.0,1.0,1.0,1.0,0.2,0.05,0.5,0.5,383,0.0074464387018053505,0.4320439957271107,0.20910929393192157,True
floor_proxy_penalized_s0384,500,283,0.566,5.911660777385159,359.8663580889474,51.856525013029014,0.25861219057699575,0.11815218819970716,0.1638238503121481,0.04411090694214026,0.6328642346048952,0.46436708634506274,0.36281343477107153,0.2456807975909175,0.8883738601823709,0.0,0.0,0.41677361251829337,0.19911066081278847,0.5415850500956884,0.0024745173506567114,0.0014005768204716983,120,582,floor_proxy_penalized,8.0,0.0,0.0,0.0,0.0,0.0,0.5,0.5,384,0.010914730592877016,0.3555435809996805,0.20123766684581912,True
floor_proxy_penalized_s0385,500,283,0.566,6.4734982332155475,372.6141152374094,54.81810371469271,0.273539357005746,0.17183976218632202,0.1736321813220175,0.06271180326926305,0.661942777280673,0.4283515695318048,0.34950737975718976,0.24563591625277714,0.8878840328308414,0.0,0.0,0.347252028900965,0.17993498817966902,0.5467454432879965,0.0024857097609392305,0.0014069117246916045,120,507,floor_proxy_penalized,8.0,0.0,0.0,0.0,0.0,0.01,0.5,0.5,385,0.010325056170235544,0.38608017871937284,0.218521381155165,True
floor_proxy_penalized_s0387,500,272,0.544,6.481617647058823,366.03786520587204,54.457293428457604,0.28204025614426387,0.2141953061836115,0.1757676014819248,0.0645051914000091,0.6838947017448811,0.41331450879616427,0.3340601510181768,0.24715566346281886,0.8861433257189715,0.0,0.0,0.3354126398406841,0.1546755110408247,0.5419375622327652,0.0026579331533942664,0.0014459156354464807,120,492,floor_proxy_penalized,8.0,0.0,0.0,0.0,0.05,0.0,0.5,0.5,387,0.009989479200149221,0.4027462862130113,0.21909397969987815,True
floor_proxy_penalized_s0390,500,272,0.544,6.4963235294117645,366.3241351975236,54.535392521569214,0.28251600739182264,0.21645356986372863,0.1757002723238196,0.06458794065846639,0.6848865347326543,0.4123289840412101,0.3331737358460473,0.2474134618737857,0.8852514336831679,0.0,0.0,0.33360595943621774,0.1528304925906402,0.5408220315969393,0.002659134379577285,0.001446569102490043,120,489,floor_proxy_penalized,8.0,0.0,0.0,0.0,0.1,0.0,0.5,0.5,390,0.009975173457949228,0.4040931912955045,0.21982669606475444,True
floor_proxy_penalized_s0393,500,249,0.498,7.4417670682730925,417.56497241373427,62.51230505271916,0.2881508376475639,0.23052041745556873,0.1849278185262781,0.0678922924879035,0.6879551291652918,0.40990823836447277,0.3273745871781134,0.24836089496437616,0.8854568495756826,0.0,0.0,0.31701512302793133,0.14110154814614015,0.5192935293148765,0.0028516097033755828,0.0014201016322810405,120,440,floor_proxy_penalized,8.0,0.0,0.0,0.0,0.2,0.0,0.5,0.5,393,0.00796643156223429,0.4143749430464185,0.2063587216371164,True
floor_proxy_penalized_s0396,500,283,0.566,5.826855123674911,404.96614758429706,51.6875868443893,0.25413885400721103,0.11051857924564944,0.16529584071722694,0.042535249768223565,0.620096378713787,0.4814336741049832,0.37258570912604594,0.2468218149838659,0.8686831588427333,0.0,0.0,0.4414035235843747,0.2263888888888889,0.5505938309129799,0.0024753920740003157,0.0014010719138841789,120,582,floor_proxy_penalized,8.0,0.0,0.0,1.0,0.0,0.0,0.5,0.5,396,0.01095040481777569,0.3478677697293759,0.19689315766682675,True
floor_proxy_penalized_s0397,500,283,0.566,6.3462897526501765,419.8820336442183,54.536837575521,0.2682519628593299,0.15128416747188705,0.17513347158034792,0.060554949922197954,0.647498021537241,0.44921074766437885,0.3615270131173753,0.24703997626436766,0.8653739778739779,0.0,0.0,0.37449328646137153,0.2136582389241964,0.5562229437229438,0.0024856064124344347,0.00140685322943789,120,507,floor_proxy_penalized,8.0,0.0,0.0,1.0,0.0,0.01,0.5,0.5,397,0.010378306208463589,0.37457842715853784,0.2120113897717324,True
floor_proxy_penalized_s0399,500,272,0.544,6.488970588235294,413.15922041430844,54.6967910883446,0.2845795855216535,0.21346343955074099,0.1798734308181214,0.06420492693974858,0.6863721988919347,0.41151786125788836,0.3372104119425548,0.24789567583718908,0.865934516488022,0.0,0.0,0.33421044924734955,0.16270426989984185,0.5469366836525509,0.002671322937615876,0.0014531996780630366,120,492,floor_proxy_penalized,8.0,0.0,0.0,1.0,0.05,0.0,0.5,0.5,399,0.009945738848214107,0.40609752694672985,0.22091705465902106,True
floor_proxy_penalized_s0402,500,272,0.544,6.5036764705882355,413.4774383158596,54.7671813175793,0.28496135838610587,0.21546825897739433,0.18006394015152935,0.06451182640763982,0.6867506876519539,0.4105692951192924,0.3362214957454151,0.24801274549801225,0.86565763060228,0.0,0.0,0.33240376884288325,0.16085925144965735,0.5464361591667865,0.0026717950733096303,0.0014534565198804392,120,489,floor_proxy_penalized,8.0,0.0,0.0,1.0,0.1,0.0,0.5,0.5,402,0.009932955958523752,0.40732230964682065,0.22158333644787045,True
floor_proxy_penalized_s0404,500,265,0.53,6.815094339622641,424.5006753802955,56.42106213883666,0.2874673849718772,0.2175377518193678,0.19007839538649504,0.08549960427891337,0.6711919150486262,0.39737065978496927,0.32002450307678937,0.24897840137597418,0.8638052603961694,0.0,0.0,0.29043888560934017,0.14461293126065852,0.5404183884297521,0.002602833861032462,0.0013795019463472046,120,443,floor_proxy_penalized,8.0,0.0,0.0,1.0,0.1,0.05,0.5,0.5,404,0.00939365513353535,0.421751813987939,0.22352846141360766,True
floor_proxy_penalized_s0405,500,249,0.498,7.4417670682730925,472.172807803624,62.6561946744566,0.2896047314433975,0.23043865975606173,0.1866251074699754,0.06687013747311085,0.6904881602820142,0.40953702142758786,0.3296020059233893,0.2491324040186793,0.8729120467082991,0.0,0.0,0.3190312520601894,0.1460938676545887,0.5237098119569656,0.0028684978243086875,0.0014285119165057265,120,440,floor_proxy_penalized,8.0,0.0,0.0,1.0,0.2,0.0,0.5,0.5,405,0.007948136694024645,0.415805320160592,0.2070710494399748,True
floor_proxy_penalized_s0407,500,242,0.484,7.838842975206612,487.2806292242938,64.95351848778935,0.2930503466365375,0.2321039024871872,0.1977314611316047,0.09067182740866632,0.6767882109171587,0.3946057823370689,0.3139078089976412,0.25001569189856,0.8681950530018435,0.0,0.0,0.2763285062679999,0.12932197923674357,0.5085527675039256,0.0028089951044728027,0.0013595536305648366,120,406,floor_proxy_penalized,8.0,0.0,0.0,1.0,0.2,0.05,0.5,0.5,407,0.007451482402619766,0.43119796502244095,0.2086998150708614,True
floor_proxy_penalized_s0408,500,283,0.566,5.971731448763251,379.30566919487904,52.06265702707949,0.2608416038939116,0.12886413080531806,0.16357069321573398,0.04500334510397273,0.6383844219935307,0.4557359181527956,0.3471805076443501,0.24662301579980112,0.8920423843296184,0.0,0.0,0.40339130924237304,0.17660137340988405,0.5448989643138579,0.002499135197118848,0.0014145105215692681,120,582,floor_proxy_penalized,8.0,0.0,1.0,0.0,0.0,0.0,0.5,0.5,408,0.010871515829582129,0.36407995140783533,0.20606925249683478,True
floor_proxy_penalized_s0409,500,283,0.566,6.5477031802120145,392.3654439258086,55.078864117397146,0.2763308697632437,0.18466129568871267,0.17442445301045417,0.06522336598074445,0.6677745041573373,0.4186579308082639,0.33389676540375207,0.24650170550549852,0.8888212162148332,0.0,0.0,0.331435300318279,0.15648007429922323,0.5464541565605395,0.0025083779562010385,0.0014197419232097879,120,507,floor_proxy_penalized,8.0,0.0,1.0,0.0,0.0,0.01,0.5,0.5,409,0.01027617415627175,0.3964698315733663,0.2244019246705253,True
floor_proxy_penalized_s0411,500,272,0.544,6.485294117647059,385.0606582508013,54.45653973220909,0.2815749430316094,0.21451299471517044,0.17527666142033815,0.0646448548637628,0.6832826838395295,0.41288282003556787,0.3286741405254188,0.2476998946418994,0.8862311837404088,0.0,0.0,0.33514906577637205,0.14404469044690446,0.5411468400398289,0.0026550235308805893,0.0014443328007990406,120,492,floor_proxy_penalized,8.0,0.0,1.0,0.0,0.05,0.0,0.5,0.5,411,0.009989617457795313,0.4048729432343647,0.2202508811194944,True
floor_proxy_penalized_s0414,500,272,0.544,6.5,385.30766396696174,54.534560269328814,0.28204475643211785,0.21646991920006578,0.175521217190213,0.06495175433165405,0.6839687592530308,0.4120432860544376,0.3277851105312228,0.24782750052254776,0.8854271497260426,0.0,0.0,0.333430243393343,0.1421118139752826,0.5410856056612515,0.002655848622369855,0.0014447816505692007,120,489,floor_proxy_penalized,8.0,0.0,1.0,0.0,0.1,0.0,0.5,0.5,414,0.009975325689129195,0.4062043858591221,0.22097518590736245,True
floor_proxy_penalized_s0417,500,249,0.498,7.4417670682730925,439.137289334167,62.50651392828783,0.2880434402856143,0.23044149586414756,0.1849481148767272,0.06819616392500326,0.687424325461281,0.4098490321174654,0.32654710564786693,0.24850295632080677,0.8854568495756826,0.0,0.0,0.31701512302793133,0.13918142525827537,0.5192935293148765,0.0028507432672362797,0.0014196701470836676,120,440,floor_proxy_penalized,8.0,0.0,1.0,0.0,0.2,0.0,0.5,0.5,417,0.007967169638853048,0.4147472425757971,0.20654412680274695,True
floor_proxy_penalized_s0419,500,242,0.484,7.838842975206612,452.26756361894445,64.78957419568188,0.29142217771109225,0.23196281090128829,0.195967129954998,0.09224722961756177,0.6733709140055677,0.395133587091219,0.3112477383631415,0.24939433027810734,0.8818950186836829,0.0,0.0,0.2757357380403769,0.1221840618291166,0.5013654527439967,0.002791880587855434,0.0013512702045220303,120,406,floor_proxy_penalized,8.0,0.0,1.0,0.0,0.2,0.05,0.5,0.5,419,0.007470337720358993,0.42962302446062195,0.20793754383894103,True
floor_proxy_penalized_s0420,500,283,0.566,5.946996466431095,424.9079450602512,52.11020036887519,0.26109201485281824,0.12191603393286898,0.16703331998694843,0.04274892722969859,0.6342728796035078,0.4595774268014692,0.35363356069378105,0.24775994909549873,0.8737490149724193,0.0,0.0,0.4103287177755263,0.18508949679162445,0.5436536080153102,0.0024956281239867065,0.0014125255181764759,120,582,floor_proxy_penalized,8.0,0.0,1.0,1.0,0.0,0.0,0.5,0.5,420,0.010861597076837669,0.3639564248760495,0.205999336479844,True
floor_proxy_penalized_s0421,500,283,0.566,6.5371024734982335,440.3256437454221,55.229497783346254,0.2780752340484238,0.1816675824621587,0.17840044363393082,0.06361728657096112,0.6691484713068643,0.42083252662185805,0.34012463913795804,0.24719919877110547,0.8726850572595253,0.0,0.0,0.3346704123299868,0.1642463131824834,0.5473237951961357,0.0025102645546154264,0.0014208097379123316,120,507,floor_proxy_penalized,8.0,0.0,1.0,1.0,0.0,0.01,0.5,0.5,421,0.010248146782364369,0.3976932486648188,0.22509437874428742,True
floor_proxy_penalized_s0423,500,272,0.544,6.492647058823529,432.4478564463688,54.68237220635106,0.2842941340678752,0.21487920709960867,0.17967304440345805,0.06385048569801952,0.6865472568843031,0.411883036748242,0.3315113340334084,0.24829111439284898,0.8697475546184034,0.0,0.0,0.3323654307971651,0.14843612721841506,0.5399607567504245,0.0026730374013708255,0.0014541323463457293,120,492,floor_proxy_penalized,8.0,0.0,1.0,1.0,0.05,0.0,0.5,0.5,423,0.00994836138321039,0.40880062777381665,0.22238754150895626,True
floor_proxy_penalized_s0426,500,272,0.544,6.5036764705882355,432.724257417191,54.73877581093228,0.28451284228085727,0.21645661594056576,0.17983789762903724,0.06422404972575188,0.6864755637413263,0.41098420203134783,0.3307539864784857,0.24836687418147557,0.8699099588398482,0.0,0.0,0.33064660841413607,0.14782112106835354,0.5394602322646603,0.0026732790153156786,0.0014542637843317295,120,489,floor_proxy_penalized,8.0,0.0,1.0,1.0,0.1,0.0,0.5,0.5,426,0.009938110451702025,0.40958336504945303,0.22281335058690246,True
floor_proxy_penalized_s0429,500,249,0.498,7.4417670682730925,493.90809425055,62.63689563178058,0.28959417618181915,0.23043865975606173,0.18709776929564287,0.06725440975525541,0.6898645747898745,0.4093189118747734,0.3286922334122343,0.24917013271580774,0.8754082064625234,0.0,0.0,0.31653509230596516,0.143021671034005,0.5187174924485171,0.002868681607124987,0.0014286034403482434,120,440,floor_proxy_penalized,8.0,0.0,1.0,1.0,0.2,0.0,0.5,0.5,429,0.007950585592995541,0.41651429184984223,0.20742411734122143,True
floor_proxy_penalized_s0431,500,242,0.484,7.838842975206612,508.73070298876456,64.93441662395944,0.29306599889247287,0.2321039024871872,0.19810497349375455,0.09126470909629127,0.6763742279094134,0.39445723181708015,0.31337855165154926,0.24999596122735238,0.8704179338554298,0.0,0.0,0.27410562541441363,0.1270990983831573,0.504107005796753,0.0028090957610921105,0.0013596023483685817,120,406,floor_proxy_penalized,8.0,0.0,1.0,1.0,0.2,0.05,0.5,0.5,431,0.007453674417418484,0.4317172436655882,0.20895114593414468,True
floor_proxy_penalized_s0432,500,283,0.566,6.003533568904594,384.73967064078806,52.17950815646092,0.2628364587475104,0.12962008620130136,0.16538740663201393,0.045510940749829885,0.6409995647390224,0.4510394119698796,0.3528815792471441,0.24630273387284216,0.8902608915906788,0.0,0.0,0.3961302487898233,0.18458009681413937,0.542737532365192,0.0024873039782731575,0.0014078140517026071,120,582,floor_proxy_penalized,8.0,1.0,0.0,0.0,0.0,0.0,0.5,0.5,432,0.01084717008644163,0.36480725112773477,0.20648090413829787,True
floor_proxy_penalized_s0433,500,283,0.566,6.540636042402827,396.68978723296317,55.03502427941698,0.2760000495100511,0.18278390300502956,0.17311968344709355,0.06307470590953478,0.6677471430715163,0.4184194059499325,0.34091360937538323,0.24758169583480424,0.8911135161135161,0.0,0.0,0.3332758947120649,0.16743920972644377,0.5477712791542578,0.0024944993795748913,0.0014118866488393885,120,507,floor_proxy_penalized,8.0,1.0,0.0,0.0,0.0,0.01,0.5,0.5,433,0.01028435995823996,0.39281499318001967,0.22233328613989112,True
floor_proxy_penalized_s0434,500,276,0.552,6.811594202898551,405.00157057013,56.57789803701848,0.2804792144393129,0.19456339822521274,0.18383470899594329,0.08607561850157283,0.6591251715416055,0.4038930582576758,0.3268974616292798,0.24859979629239268,0.8858415322051685,0.0,0.0,0.2942370457825003,0.1550365997638725,0.5299163059163059,0.0024748112965827444,0.001366095835713675,120,452,floor_proxy_penalized,8.0,1.0,0.0,0.0,0.0,0.05,0.5,0.5,434,0.009756460016221012,0.40865658589392295,0.2255784354134455,True
floor_proxy_penalized_s0435,500,272,0.544,6.485294117647059,389.3333476789901,54.43980515182141,0.2816211092876088,0.21466224466115894,0.17397781524973308,0.06322675087860952,0.6842623033622005,0.4111785780323376,0.33385572422901094,0.2489164271465554,0.8888010308674515,0.0,0.0,0.33416066303520175,0.15344549874070168,0.5416520236630938,0.002655192845491929,0.0014444249079476092,120,492,floor_proxy_penalized,8.0,1.0,0.0,0.0,0.05,0.0,0.5,0.5,435,0.0099926882266183,0.4024465734535074,0.21893093595870802,True
floor_proxy_penalized_s0438,500,272,0.544,6.5,389.59603459052136,54.517825688941144,0.2820915805702557,0.21661916914605425,0.17423041151761526,0.06353365034650077,0.6849416556878941,0.410346788902008,0.33296669423481495,0.24902581875429936,0.8879969968530853,0.0,0.0,0.33244184065217275,0.15151262226907983,0.5415907892845163,0.0026560181422336207,0.00144487386937509,120,489,floor_proxy_penalized,8.0,1.0,0.0,0.0,0.1,0.0,0.5,0.5,438,0.009978387676424696,0.4037796241778663,0.21965611555275927,True
floor_proxy_penalized_s0441,500,249,0.498,7.4417670682730925,444.32807433838747,62.458850452768196,0.28726578469469977,0.23019335903558477,0.18238728065047624,0.0663322898852097,0.6880948990598581,0.4080228998692392,0.32769789358400914,0.25043869760857285,0.8897771260733784,0.0,0.0,0.31643908616157185,0.1404295051353875,0.519797561572941,0.0028479203321320865,0.001418264325401779,120,440,floor_proxy_penalized,8.0,1.0,0.0,0.0,0.2,0.0,0.5,0.5,441,0.007973249529729833,0.41318698446314467,0.20576711826264604,True
floor_proxy_penalized_s0443,500,242,0.484,7.838842975206612,457.8969806402681,64.7729193270649,0.2910312435229489,0.23176989193808822,0.19412810784476273,0.09103076605636241,0.6740676051051777,0.39316285679704654,0.31193841919979154,0.25181435332505586,0.8830064591104761,0.0,0.0,0.27403152938596076,0.12287562476134346,0.5007726845163737,0.0027906094492261063,0.0013506549734254355,120,406,floor_proxy_penalized,8.0,1.0,0.0,0.0,0.2,0.05,0.5,0.5,443,0.007472258546138495,0.4291968773050141,0.2077312886156268,True
floor_proxy_penalized_s0444,500,283,0.566,5.929328621908128,430.2022301190447,52.07935059435432,0.26108499426096016,0.11985562228776929,0.16638672114669992,0.043486955113090496,0.6364192945037073,0.4602160346772034,0.364282110894003,0.24749952396818384,0.8719506360463808,0.0,0.0,0.41459248001801197,0.2037993920972644,0.5462456377349995,0.002490164911666769,0.0014094333400033914,120,582,floor_proxy_penalized,8.0,1.0,0.0,1.0,0.0,0.0,0.5,0.5,444,0.010868031062994042,0.35917996705456245,0.20329586135288233,True
floor_proxy_penalized_s0445,500,283,0.566,6.4840989399293285,444.38290146083096,55.05623280289628,0.27603428910474165,0.17154705085194658,0.1766277694649712,0.062262097294320196,0.6651675588739425,0.4243273594347541,0.35200852560560003,0.24821257849768863,0.8690545270332504,0.0,0.0,0.343935300318279,0.18714398288866374,0.5506883679756021,0.0024986360855832426,0.0014142280244401153,120,507,floor_proxy_penalized,8.0,1.0,0.0,1.0,0.0,0.01,0.5,0.5,445,0.01028039826165195,0.38960820201534496,0.22051824234068523,True
floor_proxy_penalized_s0446,500,276,0.552,6.833333333333333,453.8638333846255,56.90261435361109,0.2839013842096546,0.1987086712272596,0.18734034356323712,0.08536827604335484,0.6649289210680893,0.4001003815456513,0.3284639513564838,0.249236623121715,0.8676395120031484,0.0,0.0,0.28959346713892165,0.1603468450741178,0.5378023088023088,0.0024915730134080745,0.001375348303401257,120,452,floor_proxy_penalized,8.0,1.0,0.0,1.0,0.0,0.05,0.5,0.5,446,0.00970078451175714,0.4136938381148617,0.22835899863940368,True
floor_proxy_penalized_s0447,500,272,0.544,6.492647058823529,436.4795662830662,54.705052737139994,0.2845841822649627,0.21417218717448475,0.17887080570299008,0.06422513535727752,0.6871896072626886,0.4093665463021692,0.33678935586124564,0.24985776776139298,0.8666373806595209,0.0,0.0,0.3323434662918057,0.1621771217712177,0.5461239969542553,0.002670691241450956,0.00145285603534932,120,492,floor_proxy_penalized,8.0,1.0,0.0,1.0,0.05,0.0,0.5,0.5,447,0.009944236826055945,0.4063770048309861,0.22106909062805646,True
floor_proxy_penalized_s0450,500,272,0.544,6.5036764705882355,436.77158486771475,54.76255110827335,0.2848268767247281,0.21541626110545092,0.17913258181794,0.06453203482516878,0.6873879550672615,0.4090788364590326,0.3361878517014916,0.24984491938424216,0.8662726367523415,0.0,0.0,0.3313275080802756,0.1609471094710947,0.5459749045542404,0.00267091715867571,0.0014529789343195863,120,489,floor_proxy_penalized,8.0,1.0,0.0,1.0,0.1,0.0,0.5,0.5,450,0.009933795796409023,0.4072003177239359,0.22151697284182115,True
floor_proxy_penalized_s0453,500,249,0.498,7.4417670682730925,498.9830731373176,62.63965535440366,0.28934650436146575,0.2303890866922263,0.18522774726020744,0.0668922200583945,0.6912735624316796,0.4076533179717672,0.3298115431432952,0.2516256660332855,0.8741601265854113,0.0,0.0,0.3177831721830773,0.14618987379898196,0.5237098119569656,0.002867227253253179,0.0014278791721200831,120,440,floor_proxy_penalized,8.0,1.0,0.0,1.0,0.2,0.0,0.5,0.5,453,0.00795023531311607,0.41549673227699263,0.20691737267394233,True
floor_proxy_penalized_s0455,500,242,0.484,7.838842975206612,514.2314962654735,64.93725617326996,0.29282152994465677,0.2319764824909452,0.19624904190789058,0.09029911767911651,0.6777838446778612,0.39285036904933207,0.314457648573859,0.2525134800437953,0.8693064934286368,0.0,0.0,0.27521706584120675,0.1300135421689704,0.5085527675039256,0.0028079242982762937,0.0013590353603657262,120,406,floor_proxy_penalized,8.0,1.0,0.0,1.0,0.2,0.05,0.5,0.5,455,0.00745334848624584,0.4307376845920044,0.20847703934253012,True
floor_proxy_penalized_s0456,500,283,0.566,6.056537102473499,403.7501562570276,52.36029535837961,0.2642750009618153,0.13785406070115733,0.16632463643603917,0.04804634924246613,0.6422744493538972,0.4432700474353521,0.33973257003747126,0.24744583471285922,0.8928613644039175,0.0,0.0,0.38378222447371385,0.16207080941123495,0.5423998086232129,0.002507472921062282,0.0014192296733212516,120,582,floor_proxy_penalized,8.0,1.0,1.0,0.0,0.0,0.0,0.5,0.5,456,0.010809717480125306,0.37309285976966605,0.21117055862963097,True
floor_proxy_penalized_s0457,500,283,0.566,6.575971731448763,416.0920319742875,55.15299347438329,0.2767729481104871,0.18884448140089624,0.17351919790122936,0.0662297661335736,0.668070972963197,0.4138886123935182,0.33004710674596266,0.24850575377605277,0.8925615066572512,0.0,0.0,0.32479480724161575,0.14937943262411346,0.5438705699343998,0.002506296853520512,0.0014185640190926096,120,507,floor_proxy_penalized,8.0,1.0,1.0,0.0,0.0,0.01,0.5,0.5,457,0.010262362282527564,0.3991255865558291,0.22590508199059925,True
floor_proxy_penalized_s0458,500,276,0.552,6.869565217391305,424.2533588999776,56.814033437874286,0.28234550136759023,0.20277000202133144,0.18524600264486316,0.08861631544836988,0.659839168413246,0.39783511087881296,0.315130489183736,0.2501196809394761,0.8851157024793388,0.0,0.0,0.2845977961432507,0.13310442083169355,0.5267633477633478,0.0024705809755200168,0.0013637606984870491,120,452,floor_proxy_penalized,8.0,1.0,1.0,0.0,0.0,0.05,0.5,0.5,458,0.009715909373053189,0.4170396170423823,0.23020586860739506,True
floor_proxy_penalized_s0459,500,272,0.544,6.507352941176471,408.2462859842033,54.50725925055123,0.2817252076031355,0.21758980188905142,0.17416564550404773,0.06569210520729717,0.6832148144553406,0.40903579643351695,0.32565306924327747,0.24997698922598724,0.8901232940900837,0.0,0.0,0.3303124816962455,0.13830756164704505,0.5391261055467698,0.002651926377503052,0.001442647949361661,120,492,floor_proxy_penalized,8.0,1.0,1.0,0.0,0.05,0.0,0.5,0.5,459,0.009980322024620942,0.406602421991945,0.2211917175636181,True
floor_proxy_penalized_s0461,500,265,0.53,6.849056603773585,417.9986354007628,56.29738283784848,0.2853932417215515,0.221712122664692,0.1862380567517687,0.0888502000130254,0.6667058775083866,0.39332987818744836,0.30776660844166254,0.25182237391101836,0.8834390987800078,0.0,0.0,0.2839318509773055,0.12009543486816214,0.5285587203200839,0.002579364416757567,0.0013670631408815106,120,445,floor_proxy_penalized,8.0,1.0,1.0,0.0,0.05,0.05,0.5,0.5,461,0.009414291984523362,0.4240967589581971,0.22477128224784448,True
floor_proxy_penalized_s0462,500,272,0.544,6.518382352941177,408.48013840049015,54.56475762168458,0.28196790206290095,0.21883387582001756,0.17442742161899763,0.06599900467518842,0.6834131622599132,0.4087480865903804,0.3250515650835234,0.24996414084883653,0.8897585501829044,0.0,0.0,0.32929652348471533,0.13707754934692204,0.5389770131467548,0.0026521522947278065,0.001442770848331927,120,489,floor_proxy_penalized,8.0,1.0,1.0,0.0,0.1,0.0,0.5,0.5,462,0.009969805121681857,0.40742573488489475,0.22163959977738276,True
floor_proxy_penalized_s0464,500,265,0.53,6.8528301886792455,418.0083949824903,56.31380686289481,0.2855596659553605,0.2221508661068272,0.18634835969519495,0.0888502000130254,0.667030645058645,0.3932120027983317,0.3074193862194403,0.2517003222776366,0.8829881608290701,0.0,0.0,0.28384166338711786,0.11883280860553588,0.5285587203200839,0.0025795989911140504,0.0013671874652904468,120,443,floor_proxy_penalized,8.0,1.0,1.0,0.0,0.1,0.05,0.5,0.5,464,0.009411546289001059,0.4245673185960596,0.22502067885591162,True
floor_proxy_penalized_s0465,500,249,0.498,7.4417670682730925,465.8685950637745,62.46392045131238,0.2872523962994506,0.23024399265884493,0.18279176377992376,0.06851613801960062,0.687112304848096,0.4082372617663392,0.3262324283656637,0.25084808767600947,0.8897771260733784,0.0,0.0,0.31651109076986683,0.13817336074214634,0.5214536675637244,0.00284790122829188,0.0014182548116893562,120,440,floor_proxy_penalized,8.0,1.0,1.0,0.0,0.2,0.0,0.5,0.5,465,0.007972602366323885,0.41371483577067536,0.20602998821379634,True
floor_proxy_penalized_s0468,500,283,0.566,6.03886925795053,449.64224975370263,52.440391493226024,0.2654253837714655,0.13341338386159324,0.17011466248052273,0.046614520739982374,0.6403743917732183,0.446060304747703,0.3457144247572946,0.2482822011026524,0.8731833277046044,0.0,0.0,0.3886637397275695,0.1744174265450861,0.539478498255094,0.0025110955724170205,0.0014212800939880337,120,582,floor_proxy_penalized,8.0,1.0,1.0,1.0,0.0,0.0,0.5,0.5,468,0.010793206989560955,0.3734527104729712,0.21137423412770168,True
floor_proxy_penalized_s0469,500,283,0.566,6.6113074204946995,464.1719058718212,55.48123070400632,0.28062482844275466,0.189412648167119,0.18032645473786918,0.06725455946357776,0.670085048616234,0.40873477755734966,0.3312611599401324,0.2489333101437941,0.8723529622465793,0.0,0.0,0.31671758107928316,0.15390352358437462,0.5447261367474134,0.0025201801932151656,0.0014264219893597838,120,507,floor_proxy_penalized,8.0,1.0,1.0,1.0,0.0,0.01,0.5,0.5,469,0.010201648247848418,0.4053530071989503,0.22942980207460584,True
floor_proxy_penalized_s0470,500,276,0.552,6.8731884057971016,473.44933507159465,57.02071107099832,0.2850063442081499,0.2030709092505001,0.18961331875275042,0.0871636491730121,0.6636678282083712,0.3965214818041697,0.3186518507586689,0.24986826307266133,0.870245572609209,0.0,0.0,0.2814809130263676,0.1397494424767152,0.5292308802308802,0.002486406508067307,0.001372496392453154,120,452,floor_proxy_penalized,8.0,1.0,1.0,1.0,0.0,0.05,0.5,0.5,470,0.009680693025954852,0.4202416599781918,0.23197339630796188,True
floor_proxy_penalized_s0471,500,272,0.544,6.544117647058823,455.68029777472793,54.848770779901656,0.2856695830178936,0.2183076898680808,0.18118340999986587,0.06724591737948445,0.6852456905640405,0.4038070814973394,0.3269891979957214,0.2504137919011796,0.8691823346804896,0.0,0.0,0.32206554208399224,0.1431382885257424,0.540069114976864,0.002665101029245189,0.001449814959909383,120,492,floor_proxy_penalized,8.0,1.0,1.0,1.0,0.05,0.0,0.5,0.5,471,0.009918180339591841,0.4130209869155445,0.22468341688205623,True
floor_proxy_penalized_s0473,500,265,0.53,6.8528301886792455,466.6781249301554,56.51263954253615,0.2881649530138013,0.222025567695076,0.19078734436415123,0.0873370059761944,0.6706940647949756,0.39196151456802825,0.31143469341555113,0.2515604802997529,0.8679493801652893,0.0,0.0,0.2806850977305522,0.1270173324150597,0.5311290666404302,0.002595846858203047,0.0013757988348476152,120,445,floor_proxy_penalized,8.0,1.0,1.0,1.0,0.05,0.05,0.5,0.5,473,0.009378432936247431,0.4274322203496652,0.22653907678532256,True
floor_proxy_penalized_s0474,500,272,0.544,6.551470588235294,455.9499181297135,54.89228252638153,0.2857492128261887,0.2191243532133507,0.18141953000698702,0.0676194814072168,0.6849938564656174,0.4035691030759045,0.3266192624781844,0.25035963365183234,0.869256880880497,0.0,0.0,0.3211374418938994,0.1431382885257424,0.5399200225768491,0.002665096424721042,0.0014498124550482467,120,489,floor_proxy_penalized,8.0,1.0,1.0,1.0,0.1,0.0,0.5,0.5,474,0.009910318444829666,0.41340225438403977,0.22489082638491764,True
floor_proxy_penalized_s0476,500,265,0.53,6.8528301886792455,466.6781249301554,56.51263954253615,0.2881649530138013,0.222025567695076,0.19078734436415123,0.0873370059761944,0.6706940647949756,0.39196151456802825,0.31143469341555113,0.2515604802997529,0.8679493801652893,0.0,0.0,0.2806850977305522,0.1270173324150597,0.5311290666404302,0.002595846858203047,0.0013757988348476152,120,443,floor_proxy_penalized,8.0,1.0,1.0,1.0,0.1,0.05,0.5,0.5,476,0.009378432936247431,0.4274322203496652,0.22653907678532256,True
floor_proxy_penalized_s0477,500,249,0.498,7.473895582329317,520.6515436846097,62.74143010074142,0.29023053573894975,0.2306785598475856,0.18769236562393565,0.07024463489721756,0.6888611120733104,0.40380466458413644,0.3268419435651126,0.25188844002137206,0.8727216345219192,0.0,0.0,0.31020508718563744,0.143021671034005,0.5209000321310567,0.0028614554650991026,0.0014250048216193532,120,440,floor_proxy_penalized,8.0,1.0,1.0,1.0,0.2,0.0,0.5,0.5,477,0.007937338999133127,0.41848450654599195,0.20840528425990398,True
floor_proxy_penalized_s0479,500,242,0.484,7.838842975206612,535.634355988954,64.918018955142,0.2928558561343008,0.23207915025734535,0.19679519680038907,0.09111285108723771,0.6771369129235273,0.3929509354595921,0.3135896665262682,0.2525551543454489,0.871529374282223,0.0,0.0,0.2735869532152435,0.1270990983831573,0.504699774024376,0.0028082340150476243,0.00135918526328305,120,406,floor_proxy_penalized,8.0,1.0,1.0,1.0,0.2,0.05,0.5,0.5,479,0.0074555571440718385,0.4313317842354222,0.20876458356994432,True
