edge_id,src,dst,num_segments,num_episodes,num_unique_starts,num_unique_terminations,min_h,median_h,mean_h,max_h,num_unique_start_goal_pairs,num_unique_episodes,support_density_per_episode,support_count,reverse_support_raw,reverse_support_certified,reverse_support_count,asymmetry,src_density,dst_density,src_bottleneck_score,dst_bottleneck_score,edge_bottleneck_score,cost,cost_support_unit
0,2,42,3,3,3,3,25,25.0,25.0,25,3,3,1.0,3,133,133,133,-0.9558823529411695,0.00384,0.002905,0.49557695833984555,0.49705178564663943,0.49705178564663943,25.577350269189626,unique_starts
1,2,144,82,6,34,19,1,4.0,4.414634146341464,10,82,6,13.666666666666666,82,352,352,352,-0.6221198156682013,0.00384,0.00326,0.49557695833984555,0.4284130917563028,0.49557695833984555,4.171498585142508,unique_starts
2,2,171,12,3,5,8,14,19.0,19.416666666666668,25,12,3,4.0,12,9,9,9,0.14285714285713608,0.00384,0.00343,0.49557695833984555,0.6091865893282263,0.6091865893282263,19.447213595499957,unique_starts
3,2,175,82,6,39,28,1,3.0,3.4146341463414633,7,82,6,13.666666666666666,82,162,162,162,-0.32786885245901504,0.00384,0.00503,0.49557695833984555,0.7573380297747923,0.7573380297747923,3.160128153805087,unique_starts
4,2,261,27,2,9,9,20,24.0,23.555555555555557,25,27,2,13.5,27,28,0,0,0.999999999999963,0.00384,0.003005,0.49557695833984555,0.3332476057918914,0.49557695833984555,24.333333333333332,unique_starts
5,2,335,517,12,93,76,8,18.0,18.290135396518377,25,517,12,43.083333333333336,517,368,368,368,0.16836158192090375,0.00384,0.003265,0.49557695833984555,0.33863745508677673,0.49557695833984555,18.103695169473042,unique_starts
6,2,481,778,9,100,96,9,19.0,18.52827763496144,25,778,9,86.44444444444444,778,598,598,598,0.13081395348837202,0.00384,0.00295,0.49557695833984555,0.3715708750101002,0.49557695833984555,19.1,unique_starts
7,3,109,92,7,26,29,18,23.0,22.869565217391305,25,92,7,13.142857142857142,92,266,266,266,-0.4860335195530712,0.003565,0.002985,0.5904218374331804,0.3581978582570581,0.5904218374331804,23.196116135138183,unique_starts
8,3,112,12,2,7,4,22,24.0,23.916666666666668,25,12,2,6.0,12,0,0,0,0.9999999999999166,0.003565,0.00296,0.5904218374331804,0.4285491187954342,0.5904218374331804,24.37796447300923,unique_starts
9,3,140,11,4,7,8,23,25.0,24.545454545454547,25,11,4,2.75,11,981,981,981,-0.9778225806451603,0.003565,0.00296,0.5904218374331804,0.4551836186304672,0.5904218374331804,25.37796447300923,unique_starts
10,3,266,50,12,27,27,20,25.0,24.12,25,50,12,4.166666666666667,50,2649,2649,2649,-0.9629492404594291,0.003565,0.0038,0.5904218374331804,0.6115361362052629,0.6115361362052629,25.192450089729874,unique_starts
11,3,487,1322,33,299,331,13,23.0,22.14750378214826,25,1322,33,40.06060606060606,1322,608,608,608,0.36994818652849726,0.003565,0.00309,0.5904218374331804,0.4986519883489159,0.5904218374331804,23.057831493196623,unique_starts
12,4,8,144,6,44,28,5,15.0,15.284722222222221,25,144,6,24.0,144,57,57,57,0.43283582089552025,0.0034,0.00305,0.42665327824002786,0.5406985617322061,0.5406985617322061,15.150755672288883,unique_starts
13,4,22,69,6,26,22,13,24.0,22.956521739130434,25,69,6,11.5,69,1,0,0,0.9999999999999856,0.0034,0.00375,0.42665327824002786,0.6446610524678009,0.6446610524678009,24.196116135138183,unique_starts
14,4,63,679,9,92,110,1,8.0,8.004418262150221,19,679,9,75.44444444444444,679,151,151,151,0.6361445783132522,0.0034,0.00318,0.42665327824002786,0.5301456261038152,0.5301456261038152,8.104257207028537,unique_starts
15,4,79,69,5,31,16,15,22.0,21.3768115942029,25,69,5,13.8,69,182,182,182,-0.4501992031872492,0.0034,0.003325,0.42665327824002786,0.5566279042981374,0.5566279042981374,22.179605302026776,unique_starts
16,4,80,96,3,22,12,9,17.0,16.729166666666668,24,96,3,32.0,96,122,122,122,-0.11926605504587101,0.0034,0.003105,0.42665327824002786,0.54911977059455,0.54911977059455,17.21320071635561,unique_starts
17,4,230,366,9,104,66,7,20.0,19.898907103825138,25,366,9,40.666666666666664,366,2418,2418,2418,-0.7370689655172411,0.0034,0.00344,0.42665327824002786,0.5276863910046072,0.5276863910046072,20.09805806756909,unique_starts
18,4,273,57,4,22,18,17,24.0,23.19298245614035,25,57,4,14.25,57,166,166,166,-0.48878923766815924,0.0034,0.0032,0.42665327824002786,0.505500130278,0.505500130278,24.21320071635561,unique_starts
19,6,7,16,4,7,9,19,21.0,21.4375,25,16,4,4.0,16,19,0,0,0.9999999999999376,0.003095,0.00345,0.5183369733262979,0.473565075387291,0.5183369733262979,21.37796447300923,unique_starts
20,6,10,154,11,57,41,19,23.0,23.149350649350648,25,154,11,14.0,154,45,45,45,0.547738693467334,0.003095,0.003525,0.5183369733262979,0.49946110985903625,0.5183369733262979,23.132453235706503,unique_starts
21,6,24,7,2,7,2,20,23.0,22.857142857142858,25,7,2,3.5,7,0,0,0,0.9999999999998571,0.003095,0.002975,0.5183369733262979,0.4451639107771672,0.5183369733262979,23.37796447300923,unique_starts
22,6,80,26,4,18,6,17,21.0,21.076923076923077,25,26,4,6.5,26,1,0,0,0.9999999999999616,0.003095,0.003105,0.5183369733262979,0.54911977059455,0.54911977059455,21.235702260395517,unique_starts
23,6,117,236,12,57,68,13,22.0,21.50423728813559,25,236,12,19.666666666666668,236,16,16,16,0.8730158730158696,0.003095,0.002995,0.5183369733262979,0.4921561459247037,0.5183369733262979,22.132453235706503,unique_starts
24,6,125,270,7,39,56,1,14.0,13.537037037037036,25,270,7,38.57142857142857,270,810,810,810,-0.49999999999999956,0.003095,0.004175,0.5183369733262979,0.3723974808647528,0.5183369733262979,14.160128153805086,unique_starts
25,6,133,51,5,22,16,18,23.0,22.784313725490197,25,51,5,10.2,51,8,8,8,0.7288135593220215,0.003095,0.003455,0.5183369733262979,0.40834813465235587,0.5183369733262979,23.21320071635561,unique_starts
26,6,147,264,10,41,64,9,19.0,19.079545454545453,25,264,10,26.4,264,1065,1065,1065,-0.6027088036117377,0.003095,0.00412,0.5183369733262979,0.4966726365256857,0.5183369733262979,19.156173761888606,unique_starts
27,6,281,1249,22,212,171,8,17.0,17.147317854283425,25,1249,22,56.77272727272727,1249,837,837,837,0.1975071907957813,0.003095,0.003665,0.5183369733262979,0.5084243360159619,0.5183369733262979,17.068680281974345,unique_starts
28,6,309,1035,26,171,240,1,12.0,11.827053140096618,25,1035,26,39.80769230769231,1035,1260,1260,1260,-0.09803921568627447,0.003095,0.003055,0.5183369733262979,0.48484104579254805,0.5183369733262979,12.076471911290188,unique_starts
29,6,481,47,3,7,20,9,14.0,13.914893617021276,21,47,3,15.666666666666666,47,73,73,73,-0.21666666666666487,0.003095,0.00295,0.5183369733262979,0.3715708750101002,0.5183369733262979,14.377964473009227,unique_starts
30,7,2,11,2,9,3,19,22.0,22.0,25,11,2,5.5,11,0,0,0,0.9999999999999091,0.00345,0.00384,0.473565075387291,0.49557695833984555,0.49557695833984555,22.333333333333332,unique_starts
31,7,56,20,7,11,14,1,24.0,22.1,25,20,7,2.857142857142857,20,292,292,292,-0.8717948717948689,0.00345,0.003085,0.473565075387291,0.5396960390661362,0.5396960390661362,24.301511344577765,unique_starts
32,7,133,222,8,27,83,1,9.0,9.121621621621621,25,222,8,27.75,222,490,490,490,-0.37640449438202195,0.00345,0.003455,0.473565075387291,0.40834813465235587,0.473565075387291,9.192450089729876,unique_starts
33,7,139,70,7,25,29,19,24.0,23.47142857142857,25,70,7,10.0,70,0,0,0,0.9999999999999858,0.00345,0.00315,0.473565075387291,0.5763001546805818,0.5763001546805818,24.2,unique_starts
34,7,143,181,6,23,53,1,9.0,9.066298342541437,20,181,6,30.166666666666668,181,302,302,302,-0.25051759834368476,0.00345,0.003425,0.473565075387291,0.4310573077101274,0.473565075387291,9.208514414057074,unique_starts
35,7,167,7,2,3,4,1,3.0,2.5714285714285716,4,7,2,3.5,7,61,61,61,-0.7941176470588119,0.00345,0.002905,0.473565075387291,0.5523326473861818,0.5523326473861818,3.5773502691896257,unique_starts
36,7,175,53,4,21,15,18,23.0,22.452830188679247,25,53,4,13.25,53,37,37,37,0.17777777777777581,0.00345,0.00503,0.473565075387291,0.7573380297747923,0.7573380297747923,23.21821789023599,unique_starts
37,7,273,35,3,13,11,20,24.0,23.37142857142857,25,35,3,11.666666666666666,35,9,0,0,0.9999999999999714,0.00345,0.0032,0.473565075387291,0.505500130278,0.505500130278,24.277350098112613,unique_starts
38,7,290,60,6,15,32,1,5.0,4.633333333333334,10,60,6,10.0,60,771,771,771,-0.855595667870035,0.00345,0.002905,0.473565075387291,0.5506580655999675,0.5506580655999675,5.258198889747161,unique_starts
39,7,318,3252,16,284,328,1,13.0,13.134378843788438,25,3252,16,203.25,3252,503,503,503,0.7320905459387481,0.00345,0.003055,0.473565075387291,0.4226365509545472,0.473565075387291,13.059339082909693,unique_starts
40,7,429,49,2,11,8,9,16.0,15.857142857142858,21,49,2,24.5,49,138,138,138,-0.4759358288770028,0.00345,0.0033,0.473565075387291,0.6319999683881292,0.6319999683881292,16.301511344577765,unique_starts
41,8,4,57,3,9,27,10,20.0,19.43859649122807,25,57,3,19.0,57,144,144,144,-0.43283582089552025,0.00305,0.0034,0.5406985617322061,0.42665327824002786,0.5406985617322061,20.333333333333332,unique_starts
42,8,22,1089,27,152,211,1,11.0,10.579430670339761,22,1089,27,40.333333333333336,1089,0,0,0,0.9999999999999991,0.00305,0.00375,0.5406985617322061,0.6446610524678009,0.6446610524678009,11.081110710565381,unique_starts
43,8,79,1437,27,207,247,1,8.0,8.193458594293668,19,1437,27,53.22222222222222,1437,222,222,222,0.7323688969258586,0.00305,0.003325,0.5406985617322061,0.5566279042981374,0.5566279042981374,8.06950480468569,unique_starts
44,8,80,90,3,15,23,3,9.0,9.277777777777779,16,90,3,30.0,90,29,29,29,0.5126050420168025,0.00305,0.003105,0.5406985617322061,0.54911977059455,0.54911977059455,9.258198889747161,unique_starts
45,8,144,607,12,97,94,1,9.0,9.199341021416805,22,607,12,50.583333333333336,607,58,58,58,0.8255639097744348,0.00305,0.00326,0.5406985617322061,0.4284130917563028,0.5406985617322061,9.101534616513362,unique_starts
46,8,169,50,4,16,10,16,21.0,21.2,25,50,4,12.5,50,0,0,0,0.99999999999998,0.00305,0.003075,0.5406985617322061,0.5191317792488794,0.5406985617322061,21.25,unique_starts
47,8,171,933,28,184,183,1,16.0,15.988210075026796,25,933,28,33.32142857142857,933,209,209,209,0.6339754816112079,0.00305,0.00343,0.5406985617322061,0.6091865893282263,0.6091865893282263,16.07372097807745,unique_starts
48,8,172,54,4,21,15,3,12.5,12.962962962962964,24,54,4,13.5,54,553,553,553,-0.8220757825370661,0.00305,0.00297,0.5406985617322061,0.4684363793861522,0.5406985617322061,12.718217890235993,unique_starts
49,8,229,775,16,105,184,1,16.0,14.838709677419354,25,775,16,48.4375,775,127,127,127,0.7184035476718396,0.00305,0.00306,0.5406985617322061,0.23617874098724062,0.5406985617322061,16.097590007294855,unique_starts
50,8,230,395,19,84,115,1,6.0,7.491139240506329,20,395,19,20.789473684210527,395,160,160,160,0.42342342342342265,0.00305,0.00344,0.5406985617322061,0.5276863910046072,0.5406985617322061,6.109108945117996,unique_starts
51,8,273,119,9,36,32,7,14.0,14.033613445378151,21,119,9,13.222222222222221,119,2,0,0,0.9999999999999917,0.00305,0.0032,0.5406985617322061,0.505500130278,0.5406985617322061,14.166666666666666,unique_starts
52,8,315,42,2,7,9,3,8.0,8.30952380952381,14,42,2,21.0,42,2,0,0,0.9999999999999761,0.00305,0.00307,0.5406985617322061,0.5338410601299857,0.5406985617322061,8.377964473009227,unique_starts
53,8,335,128,6,39,31,16,22.0,21.6953125,25,128,6,21.333333333333332,128,10,0,0,0.9999999999999922,0.00305,0.003265,0.5406985617322061,0.33863745508677673,0.5406985617322061,22.160128153805086,unique_starts
54,10,6,45,8,29,16,20,23.0,23.155555555555555,25,45,8,5.625,45,154,154,154,-0.547738693467334,0.003525,0.003095,0.49946110985903625,0.5183369733262979,0.5183369733262979,23.18569533817705,unique_starts
55,10,42,37,3,25,6,15,19.0,19.324324324324323,24,37,3,12.333333333333334,37,61,61,61,-0.244897959183671,0.003525,0.002905,0.49946110985903625,0.49705178564663943,0.49946110985903625,19.2,unique_starts
56,10,109,16,2,13,3,3,6.0,7.625,19,16,2,8.0,16,8,0,0,0.9999999999999376,0.003525,0.002985,0.49946110985903625,0.3581978582570581,0.49946110985903625,6.277350098112614,unique_starts
57,10,112,1116,20,414,133,1,19.0,18.406810035842295,25,1116,20,55.8,1116,532,532,532,0.35436893203883474,0.003525,0.00296,0.49946110985903625,0.4285491187954342,0.49946110985903625,19.049147318718298,unique_starts
58,10,117,20,4,11,10,1,24.0,17.6,25,20,4,5.0,20,1195,1195,1195,-0.9670781893004108,0.003525,0.002995,0.49946110985903625,0.4921561459247037,0.49946110985903625,24.301511344577765,unique_starts
59,10,139,4,2,2,4,23,24.5,24.25,25,4,2,2.0,4,0,0,0,0.99999999999975,0.003525,0.00315,0.49946110985903625,0.5763001546805818,0.5763001546805818,25.207106781186546,unique_starts
60,10,147,36,2,10,12,7,12.5,12.5,18,36,2,18.0,36,0,0,0,0.9999999999999721,0.003525,0.00412,0.49946110985903625,0.4966726365256857,0.49946110985903625,12.816227766016837,unique_starts
61,10,175,69,9,23,37,18,23.0,23.144927536231883,25,69,9,7.666666666666667,69,133,133,133,-0.3168316831683153,0.003525,0.00503,0.49946110985903625,0.7573380297747923,0.7573380297747923,23.208514414057074,unique_starts
62,10,281,437,19,79,109,3,12.0,12.5675057208238,23,437,19,23.0,437,1258,1258,1258,-0.4843657817109142,0.003525,0.003665,0.49946110985903625,0.5084243360159619,0.5084243360159619,12.112508790092603,unique_starts
63,10,324,3195,20,305,406,1,11.0,11.8037558685446,25,3195,20,159.75,3195,312,312,312,0.8220701454234386,0.003525,0.00328,0.49946110985903625,0.38585339304776145,0.49946110985903625,11.057259833431386,unique_starts
64,10,382,86,4,22,19,1,20.0,16.77906976744186,25,86,4,21.5,86,2885,2885,2885,-0.9421070346684615,0.003525,0.00306,0.49946110985903625,0.5168753927781407,0.5168753927781407,20.21320071635561,unique_starts
65,10,462,439,8,78,61,1,9.0,9.542141230068337,24,439,8,54.875,439,0,0,0,0.9999999999999977,0.003525,0.00335,0.49946110985903625,0.4622577751318516,0.49946110985903625,9.11322770341446,unique_starts
66,16,3,802,11,163,80,3,16.0,16.473815461346632,25,802,11,72.9090909090909,802,3,0,0,0.9999999999999988,0.00306,0.003565,0.3930741805154096,0.5904218374331804,0.5904218374331804,16.078326044998796,unique_starts
67,16,117,203,5,51,37,12,20.0,19.995073891625616,25,203,5,40.6,203,764,764,764,-0.5801447776628743,0.00306,0.002995,0.3930741805154096,0.4921561459247037,0.4921561459247037,20.1400280084028,unique_starts
68,16,169,164,9,45,42,15,23.0,22.609756097560975,25,164,9,18.22222222222222,164,80,80,80,0.3442622950819658,0.00306,0.003075,0.3930741805154096,0.5191317792488794,0.5191317792488794,23.149071198499986,unique_starts
69,16,176,11,3,5,6,22,24.0,24.09090909090909,25,11,3,3.6666666666666665,11,518,518,518,-0.9584120982986749,0.00306,0.00293,0.3930741805154096,0.4160949662438087,0.4160949662438087,24.447213595499957,unique_starts
70,16,252,40,3,24,5,9,19.0,18.45,25,40,3,13.333333333333334,40,9,0,0,0.9999999999999749,0.00306,0.00348,0.3930741805154096,0.32521551737612986,0.3930741805154096,19.20412414523193,unique_starts
71,16,324,7,3,6,5,1,1.0,2.857142857142857,7,7,3,2.3333333333333335,7,121,121,121,-0.8906249999999931,0.00306,0.00328,0.3930741805154096,0.38585339304776145,0.3930741805154096,1.4082482904638631,unique_starts
72,16,382,138,6,46,22,1,6.0,5.920289855072464,14,138,6,23.0,138,9,9,9,0.8775510204081574,0.00306,0.00306,0.3930741805154096,0.5168753927781407,0.5168753927781407,6.147441956154897,unique_starts
73,16,383,36,2,13,6,12,18.5,18.63888888888889,25,36,2,18.0,36,58,0,0,0.9999999999999721,0.00306,0.00295,0.3930741805154096,0.47953992323646644,0.47953992323646644,18.777350098112613,unique_starts
74,16,462,56,5,17,23,1,23.0,18.982142857142858,25,56,5,11.2,56,695,695,695,-0.8508655126497991,0.00306,0.00335,0.3930741805154096,0.4622577751318516,0.4622577751318516,23.242535625036332,unique_starts
75,16,487,570,11,155,51,1,9.0,9.312280701754386,25,570,11,51.81818181818182,570,1637,1637,1637,-0.4834617127322155,0.00306,0.00309,0.3930741805154096,0.4986519883489159,0.4986519883489159,9.08032193289025,unique_starts
76,22,7,70,6,31,19,20,24.0,23.314285714285713,25,70,6,11.666666666666666,70,0,0,0,0.9999999999999858,0.00375,0.00345,0.6446610524678009,0.473565075387291,0.6446610524678009,24.179605302026776,unique_starts
77,22,79,131,7,18,43,2,11.0,11.381679389312977,20,131,7,18.714285714285715,131,209,209,209,-0.22941176470588165,0.00375,0.003325,0.6446610524678009,0.5566279042981374,0.6446610524678009,11.235702260395517,unique_starts
78,22,80,56,3,7,24,4,12.0,12.071428571428571,20,56,3,18.666666666666668,56,221,221,221,-0.5956678700360989,0.00375,0.003105,0.6446610524678009,0.54911977059455,0.6446610524678009,12.377964473009227,unique_starts
79,22,117,196,9,49,49,15,22.0,21.709183673469386,25,196,9,21.77777777777778,196,0,0,0,0.9999999999999949,0.00375,0.002995,0.6446610524678009,0.4921561459247037,0.6446610524678009,22.142857142857142,unique_starts
80,22,139,107,12,28,62,1,4.0,4.570093457943925,13,107,12,8.916666666666666,107,825,825,825,-0.7703862660944197,0.00375,0.00315,0.6446610524678009,0.5763001546805818,0.6446610524678009,4.188982236504613,unique_starts
81,22,143,58,3,17,10,17,22.0,22.20689655172414,25,58,3,19.333333333333332,58,0,0,0,0.9999999999999827,0.00375,0.003425,0.6446610524678009,0.4310573077101274,0.6446610524678009,22.242535625036332,unique_starts
82,22,144,47,5,17,17,1,4.0,3.617021276595745,7,47,5,9.4,47,6,6,6,0.7735849056603628,0.00375,0.00326,0.6446610524678009,0.4284130917563028,0.6446610524678009,4.242535625036333,unique_starts
83,22,167,11,2,5,5,22,24.0,24.09090909090909,25,11,2,5.5,11,0,0,0,0.9999999999999091,0.00375,0.002905,0.6446610524678009,0.5523326473861818,0.6446610524678009,24.447213595499957,unique_starts
84,22,169,498,15,125,72,9,16.0,16.20281124497992,25,498,15,33.2,498,60,60,60,0.7849462365591383,0.00375,0.003075,0.6446610524678009,0.5191317792488794,0.6446610524678009,16.089442719099992,unique_starts
85,22,171,32,2,6,12,12,18.5,18.40625,25,32,2,16.0,32,38,38,38,-0.0857142857142845,0.00375,0.00343,0.6446610524678009,0.6091865893282263,0.6446610524678009,18.908248290463863,unique_starts
86,22,175,82,8,45,22,1,3.0,3.5609756097560976,7,82,8,10.25,82,29,29,29,0.4774774774774732,0.00375,0.00503,0.6446610524678009,0.7573380297747923,0.7573380297747923,3.149071198499986,unique_starts
87,22,273,356,29,165,100,1,4.0,4.558988764044944,18,356,29,12.275862068965518,356,941,941,941,-0.4510408635312256,0.00375,0.0032,0.6446610524678009,0.505500130278,0.6446610524678009,4.077849894416152,unique_starts
88,22,279,219,12,62,49,1,23.0,21.91324200913242,25,219,12,18.25,219,90,0,0,0.9999999999999954,0.00375,0.00293,0.6446610524678009,0.40818291842784804,0.6446610524678009,23.12700012700019,unique_starts
89,22,335,59,2,10,11,12,19.0,18.779661016949152,25,59,2,29.5,59,0,0,0,0.999999999999983,0.00375,0.003265,0.6446610524678009,0.33863745508677673,0.6446610524678009,19.316227766016837,unique_starts
90,22,383,212,10,54,40,12,22.0,21.004716981132077,25,212,10,21.2,212,50,50,50,0.6183206106870205,0.00375,0.00295,0.6446610524678009,0.47953992323646644,0.6446610524678009,22.136082763487956,unique_starts
91,22,432,15,2,7,6,22,24.0,24.066666666666666,25,15,2,7.5,15,0,0,0,0.9999999999999333,0.00375,0.002895,0.6446610524678009,0.38597465955399696,0.6446610524678009,24.37796447300923,unique_starts
92,22,433,25,2,9,11,8,14.0,14.96,25,25,2,12.5,25,4,0,0,0.99999999999996,0.00375,0.00295,0.6446610524678009,0.4187955072680345,0.6446610524678009,14.333333333333334,unique_starts
93,24,84,13,2,5,4,1,3.0,3.3076923076923075,6,13,2,6.5,13,639,639,639,-0.9601226993865015,0.002975,0.003185,0.4451639107771672,0.4087675614805981,0.4451639107771672,3.447213595499958,unique_starts
94,24,120,3738,33,507,414,5,18.0,17.399143927233816,25,3738,33,113.27272727272727,3738,29,0,0,0.9999999999999998,0.002975,0.00351,0.4451639107771672,0.6286366289947183,0.6286366289947183,18.044411559168434,unique_starts
95,24,147,8,2,2,8,1,11.5,10.625,15,8,2,4.0,8,526,526,526,-0.9700374531835187,0.002975,0.00412,0.4451639107771672,0.4966726365256857,0.4966726365256857,12.207106781186548,unique_starts
96,24,224,1694,26,273,236,1,8.0,8.438606847697757,20,1694,26,65.15384615384616,1694,15,15,15,0.9824458747805729,0.002975,0.003435,0.4451639107771672,0.5524327933598494,0.5524327933598494,8.06052275326688,unique_starts
97,24,304,1418,34,542,149,1,13.0,12.800423131170662,25,1418,34,41.705882352941174,1418,5,0,0,0.9999999999999993,0.002975,0.003015,0.4451639107771672,0.5149114583441843,0.5149114583441843,13.042953677958756,unique_starts
98,42,2,133,4,19,26,13,19.0,18.984962406015036,25,133,4,33.25,133,3,3,3,0.9558823529411695,0.002905,0.00384,0.49705178564663943,0.49557695833984555,0.49705178564663943,19.22941573387056,unique_starts
99,42,4,23,2,7,8,19,24.0,23.217391304347824,25,23,2,11.5,23,4,0,0,0.9999999999999566,0.002905,0.0034,0.49705178564663943,0.42665327824002786,0.49705178564663943,24.37796447300923,unique_starts
100,42,8,353,13,68,80,1,6.0,6.164305949008498,17,353,13,27.153846153846153,353,0,0,0,0.9999999999999971,0.002905,0.00305,0.49705178564663943,0.5406985617322061,0.5406985617322061,6.121267812518166,unique_starts
101,42,10,61,4,9,33,1,11.0,10.901639344262295,23,61,4,15.25,61,37,37,37,0.244897959183671,0.002905,0.003525,0.49705178564663943,0.49946110985903625,0.49946110985903625,11.333333333333334,unique_starts
102,42,22,345,10,46,84,11,19.0,19.24927536231884,25,345,10,34.5,345,0,0,0,0.999999999999997,0.002905,0.00375,0.49705178564663943,0.6446610524678009,0.6446610524678009,19.147441956154896,unique_starts
103,42,79,79,5,27,16,5,12.0,12.265822784810126,20,79,5,15.8,79,242,242,242,-0.5077881619937679,0.002905,0.003325,0.49705178564663943,0.5566279042981374,0.5566279042981374,12.192450089729876,unique_starts
104,42,80,618,13,107,116,1,13.0,13.310679611650485,22,618,13,47.53846153846154,618,938,938,938,-0.20565552699228778,0.002905,0.003105,0.49705178564663943,0.54911977059455,0.54911977059455,13.096673648904567,unique_starts
105,42,117,12,2,2,12,8,11.5,12.0,17,12,2,6.0,12,8,8,8,0.19999999999999002,0.002905,0.002995,0.49705178564663943,0.4921561459247037,0.49705178564663943,12.207106781186548,unique_starts
106,42,171,823,20,145,157,5,20.0,19.54070473876063,25,823,20,41.15,823,88,88,88,0.8068057080131714,0.002905,0.00343,0.49705178564663943,0.6091865893282263,0.6091865893282263,20.08304547985374,unique_starts
107,42,175,506,19,126,97,14,21.0,21.16403162055336,25,506,19,26.63157894736842,506,5,5,5,0.9804305283757319,0.002905,0.00503,0.49705178564663943,0.7573380297747923,0.7573380297747923,21.089087080637476,unique_starts
108,42,281,18,2,4,12,14,17.0,18.0,24,18,2,9.0,18,0,0,0,0.9999999999999445,0.002905,0.003665,0.49705178564663943,0.5084243360159619,0.5084243360159619,17.5,unique_starts
109,50,146,215,6,41,34,1,7.0,6.725581395348837,14,215,6,35.833333333333336,215,229,229,229,-0.03153153153153146,0.00344,0.00289,0.4362745814366093,0.49858717633061933,0.49858717633061933,7.156173761888606,unique_starts
110,50,229,171,4,38,33,12,20.0,19.555555555555557,25,171,4,42.75,171,81,81,81,0.3571428571428557,0.00344,0.00306,0.4362745814366093,0.23617874098724062,0.4362745814366093,20.162221421130763,unique_starts
111,50,230,144,4,37,21,9,20.0,19.20138888888889,25,144,4,36.0,144,745,745,745,-0.676040494938132,0.00344,0.00344,0.4362745814366093,0.5276863910046072,0.5276863910046072,20.164398987305358,unique_starts
112,50,315,590,11,151,66,1,18.0,16.730508474576272,25,590,11,53.63636363636363,590,1759,1759,1759,-0.497658578118348,0.00344,0.00307,0.4362745814366093,0.5338410601299857,0.5338410601299857,18.081378845877115,unique_starts
113,56,7,292,10,61,65,1,15.0,14.743150684931507,25,292,10,29.2,292,20,20,20,0.8717948717948689,0.003085,0.00345,0.5396960390661362,0.473565075387291,0.5396960390661362,15.128036879932896,unique_starts
114,56,143,537,9,53,82,4,16.0,15.972067039106145,25,537,9,59.666666666666664,537,1,0,0,0.9999999999999981,0.003085,0.003425,0.5396960390661362,0.4310573077101274,0.5396960390661362,16.13736056394869,unique_starts
115,56,167,1087,25,213,191,1,7.0,8.427782888684453,25,1087,25,43.48,1087,0,0,0,0.9999999999999991,0.003085,0.002905,0.5396960390661362,0.5523326473861818,0.5523326473861818,7.0685188709827536,unique_starts
116,56,207,151,9,37,37,1,6.0,6.1655629139072845,16,151,9,16.77777777777778,151,1,0,0,0.9999999999999934,0.003085,0.002905,0.5396960390661362,0.5142383888493315,0.5396960390661362,6.164398987305358,unique_starts
117,56,261,98,4,29,18,7,16.0,16.714285714285715,25,98,4,24.5,98,0,0,0,0.9999999999999899,0.003085,0.003005,0.5396960390661362,0.3332476057918914,0.5396960390661362,16.18569533817705,unique_starts
118,56,279,277,6,55,47,7,14.0,14.833935018050541,25,277,6,46.166666666666664,277,28,28,28,0.8163934426229481,0.003085,0.00293,0.5396960390661362,0.40818291842784804,0.5396960390661362,14.134839972492648,unique_starts
119,56,318,129,5,21,39,12,22.0,21.45736434108527,25,129,5,25.8,129,270,270,270,-0.35338345864661563,0.003085,0.003055,0.5396960390661362,0.4226365509545472,0.5396960390661362,22.21821789023599,unique_starts
120,56,398,15,3,6,9,1,23.0,18.066666666666666,25,15,3,5.0,15,189,189,189,-0.8529411764705841,0.003085,0.00324,0.5396960390661362,0.4886541548049501,0.5396960390661362,23.408248290463863,unique_starts
121,56,429,51,12,29,32,1,25.0,22.019607843137255,25,51,12,4.25,51,0,0,0,0.9999999999999803,0.003085,0.0033,0.5396960390661362,0.6319999683881292,0.6319999683881292,25.18569533817705,unique_starts
122,56,432,58,3,20,12,17,23.0,22.586206896551722,25,58,3,19.333333333333332,58,0,0,0,0.9999999999999827,0.003085,0.002895,0.5396960390661362,0.38597465955399696,0.5396960390661362,23.22360679774998,unique_starts
123,63,4,151,3,25,30,13,22.0,21.589403973509935,25,151,3,50.333333333333336,151,679,679,679,-0.6361445783132522,0.00318,0.0034,0.5301456261038152,0.42665327824002786,0.5301456261038152,22.2,unique_starts
124,63,8,708,19,149,108,1,8.0,8.73870056497175,23,708,19,37.26315789473684,708,0,0,0,0.9999999999999986,0.00318,0.00305,0.5301456261038152,0.5406985617322061,0.5406985617322061,8.081923192051905,unique_starts
125,63,22,1056,20,157,178,7,21.0,20.071969696969695,25,1056,20,52.8,1056,0,0,0,0.9999999999999991,0.00318,0.00375,0.5301456261038152,0.6446610524678009,0.6446610524678009,21.07980868844676,unique_starts
126,63,42,139,13,45,47,1,4.0,4.546762589928058,13,139,13,10.692307692307692,139,0,0,0,0.9999999999999929,0.00318,0.002905,0.5301456261038152,0.49705178564663943,0.5301456261038152,4.149071198499986,unique_starts
127,63,79,250,10,61,54,7,16.0,16.22,25,250,10,25.0,250,28,28,28,0.7985611510791337,0.00318,0.003325,0.5301456261038152,0.5566279042981374,0.5566279042981374,16.128036879932896,unique_starts
128,63,80,378,11,97,72,1,13.0,12.404761904761905,24,378,11,34.36363636363637,378,55,55,55,0.7459584295611992,0.00318,0.003105,0.5301456261038152,0.54911977059455,0.54911977059455,13.101534616513362,unique_starts
129,63,139,20,3,17,4,9,15.5,15.1,21,20,3,6.666666666666667,20,1,0,0,0.99999999999995,0.00318,0.00315,0.5301456261038152,0.5763001546805818,0.5763001546805818,15.742535625036332,unique_starts
130,63,146,27,2,11,5,1,4.0,4.0,7,27,2,13.5,27,0,0,0,0.999999999999963,0.00318,0.00289,0.5301456261038152,0.49858717633061933,0.5301456261038152,4.301511344577763,unique_starts
131,63,171,324,17,105,87,6,22.0,20.969135802469136,25,324,17,19.058823529411764,324,3,3,3,0.9816513761467859,0.00318,0.00343,0.5301456261038152,0.6091865893282263,0.6091865893282263,22.097590007294855,unique_starts
132,63,172,6,2,6,2,21,23.5,23.333333333333332,25,6,2,3.0,6,3349,3349,3349,-0.996423248882265,0.00318,0.00297,0.5301456261038152,0.4684363793861522,0.5301456261038152,23.908248290463863,unique_starts
133,63,175,97,6,22,37,13,22.0,21.649484536082475,25,97,6,16.166666666666668,97,0,0,0,0.9999999999999898,0.00318,0.00503,0.5301456261038152,0.7573380297747923,0.7573380297747923,22.21320071635561,unique_starts
134,63,229,34,4,24,5,9,14.0,14.5,25,34,4,8.5,34,0,0,0,0.9999999999999706,0.00318,0.00306,0.5301456261038152,0.23617874098724062,0.5301456261038152,14.204124145231932,unique_starts
135,63,230,763,11,187,89,1,13.0,13.158584534731324,25,763,11,69.36363636363636,763,2,0,0,0.9999999999999987,0.00318,0.00344,0.5301456261038152,0.5276863910046072,0.5301456261038152,13.073127242412713,unique_starts
136,79,4,182,9,34,69,6,20.0,18.895604395604394,25,182,9,20.22222222222222,182,69,69,69,0.4501992031872492,0.003325,0.0034,0.5566279042981374,0.42665327824002786,0.5566279042981374,20.17149858514251,unique_starts
137,79,8,222,23,89,94,1,24.0,20.78828828828829,25,222,23,9.652173913043478,222,1437,1437,1437,-0.7323688969258586,0.003325,0.00305,0.5566279042981374,0.5406985617322061,0.5566279042981374,24.105999788000634,unique_starts
138,79,22,209,14,27,116,2,12.0,11.325358851674642,18,209,14,14.928571428571429,209,131,131,131,0.22941176470588165,0.003325,0.00375,0.5566279042981374,0.6446610524678009,0.6446610524678009,12.192450089729876,unique_starts
139,79,42,242,9,64,42,16,22.0,21.714876033057852,25,242,9,26.88888888888889,242,79,79,79,0.5077881619937679,0.003325,0.002905,0.5566279042981374,0.49705178564663943,0.5566279042981374,22.125,unique_starts
140,79,50,52,3,11,15,9,16.5,16.5,25,52,3,17.333333333333332,52,4,0,0,0.9999999999999807,0.003325,0.00344,0.5566279042981374,0.4362745814366093,0.5566279042981374,16.801511344577765,unique_starts
141,79,63,28,4,27,5,16,21.0,20.785714285714285,25,28,4,7.0,28,250,250,250,-0.7985611510791337,0.003325,0.00318,0.5566279042981374,0.5301456261038152,0.5566279042981374,21.192450089729874,unique_starts
142,79,146,444,13,110,81,15,22.0,21.98198198198198,25,444,13,34.15384615384615,444,734,734,734,-0.2461799660441424,0.003325,0.00289,0.5566279042981374,0.49858717633061933,0.5566279042981374,22.095346258924558,unique_starts
143,79,169,12,6,8,10,23,25.0,24.416666666666668,25,12,6,2.0,12,297,297,297,-0.9223300970873756,0.003325,0.003075,0.5566279042981374,0.5191317792488794,0.5566279042981374,25.353553390593273,unique_starts
144,79,171,1305,32,293,205,1,8.0,8.592337164750958,25,1305,32,40.78125,1305,119,119,119,0.8328651685393254,0.003325,0.00343,0.5566279042981374,0.6091865893282263,0.6091865893282263,8.058420623783698,unique_starts
145,79,172,40,7,40,7,8,19.0,17.925,25,40,7,5.714285714285714,40,16,16,16,0.4285714285714209,0.003325,0.00297,0.5566279042981374,0.4684363793861522,0.5566279042981374,19.15811388300842,unique_starts
146,79,229,22,2,2,22,14,19.0,19.045454545454547,25,22,2,11.0,22,302,302,302,-0.8641975308641948,0.003325,0.00306,0.5566279042981374,0.23617874098724062,0.5566279042981374,19.707106781186546,unique_starts
147,79,230,359,25,102,117,1,5.0,6.8774373259052926,25,359,25,14.36,359,74,74,74,0.6581986143187052,0.003325,0.00344,0.5566279042981374,0.5276863910046072,0.5566279042981374,5.099014754297667,unique_starts
148,79,273,30,6,9,22,1,14.0,12.366666666666667,17,30,6,5.0,30,1799,1799,1799,-0.967195188627665,0.003325,0.0032,0.5566279042981374,0.505500130278,0.5566279042981374,14.333333333333334,unique_starts
149,80,4,122,3,13,36,11,20.0,19.450819672131146,25,122,3,40.666666666666664,122,96,96,96,0.11926605504587101,0.003105,0.0034,0.54911977059455,0.42665327824002786,0.54911977059455,20.277350098112613,unique_starts
150,80,8,29,2,11,7,20,23.0,23.24137931034483,25,29,2,14.5,29,90,90,90,-0.5126050420168025,0.003105,0.00305,0.54911977059455,0.5406985617322061,0.54911977059455,23.301511344577765,unique_starts
151,80,10,102,7,18,37,1,6.0,7.509803921568627,25,102,7,14.571428571428571,102,2,0,0,0.9999999999999902,0.003105,0.003525,0.54911977059455,0.49946110985903625,0.54911977059455,6.235702260395516,unique_starts
152,80,22,221,8,27,63,5,13.0,13.14027149321267,21,221,8,27.625,221,56,56,56,0.5956678700360989,0.003105,0.00375,0.54911977059455,0.6446610524678009,0.6446610524678009,13.192450089729876,unique_starts
153,80,42,938,24,198,194,14,22.0,21.93496801705757,25,938,24,39.083333333333336,938,618,618,618,0.20565552699228778,0.003105,0.002905,0.54911977059455,0.49705178564663943,0.54911977059455,22.07106690545187,unique_starts
154,80,63,55,3,18,8,1,21.0,21.036363636363635,25,55,3,18.333333333333332,55,378,378,378,-0.7459584295611992,0.003105,0.00318,0.54911977059455,0.5301456261038152,0.54911977059455,21.235702260395517,unique_starts
155,80,79,14,2,4,10,1,3.5,4.214285714285714,9,14,2,7.0,14,0,0,0,0.9999999999999286,0.003105,0.003325,0.54911977059455,0.5566279042981374,0.5566279042981374,4.0,unique_starts
156,80,112,25,4,13,7,7,9.0,9.36,12,25,4,6.25,25,0,0,0,0.99999999999996,0.003105,0.00296,0.54911977059455,0.4285491187954342,0.54911977059455,9.277350098112615,unique_starts
157,80,117,5,3,4,4,1,24.0,15.2,25,5,3,1.6666666666666667,5,101,101,101,-0.905660377358482,0.003105,0.002995,0.54911977059455,0.4921561459247037,0.54911977059455,24.5,unique_starts
158,80,171,1254,21,232,200,1,9.0,9.724880382775119,25,1254,21,59.714285714285715,1254,96,96,96,0.8577777777777772,0.003105,0.00343,0.54911977059455,0.6091865893282263,0.6091865893282263,9.065653216429862,unique_starts
159,80,175,89,9,17,45,1,13.0,12.910112359550562,21,89,9,9.88888888888889,89,1350,1350,1350,-0.8763029881862399,0.003105,0.00503,0.54911977059455,0.7573380297747923,0.7573380297747923,13.242535625036332,unique_starts
160,80,230,119,4,24,26,1,7.0,7.235294117647059,17,119,4,29.75,119,7,7,7,0.8888888888888818,0.003105,0.00344,0.54911977059455,0.5276863910046072,0.54911977059455,7.204124145231932,unique_starts
161,80,281,20,4,6,14,13,22.0,20.2,25,20,4,5.0,20,328,328,328,-0.8850574712643652,0.003105,0.003665,0.54911977059455,0.5084243360159619,0.54911977059455,22.408248290463863,unique_starts
162,80,382,95,5,17,26,15,21.0,20.57894736842105,25,95,5,19.0,95,48,48,48,0.32867132867132637,0.003105,0.00306,0.54911977059455,0.5168753927781407,0.54911977059455,21.242535625036332,unique_starts
163,84,24,639,9,68,120,1,15.0,14.237871674491393,25,639,9,71.0,639,13,13,13,0.9601226993865015,0.003185,0.002975,0.4087675614805981,0.4451639107771672,0.4451639107771672,15.121267812518166,unique_starts
164,84,120,109,7,28,39,17,23.0,22.559633027522935,25,109,7,15.571428571428571,109,0,0,0,0.9999999999999909,0.003185,0.00351,0.4087675614805981,0.6286366289947183,0.6286366289947183,23.188982236504614,unique_starts
165,84,217,198,7,23,58,3,14.0,14.232323232323232,25,198,7,28.285714285714285,198,42,42,42,0.6499999999999974,0.003185,0.003145,0.4087675614805981,0.5280768414975939,0.5280768414975939,14.208514414057074,unique_starts
166,84,224,21,3,7,14,17,23.0,22.285714285714285,25,21,3,7.0,21,12,12,12,0.27272727272726444,0.003185,0.003435,0.4087675614805981,0.5524327933598494,0.5524327933598494,23.37796447300923,unique_starts
167,84,304,46,5,26,9,12,21.0,20.32608695652174,25,46,5,9.2,46,64,64,64,-0.16363636363636216,0.003185,0.003015,0.4087675614805981,0.5149114583441843,0.5149114583441843,21.196116135138183,unique_starts
168,84,385,1047,18,180,176,1,18.0,17.382999044890163,25,1047,18,58.166666666666664,1047,1463,1463,1463,-0.16573705179282863,0.003185,0.00381,0.4087675614805981,0.544885989019332,0.544885989019332,18.074535599249995,unique_starts
169,84,433,11,4,7,8,22,24.0,24.09090909090909,25,11,4,2.75,11,3,0,0,0.9999999999999091,0.003185,0.00295,0.4087675614805981,0.4187955072680345,0.4187955072680345,24.37796447300923,unique_starts
170,98,24,88,2,11,28,8,21.0,20.0,25,88,2,44.0,88,0,0,0,0.9999999999999887,0.00306,0.002975,0.34307339056976743,0.4451639107771672,0.4451639107771672,21.301511344577765,unique_starts
171,98,84,21,2,9,6,1,4.0,3.857142857142857,7,21,2,10.5,21,1,0,0,0.9999999999999525,0.00306,0.003185,0.34307339056976743,0.4087675614805981,0.4087675614805981,4.333333333333333,unique_starts
172,98,252,419,4,66,42,1,13.0,12.954653937947494,25,419,4,104.75,419,18,0,0,0.9999999999999976,0.00306,0.00348,0.34307339056976743,0.32521551737612986,0.34307339056976743,13.123091490979332,unique_starts
173,98,335,105,4,27,31,9,22.0,21.266666666666666,25,105,4,26.25,105,260,260,260,-0.42465753424657415,0.00306,0.003265,0.34307339056976743,0.33863745508677673,0.34307339056976743,22.192450089729874,unique_starts
174,98,385,90,6,38,22,13,22.0,20.955555555555556,25,90,6,15.0,90,168,168,168,-0.30232558139534765,0.00306,0.00381,0.34307339056976743,0.544885989019332,0.544885989019332,22.162221421130763,unique_starts
175,109,3,266,4,39,32,6,17.0,17.01127819548872,25,266,4,66.5,266,92,92,92,0.4860335195530712,0.002985,0.003565,0.3581978582570581,0.5904218374331804,0.5904218374331804,17.160128153805086,unique_starts
176,109,117,17,2,6,5,18,21.0,20.823529411764707,24,17,2,8.5,17,14,14,14,0.09677419354838399,0.002985,0.002995,0.3581978582570581,0.4921561459247037,0.4921561459247037,21.408248290463863,unique_starts
177,109,140,158,6,62,18,1,9.0,10.094936708860759,25,158,6,26.333333333333332,158,8,8,8,0.9036144578313199,0.002985,0.00296,0.3581978582570581,0.4551836186304672,0.4551836186304672,9.12700012700019,unique_starts
178,109,146,177,5,80,17,1,14.0,13.44632768361582,25,177,5,35.4,177,76,76,76,0.3992094861660063,0.002985,0.00289,0.3581978582570581,0.49858717633061933,0.49858717633061933,14.11180339887499,unique_starts
179,109,169,27,2,6,11,14,21.0,20.333333333333332,25,27,2,13.5,27,71,71,71,-0.44897959183673014,0.002985,0.003075,0.3581978582570581,0.5191317792488794,0.5191317792488794,21.408248290463863,unique_starts
180,109,335,69,6,20,38,12,22.0,21.130434782608695,25,69,6,11.5,69,132,132,132,-0.313432835820894,0.002985,0.003265,0.3581978582570581,0.33863745508677673,0.3581978582570581,22.22360679774998,unique_starts
181,109,433,18,4,6,14,17,21.0,21.055555555555557,25,18,4,4.5,18,102,102,102,-0.6999999999999942,0.002985,0.00295,0.3581978582570581,0.4187955072680345,0.4187955072680345,21.408248290463863,unique_starts
182,109,487,63,4,34,14,1,7.0,8.031746031746032,25,63,4,15.75,63,73,73,73,-0.07352941176470534,0.002985,0.00309,0.3581978582570581,0.4986519883489159,0.4986519883489159,7.171498585142508,unique_starts
183,112,10,532,17,166,144,14,23.0,22.469924812030076,25,532,17,31.294117647058822,532,1116,1116,1116,-0.35436893203883474,0.00296,0.003525,0.4285491187954342,0.49946110985903625,0.49946110985903625,23.077615052570632,unique_starts
184,112,42,28,3,13,5,12,21.0,20.25,25,28,3,9.333333333333334,28,0,0,0,0.9999999999999644,0.00296,0.002905,0.4285491187954342,0.49705178564663943,0.49705178564663943,21.277350098112613,unique_starts
185,112,117,104,11,49,41,19,23.0,23.26923076923077,25,104,11,9.454545454545455,104,256,256,256,-0.422222222222221,0.00296,0.002995,0.4285491187954342,0.4921561459247037,0.4921561459247037,23.142857142857142,unique_starts
186,112,140,43,2,5,26,4,9.0,8.790697674418604,13,43,2,21.5,43,0,0,0,0.9999999999999767,0.00296,0.00296,0.4285491187954342,0.4551836186304672,0.4551836186304672,9.447213595499958,unique_starts
187,112,324,1420,13,235,128,1,9.0,9.225352112676056,24,1420,13,109.23076923076923,1420,1599,1599,1599,-0.05929115601192446,0.00296,0.00328,0.4285491187954342,0.38585339304776145,0.4285491187954342,9.065232807305344,unique_starts
188,112,382,3755,21,421,424,5,15.0,15.599733688415446,25,3755,21,178.8095238095238,3755,5,0,0,0.9999999999999998,0.00296,0.00306,0.4285491187954342,0.5168753927781407,0.5168753927781407,15.048737017882859,unique_starts
189,117,6,16,5,10,8,21,23.5,23.4375,25,16,5,3.2,16,236,236,236,-0.8730158730158696,0.002995,0.003095,0.4921561459247037,0.5183369733262979,0.5183369733262979,23.816227766016837,unique_starts
190,117,10,1195,25,204,245,1,7.0,7.727196652719665,20,1195,25,47.8,1195,20,20,20,0.9670781893004108,0.002995,0.003525,0.4921561459247037,0.49946110985903625,0.49946110985903625,7.070014004201401,unique_starts
191,117,16,764,9,100,115,2,17.0,16.68193717277487,25,764,9,84.88888888888889,764,203,203,203,0.5801447776628743,0.002995,0.00306,0.4921561459247037,0.3930741805154096,0.4921561459247037,17.1,unique_starts
192,117,42,8,3,5,5,23,25.0,24.5,25,8,3,2.6666666666666665,8,12,12,12,-0.19999999999999002,0.002995,0.002905,0.4921561459247037,0.49705178564663943,0.49705178564663943,25.447213595499957,unique_starts
193,117,80,101,8,33,28,1,4.0,4.148514851485149,9,101,8,12.625,101,5,5,5,0.905660377358482,0.002995,0.003105,0.4921561459247037,0.54911977059455,0.54911977059455,4.174077655955698,unique_starts
194,117,109,14,3,14,3,8,14.5,14.071428571428571,19,14,3,4.666666666666667,14,17,17,17,-0.09677419354838399,0.002995,0.002985,0.4921561459247037,0.3581978582570581,0.4921561459247037,14.767261241912424,unique_starts
195,117,112,256,17,107,73,11,23.0,22.19140625,25,256,17,15.058823529411764,256,104,104,104,0.422222222222221,0.002995,0.00296,0.4921561459247037,0.4285491187954342,0.4921561459247037,23.096673648904567,unique_starts
196,117,139,35,5,12,15,20,24.0,23.485714285714284,25,35,5,7.0,35,1,0,0,0.9999999999999714,0.002995,0.00315,0.4921561459247037,0.5763001546805818,0.5763001546805818,24.28867513459481,unique_starts
197,117,175,56,10,29,23,19,23.0,23.178571428571427,25,56,10,5.6,56,578,578,578,-0.8233438485804403,0.002995,0.00503,0.4921561459247037,0.7573380297747923,0.7573380297747923,23.18569533817705,unique_starts
198,117,273,11,2,4,8,21,24.0,23.727272727272727,25,11,2,5.5,11,0,0,0,0.9999999999999091,0.002995,0.0032,0.4921561459247037,0.505500130278,0.505500130278,24.5,unique_starts
199,117,281,304,11,41,79,1,11.0,11.266447368421053,22,304,11,27.636363636363637,304,1379,1379,1379,-0.6387403446226972,0.002995,0.003665,0.4921561459247037,0.5084243360159619,0.5084243360159619,11.156173761888606,unique_starts
200,117,324,1870,23,192,347,1,15.0,14.640106951871658,25,1870,23,81.30434782608695,1870,210,210,210,0.7980769230769227,0.002995,0.00328,0.4921561459247037,0.38585339304776145,0.4921561459247037,15.072168783648703,unique_starts
201,117,382,54,7,20,26,14,23.5,22.64814814814815,25,54,7,7.714285714285714,54,721,721,721,-0.8606451612903214,0.002995,0.00306,0.4921561459247037,0.5168753927781407,0.5168753927781407,23.72360679774998,unique_starts
202,117,383,21,2,2,21,1,7.0,6.809523809523809,13,21,2,10.5,21,6,0,0,0.9999999999999525,0.002995,0.00295,0.4921561459247037,0.47953992323646644,0.4921561459247037,7.707106781186548,unique_starts
203,117,462,1844,22,225,264,1,13.0,13.378524945770065,25,1844,22,83.81818181818181,1844,5,0,0,0.9999999999999996,0.002995,0.00335,0.4921561459247037,0.4622577751318516,0.4921561459247037,13.066666666666666,unique_starts
204,120,304,335,26,121,125,1,24.0,23.18507462686567,25,335,26,12.884615384615385,335,1047,1047,1047,-0.5151953690303904,0.00351,0.003015,0.6286366289947183,0.5149114583441843,0.6286366289947183,24.09090909090909,unique_starts
205,125,6,810,9,105,58,1,13.0,12.991358024691358,25,810,9,90.0,810,270,270,270,0.49999999999999956,0.004175,0.003095,0.3723974808647528,0.5183369733262979,0.5183369733262979,13.097590007294853,unique_starts
206,125,24,202,4,29,30,9,18.0,18.193069306930692,25,202,4,50.5,202,0,0,0,0.9999999999999951,0.004175,0.002975,0.3723974808647528,0.4451639107771672,0.4451639107771672,18.18569533817705,unique_starts
207,125,147,2470,19,381,307,6,19.0,18.852226720647774,25,2470,19,130.0,2470,2532,2532,2532,-0.012395041983206715,0.004175,0.00412,0.3723974808647528,0.4966726365256857,0.4966726365256857,19.051231551957855,unique_starts
208,125,217,291,5,40,37,1,11.0,11.38831615120275,25,291,5,58.2,291,11,11,11,0.9271523178807916,0.004175,0.003145,0.3723974808647528,0.5280768414975939,0.5280768414975939,11.158113883008419,unique_starts
209,125,224,52,2,10,14,16,22.0,21.846153846153847,25,52,2,26.0,52,91,91,91,-0.2727272727272708,0.004175,0.003435,0.3723974808647528,0.5524327933598494,0.5524327933598494,22.316227766016837,unique_starts
210,125,281,121,4,32,21,16,22.0,22.0,25,121,4,30.25,121,43,43,43,0.47560975609755807,0.004175,0.003665,0.3723974808647528,0.5084243360159619,0.5084243360159619,22.17677669529664,unique_starts
211,125,304,4,2,3,3,24,25.0,24.75,25,4,2,2.0,4,15,0,0,0.99999999999975,0.004175,0.003015,0.3723974808647528,0.5149114583441843,0.5149114583441843,25.577350269189626,unique_starts
212,125,309,742,19,180,132,1,12.0,13.55256064690027,25,742,19,39.05263157894737,742,953,953,953,-0.12448377581120937,0.004175,0.003055,0.3723974808647528,0.48484104579254805,0.48484104579254805,12.074535599249993,unique_starts
213,125,385,20,2,5,7,1,5.0,4.75,9,20,2,10.0,20,12,12,12,0.24999999999999217,0.004175,0.00381,0.3723974808647528,0.544885989019332,0.544885989019332,5.447213595499958,unique_starts
214,133,6,8,2,4,5,23,24.5,24.375,25,8,2,4.0,8,51,51,51,-0.7288135593220215,0.003455,0.003095,0.40834813465235587,0.5183369733262979,0.5183369733262979,25.0,unique_starts
215,133,7,490,8,80,71,1,10.0,10.987755102040817,25,490,8,61.25,490,222,222,222,0.37640449438202195,0.003455,0.00345,0.40834813465235587,0.473565075387291,0.473565075387291,10.11180339887499,unique_starts
216,133,175,76,5,26,19,11,23.0,21.407894736842106,25,76,5,15.2,76,46,46,46,0.2459016393442603,0.003455,0.00503,0.40834813465235587,0.7573380297747923,0.7573380297747923,23.196116135138183,unique_starts
217,133,207,7,2,4,4,23,25.0,24.428571428571427,25,7,2,3.5,7,35,35,35,-0.6666666666666508,0.003455,0.002905,0.40834813465235587,0.5142383888493315,0.5142383888493315,25.5,unique_starts
218,133,429,57,3,12,15,16,21.0,21.035087719298247,25,57,3,19.0,57,48,48,48,0.0857142857142849,0.003455,0.0033,0.40834813465235587,0.6319999683881292,0.6319999683881292,21.28867513459481,unique_starts
219,133,432,97,3,22,22,1,6.0,6.484536082474227,15,97,3,32.333333333333336,97,32,0,0,0.9999999999999898,0.003455,0.002895,0.40834813465235587,0.38597465955399696,0.40834813465235587,6.21320071635561,unique_starts
220,139,2,11,2,5,8,1,10.0,9.0,15,11,2,5.5,11,1,0,0,0.9999999999999091,0.00315,0.00384,0.5763001546805818,0.49557695833984555,0.5763001546805818,10.447213595499958,unique_starts
221,139,4,580,13,71,129,4,21.0,19.924137931034483,25,580,13,44.61538461538461,580,14,0,0,0.9999999999999982,0.00315,0.0034,0.5763001546805818,0.42665327824002786,0.5763001546805818,21.118678165819386,unique_starts
222,139,16,8,2,2,8,19,22.5,22.375,25,8,2,4.0,8,0,0,0,0.999999999999875,0.00315,0.00306,0.5763001546805818,0.3930741805154096,0.5763001546805818,23.207106781186546,unique_starts
223,139,22,825,21,139,136,1,15.0,14.18060606060606,25,825,21,39.285714285714285,825,107,107,107,0.7703862660944197,0.00315,0.00375,0.5763001546805818,0.6446610524678009,0.6446610524678009,15.084818892967997,unique_starts
224,139,42,15,6,8,10,22,25.0,24.266666666666666,25,15,6,2.5,15,0,0,0,0.9999999999999333,0.00315,0.002905,0.5763001546805818,0.49705178564663943,0.5763001546805818,25.353553390593273,unique_starts
225,139,50,137,3,18,27,11,21.0,20.313868613138688,25,137,3,45.666666666666664,137,0,0,0,0.9999999999999928,0.00315,0.00344,0.5763001546805818,0.4362745814366093,0.5763001546805818,21.235702260395517,unique_starts
226,139,79,603,25,145,149,1,8.0,8.381426202321725,19,603,25,24.12,603,1,0,0,0.9999999999999983,0.00315,0.003325,0.5763001546805818,0.5566279042981374,0.5763001546805818,8.08304547985374,unique_starts
227,139,80,771,28,153,173,1,8.0,7.783398184176394,18,771,28,27.535714285714285,771,0,0,0,0.9999999999999987,0.00315,0.003105,0.5763001546805818,0.54911977059455,0.5763001546805818,8.080845208345444,unique_starts
228,139,144,3,2,3,2,1,1.0,1.3333333333333333,2,3,2,1.5,3,33,33,33,-0.8333333333333102,0.00315,0.00326,0.5763001546805818,0.4284130917563028,0.5763001546805818,1.5773502691896257,unique_starts
229,139,169,30,5,14,14,19,24.0,23.666666666666668,25,30,5,6.0,30,999,999,999,-0.9416909620991245,0.00315,0.003075,0.5763001546805818,0.5191317792488794,0.5763001546805818,24.267261241912426,unique_starts
230,139,171,362,17,65,99,8,18.0,17.773480662983424,25,362,17,21.294117647058822,362,0,0,0,0.9999999999999972,0.00315,0.00343,0.5763001546805818,0.6091865893282263,0.6091865893282263,18.12403473458921,unique_starts
231,139,175,235,13,58,56,1,17.0,15.897872340425533,25,235,13,18.076923076923077,235,495,495,495,-0.3561643835616433,0.00315,0.00503,0.5763001546805818,0.7573380297747923,0.7573380297747923,17.131306432859724,unique_starts
232,139,229,300,8,44,67,1,15.0,14.116666666666667,25,300,8,37.5,300,0,0,0,0.9999999999999966,0.00315,0.00306,0.5763001546805818,0.23617874098724062,0.5763001546805818,15.150755672288883,unique_starts
233,139,230,910,22,160,145,1,10.0,10.065934065934066,22,910,22,41.36363636363637,910,0,0,0,0.9999999999999989,0.00315,0.00344,0.5763001546805818,0.5276863910046072,0.5763001546805818,10.07905694150421,unique_starts
234,139,273,475,21,123,77,1,14.0,13.633684210526315,25,475,21,22.61904761904762,475,721,721,721,-0.20568561872909683,0.00315,0.0032,0.5763001546805818,0.505500130278,0.5763001546805818,14.090166963466743,unique_starts
235,139,281,9,2,5,5,23,25.0,24.444444444444443,25,9,2,4.5,9,366,366,366,-0.9519999999999974,0.00315,0.003665,0.5763001546805818,0.5084243360159619,0.5763001546805818,25.447213595499957,unique_starts
236,139,315,56,3,11,15,1,7.0,6.75,13,56,3,18.666666666666668,56,0,0,0,0.9999999999999821,0.00315,0.00307,0.5763001546805818,0.5338410601299857,0.5763001546805818,7.301511344577763,unique_starts
237,140,3,981,19,207,169,6,15.0,15.212028542303772,25,981,19,51.63157894736842,981,11,11,11,0.9778225806451603,0.00296,0.003565,0.4551836186304672,0.5904218374331804,0.5904218374331804,15.06950480468569,unique_starts
238,140,109,8,2,5,5,1,4.0,4.25,9,8,2,4.0,8,158,158,158,-0.9036144578313199,0.00296,0.002985,0.4551836186304672,0.3581978582570581,0.4551836186304672,4.447213595499958,unique_starts
239,140,433,173,8,46,46,15,23.0,22.612716763005782,25,173,8,21.625,173,121,121,121,0.17687074829931912,0.00296,0.00295,0.4551836186304672,0.4187955072680345,0.4551836186304672,23.147441956154896,unique_starts
240,140,487,47,4,27,8,1,4.0,4.659574468085107,12,47,4,11.75,47,946,946,946,-0.9053373615307141,0.00296,0.00309,0.4551836186304672,0.4986519883489159,0.4986519883489159,4.192450089729875,unique_starts
241,143,7,302,11,48,72,1,11.0,11.592715231788079,25,302,11,27.454545454545453,302,181,181,181,0.25051759834368476,0.003425,0.00345,0.4310573077101274,0.473565075387291,0.473565075387291,11.144337567297406,unique_starts
242,143,133,17,2,11,5,1,4.0,4.0588235294117645,9,17,2,8.5,17,0,0,0,0.9999999999999413,0.003425,0.003455,0.4310573077101274,0.40834813465235587,0.4310573077101274,4.301511344577763,unique_starts
243,143,261,95,4,26,26,3,18.0,16.957894736842107,25,95,4,23.75,95,23,0,0,0.9999999999999896,0.003425,0.003005,0.4310573077101274,0.3332476057918914,0.4310573077101274,18.196116135138183,unique_starts
244,143,279,1587,21,358,220,1,20.0,18.622558286074355,25,1587,21,75.57142857142857,1587,1143,1143,1143,0.1626373626373626,0.003425,0.00293,0.4310573077101274,0.40818291842784804,0.4310573077101274,20.05285164225817,unique_starts
245,143,318,112,4,20,32,10,20.0,19.491071428571427,25,112,4,28.0,112,0,0,0,0.9999999999999911,0.003425,0.003055,0.4310573077101274,0.4226365509545472,0.4310573077101274,20.22360679774998,unique_starts
246,143,432,1018,28,268,204,1,7.0,8.528487229862476,25,1018,28,36.357142857142854,1018,1131,1131,1131,-0.0525825965565379,0.003425,0.002895,0.4310573077101274,0.38597465955399696,0.4310573077101274,7.061084722178153,unique_starts
247,144,2,352,6,52,39,1,13.0,12.767045454545455,24,352,6,58.666666666666664,352,82,82,82,0.6221198156682013,0.00326,0.00384,0.4284130917563028,0.49557695833984555,0.49557695833984555,13.138675049056307,unique_starts
248,144,8,58,3,20,8,5,11.0,11.120689655172415,17,58,3,19.333333333333332,58,607,607,607,-0.8255639097744348,0.00326,0.00305,0.4284130917563028,0.5406985617322061,0.5406985617322061,11.223606797749978,unique_starts
249,144,22,6,2,4,3,1,1.5,2.0,4,6,2,3.0,6,47,47,47,-0.7735849056603628,0.00326,0.00375,0.4284130917563028,0.6446610524678009,0.6446610524678009,2.0,unique_starts
250,144,79,464,9,98,52,1,10.0,9.801724137931034,20,464,9,51.55555555555556,464,8,0,0,0.9999999999999978,0.00326,0.003325,0.4284130917563028,0.5566279042981374,0.5566279042981374,10.101015254455222,unique_starts
251,144,139,33,3,11,12,1,4.0,4.121212121212121,9,33,3,11.0,33,3,3,3,0.8333333333333102,0.00326,0.00315,0.4284130917563028,0.5763001546805818,0.5763001546805818,4.301511344577763,unique_starts
252,144,167,49,4,16,18,20,24.0,23.551020408163264,25,49,4,12.25,49,27,27,27,0.28947368421052255,0.00326,0.002905,0.4284130917563028,0.5523326473861818,0.5523326473861818,24.25,unique_starts
253,144,171,384,11,107,49,9,18.0,17.666666666666668,25,384,11,34.90909090909091,384,0,0,0,0.9999999999999973,0.00326,0.00343,0.4284130917563028,0.6091865893282263,0.6091865893282263,18.096673648904567,unique_starts
254,144,229,164,3,22,30,1,10.0,11.323170731707316,25,164,3,54.666666666666664,164,63,0,0,0.9999999999999939,0.00326,0.00306,0.4284130917563028,0.23617874098724062,0.4284130917563028,10.21320071635561,unique_starts
255,144,315,57,2,15,8,1,8.0,8.12280701754386,15,57,2,28.5,57,9,0,0,0.9999999999999825,0.00326,0.00307,0.4284130917563028,0.5338410601299857,0.5338410601299857,8.258198889747161,unique_starts
256,144,335,919,12,196,136,8,18.0,18.064200217627857,25,919,12,76.58333333333333,919,1844,1844,1844,-0.3347810351067679,0.00326,0.003265,0.4284130917563028,0.33863745508677673,0.4284130917563028,18.071428571428573,unique_starts
257,146,8,1272,26,225,238,1,6.0,6.889150943396227,20,1272,26,48.92307692307692,1272,0,0,0,0.9999999999999993,0.00289,0.00305,0.49858717633061933,0.5406985617322061,0.5406985617322061,6.066666666666666,unique_starts
258,146,22,270,8,45,49,13,20.0,19.603703703703705,25,270,8,33.75,270,0,0,0,0.9999999999999962,0.00289,0.00375,0.49858717633061933,0.6446610524678009,0.6446610524678009,20.149071198499986,unique_starts
259,146,42,10,2,3,6,1,2.5,2.7,5,10,2,5.0,10,0,0,0,0.9999999999999,0.00289,0.002905,0.49858717633061933,0.49705178564663943,0.49858717633061933,3.0773502691896257,unique_starts
260,146,50,229,8,52,57,17,23.0,22.759825327510917,25,229,8,28.625,229,215,215,215,0.03153153153153146,0.00289,0.00344,0.49858717633061933,0.4362745814366093,0.49858717633061933,23.138675049056307,unique_starts
261,146,79,734,16,100,151,1,14.0,13.970027247956404,24,734,16,45.875,734,444,444,444,0.2461799660441424,0.00289,0.003325,0.49858717633061933,0.5566279042981374,0.5566279042981374,14.1,unique_starts
262,146,109,76,3,10,39,1,21.0,19.592105263157894,25,76,3,25.333333333333332,76,177,177,177,-0.3992094861660063,0.00289,0.002985,0.49858717633061933,0.3581978582570581,0.49858717633061933,21.316227766016837,unique_starts
263,146,171,290,12,63,67,15,21.0,21.217241379310344,25,290,12,24.166666666666668,290,2,0,0,0.9999999999999964,0.00289,0.00343,0.49858717633061933,0.6091865893282263,0.6091865893282263,21.12598815766974,unique_starts
264,146,229,541,14,115,99,5,19.0,17.90388170055453,25,541,14,38.642857142857146,541,7,7,7,0.9744525547445237,0.00289,0.00306,0.49858717633061933,0.23617874098724062,0.49858717633061933,19.093250480824032,unique_starts
265,146,230,778,18,153,123,1,12.0,12.42159383033419,25,778,18,43.22222222222222,778,120,120,120,0.7327394209354112,0.00289,0.00344,0.49858717633061933,0.5276863910046072,0.5276863910046072,12.080845208345444,unique_starts
266,146,273,29,2,10,6,17,22.0,21.75862068965517,25,29,2,14.5,29,1,0,0,0.9999999999999656,0.00289,0.0032,0.49858717633061933,0.505500130278,0.505500130278,22.316227766016837,unique_starts
267,146,315,1090,13,233,199,2,13.0,13.173394495412843,24,1090,13,83.84615384615384,1090,825,825,825,0.13838120104438636,0.00289,0.00307,0.49858717633061933,0.5338410601299857,0.5338410601299857,13.065512178208042,unique_starts
268,147,6,1065,15,139,134,2,14.0,14.603755868544601,25,1065,15,71.0,1065,264,264,264,0.6027088036117377,0.00412,0.003095,0.4966726365256857,0.5183369733262979,0.5183369733262979,14.084818892967997,unique_starts
269,147,24,526,7,91,58,1,17.5,16.427756653992397,25,526,7,75.14285714285714,526,8,8,8,0.9700374531835187,0.00412,0.002975,0.4966726365256857,0.4451639107771672,0.4966726365256857,17.604828483672193,unique_starts
270,147,125,2532,22,338,353,7,19.0,18.9478672985782,25,2532,22,115.0909090909091,2532,2470,2470,2470,0.012395041983206715,0.00412,0.004175,0.4966726365256857,0.3723974808647528,0.4966726365256857,19.05439282932204,unique_starts
271,147,217,334,8,57,59,1,17.0,16.188622754491018,25,334,8,41.75,334,2,0,0,0.9999999999999969,0.00412,0.003145,0.4966726365256857,0.5280768414975939,0.5280768414975939,17.132453235706503,unique_starts
272,147,224,105,3,20,21,11,22.0,21.047619047619047,25,105,3,35.0,105,33,33,33,0.5217391304347788,0.00412,0.003435,0.4966726365256857,0.5524327933598494,0.5524327933598494,22.22360679774998,unique_starts
273,147,281,94,9,32,29,19,24.0,23.30851063829787,25,94,9,10.444444444444445,94,6,0,0,0.9999999999999895,0.00412,0.003665,0.4966726365256857,0.5084243360159619,0.5084243360159619,24.17677669529664,unique_starts
274,147,304,21,4,9,11,16,24.0,21.952380952380953,25,21,4,5.25,21,20,0,0,0.9999999999999525,0.00412,0.003015,0.4966726365256857,0.5149114583441843,0.5149114583441843,24.333333333333332,unique_starts
275,147,309,850,18,224,119,1,10.0,10.83529411764706,25,850,18,47.22222222222222,850,1146,1146,1146,-0.14829659318637267,0.00412,0.003055,0.4966726365256857,0.48484104579254805,0.4966726365256857,10.066815310478106,unique_starts
276,147,385,345,7,65,49,9,20.0,19.205797101449274,25,345,7,49.285714285714285,345,361,361,361,-0.022662889518413564,0.00412,0.00381,0.4966726365256857,0.544885989019332,0.544885989019332,20.12403473458921,unique_starts
277,167,7,61,4,16,14,2,10.0,11.049180327868852,21,61,4,15.25,61,7,7,7,0.7941176470588119,0.002905,0.00345,0.5523326473861818,0.473565075387291,0.5523326473861818,10.25,unique_starts
278,167,98,10,2,2,10,21,23.0,23.0,25,10,2,5.0,10,0,0,0,0.9999999999999,0.002905,0.00306,0.5523326473861818,0.34307339056976743,0.5523326473861818,23.707106781186546,unique_starts
279,167,133,26,3,10,7,1,5.0,6.923076923076923,25,26,3,8.666666666666666,26,0,0,0,0.9999999999999616,0.002905,0.003455,0.5523326473861818,0.40834813465235587,0.5523326473861818,5.316227766016838,unique_starts
280,167,143,447,14,89,86,1,10.0,10.807606263982104,25,447,14,31.928571428571427,447,0,0,0,0.9999999999999977,0.002905,0.003425,0.5523326473861818,0.4310573077101274,0.5523326473861818,10.105999788000636,unique_starts
281,167,144,27,4,9,16,21,24.0,23.77777777777778,25,27,4,6.75,27,49,49,49,-0.28947368421052255,0.002905,0.00326,0.5523326473861818,0.4284130917563028,0.5523326473861818,24.333333333333332,unique_starts
282,167,261,708,12,100,114,1,9.0,10.52683615819209,25,708,12,59.0,708,25,0,0,0.9999999999999986,0.002905,0.003005,0.5523326473861818,0.3332476057918914,0.5523326473861818,9.1,unique_starts
283,167,273,12,4,9,6,20,24.0,23.583333333333332,25,12,4,3.0,12,14,0,0,0.9999999999999166,0.002905,0.0032,0.5523326473861818,0.505500130278,0.5523326473861818,24.333333333333332,unique_starts
284,167,279,418,11,63,91,1,8.0,8.380382775119617,23,418,11,38.0,418,0,0,0,0.9999999999999976,0.002905,0.00293,0.5523326473861818,0.40818291842784804,0.5523326473861818,8.125988157669742,unique_starts
285,167,290,10,2,4,4,1,3.0,2.8,5,10,2,5.0,10,0,0,0,0.9999999999999,0.002905,0.002905,0.5523326473861818,0.5506580655999675,0.5523326473861818,3.5,unique_starts
286,167,318,56,3,12,16,17,23.0,22.517857142857142,25,56,3,18.666666666666668,56,24,0,0,0.9999999999999821,0.002905,0.003055,0.5523326473861818,0.4226365509545472,0.5523326473861818,23.28867513459481,unique_starts
287,167,398,176,5,31,40,12,22.0,21.051136363636363,25,176,5,35.2,176,135,135,135,0.1318327974276523,0.002905,0.00324,0.5523326473861818,0.4886541548049501,0.5523326473861818,22.179605302026776,unique_starts
288,167,429,199,11,49,55,18,23.0,22.56281407035176,25,199,11,18.09090909090909,199,247,247,247,-0.10762331838564998,0.002905,0.0033,0.5523326473861818,0.6319999683881292,0.6319999683881292,23.142857142857142,unique_starts
289,167,432,318,15,90,86,1,20.0,17.61320754716981,25,318,15,21.2,318,4,0,0,0.9999999999999968,0.002905,0.002895,0.5523326473861818,0.38597465955399696,0.5523326473861818,20.105409255338945,unique_starts
290,169,16,80,4,12,23,14,22.0,21.3125,25,80,4,20.0,80,164,164,164,-0.3442622950819658,0.003075,0.00306,0.5191317792488794,0.3930741805154096,0.5191317792488794,22.28867513459481,unique_starts
291,169,22,60,6,20,19,12,19.0,19.383333333333333,25,60,6,10.0,60,498,498,498,-0.7849462365591383,0.003075,0.00375,0.5191317792488794,0.6446610524678009,0.6446610524678009,19.22360679774998,unique_starts
292,169,79,297,14,89,74,15,22.0,21.77104377104377,25,297,14,21.214285714285715,297,12,12,12,0.9223300970873756,0.003075,0.003325,0.5191317792488794,0.5566279042981374,0.5566279042981374,22.105999788000634,unique_starts
293,169,80,48,3,10,13,15,20.0,19.875,24,48,3,16.0,48,0,0,0,0.9999999999999791,0.003075,0.003105,0.5191317792488794,0.54911977059455,0.54911977059455,20.316227766016837,unique_starts
294,169,84,7,2,7,2,20,23.0,22.857142857142858,25,7,2,3.5,7,15,0,0,0.9999999999998571,0.003075,0.003185,0.5191317792488794,0.4087675614805981,0.5191317792488794,23.37796447300923,unique_starts
295,169,109,71,7,28,22,18,23.0,22.929577464788732,25,71,7,10.142857142857142,71,27,27,27,0.44897959183673014,0.003075,0.002985,0.5191317792488794,0.3581978582570581,0.5191317792488794,23.188982236504614,unique_starts
296,169,139,999,27,175,207,1,17.0,17.00900900900901,25,999,27,37.0,999,30,30,30,0.9416909620991245,0.003075,0.00315,0.5191317792488794,0.5763001546805818,0.5763001546805818,17.075592894601847,unique_starts
297,169,176,531,11,60,115,9,20.0,19.261770244821093,25,531,11,48.27272727272727,531,24,24,24,0.9135135135135118,0.003075,0.00293,0.5191317792488794,0.4160949662438087,0.5191317792488794,20.12909944487358,unique_starts
298,169,217,120,3,24,19,10,18.0,18.308333333333334,25,120,3,40.0,120,347,347,347,-0.48608137044967775,0.003075,0.003145,0.5191317792488794,0.5280768414975939,0.5280768414975939,18.20412414523193,unique_starts
299,169,229,42,3,11,12,16,21.0,20.928571428571427,25,42,3,14.0,42,9,9,9,0.647058823529399,0.003075,0.00306,0.5191317792488794,0.23617874098724062,0.5191317792488794,21.301511344577765,unique_starts
300,169,230,234,18,84,72,19,23.0,22.675213675213676,25,234,18,13.0,234,63,63,63,0.5757575757575738,0.003075,0.00344,0.5191317792488794,0.5276863910046072,0.5276863910046072,23.109108945117995,unique_starts
301,169,252,160,9,30,44,8,20.0,19.6125,25,160,9,17.77777777777778,160,420,420,420,-0.44827586206896475,0.003075,0.00348,0.5191317792488794,0.32521551737612986,0.5191317792488794,20.182574185835055,unique_starts
302,169,266,89,4,25,23,18,23.0,23.04494382022472,25,89,4,22.25,89,33,33,33,0.4590163934426192,0.003075,0.0038,0.5191317792488794,0.6115361362052629,0.6115361362052629,23.2,unique_starts
303,169,273,999,33,218,201,8,14.0,14.761761761761761,25,999,33,30.272727272727273,999,334,334,334,0.4988747186796696,0.003075,0.0032,0.5191317792488794,0.505500130278,0.5191317792488794,14.06772854614786,unique_starts
304,169,309,10,2,4,5,21,24.0,23.7,25,10,2,5.0,10,0,0,0,0.9999999999999,0.003075,0.003055,0.5191317792488794,0.48484104579254805,0.5191317792488794,24.5,unique_starts
305,169,383,198,11,49,67,1,16.0,14.217171717171718,23,198,11,18.0,198,871,871,871,-0.6295603367633297,0.003075,0.00295,0.5191317792488794,0.47953992323646644,0.5191317792488794,16.142857142857142,unique_starts
306,169,385,209,12,45,60,15,22.0,21.669856459330145,25,209,12,17.416666666666668,209,77,77,77,0.4615384615384599,0.003075,0.00381,0.5191317792488794,0.544885989019332,0.544885989019332,22.149071198499986,unique_starts
307,169,433,104,6,14,26,1,8.0,8.25,18,104,6,17.333333333333332,104,60,60,60,0.2682926829268276,0.003075,0.00295,0.5191317792488794,0.4187955072680345,0.5191317792488794,8.267261241912424,unique_starts
308,169,462,13,2,3,9,21,23.0,23.307692307692307,25,13,2,6.5,13,10,0,0,0.9999999999999231,0.003075,0.00335,0.5191317792488794,0.4622577751318516,0.5191317792488794,23.577350269189626,unique_starts
309,169,487,32,5,20,10,17,24.0,23.03125,25,32,5,6.4,32,7,7,7,0.6410256410256245,0.003075,0.00309,0.5191317792488794,0.4986519883489159,0.5191317792488794,24.22360679774998,unique_starts
310,171,2,9,2,5,5,23,25.0,24.444444444444443,25,9,2,4.5,9,12,12,12,-0.14285714285713608,0.00343,0.00384,0.6091865893282263,0.49557695833984555,0.6091865893282263,25.447213595499957,unique_starts
311,171,4,654,5,78,60,1,10.0,10.839449541284404,25,654,5,130.8,654,10,0,0,0.9999999999999984,0.00343,0.0034,0.6091865893282263,0.42665327824002786,0.6091865893282263,10.11322770341446,unique_starts
312,171,8,209,17,69,78,1,21.0,18.27751196172249,25,209,17,12.294117647058824,209,933,933,933,-0.6339754816112079,0.00343,0.00305,0.6091865893282263,0.5406985617322061,0.6091865893282263,21.120385853085768,unique_starts
313,171,22,38,5,6,37,10,19.5,19.18421052631579,25,38,5,7.6,38,32,32,32,0.0857142857142845,0.00343,0.00375,0.6091865893282263,0.6446610524678009,0.6446610524678009,19.908248290463863,unique_starts
314,171,42,88,12,19,83,1,4.0,5.5,25,88,12,7.333333333333333,88,823,823,823,-0.8068057080131714,0.00343,0.002905,0.6091865893282263,0.49705178564663943,0.6091865893282263,4.229415733870562,unique_starts
315,171,63,3,2,3,3,1,1.0,9.0,25,3,2,1.5,3,324,324,324,-0.9816513761467859,0.00343,0.00318,0.6091865893282263,0.5301456261038152,0.6091865893282263,1.5773502691896257,unique_starts
316,171,79,119,15,54,61,12,24.0,22.81512605042017,25,119,15,7.933333333333334,119,1305,1305,1305,-0.8328651685393254,0.00343,0.003325,0.6091865893282263,0.5566279042981374,0.6091865893282263,24.136082763487956,unique_starts
317,171,80,96,11,37,64,12,22.0,20.833333333333332,25,96,11,8.727272727272727,96,1254,1254,1254,-0.8577777777777772,0.00343,0.003105,0.6091865893282263,0.54911977059455,0.6091865893282263,22.164398987305358,unique_starts
318,171,109,77,9,35,24,1,4.0,4.545454545454546,20,77,9,8.555555555555555,77,0,0,0,0.9999999999999871,0.00343,0.002985,0.6091865893282263,0.3581978582570581,0.6091865893282263,4.1690308509457035,unique_starts
319,171,172,77,7,45,21,1,5.0,5.987012987012987,19,77,7,11.0,77,6,6,6,0.8554216867469777,0.00343,0.00297,0.6091865893282263,0.4684363793861522,0.6091865893282263,5.149071198499986,unique_starts
320,171,230,129,20,59,55,18,24.0,23.5968992248062,25,129,20,6.45,129,328,328,328,-0.4354485776805242,0.00343,0.00344,0.6091865893282263,0.5276863910046072,0.6091865893282263,24.130188910980824,unique_starts
321,172,4,600,15,97,136,1,9.0,9.225,18,600,15,40.0,600,1,0,0,0.9999999999999983,0.00297,0.0034,0.4684363793861522,0.42665327824002786,0.4684363793861522,9.101534616513362,unique_starts
322,172,8,553,23,149,120,7,22.0,21.750452079566003,25,553,23,24.043478260869566,553,54,54,54,0.8220757825370661,0.00297,0.00305,0.4684363793861522,0.5406985617322061,0.5406985617322061,22.081923192051903,unique_starts
323,172,22,13,4,5,12,17,23.0,22.153846153846153,25,13,4,3.25,13,0,0,0,0.9999999999999231,0.00297,0.00375,0.4684363793861522,0.6446610524678009,0.6446610524678009,23.447213595499957,unique_starts
324,172,42,100,5,32,18,2,21.0,19.74,25,100,5,20.0,100,5,0,0,0.99999999999999,0.00297,0.002905,0.4684363793861522,0.49705178564663943,0.49705178564663943,21.17677669529664,unique_starts
325,172,50,36,3,7,16,9,12.0,12.277777777777779,17,36,3,12.0,36,0,0,0,0.9999999999999721,0.00297,0.00344,0.4684363793861522,0.4362745814366093,0.4684363793861522,12.377964473009227,unique_starts
326,172,63,3349,35,423,435,5,17.0,17.071364586443714,25,3349,35,95.68571428571428,3349,6,6,6,0.996423248882265,0.00297,0.00318,0.4684363793861522,0.5301456261038152,0.5301456261038152,17.04862166383263,unique_starts
327,172,79,16,8,8,16,21,24.0,23.5,25,16,8,2.0,16,40,40,40,-0.4285714285714209,0.00297,0.003325,0.4684363793861522,0.5566279042981374,0.5566279042981374,24.353553390593273,unique_starts
328,172,80,28,5,15,8,18,22.0,22.0,25,28,5,5.6,28,0,0,0,0.9999999999999644,0.00297,0.003105,0.4684363793861522,0.54911977059455,0.54911977059455,22.25819888974716,unique_starts
329,172,146,658,13,93,119,9,18.0,18.220364741641337,25,658,13,50.61538461538461,658,0,0,0,0.9999999999999984,0.00297,0.00289,0.4684363793861522,0.49858717633061933,0.49858717633061933,18.103695169473042,unique_starts
330,172,171,6,3,5,4,1,19.0,17.0,25,6,3,2.0,6,77,77,77,-0.8554216867469777,0.00297,0.00343,0.4684363793861522,0.6091865893282263,0.6091865893282263,19.447213595499957,unique_starts
331,172,229,8,4,7,5,24,25.0,24.625,25,8,4,2.0,8,4,0,0,0.999999999999875,0.00297,0.00306,0.4684363793861522,0.23617874098724062,0.4684363793861522,25.37796447300923,unique_starts
332,172,230,124,13,54,42,16,23.0,22.725806451612904,25,124,13,9.538461538461538,124,10,10,10,0.8507462686567101,0.00297,0.00344,0.4684363793861522,0.5276863910046072,0.5276863910046072,23.136082763487956,unique_starts
333,172,290,28,2,10,9,20,24.0,23.428571428571427,25,28,2,14.0,28,0,0,0,0.9999999999999644,0.00297,0.002905,0.4684363793861522,0.5506580655999675,0.5506580655999675,24.316227766016837,unique_starts
334,175,2,162,7,34,39,1,17.0,15.654320987654321,25,162,7,23.142857142857142,162,82,82,82,0.32786885245901504,0.00503,0.00384,0.7573380297747923,0.49557695833984555,0.7573380297747923,17.17149858514251,unique_starts
335,175,7,37,3,9,14,19,23.0,22.64864864864865,25,37,3,12.333333333333334,37,53,53,53,-0.17777777777777581,0.00503,0.00345,0.7573380297747923,0.473565075387291,0.7573380297747923,23.333333333333332,unique_starts
336,175,10,133,8,42,40,19,24.0,23.30075187969925,25,133,8,16.625,133,69,69,69,0.3168316831683153,0.00503,0.003525,0.7573380297747923,0.49946110985903625,0.7573380297747923,24.154303349962092,unique_starts
337,175,22,29,2,7,10,1,18.0,17.517241379310345,22,29,2,14.5,29,82,82,82,-0.4774774774774732,0.00503,0.00375,0.7573380297747923,0.6446610524678009,0.7573380297747923,18.37796447300923,unique_starts
338,175,42,5,3,4,4,24,25.0,24.8,25,5,3,1.6666666666666667,5,506,506,506,-0.9804305283757319,0.00503,0.002905,0.7573380297747923,0.49705178564663943,0.7573380297747923,25.5,unique_starts
339,175,80,1350,31,222,235,1,10.0,10.407407407407407,25,1350,31,43.54838709677419,1350,89,89,89,0.8763029881862399,0.00503,0.003105,0.7573380297747923,0.54911977059455,0.7573380297747923,10.067115605521403,unique_starts
340,175,117,578,23,127,132,13,22.0,21.157439446366784,25,578,23,25.130434782608695,578,56,56,56,0.8233438485804403,0.00503,0.002995,0.7573380297747923,0.4921561459247037,0.7573380297747923,22.08873565094161,unique_starts
341,175,133,46,3,16,11,18,23.0,22.5,25,46,3,15.333333333333334,46,76,76,76,-0.2459016393442603,0.00503,0.003455,0.7573380297747923,0.40834813465235587,0.7573380297747923,23.25,unique_starts
342,175,139,495,31,144,180,1,4.0,4.402020202020202,15,495,31,15.96774193548387,495,235,235,235,0.3561643835616433,0.00503,0.00315,0.7573380297747923,0.5763001546805818,0.7573380297747923,4.083333333333333,unique_starts
343,175,171,398,16,88,79,9,20.0,19.27889447236181,25,398,16,24.875,398,0,0,0,0.9999999999999974,0.00503,0.00343,0.7573380297747923,0.6091865893282263,0.7573380297747923,20.106600358177804,unique_starts
344,175,273,15,2,4,9,1,3.0,3.2,6,15,2,7.5,15,12,0,0,0.9999999999999333,0.00503,0.0032,0.7573380297747923,0.505500130278,0.7573380297747923,3.5,unique_starts
345,175,281,1417,22,206,216,8,16.0,16.55116443189838,25,1417,22,64.4090909090909,1417,920,920,920,0.21266581086863492,0.00503,0.003665,0.7573380297747923,0.5084243360159619,0.7573380297747923,16.069673301429162,unique_starts
346,175,481,536,8,82,86,9,18.0,18.050373134328357,25,536,8,67.0,536,349,349,349,0.21129943502824836,0.00503,0.00295,0.7573380297747923,0.3715708750101002,0.7573380297747923,18.110431526074848,unique_starts
347,176,3,1815,31,385,338,13,22.0,21.981267217630855,25,1815,31,58.54838709677419,1815,0,0,0,0.9999999999999994,0.00293,0.003565,0.4160949662438087,0.5904218374331804,0.5904218374331804,22.050964719143764,unique_starts
348,176,16,518,6,62,60,1,9.0,8.876447876447877,18,518,6,86.33333333333333,518,11,11,11,0.9584120982986749,0.00293,0.00306,0.4160949662438087,0.3930741805154096,0.4160949662438087,9.12700012700019,unique_starts
349,176,169,24,3,5,14,2,11.0,10.666666666666666,17,24,3,8.0,24,531,531,531,-0.9135135135135118,0.00293,0.003075,0.4160949662438087,0.5191317792488794,0.5191317792488794,11.447213595499958,unique_starts
350,176,266,4123,32,528,399,1,10.0,10.186514673781227,25,4123,32,128.84375,4123,433,433,433,0.8099209833187004,0.00293,0.0038,0.4160949662438087,0.6115361362052629,0.6115361362052629,10.043519413988925,unique_starts
351,176,273,6,2,2,6,23,24.0,24.0,25,6,2,3.0,6,0,0,0,0.9999999999998334,0.00293,0.0032,0.4160949662438087,0.505500130278,0.505500130278,24.707106781186546,unique_starts
352,176,383,37,4,6,26,1,9.0,9.243243243243244,15,37,4,9.25,37,150,150,150,-0.6042780748663069,0.00293,0.00295,0.4160949662438087,0.47953992323646644,0.47953992323646644,9.408248290463863,unique_starts
353,176,462,45,2,10,11,1,5.0,5.266666666666667,10,45,2,22.5,45,0,0,0,0.9999999999999777,0.00293,0.00335,0.4160949662438087,0.4622577751318516,0.4622577751318516,5.316227766016838,unique_starts
354,176,487,498,12,173,53,6,14.0,14.377510040160642,25,498,12,41.5,498,5,5,5,0.9801192842942326,0.00293,0.00309,0.4160949662438087,0.4986519883489159,0.4986519883489159,14.07602859212697,unique_starts
355,207,133,35,2,8,12,8,20.0,18.97142857142857,25,35,2,17.5,35,7,7,7,0.6666666666666508,0.002905,0.003455,0.5142383888493315,0.40834813465235587,0.5142383888493315,20.353553390593273,unique_starts
356,207,143,242,4,36,36,9,19.0,18.74380165289256,25,242,4,60.5,242,0,0,0,0.9999999999999959,0.002905,0.003425,0.5142383888493315,0.4310573077101274,0.5142383888493315,19.166666666666668,unique_starts
357,207,167,1255,31,232,234,1,7.0,7.785657370517928,20,1255,31,40.483870967741936,1255,0,0,0,0.9999999999999992,0.002905,0.002905,0.5142383888493315,0.5523326473861818,0.5523326473861818,7.065653216429861,unique_starts
358,207,398,95,7,30,32,18,24.0,23.263157894736842,25,95,7,13.571428571428571,95,317,317,317,-0.5388349514563093,0.002905,0.00324,0.5142383888493315,0.4886541548049501,0.5142383888493315,24.182574185835055,unique_starts
359,207,429,47,7,22,19,18,24.0,23.25531914893617,25,47,7,6.714285714285714,47,93,93,93,-0.32857142857142624,0.002905,0.0033,0.5142383888493315,0.6319999683881292,0.6319999683881292,24.21320071635561,unique_starts
360,207,432,62,4,31,10,7,20.0,18.5,25,62,4,15.5,62,4,4,4,0.8787878787878656,0.002905,0.002895,0.5142383888493315,0.38597465955399696,0.5142383888493315,20.179605302026776,unique_starts
361,217,6,26,2,16,6,1,4.5,4.615384615384615,9,26,2,13.0,26,1,0,0,0.9999999999999616,0.003145,0.003095,0.5280768414975939,0.5183369733262979,0.5280768414975939,4.75,unique_starts
362,217,7,66,3,19,16,18,23.0,22.954545454545453,25,66,3,22.0,66,2,0,0,0.9999999999999849,0.003145,0.00345,0.5280768414975939,0.473565075387291,0.5280768414975939,23.22941573387056,unique_starts
363,217,24,74,6,13,33,11,17.5,17.675675675675677,25,74,6,12.333333333333334,74,1,0,0,0.9999999999999866,0.003145,0.002975,0.5280768414975939,0.4451639107771672,0.5280768414975939,17.777350098112613,unique_starts
364,217,84,42,2,6,14,8,16.0,15.119047619047619,21,42,2,21.0,42,198,198,198,-0.6499999999999974,0.003145,0.003185,0.5280768414975939,0.4087675614805981,0.5280768414975939,16.408248290463863,unique_starts
365,217,117,511,18,131,98,13,22.0,21.868884540117417,25,511,18,28.38888888888889,511,0,0,0,0.999999999999998,0.003145,0.002995,0.5280768414975939,0.4921561459247037,0.5280768414975939,22.087370405666103,unique_starts
366,217,125,11,2,2,11,16,21.0,20.727272727272727,25,11,2,5.5,11,291,291,291,-0.9271523178807916,0.003145,0.004175,0.5280768414975939,0.3723974808647528,0.5280768414975939,21.707106781186546,unique_starts
367,217,143,43,3,21,10,18,23.0,22.697674418604652,25,43,3,14.333333333333334,43,0,0,0,0.9999999999999767,0.003145,0.003425,0.5280768414975939,0.4310573077101274,0.5280768414975939,23.21821789023599,unique_starts
368,217,167,4,2,3,3,24,25.0,24.75,25,4,2,2.0,4,0,0,0,0.99999999999975,0.003145,0.002905,0.5280768414975939,0.5523326473861818,0.5523326473861818,25.577350269189626,unique_starts
369,217,169,347,12,110,44,9,16.0,16.26801152737752,25,347,12,28.916666666666668,347,120,120,120,0.48608137044967775,0.003145,0.003075,0.5280768414975939,0.5191317792488794,0.5280768414975939,16.095346258924558,unique_starts
370,217,224,56,4,11,25,16,23.0,22.339285714285715,25,56,4,14.0,56,266,266,266,-0.6521739130434762,0.003145,0.003435,0.5280768414975939,0.5524327933598494,0.5524327933598494,23.301511344577765,unique_starts
371,217,252,4,2,4,2,23,24.5,24.25,25,4,2,2.0,4,0,0,0,0.99999999999975,0.003145,0.00348,0.5280768414975939,0.32521551737612986,0.5280768414975939,25.0,unique_starts
372,217,279,151,5,41,27,16,22.0,22.1523178807947,25,151,5,30.2,151,15,0,0,0.9999999999999934,0.003145,0.00293,0.5280768414975939,0.40818291842784804,0.5280768414975939,22.156173761888606,unique_starts
373,217,281,39,2,12,9,11,17.0,17.076923076923077,23,39,2,19.5,39,0,0,0,0.9999999999999744,0.003145,0.003665,0.5280768414975939,0.5084243360159619,0.5280768414975939,17.28867513459481,unique_starts
374,217,309,12,2,2,12,1,6.5,7.833333333333333,16,12,2,6.0,12,137,137,137,-0.8389261744966386,0.003145,0.003055,0.5280768414975939,0.48484104579254805,0.5280768414975939,7.207106781186548,unique_starts
375,217,383,28,5,13,13,22,24.0,24.142857142857142,25,28,5,5.6,28,229,229,229,-0.782101167315172,0.003145,0.00295,0.5280768414975939,0.47953992323646644,0.5280768414975939,24.277350098112613,unique_starts
376,217,385,39,5,19,16,1,8.0,7.076923076923077,13,39,5,7.8,39,1296,1296,1296,-0.9415730337078645,0.003145,0.00381,0.5280768414975939,0.544885989019332,0.544885989019332,8.229415733870562,unique_starts
377,224,24,15,4,9,9,1,24.0,21.266666666666666,25,15,4,3.75,15,1694,1694,1694,-0.9824458747805729,0.003435,0.002975,0.5524327933598494,0.4451639107771672,0.5524327933598494,24.333333333333332,unique_starts
378,224,84,12,3,12,3,15,19.0,19.166666666666668,25,12,3,4.0,12,21,21,21,-0.27272727272726444,0.003435,0.003185,0.5524327933598494,0.4087675614805981,0.5524327933598494,19.28867513459481,unique_starts
379,224,120,2500,33,361,300,1,12.0,12.3204,25,2500,33,75.75757575757575,2500,0,0,0,0.9999999999999997,0.003435,0.00351,0.5524327933598494,0.6286366289947183,0.6286366289947183,12.052631578947368,unique_starts
380,224,125,91,2,10,15,12,21.0,20.21978021978022,25,91,2,45.5,91,52,52,52,0.2727272727272708,0.003435,0.004175,0.5524327933598494,0.3723974808647528,0.5524327933598494,21.316227766016837,unique_starts
381,224,147,33,3,15,9,12,18.0,18.939393939393938,25,33,3,11.0,33,105,105,105,-0.5217391304347788,0.003435,0.00412,0.5524327933598494,0.4966726365256857,0.5524327933598494,18.25819888974716,unique_starts
382,224,217,266,13,80,61,11,22.0,20.99624060150376,25,266,13,20.46153846153846,266,56,56,56,0.6521739130434762,0.003435,0.003145,0.5524327933598494,0.5280768414975939,0.5524327933598494,22.11180339887499,unique_starts
383,224,304,954,30,315,111,1,6.0,6.982180293501048,19,954,30,31.8,954,1849,1849,1849,-0.3193007491972885,0.003435,0.003015,0.5524327933598494,0.5149114583441843,0.5524327933598494,6.056343616981901,unique_starts
384,224,309,99,6,47,12,10,18.0,17.525252525252526,24,99,6,16.5,99,607,607,607,-0.7195467422096307,0.003435,0.003055,0.5524327933598494,0.48484104579254805,0.5524327933598494,18.145864991497895,unique_starts
385,224,385,571,11,96,84,6,19.0,19.010507880910684,25,571,11,51.90909090909091,571,1173,1173,1173,-0.34518348623853196,0.003435,0.00381,0.5524327933598494,0.544885989019332,0.5524327933598494,19.102062072615965,unique_starts
386,229,4,46,3,9,19,13,21.0,20.23913043478261,25,46,3,15.333333333333334,46,6,0,0,0.9999999999999782,0.00306,0.0034,0.23617874098724062,0.42665327824002786,0.42665327824002786,21.333333333333332,unique_starts
387,229,8,127,2,36,9,1,18.0,17.73228346456693,25,127,2,63.5,127,775,775,775,-0.7184035476718396,0.00306,0.00305,0.23617874098724062,0.5406985617322061,0.5406985617322061,18.166666666666668,unique_starts
388,229,22,259,10,51,57,2,17.0,16.583011583011583,25,259,10,25.9,259,0,0,0,0.999999999999996,0.00306,0.00375,0.23617874098724062,0.6446610524678009,0.6446610524678009,17.1400280084028,unique_starts
389,229,50,81,4,12,34,11,21.0,20.012345679012345,25,81,4,20.25,81,171,171,171,-0.3571428571428557,0.00306,0.00344,0.23617874098724062,0.4362745814366093,0.4362745814366093,21.28867513459481,unique_starts
390,229,79,302,10,67,76,1,9.0,10.437086092715232,25,302,10,30.2,302,22,22,22,0.8641975308641948,0.00306,0.003325,0.23617874098724062,0.5566279042981374,0.5566279042981374,9.122169444356306,unique_starts
391,229,146,7,4,5,6,24,25.0,24.714285714285715,25,7,4,1.75,7,541,541,541,-0.9744525547445237,0.00306,0.00289,0.23617874098724062,0.49858717633061933,0.49858717633061933,25.447213595499957,unique_starts
392,229,169,9,2,9,2,19,23.0,22.555555555555557,25,9,2,4.5,9,42,42,42,-0.647058823529399,0.00306,0.003075,0.23617874098724062,0.5191317792488794,0.5191317792488794,23.333333333333332,unique_starts
393,229,171,69,4,15,15,5,19.0,17.17391304347826,25,69,4,17.25,69,0,0,0,0.9999999999999856,0.00306,0.00343,0.23617874098724062,0.6091865893282263,0.6091865893282263,19.25819888974716,unique_starts
394,229,230,314,10,72,40,1,15.0,14.48407643312102,25,314,10,31.4,314,231,231,231,0.15229357798165108,0.00306,0.00344,0.23617874098724062,0.5276863910046072,0.5276863910046072,15.117851130197758,unique_starts
395,229,273,208,9,64,30,4,15.0,15.721153846153847,25,208,9,23.11111111111111,208,200,200,200,0.019607843137254853,0.00306,0.0032,0.23617874098724062,0.505500130278,0.505500130278,15.125,unique_starts
396,229,315,409,7,66,46,1,14.0,13.7359413202934,25,409,7,58.42857142857143,409,94,94,94,0.6262425447316091,0.00306,0.00307,0.23617874098724062,0.5338410601299857,0.5338410601299857,14.123091490979332,unique_starts
397,229,433,41,3,16,8,18,23.0,22.536585365853657,25,41,3,13.666666666666666,41,0,0,0,0.9999999999999756,0.00306,0.00295,0.23617874098724062,0.4187955072680345,0.4187955072680345,23.25,unique_starts
398,230,4,2418,17,191,294,1,15.0,15.132754342431761,25,2418,17,142.23529411764707,2418,366,366,366,0.7370689655172411,0.00344,0.0034,0.5276863910046072,0.42665327824002786,0.5276863910046072,15.072357460529242,unique_starts
399,230,8,160,13,46,50,1,5.0,5.76875,25,160,13,12.307692307692308,160,395,395,395,-0.42342342342342265,0.00344,0.00305,0.5276863910046072,0.5406985617322061,0.5406985617322061,5.147441956154897,unique_starts
400,230,22,1093,33,133,305,1,10.0,9.503202195791399,21,1093,33,33.121212121212125,1093,10,0,0,0.9999999999999992,0.00344,0.00375,0.5276863910046072,0.6446610524678009,0.6446610524678009,10.086710996952412,unique_starts
401,230,42,56,6,17,14,16,23.0,22.142857142857142,25,56,6,9.333333333333334,56,0,0,0,0.9999999999999821,0.00344,0.002905,0.5276863910046072,0.49705178564663943,0.5276863910046072,23.242535625036332,unique_starts
402,230,50,745,9,70,118,1,15.0,14.991946308724833,25,745,9,82.77777777777777,745,144,144,144,0.676040494938132,0.00344,0.00344,0.5276863910046072,0.4362745814366093,0.5276863910046072,15.11952286093344,unique_starts
403,230,79,74,12,26,34,1,4.0,4.0,10,74,12,6.166666666666667,74,359,359,359,-0.6581986143187052,0.00344,0.003325,0.5276863910046072,0.5566279042981374,0.5566279042981374,4.196116135138184,unique_starts
404,230,80,7,2,3,6,1,2.0,2.5714285714285716,5,7,2,3.5,7,119,119,119,-0.8888888888888818,0.00344,0.003105,0.5276863910046072,0.54911977059455,0.54911977059455,2.5773502691896257,unique_starts
405,230,146,120,13,40,41,1,23.0,22.816666666666666,25,120,13,9.23076923076923,120,778,778,778,-0.7327394209354112,0.00344,0.00289,0.5276863910046072,0.49858717633061933,0.5276863910046072,23.15811388300842,unique_starts
406,230,169,63,9,27,28,19,23.0,23.19047619047619,25,63,9,7.0,63,234,234,234,-0.5757575757575738,0.00344,0.003075,0.5276863910046072,0.5191317792488794,0.5276863910046072,23.192450089729874,unique_starts
407,230,171,328,9,54,49,1,9.0,8.929878048780488,24,328,9,36.44444444444444,328,129,129,129,0.4354485776805242,0.00344,0.00343,0.5276863910046072,0.6091865893282263,0.6091865893282263,9.136082763487954,unique_starts
408,230,172,10,3,9,4,15,17.0,17.0,19,10,3,3.3333333333333335,10,124,124,124,-0.8507462686567101,0.00344,0.00297,0.5276863910046072,0.4684363793861522,0.5276863910046072,17.333333333333332,unique_starts
409,230,229,231,9,23,105,8,19.0,18.142857142857142,25,231,9,25.666666666666668,231,314,314,314,-0.15229357798165108,0.00344,0.00306,0.5276863910046072,0.23617874098724062,0.5276863910046072,19.208514414057074,unique_starts
410,230,273,82,13,46,28,9,14.0,14.231707317073171,19,82,13,6.3076923076923075,82,405,405,405,-0.6632443531827501,0.00344,0.0032,0.5276863910046072,0.505500130278,0.5276863910046072,14.147441956154896,unique_starts
411,252,109,14,2,2,14,16,20.5,20.571428571428573,25,14,2,7.0,14,0,0,0,0.9999999999999286,0.00348,0.002985,0.32521551737612986,0.3581978582570581,0.3581978582570581,21.207106781186546,unique_starts
412,252,139,11,2,5,5,22,24.0,24.09090909090909,25,11,2,5.5,11,0,0,0,0.9999999999999091,0.00348,0.00315,0.32521551737612986,0.5763001546805818,0.5763001546805818,24.447213595499957,unique_starts
413,252,169,420,12,96,53,7,16.0,16.414285714285715,25,420,12,35.0,420,160,160,160,0.44827586206896475,0.00348,0.003075,0.32521551737612986,0.5191317792488794,0.5191317792488794,16.102062072615965,unique_starts
414,252,176,1998,13,232,207,1,17.0,15.86136136136136,25,1998,13,153.69230769230768,1998,36,0,0,0.9999999999999996,0.00348,0.00293,0.32521551737612986,0.4160949662438087,0.4160949662438087,17.06565321642986,unique_starts
415,252,266,696,16,120,119,9,21.0,20.41522988505747,25,696,16,43.5,696,513,513,513,0.15136476426798995,0.00348,0.0038,0.32521551737612986,0.6115361362052629,0.6115361362052629,21.09128709291753,unique_starts
416,252,273,31,6,17,13,20,24.0,23.70967741935484,25,31,6,5.166666666666667,31,8,8,8,0.5897435897435745,0.00348,0.0032,0.32521551737612986,0.505500130278,0.505500130278,24.242535625036332,unique_starts
417,252,335,244,4,31,29,1,17.0,16.295081967213115,25,244,4,61.0,244,8,0,0,0.9999999999999959,0.00348,0.003265,0.32521551737612986,0.33863745508677673,0.33863745508677673,17.179605302026776,unique_starts
418,252,383,940,18,170,108,1,14.0,14.106382978723405,25,940,18,52.22222222222222,940,15,0,0,0.9999999999999989,0.00348,0.00295,0.32521551737612986,0.47953992323646644,0.47953992323646644,14.076696498884736,unique_starts
419,252,433,83,3,22,14,10,21.0,19.72289156626506,25,83,3,27.666666666666668,83,150,150,150,-0.2875536480686683,0.00348,0.00295,0.32521551737612986,0.4187955072680345,0.4187955072680345,21.21320071635561,unique_starts
420,252,462,129,4,29,31,15,23.0,22.48062015503876,25,129,4,32.25,129,26,26,26,0.6645161290322538,0.00348,0.00335,0.32521551737612986,0.4622577751318516,0.4622577751318516,23.18569533817705,unique_starts
421,252,487,17,3,6,10,15,23.0,20.823529411764707,25,17,3,5.666666666666667,17,28,28,28,-0.244444444444439,0.00348,0.00309,0.32521551737612986,0.4986519883489159,0.4986519883489159,23.408248290463863,unique_starts
422,261,139,11,2,5,5,22,24.0,23.818181818181817,25,11,2,5.5,11,0,0,0,0.9999999999999091,0.003005,0.00315,0.3332476057918914,0.5763001546805818,0.5763001546805818,24.447213595499957,unique_starts
423,261,144,146,6,31,37,17,23.0,22.315068493150687,25,146,6,24.333333333333332,146,8,0,0,0.9999999999999932,0.003005,0.00326,0.3332476057918914,0.4284130917563028,0.4284130917563028,23.179605302026776,unique_starts
424,261,175,24,2,6,8,18,22.0,21.666666666666668,25,24,2,12.0,24,9,0,0,0.9999999999999584,0.003005,0.00503,0.3332476057918914,0.7573380297747923,0.7573380297747923,22.408248290463863,unique_starts
425,261,279,9,2,6,5,1,21.0,13.88888888888889,25,9,2,4.5,9,45,0,0,0.9999999999998889,0.003005,0.00293,0.3332476057918914,0.40818291842784804,0.40818291842784804,21.408248290463863,unique_starts
426,261,429,143,8,31,44,16,21.0,21.181818181818183,25,143,8,17.875,143,48,0,0,0.999999999999993,0.003005,0.0033,0.3332476057918914,0.6319999683881292,0.6319999683881292,21.179605302026776,unique_starts
427,261,481,105,4,13,38,1,8.0,8.99047619047619,25,105,4,26.25,105,314,314,314,-0.49880668257756444,0.003005,0.00295,0.3332476057918914,0.3715708750101002,0.3715708750101002,8.277350098112615,unique_starts
428,266,3,2649,33,390,380,7,16.0,16.391090977727444,25,2649,33,80.27272727272727,2649,50,50,50,0.9629492404594291,0.0038,0.003565,0.6115361362052629,0.5904218374331804,0.6115361362052629,16.050636968354183,unique_starts
429,266,169,33,4,14,11,21,24.0,23.696969696969695,25,33,4,8.25,33,89,89,89,-0.4590163934426192,0.0038,0.003075,0.6115361362052629,0.5191317792488794,0.6115361362052629,24.267261241912426,unique_starts
430,266,176,433,13,123,103,1,23.0,21.86605080831409,25,433,13,33.30769230769231,433,4123,4123,4123,-0.8099209833187004,0.0038,0.00293,0.6115361362052629,0.4160949662438087,0.6115361362052629,23.090166963466743,unique_starts
431,266,252,513,12,97,79,4,17.0,16.82456140350877,25,513,12,42.75,513,696,696,696,-0.15136476426798995,0.0038,0.00348,0.6115361362052629,0.32521551737612986,0.6115361362052629,17.101534616513362,unique_starts
432,266,290,39,2,13,6,6,11.0,11.076923076923077,15,39,2,19.5,39,0,0,0,0.9999999999999744,0.0038,0.002905,0.6115361362052629,0.5506580655999675,0.6115361362052629,11.277350098112615,unique_starts
433,266,383,615,26,146,133,9,22.0,20.54959349593496,25,615,26,23.653846153846153,615,66,66,66,0.8061674008810561,0.0038,0.00295,0.6115361362052629,0.47953992323646644,0.6115361362052629,22.082760588860236,unique_starts
434,266,462,12,3,9,8,1,2.0,3.9166666666666665,25,12,3,4.0,12,238,238,238,-0.9039999999999964,0.0038,0.00335,0.6115361362052629,0.4622577751318516,0.6115361362052629,2.3333333333333335,unique_starts
435,266,487,217,10,80,36,1,5.0,4.972350230414746,10,217,10,21.7,217,484,484,484,-0.3808844507845929,0.0038,0.00309,0.6115361362052629,0.4986519883489159,0.6115361362052629,5.111803398874989,unique_starts
436,273,4,166,13,39,60,15,23.0,22.620481927710845,25,166,13,12.76923076923077,166,57,57,57,0.48878923766815924,0.0032,0.0034,0.505500130278,0.42665327824002786,0.505500130278,23.160128153805086,unique_starts
437,273,22,941,25,178,176,1,15.0,13.996811902231668,25,941,25,37.64,941,356,356,356,0.4510408635312256,0.0032,0.00375,0.505500130278,0.6446610524678009,0.6446610524678009,15.074953168899587,unique_starts
438,273,50,27,3,5,15,18,22.0,22.25925925925926,25,27,3,9.0,27,0,0,0,0.999999999999963,0.0032,0.00344,0.505500130278,0.4362745814366093,0.505500130278,22.447213595499957,unique_starts
439,273,79,1799,36,276,261,1,10.0,10.41467481934408,23,1799,36,49.97222222222222,1799,30,30,30,0.967195188627665,0.0032,0.003325,0.505500130278,0.5566279042981374,0.5566279042981374,10.060192926542884,unique_starts
440,273,80,302,9,50,53,1,9.0,9.447019867549669,20,302,9,33.55555555555556,302,0,0,0,0.9999999999999966,0.0032,0.003105,0.505500130278,0.54911977059455,0.54911977059455,9.14142135623731,unique_starts
441,273,139,721,42,197,270,1,5.0,5.305131761442441,16,721,42,17.166666666666668,721,475,475,475,0.20568561872909683,0.0032,0.00315,0.505500130278,0.5763001546805818,0.5763001546805818,5.071247049987909,unique_starts
442,273,144,28,2,10,4,1,6.0,5.821428571428571,11,28,2,14.0,28,0,0,0,0.9999999999999644,0.0032,0.00326,0.505500130278,0.4284130917563028,0.505500130278,6.316227766016838,unique_starts
443,273,169,334,15,78,78,8,15.0,15.380239520958083,25,334,15,22.266666666666666,334,999,999,999,-0.4988747186796696,0.0032,0.003075,0.505500130278,0.5191317792488794,0.5191317792488794,15.11322770341446,unique_starts
444,273,171,445,12,76,77,10,20.0,19.602247191011237,25,445,12,37.083333333333336,445,1,0,0,0.9999999999999977,0.0032,0.00343,0.505500130278,0.6091865893282263,0.6091865893282263,20.11470786693528,unique_starts
445,273,172,12,2,7,3,20,23.0,22.916666666666668,25,12,2,6.0,12,0,0,0,0.9999999999999166,0.0032,0.00297,0.505500130278,0.4684363793861522,0.505500130278,23.37796447300923,unique_starts
446,273,229,200,10,37,57,1,11.0,13.625,25,200,10,20.0,200,208,208,208,-0.019607843137254853,0.0032,0.00306,0.505500130278,0.23617874098724062,0.505500130278,11.164398987305358,unique_starts
447,273,230,405,24,114,125,1,13.0,13.096296296296297,24,405,24,16.875,405,82,82,82,0.6632443531827501,0.0032,0.00344,0.505500130278,0.5276863910046072,0.5276863910046072,13.09365858115817,unique_starts
448,273,252,8,2,4,5,20,24.0,23.375,25,8,2,4.0,8,31,31,31,-0.5897435897435745,0.0032,0.00348,0.505500130278,0.32521551737612986,0.505500130278,24.5,unique_starts
449,273,279,14,3,7,10,18,22.0,21.928571428571427,25,14,3,4.666666666666667,14,181,181,181,-0.856410256410252,0.0032,0.00293,0.505500130278,0.40818291842784804,0.505500130278,22.37796447300923,unique_starts
450,273,315,52,3,8,17,9,14.0,14.346153846153847,20,52,3,17.333333333333332,52,0,0,0,0.9999999999999807,0.0032,0.00307,0.505500130278,0.5338410601299857,0.5338410601299857,14.353553390593273,unique_starts
451,273,383,55,6,21,16,9,15.0,15.672727272727272,25,55,6,9.166666666666666,55,1133,1133,1133,-0.9074074074074067,0.0032,0.00295,0.505500130278,0.47953992323646644,0.505500130278,15.218217890235993,unique_starts
452,273,433,57,2,20,11,9,22.0,20.31578947368421,25,57,2,28.5,57,118,118,118,-0.3485714285714266,0.0032,0.00295,0.505500130278,0.4187955072680345,0.505500130278,22.22360679774998,unique_starts
453,279,7,193,8,67,39,1,21.0,19.10880829015544,25,193,8,24.125,193,6,0,0,0.9999999999999949,0.00293,0.00345,0.40818291842784804,0.473565075387291,0.473565075387291,21.122169444356306,unique_starts
454,279,56,28,6,14,14,22,24.5,24.214285714285715,25,28,6,4.666666666666667,28,277,277,277,-0.8163934426229481,0.00293,0.003085,0.40818291842784804,0.5396960390661362,0.5396960390661362,24.767261241912426,unique_starts
455,279,139,33,4,19,8,1,23.0,18.848484848484848,25,33,4,8.25,33,3,0,0,0.9999999999999697,0.00293,0.00315,0.40818291842784804,0.5763001546805818,0.5763001546805818,23.22941573387056,unique_starts
456,279,143,1143,21,267,213,1,15.0,15.37095363079615,25,1143,21,54.42857142857143,1143,1587,1587,1587,-0.1626373626373626,0.00293,0.003425,0.40818291842784804,0.4310573077101274,0.4310573077101274,15.06119900613621,unique_starts
457,279,273,181,8,39,48,16,22.0,22.03867403314917,25,181,8,22.625,181,14,14,14,0.856410256410252,0.00293,0.0032,0.40818291842784804,0.505500130278,0.505500130278,22.160128153805086,unique_starts
458,279,318,82,3,20,24,11,20.5,19.804878048780488,25,82,3,27.333333333333332,82,56,56,56,0.18840579710144792,0.00293,0.003055,0.40818291842784804,0.4226365509545472,0.4226365509545472,20.72360679774998,unique_starts
459,279,429,30,3,10,9,17,21.0,21.066666666666666,25,30,3,10.0,30,10,10,10,0.49999999999998745,0.00293,0.0033,0.40818291842784804,0.6319999683881292,0.6319999683881292,21.316227766016837,unique_starts
460,279,432,857,16,155,117,7,19.0,19.02100350058343,25,857,16,53.5625,857,111,111,111,0.7706611570247925,0.00293,0.002895,0.40818291842784804,0.38597465955399696,0.40818291842784804,19.08032193289025,unique_starts
461,281,6,837,19,193,111,9,17.0,17.158900836320193,25,837,19,44.05263157894737,837,1249,1249,1249,-0.1975071907957813,0.003665,0.003095,0.5084243360159619,0.5183369733262979,0.5183369733262979,17.07198157507487,unique_starts
462,281,10,1258,23,169,243,5,16.0,15.651033386327503,25,1258,23,54.69565217391305,1258,437,437,437,0.4843657817109142,0.003665,0.003525,0.5084243360159619,0.49946110985903625,0.5084243360159619,16.076923076923077,unique_starts
463,281,80,328,17,101,62,5,18.0,17.34451219512195,25,328,17,19.294117647058822,328,20,20,20,0.8850574712643652,0.003665,0.003105,0.5084243360159619,0.54911977059455,0.54911977059455,18.099503719020998,unique_starts
464,281,112,67,6,39,12,16,22.0,21.865671641791046,25,67,6,11.166666666666666,67,2,0,0,0.9999999999999851,0.003665,0.00296,0.5084243360159619,0.4285491187954342,0.5084243360159619,22.160128153805086,unique_starts
465,281,117,1379,29,244,210,1,8.0,8.490210297316896,22,1379,29,47.55172413793103,1379,304,304,304,0.6387403446226972,0.003665,0.002995,0.5084243360159619,0.4921561459247037,0.5084243360159619,8.064018439966448,unique_starts
466,281,125,43,2,9,12,16,22.0,21.6046511627907,25,43,2,21.5,43,121,121,121,-0.47560975609755807,0.003665,0.004175,0.5084243360159619,0.3723974808647528,0.5084243360159619,22.333333333333332,unique_starts
467,281,139,366,14,84,61,10,17.0,17.546448087431695,25,366,14,26.142857142857142,366,9,9,9,0.9519999999999974,0.003665,0.00315,0.5084243360159619,0.5763001546805818,0.5763001546805818,17.109108945117995,unique_starts
468,281,175,920,21,183,160,8,15.0,15.534782608695652,25,920,21,43.80952380952381,920,1417,1417,1417,-0.21266581086863492,0.003665,0.00503,0.5084243360159619,0.7573380297747923,0.7573380297747923,15.073922127095457,unique_starts
469,281,309,312,18,113,91,19,23.0,23.064102564102566,25,312,18,17.333333333333332,312,238,238,238,0.1345454545454543,0.003665,0.003055,0.5084243360159619,0.48484104579254805,0.5084243360159619,23.09407208683836,unique_starts
470,281,324,1012,17,137,169,3,21.0,19.73517786561265,25,1012,17,59.529411764705884,1012,9,9,9,0.9823702252693428,0.003665,0.00328,0.5084243360159619,0.38585339304776145,0.5084243360159619,21.085435765771678,unique_starts
471,281,462,56,3,19,13,14,23.0,21.892857142857142,25,56,3,18.666666666666668,56,0,0,0,0.9999999999999821,0.003665,0.00335,0.5084243360159619,0.4622577751318516,0.5084243360159619,23.22941573387056,unique_starts
472,290,7,771,13,114,130,1,9.0,9.884565499351492,24,771,13,59.30769230769231,771,60,60,60,0.855595667870035,0.002905,0.00345,0.5506580655999675,0.473565075387291,0.5506580655999675,9.09365858115817,unique_starts
473,290,8,17,2,5,6,1,4.0,3.823529411764706,7,17,2,8.5,17,6,0,0,0.9999999999999413,0.002905,0.00305,0.5506580655999675,0.5406985617322061,0.5506580655999675,4.447213595499958,unique_starts
474,290,143,139,5,27,45,1,11.0,11.820143884892087,25,139,5,27.8,139,0,0,0,0.9999999999999929,0.002905,0.003425,0.5506580655999675,0.4310573077101274,0.5506580655999675,11.192450089729876,unique_starts
475,290,169,11,3,7,6,23,25.0,24.454545454545453,25,11,3,3.6666666666666665,11,0,0,0,0.9999999999999091,0.002905,0.003075,0.5506580655999675,0.5191317792488794,0.5506580655999675,25.37796447300923,unique_starts
476,290,175,50,2,14,8,4,11.0,13.12,25,50,2,25.0,50,0,0,0,0.99999999999998,0.002905,0.00503,0.5506580655999675,0.7573380297747923,0.7573380297747923,11.267261241912424,unique_starts
477,290,229,23,2,17,3,1,20.0,15.521739130434783,25,23,2,11.5,23,0,0,0,0.9999999999999566,0.002905,0.00306,0.5506580655999675,0.23617874098724062,0.5506580655999675,20.242535625036332,unique_starts
478,290,261,217,4,32,20,2,13.0,12.746543778801843,25,217,4,54.25,217,0,0,0,0.9999999999999954,0.002905,0.003005,0.5506580655999675,0.3332476057918914,0.5506580655999675,13.176776695296637,unique_starts
479,290,273,190,7,58,24,4,14.0,13.9,25,190,7,27.142857142857142,190,0,0,0,0.9999999999999948,0.002905,0.0032,0.5506580655999675,0.505500130278,0.5506580655999675,14.131306432859722,unique_starts
480,290,279,152,3,23,22,3,14.0,13.68421052631579,24,152,3,50.666666666666664,152,0,0,0,0.9999999999999934,0.002905,0.00293,0.5506580655999675,0.40818291842784804,0.5506580655999675,14.208514414057074,unique_starts
481,290,318,139,3,22,29,16,22.0,21.863309352517987,25,139,3,46.333333333333336,139,0,0,0,0.9999999999999929,0.002905,0.003055,0.5506580655999675,0.4226365509545472,0.5506580655999675,22.21320071635561,unique_starts
482,290,383,331,7,63,49,1,12.0,12.386706948640484,25,331,7,47.285714285714285,331,0,0,0,0.9999999999999969,0.002905,0.00295,0.5506580655999675,0.47953992323646644,0.5506580655999675,12.125988157669742,unique_starts
483,290,432,55,3,19,13,10,22.0,20.654545454545456,25,55,3,18.333333333333332,55,0,0,0,0.9999999999999818,0.002905,0.002895,0.5506580655999675,0.38597465955399696,0.5506580655999675,22.22941573387056,unique_starts
484,304,84,64,4,24,15,16,23.0,22.53125,25,64,4,16.0,64,46,46,46,0.16363636363636216,0.003015,0.003185,0.5149114583441843,0.4087675614805981,0.5149114583441843,23.20412414523193,unique_starts
485,304,120,1047,34,138,408,1,5.0,5.529130850047755,12,1047,34,30.794117647058822,1047,335,335,335,0.5151953690303904,0.003015,0.00351,0.5149114583441843,0.6286366289947183,0.6286366289947183,5.085125653075875,unique_starts
486,304,217,67,6,25,16,18,23.0,22.671641791044777,25,67,6,11.166666666666666,67,0,0,0,0.9999999999999851,0.003015,0.003145,0.5149114583441843,0.5280768414975939,0.5280768414975939,23.2,unique_starts
487,304,224,1849,26,257,249,1,8.0,8.141157382368847,23,1849,26,71.11538461538461,1849,954,954,954,0.3193007491972885,0.003015,0.003435,0.5149114583441843,0.5524327933598494,0.5524327933598494,8.06237828615518,unique_starts
488,304,309,41,6,25,11,19,24.0,23.21951219512195,25,41,6,6.833333333333333,41,138,138,138,-0.5418994413407792,0.003015,0.003055,0.5149114583441843,0.48484104579254805,0.5149114583441843,24.2,unique_starts
489,304,385,209,14,72,63,15,24.0,22.95693779904306,25,209,14,14.928571428571429,209,265,265,265,-0.11814345991561157,0.003015,0.00381,0.5149114583441843,0.544885989019332,0.544885989019332,24.117851130197757,unique_starts
490,309,6,1260,28,141,335,1,8.0,7.919047619047619,19,1260,28,45.0,1260,1035,1035,1035,0.09803921568627447,0.003055,0.003095,0.48484104579254805,0.5183369733262979,0.5183369733262979,8.084215192106653,unique_starts
491,309,24,219,8,44,42,1,8.0,8.616438356164384,19,219,8,27.375,219,0,0,0,0.9999999999999954,0.003055,0.002975,0.48484104579254805,0.4451639107771672,0.48484104579254805,8.150755672288883,unique_starts
492,309,120,26,2,8,9,20,24.0,23.5,25,26,2,13.0,26,0,0,0,0.9999999999999616,0.003055,0.00351,0.48484104579254805,0.6286366289947183,0.6286366289947183,24.353553390593273,unique_starts
493,309,125,953,21,130,274,1,15.0,15.269674711437565,25,953,21,45.38095238095238,953,742,742,742,0.12448377581120937,0.003055,0.004175,0.48484104579254805,0.3723974808647528,0.48484104579254805,15.087705801930703,unique_starts
494,309,147,1146,19,161,215,1,10.0,10.767888307155323,25,1146,19,60.31578947368421,1146,850,850,850,0.14829659318637267,0.003055,0.00412,0.48484104579254805,0.4966726365256857,0.4966726365256857,10.07881104062391,unique_starts
495,309,217,137,5,19,31,1,8.0,8.058394160583942,17,137,5,27.4,137,12,12,12,0.8389261744966386,0.003055,0.003145,0.48484104579254805,0.5280768414975939,0.5280768414975939,8.229415733870562,unique_starts
496,309,224,607,6,53,78,2,15.0,15.023064250411862,25,607,6,101.16666666666667,607,99,99,99,0.7195467422096307,0.003055,0.003435,0.48484104579254805,0.5524327933598494,0.5524327933598494,15.13736056394869,unique_starts
497,309,281,238,19,68,88,18,23.0,22.571428571428573,25,238,19,12.526315789473685,238,312,312,312,-0.1345454545454543,0.003055,0.003665,0.48484104579254805,0.5084243360159619,0.5084243360159619,23.121267812518166,unique_starts
498,309,304,138,7,52,23,14,22.0,21.27536231884058,25,138,7,19.714285714285715,138,41,41,41,0.5418994413407792,0.003055,0.003015,0.48484104579254805,0.5149114583441843,0.5149114583441843,22.138675049056307,unique_starts
499,315,22,9,3,3,9,7,10.0,10.0,14,9,3,3.0,9,0,0,0,0.9999999999998889,0.00307,0.00375,0.5338410601299857,0.6446610524678009,0.6446610524678009,10.577350269189626,unique_starts
500,315,50,1759,14,152,277,1,16.0,15.959636156907333,25,1759,14,125.64285714285714,1759,590,590,590,0.497658578118348,0.00307,0.00344,0.5338410601299857,0.4362745814366093,0.5338410601299857,16.08111071056538,unique_starts
501,315,146,825,17,224,173,16,23.0,22.19272727272727,25,825,17,48.529411764705884,825,1090,1090,1090,-0.13838120104438636,0.00307,0.00289,0.5338410601299857,0.49858717633061933,0.5338410601299857,23.066815310478106,unique_starts
502,315,229,94,3,9,30,1,18.0,17.43617021276596,25,94,3,31.333333333333332,94,409,409,409,-0.6262425447316091,0.00307,0.00306,0.5338410601299857,0.23617874098724062,0.5338410601299857,18.333333333333332,unique_starts
503,315,230,74,6,17,21,1,5.0,5.0,11,74,6,12.333333333333334,74,1,0,0,0.9999999999999866,0.00307,0.00344,0.5338410601299857,0.5276863910046072,0.5338410601299857,5.242535625036333,unique_starts
504,315,433,29,8,16,18,21,24.0,23.689655172413794,25,29,8,3.625,29,445,445,445,-0.8776371308016858,0.00307,0.00295,0.5338410601299857,0.4187955072680345,0.5338410601299857,24.25,unique_starts
505,318,7,503,12,109,102,11,20.0,19.47713717693837,25,503,12,41.916666666666664,503,3252,3252,3252,-0.7320905459387481,0.003055,0.00345,0.4226365509545472,0.473565075387291,0.473565075387291,20.095782628522116,unique_starts
506,318,56,270,7,39,50,1,9.0,8.977777777777778,18,270,7,38.57142857142857,270,129,129,129,0.35338345864661563,0.003055,0.003085,0.4226365509545472,0.5396960390661362,0.5396960390661362,9.160128153805086,unique_starts
507,318,279,56,2,13,9,11,17.5,17.5,24,56,2,28.0,56,82,82,82,-0.18840579710144792,0.003055,0.00293,0.4226365509545472,0.40818291842784804,0.4226365509545472,17.777350098112613,unique_starts
508,324,10,312,11,74,67,8,20.0,19.919871794871796,25,312,11,28.363636363636363,312,3195,3195,3195,-0.8220701454234386,0.00328,0.003525,0.38585339304776145,0.49946110985903625,0.49946110985903625,20.11624763874382,unique_starts
509,324,16,121,3,13,38,1,9.0,9.24793388429752,23,121,3,40.333333333333336,121,7,7,7,0.8906249999999931,0.00328,0.00306,0.38585339304776145,0.3930741805154096,0.3930741805154096,9.277350098112615,unique_starts
510,324,42,19,2,7,4,11,14.0,14.473684210526315,18,19,2,9.5,19,5,0,0,0.9999999999999475,0.00328,0.002905,0.38585339304776145,0.49705178564663943,0.49705178564663943,14.377964473009227,unique_starts
511,324,112,1599,21,496,123,1,10.0,10.390869293308318,25,1599,21,76.14285714285714,1599,1420,1420,1420,0.05929115601192446,0.00328,0.00296,0.38585339304776145,0.4285491187954342,0.4285491187954342,10.044901325506693,unique_starts
512,324,117,210,9,54,41,13,21.0,20.452380952380953,25,210,9,23.333333333333332,210,1870,1870,1870,-0.7980769230769227,0.00328,0.002995,0.38585339304776145,0.4921561459247037,0.4921561459247037,21.136082763487956,unique_starts
513,324,281,9,4,6,6,23,25.0,24.555555555555557,25,9,4,2.25,9,1012,1012,1012,-0.9823702252693428,0.00328,0.003665,0.38585339304776145,0.5084243360159619,0.5084243360159619,25.408248290463863,unique_starts
514,324,382,1131,14,129,199,1,7.0,7.6861184792219275,19,1131,14,80.78571428571429,1131,521,521,521,0.3692493946731233,0.00328,0.00306,0.38585339304776145,0.5168753927781407,0.5168753927781407,7.088045090632562,unique_starts
515,335,2,368,6,53,51,8,19.0,18.608695652173914,25,368,6,61.333333333333336,368,517,517,517,-0.16836158192090375,0.003265,0.00384,0.33863745508677673,0.49557695833984555,0.49557695833984555,19.13736056394869,unique_starts
516,335,79,37,4,18,13,19,24.0,23.513513513513512,25,37,4,9.25,37,0,0,0,0.9999999999999729,0.003265,0.003325,0.33863745508677673,0.5566279042981374,0.5566279042981374,24.235702260395517,unique_starts
517,335,98,260,6,36,67,8,21.0,19.838461538461537,25,260,6,43.333333333333336,260,105,105,105,0.42465753424657415,0.003265,0.00306,0.33863745508677673,0.34307339056976743,0.34307339056976743,21.166666666666668,unique_starts
518,335,109,132,7,41,29,11,21.0,20.21212121212121,25,132,7,18.857142857142858,132,69,69,69,0.313432835820894,0.003265,0.002985,0.33863745508677673,0.3581978582570581,0.3581978582570581,21.156173761888606,unique_starts
519,335,144,1844,14,215,215,8,19.0,18.522234273318873,25,1844,14,131.71428571428572,1844,919,919,919,0.3347810351067679,0.003265,0.00326,0.33863745508677673,0.4284130917563028,0.4284130917563028,19.068199433947047,unique_starts
520,335,171,109,4,31,14,10,19.0,18.59633027522936,25,109,4,27.25,109,0,0,0,0.9999999999999909,0.003265,0.00343,0.33863745508677673,0.6091865893282263,0.6091865893282263,19.179605302026776,unique_starts
521,382,10,2885,23,407,354,1,15.0,14.822876949740035,25,2885,23,125.43478260869566,2885,86,86,86,0.9421070346684615,0.00306,0.003525,0.5168753927781407,0.49946110985903625,0.5168753927781407,15.049568159709661,unique_starts
522,382,16,9,3,4,6,1,23.0,18.444444444444443,25,9,3,3.0,9,138,138,138,-0.8775510204081574,0.00306,0.00306,0.5168753927781407,0.3930741805154096,0.5168753927781407,23.5,unique_starts
523,382,42,40,4,18,8,1,6.0,6.4,15,40,4,10.0,40,2,0,0,0.9999999999999749,0.00306,0.002905,0.5168753927781407,0.49705178564663943,0.5168753927781407,6.235702260395516,unique_starts
524,382,80,48,2,12,8,12,17.0,17.125,22,48,2,24.0,48,95,95,95,-0.32867132867132637,0.00306,0.003105,0.5168753927781407,0.54911977059455,0.54911977059455,17.28867513459481,unique_starts
525,382,117,721,15,153,140,5,14.0,14.539528432732316,25,721,15,48.06666666666667,721,54,54,54,0.8606451612903214,0.00306,0.002995,0.5168753927781407,0.4921561459247037,0.5168753927781407,14.080845208345444,unique_starts
526,382,175,36,4,8,23,17,23.0,22.444444444444443,25,36,4,9.0,36,0,0,0,0.9999999999999721,0.00306,0.00503,0.5168753927781407,0.7573380297747923,0.7573380297747923,23.353553390593273,unique_starts
527,382,281,726,19,168,103,9,21.0,20.961432506887054,25,726,19,38.21052631578947,726,0,0,0,0.9999999999999986,0.00306,0.003665,0.5168753927781407,0.5084243360159619,0.5168753927781407,21.077151674981046,unique_starts
528,382,324,521,11,99,123,1,22.0,21.35700575815739,25,521,11,47.36363636363637,521,1131,1131,1131,-0.3692493946731233,0.00306,0.00328,0.5168753927781407,0.38585339304776145,0.5168753927781407,22.100503781525923,unique_starts
529,382,462,104,5,29,32,18,23.0,22.78846153846154,25,104,5,20.8,104,8,0,0,0.9999999999999905,0.00306,0.00335,0.5168753927781407,0.4622577751318516,0.5168753927781407,23.18569533817705,unique_starts
530,383,22,50,4,19,13,15,22.0,21.42,25,50,4,12.5,50,212,212,212,-0.6183206106870205,0.00295,0.00375,0.47953992323646644,0.6446610524678009,0.6446610524678009,22.22941573387056,unique_starts
531,383,79,75,9,30,23,19,24.0,23.32,25,75,9,8.333333333333334,75,0,0,0,0.9999999999999868,0.00295,0.003325,0.47953992323646644,0.5566279042981374,0.5566279042981374,24.182574185835055,unique_starts
532,383,80,36,4,12,14,18,22.0,22.305555555555557,25,36,4,9.0,36,0,0,0,0.9999999999999721,0.00295,0.003105,0.47953992323646644,0.54911977059455,0.54911977059455,22.28867513459481,unique_starts
533,383,139,602,17,112,107,12,21.0,20.473421926910298,25,602,17,35.411764705882355,602,8,0,0,0.9999999999999983,0.00295,0.00315,0.47953992323646644,0.5763001546805818,0.5763001546805818,21.094491118252307,unique_starts
534,383,144,59,2,9,15,14,21.0,20.93220338983051,25,59,2,29.5,59,0,0,0,0.999999999999983,0.00295,0.00326,0.47953992323646644,0.4284130917563028,0.47953992323646644,21.333333333333332,unique_starts
535,383,147,46,2,12,12,18,23.0,22.956521739130434,25,46,2,23.0,46,0,0,0,0.9999999999999782,0.00295,0.00412,0.47953992323646644,0.4966726365256857,0.4966726365256857,23.28867513459481,unique_starts
536,383,169,871,35,286,169,1,5.0,5.493685419058553,25,871,35,24.885714285714286,871,198,198,198,0.6295603367633297,0.00295,0.003075,0.47953992323646644,0.5191317792488794,0.5191317792488794,5.0591312395989085,unique_starts
537,383,175,58,3,13,12,12,17.0,16.603448275862068,22,58,3,19.333333333333332,58,7,0,0,0.9999999999999827,0.00295,0.00503,0.47953992323646644,0.7573380297747923,0.7573380297747923,17.277350098112613,unique_starts
538,383,176,150,3,16,42,5,16.5,16.293333333333333,25,150,3,50.0,150,37,37,37,0.6042780748663069,0.00295,0.00293,0.47953992323646644,0.4160949662438087,0.47953992323646644,16.75,unique_starts
539,383,217,229,7,46,38,9,21.0,20.50655021834061,25,229,7,32.714285714285715,229,28,28,28,0.782101167315172,0.00295,0.003145,0.47953992323646644,0.5280768414975939,0.5280768414975939,21.147441956154896,unique_starts
540,383,229,35,5,17,11,1,23.0,22.428571428571427,25,35,5,7.0,35,0,0,0,0.9999999999999714,0.00295,0.00306,0.47953992323646644,0.23617874098724062,0.47953992323646644,23.242535625036332,unique_starts
541,383,230,49,10,34,19,21,24.0,23.93877551020408,25,49,10,4.9,49,1,0,0,0.9999999999999796,0.00295,0.00344,0.47953992323646644,0.5276863910046072,0.5276863910046072,24.17149858514251,unique_starts
542,383,266,66,3,13,28,17,23.0,22.484848484848484,25,66,3,22.0,66,615,615,615,-0.8061674008810561,0.00295,0.0038,0.47953992323646644,0.6115361362052629,0.6115361362052629,23.277350098112613,unique_starts
543,383,273,1133,28,205,191,1,18.0,17.40864960282436,25,1133,28,40.464285714285715,1133,55,55,55,0.9074074074074067,0.00295,0.0032,0.47953992323646644,0.505500130278,0.505500130278,18.06984302957696,unique_starts
544,383,281,33,2,11,6,1,4.0,4.2727272727272725,8,33,2,16.5,33,0,0,0,0.9999999999999697,0.00295,0.003665,0.47953992323646644,0.5084243360159619,0.5084243360159619,4.301511344577763,unique_starts
545,383,335,72,3,23,10,1,5.0,5.583333333333333,11,72,3,24.0,72,5,0,0,0.9999999999999862,0.00295,0.003265,0.47953992323646644,0.33863745508677673,0.47953992323646644,5.208514414057075,unique_starts
546,383,385,166,10,58,44,18,23.5,23.14457831325301,25,166,10,16.6,166,0,0,0,0.999999999999994,0.00295,0.00381,0.47953992323646644,0.544885989019332,0.544885989019332,23.631306432859724,unique_starts
547,383,433,22,4,13,9,1,3.0,3.0,6,22,4,5.5,22,0,0,0,0.9999999999999546,0.00295,0.00295,0.47953992323646644,0.4187955072680345,0.47953992323646644,3.2773500981126147,unique_starts
548,383,462,56,2,5,26,12,20.0,19.767857142857142,25,56,2,28.0,56,0,0,0,0.9999999999999821,0.00295,0.00335,0.47953992323646644,0.4622577751318516,0.47953992323646644,20.447213595499957,unique_starts
549,385,24,1015,18,134,204,1,12.0,12.377339901477832,25,1015,18,56.388888888888886,1015,1,0,0,0.999999999999999,0.00381,0.002975,0.544885989019332,0.4451639107771672,0.544885989019332,12.086386842558136,unique_starts
550,385,84,1463,20,242,200,1,15.0,15.165413533834586,25,1463,20,73.15,1463,1047,1047,1047,0.16573705179282863,0.00381,0.003185,0.544885989019332,0.4087675614805981,0.544885989019332,15.064282434653322,unique_starts
551,385,98,168,6,31,48,6,16.0,17.172619047619047,25,168,6,28.0,168,90,90,90,0.30232558139534765,0.00381,0.00306,0.544885989019332,0.34307339056976743,0.544885989019332,16.179605302026776,unique_starts
552,385,120,208,13,59,58,15,23.0,22.64903846153846,25,208,13,16.0,208,25,0,0,0.9999999999999952,0.00381,0.00351,0.544885989019332,0.6286366289947183,0.6286366289947183,23.130188910980824,unique_starts
553,385,125,12,2,6,5,1,22.5,17.916666666666668,25,12,2,6.0,12,20,20,20,-0.24999999999999217,0.00381,0.004175,0.544885989019332,0.3723974808647528,0.544885989019332,22.908248290463863,unique_starts
554,385,147,361,7,54,54,1,15.0,15.055401662049862,25,361,7,51.57142857142857,361,345,345,345,0.022662889518413564,0.00381,0.00412,0.544885989019332,0.4966726365256857,0.544885989019332,15.136082763487954,unique_starts
555,385,169,77,6,34,18,17,23.0,22.350649350649352,25,77,6,12.833333333333334,77,209,209,209,-0.4615384615384599,0.00381,0.003075,0.544885989019332,0.5191317792488794,0.544885989019332,23.17149858514251,unique_starts
556,385,217,1296,22,151,182,1,10.0,10.438271604938272,25,1296,22,58.90909090909091,1296,39,39,39,0.9415730337078645,0.00381,0.003145,0.544885989019332,0.5280768414975939,0.544885989019332,10.081378845877117,unique_starts
557,385,224,1173,16,122,161,1,17.0,16.41005967604433,25,1173,16,73.3125,1173,571,571,571,0.34518348623853196,0.00381,0.003435,0.544885989019332,0.5524327933598494,0.5524327933598494,17.09053574604252,unique_starts
558,385,304,265,18,105,57,8,22.0,20.826415094339623,25,265,18,14.722222222222221,265,209,209,209,0.11814345991561157,0.00381,0.003015,0.544885989019332,0.5149114583441843,0.544885989019332,22.097590007294855,unique_starts
559,398,56,189,4,45,31,1,7.0,7.328042328042328,15,189,4,47.25,189,15,15,15,0.8529411764705841,0.00324,0.003085,0.4886541548049501,0.5396960390661362,0.5396960390661362,7.149071198499986,unique_starts
560,398,167,135,8,51,27,9,18.0,18.133333333333333,25,135,8,16.875,135,176,176,176,-0.1318327974276523,0.00324,0.002905,0.4886541548049501,0.5523326473861818,0.5523326473861818,18.1400280084028,unique_starts
561,398,207,317,7,58,43,1,11.0,11.305993690851736,21,317,7,45.285714285714285,317,95,95,95,0.5388349514563093,0.00324,0.002905,0.4886541548049501,0.5142383888493315,0.5142383888493315,11.131306432859722,unique_starts
562,398,432,52,2,7,12,15,21.0,21.153846153846153,25,52,2,26.0,52,0,0,0,0.9999999999999807,0.00324,0.002895,0.4886541548049501,0.38597465955399696,0.4886541548049501,21.37796447300923,unique_starts
563,429,7,138,8,46,26,13,19.0,19.26086956521739,25,138,8,17.25,138,49,49,49,0.4759358288770028,0.0033,0.00345,0.6319999683881292,0.473565075387291,0.6319999683881292,19.147441956154896,unique_starts
564,429,133,48,2,11,13,18,23.0,22.854166666666668,25,48,2,24.0,48,57,57,57,-0.0857142857142849,0.0033,0.003455,0.6319999683881292,0.40834813465235587,0.6319999683881292,23.301511344577765,unique_starts
565,429,167,247,11,54,52,9,18.0,17.77327935222672,25,247,11,22.454545454545453,247,199,199,199,0.10762331838564998,0.0033,0.002905,0.6319999683881292,0.5523326473861818,0.6319999683881292,18.136082763487956,unique_starts
566,429,207,93,6,22,25,5,10.0,11.268817204301076,23,93,6,15.5,93,47,47,47,0.32857142857142624,0.0033,0.002905,0.6319999683881292,0.5142383888493315,0.6319999683881292,10.21320071635561,unique_starts
567,429,279,10,2,6,6,23,25.0,24.5,25,10,2,5.0,10,30,30,30,-0.49999999999998745,0.0033,0.00293,0.6319999683881292,0.40818291842784804,0.6319999683881292,25.408248290463863,unique_starts
568,429,481,48,2,12,13,19,23.0,23.104166666666668,25,48,2,24.0,48,85,85,85,-0.27819548872180244,0.0033,0.00295,0.6319999683881292,0.3715708750101002,0.6319999683881292,23.28867513459481,unique_starts
569,432,7,97,4,19,34,1,7.0,7.824742268041237,18,97,4,24.25,97,0,0,0,0.9999999999999898,0.002895,0.00345,0.38597465955399696,0.473565075387291,0.473565075387291,7.229415733870562,unique_starts
570,432,143,1131,16,142,196,1,12.0,11.873563218390805,25,1131,16,70.6875,1131,1018,1018,1018,0.0525825965565379,0.002895,0.003425,0.38597465955399696,0.4310573077101274,0.4310573077101274,12.083918135829668,unique_starts
571,432,207,4,2,3,3,24,25.0,24.75,25,4,2,2.0,4,62,62,62,-0.8787878787878656,0.002895,0.002905,0.38597465955399696,0.5142383888493315,0.5142383888493315,25.577350269189626,unique_starts
572,432,279,111,9,39,57,1,17.0,15.63063063063063,25,111,9,12.333333333333334,111,857,857,857,-0.7706611570247925,0.002895,0.00293,0.38597465955399696,0.40818291842784804,0.40818291842784804,17.160128153805086,unique_starts
573,432,318,46,3,8,19,13,21.0,20.23913043478261,25,46,3,15.333333333333334,46,0,0,0,0.9999999999999782,0.002895,0.003055,0.38597465955399696,0.4226365509545472,0.4226365509545472,21.353553390593273,unique_starts
574,432,429,182,6,46,32,15,22.0,21.626373626373628,25,182,6,30.333333333333332,182,0,0,0,0.9999999999999946,0.002895,0.0033,0.38597465955399696,0.6319999683881292,0.6319999683881292,22.147441956154896,unique_starts
575,433,79,40,3,17,9,17,23.0,22.3,25,40,3,13.333333333333334,40,4,0,0,0.9999999999999749,0.00295,0.003325,0.4187955072680345,0.5566279042981374,0.5566279042981374,23.242535625036332,unique_starts
576,433,109,102,7,21,37,12,21.0,20.647058823529413,25,102,7,14.571428571428571,102,18,18,18,0.6999999999999942,0.00295,0.002985,0.4187955072680345,0.3581978582570581,0.4187955072680345,21.21821789023599,unique_starts
577,433,139,300,7,54,43,10,18.0,18.183333333333334,25,300,7,42.857142857142854,300,0,0,0,0.9999999999999966,0.00295,0.00315,0.4187955072680345,0.5763001546805818,0.5763001546805818,18.136082763487956,unique_starts
578,433,140,121,8,29,46,16,23.0,22.619834710743802,25,121,8,15.125,121,173,173,173,-0.17687074829931912,0.00295,0.00296,0.4187955072680345,0.4551836186304672,0.4551836186304672,23.18569533817705,unique_starts
579,433,144,70,2,8,15,9,16.0,16.385714285714286,24,70,2,35.0,70,0,0,0,0.9999999999999858,0.00295,0.00326,0.4187955072680345,0.4284130917563028,0.4284130917563028,16.353553390593273,unique_starts
580,433,169,60,5,19,28,1,16.0,12.716666666666667,24,60,5,12.0,60,104,104,104,-0.2682926829268276,0.00295,0.003075,0.4187955072680345,0.5191317792488794,0.5191317792488794,16.22941573387056,unique_starts
581,433,176,71,3,7,28,13,20.0,19.732394366197184,25,71,3,23.666666666666668,71,0,0,0,0.999999999999986,0.00295,0.00293,0.4187955072680345,0.4160949662438087,0.4187955072680345,20.37796447300923,unique_starts
582,433,230,46,4,20,10,19,23.0,22.717391304347824,25,46,4,11.5,46,0,0,0,0.9999999999999782,0.00295,0.00344,0.4187955072680345,0.5276863910046072,0.5276863910046072,23.22360679774998,unique_starts
583,433,252,150,5,31,27,2,20.0,19.3,25,150,5,30.0,150,83,83,83,0.2875536480686683,0.00295,0.00348,0.4187955072680345,0.32521551737612986,0.4187955072680345,20.179605302026776,unique_starts
584,433,273,118,5,49,12,9,15.0,15.915254237288135,25,118,5,23.6,118,57,57,57,0.3485714285714266,0.00295,0.0032,0.4187955072680345,0.505500130278,0.505500130278,15.142857142857142,unique_starts
585,433,315,445,13,105,78,13,22.0,21.485393258426967,25,445,13,34.23076923076923,445,29,29,29,0.8776371308016858,0.00295,0.00307,0.4187955072680345,0.5338410601299857,0.5338410601299857,22.097590007294855,unique_starts
586,462,3,953,15,260,93,7,18.0,18.24239244491081,25,953,15,63.53333333333333,953,1,0,0,0.9999999999999989,0.00335,0.003565,0.4622577751318516,0.5904218374331804,0.5904218374331804,18.062017367294604,unique_starts
587,462,16,695,11,113,124,1,8.0,8.339568345323741,19,695,11,63.18181818181818,695,56,56,56,0.8508655126497991,0.00335,0.00306,0.4622577751318516,0.3930741805154096,0.4622577751318516,8.09407208683836,unique_starts
588,462,109,14,3,6,7,1,3.0,3.2142857142857144,6,14,3,4.666666666666667,14,3,0,0,0.9999999999999286,0.00335,0.002985,0.4622577751318516,0.3581978582570581,0.4622577751318516,3.408248290463863,unique_starts
589,462,252,26,2,12,7,14,22.5,21.53846153846154,25,26,2,13.0,26,129,129,129,-0.6645161290322538,0.00335,0.00348,0.4622577751318516,0.32521551737612986,0.4622577751318516,22.78867513459481,unique_starts
590,462,266,238,5,72,33,1,7.0,7.222689075630252,16,238,5,47.6,238,12,12,12,0.9039999999999964,0.00335,0.0038,0.4622577751318516,0.6115361362052629,0.6115361362052629,7.117851130197758,unique_starts
591,462,324,29,3,13,9,1,3.0,3.6551724137931036,8,29,3,9.666666666666666,29,4,0,0,0.9999999999999656,0.00335,0.00328,0.4622577751318516,0.38585339304776145,0.4622577751318516,3.2773500981126147,unique_starts
592,462,487,82,5,48,16,2,12.0,12.378048780487806,25,82,5,16.4,82,95,95,95,-0.0734463276836154,0.00335,0.00309,0.4622577751318516,0.4986519883489159,0.4986519883489159,12.144337567297406,unique_starts
593,481,2,598,5,74,74,9,19.0,18.83277591973244,25,598,5,119.6,598,778,778,778,-0.13081395348837202,0.00295,0.00384,0.3715708750101002,0.49557695833984555,0.49557695833984555,19.11624763874382,unique_starts
594,481,6,73,2,51,6,9,16.0,15.931506849315069,25,73,2,36.5,73,47,47,47,0.21666666666666487,0.00295,0.003095,0.3715708750101002,0.5183369733262979,0.5183369733262979,16.1400280084028,unique_starts
595,481,7,13,2,3,11,10,15.0,14.76923076923077,20,13,2,6.5,13,0,0,0,0.9999999999999231,0.00295,0.00345,0.3715708750101002,0.473565075387291,0.473565075387291,15.577350269189626,unique_starts
596,481,139,39,2,13,6,13,17.0,17.53846153846154,23,39,2,19.5,39,0,0,0,0.9999999999999744,0.00295,0.00315,0.3715708750101002,0.5763001546805818,0.5763001546805818,17.277350098112613,unique_starts
597,481,175,349,7,72,49,9,17.0,16.845272206303726,25,349,7,49.857142857142854,349,536,536,536,-0.21129943502824836,0.00295,0.00503,0.3715708750101002,0.7573380297747923,0.7573380297747923,17.117851130197757,unique_starts
598,481,261,314,5,28,38,1,14.0,14.054140127388536,25,314,5,62.8,314,105,105,105,0.49880668257756444,0.00295,0.003005,0.3715708750101002,0.3332476057918914,0.3715708750101002,14.188982236504614,unique_starts
599,481,429,85,4,23,17,17,23.0,22.576470588235296,25,85,4,21.25,85,48,48,48,0.27819548872180244,0.00295,0.0033,0.3715708750101002,0.6319999683881292,0.6319999683881292,23.208514414057074,unique_starts
600,487,3,608,19,96,228,1,10.0,10.194078947368421,18,608,19,32.0,608,1322,1322,1322,-0.36994818652849726,0.00309,0.003565,0.4986519883489159,0.5904218374331804,0.5904218374331804,10.102062072615965,unique_starts
601,487,16,1637,19,214,188,1,10.0,10.502138057422114,25,1637,19,86.15789473684211,1637,570,570,570,0.4834617127322155,0.00309,0.00306,0.4986519883489159,0.3930741805154096,0.4986519883489159,10.068358592702467,unique_starts
602,487,109,73,9,25,34,1,5.0,4.931506849315069,11,73,9,8.11111111111111,73,63,63,63,0.07352941176470534,0.00309,0.002985,0.4986519883489159,0.3581978582570581,0.4986519883489159,5.2,unique_starts
603,487,140,946,17,145,187,1,8.0,8.219873150105709,19,946,17,55.64705882352941,946,47,47,47,0.9053373615307141,0.00309,0.00296,0.4986519883489159,0.4551836186304672,0.4986519883489159,8.08304547985374,unique_starts
604,487,169,7,2,4,4,23,25.0,24.428571428571427,25,7,2,3.5,7,32,32,32,-0.6410256410256245,0.00309,0.003075,0.4986519883489159,0.5191317792488794,0.5191317792488794,25.5,unique_starts
605,487,176,5,3,5,3,23,25.0,24.4,25,5,3,1.6666666666666667,5,498,498,498,-0.9801192842942326,0.00309,0.00293,0.4986519883489159,0.4160949662438087,0.4986519883489159,25.447213595499957,unique_starts
606,487,252,28,2,11,8,19,23.0,22.75,25,28,2,14.0,28,17,17,17,0.244444444444439,0.00309,0.00348,0.4986519883489159,0.32521551737612986,0.4986519883489159,23.301511344577765,unique_starts
607,487,266,484,11,92,82,1,7.0,7.198347107438017,15,484,11,44.0,484,217,217,217,0.3808844507845929,0.00309,0.0038,0.4986519883489159,0.6115361362052629,0.6115361362052629,7.104257207028537,unique_starts
608,487,383,42,3,13,9,16,22.0,21.69047619047619,25,42,3,14.0,42,0,0,0,0.9999999999999761,0.00309,0.00295,0.4986519883489159,0.47953992323646644,0.4986519883489159,22.277350098112613,unique_starts
609,487,462,95,5,19,23,1,7.0,7.0,12,95,5,19.0,95,82,82,82,0.0734463276836154,0.00309,0.00335,0.4986519883489159,0.4622577751318516,0.4986519883489159,7.229415733870562,unique_starts
