edge_id,src,dst,num_segments,num_episodes,num_unique_starts,num_unique_terminations,min_h,median_h,mean_h,max_h,num_unique_start_goal_pairs,num_unique_episodes,support_density_per_episode,support_count,reverse_support_raw,reverse_support_certified,reverse_support_count,asymmetry,src_density,dst_density,src_bottleneck_score,dst_bottleneck_score,edge_bottleneck_score,cost,cost_support_unit,repair_score,repair_reason
250,9,179,104,82,104,102,1,1.0,1.1826923076923077,2,104,82,1.2682926829268293,104,0,0,0,0.9999999999999905,0.00098,0.00165,0.2575069226717554,0.3901730212642237,0.3901730212642237,1.098058067569092,unique_starts,4.614562773144822,low_compatibility_junction
10736,498,179,97,73,96,88,1,1.0,1.1443298969072164,2,97,73,1.3287671232876712,97,0,0,0,0.9999999999999898,0.000995,0.00165,0.228099206690136,0.3901730212642237,0.3901730212642237,1.1020620726159658,unique_starts,4.607762622481107,low_compatibility_junction
4226,198,179,93,76,93,89,1,1.0,1.1397849462365592,2,93,76,1.2236842105263157,93,0,0,0,0.9999999999999892,0.000925,0.00165,0.1906490287559561,0.3901730212642237,0.3901730212642237,1.1036951694730426,unique_starts,4.606598244333849,low_compatibility_junction
10441,483,179,52,35,52,46,1,1.0,1.1346153846153846,2,52,35,1.4857142857142858,52,0,0,0,0.9999999999999808,0.000865,0.00165,0.1594767683256221,0.3901730212642237,0.3901730212642237,1.1386750490563071,unique_starts,4.556642730889783,low_compatibility_junction
1316,61,21,124,75,123,113,1,1.0,1.1209677419354838,2,124,75,1.653333333333333,124,0,0,0,0.999999999999992,0.0015,0.001335,0.3160722068114281,0.4564190951629047,0.4564190951629047,1.0901669634667432,unique_starts,4.521547175684097,low_compatibility_junction
3826,179,43,232,65,77,232,1,2.0,2.1163793103448274,4,232,65,3.569230769230769,232,0,0,0,0.9999999999999956,0.00165,0.00192,0.3901730212642237,0.3347441798582614,0.3901730212642237,2.113960576459638,unique_starts,4.503223756266469,low_compatibility_junction
6606,302,21,89,68,88,88,1,1.0,1.0561797752808988,2,89,68,1.3088235294117647,89,0,0,0,0.9999999999999888,0.00104,0.001335,0.2624064003425131,0.4564190951629047,0.4564190951629047,1.1066003581778052,unique_starts,4.500788208674888,low_compatibility_junction
9051,418,179,20,19,20,20,1,1.0,1.0,1,20,19,1.0526315789473684,20,2,0,0,0.99999999999995,0.00083,0.00165,0.1685921774424185,0.3901730212642237,0.3901730212642237,1.223606797749979,unique_starts,4.490951657800575,low_compatibility_junction
3846,179,253,166,52,58,166,1,2.0,2.1204819277108435,5,166,52,3.1923076923076925,166,0,0,0,0.999999999999994,0.00165,0.00182,0.3901730212642237,0.3046073510335969,0.3901730212642237,2.1313064328597227,unique_starts,4.48066922243868,low_compatibility_junction
3832,179,129,165,41,63,162,1,2.0,2.0242424242424244,4,165,41,4.024390243902439,165,0,0,0,0.999999999999994,0.00165,0.001675,0.3901730212642237,0.2623840773242651,0.3901730212642237,2.1259881576697426,unique_starts,4.4769263050221815,low_compatibility_junction
4153,195,21,64,44,64,59,1,1.0,1.140625,2,64,44,1.4545454545454546,64,0,0,0,0.9999999999999843,0.0012,0.001335,0.3064439062221105,0.4564190951629047,0.4564190951629047,1.125,unique_starts,4.47278101677828,low_compatibility_junction
3856,179,313,161,37,57,161,1,2.0,2.0559006211180124,5,161,37,4.351351351351352,161,0,0,0,0.9999999999999938,0.00165,0.001605,0.3901730212642237,0.2436041687039265,0.3901730212642237,2.1324532357065045,unique_starts,4.471475776721903,low_compatibility_junction
3842,179,245,103,36,43,103,1,2.0,1.8932038834951457,4,103,36,2.861111111111111,103,0,0,0,0.9999999999999905,0.00165,0.00107,0.3901730212642237,0.2067867221138473,0.3901730212642237,2.1524985703326047,unique_starts,4.449913810174477,low_compatibility_junction
3877,179,488,125,26,45,125,1,2.0,2.04,4,125,26,4.807692307692308,125,0,0,0,0.999999999999992,0.00165,0.001465,0.3901730212642237,0.2608663370743529,0.3901730212642237,2.149071198499986,unique_starts,4.449828743983498,low_compatibility_junction
3823,179,13,152,83,120,152,2,4.0,3.7960526315789473,6,152,83,1.8313253012048192,152,0,0,0,0.9999999999999934,0.00165,0.001505,0.3901730212642237,0.2865622549344049,0.3901730212642237,4.091287092917527,unique_starts,4.442951477379996,low_compatibility_junction
3844,179,250,9,9,9,9,1,1.0,1.0,1,9,9,1.0,9,1,0,0,0.9999999999998888,0.00165,0.0009,0.3901730212642237,0.1877013400260701,0.3901730212642237,1.3333333333333333,unique_starts,4.433097946339322,low_compatibility_junction
3824,179,34,163,98,123,163,5,6.0,6.343558282208589,8,163,98,1.663265306122449,163,0,0,0,0.999999999999994,0.00165,0.00163,0.3901730212642237,0.3865326323824087,0.3901730212642237,6.090166963466743,unique_starts,4.428809860546299,low_compatibility_junction
3847,179,256,165,95,117,164,5,6.0,6.351515151515152,8,165,95,1.736842105263158,165,0,0,0,0.999999999999994,0.00165,0.001515,0.3901730212642237,0.3194630613992499,0.3901730212642237,6.092450032704205,unique_starts,4.427320917521282,low_compatibility_junction
3859,179,333,151,71,89,149,3,5.0,5.2052980132450335,7,151,71,2.126760563380281,151,0,0,0,0.9999999999999934,0.00165,0.00127,0.3901730212642237,0.2501323472050706,0.3901730212642237,5.105999788000636,unique_starts,4.4196833409602005,low_compatibility_junction
3864,179,392,103,62,84,103,3,4.0,4.009708737864078,6,103,62,1.6612903225806452,103,0,0,0,0.9999999999999905,0.00165,0.001005,0.3901730212642237,0.2074367165891868,0.3901730212642237,4.109108945117996,unique_starts,4.415331566843526,low_compatibility_junction
3873,179,472,110,68,88,110,3,5.0,4.727272727272728,6,110,68,1.6176470588235294,110,0,0,0,0.999999999999991,0.00165,0.001335,0.3901730212642237,0.2708741239951356,0.3901730212642237,5.106600358177805,unique_starts,4.408167927081979,low_compatibility_junction
3858,179,322,121,53,77,121,3,5.0,4.900826446280992,7,121,53,2.2830188679245285,121,0,0,0,0.9999999999999918,0.00165,0.001085,0.3901730212642237,0.2223485024088916,0.3901730212642237,5.113960576459638,unique_starts,4.402409983729413,low_compatibility_junction
3835,179,158,100,48,67,100,3,5.0,4.77,6,100,48,2.083333333333333,100,0,0,0,0.99999999999999,0.00165,0.000985,0.3901730212642237,0.208023344924493,0.3901730212642237,5.122169444356305,unique_starts,4.390752049287623,low_compatibility_junction
516,21,141,163,57,74,163,1,2.0,1.8650306748466257,4,163,57,2.8596491228070176,163,0,0,0,0.999999999999994,0.001335,0.001665,0.4564190951629047,0.2829149490189609,0.4564190951629047,2.116247638743819,unique_starts,4.387280020508721,low_compatibility_junction
505,21,31,148,57,72,146,1,2.0,1.7027027027027026,4,148,57,2.5964912280701755,148,0,0,0,0.9999999999999932,0.001335,0.001575,0.4564190951629047,0.253724018996931,0.4564190951629047,2.117851130197758,unique_starts,4.383516928981619,low_compatibility_junction
3861,179,353,107,39,69,107,4,6.0,6.196261682242991,8,107,39,2.743589743589744,107,0,0,0,0.9999999999999908,0.00165,0.00139,0.3901730212642237,0.3047929711516137,0.3901730212642237,6.120385853085769,unique_starts,4.380526239692448,low_compatibility_junction
545,21,381,122,42,66,120,1,2.0,1.6311475409836065,3,122,42,2.9047619047619047,122,0,0,0,0.999999999999992,0.001335,0.001595,0.4564190951629047,0.2770365019391315,0.4564190951629047,2.123091490979333,unique_starts,4.368233482356548,low_compatibility_junction
539,21,319,117,42,57,117,1,2.0,1.7435897435897436,3,117,42,2.7857142857142856,117,0,0,0,0.9999999999999916,0.001335,0.002245,0.4564190951629047,0.3764940972803103,0.4564190951629047,2.1324532357065045,unique_starts,4.36349736095323,low_compatibility_junction
7714,354,179,62,13,62,13,2,4.0,4.5,10,62,13,4.769230769230769,62,8,8,8,0.7714285714285605,0.002235,0.00165,0.3607660103765312,0.3901730212642237,0.3901730212642237,4.127000127000191,unique_starts,4.356689558497088,low_compatibility_junction
509,21,74,130,77,105,129,2,3.0,3.076923076923077,5,130,77,1.6883116883116882,130,0,0,0,0.9999999999999925,0.001335,0.001315,0.4564190951629047,0.2591953684530776,0.4564190951629047,3.097590007294853,unique_starts,4.353341636189724,low_compatibility_junction
3216,155,179,90,13,90,14,2,7.0,6.655555555555556,10,90,13,6.923076923076923,90,1,0,0,0.9999999999999888,0.00202,0.00165,0.331414950278739,0.3901730212642237,0.3901730212642237,7.105409255338946,unique_starts,4.350522722550125,low_compatibility_junction
547,21,409,10,10,10,10,1,1.0,1.0,1,10,10,1.0,10,0,0,0,0.9999999999999,0.001335,0.00128,0.4564190951629047,0.259506491096278,0.4564190951629047,1.316227766016838,unique_starts,4.3401391842900585,low_compatibility_junction
5566,257,179,73,8,73,9,2,6.0,5.876712328767123,10,73,8,9.125,73,14,14,14,0.6781609195402222,0.002185,0.00165,0.331019716479402,0.3901730212642237,0.3901730212642237,6.11704114719613,unique_starts,4.334520208871834,low_compatibility_junction
521,21,186,9,9,9,9,1,1.0,1.0,1,9,9,1.0,9,8,8,8,0.0588235294117612,0.001335,0.00126,0.4564190951629047,0.289506985300499,0.4564190951629047,1.3333333333333333,unique_starts,4.332560268644118,low_compatibility_junction
10107,471,179,57,8,57,8,2,5.0,5.491228070175438,10,57,8,7.125,57,43,43,43,0.1399999999999986,0.002075,0.00165,0.3787581681329448,0.3901730212642237,0.3901730212642237,5.132453235706504,unique_starts,4.329193287703847,low_compatibility_junction
3977,186,21,8,8,8,8,1,1.0,1.0,1,8,8,1.0,8,9,9,9,-0.0588235294117612,0.00126,0.001335,0.289506985300499,0.4564190951629047,0.4564190951629047,1.3535533905932735,unique_starts,4.324182166092817,low_compatibility_junction
5341,249,179,52,7,52,7,1,5.0,5.538461538461538,10,52,7,7.428571428571429,52,6,6,6,0.7931034482758483,0.001305,0.00165,0.1592244198641944,0.3901730212642237,0.3901730212642237,5.138675049056308,unique_starts,4.321376730016854,low_compatibility_junction
518,21,156,83,53,70,83,2,3.0,3.3012048192771086,5,83,53,1.5660377358490567,83,0,0,0,0.999999999999988,0.001335,0.001425,0.4564190951629047,0.2393341275330326,0.4564190951629047,3.11952286093344,unique_starts,4.3208253234555505,low_compatibility_junction
554,21,449,107,54,78,107,2,4.0,4.074766355140187,5,107,54,1.9814814814814812,107,0,0,0,0.9999999999999908,0.001335,0.00181,0.4564190951629047,0.3120502669041659,0.4564190951629047,4.113227703414459,unique_starts,4.311124626065976,low_compatibility_junction
4997,236,179,49,5,49,6,2,6.0,5.795918367346939,10,49,5,9.8,49,27,27,27,0.2894736842105225,0.001695,0.00165,0.3041086082721078,0.3901730212642237,0.3901730212642237,6.142857142857143,unique_starts,4.303030909794025,low_compatibility_junction
4125,194,179,47,5,47,6,2,6.0,6.148936170212766,10,47,5,9.4,47,7,7,7,0.740740740740727,0.002005,0.00165,0.3050732798098872,0.3901730212642237,0.3901730212642237,6.145864991497895,unique_starts,4.300741959513678,low_compatibility_junction
3872,179,471,43,17,20,43,6,8.0,8.30232558139535,10,43,17,2.5294117647058822,43,57,57,57,-0.1399999999999986,0.00165,0.002075,0.3901730212642237,0.3787581681329448,0.3901730212642237,8.223606797749978,unique_starts,4.293862596094396,low_compatibility_junction
10039,467,179,42,5,42,6,2,6.5,6.476190476190476,10,42,5,8.4,42,0,0,0,0.999999999999976,0.001865,0.00165,0.2784268160142842,0.3901730212642237,0.3901730212642237,6.654303349962092,unique_starts,4.291368916612115,low_compatibility_junction
10867,506,179,23,2,23,4,1,4.0,4.3478260869565215,9,23,2,11.5,23,11,11,11,0.3529411764705778,0.00169,0.00165,0.2680883548448302,0.3901730212642237,0.3901730212642237,4.208514414057075,unique_starts,4.266457318854401,low_compatibility_junction
9691,446,179,24,3,24,3,1,5.0,5.375,10,24,3,8.0,24,18,18,18,0.1428571428571394,0.00141,0.00165,0.2692367546420181,0.3901730212642237,0.3901730212642237,5.204124145231932,unique_starts,4.262991531207003,low_compatibility_junction
9004,416,179,27,2,27,3,2,6.0,6.0,10,27,2,13.5,27,12,12,12,0.3846153846153747,0.00153,0.00165,0.2155298873147176,0.3901730212642237,0.3901730212642237,6.192450089729875,unique_starts,4.254267444664918,low_compatibility_junction
3840,179,236,27,9,10,27,7,8.0,8.518518518518519,10,27,9,3.0,27,49,49,49,-0.2894736842105225,0.00165,0.001695,0.3901730212642237,0.3041086082721078,0.3901730212642237,8.316227766016837,unique_starts,4.250173561392115,low_compatibility_junction
10812,504,179,19,6,19,6,5,8.0,8.263157894736842,10,19,6,3.1666666666666665,19,0,0,0,0.9999999999999476,0.001395,0.00165,0.3238553756556194,0.3901730212642237,0.3901730212642237,8.229415733870562,unique_starts,4.244850812067993,low_compatibility_junction
3177,153,179,18,8,18,8,7,9.0,9.0,10,18,8,2.25,18,0,0,0,0.9999999999999444,0.00198,0.00165,0.3267343532306246,0.3901730212642237,0.3901730212642237,9.235702260395517,unique_starts,4.244395050504502,low_compatibility_junction
504,21,12,68,26,37,68,4,6.0,5.5588235294117645,7,68,26,2.6153846153846154,68,0,0,0,0.9999999999999852,0.001335,0.001385,0.4564190951629047,0.2497553974829555,0.4564190951629047,6.164398987305358,unique_starts,4.241832364300108,low_compatibility_junction
10030,467,21,86,9,86,15,2,7.0,6.604651162790698,10,86,9,9.555555555555555,86,0,0,0,0.9999999999999885,0.001865,0.001335,0.2784268160142842,0.4564190951629047,0.4564190951629047,7.107832773203438,unique_starts,4.239575311566864,low_compatibility_junction
1581,75,179,17,3,17,3,2,6.0,5.588235294117647,10,17,3,5.666666666666667,17,24,24,24,-0.170731707317069,0.001605,0.00165,0.1739253802772296,0.3901730212642237,0.3901730212642237,6.242535625036333,unique_starts,4.236238483574368,low_compatibility_junction
9151,423,179,15,4,15,4,3,6.0,6.266666666666667,10,15,4,3.75,15,10,10,10,0.199999999999992,0.00199,0.00165,0.3175141282704288,0.3901730212642237,0.3901730212642237,6.258198889747161,unique_starts,4.234866244362878,low_compatibility_junction
10099,471,21,59,9,59,9,2,5.0,5.52542372881356,10,59,9,6.555555555555555,59,6,6,6,0.8153846153846029,0.002075,0.001335,0.3787581681329448,0.4564190951629047,0.4564190951629047,5.130188910980824,unique_starts,4.2330269015855535,low_compatibility_junction
3830,179,108,20,8,8,20,7,8.5,8.5,10,20,8,2.5,20,0,0,0,0.99999999999995,0.00165,0.00222,0.3901730212642237,0.3644640817844181,0.3901730212642237,8.853553390593273,unique_starts,4.231774331067211,low_compatibility_junction
3213,155,21,57,9,57,10,2,6.0,6.12280701754386,10,57,9,6.333333333333333,57,0,0,0,0.9999999999999823,0.00202,0.001335,0.331414950278739,0.4564190951629047,0.4564190951629047,6.132453235706504,unique_starts,4.222792657551404,low_compatibility_junction
3829,179,75,24,4,8,24,7,9.0,8.666666666666666,10,24,4,6.0,24,17,17,17,0.170731707317069,0.00165,0.001605,0.3901730212642237,0.1739253802772296,0.3901730212642237,9.353553390593271,unique_starts,4.222046753102874,low_compatibility_junction
3870,179,446,18,7,7,18,7,9.0,8.777777777777779,10,18,7,2.571428571428572,18,24,24,24,-0.1428571428571394,0.00165,0.00141,0.3901730212642237,0.2692367546420181,0.3901730212642237,9.377964473009229,unique_starts,4.221351863300145,low_compatibility_junction
4985,236,21,41,7,41,8,2,4.0,4.7560975609756095,10,41,7,5.857142857142857,41,9,9,9,0.6399999999999871,0.001695,0.001335,0.3041086082721078,0.4564190951629047,0.4564190951629047,4.156173761888606,unique_starts,4.220295572348957,low_compatibility_junction
7701,354,21,52,6,52,8,2,5.0,5.326923076923077,10,52,6,8.666666666666666,52,46,46,46,0.0612244897959177,0.002235,0.001335,0.3607660103765312,0.4564190951629047,0.4564190951629047,5.138675049056308,unique_starts,4.217708150800921,low_compatibility_junction
3848,179,257,14,7,7,14,7,8.0,8.214285714285714,10,14,7,2.0,14,73,73,73,-0.6781609195402222,0.00165,0.002185,0.3901730212642237,0.331019716479402,0.3901730212642237,8.377964473009227,unique_starts,4.217112004898811,low_compatibility_junction
2019,96,179,15,3,15,4,6,9.0,8.466666666666667,10,15,3,5.0,15,0,0,0,0.9999999999999332,0.001595,0.00165,0.2700050992681595,0.3901730212642237,0.3901730212642237,9.25819888974716,unique_starts,4.215745323736591,low_compatibility_junction
3869,179,444,15,7,7,15,8,9.0,9.333333333333334,10,15,7,2.142857142857143,15,0,0,0,0.9999999999999332,0.00165,0.00186,0.3901730212642237,0.3711090130171952,0.3901730212642237,9.377964473009229,unique_starts,4.215745323736591,low_compatibility_junction
10346,480,179,13,4,13,4,5,9.0,8.461538461538462,10,13,4,3.25,13,0,0,0,0.9999999999999232,0.001605,0.00165,0.2987756243709868,0.3901730212642237,0.3901730212642237,9.277350098112615,unique_starts,4.2134900505988835,low_compatibility_junction
5123,242,179,13,3,13,3,5,8.0,8.153846153846153,10,13,3,4.333333333333333,13,0,0,0,0.9999999999999232,0.00172,0.00165,0.2932030195494564,0.3901730212642237,0.3901730212642237,8.277350098112615,unique_starts,4.211730241083708,low_compatibility_junction
3854,179,300,12,8,8,12,9,10.0,9.666666666666666,10,12,8,1.5,12,0,0,0,0.9999999999999166,0.00165,0.00191,0.3901730212642237,0.3665128161028859,0.3901730212642237,10.353553390593271,unique_starts,4.211716704107826,low_compatibility_junction
7074,323,179,11,5,11,5,7,9.0,9.090909090909092,10,11,5,2.2,11,0,0,0,0.9999999999999092,0.001865,0.00165,0.3311779695758955,0.3901730212642237,0.3901730212642237,9.301511344577763,unique_starts,4.209121472651194,low_compatibility_junction
3853,179,292,12,7,7,12,8,10.0,9.5,10,12,7,1.7142857142857142,12,0,0,0,0.9999999999999166,0.00165,0.001825,0.3901730212642237,0.3852385323442434,0.3901730212642237,10.377964473009229,unique_starts,4.206193402385219,low_compatibility_junction
3875,179,479,11,7,7,11,8,10.0,9.545454545454543,10,11,7,1.5714285714285714,11,0,0,0,0.9999999999999092,0.00165,0.00188,0.3901730212642237,0.3657196036223152,0.3901730212642237,10.377964473009229,unique_starts,4.203582044012114,low_compatibility_junction
10860,506,21,41,5,41,6,2,5.0,5.439024390243903,10,41,5,8.2,41,26,26,26,0.223880597014922,0.00169,0.001335,0.2680883548448302,0.4564190951629047,0.4564190951629047,5.156173761888606,unique_starts,4.201050310276702,low_compatibility_junction
3104,149,278,365,22,112,99,1,5.0,5.131506849315069,10,365,22,16.59090909090909,365,1,0,0,0.9999999999999972,0.002245,0.001495,0.5869552819932353,0.3074153656252049,0.5869552819932353,5.094491118252307,unique_starts,4.200582768938834,low_compatibility_junction
3852,179,286,12,5,5,12,8,9.0,9.25,10,12,5,2.4,12,0,0,0,0.9999999999999166,0.00165,0.001875,0.3901730212642237,0.3311740974988428,0.3901730212642237,9.447213595499958,unique_starts,4.1954806560184865,low_compatibility_junction
5555,257,21,40,5,40,5,2,5.5,5.75,10,40,5,8.0,40,14,14,14,0.4814814814814726,0.002185,0.001335,0.331019716479402,0.4564190951629047,0.4564190951629047,5.6581138830084186,unique_starts,4.195153669977323,low_compatibility_junction
4118,194,21,42,6,42,7,2,7.5,7.214285714285714,10,42,6,7.0,42,1,0,0,0.999999999999976,0.002005,0.001335,0.3050732798098872,0.4564190951629047,0.4564190951629047,7.654303349962092,unique_starts,4.189317394340232,low_compatibility_junction
3867,179,423,10,4,5,10,7,9.5,9.2,10,10,4,2.5,10,15,15,15,-0.199999999999992,0.00165,0.00199,0.3901730212642237,0.3175141282704288,0.3901730212642237,9.947213595499958,unique_starts,4.184293719979682,low_compatibility_junction
3865,179,416,12,3,4,12,7,8.5,8.583333333333334,10,12,3,4.0,12,27,27,27,-0.3846153846153747,0.00165,0.00153,0.3901730212642237,0.2155298873147176,0.3901730212642237,9.0,unique_starts,4.183332848816873,low_compatibility_junction
5332,249,21,40,3,40,5,2,6.0,5.975,10,40,3,13.333333333333334,40,17,17,17,0.4035087719298175,0.001305,0.001335,0.1592244198641944,0.4564190951629047,0.4564190951629047,6.1581138830084186,unique_starts,4.181858878255886,low_compatibility_junction
542,21,354,46,12,15,46,6,8.0,8.065217391304348,10,46,12,3.8333333333333335,46,52,52,52,-0.0612244897959177,0.001335,0.002235,0.4564190951629047,0.3607660103765312,0.4564190951629047,8.258198889747161,unique_starts,4.181470599886541,low_compatibility_junction
3879,179,506,11,3,4,11,7,9.0,8.636363636363637,10,11,3,3.6666666666666665,11,23,23,23,-0.3529411764705778,0.00165,0.00169,0.3901730212642237,0.2680883548448302,0.3901730212642237,9.5,unique_starts,4.179087503515663,low_compatibility_junction
1576,75,21,33,4,33,4,2,6.0,5.909090909090909,10,33,4,8.25,33,19,19,19,0.269230769230764,0.001605,0.001335,0.1739253802772296,0.4564190951629047,0.4564190951629047,6.174077655955698,unique_starts,4.1765936788613205,low_compatibility_junction
10337,480,21,31,8,31,8,3,8.0,7.741935483870968,10,31,8,3.875,31,0,0,0,0.9999999999999678,0.001605,0.001335,0.2987756243709868,0.4564190951629047,0.4564190951629047,8.179605302026776,unique_starts,4.176559493117523,low_compatibility_junction
522,21,193,31,3,6,31,1,3.0,3.2580645161290325,6,31,3,10.333333333333334,31,0,0,0,0.9999999999999678,0.001335,0.000155,0.4564190951629047,0.0095169246721012,0.4564190951629047,3.408248290463863,unique_starts,4.173993749051386,low_compatibility_junction
3866,179,422,7,4,4,7,8,9.0,9.285714285714286,10,7,4,1.75,7,0,0,0,0.9999999999998572,0.00165,0.001375,0.3901730212642237,0.2377620006553734,0.3901730212642237,9.5,unique_starts,4.171091413218776,low_compatibility_junction
3862,179,354,8,3,4,8,7,9.0,8.75,10,8,3,2.6666666666666665,8,62,62,62,-0.7714285714285605,0.00165,0.002235,0.3901730212642237,0.3607660103765312,0.3901730212642237,9.5,unique_starts,4.169702001568964,low_compatibility_junction
9711,447,149,282,14,82,63,1,6.0,5.851063829787234,10,282,14,20.142857142857142,282,0,0,0,0.9999999999999964,0.002265,0.002245,0.3867985892417394,0.5869552819932353,0.5869552819932353,6.110431526074847,unique_starts,4.166602104052633,low_compatibility_junction
535,21,286,35,11,14,33,6,9.0,8.857142857142858,10,35,11,3.1818181818181817,35,0,0,0,0.9999999999999714,0.001335,0.001875,0.4564190951629047,0.3311740974988428,0.4564190951629047,9.267261241912424,unique_starts,4.165909747714469,low_compatibility_junction
524,21,235,39,3,7,39,1,4.0,3.5641025641025643,6,39,3,13.0,39,0,0,0,0.9999999999999744,0.001335,0.00028,0.4564190951629047,0.0283547858579526,0.4564190951629047,4.377964473009227,unique_starts,4.1635712781254774,low_compatibility_junction
3838,179,194,7,3,3,7,7,9.0,8.714285714285714,10,7,3,2.333333333333333,7,47,47,47,-0.740740740740727,0.00165,0.002005,0.3901730212642237,0.3050732798098872,0.3901730212642237,9.577350269189626,unique_starts,4.160627349743981,low_compatibility_junction
3118,149,457,205,19,80,66,2,7.0,7.209756097560976,10,205,19,10.789473684210526,205,0,0,0,0.9999999999999952,0.002245,0.00183,0.5869552819932353,0.3301676118613675,0.5869552819932353,7.111803398874989,unique_starts,4.1564624741171174,low_compatibility_junction
10231,475,179,5,2,5,2,7,9.0,8.8,10,5,2,2.5,5,0,0,0,0.9999999999998,0.001925,0.00165,0.1631674152096074,0.3901730212642237,0.3901730212642237,9.447213595499958,unique_starts,4.154003498658585,low_compatibility_junction
4360,202,21,27,2,27,3,2,6.0,6.0,10,27,2,13.5,27,7,7,7,0.5882352941176298,0.00109,0.001335,0.1282700485490093,0.4564190951629047,0.4564190951629047,6.192450089729875,unique_starts,4.153729766969714,low_compatibility_junction
8162,377,21,27,2,27,3,2,6.0,6.0,10,27,2,13.5,27,12,12,12,0.3846153846153747,0.00055,0.001335,0.0423151735985542,0.4564190951629047,0.4564190951629047,6.192450089729875,unique_starts,4.153729766969714,low_compatibility_junction
4894,231,149,214,16,44,79,1,6.0,5.607476635514018,10,214,16,13.375,214,39,39,39,0.6916996047430802,0.00225,0.002245,0.3328472618379923,0.5869552819932353,0.5869552819932353,6.150755672288882,unique_starts,4.146217577586297,low_compatibility_junction
511,21,108,27,9,10,27,6,9.0,8.666666666666666,10,27,9,3.0,27,0,0,0,0.999999999999963,0.001335,0.00222,0.4564190951629047,0.3644640817844181,0.4564190951629047,9.316227766016835,unique_starts,4.146163661474689,low_compatibility_junction
550,21,423,26,9,10,26,6,9.0,8.846153846153847,10,26,9,2.888888888888889,26,24,24,24,0.0399999999999991,0.001335,0.00199,0.4564190951629047,0.3175141282704288,0.4564190951629047,9.316227766016835,unique_starts,4.14497718296995,low_compatibility_junction
3843,179,249,6,2,2,6,8,9.0,9.0,10,6,2,3.0,6,52,52,52,-0.7931034482758483,0.00165,0.001305,0.3901730212642237,0.1592244198641944,0.3901730212642237,9.707106781186548,unique_starts,4.142780422245095,low_compatibility_junction
9141,423,21,24,3,16,4,2,7.0,6.625,10,24,3,8.0,24,26,26,26,-0.0399999999999991,0.00199,0.001335,0.3175141282704288,0.4564190951629047,0.4564190951629047,7.25,unique_starts,4.139125537153796,low_compatibility_junction
552,21,444,22,9,9,22,6,9.0,8.954545454545455,10,22,9,2.4444444444444446,22,0,0,0,0.9999999999999546,0.001335,0.00186,0.4564190951629047,0.3711090130171952,0.4564190951629047,9.333333333333334,unique_starts,4.137511342721203,low_compatibility_junction
8999,416,21,18,2,18,2,2,6.0,6.0,10,18,2,9.0,18,6,6,6,0.4999999999999792,0.00153,0.001335,0.2155298873147176,0.4564190951629047,0.4564190951629047,6.235702260395516,unique_starts,4.131987173758816,low_compatibility_junction
3878,179,492,4,2,2,4,8,9.5,9.25,10,4,2,2.0,4,0,0,0,0.99999999999975,0.00165,0.001725,0.3901730212642237,0.3251916880941145,0.3901730212642237,10.207106781186548,unique_starts,4.130341174201091,low_compatibility_junction
562,21,506,26,5,7,26,6,8.0,8.384615384615385,10,26,5,5.2,26,41,41,41,-0.223880597014922,0.001335,0.00169,0.4564190951629047,0.2680883548448302,0.4564190951629047,8.377964473009227,unique_starts,4.129005348313223,low_compatibility_junction
9685,446,21,14,2,14,2,2,5.0,5.285714285714286,10,14,2,7.0,14,12,12,12,0.0769230769230739,0.00141,0.001335,0.2692367546420181,0.4564190951629047,0.4564190951629047,5.267261241912425,unique_starts,4.127065834796495,low_compatibility_junction
531,21,257,14,6,6,14,7,8.0,8.142857142857142,10,14,6,2.333333333333333,14,40,40,40,-0.4814814814814726,0.001335,0.002185,0.4564190951629047,0.331019716479402,0.4564190951629047,8.408248290463863,unique_starts,4.1103125241621505,low_compatibility_junction
10805,504,21,11,5,11,5,6,9.0,8.818181818181818,10,11,5,2.2,11,0,0,0,0.9999999999999092,0.001395,0.001335,0.3238553756556194,0.4564190951629047,0.4564190951629047,9.301511344577763,unique_starts,4.108583794955991,low_compatibility_junction
510,21,75,19,4,5,19,6,9.0,8.526315789473685,10,19,4,4.75,19,33,33,33,-0.269230769230764,0.001335,0.001605,0.4564190951629047,0.1739253802772296,0.4564190951629047,9.447213595499958,unique_starts,4.104722201587414,low_compatibility_junction
2009,96,21,12,3,12,4,7,9.0,8.833333333333334,10,12,3,4.0,12,0,0,0,0.9999999999999166,0.001595,0.001335,0.2700050992681595,0.4564190951629047,0.4564190951629047,9.288675134594811,unique_starts,4.1035649963422305,low_compatibility_junction
529,21,249,17,2,4,17,6,8.0,8.352941176470589,10,17,2,8.5,17,40,40,40,-0.4035087719298175,0.001335,0.001305,0.4564190951629047,0.1592244198641944,0.4564190951629047,8.5,unique_starts,4.088504908004711,low_compatibility_junction
549,21,422,11,4,5,11,8,9.0,9.272727272727272,10,11,4,2.75,11,0,0,0,0.9999999999999092,0.001335,0.001375,0.4564190951629047,0.2377620006553734,0.4564190951629047,9.447213595499958,unique_starts,4.088056738754017,low_compatibility_junction
3109,149,327,79,6,24,25,1,5.0,5.291139240506329,10,79,6,13.166666666666666,79,11,11,11,0.7555555555555472,0.002245,0.0021,0.5869552819932353,0.2819346524135547,0.5869552819932353,5.204124145231932,unique_starts,4.0877115640007,low_compatibility_junction
10000,464,21,10,2,10,3,7,9.0,8.7,10,10,2,5.0,10,0,0,0,0.9999999999999,0.001725,0.001335,0.1904999511148425,0.4564190951629047,0.4564190951629047,9.316227766016835,unique_starts,4.0874527619204715,low_compatibility_junction
1399,64,21,9,2,9,2,6,8.0,8.222222222222221,10,9,2,4.5,9,0,0,0,0.9999999999998888,0.001235,0.001335,0.2177179567826305,0.4564190951629047,0.4564190951629047,8.333333333333334,unique_starts,4.085580799828652,low_compatibility_junction
1170,54,149,85,6,28,22,1,7.0,7.094117647058823,10,85,6,14.166666666666666,85,15,0,0,0.9999999999999885,0.00184,0.002245,0.1839314090682235,0.5869552819932353,0.5869552819932353,7.188982236504613,unique_starts,4.079265273517148,low_compatibility_junction
553,21,446,12,3,3,12,7,8.5,8.5,10,12,3,4.0,12,14,14,14,-0.0769230769230739,0.001335,0.00141,0.4564190951629047,0.2692367546420181,0.4564190951629047,9.077350269189626,unique_starts,4.077563139384271,low_compatibility_junction
8617,401,149,118,3,28,25,1,7.0,6.432203389830509,10,118,3,39.333333333333336,118,0,0,0,0.9999999999999916,0.001625,0.002245,0.1012494742279581,0.5869552819932353,0.5869552819932353,7.188982236504613,unique_starts,4.076739681583835,low_compatibility_junction
3099,149,231,39,9,15,25,1,4.0,4.717948717948718,10,39,9,4.333333333333333,39,214,214,214,-0.6916996047430802,0.002245,0.00225,0.5869552819932353,0.3328472618379923,0.5869552819932353,4.258198889747161,unique_starts,4.075496809803047,low_compatibility_junction
557,21,468,12,2,3,12,6,8.0,7.916666666666667,10,12,2,6.0,12,19,0,0,0.9999999999999166,0.001335,0.000835,0.4564190951629047,0.0410771340542737,0.4564190951629047,8.577350269189626,unique_starts,4.072656112606134,low_compatibility_junction
525,21,236,9,3,3,9,7,8.0,8.11111111111111,10,9,3,3.0,9,41,41,41,-0.6399999999999871,0.001335,0.001695,0.4564190951629047,0.3041086082721078,0.4564190951629047,8.577350269189626,unique_starts,4.070841855157696,low_compatibility_junction
544,21,377,12,2,3,12,7,8.5,8.5,10,12,2,6.0,12,27,27,27,-0.3846153846153747,0.001335,0.00055,0.4564190951629047,0.0423151735985542,0.4564190951629047,9.077350269189626,unique_starts,4.070817877312016,low_compatibility_junction
7140,327,149,11,4,7,8,1,2.0,2.1818181818181817,4,11,4,2.75,11,79,79,79,-0.7555555555555472,0.0021,0.002245,0.2819346524135547,0.5869552819932353,0.5869552819932353,2.3779644730092278,unique_starts,4.066213372977041,low_compatibility_junction
538,21,310,8,2,3,8,7,9.0,9.0,10,8,2,4.0,8,18,0,0,0.999999999999875,0.001335,0.001915,0.4564190951629047,0.2183876342929432,0.4564190951629047,9.577350269189626,unique_starts,4.0571870300641075,low_compatibility_junction
5116,242,21,5,2,5,2,7,9.0,8.8,10,5,2,2.5,5,0,0,0,0.9999999999998,0.00172,0.001335,0.2932030195494564,0.4564190951629047,0.4564190951629047,9.447213595499958,unique_starts,4.053465820963381,low_compatibility_junction
8914,412,21,5,2,5,2,7,9.0,8.8,10,5,2,2.5,5,0,0,0,0.9999999999998,0.0012,0.001335,0.1849071520665575,0.4564190951629047,0.4564190951629047,9.447213595499958,unique_starts,4.053465820963381,low_compatibility_junction
523,21,202,7,2,2,7,7,8.0,8.285714285714286,10,7,2,3.5,7,27,27,27,-0.5882352941176298,0.001335,0.00109,0.4564190951629047,0.1282700485490093,0.4564190951629047,8.707106781186548,unique_starts,4.05007137012649,low_compatibility_junction
4307,200,149,29,4,15,8,1,4.0,4.344827586206897,10,29,4,7.25,29,0,0,0,0.9999999999999656,0.00169,0.002245,0.3070458813703961,0.5869552819932353,0.5869552819932353,4.258198889747161,unique_starts,4.049859132850534,low_compatibility_junction
560,21,479,5,3,3,5,9,10.0,9.6,10,5,3,1.6666666666666667,5,0,0,0,0.9999999999998,0.001335,0.00188,0.4564190951629047,0.3657196036223152,0.4564190951629047,10.577350269189626,unique_starts,4.0479263923243005,low_compatibility_junction
548,21,416,6,2,2,6,7,8.0,8.166666666666666,10,6,2,3.0,6,18,18,18,-0.4999999999999792,0.001335,0.00153,0.4564190951629047,0.2155298873147176,0.4564190951629047,8.707106781186548,unique_starts,4.045714966772113,low_compatibility_junction
558,21,471,6,2,2,6,7,8.0,8.166666666666666,10,6,2,3.0,6,59,59,59,-0.8153846153846029,0.001335,0.002075,0.4564190951629047,0.3787581681329448,0.4564190951629047,8.707106781186548,unique_starts,4.045714966772113,low_compatibility_junction
3114,149,394,11,3,10,4,1,3.0,3.8181818181818175,8,11,3,3.6666666666666665,11,2,0,0,0.9999999999999092,0.002245,0.00199,0.5869552819932353,0.270932902822497,0.5869552819932353,3.316227766016838,unique_starts,4.026781437642274,low_compatibility_junction
3111,149,376,5,2,5,2,1,2.0,2.2,4,5,2,2.5,5,0,0,0,0.9999999999998,0.002245,0.00193,0.5869552819932353,0.3724636266448362,0.5869552819932353,2.447213595499958,unique_starts,4.02487719311415,low_compatibility_junction
6357,292,149,8,2,8,2,1,2.5,2.5,4,8,2,4.0,8,0,0,0,0.999999999999875,0.001825,0.002245,0.3852385323442434,0.5869552819932353,0.5869552819932353,2.853553390593274,unique_starts,4.022612228081992,low_compatibility_junction
8450,391,149,11,4,6,9,1,3.0,3.363636363636364,6,11,4,2.75,11,44,44,44,-0.5999999999999891,0.0019,0.002245,0.2788390555850148,0.5869552819932353,0.5869552819932353,3.408248290463863,unique_starts,4.021415804789646,low_compatibility_junction
536,21,292,3,2,2,3,9,10.0,9.666666666666666,10,3,2,1.5,3,0,0,0,0.9999999999996666,0.001335,0.001825,0.4564190951629047,0.3852385323442434,0.4564190951629047,10.707106781186548,unique_starts,4.021207746145507,low_compatibility_junction
3113,149,391,44,3,10,12,2,8.0,7.227272727272727,10,44,3,14.666666666666666,44,11,11,11,0.5999999999999891,0.002245,0.0019,0.5869552819932353,0.2788390555850148,0.5869552819932353,8.316227766016837,unique_starts,4.017819811210906,low_compatibility_junction
3080,149,14,19,9,15,13,8,10.0,9.421052631578949,10,19,9,2.111111111111111,19,1,0,0,0.9999999999999476,0.002245,0.00121,0.5869552819932353,0.2291805092662268,0.5869552819932353,10.25819888974716,unique_starts,4.015383185822063,low_compatibility_junction
2656,130,149,27,4,12,7,4,8.0,8.0,10,27,4,6.75,27,0,0,0,0.999999999999963,0.00218,0.002245,0.3793239664634075,0.5869552819932353,0.5869552819932353,8.288675134594813,unique_starts,4.011489764430598,low_compatibility_junction
3088,149,102,23,6,13,13,7,10.0,9.391304347826088,10,23,6,3.8333333333333335,23,0,0,0,0.9999999999999566,0.002245,0.00135,0.5869552819932353,0.2260591083255975,0.5869552819932353,10.277350098112615,unique_starts,4.0098375121907965,low_compatibility_junction
7465,343,149,29,3,10,11,3,7.0,7.0344827586206895,10,29,3,9.666666666666666,29,0,0,0,0.9999999999999656,0.00204,0.002245,0.3543272340486408,0.5869552819932353,0.5869552819932353,7.316227766016838,unique_starts,4.009055974890908,low_compatibility_junction
5526,256,149,26,5,10,16,7,9.0,8.961538461538462,10,26,5,5.2,26,0,0,0,0.9999999999999616,0.001515,0.002245,0.3194630613992499,0.5869552819932353,0.5869552819932353,9.316227766016835,unique_starts,4.007189039088845,low_compatibility_junction
3083,149,48,11,2,3,8,1,3.0,2.727272727272727,5,11,2,5.5,11,8,8,8,0.1578947368420969,0.002245,0.00193,0.5869552819932353,0.3280516829944038,0.5869552819932353,3.5773502691896257,unique_starts,3.996317237494909,low_compatibility_junction
1087,48,149,8,2,4,4,1,3.0,2.75,4,8,2,4.0,8,11,11,11,-0.1578947368420969,0.00193,0.002245,0.3280516829944038,0.5869552819932353,0.5869552819932353,3.5,unique_starts,3.9921637672856067,low_compatibility_junction
1887,89,149,20,2,5,7,1,5.0,4.6,8,20,2,10.0,20,0,0,0,0.99999999999995,0.001085,0.002245,0.2949529323987195,0.5869552819932353,0.5869552819932353,5.447213595499958,unique_starts,3.9907480377217404,low_compatibility_junction
10892,507,149,17,3,8,9,6,9.0,8.941176470588236,10,17,3,5.666666666666667,17,0,0,0,0.9999999999999412,0.00222,0.002245,0.2372182628510621,0.5869552819932353,0.5869552819932353,9.353553390593271,unique_starts,3.9797488919130086,low_compatibility_junction
3102,149,269,10,6,10,7,6,10.0,9.0,10,10,6,1.6666666666666667,10,0,0,0,0.9999999999999,0.002245,0.001065,0.5869552819932353,0.1707657308869159,0.5869552819932353,10.316227766016835,unique_starts,3.978730669628579,low_compatibility_junction
10607,491,149,21,2,5,11,3,8.0,7.476190476190476,10,21,2,10.5,21,0,0,0,0.9999999999999524,0.002265,0.002245,0.1714220333900258,0.5869552819932353,0.5869552819932353,8.447213595499958,unique_starts,3.9735157329106716,low_compatibility_junction
5913,271,14,241,65,125,187,1,2.0,3.33195020746888,8,241,65,3.707692307692308,241,159,159,159,0.2049999999999995,0.002355,0.00121,0.4491434403004862,0.2291805092662268,0.4491434403004862,2.089442719099992,unique_starts,3.971807310371943,low_compatibility_junction
3115,149,395,11,3,4,10,1,6.0,6.090909090909091,10,11,3,3.6666666666666665,11,0,0,0,0.9999999999999092,0.002245,0.00179,0.5869552819932353,0.381018775157485,0.5869552819932353,6.5,unique_starts,3.966627864637894,low_compatibility_junction
3089,149,104,10,4,7,7,9,10.0,9.7,10,10,4,2.5,10,0,0,0,0.9999999999999,0.002245,0.001405,0.5869552819932353,0.225104225072809,0.5869552819932353,10.377964473009229,unique_starts,3.9633746648115946,low_compatibility_junction
9881,457,271,419,44,263,103,1,4.0,4.692124105011933,10,419,44,9.522727272727272,419,5,5,5,0.9764150943396204,0.00183,0.002355,0.3301676118613675,0.4491434403004862,0.4491434403004862,4.06166264159782,unique_starts,3.9356567194399807,low_compatibility_junction
3119,149,510,7,2,2,7,5,8.0,7.857142857142857,10,7,2,3.5,7,0,0,0,0.9999999999998572,0.002245,0.00177,0.5869552819932353,0.2731838841038326,0.5869552819932353,8.707106781186548,unique_starts,3.9242605200550367,low_compatibility_junction
8477,392,149,5,2,3,4,9,10.0,9.6,10,5,2,2.5,5,0,0,0,0.9999999999998,0.001005,0.002245,0.2074367165891868,0.5869552819932353,0.5869552819932353,10.577350269189626,unique_starts,3.9153702801805914,low_compatibility_junction
1731,82,271,388,32,214,87,1,5.0,4.912371134020619,10,388,32,12.125,388,2,0,0,0.9999999999999972,0.00174,0.002355,0.3768162924723844,0.4491434403004862,0.4491434403004862,5.068358592702467,unique_starts,3.9085691225890207,low_compatibility_junction
4776,226,259,69,46,68,66,1,1.0,1.1594202898550725,7,69,46,1.5,69,1,0,0,0.9999999999999856,0.000385,0.00102,0.1437780007005821,1.265261094679104,1.265261094679104,1.1212678125181663,unique_starts,3.90171592161158,low_compatibility_junction
9606,442,271,145,26,131,35,1,3.0,3.337931034482758,7,145,26,5.576923076923077,145,319,319,319,-0.3749999999999991,0.001445,0.002355,0.2232159680383715,0.4491434403004862,0.4491434403004862,3.087370405666104,unique_starts,3.893787901607129,low_compatibility_junction
5960,271,442,319,37,72,234,1,4.0,3.786833855799373,8,319,37,8.621621621621621,319,145,145,145,0.3749999999999991,0.002355,0.001445,0.4491434403004862,0.2232159680383715,0.4491434403004862,4.117851130197758,unique_starts,3.892679890441264,low_compatibility_junction
7917,363,271,293,26,216,61,1,6.0,5.757679180887372,10,293,26,11.26923076923077,293,0,0,0,0.9999999999999966,0.001945,0.002355,0.3369977607619727,0.4491434403004862,0.4491434403004862,6.068041381743977,unique_starts,3.8866129159586453,low_compatibility_junction
5924,271,104,280,34,59,222,1,4.0,3.85,8,280,34,8.235294117647058,280,114,114,114,0.4213197969543136,0.002355,0.001405,0.4491434403004862,0.225104225072809,0.4491434403004862,4.130188910980824,unique_starts,3.8819132724064414,low_compatibility_junction
425,14,271,159,52,140,80,1,5.0,4.012578616352202,7,159,52,3.0576923076923075,159,241,241,241,-0.2049999999999995,0.00121,0.002355,0.2291805092662268,0.4491434403004862,0.4491434403004862,5.084515425472851,unique_starts,3.8808023217968874,low_compatibility_junction
2156,104,271,114,22,114,28,1,3.0,3.210526315789474,7,114,22,5.181818181818182,114,280,280,280,-0.4213197969543136,0.001405,0.002355,0.225104225072809,0.4491434403004862,0.4491434403004862,3.0936585811581696,unique_starts,3.8790090835331243,low_compatibility_junction
5943,271,269,218,33,66,167,1,4.0,3.6559633027522938,8,218,33,6.606060606060606,218,104,104,104,0.3540372670807442,0.002355,0.001065,0.4491434403004862,0.1707657308869159,0.4491434403004862,4.123091490979332,unique_starts,3.875688180007994,low_compatibility_junction
5888,269,271,104,24,103,32,1,3.0,3.2884615384615383,8,104,24,4.333333333333333,104,218,218,218,-0.3540372670807442,0.001065,0.002355,0.1707657308869159,0.4491434403004862,0.4491434403004862,3.098532927816429,unique_starts,3.87563882855321,low_compatibility_junction
5948,271,359,179,28,42,143,1,4.0,3.910614525139665,8,179,28,6.392857142857143,179,49,49,49,0.5701754385964888,0.002355,0.001345,0.4491434403004862,0.2213728054642775,0.4491434403004862,4.154303349962092,unique_starts,3.8551618999243815,low_compatibility_junction
4271,199,278,497,15,99,96,1,6.0,6.044265593561368,10,497,15,33.13333333333333,497,0,0,0,0.999999999999998,0.00268,0.001495,0.6037988148838994,0.3074153656252049,0.6037988148838994,6.100503781525921,unique_starts,3.850170556114398,low_compatibility_junction
5936,271,192,82,40,62,60,1,4.0,4.317073170731708,9,82,40,2.05,82,30,30,30,0.4642857142857101,0.002355,0.000585,0.4491434403004862,0.200634464641848,0.4491434403004862,4.127000127000191,unique_starts,3.8469810060758673,low_compatibility_junction
2795,136,271,79,18,50,45,1,3.0,4.012658227848101,10,79,18,4.388888888888889,79,61,61,61,0.1285714285714276,0.00209,0.002355,0.3548665681678522,0.4491434403004862,0.4491434403004862,3.1414213562373097,unique_starts,3.843624938185749,low_compatibility_junction
8147,376,271,146,19,134,25,1,7.0,6.363013698630137,10,146,19,7.684210526315789,146,0,0,0,0.9999999999999932,0.00193,0.002355,0.3724636266448362,0.4491434403004862,0.4491434403004862,7.086386842558136,unique_starts,3.8398819355886826,low_compatibility_junction
5963,271,511,123,19,26,107,1,4.0,4.056910569105691,8,123,19,6.473684210526316,123,21,21,21,0.7083333333333285,0.002355,0.0009,0.4491434403004862,0.1530114286369215,0.4491434403004862,4.196116135138184,unique_starts,3.8233801653859896,low_compatibility_junction
6072,278,271,113,19,82,38,2,7.0,6.8053097345132745,10,113,19,5.947368421052632,113,0,0,0,0.9999999999999912,0.001495,0.002355,0.3074153656252049,0.4491434403004862,0.4491434403004862,7.110431526074847,unique_starts,3.820182268820077,low_compatibility_junction
4100,192,271,30,20,30,23,1,2.5,2.4,4,30,20,1.5,30,82,82,82,-0.4642857142857101,0.000585,0.002355,0.200634464641848,0.4491434403004862,0.4491434403004862,2.682574185835056,unique_starts,3.820036098730901,low_compatibility_junction
8703,404,421,369,11,83,72,1,6.0,6.165311653116532,10,369,11,33.54545454545455,369,14,14,14,0.9268929503916424,0.00219,0.001705,0.4954000961047544,0.2078351172722957,0.4954000961047544,6.10976425998969,unique_starts,3.814549952339052,low_compatibility_junction
4684,219,404,290,12,76,65,1,6.0,6.206896551724138,10,290,12,24.166666666666668,290,0,0,0,0.9999999999999964,0.001905,0.00219,0.3465261732651029,0.4954000961047544,0.4954000961047544,6.114707866935281,unique_starts,3.8065507993707857,low_compatibility_junction
7287,333,199,186,25,49,103,4,8.0,8.123655913978494,10,186,25,7.44,186,0,0,0,0.9999999999999948,0.00127,0.00268,0.2501323472050706,0.6037988148838994,0.6037988148838994,8.142857142857142,unique_starts,3.8029299023015626,low_compatibility_junction
11010,511,271,21,6,20,7,1,2.0,2.857142857142857,6,21,6,3.5,21,123,123,123,-0.7083333333333285,0.0009,0.002355,0.1530114286369215,0.4491434403004862,0.4491434403004862,2.223606797749979,unique_starts,3.798956834079759,low_compatibility_junction
9272,427,404,267,10,94,41,1,7.0,6.636704119850188,10,267,10,26.7,267,0,0,0,0.999999999999996,0.002075,0.00219,0.3565834975247944,0.4954000961047544,0.4954000961047544,7.10314212462588,unique_starts,3.7989208587478567,low_compatibility_junction
4281,199,372,120,11,42,34,1,4.0,4.791666666666667,10,120,11,10.909090909090908,120,18,18,18,0.7391304347826033,0.00268,0.001885,0.6037988148838994,0.2816663634414211,0.6037988148838994,4.154303349962092,unique_starts,3.7983125753500016,low_compatibility_junction
7807,359,271,49,11,49,13,1,4.0,3.591836734693877,8,49,11,4.454545454545454,49,179,179,179,-0.5701754385964888,0.001345,0.002355,0.2213728054642775,0.4491434403004862,0.4491434403004862,4.142857142857143,unique_starts,3.7962190074873634,low_compatibility_junction
5923,271,102,72,13,16,58,1,4.0,3.875,8,72,13,5.538461538461538,72,0,0,0,0.9999999999999862,0.002355,0.00135,0.4491434403004862,0.2260591083255975,0.4491434403004862,4.25,unique_starts,3.7868849143652463,low_compatibility_junction
5926,271,136,61,18,45,35,1,7.0,5.213114754098361,9,61,18,3.388888888888889,61,79,79,79,-0.1285714285714276,0.002355,0.00209,0.4491434403004862,0.3548665681678522,0.4491434403004862,7.149071198499986,unique_starts,3.785270788466311,low_compatibility_junction
9467,436,271,65,15,50,26,6,9.0,8.492307692307692,10,65,15,4.333333333333333,65,4,0,0,0.9999999999999848,0.00154,0.002355,0.2988612039504548,0.4491434403004862,0.4491434403004862,9.14142135623731,unique_starts,3.7777639723283936,low_compatibility_junction
7214,330,259,155,48,125,97,1,3.0,3.1032258064516127,10,155,48,3.2291666666666665,155,3,3,3,0.96202531645569,0.00072,0.00102,0.2489937302166937,1.265261094679104,1.265261094679104,3.089442719099992,unique_starts,3.776289562627303,low_compatibility_junction
9132,422,199,115,9,29,43,1,5.0,5.356521739130435,10,115,9,12.77777777777778,115,0,0,0,0.9999999999999912,0.001375,0.00268,0.2377620006553734,0.6037988148838994,0.6037988148838994,5.185695338177052,unique_starts,3.7717199662957226,low_compatibility_junction
5530,256,199,103,24,26,99,4,8.0,7.815533980582524,10,103,24,4.291666666666667,103,0,0,0,0.9999999999999905,0.001515,0.00268,0.3194630613992499,0.6037988148838994,0.6037988148838994,8.196116135138183,unique_starts,3.768421212963583,low_compatibility_junction
659,25,271,27,6,21,8,1,3.0,3.555555555555556,7,27,6,4.5,27,24,24,24,0.0588235294117635,0.00167,0.002355,0.2769332216939042,0.4491434403004862,0.4491434403004862,3.2182178902359926,unique_starts,3.7662487258273285,low_compatibility_junction
5654,259,211,10,10,10,10,1,1.0,1.0,1,10,10,1.0,10,0,0,0,0.9999999999999,0.00102,0.00039,1.265261094679104,0.196764830366423,1.265261094679104,1.316227766016838,unique_starts,3.764236523576969,low_compatibility_junction
2177,106,259,171,43,155,75,1,4.0,3.801169590643275,9,171,43,3.976744186046512,171,0,0,0,0.9999999999999942,0.000865,0.00102,0.2124029185087237,1.265261094679104,1.265261094679104,4.08032193289025,unique_starts,3.7611256902848225,low_compatibility_junction
5925,271,130,45,19,26,39,8,10.0,9.511111111111113,10,45,19,2.3684210526315788,45,0,0,0,0.9999999999999776,0.002355,0.00218,0.4491434403004862,0.3793239664634075,0.4491434403004862,10.196116135138183,unique_starts,3.7535283380428965,low_compatibility_junction
4293,199,482,35,6,20,11,1,3.0,3.0285714285714285,6,35,6,5.833333333333333,35,23,23,23,0.2068965517241343,0.00268,0.00184,0.6037988148838994,0.3717992441030107,0.6037988148838994,3.223606797749979,unique_starts,3.75015436961276,low_compatibility_junction
8073,372,199,18,5,9,10,1,2.0,2.111111111111111,4,18,5,3.6,18,120,120,120,-0.7391304347826033,0.001885,0.00268,0.2816663634414211,0.6037988148838994,0.6037988148838994,2.333333333333333,unique_starts,3.74996081654164,low_compatibility_junction
480,18,404,94,6,37,32,1,5.0,5.085106382978723,10,94,6,15.666666666666666,94,42,42,42,0.3823529411764678,0.0016,0.00219,0.2016735795569684,0.4954000961047544,0.4954000961047544,5.164398987305358,unique_starts,3.747289438086398,low_compatibility_junction
1431,65,259,168,35,101,63,1,4.0,4.660714285714286,10,168,35,4.8,168,21,21,21,0.7777777777777737,0.0008,0.00102,0.3378379492017423,1.265261094679104,1.265261094679104,4.099503719020999,unique_starts,3.745884316553698,low_compatibility_junction
6329,291,271,35,13,29,16,7,9.0,9.085714285714284,10,35,13,2.6923076923076925,35,0,0,0,0.9999999999999714,0.001995,0.002355,0.3627280603690173,0.4491434403004862,0.4491434403004862,9.185695338177052,unique_starts,3.742416550321205,low_compatibility_junction
8696,404,345,97,6,28,32,1,5.0,5.082474226804123,10,97,6,16.166666666666668,97,0,0,0,0.9999999999999898,0.00219,0.00213,0.4954000961047544,0.312915404019745,0.4954000961047544,5.188982236504613,unique_starts,3.7419662758497982,low_compatibility_junction
8685,404,242,104,6,32,20,1,6.0,5.673076923076923,10,104,6,17.333333333333332,104,0,0,0,0.9999999999999905,0.00219,0.00172,0.4954000961047544,0.2932030195494564,0.4954000961047544,6.1767766952966365,unique_starts,3.7389134235292203,low_compatibility_junction
8549,395,271,51,6,20,13,2,7.0,6.96078431372549,10,51,6,8.5,51,0,0,0,0.9999999999999803,0.00179,0.002355,0.381018775157485,0.4491434403004862,0.4491434403004862,7.223606797749979,unique_starts,3.737734810313579,low_compatibility_junction
8708,404,482,152,4,30,30,1,7.0,6.690789473684211,10,152,4,38.0,152,13,13,13,0.8424242424242373,0.00219,0.00184,0.4954000961047544,0.3717992441030107,0.4954000961047544,7.182574185835056,unique_starts,3.735888306558912,low_compatibility_junction
18,0,404,45,5,14,20,1,3.0,3.488888888888889,7,45,5,9.0,45,29,29,29,0.2162162162162133,0.001705,0.00219,0.2741570683497987,0.4954000961047544,0.4954000961047544,3.2672612419124243,unique_starts,3.731553152964081,low_compatibility_junction
377,13,199,55,16,19,48,7,9.0,8.854545454545455,10,55,16,3.4375,55,0,0,0,0.9999999999999818,0.001505,0.00268,0.2865622549344049,0.6037988148838994,0.6037988148838994,9.229415733870562,unique_starts,3.728673972849842,low_compatibility_junction
5944,271,293,27,6,8,20,1,4.0,3.851851851851852,7,27,6,4.5,27,0,0,0,0.999999999999963,0.002355,0.001115,0.4491434403004862,0.2210468828651243,0.4491434403004862,4.353553390593274,unique_starts,3.7244581052801884,low_compatibility_junction
8691,404,308,108,5,24,28,1,7.0,6.703703703703703,10,108,5,21.6,108,0,0,0,0.9999999999999908,0.00219,0.00172,0.4954000961047544,0.2578847866465264,0.4954000961047544,7.204124145231932,unique_starts,3.7240568213992384,low_compatibility_junction
4269,199,242,77,4,18,21,1,6.0,5.8441558441558445,10,77,4,19.25,77,14,14,14,0.6923076923076847,0.00268,0.00172,0.6037988148838994,0.2932030195494564,0.6037988148838994,6.235702260395516,unique_starts,3.723476793476906,low_compatibility_junction
5914,271,25,24,13,18,19,1,8.0,6.75,10,24,13,1.8461538461538465,24,27,27,27,-0.0588235294117635,0.002355,0.00167,0.4491434403004862,0.2769332216939042,0.4491434403004862,8.235702260395517,unique_starts,3.723282866914539,low_compatibility_junction
8795,408,271,17,3,10,8,1,3.0,5.0,10,17,3,5.666666666666667,17,27,27,27,-0.2272727272727221,0.001965,0.002355,0.2736204861077419,0.4491434403004862,0.4491434403004862,3.316227766016838,unique_starts,3.7224606767974087,low_compatibility_junction
1096,48,271,35,5,27,12,7,9.0,8.914285714285715,10,35,5,7.0,35,8,8,8,0.6279069767441714,0.00193,0.002355,0.3280516829944038,0.4491434403004862,0.4491434403004862,9.192450089729876,unique_starts,3.720932343577995,low_compatibility_junction
3195,153,404,18,3,7,11,1,2.0,2.388888888888889,4,18,3,6.0,18,9,9,9,0.333333333333321,0.00198,0.00219,0.3267343532306246,0.4954000961047544,0.4954000961047544,2.3779644730092278,unique_starts,3.7201272444037814,low_compatibility_junction
2636,129,199,43,13,23,27,7,10.0,9.348837209302326,10,43,13,3.3076923076923075,43,0,0,0,0.9999999999999768,0.001675,0.00268,0.2623840773242651,0.6037988148838994,0.6037988148838994,10.208514414057074,unique_starts,3.717750906587222,low_compatibility_junction
4279,199,334,54,5,13,19,1,5.0,5.166666666666667,10,54,5,10.8,54,0,0,0,0.9999999999999816,0.00268,0.002275,0.6037988148838994,0.3588029472946056,0.6037988148838994,5.277350098112614,unique_starts,3.7175265174622933,low_compatibility_junction
8517,394,271,26,7,22,8,6,8.0,8.346153846153847,10,26,7,3.7142857142857135,26,1,0,0,0.9999999999999616,0.00199,0.002355,0.270932902822497,0.4491434403004862,0.4491434403004862,8.21320071635561,unique_starts,3.717152072976912,low_compatibility_junction
4290,199,457,43,7,26,11,4,8.0,7.837209302325581,10,43,7,6.142857142857143,43,0,0,0,0.9999999999999768,0.00268,0.00183,0.6037988148838994,0.3301676118613675,0.6037988148838994,8.196116135138183,unique_starts,3.7136412839634407,low_compatibility_junction
4591,215,271,17,2,9,4,1,3.0,3.3529411764705883,6,17,2,8.5,17,5,0,0,0.9999999999999412,0.00101,0.002355,0.166052130946166,0.4491434403004862,0.4491434403004862,3.333333333333333,unique_starts,3.7134806833932537,low_compatibility_junction
10414,482,199,23,3,12,9,1,3.0,3.217391304347826,6,23,3,7.666666666666667,23,35,35,35,-0.2068965517241343,0.00184,0.00268,0.3717992441030107,0.6037988148838994,0.6037988148838994,3.288675134594813,unique_starts,3.712560456555,low_compatibility_junction
8084,372,404,61,6,14,24,1,5.0,5.475409836065574,10,61,6,10.166666666666666,61,35,35,35,0.2708333333333305,0.001885,0.00219,0.2816663634414211,0.4954000961047544,0.4954000961047544,5.267261241912425,unique_starts,3.7115723835443832,low_compatibility_junction
1444,66,404,81,2,19,14,1,5.0,5.444444444444445,10,81,2,40.5,81,0,0,0,0.9999999999999876,0.001135,0.00219,0.2340487090944133,0.4954000961047544,0.4954000961047544,5.229415733870562,unique_starts,3.7075724440592315,low_compatibility_junction
8669,404,18,42,4,16,21,1,4.0,4.4523809523809526,10,42,4,10.5,42,94,94,94,-0.3823529411764678,0.00219,0.0016,0.4954000961047544,0.2016735795569684,0.4954000961047544,4.25,unique_starts,3.707179387846108,low_compatibility_junction
4287,199,420,26,3,20,4,1,4.0,4.0,7,26,3,8.666666666666666,26,0,0,0,0.9999999999999616,0.00268,0.00149,0.6037988148838994,0.2569497732392729,0.6037988148838994,4.223606797749979,unique_starts,3.7068142608476427,low_compatibility_junction
4255,199,97,79,2,14,13,1,6.0,6.227848101265823,10,79,2,39.5,79,0,0,0,0.9999999999999876,0.00268,0.001955,0.6037988148838994,0.1888870254918825,0.6037988148838994,6.267261241912425,unique_starts,3.7067828904211635,low_compatibility_junction
4280,199,363,72,2,13,13,1,6.0,6.097222222222222,10,72,2,36.0,72,0,0,0,0.9999999999999862,0.00268,0.001945,0.6037988148838994,0.3369977607619727,0.6037988148838994,6.277350098112614,unique_starts,3.702177879545464,low_compatibility_junction
9116,421,199,30,4,10,12,1,4.0,4.433333333333334,10,30,4,7.5,30,37,37,37,-0.1044776119402969,0.001705,0.00268,0.2078351172722957,0.6037988148838994,0.6037988148838994,4.316227766016838,unique_starts,3.7013919636809565,low_compatibility_junction
7325,334,404,11,2,8,3,1,2.0,2.727272727272727,6,11,2,5.5,11,14,14,14,-0.1199999999999952,0.002275,0.00219,0.3588029472946056,0.4954000961047544,0.4954000961047544,2.353553390593274,unique_starts,3.7011515916825775,low_compatibility_junction
767,31,199,34,9,20,20,8,10.0,9.5,10,34,9,3.7777777777777777,34,0,0,0,0.9999999999999706,0.001575,0.00268,0.253724018996931,0.6037988148838994,0.6037988148838994,10.223606797749978,unique_starts,3.6992649069822883,low_compatibility_junction
1503,69,404,47,3,30,5,1,6.0,5.76595744680851,10,47,3,15.666666666666666,47,0,0,0,0.9999999999999788,0.00211,0.00219,0.3632404463988534,0.4954000961047544,0.4954000961047544,6.182574185835056,unique_starts,3.698789057954284,low_compatibility_junction
1468,68,271,5,2,3,3,1,2.0,2.0,3,5,2,2.5,5,8,8,8,-0.230769230769213,0.00229,0.002355,0.3601985864965565,0.4491434403004862,0.4491434403004862,2.5773502691896257,unique_starts,3.6978213973014418,low_compatibility_junction
8195,380,271,24,2,20,3,1,6.5,6.0,10,24,2,12.0,24,2,0,0,0.9999999999999584,0.001205,0.002355,0.169078986654213,0.4491434403004862,0.4491434403004862,6.723606797749979,unique_starts,3.696722344888514,low_compatibility_junction
7223,330,404,53,8,18,31,5,9.0,8.641509433962264,10,53,8,6.625,53,0,0,0,0.9999999999999812,0.00072,0.00219,0.2489937302166937,0.4954000961047544,0.4954000961047544,9.235702260395517,unique_starts,3.6962782109310286,low_compatibility_junction
5953,271,408,27,5,10,17,1,8.0,7.407407407407407,10,27,5,5.4,27,17,17,17,0.2272727272727221,0.002355,0.001965,0.4491434403004862,0.2736204861077419,0.4491434403004862,8.316227766016837,unique_starts,3.6942988569366557,low_compatibility_junction
6219,286,199,37,3,12,9,1,5.0,5.1891891891891895,8,37,3,12.333333333333334,37,0,0,0,0.9999999999999728,0.001875,0.00268,0.3311740974988428,0.6037988148838994,0.6037988148838994,5.288675134594813,unique_starts,3.6942191647319196,low_compatibility_junction
5938,271,201,22,3,6,11,1,4.5,4.818181818181818,10,22,3,7.333333333333333,22,7,7,7,0.517241379310327,0.002355,0.00175,0.4491434403004862,0.2804005371849835,0.4491434403004862,4.908248290463863,unique_starts,3.6920822475470416,low_compatibility_junction
5652,259,201,4,3,3,4,1,1.0,1.25,2,4,3,1.3333333333333333,4,2,0,0,0.99999999999975,0.00102,0.00175,1.265261094679104,0.2804005371849835,1.265261094679104,1.5773502691896255,unique_starts,3.691075570463623,low_compatibility_junction
2188,106,404,40,9,18,28,7,9.0,9.075,10,40,9,4.444444444444445,40,0,0,0,0.9999999999999748,0.000865,0.00219,0.2124029185087237,0.4954000961047544,0.4954000961047544,9.235702260395517,unique_starts,3.689763396271334,low_compatibility_junction
633,23,474,412,20,115,106,2,8.0,7.87621359223301,10,412,20,20.6,412,4,0,0,0.9999999999999976,0.00229,0.002335,0.3392820723510144,0.4843299268618116,0.4843299268618116,8.09325048082403,unique_starts,3.687139338694639,low_compatibility_junction
5655,259,219,80,14,21,70,1,3.0,3.2,10,80,14,5.714285714285714,80,2,0,0,0.9999999999999876,0.00102,0.001905,1.265261094679104,0.3465261732651029,1.265261094679104,3.2182178902359926,unique_starts,3.6862309117670558,low_compatibility_junction
3180,153,199,38,3,13,14,1,6.5,6.2105263157894735,10,38,3,12.666666666666666,38,23,23,23,0.2459016393442582,0.00198,0.00268,0.3267343532306246,0.6037988148838994,0.6037988148838994,6.777350098112614,unique_starts,3.685265746695427,low_compatibility_junction
1549,74,199,28,9,10,27,6,9.0,8.821428571428571,10,28,9,3.111111111111111,28,0,0,0,0.9999999999999644,0.001315,0.00268,0.2591953684530776,0.6037988148838994,0.6037988148838994,9.316227766016835,unique_starts,3.6807461395040613,low_compatibility_junction
4049,189,199,51,2,10,15,1,7.0,6.784313725490196,10,51,2,25.5,51,6,0,0,0.9999999999999803,0.001185,0.00268,0.0772961595542199,0.6037988148838994,0.6037988148838994,7.316227766016838,unique_starts,3.679504223406832,low_compatibility_junction
9120,421,404,14,4,8,8,1,3.0,3.357142857142857,6,14,4,3.5,14,369,369,369,-0.9268929503916424,0.001705,0.00219,0.2078351172722957,0.4954000961047544,0.4954000961047544,3.353553390593274,unique_starts,3.6787421797122604,low_compatibility_junction
4288,199,421,37,3,10,12,1,7.0,6.4324324324324325,10,37,3,12.333333333333334,37,30,30,30,0.1044776119402969,0.00268,0.001705,0.6037988148838994,0.2078351172722957,0.6037988148838994,7.316227766016838,unique_starts,3.6760165446352513,low_compatibility_junction
4278,199,327,9,2,9,2,1,3.0,3.333333333333333,6,9,2,4.5,9,5,0,0,0.9999999999998888,0.00268,0.0021,0.6037988148838994,0.2819346524135547,0.6037988148838994,3.333333333333333,unique_starts,3.67110177221132,low_compatibility_junction
4268,199,241,34,3,13,12,6,9.0,8.823529411764707,10,34,3,11.333333333333334,34,0,0,0,0.9999999999999706,0.00268,0.00195,0.6037988148838994,0.3427554520402022,0.6037988148838994,9.277350098112615,unique_starts,3.6710515650832978,low_compatibility_junction
5226,245,199,24,6,12,14,7,9.5,9.291666666666666,10,24,6,4.0,24,0,0,0,0.9999999999999584,0.00107,0.00268,0.2067867221138473,0.6037988148838994,0.6037988148838994,9.788675134594811,unique_starts,3.6699959859195452,low_compatibility_junction
5934,271,177,15,6,7,13,6,9.0,8.933333333333334,10,15,6,2.5,15,2,0,0,0.9999999999999332,0.002355,0.001995,0.4491434403004862,0.3194628989900812,0.4491434403004862,9.377964473009229,unique_starts,3.668717011570055,low_compatibility_junction
4790,226,404,37,7,8,37,4,8.0,7.702702702702703,10,37,7,5.285714285714286,37,0,0,0,0.9999999999999728,0.000385,0.00219,0.1437780007005821,0.4954000961047544,0.4954000961047544,8.353553390593273,unique_starts,3.668004694251882,low_compatibility_junction
4275,199,308,42,2,7,13,2,7.0,6.904761904761905,10,42,2,21.0,42,0,0,0,0.999999999999976,0.00268,0.00172,0.6037988148838994,0.2578847866465264,0.6037988148838994,7.377964473009227,unique_starts,3.6658373708093253,low_compatibility_junction
8673,404,85,41,3,12,10,3,8.0,7.658536585365853,10,41,3,13.666666666666666,41,0,0,0,0.9999999999999756,0.00219,0.001585,0.4954000961047544,0.3245840107216323,0.4954000961047544,8.288675134594813,unique_starts,3.663639716381371,low_compatibility_junction
3207,154,259,62,11,54,13,2,5.0,5.354838709677419,10,62,11,5.636363636363637,62,0,0,0,0.9999999999999838,0.00042,0.00102,0.1543515326157245,1.265261094679104,1.265261094679104,5.136082763487955,unique_starts,3.6609507299975736,low_compatibility_junction
10315,479,199,11,2,4,7,1,3.0,2.727272727272727,5,11,2,5.5,11,0,0,0,0.9999999999999092,0.00188,0.00268,0.3657196036223152,0.6037988148838994,0.6037988148838994,3.5,unique_starts,3.6607977583530946,low_compatibility_junction
8770,407,271,12,3,12,5,7,9.0,9.0,10,12,3,4.0,12,0,0,0,0.9999999999999166,0.00146,0.002355,0.3072157253684568,0.4491434403004862,0.4491434403004862,9.288675134594811,unique_starts,3.660205263391627,low_compatibility_junction
8697,404,372,35,2,7,15,1,5.0,5.142857142857143,10,35,2,17.5,35,61,61,61,-0.2708333333333305,0.00219,0.001885,0.4954000961047544,0.2816663634414211,0.4954000961047544,5.377964473009227,unique_starts,3.6592316868365415,low_compatibility_junction
8667,404,0,29,3,6,15,1,5.0,5.379310344827586,10,29,3,9.666666666666666,29,45,45,45,-0.2162162162162133,0.00219,0.001705,0.4954000961047544,0.2741570683497987,0.4954000961047544,5.408248290463863,unique_starts,3.656897886240481,low_compatibility_junction
4260,199,153,23,2,7,7,3,6.0,5.652173913043479,9,23,2,11.5,23,38,38,38,-0.2459016393442582,0.00268,0.00198,0.6037988148838994,0.3267343532306246,0.6037988148838994,6.377964473009227,unique_starts,3.652764858935827,low_compatibility_junction
5920,271,68,8,5,8,6,1,8.0,6.625,9,8,5,1.6,8,5,5,5,0.230769230769213,0.002355,0.00229,0.4491434403004862,0.3601985864965565,0.4491434403004862,8.353553390593273,unique_starts,3.6525655202086553,low_compatibility_junction
5946,271,343,14,4,5,14,7,9.0,9.0,10,14,4,3.5,14,0,0,0,0.9999999999999286,0.002355,0.00204,0.4491434403004862,0.3543272340486408,0.4491434403004862,9.447213595499958,unique_starts,3.651976966690111,low_compatibility_junction
5921,271,91,20,2,3,17,1,7.0,6.35,10,20,2,10.0,20,0,0,0,0.99999999999995,0.002355,0.001495,0.4491434403004862,0.187690014437701,0.4491434403004862,7.577350269189626,unique_starts,3.6494065276233183,low_compatibility_junction
7653,352,404,17,2,7,7,1,4.0,3.7058823529411766,7,17,2,8.5,17,4,0,0,0.9999999999999412,0.001835,0.00219,0.3527219513150356,0.4954000961047544,0.4954000961047544,4.377964473009227,unique_starts,3.649118062855558,low_compatibility_junction
4345,201,271,7,3,3,7,1,5.0,4.0,7,7,3,2.333333333333333,7,22,22,22,-0.517241379310327,0.00175,0.002355,0.2804005371849835,0.4491434403004862,0.4491434403004862,5.577350269189626,unique_starts,3.638952161320396,low_compatibility_junction
8706,404,473,30,2,5,13,2,7.0,6.933333333333334,10,30,2,15.0,30,0,0,0,0.9999999999999668,0.00219,0.001865,0.4954000961047544,0.3566225288763147,0.4954000961047544,7.447213595499958,unique_starts,3.633322302977135,low_compatibility_junction
7504,345,199,7,2,5,4,3,4.0,4.285714285714286,6,7,2,3.5,7,0,0,0,0.9999999999998572,0.00213,0.00268,0.312915404019745,0.6037988148838994,0.6037988148838994,4.447213595499958,unique_starts,3.6310111841816375,low_compatibility_junction
6557,300,199,13,2,5,5,1,6.0,5.461538461538462,9,13,2,6.5,13,0,0,0,0.9999999999999232,0.00191,0.00268,0.3665128161028859,0.6037988148838994,0.6037988148838994,6.447213595499958,unique_starts,3.628435071474911,low_compatibility_junction
4259,199,136,16,2,7,7,7,9.0,9.125,10,16,2,8.0,16,0,0,0,0.9999999999999376,0.00268,0.00209,0.6037988148838994,0.3548665681678522,0.6037988148838994,9.377964473009229,unique_starts,3.627625699816998,low_compatibility_junction
8695,404,334,14,2,3,9,1,4.0,3.928571428571429,8,14,2,7.0,14,11,11,11,0.1199999999999952,0.00219,0.002275,0.4954000961047544,0.3588029472946056,0.4954000961047544,4.577350269189626,unique_starts,3.626917726702158,low_compatibility_junction
5662,259,280,12,6,7,10,1,2.0,2.1666666666666665,3,12,6,2.0,12,2,0,0,0.9999999999999166,0.00102,0.002285,1.265261094679104,0.2917334795393912,1.265261094679104,2.3779644730092278,unique_starts,3.6266221624561963,low_compatibility_junction
5126,242,199,14,2,7,4,6,8.5,8.428571428571429,10,14,2,7.0,14,77,77,77,-0.6923076923076847,0.00172,0.00268,0.2932030195494564,0.6037988148838994,0.6037988148838994,8.877964473009227,unique_starts,3.6251762938807564,low_compatibility_junction
5676,259,349,92,7,14,57,2,6.5,6.423913043478261,10,92,7,13.142857142857142,92,0,0,0,0.9999999999999892,0.00102,0.00154,1.265261094679104,0.265581711093263,1.265261094679104,6.767261241912425,unique_starts,3.622147273265413,low_compatibility_junction
5624,259,0,74,10,15,66,2,7.0,7.283783783783784,10,74,10,7.4,74,0,0,0,0.9999999999999866,0.00102,0.001705,1.265261094679104,0.2741570683497987,1.265261094679104,7.258198889747161,unique_starts,3.621362099128578,low_compatibility_junction
5917,271,48,8,3,3,8,8,9.0,9.125,10,8,3,2.6666666666666665,8,35,35,35,-0.6279069767441714,0.002355,0.00193,0.4491434403004862,0.3280516829944038,0.4491434403004862,9.577350269189626,unique_starts,3.6205725591857583,low_compatibility_junction
10427,482,404,13,2,9,3,4,7.0,7.230769230769231,10,13,2,6.5,13,152,152,152,-0.8424242424242373,0.00184,0.00219,0.3717992441030107,0.4954000961047544,0.4954000961047544,7.333333333333333,unique_starts,3.6193653568652793,low_compatibility_junction
10179,473,259,50,7,32,11,3,7.0,7.1,10,50,7,7.142857142857143,50,0,0,0,0.99999999999998,0.001865,0.00102,0.3566225288763147,1.265261094679104,1.265261094679104,7.1767766952966365,unique_starts,3.618286942093085,low_compatibility_junction
5677,259,351,17,11,11,17,1,3.0,3.647058823529412,9,17,11,1.5454545454545454,17,0,0,0,0.9999999999999412,0.00102,0.000495,1.265261094679104,0.1939906077972737,1.265261094679104,3.301511344577764,unique_starts,3.617716986838554,low_compatibility_junction
8678,404,153,9,2,5,3,1,5.0,4.555555555555555,7,9,2,4.5,9,18,18,18,-0.333333333333321,0.00219,0.00198,0.4954000961047544,0.3267343532306246,0.4954000961047544,5.447213595499958,unique_starts,3.6106965176014314,low_compatibility_junction
5705,259,510,4,3,3,4,1,1.5,1.5,2,4,3,1.3333333333333333,4,31,31,31,-0.7714285714285494,0.00102,0.00177,1.265261094679104,0.2731838841038326,1.265261094679104,2.0773502691896257,unique_starts,3.6077422371302896,low_compatibility_junction
8928,412,474,80,7,25,30,1,4.0,3.8625,8,80,7,11.428571428571429,80,6,0,0,0.9999999999999876,0.0012,0.002335,0.1849071520665575,0.4843299268618116,0.4843299268618116,4.2,unique_starts,3.6075510514000273,low_compatibility_junction
3376,161,271,5,2,4,3,8,9.0,9.2,10,5,2,2.5,5,0,0,0,0.9999999999998,0.002015,0.002355,0.3463495601170924,0.4491434403004862,0.4491434403004862,9.5,unique_starts,3.605831206816617,low_compatibility_junction
1608,76,259,37,6,30,8,3,7.0,7.081081081081081,10,37,6,6.166666666666667,37,4,4,4,0.8048780487804681,0.00192,0.00102,0.3867458450820837,1.265261094679104,1.265261094679104,7.182574185835056,unique_starts,3.6040906957207355,low_compatibility_junction
5961,271,457,5,2,3,3,1,8.0,6.6,9,5,2,2.5,5,419,419,419,-0.9764150943396204,0.002355,0.00183,0.4491434403004862,0.3301676118613675,0.4491434403004862,8.577350269189626,unique_starts,3.6040713973014418,low_compatibility_junction
4292,199,467,10,2,4,7,7,9.0,9.0,10,10,2,5.0,10,0,0,0,0.9999999999999,0.00268,0.001865,0.6037988148838994,0.2784268160142842,0.6037988148838994,9.5,unique_starts,3.602403494632093,low_compatibility_junction
10987,510,259,31,5,31,5,1,6.0,5.67741935483871,10,31,5,6.2,31,4,4,4,0.7714285714285494,0.00177,0.00102,0.2731838841038326,1.265261094679104,1.265261094679104,6.179605302026775,unique_starts,3.601566586137541,low_compatibility_junction
10224,474,471,179,5,26,51,1,7.0,6.553072625698324,10,179,5,35.8,179,0,0,0,0.9999999999999944,0.002335,0.002075,0.4843299268618116,0.3787581681329448,0.4843299268618116,7.196116135138184,unique_starts,3.6009559347367652,low_compatibility_junction
5627,259,17,27,8,8,27,1,4.0,4.185185185185185,10,27,8,3.375,27,0,0,0,0.999999999999963,0.00102,0.000765,1.265261094679104,0.2215157454739061,1.265261094679104,4.353553390593274,unique_starts,3.5978077298997335,low_compatibility_junction
8329,384,474,132,5,39,26,1,8.0,7.393939393939394,10,132,5,26.4,132,0,0,0,0.9999999999999925,0.001705,0.002335,0.378964961600477,0.4843299268618116,0.4843299268618116,8.160128153805086,unique_starts,3.5958348472057233,low_compatibility_junction
5633,259,65,21,6,9,17,1,4.0,4.428571428571429,10,21,6,3.5,21,168,168,168,-0.7777777777777737,0.00102,0.0008,1.265261094679104,0.3378379492017423,1.265261094679104,4.333333333333333,unique_starts,3.5865177516360274,low_compatibility_junction
5678,259,352,36,7,9,25,1,6.0,6.138888888888889,10,36,7,5.142857142857143,36,0,0,0,0.999999999999972,0.00102,0.001835,1.265261094679104,0.3527219513150356,1.265261094679104,6.333333333333333,unique_starts,3.5857760295874517,low_compatibility_junction
8681,404,198,6,3,6,3,8,9.5,9.333333333333334,10,6,3,2.0,6,0,0,0,0.9999999999998334,0.00219,0.000925,0.4954000961047544,0.1906490287559561,0.4954000961047544,9.908248290463863,unique_starts,3.585735565457823,low_compatibility_junction
1968,94,259,31,4,24,7,2,7.0,6.806451612903226,10,31,4,7.75,31,7,0,0,0.9999999999999678,0.00132,0.00102,0.230338283383865,1.265261094679104,1.265261094679104,7.204124145231932,unique_starts,3.585551212457981,low_compatibility_junction
8690,404,302,5,5,5,5,10,10.0,10.0,10,5,5,1.0,5,0,0,0,0.9999999999998,0.00219,0.00104,0.4954000961047544,0.2624064003425131,0.4954000961047544,10.447213595499958,unique_starts,3.585283229773848,low_compatibility_junction
5661,259,270,30,9,9,30,4,6.0,6.266666666666667,10,30,9,3.333333333333333,30,0,0,0,0.9999999999999668,0.00102,0.00109,1.265261094679104,0.3387309218086534,1.265261094679104,6.333333333333333,unique_starts,3.585235774259112,low_compatibility_junction
5673,259,338,29,5,11,14,1,5.0,5.310344827586207,10,29,5,5.8,29,18,18,18,0.2340425531914843,0.00102,0.002155,1.265261094679104,0.2515895314961968,1.265261094679104,5.301511344577763,unique_starts,3.5847969413328045,low_compatibility_junction
9275,427,474,108,5,24,21,1,7.0,6.435185185185185,10,108,5,21.6,108,0,0,0,0.9999999999999908,0.002075,0.002335,0.3565834975247944,0.4843299268618116,0.4843299268618116,7.204124145231932,unique_starts,3.5827866609300236,low_compatibility_junction
4265,199,211,4,3,4,4,10,10.0,10.0,10,4,3,1.3333333333333333,4,0,0,0,0.99999999999975,0.00268,0.00039,0.6037988148838994,0.196764830366423,0.6037988148838994,10.5,unique_starts,3.5806479019634447,low_compatibility_junction
9202,424,474,85,8,17,43,2,7.0,6.670588235294118,10,85,8,10.625,85,15,15,15,0.6999999999999931,0.001685,0.002335,0.3369851800580238,0.4843299268618116,0.4843299268618116,7.242535625036333,unique_starts,3.576859120660679,low_compatibility_junction
5681,259,366,16,3,7,13,1,3.5,4.875,10,16,3,5.333333333333333,16,0,0,0,0.9999999999999376,0.00102,0.0018,1.265261094679104,0.1813209307127855,1.265261094679104,3.8779644730092273,unique_starts,3.568681455777622,low_compatibility_junction
8866,410,136,13,8,13,9,1,1.0,1.6923076923076923,7,13,8,1.625,13,44,44,44,-0.5438596491227975,0.002505,0.00209,0.5045878099035421,0.3548665681678522,0.5045878099035421,1.277350098112615,unique_starts,3.568322685188683,low_compatibility_junction
5699,259,445,11,4,5,11,1,3.0,3.363636363636364,7,11,4,2.75,11,5,0,0,0.9999999999999092,0.00102,0.00093,1.265261094679104,0.163337246754796,1.265261094679104,3.447213595499958,unique_starts,3.567709633596483,low_compatibility_junction
2133,102,410,275,29,176,54,1,4.0,3.8581818181818175,8,275,29,9.482758620689657,275,29,29,29,0.8092105263157867,0.00135,0.002505,0.2260591083255975,0.5045878099035421,0.5045878099035421,4.075377836144441,unique_starts,3.5658042183125875,low_compatibility_junction
7659,352,474,70,6,16,41,1,7.0,6.828571428571428,10,70,6,11.666666666666666,70,0,0,0,0.9999999999999858,0.001835,0.002335,0.3527219513150356,0.4843299268618116,0.4843299268618116,7.25,unique_starts,3.563373312993385,low_compatibility_junction
9026,417,199,4,2,2,4,9,9.5,9.5,10,4,2,2.0,4,0,0,0,0.99999999999975,0.00107,0.00268,0.0846827726324074,0.6037988148838994,0.6037988148838994,10.207106781186548,unique_starts,3.5632411355552223,low_compatibility_junction
9510,438,259,14,4,14,4,1,5.0,4.714285714285714,9,14,4,3.5,14,12,12,12,0.0769230769230739,0.001245,0.00102,0.139301768522344,1.265261094679104,1.265261094679104,5.267261241912425,unique_starts,3.5631404678930574,low_compatibility_junction
5695,259,419,34,5,6,27,3,7.0,6.735294117647059,10,34,5,6.8,34,0,0,0,0.9999999999999706,0.00102,0.001105,1.265261094679104,0.171797821812151,1.265261094679104,7.408248290463863,unique_starts,3.5629025111851265,low_compatibility_junction
8864,410,130,500,36,92,282,1,5.0,4.856,10,500,36,13.88888888888889,500,0,0,0,0.999999999999998,0.002505,0.00218,0.5045878099035421,0.3793239664634075,0.5045878099035421,5.104257207028537,unique_starts,3.562583177881666,low_compatibility_junction
10215,474,337,47,11,22,23,5,9.0,8.936170212765957,10,47,11,4.2727272727272725,47,0,0,0,0.9999999999999788,0.002335,0.002115,0.4843299268618116,0.3851139789164415,0.4843299268618116,9.21320071635561,unique_starts,3.562390351645467,low_compatibility_junction
5639,259,110,42,3,6,21,2,7.0,6.761904761904762,10,42,3,14.0,42,0,0,0,0.999999999999976,0.00102,0.0009,1.265261094679104,0.1409763404183583,1.265261094679104,7.408248290463863,unique_starts,3.5601114315984272,low_compatibility_junction
9735,448,259,16,5,10,7,1,5.5,5.25,10,16,5,3.2,16,0,0,0,0.9999999999999376,0.001615,0.00102,0.2125626036405418,1.265261094679104,1.265261094679104,5.816227766016838,unique_starts,3.5596811058064515,low_compatibility_junction
5649,259,177,14,2,4,7,1,3.0,2.7857142857142856,5,14,2,7.0,14,0,0,0,0.9999999999999286,0.00102,0.001995,1.265261094679104,0.3194628989900812,1.265261094679104,3.5,unique_starts,3.5587374194773678,low_compatibility_junction
5656,259,231,5,2,2,5,1,2.0,2.2,4,5,2,2.5,5,17,17,17,-0.5454545454545207,0.00102,0.00225,1.265261094679104,0.3328472618379923,1.265261094679104,2.7071067811865475,unique_starts,3.558533207466701,low_compatibility_junction
7263,331,474,58,5,24,13,2,8.0,7.396551724137931,10,58,5,11.6,58,0,0,0,0.9999999999999828,0.00202,0.002335,0.2961684634011077,0.4843299268618116,0.4843299268618116,8.204124145231932,unique_starts,3.5582970777938607,low_compatibility_junction
7915,363,259,14,5,14,5,1,6.5,6.428571428571429,10,14,5,2.8,14,0,0,0,0.9999999999999286,0.001945,0.00102,0.3369977607619727,1.265261094679104,1.265261094679104,6.767261241912425,unique_starts,3.5558768875507565,low_compatibility_junction
5629,259,44,17,4,4,17,1,4.0,4.235294117647059,10,17,4,4.25,17,2,0,0,0.9999999999999412,0.00102,0.00161,1.265261094679104,0.207845949849732,1.265261094679104,4.5,unique_starts,3.5558295411012733,low_compatibility_junction
9932,461,259,24,2,18,5,4,8.0,7.875,10,24,2,12.0,24,2,0,0,0.9999999999999584,0.001575,0.00102,0.1947404659258925,1.265261094679104,1.265261094679104,8.235702260395517,unique_starts,3.5546212285889007,low_compatibility_junction
5689,259,401,31,3,5,17,1,6.0,5.580645161290323,10,31,3,10.333333333333334,31,9,0,0,0.9999999999999678,0.00102,0.001625,1.265261094679104,0.1012494742279581,1.265261094679104,6.447213595499958,unique_starts,3.5528100611201023,low_compatibility_junction
5630,259,45,11,10,10,11,7,8.0,8.0,10,11,10,1.1,11,0,0,0,0.9999999999999092,0.00102,0.000315,1.265261094679104,0.0638542436714133,1.265261094679104,8.316227766016837,unique_starts,3.5483252317424148,low_compatibility_junction
3915,181,474,53,3,20,12,1,7.0,6.433962264150943,10,53,3,17.666666666666668,53,0,0,0,0.9999999999999812,0.001805,0.002335,0.2920102910536395,0.4843299268618116,0.4843299268618116,7.223606797749979,unique_starts,3.546277382606794,low_compatibility_junction
5634,259,66,27,2,4,19,1,5.0,5.037037037037037,10,27,2,13.5,27,0,0,0,0.999999999999963,0.00102,0.001135,1.265261094679104,0.2340487090944133,1.265261094679104,5.5,unique_starts,3.5457668478306434,low_compatibility_junction
7392,338,259,18,3,9,7,1,6.5,6.166666666666667,10,18,3,6.0,18,29,29,29,-0.2340425531914843,0.002155,0.00102,0.2515895314961968,1.265261094679104,1.265261094679104,6.833333333333333,unique_starts,3.544575142307196,low_compatibility_junction
6391,293,410,116,29,92,53,1,3.0,3.163793103448276,8,116,29,4.0,116,20,20,20,0.7058823529411713,0.001115,0.002505,0.2210468828651243,0.5045878099035421,0.5045878099035421,3.104257207028537,unique_starts,3.543548994035208,low_compatibility_junction
4899,231,259,17,2,17,4,3,8.0,7.411764705882353,10,17,2,8.5,17,5,5,5,0.5454545454545207,0.00225,0.00102,0.3328472618379923,1.265261094679104,1.265261094679104,8.242535625036332,unique_starts,3.542636216427153,low_compatibility_junction
6451,295,404,3,2,2,3,8,9.0,8.666666666666666,9,3,2,1.5,3,0,0,0,0.9999999999996666,0.0004,0.00219,0.0966627033688115,0.4954000961047544,0.4954000961047544,9.707106781186548,unique_starts,3.5423285355057157,low_compatibility_junction
5626,259,15,20,2,4,10,1,4.5,4.8,9,20,2,10.0,20,2,0,0,0.99999999999995,0.00102,0.00087,1.265261094679104,0.1354347126058121,1.265261094679104,5.0,unique_starts,3.5419369014394992,low_compatibility_junction
9293,428,474,41,7,8,35,1,6.0,5.487804878048781,10,41,7,5.857142857142857,41,18,18,18,0.3898305084745696,0.001345,0.002335,0.2110608969389511,0.4843299268618116,0.4843299268618116,6.353553390593274,unique_starts,3.5404163795656878,low_compatibility_junction
7491,344,259,7,4,7,4,1,4.0,5.428571428571429,10,7,4,1.75,7,7,0,0,0.9999999999998572,0.00193,0.00102,0.233223565612003,1.265261094679104,1.265261094679104,4.377964473009227,unique_starts,3.5403934403011204,low_compatibility_junction
5631,259,54,25,3,5,16,3,7.0,7.0,10,25,3,8.333333333333334,25,0,0,0,0.99999999999996,0.00102,0.00184,1.265261094679104,0.1839314090682235,1.265261094679104,7.447213595499958,unique_starts,3.5400835365941266,low_compatibility_junction
1041,45,404,3,2,2,3,9,10.0,9.666666666666666,10,3,2,1.5,3,0,0,0,0.9999999999996666,0.000315,0.00219,0.0638542436714133,0.4954000961047544,0.4954000961047544,10.707106781186548,unique_starts,3.539550757727938,low_compatibility_junction
4059,190,259,13,2,13,2,2,6.0,6.153846153846154,10,13,2,6.5,13,0,0,0,0.9999999999999232,0.00169,0.00102,0.1826010373145243,1.265261094679104,1.265261094679104,6.277350098112614,unique_starts,3.538961307269826,low_compatibility_junction
5641,259,123,6,2,2,6,1,2.5,2.6666666666666665,5,6,2,3.0,6,10,10,10,-0.2499999999999844,0.00102,0.002055,1.265261094679104,0.3167486292366384,1.265261094679104,3.2071067811865475,unique_starts,3.5385623060590237,low_compatibility_junction
5666,259,295,10,9,9,10,2,9.0,8.4,10,10,9,1.1111111111111112,10,0,0,0,0.9999999999999,0.00102,0.0004,1.265261094679104,0.0966627033688115,1.265261094679104,9.333333333333334,unique_starts,3.5375448386909465,low_compatibility_junction
21,0,474,35,4,5,28,1,4.0,4.571428571428571,10,35,4,8.75,35,0,0,0,0.9999999999999714,0.001705,0.002335,0.2741570683497987,0.4843299268618116,0.4843299268618116,4.447213595499958,unique_starts,3.535693558104724,low_compatibility_junction
5679,259,360,13,6,7,13,3,8.0,7.153846153846154,10,13,6,2.1666666666666665,13,1,0,0,0.9999999999999232,0.00102,0.001235,1.265261094679104,0.3681526522500561,1.265261094679104,8.377964473009227,unique_starts,3.5352899026754145,low_compatibility_junction
10226,474,498,24,8,22,9,6,9.0,8.75,10,24,8,3.0,24,0,0,0,0.9999999999999584,0.002335,0.000995,0.4843299268618116,0.228099206690136,0.4843299268618116,9.21320071635561,unique_starts,3.534363265331339,low_compatibility_junction
5674,259,345,7,2,3,4,1,3.0,3.4285714285714284,9,7,2,3.5,7,0,0,0,0.9999999999998572,0.00102,0.00213,1.265261094679104,0.312915404019745,1.265261094679104,3.5773502691896257,unique_starts,3.5329973048189887,low_compatibility_junction
5104,241,259,11,4,11,4,5,8.0,7.454545454545454,9,11,4,2.75,11,0,0,0,0.9999999999999092,0.00195,0.00102,0.3427554520402022,1.265261094679104,1.265261094679104,8.301511344577763,unique_starts,3.5318784752689627,low_compatibility_junction
10189,474,9,21,10,21,11,7,10.0,9.238095238095235,10,21,10,2.1,21,0,0,0,0.9999999999999524,0.002335,0.00098,0.4843299268618116,0.2575069226717554,0.4843299268618116,10.218217890235993,unique_starts,3.531077834390072,low_compatibility_junction
5645,259,152,5,3,3,5,1,3.0,5.2,10,5,3,1.6666666666666667,5,1,0,0,0.9999999999998,0.00102,0.001695,1.265261094679104,0.1646937452104629,1.265261094679104,3.5773502691896257,unique_starts,3.5303570649445435,low_compatibility_junction
2540,123,259,10,2,10,2,1,5.5,5.7,10,10,2,5.0,10,6,6,6,0.2499999999999844,0.002055,0.00102,0.3167486292366384,1.265261094679104,1.265261094679104,5.816227766016838,unique_starts,3.529226868884149,low_compatibility_junction
10417,482,259,11,4,11,4,5,9.0,8.363636363636363,10,11,4,2.75,11,6,6,6,0.2941176470588063,0.00184,0.00102,0.3717992441030107,1.265261094679104,1.265261094679104,9.301511344577763,unique_starts,3.5284062530467404,low_compatibility_junction
9879,457,259,12,5,9,8,8,10.0,9.5,10,12,5,2.4,12,0,0,0,0.9999999999999166,0.00183,0.00102,0.3301676118613675,1.265261094679104,1.265261094679104,10.333333333333334,unique_starts,3.528239833642067,low_compatibility_junction
5698,259,438,12,3,3,12,1,4.5,5.0,10,12,3,4.0,12,14,14,14,-0.0769230769230739,0.00102,0.001245,1.265261094679104,0.139301768522344,1.265261094679104,5.077350269189626,unique_starts,3.527804269520854,low_compatibility_junction
4588,215,259,10,3,10,3,4,7.0,6.8,10,10,3,3.333333333333333,10,0,0,0,0.9999999999999,0.00101,0.00102,0.166052130946166,1.265261094679104,1.265261094679104,7.316227766016838,unique_starts,3.5262318712161442,low_compatibility_junction
5692,259,408,14,2,2,14,1,4.0,4.642857142857143,10,14,2,7.0,14,1,0,0,0.9999999999999286,0.00102,0.001965,1.265261094679104,0.2736204861077419,1.265261094679104,4.707106781186548,unique_starts,3.525926792334382,low_compatibility_junction
1730,82,259,12,3,10,4,5,8.5,8.083333333333334,10,12,3,4.0,12,0,0,0,0.9999999999999166,0.00174,0.00102,0.3768162924723844,1.265261094679104,1.265261094679104,8.816227766016837,unique_starts,3.5253794167462913,low_compatibility_junction
2793,136,259,8,2,8,2,1,5.0,5.0,9,8,2,4.0,8,5,0,0,0.999999999999875,0.00209,0.00102,0.3548665681678522,1.265261094679104,1.265261094679104,5.353553390593274,unique_starts,3.522520417440356,low_compatibility_junction
5665,259,289,14,3,3,14,1,5.5,5.285714285714286,10,14,3,4.666666666666667,14,2,0,0,0.9999999999999286,0.00102,0.00141,1.265261094679104,0.2199255260849472,1.265261094679104,6.077350269189626,unique_starts,3.5223718619334368,low_compatibility_junction
5650,259,185,23,2,3,17,1,7.0,6.478260869565218,10,23,2,11.5,23,0,0,0,0.9999999999999566,0.00102,0.001485,1.265261094679104,0.0291037208127831,1.265261094679104,7.577350269189626,unique_starts,3.5212200032152086,low_compatibility_junction
5680,259,365,8,2,2,8,1,3.5,4.625,10,8,2,4.0,8,2,0,0,0.999999999999875,0.00102,0.00075,1.265261094679104,0.0288902153736305,1.265261094679104,4.207106781186548,unique_starts,3.5181899009295567,low_compatibility_junction
5648,259,168,18,3,3,18,4,7.5,7.444444444444445,10,18,3,6.0,18,0,0,0,0.9999999999999444,0.00102,0.001035,1.265261094679104,0.1706833478087663,1.265261094679104,8.077350269189626,unique_starts,3.51796273043578,low_compatibility_junction
8897,410,457,7,4,5,5,1,1.0,2.4285714285714284,6,7,4,1.75,7,117,117,117,-0.8870967741935413,0.002505,0.00183,0.5045878099035421,0.3301676118613675,0.5045878099035421,1.447213595499958,unique_starts,3.5164171348750175,low_compatibility_junction
5694,259,417,14,3,3,14,1,6.5,6.142857142857143,9,14,3,4.666666666666667,14,0,0,0,0.9999999999999286,0.00102,0.00107,1.265261094679104,0.0846827726324074,1.265261094679104,7.077350269189626,unique_starts,3.5153788549404297,low_compatibility_junction
6561,300,259,9,2,9,2,3,7.0,6.666666666666667,10,9,2,4.5,9,0,0,0,0.9999999999998888,0.00191,0.00102,0.3665128161028859,1.265261094679104,1.265261094679104,7.333333333333333,unique_starts,3.514142424829848,low_compatibility_junction
3016,145,474,28,2,15,5,3,7.0,6.964285714285714,10,28,2,14.0,28,0,0,0,0.9999999999999644,0.0014,0.002335,0.2899637184560971,0.4843299268618116,0.4843299268618116,7.258198889747161,unique_starts,3.512873802625502,low_compatibility_junction
5700,259,447,16,2,4,9,1,7.5,6.875,10,16,2,8.0,16,0,0,0,0.9999999999999376,0.00102,0.002265,1.265261094679104,0.3867985892417394,1.265261094679104,8.0,unique_starts,3.5128208123417135,low_compatibility_junction
5683,259,372,12,3,4,12,5,7.5,7.666666666666667,10,12,3,4.0,12,0,0,0,0.9999999999999166,0.00102,0.001885,1.265261094679104,0.2816663634414211,1.265261094679104,8.0,unique_starts,3.510814079036029,low_compatibility_junction
5668,259,308,12,3,3,12,1,6.5,6.166666666666667,10,12,3,4.0,12,8,0,0,0.9999999999999166,0.00102,0.00172,1.265261094679104,0.2578847866465264,1.265261094679104,7.077350269189626,unique_starts,3.5107102524268368,low_compatibility_junction
5635,259,67,11,3,6,6,1,9.0,6.727272727272728,10,11,3,3.6666666666666665,11,0,0,0,0.9999999999999092,0.00102,0.00209,1.265261094679104,0.2378361319988087,1.265261094679104,9.408248290463863,unique_starts,3.5105364068550564,low_compatibility_junction
5685,259,379,14,2,2,14,1,5.5,5.5,10,14,2,7.0,14,1,0,0,0.9999999999999286,0.00102,0.00138,1.265261094679104,0.2296613569708683,1.265261094679104,6.207106781186548,unique_starts,3.5088813377889276,low_compatibility_junction
8865,410,132,258,29,73,149,4,9.0,8.329457364341085,10,258,29,8.89655172413793,258,0,0,0,0.999999999999996,0.002505,0.001725,0.5045878099035421,0.2839627905487994,0.5045878099035421,9.117041147196131,unique_starts,3.5085602516438588,low_compatibility_junction
8010,370,410,5,4,5,4,1,1.0,2.6,6,5,4,1.25,5,0,0,0,0.9999999999998,0.00066,0.002505,0.110079509212748,0.5045878099035421,0.5045878099035421,1.447213595499958,unique_starts,3.5070316329283178,low_compatibility_junction
5670,259,327,9,3,5,7,7,9.0,8.88888888888889,10,9,3,3.0,9,4,0,0,0.9999999999998888,0.00102,0.0021,1.265261094679104,0.2819346524135547,1.265261094679104,9.447213595499958,unique_starts,3.500973885155943,low_compatibility_junction
5636,259,69,7,3,3,7,1,6.0,5.571428571428571,10,7,3,2.333333333333333,7,0,0,0,0.9999999999998572,0.00102,0.00211,1.265261094679104,0.3632404463988534,1.265261094679104,6.577350269189626,unique_starts,3.4980759002245763,low_compatibility_junction
8871,410,177,197,17,32,141,1,5.0,5.182741116751269,10,197,17,11.588235294117649,197,0,0,0,0.999999999999995,0.002505,0.001995,0.5045878099035421,0.3194628989900812,0.5045878099035421,5.1767766952966365,unique_starts,3.4911087469718316,low_compatibility_junction
6207,284,474,17,4,4,17,3,6.0,5.941176470588236,9,17,4,4.25,17,0,0,0,0.9999999999999412,0.00168,0.002335,0.2688890335878779,0.4843299268618116,0.4843299268618116,6.5,unique_starts,3.4879717195942463,low_compatibility_junction
667,25,410,145,18,68,55,1,8.0,7.827586206896552,10,145,18,8.055555555555555,145,0,0,0,0.9999999999999932,0.00167,0.002505,0.2769332216939042,0.5045878099035421,0.5045878099035421,8.121267812518166,unique_starts,3.480981477160955,low_compatibility_junction
10225,474,479,13,2,7,5,3,6.0,6.153846153846154,10,13,2,6.5,13,0,0,0,0.9999999999999232,0.002335,0.00188,0.4843299268618116,0.3657196036223152,0.4843299268618116,6.377964473009227,unique_starts,3.4788155456110483,low_compatibility_junction
6736,307,259,5,2,5,2,7,9.0,8.6,10,5,2,2.5,5,0,0,0,0.9999999999998,0.002215,0.00102,0.3348256165310429,1.265261094679104,1.265261094679104,9.447213595499958,unique_starts,3.477563160250291,low_compatibility_junction
5696,259,426,6,2,2,6,1,6.5,6.0,9,6,2,3.0,6,1,0,0,0.9999999999998334,0.00102,0.00184,1.265261094679104,0.3471977273799402,1.265261094679104,7.207106781186548,unique_starts,3.477023844520562,low_compatibility_junction
10221,474,424,15,2,3,11,3,5.0,5.466666666666667,9,15,2,7.5,15,85,85,85,-0.6999999999999931,0.002335,0.001685,0.4843299268618116,0.3369851800580238,0.4843299268618116,5.577350269189626,unique_starts,3.475253107292945,low_compatibility_junction
5701,259,477,5,2,2,5,3,6.0,5.6,8,5,2,2.5,5,0,0,0,0.9999999999998,0.00102,0.001775,1.265261094679104,0.2578191005121517,1.265261094679104,6.707106781186548,unique_starts,3.4751998741333674,low_compatibility_junction
5646,259,162,4,2,2,4,1,5.5,5.5,10,4,2,2.0,4,0,0,0,0.99999999999975,0.00102,0.00066,1.265261094679104,0.0659670089203472,1.265261094679104,6.207106781186548,unique_starts,3.4730395917736594,low_compatibility_junction
8883,410,343,146,23,42,100,5,9.0,8.5,10,146,23,6.3478260869565215,146,0,0,0,0.9999999999999932,0.002505,0.00204,0.5045878099035421,0.3543272340486408,0.5045878099035421,9.154303349962092,unique_starts,3.472121296586158,low_compatibility_junction
5663,259,287,5,3,3,5,9,10.0,9.6,10,5,3,1.6666666666666667,5,0,0,0,0.9999999999998,0.00102,0.00209,1.265261094679104,0.1848428830128812,1.265261094679104,10.577350269189626,unique_starts,3.47202373161121,low_compatibility_junction
5632,259,62,6,2,2,6,1,7.5,6.5,10,6,2,3.0,6,0,0,0,0.9999999999998334,0.00102,0.00186,1.265261094679104,0.2146710615780819,1.265261094679104,8.207106781186548,unique_starts,3.471895639392357,low_compatibility_junction
5657,259,233,5,2,3,3,1,8.0,6.6,9,5,2,2.5,5,0,0,0,0.9999999999998,0.00102,0.00191,1.265261094679104,0.3203473588823263,1.265261094679104,8.577350269189626,unique_starts,3.4715284695389554,low_compatibility_junction
5684,259,373,7,2,2,7,7,9.0,8.714285714285714,10,7,2,3.5,7,1,0,0,0.9999999999998572,0.00102,0.001765,1.265261094679104,0.3383665252283958,1.265261094679104,9.707106781186548,unique_starts,3.4706964871911783,low_compatibility_junction
5637,259,76,4,2,2,4,2,6.0,6.0,10,4,2,2.0,4,37,37,37,-0.8048780487804681,0.00102,0.00192,1.265261094679104,0.3867458450820837,1.265261094679104,6.707106781186548,unique_starts,3.4692517129857805,low_compatibility_junction
10223,474,428,18,2,4,9,1,8.0,7.333333333333333,10,18,2,9.0,18,41,41,41,-0.3898305084745696,0.002335,0.001345,0.4843299268618116,0.2110608969389511,0.4843299268618116,8.5,unique_starts,3.4673416785938964,low_compatibility_junction
10200,474,129,12,3,7,7,8,10.0,9.5,10,12,3,4.0,12,0,0,0,0.9999999999999166,0.002335,0.001675,0.4843299268618116,0.2623840773242651,0.4843299268618116,10.377964473009229,unique_starts,3.466476400797418,low_compatibility_junction
5702,259,482,6,2,2,6,8,9.0,9.0,10,6,2,3.0,6,11,11,11,-0.2941176470588063,0.00102,0.00184,1.265261094679104,0.3717992441030107,1.265261094679104,9.707106781186548,unique_starts,3.4663400838368013,low_compatibility_junction
5651,259,189,4,2,2,4,2,6.5,5.75,8,4,2,2.0,4,5,0,0,0.99999999999975,0.00102,0.001185,1.265261094679104,0.0772961595542199,1.265261094679104,7.207106781186548,unique_starts,3.4660465847806523,low_compatibility_junction
8896,410,445,3,2,2,3,1,1.0,1.3333333333333333,2,3,2,1.5,3,0,0,0,0.9999999999996666,0.002505,0.00093,0.5045878099035421,0.163337246754796,0.5045878099035421,1.7071067811865477,unique_starts,3.465574042078569,low_compatibility_junction
5672,259,330,3,2,3,3,3,7.0,6.333333333333333,9,3,2,1.5,3,155,155,155,-0.96202531645569,0.00102,0.00072,1.265261094679104,0.2489937302166937,1.265261094679104,7.577350269189626,unique_starts,3.4627646332189568,low_compatibility_junction
10191,474,35,8,4,7,6,9,10.0,9.75,10,8,4,2.0,8,0,0,0,0.999999999999875,0.002335,0.001965,0.4843299268618116,0.3166463303910131,0.4843299268618116,10.377964473009229,unique_starts,3.4597115722150114,low_compatibility_junction
6070,278,259,4,2,3,3,9,10.0,9.75,10,4,2,2.0,4,0,0,0,0.99999999999975,0.001495,0.00102,0.3074153656252049,1.265261094679104,1.265261094679104,10.577350269189626,unique_starts,3.4593303083913685,low_compatibility_junction
9639,443,474,8,2,2,8,1,4.5,4.25,7,8,2,4.0,8,0,0,0,0.999999999999875,0.00169,0.002335,0.3583922804490423,0.4843299268618116,0.4843299268618116,5.207106781186548,unique_starts,3.455292396882847,low_compatibility_junction
9889,457,410,117,13,39,48,1,8.0,7.282051282051282,10,117,13,9.0,117,7,7,7,0.8870967741935413,0.00183,0.002505,0.3301676118613675,0.5045878099035421,0.5045878099035421,8.160128153805086,unique_starts,3.4540908254204448,low_compatibility_junction
10208,474,250,7,3,7,3,8,9.0,9.142857142857142,10,7,3,2.333333333333333,7,0,0,0,0.9999999999998572,0.002335,0.0009,0.4843299268618116,0.1877013400260701,0.4843299268618116,9.377964473009229,unique_starts,3.453414698167807,low_compatibility_junction
10204,474,195,6,4,6,4,9,9.5,9.5,10,6,4,1.5,6,0,0,0,0.9999999999998334,0.002335,0.0012,0.4843299268618116,0.3064439062221105,0.4843299268618116,9.908248290463863,unique_starts,3.4496974367260056,low_compatibility_junction
7122,325,474,7,4,5,6,8,10.0,9.428571428571429,10,7,4,1.75,7,0,0,0,0.9999999999998572,0.001995,0.002335,0.3263468245333406,0.4843299268618116,0.4843299268618116,10.447213595499958,unique_starts,3.449123690055172,low_compatibility_junction
4521,208,474,7,3,4,6,8,10.0,9.428571428571429,10,7,3,2.333333333333333,7,2,0,0,0.9999999999998572,0.00182,0.002335,0.3400469891423531,0.4843299268618116,0.4843299268618116,10.5,unique_starts,3.4396167771216137,low_compatibility_junction
8891,410,408,75,8,13,66,1,4.0,4.6,10,75,8,9.375,75,0,0,0,0.9999999999999868,0.002505,0.001965,0.5045878099035421,0.2736204861077419,0.5045878099035421,4.277350098112614,unique_starts,3.436012876068581,low_compatibility_junction
6081,278,410,56,10,41,21,1,7.0,6.785714285714286,10,56,10,5.6,56,0,0,0,0.999999999999982,0.001495,0.002505,0.3074153656252049,0.5045878099035421,0.5045878099035421,7.156173761888606,unique_starts,3.430305859983532,low_compatibility_junction
2802,136,410,44,15,26,30,2,8.0,7.704545454545454,10,44,15,2.933333333333333,44,13,13,13,0.5438596491227975,0.00209,0.002505,0.3548665681678522,0.5045878099035421,0.5045878099035421,8.196116135138183,unique_starts,3.416555282958425,low_compatibility_junction
10220,474,409,3,3,3,3,10,10.0,10.0,10,3,3,1.0,3,0,0,0,0.9999999999996666,0.002335,0.00128,0.4843299268618116,0.259506491096278,0.4843299268618116,10.577350269189626,unique_starts,3.4117711214032322,low_compatibility_junction
1738,82,410,49,6,26,14,1,6.0,6.428571428571429,10,49,6,8.166666666666666,49,4,0,0,0.9999999999999796,0.00174,0.002505,0.3768162924723844,0.5045878099035421,0.5045878099035421,6.196116135138184,unique_starts,3.4110262138976633,low_compatibility_junction
8863,410,102,29,7,7,29,1,3.0,2.862068965517241,6,29,7,4.142857142857143,29,275,275,275,-0.8092105263157867,0.002505,0.00135,0.5045878099035421,0.2260591083255975,0.5045878099035421,3.3779644730092278,unique_starts,3.4106375804509867,low_compatibility_junction
6476,297,104,227,26,51,166,1,5.0,5.022026431718062,9,227,26,8.73076923076923,227,42,42,42,0.6877323420074323,0.001635,0.001405,0.4066056211942844,0.225104225072809,0.4066056211942844,5.140028008402801,unique_starts,3.390322335352397,low_compatibility_junction
6480,297,130,263,19,56,109,1,6.0,5.70342205323194,10,263,19,13.842105263157896,263,2,0,0,0.999999999999996,0.001635,0.00218,0.4066056211942844,0.3793239664634075,0.4066056211942844,6.133630620956212,unique_starts,3.3818879496574326,low_compatibility_junction
8860,410,90,67,2,14,13,1,7.0,7.08955223880597,10,67,2,33.5,67,0,0,0,0.9999999999999852,0.002505,0.002275,0.5045878099035421,0.3788868923572994,0.5045878099035421,7.267261241912425,unique_starts,3.3814570572701568,low_compatibility_junction
8887,410,373,73,2,11,16,1,7.0,6.780821917808219,10,73,2,36.5,73,0,0,0,0.9999999999999865,0.002505,0.001765,0.5045878099035421,0.3383665252283958,0.5045878099035421,7.301511344577763,unique_starts,3.3789836733803003,low_compatibility_junction
6469,297,14,75,18,39,42,1,3.0,3.92,8,75,18,4.166666666666667,75,10,10,10,0.7647058823529322,0.001635,0.00121,0.4066056211942844,0.2291805092662268,0.4066056211942844,3.160128153805087,unique_starts,3.3734230830699876,low_compatibility_junction
8551,395,297,277,12,58,61,1,7.0,6.693140794223827,10,277,12,23.08333333333333,277,0,0,0,0.9999999999999964,0.00179,0.001635,0.381018775157485,0.4066056211942844,0.4066056211942844,7.131306432859723,unique_starts,3.3683294026495116,low_compatibility_junction
8157,376,410,22,3,19,5,1,6.0,5.863636363636363,10,22,3,7.333333333333333,22,2,0,0,0.9999999999999546,0.00193,0.002505,0.3724636266448362,0.5045878099035421,0.5045878099035421,6.229415733870562,unique_starts,3.365534495805757,low_compatibility_junction
8881,410,293,20,6,7,19,1,5.0,4.95,8,20,6,3.333333333333333,20,116,116,116,-0.7058823529411713,0.002505,0.001115,0.5045878099035421,0.2210468828651243,0.5045878099035421,5.377964473009227,unique_starts,3.3625369813558508,low_compatibility_junction
8861,410,91,40,4,5,40,1,6.0,5.725,10,40,4,10.0,40,0,0,0,0.9999999999999748,0.002505,0.001495,0.5045878099035421,0.187690014437701,0.5045878099035421,6.447213595499958,unique_starts,3.361396596089732,low_compatibility_junction
324,11,410,6,3,6,3,1,2.5,3.0,6,6,3,2.0,6,0,0,0,0.9999999999998334,0.00109,0.002505,0.1797439836978085,0.5045878099035421,0.5045878099035421,2.908248290463863,unique_starts,3.3604430603347697,low_compatibility_junction
2127,102,297,115,14,65,26,1,5.0,4.6869565217391305,8,115,14,8.214285714285714,115,14,14,14,0.7829457364341025,0.00135,0.001635,0.2260591083255975,0.4066056211942844,0.4066056211942844,5.124034734589208,unique_starts,3.3600843223731056,low_compatibility_junction
1551,74,248,219,104,201,190,1,1.0,1.2283105022831051,3,219,104,2.105769230769231,219,2,0,0,0.9999999999999954,0.001315,0.002135,0.2591953684530776,0.4030767285678711,0.4030767285678711,1.07053456158586,unique_starts,3.354324108207978,low_compatibility_junction
1732,82,297,168,9,52,30,1,6.0,5.8273809523809526,10,168,9,18.666666666666668,168,0,0,0,0.999999999999994,0.00174,0.001635,0.3768162924723844,0.4066056211942844,0.4066056211942844,6.138675049056308,unique_starts,3.3493775919293634,low_compatibility_junction
8894,410,434,10,3,3,10,2,3.0,3.4,6,10,3,3.333333333333333,10,0,0,0,0.9999999999999,0.002505,0.0013,0.5045878099035421,0.1857062967244754,0.5045878099035421,3.5773502691896257,unique_starts,3.3454009374062337,low_compatibility_junction
220,8,231,391,22,132,76,1,5.0,5.406649616368286,10,391,22,17.772727272727273,391,9,9,9,0.9549999999999976,0.00305,0.00225,0.5520708483104224,0.3328472618379923,0.5520708483104224,5.087038827977849,unique_starts,3.34193139459945,low_compatibility_junction
4323,200,410,14,4,14,4,6,8.5,8.428571428571429,10,14,4,3.5,14,0,0,0,0.9999999999999286,0.00169,0.002505,0.3070458813703961,0.5045878099035421,0.5045878099035421,8.767261241912424,unique_starts,3.3378211892450915,low_compatibility_junction
4062,190,410,13,3,13,3,6,8.0,8.307692307692308,10,13,3,4.333333333333333,13,1,0,0,0.9999999999999232,0.00169,0.002505,0.1826010373145243,0.5045878099035421,0.5045878099035421,8.277350098112615,unique_starts,3.3305588593215667,low_compatibility_junction
9882,457,297,74,12,21,37,1,4.0,4.1891891891891895,10,74,12,6.166666666666667,74,2,0,0,0.9999999999999866,0.00183,0.001635,0.3301676118613675,0.4066056211942844,0.4066056211942844,4.218217890235993,unique_starts,3.3292423188630798,low_compatibility_junction
8862,410,96,17,5,6,14,7,9.0,8.882352941176471,10,17,5,3.4,17,0,0,0,0.9999999999999412,0.002505,0.001595,0.5045878099035421,0.2700050992681595,0.5045878099035421,9.408248290463863,unique_starts,3.328540398469051,low_compatibility_junction
2657,130,151,432,15,104,86,1,6.0,5.576388888888889,10,432,15,28.8,432,0,0,0,0.9999999999999976,0.00218,0.00229,0.3793239664634075,0.4166024875931544,0.4166024875931544,6.098058067569092,unique_starts,3.3284951222116925,low_compatibility_junction
8885,410,359,15,4,4,15,2,6.0,5.933333333333334,10,15,4,3.75,15,9,9,9,0.2499999999999896,0.002505,0.001345,0.5045878099035421,0.2213728054642775,0.5045878099035421,6.5,unique_starts,3.326422544326507,low_compatibility_junction
1474,68,410,14,4,8,7,7,9.0,8.928571428571429,10,14,4,3.5,14,0,0,0,0.9999999999999286,0.00229,0.002505,0.3601985864965565,0.5045878099035421,0.5045878099035421,9.353553390593271,unique_starts,3.324209908507335,low_compatibility_junction
6333,291,410,11,4,11,4,8,9.0,9.090909090909092,10,11,4,2.75,11,0,0,0,0.9999999999999092,0.001995,0.002505,0.3627280603690173,0.5045878099035421,0.5045878099035421,9.301511344577763,unique_starts,3.3236752096928925,low_compatibility_junction
8898,410,477,19,4,4,19,4,8.0,7.736842105263157,10,19,4,4.75,19,0,0,0,0.9999999999999476,0.002505,0.001775,0.5045878099035421,0.2578191005121517,0.5045878099035421,8.5,unique_starts,3.323285838546538,low_compatibility_junction
3139,151,231,311,19,86,73,1,6.0,6.112540192926045,10,311,19,16.36842105263158,311,1,0,0,0.9999999999999968,0.00229,0.00225,0.4166024875931544,0.3328472618379923,0.4166024875931544,6.107832773203438,unique_starts,3.318625709800289,low_compatibility_junction
8200,380,410,11,3,11,4,5,9.0,8.545454545454545,10,11,3,3.6666666666666665,11,2,0,0,0.9999999999999092,0.001205,0.002505,0.169078986654213,0.5045878099035421,0.5045878099035421,9.301511344577763,unique_starts,3.318443177955495,low_compatibility_junction
2157,104,297,42,8,36,9,1,4.0,4.0,8,42,8,5.25,42,227,227,227,-0.6877323420074323,0.001405,0.001635,0.225104225072809,0.4066056211942844,0.4066056211942844,4.166666666666667,unique_starts,3.314661132605907,low_compatibility_junction
4792,226,410,11,2,2,11,2,4.0,4.2727272727272725,7,11,2,5.5,11,0,0,0,0.9999999999999092,0.000385,0.002505,0.1437780007005821,0.5045878099035421,0.5045878099035421,4.707106781186548,unique_starts,3.313915788093837,low_compatibility_junction
8527,394,410,9,4,9,4,4,9.0,8.11111111111111,10,9,4,2.25,9,0,0,0,0.9999999999998888,0.00199,0.002505,0.270932902822497,0.5045878099035421,0.5045878099035421,9.333333333333334,unique_starts,3.313452167349144,low_compatibility_junction
8873,410,183,10,4,6,7,7,9.5,9.1,10,10,4,2.5,10,0,0,0,0.9999999999999,0.002505,0.00183,0.5045878099035421,0.3845255931511842,0.5045878099035421,9.908248290463863,unique_starts,3.3067366987690665,low_compatibility_junction
1147,52,410,9,2,9,2,6,8.0,8.222222222222221,10,9,2,4.5,9,6,6,6,0.1999999999999866,0.00227,0.002505,0.142974853694569,0.5045878099035421,0.5045878099035421,8.333333333333334,unique_starts,3.3049470957617144,low_compatibility_junction
3385,161,410,8,3,8,3,7,9.0,8.875,10,8,3,2.6666666666666665,8,6,0,0,0.999999999999875,0.002015,0.002505,0.3463495601170924,0.5045878099035421,0.5045878099035421,9.353553390593271,unique_starts,3.3023124139365407,low_compatibility_junction
8561,395,410,8,4,7,5,9,10.0,9.625,10,8,4,2.0,8,0,0,0,0.999999999999875,0.00179,0.002505,0.381018775157485,0.5045878099035421,0.5045878099035421,10.377964473009229,unique_starts,3.302005017034857,low_compatibility_junction
6073,278,297,88,6,31,24,3,7.5,7.306818181818182,10,88,6,14.666666666666666,88,0,0,0,0.9999999999999888,0.001495,0.001635,0.3074153656252049,0.4066056211942844,0.4066056211942844,7.679605302026775,unique_starts,3.2999301308283115,low_compatibility_junction
8607,400,410,7,3,7,4,1,8.0,6.714285714285714,9,7,3,2.333333333333333,7,0,0,0,0.9999999999998572,0.00183,0.002505,0.1346674111981061,0.5045878099035421,0.5045878099035421,8.377964473009227,unique_starts,3.299180365209875,low_compatibility_junction
8857,410,14,8,2,2,8,3,5.0,5.0,7,8,2,4.0,8,0,0,0,0.999999999999875,0.002505,0.00121,0.5045878099035421,0.2291805092662268,0.5045878099035421,5.707106781186548,unique_starts,3.292030286147137,low_compatibility_junction
2190,106,410,7,2,3,6,3,6.0,5.428571428571429,7,7,2,3.5,7,3,0,0,0.9999999999998572,0.000865,0.002505,0.2124029185087237,0.5045878099035421,0.5045878099035421,6.577350269189626,unique_starts,3.286599594798474,low_compatibility_junction
1078,48,8,265,12,53,67,1,6.0,5.837735849056604,10,265,12,22.08333333333333,265,126,126,126,0.3554987212276205,0.00193,0.00305,0.3280516829944038,0.5520708483104224,0.5520708483104224,6.137360563948689,unique_starts,3.286435607508,low_compatibility_junction
6477,297,106,49,6,22,13,2,6.0,5.63265306122449,10,49,6,8.166666666666666,49,5,5,5,0.8148148148147997,0.001635,0.000865,0.4066056211942844,0.2124029185087237,0.4066056211942844,6.21320071635561,unique_starts,3.2817085505614094,low_compatibility_junction
11016,511,410,9,2,2,9,1,7.0,6.444444444444445,10,9,2,4.5,9,1,0,0,0.9999999999998888,0.0009,0.002505,0.1530114286369215,0.5045878099035421,0.5045878099035421,7.707106781186548,unique_starts,3.2811819126605353,low_compatibility_junction
7811,359,410,9,2,2,9,1,8.0,6.666666666666667,10,9,2,4.5,9,15,15,15,-0.2499999999999896,0.001345,0.002505,0.2213728054642775,0.5045878099035421,0.5045878099035421,8.707106781186548,unique_starts,3.2767176269462497,low_compatibility_junction
8874,410,192,4,2,2,4,4,5.5,6.0,9,4,2,2.0,4,0,0,0,0.99999999999975,0.002505,0.000585,0.5045878099035421,0.200634464641848,0.5045878099035421,6.207106781186548,unique_starts,3.2683085484198116,low_compatibility_junction
5874,269,8,117,28,68,69,6,10.0,9.333333333333334,10,117,28,4.178571428571429,117,0,0,0,0.9999999999999916,0.001065,0.00305,0.1707657308869159,0.5520708483104224,0.5520708483104224,10.121267812518166,unique_starts,3.2678112477828436,low_compatibility_junction
8858,410,52,6,2,2,6,1,7.5,6.0,10,6,2,3.0,6,9,9,9,-0.1999999999999866,0.002505,0.00227,0.5045878099035421,0.142974853694569,0.5045878099035421,8.207106781186548,unique_starts,3.267164596038509,low_compatibility_junction
9609,442,410,6,2,2,6,1,7.5,6.666666666666667,9,6,2,3.0,6,1,0,0,0.9999999999998334,0.001445,0.002505,0.2232159680383715,0.5045878099035421,0.5045878099035421,8.207106781186548,unique_starts,3.267164596038509,low_compatibility_junction
3251,156,248,64,40,61,57,1,1.0,1.171875,2,64,40,1.6,64,0,0,0,0.9999999999999843,0.001425,0.002135,0.2393341275330326,0.4030767285678711,0.4030767285678711,1.128036879932896,unique_starts,3.2648037535874175,low_compatibility_junction
2904,141,248,431,99,327,199,1,2.0,2.3874709976798143,5,431,99,4.353535353535354,431,0,0,0,0.9999999999999976,0.001665,0.002135,0.2829149490189609,0.4030767285678711,0.4030767285678711,2.055300126360933,unique_starts,3.2615609244298898,low_compatibility_junction
7147,327,297,41,6,17,20,7,9.0,9.073170731707316,10,41,6,6.833333333333333,41,0,0,0,0.9999999999999756,0.0021,0.001635,0.2819346524135547,0.4066056211942844,0.4066056211942844,9.242535625036332,unique_starts,3.2563840889041127,low_compatibility_junction
3146,151,343,45,7,27,11,1,3.0,3.088888888888889,6,45,7,6.428571428571429,45,37,37,37,0.0975609756097549,0.00229,0.00204,0.4166024875931544,0.3543272340486408,0.4166024875931544,3.192450089729875,unique_starts,3.249771080786365,low_compatibility_junction
2125,102,151,105,14,47,47,6,9.0,9.114285714285714,10,105,14,7.5,105,0,0,0,0.9999999999999906,0.00135,0.00229,0.2260591083255975,0.4166024875931544,0.4166024875931544,9.145864991497897,unique_starts,3.2488271945795724,low_compatibility_junction
204,8,48,126,7,33,41,1,5.0,5.563492063492063,10,126,7,18.0,126,265,265,265,-0.3554987212276205,0.00305,0.00193,0.5520708483104224,0.3280516829944038,0.5520708483104224,5.174077655955698,unique_starts,3.2484185291400047,low_compatibility_junction
231,8,391,152,9,44,47,1,8.0,7.269736842105263,10,152,9,16.88888888888889,152,1,0,0,0.9999999999999934,0.00305,0.0019,0.5520708483104224,0.2788390555850148,0.5520708483104224,8.150755672288883,unique_starts,3.2475491342040863,low_compatibility_junction
6498,297,343,44,4,14,17,4,9.0,8.204545454545455,10,44,4,11.0,44,0,0,0,0.9999999999999772,0.001635,0.00204,0.4066056211942844,0.3543272340486408,0.4066056211942844,9.267261241912424,unique_starts,3.246470828254639,low_compatibility_junction
8196,380,297,40,2,17,5,1,6.5,6.375,10,40,2,20.0,40,0,0,0,0.9999999999999748,0.001205,0.001635,0.169078986654213,0.4066056211942844,0.4066056211942844,6.742535625036333,unique_starts,3.2464151419367067,low_compatibility_junction
6481,297,132,39,5,13,21,6,9.0,8.615384615384615,10,39,5,7.8,39,0,0,0,0.9999999999999744,0.001635,0.001725,0.4066056211942844,0.2839627905487994,0.4066056211942844,9.277350098112615,unique_starts,3.2452854181773443,low_compatibility_junction
6497,297,330,26,4,15,8,3,6.0,6.115384615384615,10,26,4,6.5,26,0,0,0,0.9999999999999616,0.001635,0.00072,0.4066056211942844,0.2489937302166937,0.4066056211942844,6.258198889747161,unique_starts,3.2452074846449883,low_compatibility_junction
7918,363,297,50,2,12,10,2,7.0,6.9,10,50,2,25.0,50,0,0,0,0.99999999999998,0.001945,0.001635,0.3369977607619727,0.4066056211942844,0.4066056211942844,7.288675134594813,unique_starts,3.2431581594551364,low_compatibility_junction
9706,447,8,123,7,43,24,1,7.0,6.203252032520325,10,123,7,17.571428571428573,123,0,0,0,0.999999999999992,0.002265,0.00305,0.3867985892417394,0.5520708483104224,0.5520708483104224,7.152498570332605,unique_starts,3.2393982093457896,low_compatibility_junction
405,14,8,97,17,34,61,6,9.0,8.845360824742269,10,97,17,5.705882352941177,97,0,0,0,0.9999999999999898,0.00121,0.00305,0.2291805092662268,0.5520708483104224,0.5520708483104224,9.171498585142508,unique_starts,3.2374328751288695,low_compatibility_junction
8008,370,297,6,2,2,6,1,2.0,2.1666666666666665,4,6,2,3.0,6,1,0,0,0.9999999999998334,0.00066,0.001635,0.110079509212748,0.4066056211942844,0.4066056211942844,2.7071067811865475,unique_starts,3.2332731426275596,low_compatibility_junction
3158,151,510,128,5,17,42,1,6.0,6.1953125,10,128,5,25.6,128,0,0,0,0.9999999999999922,0.00229,0.00177,0.4166024875931544,0.2731838841038326,0.4166024875931544,6.242535625036333,unique_starts,3.2246410331130884,low_compatibility_junction
426,14,297,10,5,10,5,2,5.0,4.9,7,10,5,2.0,10,75,75,75,-0.7647058823529322,0.00121,0.001635,0.2291805092662268,0.4066056211942844,0.4066056211942844,5.316227766016838,unique_starts,3.2197353350039526,low_compatibility_junction
6488,297,201,18,2,5,6,1,4.0,4.5,9,18,2,9.0,18,0,0,0,0.9999999999999444,0.001635,0.00175,0.4066056211942844,0.2804005371849835,0.4066056211942844,4.447213595499958,unique_starts,3.2196018845322865,low_compatibility_junction
6506,297,442,18,3,4,13,2,4.5,4.5,7,18,3,6.0,18,0,0,0,0.9999999999999444,0.001635,0.001445,0.4066056211942844,0.2232159680383715,0.4066056211942844,5.0,unique_starts,3.215127820963936,low_compatibility_junction
768,31,248,382,100,299,182,1,3.0,2.534031413612565,4,382,100,3.82,382,0,0,0,0.9999999999999972,0.001575,0.002135,0.253724018996931,0.4030767285678711,0.4030767285678711,3.057831493196624,unique_starts,3.2141076754420648,low_compatibility_junction
3151,151,394,63,5,17,23,1,5.0,5.047619047619048,10,63,5,12.6,63,22,22,22,0.4823529411764649,0.00229,0.00199,0.4166024875931544,0.270932902822497,0.4166024875931544,5.242535625036333,unique_starts,3.2101068535329578,low_compatibility_junction
6475,297,102,14,3,3,14,1,4.0,4.142857142857143,7,14,3,4.666666666666667,14,115,115,115,-0.7829457364341025,0.001635,0.00135,0.4066056211942844,0.2260591083255975,0.4066056211942844,4.577350269189626,unique_starts,3.209128153047427,low_compatibility_junction
2797,136,297,12,2,3,12,1,3.5,3.6666666666666665,8,12,2,6.0,12,10,0,0,0.9999999999999166,0.00209,0.001635,0.3548665681678522,0.4066056211942844,0.4066056211942844,4.077350269189626,unique_starts,3.2066428598901515,low_compatibility_junction
6490,297,226,13,3,13,4,5,8.0,7.846153846153846,10,13,3,4.333333333333333,13,1,0,0,0.9999999999999232,0.001635,0.000385,0.4066056211942844,0.1437780007005821,0.4066056211942844,8.277350098112615,unique_starts,3.2050007392439506,low_compatibility_junction
6474,297,91,25,2,5,13,1,7.0,6.6,10,25,2,12.5,25,4,0,0,0.99999999999996,0.001635,0.001495,0.4066056211942844,0.187690014437701,0.4066056211942844,7.447213595499958,unique_starts,3.2030491110904076,low_compatibility_junction
8150,376,297,10,2,10,2,1,6.0,5.9,10,10,2,5.0,10,0,0,0,0.9999999999999,0.00193,0.001635,0.3724636266448362,0.4066056211942844,0.4066056211942844,6.316227766016838,unique_starts,3.195149826664806,low_compatibility_junction
8520,394,297,10,2,10,2,6,8.0,8.0,10,10,2,5.0,10,0,0,0,0.9999999999999,0.00199,0.001635,0.270932902822497,0.4066056211942844,0.4066056211942844,8.316227766016837,unique_starts,3.1847331599981397,low_compatibility_junction
4885,231,8,9,2,7,3,1,2.0,2.555555555555556,5,9,2,4.5,9,391,391,391,-0.9549999999999976,0.00225,0.00305,0.3328472618379923,0.5520708483104224,0.5520708483104224,2.3779644730092278,unique_starts,3.183576625849128,low_compatibility_junction
5289,248,12,26,11,21,25,1,1.0,1.2307692307692308,2,26,11,2.363636363636364,26,0,0,0,0.9999999999999616,0.002135,0.001385,0.4030767285678711,0.2497553974829555,0.4030767285678711,1.2182178902359924,unique_starts,3.183039818240592,low_compatibility_junction
232,8,420,65,4,14,19,1,7.0,6.7384615384615385,10,65,4,16.25,65,0,0,0,0.9999999999999848,0.00305,0.00149,0.5520708483104224,0.2569497732392729,0.5520708483104224,7.267261241912425,unique_starts,3.182571973022415,low_compatibility_junction
1331,61,248,354,124,281,316,4,5.0,5.285310734463277,7,354,124,2.8548387096774195,354,0,0,0,0.9999999999999972,0.0015,0.002135,0.3160722068114281,0.4030767285678711,0.4030767285678711,5.059654998627189,unique_starts,3.1818455152335807,low_compatibility_junction
2180,106,297,5,2,4,3,3,4.0,3.8,5,5,2,2.5,5,49,49,49,-0.8148148148147997,0.000865,0.001635,0.2124029185087237,0.4066056211942844,0.4066056211942844,4.5,unique_starts,3.177721337844889,low_compatibility_junction
2150,104,151,40,6,16,18,5,9.0,8.825,10,40,6,6.666666666666667,40,0,0,0,0.9999999999999748,0.001405,0.00229,0.225104225072809,0.4166024875931544,0.4166024875931544,9.25,unique_starts,3.175630725008561,low_compatibility_junction
1470,68,297,8,2,8,2,4,7.5,7.375,10,8,2,4.0,8,3,3,3,0.4545454545454132,0.00229,0.001635,0.3601985864965565,0.4066056211942844,0.4066056211942844,7.853553390593274,unique_starts,3.1755645873422256,low_compatibility_junction
9468,436,297,13,2,5,7,7,9.0,8.76923076923077,10,13,2,6.5,13,1,0,0,0.9999999999999232,0.00154,0.001635,0.2988612039504548,0.4066056211942844,0.4066056211942844,9.447213595499958,unique_starts,3.174916719392134,low_compatibility_junction
415,14,151,33,8,13,23,6,9.0,8.909090909090908,10,33,8,4.125,33,0,0,0,0.9999999999999696,0.00121,0.00229,0.2291805092662268,0.4166024875931544,0.4166024875931544,9.277350098112615,unique_starts,3.1708632196856215,low_compatibility_junction
3128,151,48,50,2,12,9,1,6.0,5.6,10,50,2,25.0,50,14,14,14,0.5624999999999912,0.00229,0.00193,0.4166024875931544,0.3280516829944038,0.4166024875931544,6.288675134594813,unique_starts,3.17048353806459,low_compatibility_junction
3727,175,61,195,26,184,39,1,3.0,3.784615384615385,10,195,26,7.5,195,84,84,84,0.3978494623655899,0.00503,0.0015,0.7906895530825655,0.3160722068114281,0.7906895530825655,3.0737209780774486,unique_starts,3.1684081760946743,low_compatibility_junction
5883,269,151,28,7,16,15,6,9.0,9.035714285714286,10,28,7,4.0,28,0,0,0,0.9999999999999644,0.001065,0.00229,0.1707657308869159,0.4166024875931544,0.4166024875931544,9.25,unique_starts,3.16746451556887,low_compatibility_junction
3145,151,327,61,2,10,16,2,7.0,7.245901639344262,10,61,2,30.5,61,16,16,16,0.5844155844155768,0.00229,0.0021,0.4166024875931544,0.2819346524135547,0.4166024875931544,7.316227766016838,unique_starts,3.1669861140297586,low_compatibility_junction
2781,136,8,45,6,10,35,5,8.0,7.888888888888889,10,45,6,7.5,45,0,0,0,0.9999999999999776,0.00209,0.00305,0.3548665681678522,0.5520708483104224,0.5520708483104224,8.316227766016837,unique_starts,3.166946844756057,low_compatibility_junction
7466,343,151,37,3,15,7,1,7.0,6.54054054054054,10,37,3,12.333333333333334,37,45,45,45,-0.0975609756097549,0.00204,0.00229,0.3543272340486408,0.4166024875931544,0.4166024875931544,7.258198889747161,unique_starts,3.1665454910349515,low_compatibility_junction
3150,151,391,24,5,18,8,1,7.0,6.5,10,24,5,4.8,24,2,0,0,0.9999999999999584,0.00229,0.0019,0.4166024875931544,0.2788390555850148,0.4166024875931544,7.235702260395516,unique_starts,3.166421523534608,low_compatibility_junction
7459,343,8,14,3,8,6,1,3.0,2.857142857142857,5,14,3,4.666666666666667,14,2,0,0,0.9999999999999286,0.00204,0.00305,0.3543272340486408,0.5520708483104224,0.5520708483104224,3.353553390593274,unique_starts,3.1646449941503043,low_compatibility_junction
2923,142,297,7,3,6,4,8,10.0,9.428571428571429,10,7,3,2.333333333333333,7,0,0,0,0.9999999999998572,0.001685,0.001635,0.2585042288492298,0.4066056211942844,0.4066056211942844,10.408248290463863,unique_starts,3.1642413436115304,low_compatibility_junction
3725,175,43,522,30,183,109,2,6.0,6.545977011494253,10,522,30,17.4,522,0,0,0,0.999999999999998,0.00503,0.00192,0.7906895530825655,0.3347441798582614,0.7906895530825655,6.073922127095457,unique_starts,3.1618735528819224,low_compatibility_junction
8510,394,151,22,2,10,11,1,4.0,3.863636363636364,8,22,2,11.0,22,63,63,63,-0.4823529411764649,0.00199,0.00229,0.270932902822497,0.4166024875931544,0.4166024875931544,4.316227766016838,unique_starts,3.1614200009723796,low_compatibility_junction
7141,327,151,16,2,10,5,1,3.5,3.75,8,16,2,8.0,16,61,61,61,-0.5844155844155768,0.0021,0.00229,0.2819346524135547,0.4166024875931544,0.4166024875931544,3.816227766016838,unique_starts,3.1604867910002734,low_compatibility_junction
3997,186,248,215,96,168,180,2,4.0,4.232558139534884,6,215,96,2.239583333333333,215,0,0,0,0.9999999999999952,0.00126,0.002135,0.289506985300499,0.4030767285678711,0.4030767285678711,4.077151674981046,unique_starts,3.1601851154697154,low_compatibility_junction
3723,175,31,401,31,219,77,2,6.0,6.192019950124688,10,401,31,12.935483870967742,401,0,0,0,0.9999999999999974,0.00503,0.001575,0.7906895530825655,0.253724018996931,0.7906895530825655,6.067573737839949,unique_starts,3.1582232557997556,low_compatibility_junction
5480,253,175,572,36,141,200,4,7.0,7.272727272727272,10,572,36,15.88888888888889,572,0,0,0,0.9999999999999982,0.00182,0.00503,0.3046073510335969,0.7906895530825655,0.7906895530825655,7.084215192106652,unique_starts,3.1569731114780057,low_compatibility_junction
8993,415,394,559,19,147,142,1,6.0,6.007155635062611,10,559,19,29.42105263157895,559,4,4,4,0.9857904085257532,0.00186,0.00199,0.4019911247264064,0.270932902822497,0.4019911247264064,6.082478609884232,unique_starts,3.156290408522389,low_compatibility_junction
3603,171,102,500,17,101,113,1,7.0,7.074,10,500,17,29.41176470588235,500,0,0,0,0.999999999999998,0.00343,0.00135,0.6420139129410399,0.2260591083255975,0.6420139129410399,7.099503719020999,unique_starts,3.156022797253901,low_compatibility_junction
234,8,475,49,2,6,19,1,6.0,6.244897959183674,10,49,2,24.5,49,0,0,0,0.9999999999999796,0.00305,0.001925,0.5520708483104224,0.1631674152096074,0.5520708483104224,6.408248290463863,unique_starts,3.1496195998437315,low_compatibility_junction
3152,151,401,23,3,15,6,1,8.0,7.260869565217392,10,23,3,7.666666666666667,23,0,0,0,0.9999999999999566,0.00229,0.001625,0.4166024875931544,0.1012494742279581,0.4166024875931544,8.258198889747161,unique_starts,3.1470891638104126,low_compatibility_junction
5528,256,175,349,30,66,197,1,4.0,4.435530085959885,10,349,30,11.633333333333333,349,0,0,0,0.9999999999999972,0.001515,0.00503,0.3194630613992499,0.7906895530825655,0.7906895530825655,4.123091490979332,unique_starts,3.1459161831129028,low_compatibility_junction
2903,141,175,439,35,108,215,4,7.0,7.136674259681094,10,439,35,12.542857142857144,439,0,0,0,0.9999999999999976,0.001665,0.00503,0.2829149490189609,0.7906895530825655,0.7906895530825655,7.096225044864938,unique_starts,3.1415129585981996,low_compatibility_junction
229,8,372,11,2,5,5,1,3.0,3.4545454545454546,6,11,2,5.5,11,1,0,0,0.9999999999999092,0.00305,0.001885,0.5520708483104224,0.2816663634414211,0.5520708483104224,3.447213595499958,unique_starts,3.141112858257794,low_compatibility_junction
10995,511,8,25,5,9,15,6,9.0,8.84,10,25,5,5.0,25,0,0,0,0.99999999999996,0.0009,0.00305,0.1530114286369215,0.5520708483104224,0.5520708483104224,9.333333333333334,unique_starts,3.1390117538717917,low_compatibility_junction
3607,171,136,154,15,87,33,1,4.0,4.538961038961039,10,154,15,10.266666666666667,154,0,0,0,0.9999999999999936,0.00343,0.00209,0.6420139129410399,0.3548665681678522,0.6420139129410399,4.107211253483779,unique_starts,3.138310732279223,low_compatibility_junction
1088,48,151,14,2,4,6,1,3.5,3.5,6,14,2,7.0,14,50,50,50,-0.5624999999999912,0.00193,0.00229,0.3280516829944038,0.4166024875931544,0.4166024875931544,4.0,unique_starts,3.1379164917982147,low_compatibility_junction
1091,48,171,368,12,75,88,1,6.0,5.9375,10,368,12,30.666666666666668,368,3,3,3,0.9838274932614528,0.00193,0.00343,0.3280516829944038,0.6420139129410399,0.6420139129410399,6.115470053837925,unique_starts,3.1374691082700763,low_compatibility_junction
2145,104,8,22,4,11,11,7,9.5,9.272727272727272,10,22,4,5.5,22,0,0,0,0.9999999999999546,0.001405,0.00305,0.225104225072809,0.5520708483104224,0.5520708483104224,9.801511344577763,unique_starts,3.133549918365331,low_compatibility_junction
205,8,61,15,5,12,7,7,9.0,9.2,10,15,5,3.0,15,0,0,0,0.9999999999999332,0.00305,0.0015,0.5520708483104224,0.3160722068114281,0.5520708483104224,9.288675134594811,unique_starts,3.1293239106072566,low_compatibility_junction
3728,175,74,232,30,174,51,4,7.0,7.228448275862069,10,232,30,7.733333333333333,232,170,170,170,0.1542288557213926,0.00503,0.001315,0.7906895530825655,0.2591953684530776,0.7906895530825655,7.07580980435789,unique_starts,3.128366950822542,low_compatibility_junction
6473,297,68,3,2,3,3,9,9.0,9.333333333333334,10,3,2,1.5,3,8,8,8,-0.4545454545454132,0.001635,0.00229,0.4066056211942844,0.3601985864965565,0.4066056211942844,9.577350269189626,unique_starts,3.124538961850985,low_compatibility_junction
454,17,151,23,2,8,8,6,9.0,8.695652173913043,10,23,2,11.5,23,0,0,0,0.9999999999999566,0.000765,0.00229,0.2215157454739061,0.4166024875931544,0.4166024875931544,9.353553390593271,unique_starts,3.123381155371426,low_compatibility_junction
233,8,457,15,6,8,11,7,10.0,9.266666666666667,10,15,6,2.5,15,2,0,0,0.9999999999999332,0.00305,0.00183,0.5520708483104224,0.3301676118613675,0.5520708483104224,10.353553390593271,unique_starts,3.1215384753620574,low_compatibility_junction
