edge_id,src,dst,num_segments,num_episodes,num_unique_starts,num_unique_terminations,min_h,median_h,mean_h,max_h,num_unique_start_goal_pairs,num_unique_episodes,support_density_per_episode,support_count,reverse_support_raw,reverse_support_certified,reverse_support_count,asymmetry,src_density,dst_density,src_bottleneck_score,dst_bottleneck_score,edge_bottleneck_score,cost,cost_support_unit
0,4,6,2479,37,347,311,7,19.0,18.982654296087134,25,2479,37,67.0,2479,1718,1718,1718,0.18131999046938285,0.0091,0.010255,0.5115589624042,0.5343662886165432,0.5343662886165432,19.053682812709503,unique_starts
1,4,7,484,18,117,109,15,23.0,22.485537190082646,25,484,18,26.88888888888889,484,493,493,493,-0.009211873080859766,0.0091,0.010105,0.5115589624042,0.7659791289368416,0.7659791289368416,23.092450032704203,unique_starts
2,4,8,15,4,8,8,22,25.0,24.266666666666666,25,15,4,3.75,15,36,36,36,-0.4117647058823449,0.0091,0.00467,0.5115589624042,0.7134823445613995,0.7134823445613995,25.353553390593273,unique_starts
3,4,26,695,19,110,133,8,20.0,19.6273381294964,25,695,19,36.578947368421055,695,643,643,643,0.038863976083707,0.0091,0.00467,0.5115589624042,0.6704800661246617,0.6704800661246617,20.095346258924558,unique_starts
4,4,27,76,3,17,18,16,23.0,22.44736842105263,25,76,3,25.333333333333332,76,147,147,147,-0.31838565022421383,0.0091,0.00359,0.5115589624042,0.7884498217965473,0.7884498217965473,23.242535625036332,unique_starts
5,4,46,25,2,9,9,21,24.0,23.8,25,25,2,12.5,25,7,7,7,0.5624999999999823,0.0091,0.01195,0.5115589624042,0.8091650794924012,0.8091650794924012,24.333333333333332,unique_starts
6,6,4,1718,30,217,264,7,18.0,17.841676367869617,25,1718,30,57.266666666666666,1718,2479,2479,2479,-0.18131999046938285,0.010255,0.0091,0.5343662886165432,0.5115589624042,0.5343662886165432,18.067884423330213,unique_starts
7,6,7,16945,59,1524,1487,1,13.0,13.199704927707288,25,16945,59,287.20338983050846,16945,15506,15506,15506,0.04434377985270099,0.010255,0.010105,0.5343662886165432,0.7659791289368416,0.7659791289368416,13.025615775978928,unique_starts
8,6,8,1985,28,257,278,8,19.0,19.1183879093199,25,1985,28,70.89285714285714,1985,2267,2267,2267,-0.0663217309501411,0.010255,0.00467,0.5343662886165432,0.7134823445613995,0.7134823445613995,19.06237828615518,unique_starts
9,6,9,427,21,109,102,15,23.0,22.40983606557377,25,427,21,20.333333333333332,427,1114,1114,1114,-0.4458144062297207,0.010255,0.01447,0.5343662886165432,0.7899940020455635,0.7899940020455635,23.095782628522116,unique_starts
10,6,10,28,4,12,12,21,24.0,24.0,25,28,4,7.0,28,41,41,41,-0.18840579710144656,0.010255,0.010545,0.5343662886165432,0.8149048391077722,0.8149048391077722,24.28867513459481,unique_starts
11,6,26,1828,28,191,278,1,11.0,11.593544857768052,25,1828,28,65.28571428571429,1828,1648,1648,1648,0.051783659378596074,0.010255,0.00467,0.5343662886165432,0.6704800661246617,0.6704800661246617,11.072357460529242,unique_starts
12,6,27,465,13,155,55,2,15.0,15.03010752688172,25,465,13,35.76923076923077,465,1296,1296,1296,-0.47189097103918204,0.010255,0.00359,0.5343662886165432,0.7884498217965473,0.7884498217965473,15.08032193289025,unique_starts
13,6,46,769,15,106,143,10,21.0,20.22886866059818,25,769,15,51.266666666666666,769,762,762,762,0.004572175048987587,0.010255,0.01195,0.5343662886165432,0.8091650794924012,0.8091650794924012,21.097128586235726,unique_starts
14,6,47,243,8,53,54,12,22.0,21.13991769547325,25,243,8,30.375,243,143,143,143,0.2590673575129527,0.010255,0.009835,0.5343662886165432,0.7900491930540177,0.7900491930540177,22.13736056394869,unique_starts
15,6,66,15,4,8,8,22,25.0,24.266666666666666,25,15,4,3.75,15,37,37,37,-0.4230769230769149,0.010255,0.00398,0.5343662886165432,0.48963125249390793,0.5343662886165432,25.353553390593273,unique_starts
16,7,4,493,18,104,117,13,23.0,22.23732251521298,25,493,18,27.38888888888889,493,484,484,484,0.009211873080859766,0.010105,0.0091,0.7659791289368416,0.5115589624042,0.7659791289368416,23.09805806756909,unique_starts
17,7,6,15506,56,1407,1483,1,13.0,13.223590868051078,25,15506,56,276.89285714285717,15506,16945,16945,16945,-0.04434377985270099,0.010105,0.010255,0.7659791289368416,0.5343662886165432,0.7659791289368416,13.026659558398736,unique_starts
18,7,8,4309,42,394,451,1,11.0,11.213506614063588,25,4309,42,102.5952380952381,4309,2952,2952,2952,0.1868888582839829,0.010105,0.00467,0.7659791289368416,0.7134823445613995,0.7659791289368416,11.050379272185987,unique_starts
19,7,9,2792,42,371,396,8,19.0,19.042263610315185,25,2792,42,66.47619047619048,2792,2633,2633,2633,0.02930875576036866,0.010105,0.01447,0.7659791289368416,0.7899940020455635,0.7899940020455635,19.051917413165118,unique_starts
20,7,10,686,32,160,170,14,23.0,22.46793002915452,25,686,32,21.4375,686,1127,1127,1127,-0.24324324324324312,0.010105,0.010545,0.7659791289368416,0.8149048391077722,0.8149048391077722,23.07905694150421,unique_starts
21,7,11,13,3,7,7,23,25.0,24.384615384615383,25,13,3,4.333333333333333,13,62,62,62,-0.6533333333333247,0.010105,0.00518,0.7659791289368416,0.6558119934495112,0.7659791289368416,25.37796447300923,unique_starts
22,7,26,714,19,149,102,1,13.0,12.829131652661065,25,714,19,37.578947368421055,714,1696,1696,1696,-0.4074688796680496,0.010105,0.00467,0.7659791289368416,0.6704800661246617,0.7659791289368416,13.081923192051905,unique_starts
23,7,27,1606,31,234,270,1,10.0,10.691158156911582,25,1606,31,51.806451612903224,1606,1147,1147,1147,0.16672720668361782,0.010105,0.00359,0.7659791289368416,0.7884498217965473,0.7884498217965473,10.065372045046061,unique_starts
24,7,46,303,9,58,65,14,22.0,21.43894389438944,25,303,9,33.666666666666664,303,562,562,562,-0.2994219653179187,0.010105,0.01195,0.7659791289368416,0.8091650794924012,0.8091650794924012,22.131306432859724,unique_starts
25,7,47,432,12,74,101,12,21.0,20.520833333333332,25,432,12,36.0,432,419,419,419,0.015276145710928302,0.010105,0.009835,0.7659791289368416,0.7900491930540177,0.7900491930540177,21.11624763874382,unique_starts
26,7,66,11,4,7,7,23,25.0,24.454545454545453,25,11,4,2.75,11,12,12,12,-0.04347826086956333,0.010105,0.00398,0.7659791289368416,0.48963125249390793,0.7659791289368416,25.37796447300923,unique_starts
27,8,4,36,7,15,15,20,24.0,23.75,25,36,7,5.142857142857143,36,15,15,15,0.4117647058823449,0.00467,0.0091,0.7134823445613995,0.5115589624042,0.7134823445613995,24.25819888974716,unique_starts
28,8,6,2267,40,296,352,7,17.0,17.498014997794442,25,2267,40,56.675,2267,1985,1985,1985,0.0663217309501411,0.00467,0.010255,0.7134823445613995,0.5343662886165432,0.7134823445613995,17.05812381937191,unique_starts
29,8,7,2952,52,397,409,1,9.0,9.685636856368564,25,2952,52,56.76923076923077,2952,4309,4309,4309,-0.1868888582839829,0.00467,0.010105,0.7134823445613995,0.7659791289368416,0.7659791289368416,9.05018856132285,unique_starts
30,8,9,4830,43,453,479,1,11.0,11.81407867494824,25,4830,43,112.32558139534883,4830,3916,3916,3916,0.10450491653327233,0.00467,0.01447,0.7134823445613995,0.7899940020455635,0.7899940020455635,11.046984098573494,unique_starts
31,8,10,3152,39,371,403,7,19.0,18.90228426395939,25,3152,39,80.82051282051282,3152,2863,2863,2863,0.04804655029093931,0.00467,0.010545,0.7134823445613995,0.8149048391077722,0.8149048391077722,19.051917413165118,unique_starts
32,8,11,611,23,140,143,14,23.0,22.48936170212766,25,611,23,26.565217391304348,611,1063,1063,1063,-0.27001194743130214,0.00467,0.00518,0.7134823445613995,0.6558119934495112,0.7134823445613995,23.08451542547285,unique_starts
33,8,26,855,17,134,112,7,18.0,18.29824561403509,25,855,17,50.294117647058826,855,907,907,907,-0.02951191827468784,0.00467,0.00467,0.7134823445613995,0.6704800661246617,0.7134823445613995,18.086386842558134,unique_starts
34,8,27,2541,32,241,351,1,14.0,13.927981109799292,25,2541,32,79.40625,2541,880,880,880,0.4855305466237941,0.00467,0.00359,0.7134823445613995,0.7884498217965473,0.7884498217965473,14.064415662640084,unique_starts
35,8,46,63,6,25,19,19,24.0,23.26984126984127,25,63,6,10.5,63,63,63,63,0.0,0.00467,0.01195,0.7134823445613995,0.8091650794924012,0.8091650794924012,24.2,unique_starts
36,8,47,395,17,93,101,14,23.0,22.468354430379748,25,395,17,23.235294117647058,395,44,44,44,0.7995444191343944,0.00467,0.009835,0.7134823445613995,0.7900491930540177,0.7900491930540177,23.103695169473042,unique_starts
37,9,6,1114,36,241,224,14,22.0,21.916517055655298,25,1114,36,30.944444444444443,1114,427,427,427,0.4458144062297207,0.01447,0.010255,0.7899940020455635,0.5343662886165432,0.7899940020455635,22.064415662640084,unique_starts
38,9,7,2633,48,396,337,7,17.0,16.810862134447397,25,2633,48,54.854166666666664,2633,2792,2792,2792,-0.02930875576036866,0.01447,0.010105,0.7899940020455635,0.7659791289368416,0.7899940020455635,17.05025189076296,unique_starts
39,9,8,3916,59,498,451,1,9.0,9.374872318692544,25,3916,59,66.37288135593221,3916,4830,4830,4830,-0.10450491653327233,0.01447,0.00467,0.7899940020455635,0.7134823445613995,0.7899940020455635,9.044811071494822,unique_starts
40,9,10,19067,66,1961,1460,1,13.0,13.410342476530131,25,19067,66,288.8939393939394,19067,19016,19016,19016,0.0013391802116429904,0.01447,0.010545,0.7899940020455635,0.8149048391077722,0.8149048391077722,13.022581937608857,unique_starts
41,9,11,2665,33,300,372,8,20.0,19.174484052532833,25,2665,33,80.75757575757575,2665,3447,3447,3447,-0.12794502617801046,0.01447,0.00518,0.7899940020455635,0.6558119934495112,0.7899940020455635,20.057735026918962,unique_starts
42,9,12,309,19,88,86,16,23.0,22.83495145631068,25,309,19,16.263157894736842,309,908,908,908,-0.49219391947411634,0.01447,0.01313,0.7899940020455635,0.6210515996023744,0.7899940020455635,23.106600358177804,unique_starts
43,9,26,280,16,77,73,16,23.0,22.567857142857143,25,280,16,17.5,280,127,127,127,0.375921375921375,0.01447,0.00467,0.7899940020455635,0.6704800661246617,0.7899940020455635,23.11396057645964,unique_starts
44,9,27,1807,31,238,293,7,20.0,19.6967349197565,25,1807,31,58.29032258064516,1807,555,555,555,0.530059271803556,0.01447,0.00359,0.7899940020455635,0.7884498217965473,0.7899940020455635,20.064820372355218,unique_starts
45,9,32,61,4,16,18,18,23.0,23.0,25,61,4,15.25,61,814,814,814,-0.8605714285714275,0.01447,0.007805,0.7899940020455635,0.6754425653101152,0.7899940020455635,23.25,unique_starts
46,9,47,32,5,12,14,20,24.0,23.6875,25,32,5,6.4,32,0,0,0,0.9999999999999687,0.01447,0.009835,0.7899940020455635,0.7900491930540177,0.7900491930540177,24.28867513459481,unique_starts
47,10,6,41,12,24,24,22,25.0,24.4390243902439,25,41,12,3.4166666666666665,41,28,28,28,0.18840579710144656,0.010545,0.010255,0.8149048391077722,0.5343662886165432,0.8149048391077722,25.20412414523193,unique_starts
48,10,7,1127,38,258,226,14,22.0,22.055013309671693,25,1127,38,29.657894736842106,1127,686,686,686,0.24324324324324312,0.010545,0.010105,0.8149048391077722,0.7659791289368416,0.8149048391077722,22.06225728063647,unique_starts
49,10,8,2863,50,413,362,7,17.0,17.382815228781,25,2863,50,57.26,2863,3152,3152,3152,-0.04804655029093931,0.010545,0.00467,0.8149048391077722,0.7134823445613995,0.8149048391077722,17.04920678313051,unique_starts
50,10,9,19016,82,1593,2083,1,12.0,12.780921329406816,25,19016,82,231.90243902439025,19016,19067,19067,19067,-0.0013391802116429904,0.010545,0.01447,0.8149048391077722,0.7899940020455635,0.8149048391077722,12.025054867600094,unique_starts
51,10,11,5415,37,403,528,1,13.0,13.057802400738689,25,5415,37,146.35135135135135,5415,3632,3632,3632,0.1970819056040676,0.010545,0.00518,0.8149048391077722,0.6558119934495112,0.8149048391077722,13.049813548138673,unique_starts
52,10,12,1553,26,254,200,9,20.0,19.31487443657437,25,1553,26,59.73076923076923,1553,1972,1972,1972,-0.11886524822695033,0.010545,0.01313,0.8149048391077722,0.6210515996023744,0.8149048391077722,20.062745580513816,unique_starts
53,10,26,4,2,4,2,23,24.5,24.25,25,4,2,2.0,4,1,0,0,0.99999999999975,0.010545,0.00467,0.8149048391077722,0.6704800661246617,0.8149048391077722,25.0,unique_starts
54,10,27,384,23,107,106,15,23.0,22.830729166666668,25,384,23,16.695652173913043,384,60,60,60,0.729729729729728,0.010545,0.00359,0.8149048391077722,0.7884498217965473,0.8149048391077722,23.096673648904567,unique_starts
55,10,32,482,15,91,97,11,22.0,21.487551867219917,25,482,15,32.13333333333333,482,2669,2669,2669,-0.6940653760710883,0.010545,0.007805,0.8149048391077722,0.6754425653101152,0.8149048391077722,22.104828483672193,unique_starts
56,11,7,62,15,34,32,21,25.0,24.258064516129032,25,62,15,4.133333333333334,62,13,13,13,0.6533333333333247,0.00518,0.010105,0.6558119934495112,0.7659791289368416,0.7659791289368416,25.17149858514251,unique_starts
57,11,8,1063,41,236,236,14,22.0,22.03857008466604,25,1063,41,25.926829268292682,1063,611,611,611,0.27001194743130214,0.00518,0.00467,0.6558119934495112,0.7134823445613995,0.7134823445613995,22.065094455490414,unique_starts
58,11,9,3447,57,425,519,7,18.0,17.830577313606035,25,3447,57,60.473684210526315,3447,2665,2665,2665,0.12794502617801046,0.00518,0.01447,0.6558119934495112,0.7899940020455635,0.7899940020455635,18.048507125007266,unique_starts
59,11,10,3632,58,443,485,1,9.0,9.62637665198238,25,3632,58,62.62068965517241,3632,5415,5415,5415,-0.1970819056040676,0.00518,0.010545,0.6558119934495112,0.8149048391077722,0.8149048391077722,9.047511433814558,unique_starts
60,11,12,2594,26,303,265,1,12.0,12.244410177332306,25,2594,26,99.76923076923077,2594,2670,2670,2670,-0.01443768996960486,0.00518,0.01313,0.6558119934495112,0.6210515996023744,0.6558119934495112,12.057448498962142,unique_starts
61,11,27,16,3,8,8,22,24.5,24.25,25,16,3,5.333333333333333,16,0,0,0,0.9999999999999376,0.00518,0.00359,0.6558119934495112,0.7884498217965473,0.7884498217965473,24.853553390593273,unique_starts
62,11,32,2726,23,294,272,2,18.0,17.352164343360236,25,2726,23,118.52173913043478,2726,3514,3514,3514,-0.12628205128205128,0.00518,0.007805,0.6558119934495112,0.6754425653101152,0.6754425653101152,18.058321184351982,unique_starts
63,11,53,70,7,23,30,16,24.0,23.014285714285716,25,70,7,10.0,70,446,446,446,-0.7286821705426342,0.00518,0.00707,0.6558119934495112,0.5884038409633391,0.6558119934495112,24.208514414057074,unique_starts
64,12,8,35,6,16,14,20,24.0,23.771428571428572,25,35,6,5.833333333333333,35,10,0,0,0.9999999999999714,0.01313,0.00467,0.6210515996023744,0.7134823445613995,0.7134823445613995,24.25,unique_starts
65,12,9,908,36,180,238,14,22.5,22.035242290748897,25,908,36,25.22222222222222,908,309,309,309,0.49219391947411634,0.01313,0.01447,0.6210515996023744,0.7899940020455635,0.7899940020455635,22.574535599249995,unique_starts
66,12,10,1972,40,286,306,7,17.0,17.38083164300203,25,1972,40,49.3,1972,1553,1553,1553,0.11886524822695033,0.01313,0.010545,0.6210515996023744,0.8149048391077722,0.8149048391077722,17.05913123959891,unique_starts
67,12,11,2670,46,355,366,1,9.0,9.410861423220974,25,2670,46,58.04347826086956,2670,2594,2594,2594,0.01443768996960486,0.01313,0.00518,0.6210515996023744,0.6558119934495112,0.6558119934495112,9.053074489243427,unique_starts
68,12,32,2086,29,306,282,1,12.0,12.522051773729626,25,2086,29,71.93103448275862,2086,2989,2989,2989,-0.1779310344827586,0.01313,0.007805,0.6210515996023744,0.6754425653101152,0.6754425653101152,12.057166195047502,unique_starts
69,12,53,192,11,47,59,15,23.0,22.604166666666668,25,192,11,17.454545454545453,192,1801,1801,1801,-0.8073256397390864,0.01313,0.00707,0.6210515996023744,0.5884038409633391,0.6210515996023744,23.145864991497895,unique_starts
70,26,4,643,14,112,96,9,20.0,19.709175738724728,25,643,14,45.92857142857143,643,695,695,695,-0.038863976083707,0.00467,0.0091,0.6704800661246617,0.5115589624042,0.6704800661246617,20.094491118252307,unique_starts
71,26,6,1648,27,223,252,1,10.0,10.736650485436893,25,1648,27,61.03703703703704,1648,1828,1828,1828,-0.051783659378596074,0.00467,0.010255,0.6704800661246617,0.5343662886165432,0.6704800661246617,10.066964953018243,unique_starts
72,26,7,1696,22,192,218,1,16.0,15.464622641509434,25,1696,22,77.0909090909091,1696,714,714,714,0.4074688796680496,0.00467,0.010105,0.6704800661246617,0.7659791289368416,0.7659791289368416,16.072168783648703,unique_starts
73,26,8,907,14,124,132,9,20.0,19.968026460859978,25,907,14,64.78571428571429,907,855,855,855,0.02951191827468784,0.00467,0.00467,0.6704800661246617,0.7134823445613995,0.7134823445613995,20.089802651013386,unique_starts
74,26,9,127,11,40,44,17,24.0,23.25984251968504,25,127,11,11.545454545454545,127,280,280,280,-0.375921375921375,0.00467,0.01447,0.6704800661246617,0.7899940020455635,0.7899940020455635,24.15811388300842,unique_starts
75,26,27,765,21,144,106,1,8.0,8.525490196078431,25,765,21,36.42857142857143,765,1213,1213,1213,-0.22649140546006055,0.00467,0.00359,0.6704800661246617,0.7884498217965473,0.7884498217965473,8.083333333333334,unique_starts
76,26,46,5533,37,474,517,1,14.0,13.783661666365443,25,5533,37,149.54054054054055,5533,3268,3268,3268,0.25735711850926024,0.00467,0.01195,0.6704800661246617,0.8091650794924012,0.8091650794924012,14.045931521217463,unique_starts
77,26,47,1533,23,218,195,2,18.0,17.135681669928246,25,1533,23,66.65217391304348,1533,644,644,644,0.40836012861736315,0.00467,0.009835,0.6704800661246617,0.7900491930540177,0.7900491930540177,18.06772854614786,unique_starts
78,26,66,816,19,163,119,10,21.0,20.125,25,816,19,42.94736842105263,816,1092,1092,1092,-0.1446540880503144,0.00467,0.00398,0.6704800661246617,0.48963125249390793,0.6704800661246617,21.078326044998796,unique_starts
79,26,86,69,9,32,25,18,24.0,23.52173913043478,25,69,9,7.666666666666667,69,64,64,64,0.037593984962405735,0.00467,0.008785,0.6704800661246617,1.1796914556086169,1.1796914556086169,24.17677669529664,unique_starts
80,26,87,64,10,27,30,20,24.0,23.765625,25,64,10,6.4,64,0,0,0,0.9999999999999845,0.00467,0.00718,0.6704800661246617,0.6510854167344372,0.6704800661246617,24.192450089729874,unique_starts
81,27,4,147,8,42,39,18,23.0,22.972789115646258,25,147,8,18.375,147,76,76,76,0.31838565022421383,0.00359,0.0091,0.7884498217965473,0.5115589624042,0.7884498217965473,23.154303349962092,unique_starts
82,27,6,1296,23,130,289,1,15.0,14.895061728395062,25,1296,23,56.34782608695652,1296,465,465,465,0.47189097103918204,0.00359,0.010255,0.7884498217965473,0.5343662886165432,0.7884498217965473,15.087705801930703,unique_starts
83,27,7,1147,28,195,218,1,10.0,10.910200523103748,25,1147,28,40.964285714285715,1147,1606,1606,1606,-0.16672720668361782,0.00359,0.010105,0.7884498217965473,0.7659791289368416,0.7884498217965473,10.071611487403944,unique_starts
84,27,8,880,12,102,114,2,15.0,15.402272727272727,25,880,12,73.33333333333333,880,2541,2541,2541,-0.4855305466237941,0.00359,0.00467,0.7884498217965473,0.7134823445613995,0.7884498217965473,15.099014754297668,unique_starts
85,27,9,555,13,89,107,9,21.0,20.886486486486486,25,555,13,42.69230769230769,555,1807,1807,1807,-0.530059271803556,0.00359,0.01447,0.7884498217965473,0.7899940020455635,0.7899940020455635,21.105999788000634,unique_starts
86,27,10,60,6,17,22,18,23.0,22.916666666666668,25,60,6,10.0,60,384,384,384,-0.729729729729728,0.00359,0.010545,0.7884498217965473,0.8149048391077722,0.8149048391077722,23.242535625036332,unique_starts
87,27,26,1213,29,197,173,1,8.0,8.03050288540808,22,1213,29,41.827586206896555,1213,765,765,765,0.22649140546006055,0.00359,0.00467,0.7884498217965473,0.6704800661246617,0.7884498217965473,8.07124704998791,unique_starts
88,27,46,1545,21,246,174,2,17.0,16.544983818770227,25,1545,21,73.57142857142857,1545,632,632,632,0.4193844740468533,0.00359,0.01195,0.7884498217965473,0.8091650794924012,0.8091650794924012,17.063757671306334,unique_starts
89,27,47,3762,30,379,319,1,13.0,13.5725677830941,25,3762,30,125.4,3762,1103,1103,1103,0.5465570400822198,0.00359,0.009835,0.7884498217965473,0.7900491930540177,0.7900491930540177,13.051366549693752,unique_starts
90,27,66,603,15,145,87,10,21.0,20.756218905472636,25,603,15,40.2,603,494,494,494,0.0993618960802187,0.00359,0.00398,0.7884498217965473,0.48963125249390793,0.7884498217965473,21.08304547985374,unique_starts
91,27,86,36,5,19,11,19,24.0,23.25,25,36,5,7.2,36,46,46,46,-0.12195121951219365,0.00359,0.008785,0.7884498217965473,1.1796914556086169,1.1796914556086169,24.22941573387056,unique_starts
92,27,87,81,12,35,35,21,24.0,24.012345679012345,25,81,12,6.75,81,1,0,0,0.9999999999999877,0.00359,0.00718,0.7884498217965473,0.6510854167344372,0.7884498217965473,24.169030850945703,unique_starts
93,32,8,16,4,10,9,22,25.0,24.375,25,16,4,4.0,16,0,0,0,0.9999999999999376,0.007805,0.00467,0.6754425653101152,0.7134823445613995,0.7134823445613995,25.316227766016837,unique_starts
94,32,9,814,37,193,197,14,23.0,22.53071253071253,25,814,37,22.0,814,61,61,61,0.8605714285714275,0.007805,0.01447,0.6754425653101152,0.7899940020455635,0.7899940020455635,23.07198157507487,unique_starts
95,32,10,2669,55,463,390,8,20.0,19.584488572499062,25,2669,55,48.527272727272724,2669,482,482,482,0.6940653760710883,0.007805,0.010545,0.6754425653101152,0.8149048391077722,0.8149048391077722,20.046473941234016,unique_starts
96,32,11,3514,49,479,375,1,15.0,14.750142287990894,25,3514,49,71.71428571428571,3514,2726,2726,2726,0.12628205128205128,0.007805,0.00518,0.6754425653101152,0.6558119934495112,0.6754425653101152,15.045691166238495,unique_starts
97,32,12,2989,48,391,546,1,11.0,12.004683840749415,25,2989,48,62.270833333333336,2989,2086,2086,2086,0.1779310344827586,0.007805,0.01313,0.6754425653101152,0.6210515996023744,0.6754425653101152,11.050572173742417,unique_starts
98,32,53,2179,24,280,210,1,17.0,16.61083065626434,25,2179,24,90.79166666666667,2179,5504,5504,5504,-0.4327736561239099,0.007805,0.00707,0.6754425653101152,0.5884038409633391,0.6754425653101152,17.05976143046672,unique_starts
99,32,54,706,15,121,113,10,22.0,20.81444759206799,25,706,15,47.06666666666667,706,560,560,560,0.11532385466034747,0.007805,0.00308,0.6754425653101152,0.526216986265938,0.6754425653101152,22.09090909090909,unique_starts
100,46,4,7,2,4,4,23,25.0,24.428571428571427,25,7,2,3.5,7,25,25,25,-0.5624999999999823,0.01195,0.0091,0.8091650794924012,0.5115589624042,0.8091650794924012,25.5,unique_starts
101,46,6,762,16,153,96,10,21.0,20.069553805774277,25,762,16,47.625,762,769,769,769,-0.004572175048987587,0.01195,0.010255,0.8091650794924012,0.5343662886165432,0.8091650794924012,21.080845208345444,unique_starts
102,46,7,562,14,110,100,11,22.0,21.316725978647685,25,562,14,40.142857142857146,562,303,303,303,0.2994219653179187,0.01195,0.010105,0.8091650794924012,0.7659791289368416,0.8091650794924012,22.095346258924558,unique_starts
103,46,8,63,6,20,23,19,24.0,23.38095238095238,25,63,6,10.5,63,63,63,63,0.0,0.01195,0.00467,0.8091650794924012,0.7134823445613995,0.8091650794924012,24.22360679774998,unique_starts
104,46,26,3268,25,300,289,1,13.0,13.133720930232558,25,3268,25,130.72,3268,5533,5533,5533,-0.25735711850926024,0.01195,0.00467,0.8091650794924012,0.6704800661246617,0.8091650794924012,13.057735026918962,unique_starts
105,46,27,632,10,88,78,3,15.0,15.330696202531646,25,632,10,63.2,632,1545,1545,1545,-0.4193844740468533,0.01195,0.00359,0.8091650794924012,0.7884498217965473,0.8091650794924012,15.106600358177806,unique_starts
106,46,47,16767,54,1617,1422,1,14.0,13.723564143853999,25,16767,54,310.5,16767,15458,15458,15458,0.040620636152055856,0.01195,0.009835,0.8091650794924012,0.7900491930540177,0.8091650794924012,14.0248682365651,unique_starts
107,46,66,4464,49,611,414,1,13.0,13.032482078853047,25,4464,49,91.10204081632654,4464,4164,4164,4164,0.034770514603616125,0.01195,0.00398,0.8091650794924012,0.48963125249390793,0.8091650794924012,13.040455669703137,unique_starts
108,46,86,1056,27,192,176,9,20.0,19.826704545454547,25,1056,27,39.111111111111114,1056,1600,1600,1600,-0.20481927710843367,0.01195,0.008785,0.8091650794924012,1.1796914556086169,1.1796914556086169,20.072168783648703,unique_starts
109,46,87,1253,26,198,200,9,21.0,20.193136472466083,25,1253,26,48.19230769230769,1253,481,481,481,0.4452133794694346,0.01195,0.00718,0.8091650794924012,0.6510854167344372,0.8091650794924012,21.07106690545187,unique_starts
110,46,106,44,6,17,20,21,24.0,23.84090909090909,25,44,6,7.333333333333333,44,79,79,79,-0.284552845528453,0.01195,0.004595,0.8091650794924012,0.6149593517926553,0.8091650794924012,24.242535625036332,unique_starts
111,46,107,109,10,38,39,19,24.0,23.623853211009173,25,109,10,10.9,109,30,30,30,0.5683453237410031,0.01195,0.00337,0.8091650794924012,0.5405989934813241,0.8091650794924012,24.162221421130763,unique_starts
112,47,6,143,7,35,37,13,21.0,20.594405594405593,25,143,7,20.428571428571427,143,243,243,243,-0.2590673575129527,0.009835,0.010255,0.7900491930540177,0.5343662886165432,0.7900491930540177,21.169030850945703,unique_starts
113,47,7,419,10,77,67,11,21.0,20.630071599045348,25,419,10,41.9,419,432,432,432,-0.015276145710928302,0.009835,0.010105,0.7900491930540177,0.7659791289368416,0.7900491930540177,21.11396057645964,unique_starts
114,47,8,44,3,14,14,19,24.0,23.40909090909091,25,44,3,14.666666666666666,44,395,395,395,-0.7995444191343944,0.009835,0.00467,0.7900491930540177,0.7134823445613995,0.7900491930540177,24.267261241912426,unique_starts
115,47,26,644,9,89,74,1,14.0,14.420807453416149,25,644,9,71.55555555555556,644,1533,1533,1533,-0.40836012861736315,0.009835,0.00467,0.7900491930540177,0.6704800661246617,0.7900491930540177,14.105999788000636,unique_starts
116,47,27,1103,12,115,123,1,12.0,12.580235720761559,25,1103,12,91.91666666666667,1103,3762,3762,3762,-0.5465570400822198,0.009835,0.00359,0.7900491930540177,0.7884498217965473,0.7900491930540177,12.09325048082403,unique_starts
117,47,46,15458,50,1407,1467,1,13.0,13.23224220468366,25,15458,50,309.16,15458,16767,16767,16767,-0.040620636152055856,0.009835,0.01195,0.7900491930540177,0.8091650794924012,0.8091650794924012,13.026659558398736,unique_starts
118,47,66,1607,32,347,191,2,15.0,14.672682016179216,25,1607,32,50.21875,1607,1775,1775,1775,-0.04967474866942636,0.009835,0.00398,0.7900491930540177,0.48963125249390793,0.7900491930540177,15.053682812709502,unique_starts
119,47,86,968,23,182,164,11,21.0,20.90805785123967,25,968,23,42.08695652173913,968,560,560,560,0.26701570680628256,0.009835,0.008785,0.7900491930540177,1.1796914556086169,1.1796914556086169,21.07412493166611,unique_starts
120,47,87,1600,30,261,219,10,21.0,20.073125,25,1600,30,53.333333333333336,1600,653,653,653,0.420328450954283,0.009835,0.00718,0.7900491930540177,0.6510854167344372,0.7900491930540177,21.06189844605902,unique_starts
121,47,106,64,11,29,28,21,24.0,24.015625,25,64,11,5.818181818181818,64,23,23,23,0.47126436781608655,0.009835,0.004595,0.7900491930540177,0.6149593517926553,0.7900491930540177,24.18569533817705,unique_starts
122,47,107,156,13,61,45,18,24.0,23.21153846153846,25,156,13,12.0,156,20,20,20,0.7727272727272684,0.009835,0.00337,0.7900491930540177,0.5405989934813241,0.7900491930540177,24.128036879932896,unique_starts
123,53,10,31,7,15,16,21,24.0,24.06451612903226,25,31,7,4.428571428571429,31,0,0,0,0.9999999999999678,0.00707,0.010545,0.5884038409633391,0.8149048391077722,0.8149048391077722,24.25819888974716,unique_starts
124,53,11,446,24,127,115,16,23.0,22.744394618834082,25,446,24,18.583333333333332,446,70,70,70,0.7286821705426342,0.00707,0.00518,0.5884038409633391,0.6558119934495112,0.6558119934495112,23.08873565094161,unique_starts
125,53,12,1801,40,350,272,10,22.0,20.960022209883398,25,1801,40,45.025,1801,192,192,192,0.8073256397390864,0.00707,0.01313,0.5884038409633391,0.6210515996023744,0.6210515996023744,22.053452248382484,unique_starts
126,53,32,5504,59,676,556,1,17.0,16.662790697674417,25,5504,59,93.28813559322033,5504,2179,2179,2179,0.4327736561239099,0.00707,0.007805,0.5884038409633391,0.6754425653101152,0.6754425653101152,17.03846153846154,unique_starts
127,53,54,2164,19,195,217,1,12.0,12.136783733826247,25,2164,19,113.89473684210526,2164,5479,5479,5479,-0.4337302106502682,0.00707,0.00308,0.5884038409633391,0.526216986265938,0.5884038409633391,12.071611487403944,unique_starts
128,54,12,24,2,9,7,20,24.0,23.416666666666668,25,24,2,12.0,24,3,0,0,0.9999999999999584,0.00308,0.01313,0.526216986265938,0.6210515996023744,0.6210515996023744,24.333333333333332,unique_starts
129,54,32,560,24,119,143,13,23.0,22.139285714285716,25,560,24,23.333333333333332,560,706,706,706,-0.11532385466034747,0.00308,0.007805,0.526216986265938,0.6754425653101152,0.6754425653101152,23.09166984970282,unique_starts
130,54,53,5479,55,397,767,1,12.0,12.699215185252783,25,5479,55,99.61818181818182,5479,2164,2164,2164,0.4337302106502682,0.00308,0.00707,0.526216986265938,0.5884038409633391,0.5884038409633391,12.05018856132285,unique_starts
131,66,6,37,6,16,15,20,24.0,23.81081081081081,25,37,6,6.166666666666667,37,15,15,15,0.4230769230769149,0.00398,0.010255,0.48963125249390793,0.5343662886165432,0.5343662886165432,24.25,unique_starts
132,66,7,12,4,9,6,22,24.5,24.166666666666668,25,12,4,3.0,12,11,11,11,0.04347826086956333,0.00398,0.010105,0.48963125249390793,0.7659791289368416,0.7659791289368416,24.833333333333332,unique_starts
133,66,26,1092,19,167,168,9,21.0,20.78205128205128,25,1092,19,57.473684210526315,1092,816,816,816,0.1446540880503144,0.00398,0.00467,0.48963125249390793,0.6704800661246617,0.6704800661246617,21.077382323253413,unique_starts
134,66,27,494,9,72,76,10,21.0,20.47165991902834,25,494,9,54.888888888888886,494,603,603,603,-0.0993618960802187,0.00398,0.00359,0.48963125249390793,0.7884498217965473,0.7884498217965473,21.117851130197757,unique_starts
135,66,46,4164,40,377,555,1,13.0,13.092939481268012,25,4164,40,104.1,4164,4464,4464,4464,-0.034770514603616125,0.00398,0.01195,0.48963125249390793,0.8091650794924012,0.8091650794924012,13.051502620262461,unique_starts
136,66,47,1775,26,200,311,1,14.0,14.24507042253521,25,1775,26,68.26923076923077,1775,1607,1607,1607,0.04967474866942636,0.00398,0.009835,0.48963125249390793,0.7900491930540177,0.7900491930540177,14.070710678118655,unique_starts
137,66,86,3118,35,324,333,1,13.0,13.078576010262989,25,3118,35,89.08571428571429,3118,3301,3301,3301,-0.028509113569091755,0.00398,0.008785,0.48963125249390793,1.1796914556086169,1.1796914556086169,13.055555555555555,unique_starts
138,66,87,1688,28,212,234,1,13.0,13.684241706161137,25,1688,28,60.285714285714285,1688,812,812,812,0.3503999999999999,0.00398,0.00718,0.48963125249390793,0.6510854167344372,0.6510854167344372,13.068680281974345,unique_starts
139,66,106,1010,21,167,183,10,21.0,20.566336633663365,25,1010,21,48.095238095238095,1010,1110,1110,1110,-0.0471698113207547,0.00398,0.004595,0.48963125249390793,0.6149593517926553,0.6149593517926553,21.077382323253413,unique_starts
140,66,107,1139,27,200,191,11,21.0,20.132572431957858,25,1139,27,42.18518518518518,1139,273,273,273,0.6133144475920675,0.00398,0.00337,0.48963125249390793,0.5405989934813241,0.5405989934813241,21.070710678118655,unique_starts
141,66,126,59,10,27,26,20,24.0,23.76271186440678,25,59,10,5.9,59,50,50,50,0.08256880733944878,0.00398,0.009095,0.48963125249390793,1.07074432157001,1.07074432157001,24.192450089729874,unique_starts
142,66,127,108,14,40,45,19,24.0,23.64814814814815,25,108,14,7.714285714285714,108,3,0,0,0.9999999999999908,0.00398,0.00532,0.48963125249390793,0.5002701400333147,0.5002701400333147,24.15811388300842,unique_starts
143,86,26,64,10,24,24,19,24.0,23.5,25,64,10,6.4,64,69,69,69,-0.037593984962405735,0.008785,0.00467,1.1796914556086169,0.6704800661246617,1.1796914556086169,24.20412414523193,unique_starts
144,86,27,46,3,15,15,20,24.0,23.58695652173913,25,46,3,15.333333333333334,46,36,36,36,0.12195121951219365,0.008785,0.00359,1.1796914556086169,0.7884498217965473,1.1796914556086169,24.25819888974716,unique_starts
145,86,46,1600,25,224,234,9,20.0,19.89125,25,1600,25,64.0,1600,1056,1056,1056,0.20481927710843367,0.008785,0.01195,1.1796914556086169,0.8091650794924012,1.1796914556086169,20.066815310478106,unique_starts
146,86,47,560,14,104,93,12,22.0,21.25357142857143,25,560,14,40.0,560,968,968,968,-0.26701570680628256,0.008785,0.009835,1.1796914556086169,0.7900491930540177,1.1796914556086169,22.09805806756909,unique_starts
147,86,66,3301,27,310,291,1,12.0,12.774310814904574,25,3301,27,122.25925925925925,3301,3118,3118,3118,0.028509113569091755,0.008785,0.00398,1.1796914556086169,0.48963125249390793,1.1796914556086169,12.056796183424707,unique_starts
148,86,87,9507,46,1085,936,1,13.0,13.294204270537499,25,9507,46,206.67391304347825,9507,9857,9857,9857,-0.01807477793844247,0.008785,0.00718,1.1796914556086169,0.6510854167344372,1.1796914556086169,13.030358837035946,unique_starts
149,86,106,4231,47,618,387,1,12.0,12.391869534389034,25,4231,47,90.02127659574468,4231,5102,5102,5102,-0.0933247615986285,0.008785,0.004595,1.1796914556086169,0.6149593517926553,1.1796914556086169,12.040225899335457,unique_starts
150,86,107,2690,42,565,324,1,14.0,13.849442379182156,25,2690,42,64.04761904761905,2690,2918,2918,2918,-0.04065620542082738,0.008785,0.00337,1.1796914556086169,0.5405989934813241,1.1796914556086169,14.042070316191166,unique_starts
151,86,126,1354,26,215,208,9,21.0,20.20162481536189,25,1354,26,52.07692307692308,1354,1707,1707,1707,-0.11532179026461938,0.008785,0.009095,1.1796914556086169,1.07074432157001,1.1796914556086169,21.068199433947047,unique_starts
152,86,127,878,23,166,153,10,21.0,20.18223234624146,25,878,23,38.17391304347826,878,161,161,161,0.6900866217516837,0.008785,0.00532,1.1796914556086169,0.5002701400333147,1.1796914556086169,21.077615052570632,unique_starts
153,86,146,66,7,26,24,20,24.0,23.560606060606062,25,66,7,9.428571428571429,66,43,43,43,0.21100917431192467,0.008785,0.006465,1.1796914556086169,1.3101396410351858,1.3101396410351858,24.196116135138183,unique_starts
154,86,147,51,4,17,16,19,24.0,23.313725490196077,25,51,4,12.75,51,15,0,0,0.9999999999999803,0.008785,0.003625,1.1796914556086169,0.7912415393968553,1.1796914556086169,24.242535625036332,unique_starts
155,87,46,481,13,78,105,11,22.0,21.455301455301456,25,481,13,37.0,481,1253,1253,1253,-0.4452133794694346,0.00718,0.01195,0.6510854167344372,0.8091650794924012,0.8091650794924012,22.11322770341446,unique_starts
156,87,47,653,10,86,101,11,20.0,19.961715160796324,25,653,10,65.3,653,1600,1600,1600,-0.420328450954283,0.00718,0.009835,0.6510854167344372,0.7900491930540177,0.7900491930540177,20.107832773203437,unique_starts
157,87,66,812,10,72,103,1,13.0,13.364532019704434,25,812,10,81.2,812,1688,1688,1688,-0.3503999999999999,0.00718,0.00398,0.6510854167344372,0.48963125249390793,0.6510854167344372,13.117851130197758,unique_starts
158,87,86,9857,43,944,1032,1,14.0,13.708532007710257,25,9857,43,229.2325581395349,9857,9507,9507,9507,0.01807477793844247,0.00718,0.008785,0.6510854167344372,1.1796914556086169,1.1796914556086169,14.032547227745207,unique_starts
159,87,106,1749,37,399,254,1,13.0,13.771297884505431,25,1749,37,47.270270270270274,1749,2511,2511,2511,-0.17887323943661967,0.00718,0.004595,0.6510854167344372,0.6149593517926553,0.6510854167344372,13.050062617432175,unique_starts
160,87,107,4549,58,702,506,1,11.0,11.176961969663662,25,4549,58,78.43103448275862,4549,2716,2716,2716,0.2523055746730901,0.00718,0.00337,0.6510854167344372,0.5405989934813241,0.6510854167344372,11.03774256780482,unique_starts
161,87,126,1078,26,183,201,11,21.0,20.99721706864564,25,1078,26,41.46153846153846,1078,829,829,829,0.13057157839538536,0.00718,0.009095,0.6510854167344372,1.07074432157001,1.07074432157001,21.073922127095457,unique_starts
162,87,127,1571,29,245,214,10,20.0,19.361553150859326,25,1571,29,54.172413793103445,1571,210,210,210,0.7641774284110047,0.00718,0.00532,0.6510854167344372,0.5002701400333147,0.6510854167344372,20.063887656499993,unique_starts
163,87,146,74,7,27,25,19,24.0,23.594594594594593,25,74,7,10.571428571428571,74,8,8,8,0.8048780487804781,0.00718,0.006465,0.6510854167344372,1.3101396410351858,1.3101396410351858,24.192450089729874,unique_starts
164,87,147,94,9,35,30,18,24.0,23.26595744680851,25,94,9,10.444444444444445,94,0,0,0,0.9999999999999895,0.00718,0.003625,0.6510854167344372,0.7912415393968553,0.7912415393968553,24.169030850945703,unique_starts
165,106,46,79,9,32,31,20,24.0,23.873417721518987,25,79,9,8.777777777777779,79,44,44,44,0.284552845528453,0.004595,0.01195,0.6149593517926553,0.8091650794924012,0.8091650794924012,24.17677669529664,unique_starts
166,106,47,23,4,10,10,21,24.0,23.956521739130434,25,23,4,5.75,23,64,64,64,-0.47126436781608655,0.004595,0.009835,0.6149593517926553,0.7900491930540177,0.7900491930540177,24.316227766016837,unique_starts
167,106,66,1110,17,177,154,11,21.0,20.7972972972973,25,1110,17,65.29411764705883,1110,1010,1010,1010,0.0471698113207547,0.004595,0.00398,0.6149593517926553,0.48963125249390793,0.6149593517926553,21.07516460280028,unique_starts
168,106,86,5102,44,496,631,1,13.0,13.459623676989416,25,5102,44,115.95454545454545,5102,4231,4231,4231,0.0933247615986285,0.004595,0.008785,0.6149593517926553,1.1796914556086169,1.1796914556086169,13.044901325506693,unique_starts
169,106,87,2511,34,329,443,1,15.0,15.122660294703305,25,2511,34,73.8529411764706,2511,1749,1749,1749,0.17887323943661967,0.004595,0.00718,0.6149593517926553,0.6510854167344372,0.6510854167344372,15.055131784641997,unique_starts
170,106,107,887,36,217,182,1,7.0,9.593010146561443,25,887,36,24.63888888888889,887,699,699,699,0.11853720050441355,0.004595,0.00337,0.6149593517926553,0.5405989934813241,0.6149593517926553,7.067884423330213,unique_starts
171,106,124,39,3,13,13,20,24.0,23.564102564102566,25,39,3,13.0,39,239,239,239,-0.719424460431652,0.004595,0.00689,0.6149593517926553,0.5008257487600389,0.6149593517926553,24.277350098112613,unique_starts
172,106,126,3241,36,322,375,1,12.0,12.4069731564332,25,3241,36,90.02777777777777,3241,4075,4075,4075,-0.11399671951886275,0.004595,0.009095,0.6149593517926553,1.07074432157001,1.07074432157001,12.055727821257536,unique_starts
173,106,127,1127,23,164,164,1,13.0,13.069210292812777,25,1127,23,49.0,1127,294,294,294,0.5862068965517238,0.004595,0.00532,0.6149593517926553,0.5002701400333147,0.6149593517926553,13.078086880944303,unique_starts
174,106,146,1020,23,191,140,9,20.0,19.940196078431374,25,1020,23,44.34782608695652,1020,907,907,907,0.0586403736377789,0.004595,0.006465,0.6149593517926553,1.3101396410351858,1.3101396410351858,20.072357460529243,unique_starts
175,106,147,530,16,111,85,10,21.0,20.237735849056605,25,530,16,33.125,530,90,90,90,0.7096774193548375,0.004595,0.003625,0.6149593517926553,0.7912415393968553,0.7912415393968553,21.09491579957525,unique_starts
176,106,166,76,7,28,24,19,24.0,23.342105263157894,25,76,7,10.857142857142858,76,42,42,42,0.28813559322033655,0.004595,0.00776,0.6149593517926553,1.0507455859650614,1.0507455859650614,24.188982236504614,unique_starts
177,106,167,36,7,16,16,20,24.0,23.86111111111111,25,36,7,5.142857142857143,36,3,0,0,0.9999999999999721,0.004595,0.005095,0.6149593517926553,0.5909565801330564,0.6149593517926553,24.25,unique_starts
178,107,46,30,4,12,14,21,24.0,23.966666666666665,25,30,4,7.5,30,109,109,109,-0.5683453237410031,0.00337,0.01195,0.5405989934813241,0.8091650794924012,0.8091650794924012,24.28867513459481,unique_starts
179,107,47,20,2,8,8,22,24.0,24.0,25,20,2,10.0,20,156,156,156,-0.7727272727272684,0.00337,0.009835,0.5405989934813241,0.7900491930540177,0.7900491930540177,24.353553390593273,unique_starts
180,107,66,273,4,32,42,11,20.0,19.65934065934066,25,273,4,68.25,273,1139,1139,1139,-0.6133144475920675,0.00337,0.00398,0.5405989934813241,0.48963125249390793,0.5405989934813241,20.17677669529664,unique_starts
181,107,86,2918,27,266,593,1,15.0,14.727895819054147,25,2918,27,108.07407407407408,2918,2690,2690,2690,0.04065620542082738,0.00337,0.008785,0.5405989934813241,1.1796914556086169,1.1796914556086169,15.061313933948497,unique_starts
182,107,87,2716,34,325,490,1,10.0,11.764359351988219,25,2716,34,79.88235294117646,2716,4549,4549,4549,-0.2523055746730901,0.00337,0.00718,0.5405989934813241,0.6510854167344372,0.6510854167344372,10.055470019622524,unique_starts
183,107,106,699,32,193,172,1,7.0,9.585121602288984,25,699,32,21.84375,699,887,887,887,-0.11853720050441355,0.00337,0.004595,0.5405989934813241,0.6149593517926553,0.6149593517926553,7.07198157507487,unique_starts
184,107,126,2136,30,236,295,1,16.0,15.69756554307116,25,2136,30,71.2,2136,584,584,584,0.5705882352941175,0.00337,0.009095,0.5405989934813241,1.07074432157001,1.07074432157001,16.065094455490414,unique_starts
185,107,127,2397,33,291,266,1,10.0,11.068418856904463,25,2397,33,72.63636363636364,2397,641,641,641,0.5780118499012507,0.00337,0.00532,0.5405989934813241,0.5002701400333147,0.5405989934813241,10.058621038176055,unique_starts
186,107,146,559,19,126,97,9,20.0,19.552772808586763,25,559,19,29.42105263157895,559,287,287,287,0.3215130023640658,0.00337,0.006465,0.5405989934813241,1.3101396410351858,1.3101396410351858,20.089087080637476,unique_starts
187,107,147,817,18,136,120,9,20.0,19.716034271725825,25,817,18,45.388888888888886,817,232,232,232,0.5576739752144895,0.00337,0.003625,0.5405989934813241,0.7912415393968553,0.7912415393968553,20.085749292571254,unique_starts
188,107,166,9,2,5,5,23,25.0,24.444444444444443,25,9,2,4.5,9,9,9,9,0.0,0.00337,0.00776,0.5405989934813241,1.0507455859650614,1.0507455859650614,25.447213595499957,unique_starts
189,107,167,63,7,23,25,20,24.0,23.761904761904763,25,63,7,9.0,63,21,21,21,0.49999999999999406,0.00337,0.005095,0.5405989934813241,0.5909565801330564,0.5909565801330564,24.208514414057074,unique_starts
190,121,123,2568,34,322,320,8,19.0,19.128504672897197,25,2568,34,75.52941176470588,2568,1391,1391,1391,0.2972972972972972,0.00952,0.005805,0.6314791674506364,0.5725309070790248,0.6314791674506364,19.055727821257534,unique_starts
191,121,124,507,24,131,131,16,23.0,22.85207100591716,25,507,24,21.125,507,546,546,546,-0.03703703703703701,0.00952,0.00689,0.6314791674506364,0.5008257487600389,0.6314791674506364,23.087370405666103,unique_starts
192,123,121,1391,23,172,215,7,18.0,18.18979151689432,25,1391,23,60.47826086956522,1391,2568,2568,2568,-0.2972972972972972,0.005805,0.00952,0.5725309070790248,0.6314791674506364,0.6314791674506364,18.076249285166302,unique_starts
193,123,124,8824,57,896,1032,1,12.0,12.749660018132367,25,8824,57,154.80701754385964,8824,5758,5758,5758,0.21025922370045258,0.005805,0.00689,0.5725309070790248,0.5008257487600389,0.5725309070790248,12.033407655239053,unique_starts
194,123,126,635,30,163,149,15,23.0,22.554330708661418,25,635,30,21.166666666666668,635,521,521,521,0.09861591695501723,0.005805,0.009095,0.5725309070790248,1.07074432157001,1.07074432157001,23.078326044998796,unique_starts
195,123,146,64,7,24,18,16,23.0,22.53125,25,64,7,9.142857142857142,64,176,176,176,-0.46666666666666473,0.005805,0.006465,0.5725309070790248,1.3101396410351858,1.3101396410351858,23.20412414523193,unique_starts
196,124,106,239,13,66,62,16,23.0,22.87866108786611,25,239,13,18.384615384615383,239,39,39,39,0.719424460431652,0.00689,0.004595,0.5008257487600389,0.6149593517926553,0.6149593517926553,23.123091490979334,unique_starts
197,124,121,546,18,117,116,15,22.0,22.15934065934066,25,546,18,30.333333333333332,546,507,507,507,0.03703703703703701,0.00689,0.00952,0.5008257487600389,0.6314791674506364,0.6314791674506364,22.092450032704203,unique_starts
198,124,123,5758,43,799,631,1,10.0,11.531608197290726,25,5758,43,133.90697674418604,5758,8824,8824,8824,-0.21025922370045258,0.00689,0.005805,0.5008257487600389,0.5725309070790248,0.5725309070790248,10.035377456883861,unique_starts
199,124,126,2412,35,335,297,7,19.0,18.71932006633499,25,2412,35,68.91428571428571,2412,1294,1294,1294,0.3016729627630868,0.00689,0.009095,0.5008257487600389,1.07074432157001,1.07074432157001,19.054635836470815,unique_starts
200,124,127,58,7,28,18,18,24.0,23.06896551724138,25,58,7,8.285714285714286,58,119,119,119,-0.34463276836157997,0.00689,0.00532,0.5008257487600389,0.5002701400333147,0.5008257487600389,24.188982236504614,unique_starts
201,124,146,694,19,127,128,8,22.0,20.979827089337174,25,694,19,36.526315789473685,694,475,475,475,0.187339606501283,0.00689,0.006465,0.5008257487600389,1.3101396410351858,1.3101396410351858,22.08873565094161,unique_starts
202,124,147,15,2,7,6,22,24.0,24.066666666666666,25,15,2,7.5,15,47,47,47,-0.5161290322580562,0.00689,0.003625,0.5008257487600389,0.7912415393968553,0.7912415393968553,24.37796447300923,unique_starts
203,126,66,50,9,22,22,21,24.0,24.0,25,50,9,5.555555555555555,50,59,59,59,-0.08256880733944878,0.009095,0.00398,1.07074432157001,0.48963125249390793,1.07074432157001,24.21320071635561,unique_starts
204,126,86,1707,26,257,235,10,21.0,20.23022847100176,25,1707,26,65.65384615384616,1707,1354,1354,1354,0.11532179026461938,0.009095,0.008785,1.07074432157001,1.1796914556086169,1.1796914556086169,21.06237828615518,unique_starts
205,126,87,829,18,141,133,10,22.0,20.995174909529553,25,829,18,46.05555555555556,829,1078,1078,1078,-0.13057157839538536,0.009095,0.00718,1.07074432157001,0.6510854167344372,1.07074432157001,22.08421519210665,unique_starts
206,126,106,4075,34,375,407,1,12.0,12.251042944785276,25,4075,34,119.8529411764706,4075,3241,3241,3241,0.11399671951886275,0.009095,0.004595,1.07074432157001,0.6149593517926553,1.07074432157001,12.051639777949433,unique_starts
207,126,107,584,9,80,59,2,14.0,13.75513698630137,25,584,9,64.88888888888889,584,2136,2136,2136,-0.5705882352941175,0.009095,0.00337,1.07074432157001,0.5405989934813241,1.07074432157001,14.11180339887499,unique_starts
208,126,123,521,21,128,118,14,23.0,22.34165067178503,25,521,21,24.80952380952381,521,635,635,635,-0.09861591695501723,0.009095,0.005805,1.07074432157001,0.5725309070790248,1.07074432157001,23.08838834764832,unique_starts
209,126,124,1294,21,197,155,8,19.0,18.539412673879443,25,1294,21,61.61904761904762,1294,2412,2412,2412,-0.3016729627630868,0.009095,0.00689,1.07074432157001,0.5008257487600389,1.07074432157001,19.07124704998791,unique_starts
210,126,127,5983,36,804,682,1,14.0,13.857763663713856,25,5983,36,166.19444444444446,5983,7025,7025,7025,-0.08010455104551044,0.009095,0.00532,1.07074432157001,0.5002701400333147,1.07074432157001,14.03526728079293,unique_starts
211,126,146,5632,60,880,679,1,11.0,11.399325284090908,25,5632,60,93.86666666666666,5632,4613,4613,4613,0.09946315275744264,0.009095,0.006465,1.07074432157001,1.3101396410351858,1.3101396410351858,11.033709993123162,unique_starts
212,126,147,3938,34,704,417,1,14.0,14.264601320467243,25,3938,34,115.82352941176471,3938,3929,3929,3929,0.0011440193212152027,0.009095,0.003625,1.07074432157001,0.7912415393968553,1.07074432157001,14.03768891807222,unique_starts
213,126,166,1275,30,220,223,10,21.0,20.412549019607845,25,1275,30,42.5,1275,1367,1367,1367,-0.03482210446631339,0.009095,0.00776,1.07074432157001,1.0507455859650614,1.07074432157001,21.067419986246325,unique_starts
214,126,167,709,15,121,109,10,21.0,20.289139633286318,25,709,15,47.266666666666666,709,186,186,186,0.5843575418994407,0.009095,0.005095,1.07074432157001,0.5909565801330564,1.07074432157001,21.09090909090909,unique_starts
215,126,186,66,12,32,30,21,24.0,24.09090909090909,25,66,12,5.5,66,74,74,74,-0.05714285714285674,0.009095,0.00718,1.07074432157001,0.8486497235680653,1.07074432157001,24.17677669529664,unique_starts
216,126,187,80,11,35,32,20,24.0,23.675,25,80,11,7.2727272727272725,80,11,11,11,0.75824175824175,0.009095,0.005175,1.07074432157001,0.6207587939335572,1.07074432157001,24.169030850945703,unique_starts
217,127,86,161,5,28,39,11,22.0,20.925465838509318,25,161,5,32.2,161,878,878,878,-0.6900866217516837,0.00532,0.008785,0.5002701400333147,1.1796914556086169,1.1796914556086169,22.188982236504614,unique_starts
218,127,87,210,5,39,39,14,21.0,20.804761904761904,25,210,5,42.0,210,1571,1571,1571,-0.7641774284110047,0.00532,0.00718,0.5002701400333147,0.6510854167344372,0.6510854167344372,21.160128153805086,unique_starts
219,127,106,294,6,39,53,1,19.0,18.67687074829932,25,294,6,49.0,294,1127,1127,1127,-0.5862068965517238,0.00532,0.004595,0.5002701400333147,0.6149593517926553,0.6149593517926553,19.160128153805086,unique_starts
220,127,107,641,5,53,60,1,13.0,12.636505460218409,25,641,5,128.2,641,2397,2397,2397,-0.5780118499012507,0.00532,0.00337,0.5002701400333147,0.5405989934813241,0.5405989934813241,13.13736056394869,unique_starts
221,127,124,119,8,33,39,18,24.0,23.159663865546218,25,119,8,14.875,119,58,58,58,0.34463276836157997,0.00532,0.00689,0.5002701400333147,0.5008257487600389,0.5008257487600389,24.1740776559557,unique_starts
222,127,126,7025,48,797,903,1,11.0,12.327686832740213,25,7025,48,146.35416666666666,7025,5983,5983,5983,0.08010455104551044,0.00532,0.009095,0.5002701400333147,1.07074432157001,1.07074432157001,11.03542181734879,unique_starts
223,127,146,3010,38,614,376,1,14.0,14.02093023255814,25,3010,38,79.21052631578948,3010,2620,2620,2620,0.06927175843694493,0.00532,0.006465,0.5002701400333147,1.3101396410351858,1.3101396410351858,14.040356715613562,unique_starts
224,127,147,3673,37,593,460,1,12.0,12.157364552137217,25,3673,37,99.27027027027027,3673,3234,3234,3234,0.06355870855653684,0.00532,0.003625,0.5002701400333147,0.7912415393968553,0.7912415393968553,12.04106507811766,unique_starts
225,127,166,302,12,68,70,12,21.5,20.996688741721854,25,302,12,25.166666666666668,302,168,168,168,0.28510638297872276,0.00532,0.00776,0.5002701400333147,1.0507455859650614,1.0507455859650614,21.621267812518166,unique_starts
226,127,167,638,12,100,99,11,21.0,20.55485893416928,25,638,12,53.166666666666664,638,467,467,467,0.15475113122171932,0.00532,0.005095,0.5002701400333147,0.5909565801330564,0.5909565801330564,21.1,unique_starts
227,127,187,31,7,15,20,20,24.0,24.06451612903226,25,31,7,4.428571428571429,31,10,10,10,0.512195121951207,0.00532,0.005175,0.5002701400333147,0.6207587939335572,0.6207587939335572,24.25819888974716,unique_starts
228,146,86,43,7,20,18,21,24.0,23.976744186046513,25,43,7,6.142857142857143,43,66,66,66,-0.21100917431192467,0.006465,0.008785,1.3101396410351858,1.1796914556086169,1.3101396410351858,24.22360679774998,unique_starts
229,146,87,8,4,6,6,24,25.0,24.75,25,8,4,2.0,8,74,74,74,-0.8048780487804781,0.006465,0.00718,1.3101396410351858,0.6510854167344372,1.3101396410351858,25.408248290463863,unique_starts
230,146,106,907,15,142,128,10,21.0,20.16427783902977,25,907,15,60.46666666666667,907,1020,1020,1020,-0.0586403736377789,0.006465,0.004595,1.3101396410351858,0.6149593517926553,1.3101396410351858,21.08391813582967,unique_starts
231,146,107,287,5,41,47,11,22.0,20.965156794425088,25,287,5,57.4,287,559,559,559,-0.3215130023640658,0.006465,0.00337,1.3101396410351858,0.5405989934813241,1.3101396410351858,22.156173761888606,unique_starts
232,146,123,176,9,45,41,15,23.0,22.431818181818183,25,176,9,19.555555555555557,176,64,64,64,0.46666666666666473,0.006465,0.005805,1.3101396410351858,0.5725309070790248,1.3101396410351858,23.149071198499986,unique_starts
233,146,124,475,11,100,63,9,20.0,19.583157894736843,25,475,11,43.18181818181818,475,694,694,694,-0.187339606501283,0.006465,0.00689,1.3101396410351858,0.5008257487600389,1.3101396410351858,20.1,unique_starts
234,146,126,4613,47,533,752,1,12.0,12.608497723823977,25,4613,47,98.14893617021276,4613,5632,5632,5632,-0.09946315275744264,0.006465,0.009095,1.3101396410351858,1.07074432157001,1.3101396410351858,12.043314808182421,unique_starts
235,146,127,2620,26,321,508,1,13.0,13.203053435114503,25,2620,26,100.76923076923077,2620,3010,3010,3010,-0.06927175843694493,0.006465,0.00532,1.3101396410351858,0.5002701400333147,1.3101396410351858,13.055814557218595,unique_starts
236,146,147,1462,36,337,332,1,8.0,11.924076607387141,25,1462,36,40.611111111111114,1462,1774,1774,1774,-0.0964153275648949,0.006465,0.003625,1.3101396410351858,0.7912415393968553,1.3101396410351858,8.054473471070285,unique_starts
237,146,166,5671,44,545,516,1,13.0,13.57026979368718,25,5671,44,128.88636363636363,5671,3802,3802,3802,0.19729758260318797,0.006465,0.00776,1.3101396410351858,1.0507455859650614,1.3101396410351858,13.042835293687812,unique_starts
238,146,167,1415,22,189,173,1,13.0,12.99434628975265,25,1415,22,64.31818181818181,1415,703,703,703,0.3361661945231349,0.006465,0.005095,1.3101396410351858,0.5909565801330564,1.3101396410351858,13.07273929674533,unique_starts
239,146,186,1849,37,333,268,9,21.0,20.68307193077339,25,1849,37,49.972972972972975,1849,1520,1520,1520,0.09765509053131491,0.006465,0.00718,1.3101396410351858,0.8486497235680653,1.3101396410351858,21.05479966243512,unique_starts
240,146,187,1075,26,207,163,9,20.0,19.955348837209304,25,1075,26,41.34615384615385,1075,318,318,318,0.54343144292893,0.006465,0.005175,1.3101396410351858,0.6207587939335572,1.3101396410351858,20.069504804685693,unique_starts
241,146,206,101,10,39,36,20,24.0,23.603960396039604,25,101,10,10.1,101,72,72,72,0.16763005780346724,0.006465,0.007895,1.3101396410351858,1.3343488900777554,1.3343488900777554,24.160128153805086,unique_starts
242,146,207,55,9,25,26,21,24.0,24.12727272727273,25,55,9,6.111111111111111,55,16,16,16,0.5492957746478796,0.006465,0.007825,1.3101396410351858,1.5262344341990373,1.5262344341990373,24.2,unique_starts
243,147,106,90,3,22,19,18,23.0,22.433333333333334,25,90,3,30.0,90,530,530,530,-0.7096774193548375,0.003625,0.004595,0.7912415393968553,0.6149593517926553,0.7912415393968553,23.21320071635561,unique_starts
244,147,107,232,4,32,41,10,21.0,20.20689655172414,25,232,4,58.0,232,817,817,817,-0.5576739752144895,0.003625,0.00337,0.7912415393968553,0.5405989934813241,0.7912415393968553,21.17677669529664,unique_starts
245,147,124,47,2,11,8,16,22.0,21.680851063829788,25,47,2,23.5,47,15,15,15,0.5161290322580562,0.003625,0.00689,0.7912415393968553,0.5008257487600389,0.7912415393968553,22.301511344577765,unique_starts
246,147,126,3929,30,415,661,1,15.0,15.050394502417918,25,3929,30,130.96666666666667,3929,3938,3938,3938,-0.0011440193212152027,0.003625,0.009095,0.7912415393968553,1.07074432157001,1.07074432157001,15.049088069367382,unique_starts
247,147,127,3234,29,416,560,1,10.0,11.521335807050093,25,3234,29,111.51724137931035,3234,3673,3673,3673,-0.06355870855653684,0.003625,0.00532,0.7912415393968553,0.5002701400333147,0.7912415393968553,10.049029033784546,unique_starts
248,147,146,1774,41,359,333,1,12.0,12.55749718151071,25,1774,41,43.26829268292683,1774,1462,1462,1462,0.0964153275648949,0.003625,0.006465,0.7912415393968553,1.3101396410351858,1.3101396410351858,12.052777981396925,unique_starts
249,147,166,577,12,91,83,1,14.0,13.856152512998268,25,577,12,48.083333333333336,577,324,324,324,0.28079911209766895,0.003625,0.00776,0.7912415393968553,1.0507455859650614,1.0507455859650614,14.104828483672192,unique_starts
250,147,167,1477,20,169,162,1,12.0,11.77657413676371,25,1477,20,73.85,1477,1551,1551,1551,-0.02443857331571994,0.003625,0.005095,0.7912415393968553,0.5909565801330564,0.7912415393968553,12.076923076923077,unique_starts
251,147,186,463,11,73,89,11,20.0,20.062634989200863,25,463,11,42.09090909090909,463,354,354,354,0.1334149326805384,0.003625,0.00718,0.7912415393968553,0.8486497235680653,0.8486497235680653,20.11704114719613,unique_starts
252,147,187,810,15,120,127,10,21.0,20.282716049382717,25,810,15,54.0,810,574,574,574,0.17052023121387272,0.003625,0.005175,0.7912415393968553,0.6207587939335572,0.7912415393968553,21.09128709291753,unique_starts
253,147,206,47,6,18,20,21,24.0,23.872340425531913,25,47,6,7.833333333333333,47,15,0,0,0.9999999999999787,0.003625,0.007895,0.7912415393968553,1.3343488900777554,1.3343488900777554,24.235702260395517,unique_starts
254,147,207,42,5,17,14,19,24.0,23.404761904761905,25,42,5,8.4,42,22,22,22,0.31249999999999517,0.003625,0.007825,0.7912415393968553,1.5262344341990373,1.5262344341990373,24.242535625036332,unique_starts
255,166,106,42,7,21,18,21,24.0,24.0,25,42,7,6.0,42,76,76,76,-0.28813559322033655,0.00776,0.004595,1.0507455859650614,0.6149593517926553,1.0507455859650614,24.21821789023599,unique_starts
256,166,107,9,2,5,5,23,25.0,24.444444444444443,25,9,2,4.5,9,9,9,9,0.0,0.00776,0.00337,1.0507455859650614,0.5405989934813241,1.0507455859650614,25.447213595499957,unique_starts
257,166,124,27,4,11,10,20,24.0,23.62962962962963,25,27,4,6.75,27,3,0,0,0.999999999999963,0.00776,0.00689,1.0507455859650614,0.5008257487600389,1.0507455859650614,24.301511344577765,unique_starts
258,166,126,1367,20,208,179,10,21.0,20.29919531821507,25,1367,20,68.35,1367,1275,1275,1275,0.03482210446631339,0.00776,0.009095,1.0507455859650614,1.07074432157001,1.07074432157001,21.069337524528155,unique_starts
259,166,127,168,6,38,31,12,22.0,21.125,25,168,6,28.0,168,302,302,302,-0.28510638297872276,0.00776,0.00532,1.0507455859650614,0.5002701400333147,1.0507455859650614,22.162221421130763,unique_starts
260,166,146,3802,33,373,349,1,12.0,12.323513940031562,25,3802,33,115.21212121212122,3802,5671,5671,5671,-0.19729758260318797,0.00776,0.006465,1.0507455859650614,1.3101396410351858,1.3101396410351858,12.05177803730785,unique_starts
261,166,147,324,7,59,44,1,14.0,14.287037037037036,25,324,7,46.285714285714285,324,577,577,577,-0.28079911209766895,0.00776,0.003625,1.0507455859650614,0.7912415393968553,1.0507455859650614,14.130188910980824,unique_starts
262,166,167,3936,38,610,606,1,14.0,14.011686991869919,25,3936,38,103.57894736842105,3936,4152,4152,4152,-0.02670623145400593,0.00776,0.005095,1.0507455859650614,0.5909565801330564,1.0507455859650614,14.040488816508946,unique_starts
263,166,186,7639,58,983,814,1,13.0,13.447309857311167,25,7639,58,131.70689655172413,7639,6156,6156,6156,0.10750271837622326,0.00776,0.00718,1.0507455859650614,0.8486497235680653,1.0507455859650614,13.031895046605475,unique_starts
264,166,187,3847,37,591,517,1,14.0,14.14140889004419,25,3847,37,103.97297297297297,3847,3807,3807,3807,0.005226025607525477,0.00776,0.005175,1.0507455859650614,0.6207587939335572,1.0507455859650614,14.041134503489486,unique_starts
265,166,205,25,2,9,9,21,24.0,23.8,25,25,2,12.5,25,16,16,16,0.21951219512194586,0.00776,0.002745,1.0507455859650614,0.5063818299207341,1.0507455859650614,24.333333333333332,unique_starts
266,166,206,1149,25,203,177,10,20.0,19.747606614447346,25,1149,25,45.96,1149,1155,1155,1155,-0.0026041666666666657,0.00776,0.007895,1.0507455859650614,1.3343488900777554,1.3343488900777554,20.07018624063436,unique_starts
267,166,207,979,21,152,171,11,21.0,20.93258426966292,25,979,21,46.61904761904762,979,527,527,527,0.30013280212483384,0.00776,0.007825,1.0507455859650614,1.5262344341990373,1.5262344341990373,21.08111071056538,unique_starts
268,166,208,13,2,6,6,22,24.0,24.153846153846153,25,13,2,6.5,13,56,56,56,-0.6231884057970924,0.00776,0.00363,1.0507455859650614,0.7086141398311434,1.0507455859650614,24.408248290463863,unique_starts
269,166,227,26,4,12,10,21,24.0,23.846153846153847,25,26,4,6.5,26,22,22,22,0.0833333333333316,0.00776,0.005305,1.0507455859650614,0.5186450155054151,1.0507455859650614,24.28867513459481,unique_starts
270,167,107,21,2,8,8,21,24.0,23.857142857142858,25,21,2,10.5,21,63,63,63,-0.49999999999999406,0.005095,0.00337,0.5909565801330564,0.5405989934813241,0.5909565801330564,24.353553390593273,unique_starts
271,167,126,186,8,36,54,9,21.0,19.892473118279568,25,186,8,23.25,186,709,709,709,-0.5843575418994407,0.005095,0.009095,0.5909565801330564,1.07074432157001,1.07074432157001,21.166666666666668,unique_starts
272,167,127,467,6,62,59,9,20.0,20.0,25,467,6,77.83333333333333,467,638,638,638,-0.15475113122171932,0.005095,0.00532,0.5909565801330564,0.5002701400333147,0.5909565801330564,20.12700012700019,unique_starts
273,167,146,703,13,88,120,1,18.0,16.921763869132292,25,703,13,54.07692307692308,703,1415,1415,1415,-0.3361661945231349,0.005095,0.006465,0.5909565801330564,1.3101396410351858,1.3101396410351858,18.106600358177804,unique_starts
274,167,147,1551,13,149,134,1,12.0,12.31592520954223,25,1551,13,119.3076923076923,1551,1477,1477,1477,0.02443857331571994,0.005095,0.003625,0.5909565801330564,0.7912415393968553,0.7912415393968553,12.081923192051905,unique_starts
275,167,166,4152,37,616,616,1,13.0,13.280346820809248,25,4152,37,112.21621621621621,4152,3936,3936,3936,0.02670623145400593,0.005095,0.00776,0.5909565801330564,1.0507455859650614,1.0507455859650614,13.04029114820127,unique_starts
276,167,186,4481,41,695,570,1,13.0,13.633340772149074,25,4481,41,109.29268292682927,4481,3332,3332,3332,0.14706258799436833,0.005095,0.00718,0.5909565801330564,0.8486497235680653,0.8486497235680653,13.037932162090543,unique_starts
277,167,187,4618,43,690,577,1,12.0,12.454525768731052,25,4618,43,107.3953488372093,4618,4649,4649,4649,-0.0033452034099492817,0.005095,0.005175,0.5909565801330564,0.6207587939335572,0.6207587939335572,12.038069349381344,unique_starts
278,167,206,704,20,139,126,11,21.0,20.71590909090909,25,704,20,35.2,704,288,288,288,0.419354838709677,0.005095,0.007895,0.5909565801330564,1.3343488900777554,1.3343488900777554,21.084818892968,unique_starts
279,167,207,893,20,157,135,9,20.0,19.913773796192608,25,893,20,44.65,893,615,615,615,0.1843501326259946,0.005095,0.007825,0.5909565801330564,1.5262344341990373,1.5262344341990373,20.07980868844676,unique_starts
280,167,227,30,4,14,10,20,23.5,23.233333333333334,25,30,4,7.5,30,18,18,18,0.24999999999999478,0.005095,0.005305,0.5909565801330564,0.5186450155054151,0.5909565801330564,23.767261241912426,unique_starts
281,178,198,10649,66,1011,926,1,13.0,13.165555451216077,25,10649,66,161.34848484848484,10649,4944,4944,4944,0.3658693003270698,0.00622,0.006905,0.5882150206782405,0.7090216499347015,0.7090216499347015,13.031450273186122,unique_starts
282,178,218,3756,56,525,563,8,21.0,20.43982960596379,25,3756,56,67.07142857142857,3756,1233,1233,1233,0.5057125676488273,0.00622,0.008605,0.5882150206782405,0.7954812677285201,0.7954812677285201,21.0436435780472,unique_starts
283,186,126,74,10,28,32,20,24.0,23.68918918918919,25,74,10,7.4,74,66,66,66,0.05714285714285674,0.00718,0.009095,0.8486497235680653,1.07074432157001,1.07074432157001,24.188982236504614,unique_starts
284,186,127,17,3,8,8,22,24.0,24.176470588235293,25,17,3,5.666666666666667,17,0,0,0,0.9999999999999413,0.00718,0.00532,0.8486497235680653,0.5002701400333147,0.8486497235680653,24.353553390593273,unique_starts
285,186,146,1520,23,210,222,10,21.0,20.342763157894737,25,1520,23,66.08695652173913,1520,1849,1849,1849,-0.09765509053131491,0.00718,0.006465,0.8486497235680653,1.3101396410351858,1.3101396410351858,21.069006555934234,unique_starts
286,186,147,354,8,60,51,10,21.0,20.282485875706215,25,354,8,44.25,354,463,463,463,-0.1334149326805384,0.00718,0.003625,0.8486497235680653,0.7912415393968553,0.8486497235680653,21.12909944487358,unique_starts
287,186,166,6156,49,673,779,1,13.0,13.16585445094217,25,6156,49,125.63265306122449,6156,7639,7639,7639,-0.10750271837622326,0.00718,0.00776,0.8486497235680653,1.0507455859650614,1.0507455859650614,13.038547167224586,unique_starts
288,186,167,3332,30,468,505,1,14.0,13.851440576230493,25,3332,30,111.06666666666666,3332,4481,4481,4481,-0.14706258799436833,0.00718,0.005095,0.8486497235680653,0.5909565801330564,0.8486497235680653,14.046225016352102,unique_starts
289,186,187,2781,45,537,467,1,10.0,11.61668464581086,25,2781,45,61.8,2781,3176,3176,3176,-0.06630854456941412,0.00718,0.005175,0.8486497235680653,0.6207587939335572,0.8486497235680653,10.043153185200211,unique_starts
290,186,204,27,3,12,9,20,24.0,23.555555555555557,25,27,3,9.0,27,8,8,8,0.5428571428571273,0.00718,0.00524,0.8486497235680653,0.4869656510129815,0.8486497235680653,24.28867513459481,unique_starts
291,186,205,409,8,68,55,11,21.0,20.3080684596577,25,409,8,51.125,409,562,562,562,-0.15756951596292465,0.00718,0.002745,0.8486497235680653,0.5063818299207341,0.8486497235680653,21.121267812518166,unique_starts
292,186,206,3661,39,400,348,1,13.0,13.485932805244468,25,3661,39,93.87179487179488,3661,2987,2987,2987,0.10138387484957881,0.00718,0.007895,0.8486497235680653,1.3343488900777554,1.3343488900777554,13.05,unique_starts
293,186,207,2469,34,249,360,1,15.0,15.161603888213852,25,2469,34,72.61764705882354,2469,1152,1152,1152,0.36371168185584085,0.00718,0.007825,0.8486497235680653,1.5262344341990373,1.5262344341990373,15.063372425052448,unique_starts
294,186,208,544,21,106,130,12,22.0,21.738970588235293,25,544,21,25.904761904761905,544,41,41,41,0.8598290598290583,0.00718,0.00363,0.8486497235680653,0.7086141398311434,0.8486497235680653,22.097128586235726,unique_starts
295,186,209,23,5,11,13,21,24.0,24.043478260869566,25,23,5,4.6,23,6,0,0,0.9999999999999566,0.00718,0.006,0.8486497235680653,0.8229686644087472,0.8486497235680653,24.301511344577765,unique_starts
296,186,227,463,12,82,75,11,21.0,20.65010799136069,25,463,12,38.583333333333336,463,321,321,321,0.1811224489795916,0.00718,0.005305,0.8486497235680653,0.5186450155054151,0.8486497235680653,21.110431526074848,unique_starts
297,187,126,11,2,5,5,22,24.0,24.09090909090909,25,11,2,5.5,11,80,80,80,-0.75824175824175,0.005175,0.009095,0.6207587939335572,1.07074432157001,1.07074432157001,24.447213595499957,unique_starts
298,187,127,10,2,4,7,22,24.0,24.0,25,10,2,5.0,10,31,31,31,-0.512195121951207,0.005175,0.00532,0.6207587939335572,0.5002701400333147,0.6207587939335572,24.5,unique_starts
299,187,146,318,10,48,73,13,22.0,21.238993710691823,25,318,10,31.8,318,1075,1075,1075,-0.54343144292893,0.005175,0.006465,0.6207587939335572,1.3101396410351858,1.3101396410351858,22.144337567297406,unique_starts
300,187,147,574,10,83,98,9,21.0,20.644599303135887,25,574,10,57.4,574,810,810,810,-0.17052023121387272,0.005175,0.003625,0.6207587939335572,0.7912415393968553,0.7912415393968553,21.10976425998969,unique_starts
301,187,166,3807,33,487,600,1,14.0,14.712634620436038,25,3807,33,115.36363636363636,3807,3847,3847,3847,-0.005226025607525477,0.005175,0.00776,0.6207587939335572,1.0507455859650614,1.0507455859650614,14.045314325442945,unique_starts
302,187,167,4649,37,570,616,1,12.0,12.419014841901484,25,4649,37,125.64864864864865,4649,4618,4618,4618,0.0033452034099492817,0.005175,0.005095,0.6207587939335572,0.5909565801330564,0.6207587939335572,12.041885390829169,unique_starts
303,187,186,3176,49,603,543,1,13.0,13.268261964735517,25,3176,49,64.81632653061224,3176,2781,2781,2781,0.06630854456941412,0.005175,0.00718,0.6207587939335572,0.8486497235680653,0.8486497235680653,13.040723148118769,unique_starts
304,187,205,147,7,40,35,14,22.0,21.639455782312925,25,147,7,21.0,147,97,97,97,0.20491803278688442,0.005175,0.002745,0.6207587939335572,0.5063818299207341,0.6207587939335572,22.15811388300842,unique_starts
305,187,206,1485,28,233,176,1,14.0,14.155555555555555,25,1485,28,53.035714285714285,1485,672,672,672,0.37691237830319874,0.005175,0.007895,0.6207587939335572,1.3343488900777554,1.3343488900777554,14.065512178208042,unique_starts
306,187,207,2640,33,270,360,1,14.0,13.950378787878789,25,2640,33,80.0,2640,1808,1808,1808,0.1870503597122302,0.005175,0.007825,0.6207587939335572,1.5262344341990373,1.5262344341990373,14.060858061945018,unique_starts
307,187,208,254,15,58,87,13,23.0,22.291338582677167,25,254,15,16.933333333333334,254,309,309,309,-0.09769094138543499,0.005175,0.00363,0.6207587939335572,0.7086141398311434,0.7086141398311434,23.131306432859724,unique_starts
308,187,227,319,9,59,59,10,21.0,20.473354231974923,25,319,9,35.44444444444444,319,274,274,274,0.07588532883642482,0.005175,0.005305,0.6207587939335572,0.5186450155054151,0.6207587939335572,21.130188910980824,unique_starts
309,198,178,4944,24,444,490,1,13.0,13.313309061488674,25,4944,24,206.0,4944,10649,10649,10649,-0.3658693003270698,0.006905,0.00622,0.7090216499347015,0.5882150206782405,0.7090216499347015,13.047457899787625,unique_starts
310,198,218,9834,69,869,837,1,13.0,13.322351027049013,25,9834,69,142.52173913043478,9834,2148,2148,2148,0.6414621932899348,0.006905,0.008605,0.7090216499347015,0.7954812677285201,0.7954812677285201,13.033922676577637,unique_starts
311,198,236,210,18,72,69,17,24.0,23.409523809523808,25,210,18,11.666666666666666,210,40,40,40,0.6799999999999973,0.006905,0.00571,0.7090216499347015,0.5295374004641226,0.7090216499347015,24.117851130197757,unique_starts
312,203,204,4646,54,560,697,1,13.0,13.357081360309945,25,4646,54,86.03703703703704,4646,2224,2224,2224,0.3525473071324599,0.00391,0.00524,0.48804662136693716,0.4869656510129815,0.48804662136693716,13.042257712736426,unique_starts
313,203,205,1827,27,237,267,7,20.0,19.461959496442255,25,1827,27,67.66666666666667,1827,254,254,254,0.755886592984142,0.00391,0.002745,0.48804662136693716,0.5063818299207341,0.5063818299207341,20.064956980246162,unique_starts
314,203,206,221,13,57,57,15,23.0,22.402714932126695,25,221,13,17.0,221,95,95,95,0.39873417721518856,0.00391,0.007895,0.48804662136693716,1.3343488900777554,1.3343488900777554,23.132453235706503,unique_starts
315,203,221,864,13,102,138,8,19.0,19.002314814814813,25,864,13,66.46153846153847,864,1320,1320,1320,-0.20879120879120872,0.00391,0.007795,0.48804662136693716,0.7872718194069845,0.7872718194069845,19.099014754297666,unique_starts
316,203,222,427,11,76,56,2,11.0,11.318501170960188,25,427,11,38.81818181818182,427,491,491,491,-0.06971677559912846,0.00391,0.001795,0.48804662136693716,0.6133961760960696,0.6133961760960696,11.11470786693528,unique_starts
317,203,223,2678,35,408,527,1,9.0,10.28603435399552,25,2678,35,76.51428571428572,2678,1829,1829,1829,0.18837364100288437,0.00391,0.00495,0.48804662136693716,0.5387078228572559,0.5387078228572559,9.049507377148833,unique_starts
318,203,241,115,6,29,35,18,23.0,23.034782608695654,25,115,6,19.166666666666668,115,60,60,60,0.3142857142857125,0.00391,0.00492,0.48804662136693716,0.4932650260671744,0.4932650260671744,23.18569533817705,unique_starts
319,204,186,8,2,5,4,23,24.5,24.375,25,8,2,4.0,8,27,27,27,-0.5428571428571273,0.00524,0.00718,0.4869656510129815,0.8486497235680653,0.8486497235680653,24.947213595499957,unique_starts
320,204,203,2224,37,475,365,1,9.0,11.58543165467626,25,2224,37,60.108108108108105,2224,4646,4646,4646,-0.3525473071324599,0.00524,0.00391,0.4869656510129815,0.48804662136693716,0.48804662136693716,9.045883146774113,unique_starts
321,204,205,4155,35,381,390,1,12.0,12.205054151624548,25,4155,35,118.71428571428571,4155,612,612,612,0.7432347388294523,0.00524,0.002745,0.4869656510129815,0.5063818299207341,0.5063818299207341,12.051231551957857,unique_starts
322,204,206,2142,34,317,322,9,21.0,20.091036414565828,25,2142,34,63.0,2142,486,486,486,0.6301369863013696,0.00524,0.007895,0.4869656510129815,1.3343488900777554,1.3343488900777554,21.056165595630173,unique_starts
323,204,207,277,13,71,67,16,23.0,22.653429602888085,25,277,13,21.307692307692307,277,106,106,106,0.4464751958224531,0.00524,0.007825,0.4869656510129815,1.5262344341990373,1.5262344341990373,23.118678165819386,unique_starts
324,204,208,9,2,5,5,23,25.0,24.444444444444443,25,9,2,4.5,9,0,0,0,0.9999999999998889,0.00524,0.00363,0.4869656510129815,0.7086141398311434,0.7086141398311434,25.447213595499957,unique_starts
325,204,221,201,12,45,70,15,23.0,22.34328358208955,25,201,12,16.75,201,296,296,296,-0.19114688128772597,0.00524,0.007795,0.4869656510129815,0.7872718194069845,0.7872718194069845,23.149071198499986,unique_starts
326,204,222,334,11,53,69,9,19.0,18.464071856287426,25,334,11,30.363636363636363,334,645,645,645,-0.3176710929519915,0.00524,0.001795,0.4869656510129815,0.6133961760960696,0.6133961760960696,19.13736056394869,unique_starts
327,204,223,3685,32,501,589,1,13.0,13.2561736770692,25,3685,32,115.15625,3685,4329,4329,4329,-0.08035937110057399,0.00524,0.00495,0.4869656510129815,0.5387078228572559,0.5387078228572559,13.044676705160876,unique_starts
328,205,166,16,2,6,6,21,24.0,23.75,25,16,2,8.0,16,25,25,25,-0.21951219512194586,0.002745,0.00776,0.5063818299207341,1.0507455859650614,1.0507455859650614,24.408248290463863,unique_starts
329,205,186,562,10,93,82,9,21.0,20.3576512455516,25,562,10,56.2,562,409,409,409,0.15756951596292465,0.002745,0.00718,0.5063818299207341,0.8486497235680653,0.8486497235680653,21.103695169473042,unique_starts
330,205,187,97,4,26,17,15,22.0,21.783505154639176,25,97,4,24.25,97,147,147,147,-0.20491803278688442,0.002745,0.005175,0.5063818299207341,0.6207587939335572,0.6207587939335572,22.196116135138183,unique_starts
331,205,203,254,8,44,46,8,16.0,16.53543307086614,25,254,8,31.75,254,1827,1827,1827,-0.755886592984142,0.002745,0.00391,0.5063818299207341,0.48804662136693716,0.5063818299207341,16.15075567228888,unique_starts
332,205,204,612,14,99,90,1,8.0,8.911764705882353,25,612,14,43.714285714285715,612,4155,4155,4155,-0.7432347388294523,0.002745,0.00524,0.5063818299207341,0.4869656510129815,0.5063818299207341,8.100503781525921,unique_starts
333,205,206,4594,39,424,439,1,12.0,12.55833696125381,25,4594,39,117.7948717948718,4594,1115,1115,1115,0.6093886845331931,0.002745,0.007895,0.5063818299207341,1.3343488900777554,1.3343488900777554,12.048564293117863,unique_starts
334,205,207,1823,25,248,231,7,19.0,18.956664838178828,25,1823,25,72.92,1823,355,355,355,0.6740128558310373,0.002745,0.007825,0.5063818299207341,1.5262344341990373,1.5262344341990373,19.063500063500094,unique_starts
335,205,208,403,17,92,86,14,23.0,22.13895781637717,25,403,17,23.705882352941178,403,2,0,0,0.9999999999999974,0.002745,0.00363,0.5063818299207341,0.7086141398311434,0.7086141398311434,23.10425720702854,unique_starts
336,205,209,19,3,9,9,22,24.0,24.210526315789473,25,19,3,6.333333333333333,19,2,0,0,0.9999999999999475,0.002745,0.006,0.5063818299207341,0.8229686644087472,0.8229686644087472,24.333333333333332,unique_starts
337,205,222,139,8,33,44,17,23.0,22.776978417266186,25,139,8,17.375,139,103,103,103,0.1487603305785118,0.002745,0.001795,0.5063818299207341,0.6133961760960696,0.6133961760960696,23.1740776559557,unique_starts
338,205,223,829,17,104,142,9,18.0,18.355850422195417,25,829,17,48.76470588235294,829,383,383,383,0.3679867986798677,0.002745,0.00495,0.5063818299207341,0.5387078228572559,0.5387078228572559,18.09805806756909,unique_starts
339,205,227,147,7,27,38,10,21.0,20.244897959183675,25,147,7,21.0,147,44,44,44,0.5392670157068035,0.002745,0.005305,0.5063818299207341,0.5186450155054151,0.5186450155054151,21.192450089729874,unique_starts
340,206,146,72,8,28,28,20,24.0,23.833333333333332,25,72,8,9.0,72,101,101,101,-0.16763005780346724,0.007895,0.006465,1.3343488900777554,1.3101396410351858,1.3343488900777554,24.188982236504614,unique_starts
341,206,166,1155,21,177,174,10,21.0,20.56017316017316,25,1155,21,55.0,1155,1149,1149,1149,0.0026041666666666657,0.007895,0.00776,1.3343488900777554,1.0507455859650614,1.3343488900777554,21.07516460280028,unique_starts
342,206,167,288,11,75,56,12,21.0,20.5625,25,288,11,26.181818181818183,288,704,704,704,-0.419354838709677,0.007895,0.005095,1.3343488900777554,0.5909565801330564,1.3343488900777554,21.115470053837925,unique_starts
343,206,186,2987,24,281,271,1,13.0,13.237696685637763,25,2987,24,124.45833333333333,2987,3661,3661,3661,-0.10138387484957881,0.007895,0.00718,1.3343488900777554,0.8486497235680653,1.3343488900777554,13.05965499862719,unique_starts
344,206,187,672,11,100,75,1,15.0,14.6875,25,672,11,61.09090909090909,672,1485,1485,1485,-0.37691237830319874,0.007895,0.005175,1.3343488900777554,0.6207587939335572,1.3343488900777554,15.1,unique_starts
345,206,203,95,5,26,28,15,22.0,21.231578947368423,25,95,5,19.0,95,221,221,221,-0.39873417721518856,0.007895,0.00391,1.3343488900777554,0.48804662136693716,1.3343488900777554,22.196116135138183,unique_starts
346,206,204,486,11,94,56,7,17.0,17.265432098765434,25,486,11,44.18181818181818,486,2142,2142,2142,-0.6301369863013696,0.007895,0.00524,1.3343488900777554,0.4869656510129815,1.3343488900777554,17.10314212462588,unique_starts
347,206,205,1115,18,166,118,1,10.0,9.702242152466368,25,1115,18,61.94444444444444,1115,4594,4594,4594,-0.6093886845331931,0.007895,0.002745,1.3343488900777554,0.5063818299207341,1.3343488900777554,10.077615052570634,unique_starts
348,206,207,6190,80,845,906,1,11.0,12.112116316639742,25,6190,80,77.375,6190,2794,2794,2794,0.37800534283170073,0.007895,0.007825,1.3343488900777554,1.5262344341990373,1.5262344341990373,11.034401045807689,unique_starts
349,206,208,2776,44,342,452,8,20.0,19.264048991354468,25,2776,44,63.09090909090909,2776,26,26,26,0.9814418272662381,0.007895,0.00363,1.3343488900777554,0.7086141398311434,1.3343488900777554,20.054073807043586,unique_starts
350,206,209,442,22,100,122,15,23.0,22.502262443438916,25,442,22,20.09090909090909,442,31,31,31,0.8689217758985182,0.007895,0.006,1.3343488900777554,0.8229686644087472,1.3343488900777554,23.1,unique_starts
351,206,222,19,3,9,9,22,24.0,24.210526315789473,25,19,3,6.333333333333333,19,3,0,0,0.9999999999999475,0.007895,0.001795,1.3343488900777554,0.6133961760960696,1.3343488900777554,24.333333333333332,unique_starts
352,206,223,447,17,107,100,15,23.0,22.449664429530202,25,447,17,26.294117647058822,447,47,47,47,0.8097165991902817,0.007895,0.00495,1.3343488900777554,0.5387078228572559,1.3343488900777554,23.096673648904567,unique_starts
353,206,227,4748,33,614,645,1,15.0,15.006107834877843,25,4748,33,143.87878787878788,4748,4632,4632,4632,0.012366737739872066,0.007895,0.005305,1.3343488900777554,0.5186450155054151,1.3343488900777554,15.040356715613562,unique_starts
354,206,229,20,2,6,5,19,22.5,22.45,25,20,2,10.0,20,161,161,161,-0.7790055248618741,0.007895,0.007375,1.3343488900777554,0.7363491058045332,1.3343488900777554,22.908248290463863,unique_starts
355,207,146,16,2,7,7,22,24.0,24.125,25,16,2,8.0,16,55,55,55,-0.5492957746478796,0.007825,0.006465,1.5262344341990373,1.3101396410351858,1.5262344341990373,24.37796447300923,unique_starts
356,207,147,22,3,9,9,21,24.0,23.90909090909091,25,22,3,7.333333333333333,22,42,42,42,-0.31249999999999517,0.007825,0.003625,1.5262344341990373,0.7912415393968553,1.5262344341990373,24.333333333333332,unique_starts
357,207,166,527,14,89,103,11,22.0,21.104364326375713,25,527,14,37.642857142857146,527,979,979,979,-0.30013280212483384,0.007825,0.00776,1.5262344341990373,1.0507455859650614,1.5262344341990373,22.105999788000634,unique_starts
358,207,167,615,9,89,84,10,21.0,20.24390243902439,25,615,9,68.33333333333333,615,893,893,893,-0.1843501326259946,0.007825,0.005095,1.5262344341990373,0.5909565801330564,1.5262344341990373,21.105999788000634,unique_starts
359,207,186,1152,15,120,132,1,15.0,14.972222222222221,25,1152,15,76.8,1152,2469,2469,2469,-0.36371168185584085,0.007825,0.00718,1.5262344341990373,0.8486497235680653,1.5262344341990373,15.091287092917527,unique_starts
360,207,187,1808,16,190,176,1,14.0,13.87112831858407,25,1808,16,113.0,1808,2640,2640,2640,-0.1870503597122302,0.007825,0.005175,1.5262344341990373,0.6207587939335572,1.5262344341990373,14.072547625011001,unique_starts
361,207,204,106,6,29,26,15,23.0,22.235849056603772,25,106,6,17.666666666666668,106,277,277,277,-0.4464751958224531,0.007825,0.00524,1.5262344341990373,0.4869656510129815,1.5262344341990373,23.18569533817705,unique_starts
362,207,205,355,10,63,57,8,18.0,17.729577464788733,25,355,10,35.5,355,1823,1823,1823,-0.6740128558310373,0.007825,0.002745,1.5262344341990373,0.5063818299207341,1.5262344341990373,18.12598815766974,unique_starts
363,207,206,2794,51,515,532,1,10.0,12.251610594130279,25,2794,51,54.78431372549019,2794,6190,6190,6190,-0.37800534283170073,0.007825,0.007895,1.5262344341990373,1.3343488900777554,1.5262344341990373,10.044065264923923,unique_starts
364,207,208,7145,52,617,632,1,13.0,12.928341497550734,25,7145,52,137.40384615384616,7145,789,789,789,0.8011091504915553,0.007825,0.00363,1.5262344341990373,0.7086141398311434,1.5262344341990373,13.040258484111424,unique_starts
365,207,209,2862,43,411,364,8,20.0,19.237246680642908,25,2862,43,66.55813953488372,2862,532,532,532,0.6865055981143192,0.007825,0.006,1.5262344341990373,0.8229686644087472,1.5262344341990373,20.0493263623667,unique_starts
366,207,210,480,27,136,125,17,23.0,22.8,25,480,27,17.77777777777778,480,126,126,126,0.5841584158415831,0.007825,0.005835,1.5262344341990373,0.5902465719283347,1.5262344341990373,23.085749292571254,unique_starts
367,207,223,10,3,6,6,23,25.0,24.5,25,10,3,3.3333333333333335,10,0,0,0,0.9999999999999,0.007825,0.00495,1.5262344341990373,0.5387078228572559,1.5262344341990373,25.408248290463863,unique_starts
368,207,227,3225,34,487,561,1,12.0,12.262945736434109,25,3225,34,94.8529411764706,3225,3484,3484,3484,-0.038604859144432846,0.007825,0.005305,1.5262344341990373,0.5186450155054151,1.5262344341990373,12.045314325442945,unique_starts
369,207,229,364,14,89,54,10,21.0,20.412087912087912,25,364,14,26.0,364,760,760,760,-0.3523131672597862,0.007825,0.007375,1.5262344341990373,0.7363491058045332,1.5262344341990373,21.105999788000634,unique_starts
370,207,230,155,12,52,49,19,24.0,23.425806451612903,25,155,12,12.916666666666666,155,182,182,182,-0.08011869436201756,0.007825,0.006075,1.5262344341990373,0.7354271936088964,1.5262344341990373,24.138675049056307,unique_starts
371,208,166,56,2,11,12,15,21.5,21.25,25,56,2,28.0,56,13,13,13,0.6231884057970924,0.00363,0.00776,0.7086141398311434,1.0507455859650614,1.0507455859650614,21.801511344577765,unique_starts
372,208,186,41,3,14,11,14,21.0,20.804878048780488,25,41,3,13.666666666666666,41,544,544,544,-0.8598290598290583,0.00363,0.00718,0.7086141398311434,0.8486497235680653,0.8486497235680653,21.267261241912426,unique_starts
373,208,187,309,5,40,48,6,19.0,18.135922330097088,25,309,5,61.8,309,254,254,254,0.09769094138543499,0.00363,0.005175,0.7086141398311434,0.6207587939335572,0.7086141398311434,19.15811388300842,unique_starts
374,208,206,26,3,11,11,9,22.0,19.76923076923077,25,26,3,8.666666666666666,26,2776,2776,2776,-0.9814418272662381,0.00363,0.007895,0.7086141398311434,1.3343488900777554,1.3343488900777554,22.301511344577765,unique_starts
375,208,207,789,13,81,120,1,11.0,11.629911280101394,25,789,13,60.69230769230769,789,7145,7145,7145,-0.8011091504915553,0.00363,0.007825,0.7086141398311434,1.5262344341990373,1.5262344341990373,11.11111111111111,unique_starts
376,208,209,5317,50,588,471,1,12.0,12.410005642279481,25,5317,50,106.34,5317,633,633,633,0.7872268907563024,0.00363,0.006,0.7086141398311434,0.8229686644087472,0.8229686644087472,12.041239304942117,unique_starts
377,208,210,3092,45,452,384,8,20.0,19.332794307891334,25,3092,45,68.71111111111111,3092,292,292,292,0.8274231678486995,0.00363,0.005835,0.7086141398311434,0.5902465719283347,0.7086141398311434,20.04703604341918,unique_starts
378,208,227,244,6,38,46,3,12.0,13.028688524590164,25,244,6,40.666666666666664,244,351,351,351,-0.17983193277310894,0.00363,0.005305,0.7086141398311434,0.5186450155054151,0.7086141398311434,12.162221421130763,unique_starts
379,208,229,1103,21,232,110,2,16.0,15.798730734360834,25,1103,21,52.523809523809526,1103,172,172,172,0.730196078431372,0.00363,0.007375,0.7086141398311434,0.7363491058045332,0.7363491058045332,16.06565321642986,unique_starts
380,208,230,998,22,180,141,9,21.0,20.217434869739478,25,998,22,45.36363636363637,998,353,353,353,0.4774241302738709,0.00363,0.006075,0.7086141398311434,0.7354271936088964,0.7354271936088964,21.074535599249995,unique_starts
381,208,231,134,10,45,43,19,24.0,23.470149253731343,25,134,10,13.4,134,111,111,111,0.09387755102040778,0.00363,0.00262,0.7086141398311434,1.0848570344661428,1.0848570344661428,24.149071198499986,unique_starts
382,209,206,31,3,13,7,18,23.0,22.35483870967742,25,31,3,10.333333333333334,31,442,442,442,-0.8689217758985182,0.006,0.007895,0.8229686644087472,1.3343488900777554,1.3343488900777554,23.277350098112613,unique_starts
383,209,207,532,11,75,88,7,19.0,19.046992481203006,25,532,11,48.36363636363637,532,2862,2862,2862,-0.6865055981143192,0.006,0.007825,0.8229686644087472,1.5262344341990373,1.5262344341990373,19.115470053837925,unique_starts
384,209,208,633,9,70,74,1,10.0,10.347551342812006,25,633,9,70.33333333333333,633,5317,5317,5317,-0.7872268907563024,0.006,0.00363,0.8229686644087472,0.7086141398311434,0.8229686644087472,10.11952286093344,unique_starts
385,209,210,5561,71,776,740,1,12.0,12.522567883474196,25,5561,71,78.32394366197182,5561,2466,2466,2466,0.38557368880029896,0.006,0.005835,0.8229686644087472,0.5902465719283347,0.8229686644087472,12.035897907930886,unique_starts
386,209,212,363,22,99,95,16,23.0,22.633608815426996,25,363,22,16.5,363,31,31,31,0.8426395939086273,0.006,0.00752,0.8229686644087472,0.6257671926651022,0.8229686644087472,23.100503781525923,unique_starts
387,209,213,15,3,8,8,23,25.0,24.4,25,15,3,5.0,15,3,0,0,0.9999999999999333,0.006,0.004515,0.8229686644087472,0.4836016098272794,0.8229686644087472,25.353553390593273,unique_starts
388,209,227,309,11,66,61,8,18.0,18.003236245954692,25,309,11,28.09090909090909,309,200,200,200,0.21414538310412531,0.006,0.005305,0.8229686644087472,0.5186450155054151,0.8229686644087472,18.123091490979334,unique_starts
389,209,229,5358,47,703,843,1,10.0,11.422172452407615,25,5358,47,114.0,5358,5000,5000,5000,0.03456265688356825,0.006,0.007375,0.8229686644087472,0.7363491058045332,0.8229686644087472,10.037715714320235,unique_starts
390,209,230,4559,42,656,669,1,15.0,14.812458872559771,25,4559,42,108.54761904761905,4559,4889,4889,4889,-0.034928027095681616,0.006,0.006075,0.8229686644087472,0.7354271936088964,0.8229686644087472,15.03904344047215,unique_starts
391,209,231,562,14,107,87,9,20.0,19.580071174377224,25,562,14,40.142857142857146,562,669,669,669,-0.08692120227457345,0.006,0.00262,0.8229686644087472,1.0848570344661428,1.0848570344661428,20.096673648904567,unique_starts
392,209,232,236,16,73,63,16,23.0,22.940677966101696,25,236,16,14.75,236,170,170,170,0.16256157635467938,0.006,0.01199,0.8229686644087472,1.149588140952595,1.149588140952595,23.11704114719613,unique_starts
393,210,207,126,8,36,39,15,23.0,22.904761904761905,25,126,8,15.75,126,480,480,480,-0.5841584158415831,0.005835,0.007825,0.5902465719283347,1.5262344341990373,1.5262344341990373,23.166666666666668,unique_starts
394,210,208,292,7,42,54,8,18.0,17.551369863013697,25,292,7,41.714285714285715,292,3092,3092,3092,-0.8274231678486995,0.005835,0.00363,0.5902465719283347,0.7086141398311434,0.7086141398311434,18.154303349962092,unique_starts
395,210,209,2466,45,457,476,1,10.0,11.997161394971615,25,2466,45,54.8,2466,5561,5561,5561,-0.38557368880029896,0.005835,0.006,0.5902465719283347,0.8229686644087472,0.8229686644087472,10.046778026972499,unique_starts
396,210,212,2020,28,275,263,8,20.0,19.221782178217822,25,2020,28,72.14285714285714,2020,467,467,467,0.6244471250502611,0.005835,0.00752,0.5902465719283347,0.6257671926651022,0.6257671926651022,20.060302268915553,unique_starts
397,210,213,320,13,70,75,15,23.0,22.325,25,320,13,24.615384615384617,320,98,98,98,0.5311004784688982,0.005835,0.004515,0.5902465719283347,0.4836016098272794,0.5902465719283347,23.11952286093344,unique_starts
398,210,227,176,9,47,41,15,22.0,21.801136363636363,25,176,9,19.555555555555557,176,22,22,22,0.7777777777777739,0.005835,0.005305,0.5902465719283347,0.5186450155054151,0.5902465719283347,22.145864991497895,unique_starts
399,210,229,4065,43,478,769,1,13.0,13.657072570725708,25,4065,43,94.53488372093024,4065,4591,4591,4591,-0.060767097966728266,0.005835,0.007375,0.5902465719283347,0.7363491058045332,0.7363491058045332,13.045738935374635,unique_starts
400,210,230,2570,41,411,528,1,12.0,12.30194552529183,25,2570,41,62.68292682926829,2570,3111,3111,3111,-0.09522971307868332,0.005835,0.006075,0.5902465719283347,0.7354271936088964,0.7354271936088964,12.049326362366699,unique_starts
401,210,231,917,19,179,115,1,15.0,15.06215921483097,25,917,19,48.26315789473684,917,629,629,629,0.18628719275549796,0.005835,0.00262,0.5902465719283347,1.0848570344661428,1.0848570344661428,15.074743509275194,unique_starts
402,210,232,1289,26,202,199,9,21.0,19.99612102404965,25,1289,26,49.57692307692308,1289,367,367,367,0.5567632850241543,0.005835,0.01199,0.5902465719283347,1.149588140952595,1.149588140952595,21.070359754473028,unique_starts
403,210,233,100,10,38,30,19,24.0,23.2,25,100,10,10.0,100,91,91,91,0.04712041884816729,0.005835,0.008765,0.5902465719283347,0.9914854975245977,0.9914854975245977,24.162221421130763,unique_starts
404,212,209,31,4,24,7,16,23.0,22.225806451612904,25,31,4,7.75,31,363,363,363,-0.8426395939086273,0.00752,0.006,0.6257671926651022,0.8229686644087472,0.8229686644087472,23.20412414523193,unique_starts
405,212,210,467,8,68,58,8,18.0,18.18843683083512,25,467,8,58.375,467,2020,2020,2020,-0.6244471250502611,0.00752,0.005835,0.6257671926651022,0.5902465719283347,0.6257671926651022,18.121267812518166,unique_starts
406,212,213,4558,58,750,562,1,15.0,14.248793330408073,25,4558,58,78.58620689655173,4558,3764,3764,3764,0.09540975726988703,0.00752,0.004515,0.6257671926651022,0.4836016098272794,0.6257671926651022,15.036514837167012,unique_starts
407,212,215,185,10,51,49,16,23.0,22.751351351351353,25,185,10,18.5,185,126,126,126,0.18971061093247527,0.00752,0.006525,0.6257671926651022,0.5062496747512129,0.6257671926651022,23.1400280084028,unique_starts
408,212,229,273,15,67,80,14,23.0,22.498168498168496,25,273,15,18.2,273,30,30,30,0.8019801980197993,0.00752,0.007375,0.6257671926651022,0.7363491058045332,0.7363491058045332,23.122169444356306,unique_starts
409,212,230,400,13,70,84,8,18.0,17.7325,25,400,13,30.76923076923077,400,109,109,109,0.5717092337917474,0.00752,0.006075,0.6257671926651022,0.7354271936088964,0.7354271936088964,18.11952286093344,unique_starts
410,212,231,434,12,67,79,1,11.0,12.085253456221198,25,434,12,36.166666666666664,434,228,228,228,0.3111782477341385,0.00752,0.00262,0.6257671926651022,1.0848570344661428,1.0848570344661428,11.122169444356306,unique_starts
411,212,232,10126,60,1114,1370,1,11.0,12.001580090855224,25,10126,60,168.76666666666668,10126,9306,9306,9306,0.042198435570193496,0.00752,0.01199,0.6257671926651022,1.149588140952595,1.149588140952595,11.029961075885598,unique_starts
412,212,233,4890,47,859,644,1,14.0,14.740695296523517,25,4890,47,104.04255319148936,4890,5813,5813,5813,-0.08623750350369054,0.00752,0.008765,0.6257671926651022,0.9914854975245977,0.9914854975245977,14.034119559696746,unique_starts
413,212,252,508,8,63,84,11,21.0,20.608267716535433,25,508,8,63.5,508,242,242,242,0.3546666666666662,0.00752,0.007445,0.6257671926651022,0.6893568031670897,0.6893568031670897,21.12598815766974,unique_starts
414,212,272,18,4,9,9,22,24.5,24.22222222222222,25,18,4,4.5,18,31,31,31,-0.26530612244897417,0.00752,0.011495,0.6257671926651022,0.9397246429491959,0.9397246429491959,24.833333333333332,unique_starts
415,213,210,98,6,24,36,15,23.0,22.102040816326532,25,98,6,16.333333333333332,98,320,320,320,-0.5311004784688982,0.004515,0.005835,0.4836016098272794,0.5902465719283347,0.5902465719283347,23.20412414523193,unique_starts
416,213,212,3764,50,532,722,1,10.0,11.92826780021254,25,3764,50,75.28,3764,4558,4558,4558,-0.09540975726988703,0.004515,0.00752,0.4836016098272794,0.6257671926651022,0.6257671926651022,10.043355498476206,unique_starts
417,213,215,1798,23,228,246,6,19.0,18.97441601779755,25,1798,23,78.17391304347827,1798,472,472,472,0.5841409691629954,0.004515,0.006525,0.4836016098272794,0.5062496747512129,0.5062496747512129,19.066226617853253,unique_starts
418,213,229,3,2,2,3,24,25.0,24.666666666666668,25,3,2,1.5,3,0,0,0,0.9999999999996666,0.004515,0.007375,0.4836016098272794,0.7363491058045332,0.7363491058045332,25.707106781186546,unique_starts
419,213,230,131,4,27,27,15,23.0,22.213740458015266,25,131,4,32.75,131,19,19,19,0.7466666666666617,0.004515,0.006075,0.4836016098272794,0.7354271936088964,0.7354271936088964,23.192450089729874,unique_starts
420,213,231,340,7,50,48,8,17.0,17.29705882352941,25,340,7,48.57142857142857,340,171,171,171,0.33072407045009716,0.004515,0.00262,0.4836016098272794,1.0848570344661428,1.0848570344661428,17.14142135623731,unique_starts
421,213,232,4413,47,505,861,1,14.0,13.913890777249037,25,4413,47,93.8936170212766,4413,5459,5459,5459,-0.10595623987034034,0.004515,0.01199,0.4836016098272794,1.149588140952595,1.149588140952595,14.044499415948998,unique_starts
422,213,233,2104,46,364,492,1,13.0,13.122623574144487,25,2104,46,45.73913043478261,2104,2866,2866,2866,-0.15331991951710258,0.004515,0.008765,0.4836016098272794,0.9914854975245977,0.9914854975245977,13.052414241836097,unique_starts
423,213,234,64,3,22,10,1,12.0,12.265625,25,64,3,21.333333333333332,64,203,203,203,-0.5205992509363276,0.004515,0.00283,0.4836016098272794,0.4932827964149794,0.4932827964149794,12.21320071635561,unique_starts
424,213,235,213,7,47,33,12,21.0,20.718309859154928,25,213,7,30.428571428571427,213,234,234,234,-0.04697986577181197,0.004515,0.00972,0.4836016098272794,0.8517983362386669,0.8517983362386669,21.145864991497895,unique_starts
425,213,236,57,6,19,25,19,24.0,23.403508771929825,25,57,6,9.5,57,130,130,130,-0.39037433155080004,0.004515,0.00571,0.4836016098272794,0.5295374004641226,0.5295374004641226,24.22941573387056,unique_starts
426,213,273,14,2,10,5,19,24.0,23.214285714285715,25,14,2,7.0,14,29,29,29,-0.34883720930231743,0.004515,0.006425,0.4836016098272794,0.5004214132326718,0.5004214132326718,24.316227766016837,unique_starts
427,215,212,126,7,31,37,15,22.0,21.96031746031746,25,126,7,18.0,126,185,185,185,-0.18971061093247527,0.006525,0.00752,0.5062496747512129,0.6257671926651022,0.6257671926651022,22.179605302026776,unique_starts
428,215,213,472,11,80,61,8,17.0,17.453389830508474,25,472,11,42.90909090909091,472,1798,1798,1798,-0.5841409691629954,0.006525,0.004515,0.5062496747512129,0.4836016098272794,0.5062496747512129,17.11180339887499,unique_starts
429,215,218,187,12,46,60,16,23.0,22.572192513368982,25,187,12,15.583333333333334,187,221,221,221,-0.08333333333333312,0.006525,0.008605,0.5062496747512129,0.7954812677285201,0.7954812677285201,23.147441956154896,unique_starts
430,215,232,157,8,36,43,14,23.0,22.1656050955414,25,157,8,19.625,157,239,239,239,-0.20707070707070654,0.006525,0.01199,0.5062496747512129,1.149588140952595,1.149588140952595,23.166666666666668,unique_starts
431,215,233,879,16,111,158,8,20.0,19.19226393629124,25,879,16,54.9375,879,1226,1226,1226,-0.16484560570071252,0.006525,0.008765,0.5062496747512129,0.9914854975245977,0.9914854975245977,20.09491579957525,unique_starts
432,215,234,592,13,95,75,1,12.0,11.91554054054054,25,592,13,45.53846153846154,592,690,690,690,-0.07644305772230883,0.006525,0.00283,0.5062496747512129,0.4932827964149794,0.5062496747512129,12.102597835208515,unique_starts
433,215,235,8858,47,923,1164,1,12.0,12.45540754120569,25,8858,47,188.46808510638297,8858,7958,7958,7958,0.05352045670789724,0.006525,0.00972,0.5062496747512129,0.8517983362386669,0.8517983362386669,12.032915400933831,unique_starts
434,215,236,3372,40,629,478,1,14.0,14.212930011862396,25,3372,40,84.3,3372,3872,3872,3872,-0.06902263942573163,0.006525,0.00571,0.5062496747512129,0.5295374004641226,0.5295374004641226,14.039872611141446,unique_starts
435,218,178,1233,20,163,189,10,20.0,20.034063260340634,25,1233,20,61.65,1233,3756,3756,3756,-0.5057125676488273,0.008605,0.00622,0.7954812677285201,0.5882150206782405,0.7954812677285201,20.078326044998796,unique_starts
436,218,198,2148,23,209,281,1,11.0,11.62290502793296,25,2148,23,93.3913043478261,2148,9834,9834,9834,-0.6414621932899348,0.008605,0.006905,0.7954812677285201,0.7090216499347015,0.7954812677285201,11.069171446386607,unique_starts
437,218,215,221,12,70,51,15,23.0,22.493212669683256,25,221,12,18.416666666666668,221,187,187,187,0.08333333333333312,0.008605,0.006525,0.7954812677285201,0.5062496747512129,0.7954812677285201,23.11952286093344,unique_starts
438,218,234,13,9,11,11,24,25.0,24.846153846153847,25,13,9,1.4444444444444444,13,0,0,0,0.9999999999999231,0.008605,0.00283,0.7954812677285201,0.4932827964149794,0.7954812677285201,25.301511344577765,unique_starts
439,218,235,1198,51,308,287,16,23.0,22.77128547579299,25,1198,51,23.49019607843137,1198,108,108,108,0.8346094946401219,0.008605,0.00972,0.7954812677285201,0.8517983362386669,0.8517983362386669,23.05698028822982,unique_starts
440,218,236,3910,52,590,425,7,20.0,19.29309462915601,25,3910,52,75.1923076923077,3910,370,370,370,0.8271028037383176,0.008605,0.00571,0.7954812677285201,0.5295374004641226,0.7954812677285201,20.04116934847963,unique_starts
441,221,203,1320,26,191,203,9,20.0,19.55151515151515,25,1320,26,50.76923076923077,1320,864,864,864,0.20879120879120872,0.007795,0.00391,0.7872718194069845,0.48804662136693716,0.7872718194069845,20.072357460529243,unique_starts
442,221,204,296,17,91,82,18,23.0,23.114864864864863,25,296,17,17.41176470588235,296,201,201,201,0.19114688128772597,0.007795,0.00524,0.7872718194069845,0.4869656510129815,0.7872718194069845,23.104828483672193,unique_starts
443,221,222,1803,24,241,190,1,10.0,10.509706045479756,25,1803,24,75.125,1803,1701,1701,1701,0.029109589041095882,0.007795,0.001795,0.7872718194069845,0.6133961760960696,0.7872718194069845,10.064415662640084,unique_starts
444,221,223,998,19,167,120,9,19.0,18.8436873747495,25,998,19,52.526315789473685,998,1306,1306,1306,-0.1336805555555555,0.007795,0.00495,0.7872718194069845,0.5387078228572559,0.7872718194069845,19.077382323253413,unique_starts
445,221,241,3294,29,333,296,1,12.0,12.003035822707954,25,3294,29,113.58620689655173,3294,2654,2654,2654,0.10759919300605243,0.007795,0.00492,0.7872718194069845,0.4932650260671744,0.7872718194069845,12.05479966243512,unique_starts
446,221,260,693,15,127,102,11,22.0,21.063492063492063,25,693,15,46.2,693,803,803,803,-0.07352941176470584,0.007795,0.004935,0.7872718194069845,0.4789328484065991,0.7872718194069845,22.08873565094161,unique_starts
447,221,261,1527,25,236,207,10,21.0,20.153241650294696,25,1527,25,61.08,1527,1076,1076,1076,0.17326162120630037,0.007795,0.008305,0.7872718194069845,0.8581825618616916,0.8581825618616916,21.065094455490414,unique_starts
448,221,281,115,11,41,42,20,24.0,23.713043478260868,25,115,11,10.454545454545455,115,66,66,66,0.2707182320441974,0.007795,0.00515,0.7872718194069845,0.5846732498910517,0.7872718194069845,24.156173761888606,unique_starts
449,222,203,491,15,80,100,1,12.0,12.44806517311609,25,491,15,32.733333333333334,491,427,427,427,0.06971677559912846,0.001795,0.00391,0.6133961760960696,0.48804662136693716,0.6133961760960696,12.11180339887499,unique_starts
450,222,204,645,16,118,101,9,19.0,19.11627906976744,25,645,16,40.3125,645,334,334,334,0.3176710929519915,0.001795,0.00524,0.6133961760960696,0.4869656510129815,0.6133961760960696,19.09205746178983,unique_starts
451,222,205,103,6,26,25,16,23.0,22.50485436893204,25,103,6,17.166666666666668,103,139,139,139,-0.1487603305785118,0.001795,0.002745,0.6133961760960696,0.5063818299207341,0.6133961760960696,23.196116135138183,unique_starts
452,222,221,1701,24,162,255,1,10.0,9.95002939447384,25,1701,24,70.875,1701,1803,1803,1803,-0.029109589041095882,0.001795,0.007795,0.6133961760960696,0.7872718194069845,0.7872718194069845,10.078567420131838,unique_starts
453,222,223,1238,17,161,128,1,10.0,10.839256865912763,25,1238,17,72.82352941176471,1238,1102,1102,1102,0.0581196581196581,0.001795,0.00495,0.6133961760960696,0.5387078228572559,0.6133961760960696,10.07881104062391,unique_starts
454,222,241,1069,19,125,196,2,19.0,18.86997193638915,25,1069,19,56.26315789473684,1069,906,906,906,0.08253164556962021,0.001795,0.00492,0.6133961760960696,0.4932650260671744,0.6133961760960696,19.089442719099992,unique_starts
455,222,260,8,3,5,5,23,25.0,24.5,25,8,3,2.6666666666666665,8,16,16,16,-0.3333333333333195,0.001795,0.004935,0.6133961760960696,0.4789328484065991,0.6133961760960696,25.447213595499957,unique_starts
456,222,261,116,8,34,38,19,24.0,23.29310344827586,25,116,8,14.5,116,141,141,141,-0.0972762645914393,0.001795,0.008305,0.6133961760960696,0.8581825618616916,0.8581825618616916,24.17149858514251,unique_starts
457,223,203,1829,33,500,331,1,16.0,14.266812465828322,25,1829,33,55.42424242424242,1829,2678,2678,2678,-0.18837364100288437,0.00495,0.00391,0.5387078228572559,0.48804662136693716,0.5387078228572559,16.044721359549996,unique_starts
458,223,204,4329,33,659,576,1,13.0,13.355509355509355,25,4329,33,131.1818181818182,4329,3685,3685,3685,0.08035937110057399,0.00495,0.00524,0.5387078228572559,0.4869656510129815,0.5387078228572559,13.03895446935658,unique_starts
459,223,205,383,8,64,66,10,20.0,19.357702349869452,25,383,8,47.875,383,829,829,829,-0.3679867986798677,0.00495,0.002745,0.5387078228572559,0.5063818299207341,0.5387078228572559,20.125,unique_starts
460,223,206,47,7,20,17,18,24.0,23.106382978723403,25,47,7,6.714285714285714,47,447,447,447,-0.8097165991902817,0.00495,0.007895,0.5387078228572559,1.3343488900777554,1.3343488900777554,24.22360679774998,unique_starts
461,223,221,1306,18,136,188,7,18.0,17.801684532924963,25,1306,18,72.55555555555556,1306,998,998,998,0.1336805555555555,0.00495,0.007795,0.5387078228572559,0.7872718194069845,0.7872718194069845,18.085749292571254,unique_starts
462,223,222,1102,19,149,136,1,9.0,9.192377495462795,25,1102,19,58.0,1102,1238,1238,1238,-0.0581196581196581,0.00495,0.001795,0.5387078228572559,0.6133961760960696,0.6133961760960696,9.081923192051905,unique_starts
463,223,241,220,13,58,65,17,23.0,22.740909090909092,25,220,13,16.923076923076923,220,164,164,164,0.14583333333333295,0.00495,0.00492,0.5387078228572559,0.4932650260671744,0.5387078228572559,23.131306432859724,unique_starts
464,227,166,22,2,7,7,20,24.0,23.40909090909091,25,22,2,11.0,22,26,26,26,-0.0833333333333316,0.005305,0.00776,0.5186450155054151,1.0507455859650614,1.0507455859650614,24.37796447300923,unique_starts
465,227,167,18,3,8,9,22,24.0,24.166666666666668,25,18,3,6.0,18,30,30,30,-0.24999999999999478,0.005305,0.005095,0.5186450155054151,0.5909565801330564,0.5909565801330564,24.353553390593273,unique_starts
466,227,186,321,6,45,59,11,21.0,20.713395638629283,25,321,6,53.5,321,463,463,463,-0.1811224489795916,0.005305,0.00718,0.5186450155054151,0.8486497235680653,0.8486497235680653,21.149071198499986,unique_starts
467,227,187,274,7,36,68,11,21.0,20.17153284671533,25,274,7,39.142857142857146,274,319,319,319,-0.07588532883642482,0.005305,0.005175,0.5186450155054151,0.6207587939335572,0.6207587939335572,21.166666666666668,unique_starts
468,227,204,18,3,10,7,20,24.0,23.77777777777778,25,18,3,6.0,18,35,0,0,0.9999999999999445,0.005305,0.00524,0.5186450155054151,0.4869656510129815,0.5186450155054151,24.316227766016837,unique_starts
469,227,205,44,4,14,17,7,14.5,15.431818181818182,25,44,4,11.0,44,147,147,147,-0.5392670157068035,0.005305,0.002745,0.5186450155054151,0.5063818299207341,0.5186450155054151,14.767261241912424,unique_starts
470,227,206,4632,39,668,558,1,14.0,14.603842832469775,25,4632,39,118.76923076923077,4632,4748,4748,4748,-0.012366737739872066,0.005305,0.007895,0.5186450155054151,1.3343488900777554,1.3343488900777554,14.038691161626707,unique_starts
471,227,207,3484,47,656,522,1,10.0,11.549081515499426,25,3484,47,74.12765957446808,3484,3225,3225,3225,0.038604859144432846,0.005305,0.007825,0.5186450155054151,1.5262344341990373,1.5262344341990373,10.03904344047215,unique_starts
472,227,208,351,6,39,53,2,13.0,12.886039886039885,25,351,6,58.5,351,244,244,244,0.17983193277310894,0.005305,0.00363,0.5186450155054151,0.7086141398311434,0.7086141398311434,13.160128153805086,unique_starts
473,227,209,200,5,33,41,12,21.0,20.97,25,200,5,40.0,200,309,309,309,-0.21414538310412531,0.005305,0.006,0.5186450155054151,0.8229686644087472,0.8229686644087472,21.1740776559557,unique_starts
474,227,210,22,3,9,9,21,24.0,23.90909090909091,25,22,3,7.333333333333333,22,176,176,176,-0.7777777777777739,0.005305,0.005835,0.5186450155054151,0.5902465719283347,0.5902465719283347,24.333333333333332,unique_starts
475,227,223,7,2,4,4,23,24.0,24.285714285714285,25,7,2,3.5,7,0,0,0,0.9999999999998571,0.005305,0.00495,0.5186450155054151,0.5387078228572559,0.5387078228572559,24.5,unique_starts
476,227,229,97,2,20,9,10,19.0,18.670103092783506,25,97,2,48.5,97,1326,1326,1326,-0.8636683063949397,0.005305,0.007375,0.5186450155054151,0.7363491058045332,0.7363491058045332,19.22360679774998,unique_starts
477,229,187,10,3,6,6,23,25.0,24.5,25,10,3,3.3333333333333335,10,0,0,0,0.9999999999999,0.007375,0.005175,0.7363491058045332,0.6207587939335572,0.7363491058045332,25.408248290463863,unique_starts
478,229,205,19,3,9,6,20,23.0,23.210526315789473,25,19,3,6.333333333333333,19,0,0,0,0.9999999999999475,0.007375,0.002745,0.7363491058045332,0.5063818299207341,0.7363491058045332,23.333333333333332,unique_starts
479,229,206,161,10,44,45,14,23.0,22.074534161490682,25,161,10,16.1,161,20,20,20,0.7790055248618741,0.007375,0.007895,0.7363491058045332,1.3343488900777554,1.3343488900777554,23.15075567228888,unique_starts
480,229,207,760,20,125,142,8,21.0,19.955263157894738,25,760,20,38.0,760,364,364,364,0.3523131672597862,0.007375,0.007825,0.7363491058045332,1.5262344341990373,1.5262344341990373,21.089442719099992,unique_starts
481,229,208,172,8,42,40,1,12.0,12.453488372093023,25,172,8,21.5,172,1103,1103,1103,-0.730196078431372,0.007375,0.00363,0.7363491058045332,0.7086141398311434,0.7363491058045332,12.154303349962092,unique_starts
482,229,209,5000,44,851,647,1,13.0,13.1342,25,5000,44,113.63636363636364,5000,5358,5358,5358,-0.03456265688356825,0.007375,0.006,0.7363491058045332,0.8229686644087472,0.8229686644087472,13.034279558509553,unique_starts
483,229,210,4591,44,843,519,1,13.0,13.385972554998911,25,4591,44,104.3409090909091,4591,4065,4065,4065,0.060767097966728266,0.007375,0.005835,0.7363491058045332,0.5902465719283347,0.7363491058045332,13.034441829515915,unique_starts
484,229,212,30,5,13,16,21,24.0,23.533333333333335,25,30,5,6.0,30,273,273,273,-0.8019801980197993,0.007375,0.00752,0.7363491058045332,0.6257671926651022,0.7363491058045332,24.277350098112613,unique_starts
485,229,227,1326,27,203,183,7,17.0,17.429864253393664,25,1326,27,49.111111111111114,1326,97,97,97,0.8636683063949397,0.007375,0.005305,0.7363491058045332,0.5186450155054151,0.7363491058045332,17.07018624063436,unique_starts
486,229,230,7122,40,1034,778,1,12.0,12.623701207525976,25,7122,40,178.05,7122,8423,8423,8423,-0.08369250562881955,0.007375,0.006075,0.7363491058045332,0.7354271936088964,0.7363491058045332,12.031098520678556,unique_starts
487,229,231,285,7,37,54,9,19.0,18.428070175438595,25,285,7,40.714285714285715,285,2099,2099,2099,-0.7609060402684561,0.007375,0.00262,0.7363491058045332,1.0848570344661428,1.0848570344661428,19.164398987305358,unique_starts
488,229,232,66,5,18,25,18,23.0,22.96969696969697,25,66,5,13.2,66,982,982,982,-0.8740458015267168,0.007375,0.01199,0.7363491058045332,1.149588140952595,1.149588140952595,23.235702260395517,unique_starts
489,230,207,182,11,61,46,16,23.0,22.587912087912088,25,182,11,16.545454545454547,182,155,155,155,0.08011869436201756,0.006075,0.007825,0.7354271936088964,1.5262344341990373,1.5262344341990373,23.128036879932896,unique_starts
490,230,208,353,8,68,48,9,19.0,19.025495750708217,25,353,8,44.125,353,998,998,998,-0.4774241302738709,0.006075,0.00363,0.7354271936088964,0.7086141398311434,0.7354271936088964,19.121267812518166,unique_starts
491,230,209,4889,40,783,652,1,13.0,13.656371446103497,25,4889,40,122.225,4889,4559,4559,4559,0.034928027095681616,0.006075,0.006,0.7354271936088964,0.8229686644087472,0.8229686644087472,13.035737084494594,unique_starts
492,230,210,3111,43,665,452,1,10.0,11.812921890067502,25,3111,43,72.34883720930233,3111,2570,2570,2570,0.09522971307868332,0.006075,0.005835,0.7354271936088964,0.5902465719283347,0.7354271936088964,10.038778336716474,unique_starts
493,230,212,109,5,26,32,12,20.0,19.844036697247706,25,109,5,21.8,109,400,400,400,-0.5717092337917474,0.006075,0.00752,0.7354271936088964,0.6257671926651022,0.7354271936088964,20.196116135138183,unique_starts
494,230,213,19,2,4,8,19,23.0,22.57894736842105,25,19,2,9.5,19,131,131,131,-0.7466666666666617,0.006075,0.004515,0.7354271936088964,0.4836016098272794,0.7354271936088964,23.5,unique_starts
495,230,227,468,18,113,101,15,23.0,22.275641025641026,25,468,18,26.0,468,45,0,0,0.9999999999999978,0.006075,0.005305,0.7354271936088964,0.5186450155054151,0.7354271936088964,23.09407208683836,unique_starts
496,230,229,8423,53,995,1177,1,12.0,13.040128220349045,25,8423,53,158.9245283018868,8423,7122,7122,7122,0.08369250562881955,0.006075,0.007375,0.7354271936088964,0.7363491058045332,0.7363491058045332,12.031702131247412,unique_starts
497,230,231,698,14,80,103,1,10.0,10.822349570200574,25,698,14,49.857142857142854,698,2576,2576,2576,-0.573610262675626,0.006075,0.00262,0.7354271936088964,1.0848570344661428,1.0848570344661428,10.11180339887499,unique_starts
498,230,232,595,13,74,111,7,19.0,18.41176470588235,25,595,13,45.76923076923077,595,1908,1908,1908,-0.524570515381542,0.006075,0.01199,0.7354271936088964,1.149588140952595,1.149588140952595,19.11624763874382,unique_starts
499,230,233,131,7,29,41,16,23.0,22.229007633587788,25,131,7,18.714285714285715,131,713,713,713,-0.689573459715639,0.006075,0.008765,0.7354271936088964,0.9914854975245977,0.9914854975245977,23.18569533817705,unique_starts
500,231,208,111,7,33,25,17,23.0,22.52252252252252,25,111,7,15.857142857142858,111,134,134,134,-0.09387755102040778,0.00262,0.00363,1.0848570344661428,0.7086141398311434,1.0848570344661428,23.1740776559557,unique_starts
501,231,209,669,16,124,101,9,20.0,19.698056801195815,25,669,16,41.8125,669,562,562,562,0.08692120227457345,0.00262,0.006,1.0848570344661428,0.8229686644087472,1.0848570344661428,20.089802651013386,unique_starts
502,231,210,629,19,110,91,1,13.0,14.2241653418124,25,629,19,33.10526315789474,629,917,917,917,-0.18628719275549796,0.00262,0.005835,1.0848570344661428,0.5902465719283347,1.0848570344661428,13.09534625892456,unique_starts
503,231,212,228,8,39,50,2,13.0,13.206140350877194,25,228,8,28.5,228,434,434,434,-0.3111782477341385,0.00262,0.00752,1.0848570344661428,0.6257671926651022,1.0848570344661428,13.160128153805086,unique_starts
504,231,213,171,8,37,48,13,22.0,21.461988304093566,25,171,8,21.375,171,340,340,340,-0.33072407045009716,0.00262,0.004515,1.0848570344661428,0.4836016098272794,1.0848570344661428,22.164398987305358,unique_starts
505,231,227,21,7,12,13,21,25.0,24.238095238095237,25,21,7,3.0,21,0,0,0,0.9999999999999525,0.00262,0.005305,1.0848570344661428,0.5186450155054151,1.0848570344661428,25.28867513459481,unique_starts
506,231,229,2099,37,273,312,7,17.0,17.484992853739875,25,2099,37,56.729729729729726,2099,285,285,285,0.7609060402684561,0.00262,0.007375,1.0848570344661428,0.7363491058045332,1.0848570344661428,17.06052275326688,unique_starts
507,231,230,2576,37,328,310,1,9.0,10.45496894409938,25,2576,37,69.62162162162163,2576,698,698,698,0.573610262675626,0.00262,0.006075,1.0848570344661428,0.7354271936088964,1.0848570344661428,9.055215763037424,unique_starts
508,231,232,1495,24,162,228,1,10.0,10.34247491638796,25,1495,24,62.291666666666664,1495,2874,2874,2874,-0.3156328679331654,0.00262,0.01199,1.0848570344661428,1.149588140952595,1.149588140952595,10.078567420131838,unique_starts
509,231,233,581,13,83,91,9,19.0,18.740103270223752,25,581,13,44.69230769230769,581,1193,1193,1193,-0.3449830890642614,0.00262,0.008765,1.0848570344661428,0.9914854975245977,1.0848570344661428,19.10976425998969,unique_starts
510,231,234,33,2,11,9,20,24.0,23.363636363636363,25,33,2,16.5,33,422,422,422,-0.854945054945053,0.00262,0.00283,1.0848570344661428,0.4932827964149794,1.0848570344661428,24.301511344577765,unique_starts
511,231,252,820,13,84,142,1,19.0,18.484146341463415,25,820,13,63.07692307692308,820,1008,1008,1008,-0.10284463894967172,0.00262,0.007445,1.0848570344661428,0.6893568031670897,1.0848570344661428,19.109108945117995,unique_starts
512,231,272,36,4,13,15,21,24.0,23.694444444444443,25,36,4,9.0,36,115,115,115,-0.5231788079470164,0.00262,0.011495,1.0848570344661428,0.9397246429491959,1.0848570344661428,24.277350098112613,unique_starts
513,232,209,170,10,47,44,17,23.0,22.623529411764707,25,170,10,17.0,170,236,236,236,-0.16256157635467938,0.01199,0.006,1.149588140952595,0.8229686644087472,1.149588140952595,23.145864991497895,unique_starts
514,232,210,367,10,69,54,9,19.0,19.03814713896458,25,367,10,36.7,367,1289,1289,1289,-0.5567632850241543,0.01199,0.005835,1.149588140952595,0.5902465719283347,1.149588140952595,19.120385853085768,unique_starts
515,232,212,9306,49,1364,1063,1,13.0,13.449924779712013,25,9306,49,189.91836734693877,9306,10126,10126,10126,-0.042198435570193496,0.01199,0.00752,1.149588140952595,0.6257671926651022,1.149588140952595,13.027076518053693,unique_starts
516,232,213,5459,49,994,551,1,13.0,13.538926543322953,25,5459,49,111.40816326530613,5459,4413,4413,4413,0.10595623987034034,0.01199,0.004515,1.149588140952595,0.4836016098272794,1.149588140952595,13.031718073984777,unique_starts
517,232,215,239,11,53,57,14,23.0,22.188284518828453,25,239,11,21.727272727272727,239,157,157,157,0.20707070707070654,0.01199,0.006525,1.149588140952595,0.5062496747512129,1.149588140952595,23.13736056394869,unique_starts
518,232,229,982,29,193,201,14,22.0,21.90020366598778,25,982,29,33.86206896551724,982,66,66,66,0.8740458015267168,0.01199,0.007375,1.149588140952595,0.7363491058045332,1.149588140952595,22.07198157507487,unique_starts
519,232,230,1908,32,270,249,7,17.0,16.938155136268342,25,1908,32,59.625,1908,595,595,595,0.524570515381542,0.01199,0.006075,1.149588140952595,0.7354271936088964,1.149588140952595,17.06085806194502,unique_starts
520,232,231,2874,39,335,348,1,10.0,10.637091162143355,25,2874,39,73.6923076923077,2874,1495,1495,1495,0.3156328679331654,0.01199,0.00262,1.149588140952595,1.0848570344661428,1.149588140952595,10.054635836470815,unique_starts
521,232,233,7565,64,1383,860,1,11.0,11.981361533377395,25,7565,64,118.203125,7565,8686,8686,8686,-0.06898037043874222,0.01199,0.008765,1.149588140952595,0.9914854975245977,1.149588140952595,11.026889882837002,unique_starts
522,232,234,611,12,96,78,9,18.0,17.72340425531915,25,611,12,50.916666666666664,611,2134,2134,2134,-0.5548269581056464,0.01199,0.00283,1.149588140952595,0.4932827964149794,1.149588140952595,18.102062072615965,unique_starts
523,232,235,171,6,42,36,17,23.0,22.514619883040936,25,171,6,28.5,171,885,885,885,-0.6761363636363631,0.01199,0.00972,1.149588140952595,0.8517983362386669,1.149588140952595,23.154303349962092,unique_starts
524,232,236,4,2,3,3,24,25.0,24.75,25,4,2,2.0,4,35,35,35,-0.7948717948717745,0.01199,0.00571,1.149588140952595,0.5295374004641226,1.149588140952595,25.577350269189626,unique_starts
525,232,252,3585,32,359,355,1,12.0,12.559832635983264,25,3585,32,112.03125,3585,3477,3477,3477,0.015293118096856413,0.01199,0.007445,1.149588140952595,0.6893568031670897,1.149588140952595,12.052777981396925,unique_starts
526,232,272,1636,25,243,238,10,21.0,20.402200488997554,25,1636,25,65.44,1636,1544,1544,1544,0.028930817610062883,0.01199,0.011495,1.149588140952595,0.9397246429491959,1.149588140952595,21.064150029909957,unique_starts
527,232,273,395,11,79,76,12,21.0,20.81772151898734,25,395,11,35.90909090909091,395,149,149,149,0.45220588235294035,0.01199,0.006425,1.149588140952595,0.5004214132326718,1.149588140952595,21.1125087900926,unique_starts
528,232,292,87,10,38,31,20,24.0,23.60919540229885,25,87,10,8.7,87,67,67,67,0.12987012987012903,0.01199,0.00642,1.149588140952595,0.9895483146850049,1.149588140952595,24.162221421130763,unique_starts
529,232,293,27,6,15,12,21,24.0,23.962962962962962,25,27,6,4.5,27,0,0,0,0.999999999999963,0.01199,0.004665,1.149588140952595,0.6204776262198525,1.149588140952595,24.25819888974716,unique_starts
530,233,210,91,4,24,19,16,22.0,21.86813186813187,25,91,4,22.75,91,100,100,100,-0.04712041884816729,0.008765,0.005835,0.9914854975245977,0.5902465719283347,0.9914854975245977,22.20412414523193,unique_starts
531,233,212,5813,50,797,949,1,13.0,13.667641493204886,25,5813,50,116.26,5813,4890,4890,4890,0.08623750350369054,0.008765,0.00752,0.9914854975245977,0.6257671926651022,0.9914854975245977,13.03542181734879,unique_starts
532,233,213,2866,54,609,525,1,9.0,11.312281926029309,25,2866,54,53.074074074074076,2866,2104,2104,2104,0.15331991951710258,0.008765,0.004515,0.9914854975245977,0.4836016098272794,0.9914854975245977,9.040522044923655,unique_starts
533,233,215,1226,18,164,168,9,20.0,19.484502446982056,25,1226,18,68.11111111111111,1226,879,879,879,0.16484560570071252,0.008765,0.006525,0.9914854975245977,0.5062496747512129,0.9914854975245977,20.0780868809443,unique_starts
534,233,229,52,10,25,24,22,24.0,24.134615384615383,25,52,10,5.2,52,0,0,0,0.9999999999999807,0.008765,0.007375,0.9914854975245977,0.7363491058045332,0.9914854975245977,24.2,unique_starts
535,233,230,713,18,140,130,15,22.0,21.894810659186536,25,713,18,39.611111111111114,713,131,131,131,0.689573459715639,0.008765,0.006075,0.9914854975245977,0.7354271936088964,0.9914854975245977,22.08451542547285,unique_starts
536,233,231,1193,20,179,139,8,17.0,16.97485331098072,25,1193,20,59.65,1193,581,581,581,0.3449830890642614,0.008765,0.00262,0.9914854975245977,1.0848570344661428,1.0848570344661428,17.074743509275194,unique_starts
537,233,232,8686,69,1040,1393,1,13.0,13.103845268247754,25,8686,69,125.8840579710145,8686,7565,7565,7565,0.06898037043874222,0.008765,0.01199,0.9914854975245977,1.149588140952595,1.149588140952595,13.031008683647302,unique_starts
538,233,234,1428,20,201,136,1,10.0,10.13655462184874,25,1428,20,71.4,1428,4147,4147,4147,-0.4877130044843049,0.008765,0.00283,0.9914854975245977,0.4932827964149794,0.9914854975245977,10.070534561585859,unique_starts
539,233,235,737,14,109,87,8,18.0,18.2483039348711,25,737,14,52.642857142857146,737,3385,3385,3385,-0.6424065987384763,0.008765,0.00972,0.9914854975245977,0.8517983362386669,0.9914854975245977,18.095782628522116,unique_starts
540,233,236,232,13,60,57,15,23.0,22.560344827586206,25,232,13,17.846153846153847,232,1115,1115,1115,-0.6555308092056418,0.008765,0.00571,0.9914854975245977,0.5295374004641226,0.9914854975245977,23.12909944487358,unique_starts
541,233,252,1711,20,228,167,2,16.0,15.576271186440678,25,1711,20,85.55,1711,1696,1696,1696,0.004402700322864689,0.008765,0.007445,0.9914854975245977,0.6893568031670897,0.9914854975245977,16.066226617853253,unique_starts
542,233,272,1080,23,196,169,10,21.0,20.789814814814815,25,1080,23,46.95652173913044,1080,548,548,548,0.3267813267813266,0.008765,0.011495,0.9914854975245977,0.9397246429491959,0.9914854975245977,21.071428571428573,unique_starts
543,233,273,859,17,166,114,9,21.0,20.533178114086148,25,859,17,50.529411764705884,859,1074,1074,1074,-0.11122607346094149,0.008765,0.006425,0.9914854975245977,0.5004214132326718,0.9914854975245977,21.077615052570632,unique_starts
544,233,292,71,8,29,26,20,24.0,23.774647887323944,25,71,8,8.875,71,45,45,45,0.22413793103448085,0.008765,0.00642,0.9914854975245977,0.9895483146850049,0.9914854975245977,24.18569533817705,unique_starts
545,233,293,43,4,16,14,18,23.0,22.953488372093023,25,43,4,10.75,43,52,52,52,-0.09473684210526216,0.008765,0.004665,0.9914854975245977,0.6204776262198525,0.9914854975245977,23.25,unique_starts
546,234,210,14,3,7,7,22,24.5,24.214285714285715,25,14,3,4.666666666666667,14,0,0,0,0.9999999999999286,0.00283,0.005835,0.4932827964149794,0.5902465719283347,0.5902465719283347,24.87796447300923,unique_starts
547,234,212,338,14,88,58,8,19.0,18.994082840236686,25,338,14,24.142857142857142,338,46,0,0,0.999999999999997,0.00283,0.00752,0.4932827964149794,0.6257671926651022,0.6257671926651022,19.106600358177804,unique_starts
548,234,213,203,11,62,38,2,13.0,13.566502463054187,25,203,11,18.454545454545453,203,64,64,64,0.5205992509363276,0.00283,0.004515,0.4932827964149794,0.4836016098272794,0.4932827964149794,13.12700012700019,unique_starts
549,234,215,690,14,79,111,1,12.0,12.18840579710145,25,690,14,49.285714285714285,690,592,592,592,0.07644305772230883,0.00283,0.006525,0.4932827964149794,0.5062496747512129,0.5062496747512129,12.112508790092603,unique_starts
550,234,230,20,5,11,11,22,25.0,24.35,25,20,5,4.0,20,0,0,0,0.99999999999995,0.00283,0.006075,0.4932827964149794,0.7354271936088964,0.7354271936088964,25.301511344577765,unique_starts
551,234,231,422,14,91,86,15,23.0,22.16350710900474,25,422,14,30.142857142857142,422,33,33,33,0.854945054945053,0.00283,0.00262,0.4932827964149794,1.0848570344661428,1.0848570344661428,23.104828483672193,unique_starts
552,234,232,2134,31,254,287,6,18.0,17.65323336457357,25,2134,31,68.83870967741936,2134,611,611,611,0.5548269581056464,0.00283,0.01199,0.4932827964149794,1.149588140952595,1.149588140952595,18.062745580513816,unique_starts
553,234,233,4147,52,425,530,1,9.0,10.0308656860381,25,4147,52,79.75,4147,1428,1428,1428,0.4877130044843049,0.00283,0.008765,0.4932827964149794,0.9914854975245977,0.9914854975245977,9.048507125007266,unique_starts
554,234,235,907,18,120,153,1,11.0,12.291069459757441,25,907,18,50.388888888888886,907,3559,3559,3559,-0.5938199731303179,0.00283,0.00972,0.4932827964149794,0.8517983362386669,0.8517983362386669,11.091287092917527,unique_starts
555,234,236,576,14,87,100,8,18.5,18.22048611111111,25,576,14,41.142857142857146,576,2544,2544,2544,-0.6307692307692306,0.00283,0.00571,0.4932827964149794,0.5295374004641226,0.5295374004641226,18.60721125348378,unique_starts
556,234,252,477,15,99,89,13,22.0,21.469601677148848,25,477,15,31.8,477,278,278,278,0.263576158940397,0.00283,0.007445,0.4932827964149794,0.6893568031670897,0.6893568031670897,22.100503781525923,unique_starts
557,234,272,74,8,26,25,18,24.0,23.405405405405407,25,74,8,9.25,74,0,0,0,0.9999999999999866,0.00283,0.011495,0.4932827964149794,0.9397246429491959,0.9397246429491959,24.196116135138183,unique_starts
558,234,273,19,3,8,8,21,24.0,23.894736842105264,25,19,3,6.333333333333333,19,16,16,16,0.08571428571428326,0.00283,0.006425,0.4932827964149794,0.5004214132326718,0.5004214132326718,24.353553390593273,unique_starts
559,235,212,138,9,36,36,14,22.0,21.6231884057971,25,138,9,15.333333333333334,138,21,0,0,0.9999999999999928,0.00972,0.00752,0.8517983362386669,0.6257671926651022,0.8517983362386669,22.166666666666668,unique_starts
560,235,213,234,9,63,35,8,19.0,19.188034188034187,25,234,9,26.0,234,213,213,213,0.04697986577181197,0.00972,0.004515,0.8517983362386669,0.4836016098272794,0.8517983362386669,19.12598815766974,unique_starts
561,235,215,7958,49,1190,801,1,13.0,12.885272681578286,25,7958,49,162.40816326530611,7958,8858,8858,8858,-0.05352045670789724,0.00972,0.006525,0.8517983362386669,0.5062496747512129,0.8517983362386669,13.028988551782623,unique_starts
562,235,218,108,7,31,32,17,24.0,23.046296296296298,25,108,7,15.428571428571429,108,1198,1198,1198,-0.8346094946401219,0.00972,0.008605,0.8517983362386669,0.7954812677285201,0.8517983362386669,24.179605302026776,unique_starts
563,235,231,17,5,10,10,23,25.0,24.470588235294116,25,17,5,3.4,17,0,0,0,0.9999999999999413,0.00972,0.00262,0.8517983362386669,1.0848570344661428,1.0848570344661428,25.316227766016837,unique_starts
564,235,232,885,27,181,181,14,23.0,22.163841807909606,25,885,27,32.77777777777778,885,171,171,171,0.6761363636363631,0.00972,0.01199,0.8517983362386669,1.149588140952595,1.149588140952595,23.074329414624717,unique_starts
565,235,233,3385,48,402,448,7,18.0,17.7096011816839,25,3385,48,70.52083333333333,3385,737,737,737,0.6424065987384763,0.00972,0.008765,0.8517983362386669,0.9914854975245977,0.9914854975245977,18.049875466805382,unique_starts
566,235,234,3559,50,430,403,1,9.0,9.717617308232649,25,3559,50,71.18,3559,907,907,907,0.5938199731303179,0.00972,0.00283,0.8517983362386669,0.4932827964149794,0.8517983362386669,9.048224282217042,unique_starts
567,235,236,5760,41,901,562,1,12.0,12.645833333333334,25,5760,41,140.4878048780488,5760,9318,9318,9318,-0.23597294070831673,0.00972,0.00571,0.8517983362386669,0.5295374004641226,0.8517983362386669,12.033314830232639,unique_starts
568,235,252,9,5,7,7,24,25.0,24.77777777777778,25,9,5,1.8,9,2,0,0,0.9999999999998889,0.00972,0.007445,0.8517983362386669,0.6893568031670897,0.8517983362386669,25.37796447300923,unique_starts
569,236,198,40,4,13,15,20,24.0,23.55,25,40,4,10.0,40,210,210,210,-0.6799999999999973,0.00571,0.006905,0.5295374004641226,0.7090216499347015,0.7090216499347015,24.277350098112613,unique_starts
570,236,213,130,8,41,28,15,22.5,22.023076923076925,25,130,8,16.25,130,57,57,57,0.39037433155080004,0.00571,0.004515,0.5295374004641226,0.4836016098272794,0.5295374004641226,22.656173761888606,unique_starts
571,236,215,3872,41,582,607,1,15.0,14.645402892561984,25,3872,41,94.4390243902439,3872,3372,3372,3372,0.06902263942573163,0.00571,0.006525,0.5295374004641226,0.5062496747512129,0.5295374004641226,15.041451333614484,unique_starts
572,236,218,370,9,55,72,8,20.0,19.83783783783784,25,370,9,41.111111111111114,370,3910,3910,3910,-0.8271028037383176,0.00571,0.008605,0.5295374004641226,0.7954812677285201,0.7954812677285201,20.13483997249265,unique_starts
573,236,232,35,10,18,21,21,25.0,24.17142857142857,25,35,10,3.5,35,4,4,4,0.7948717948717745,0.00571,0.01199,0.5295374004641226,1.149588140952595,1.149588140952595,25.235702260395517,unique_starts
574,236,233,1115,38,237,256,15,23.0,22.275336322869954,25,1115,38,29.342105263157894,1115,232,232,232,0.6555308092056418,0.00571,0.008765,0.5295374004641226,0.9914854975245977,0.9914854975245977,23.064956980246162,unique_starts
575,236,234,2544,41,332,337,7,17.0,17.455974842767297,25,2544,41,62.048780487804876,2544,576,576,576,0.6307692307692306,0.00571,0.00283,0.5295374004641226,0.4932827964149794,0.5295374004641226,17.054882129994844,unique_starts
576,236,235,9318,78,960,1334,1,11.0,12.140695428203477,25,9318,78,119.46153846153847,9318,5760,5760,5760,0.23597294070831673,0.00571,0.00972,0.5295374004641226,0.8517983362386669,0.8517983362386669,11.032274861218395,unique_starts
577,241,203,60,5,22,18,19,24.0,23.35,25,60,5,12.0,60,115,115,115,-0.3142857142857125,0.00492,0.00391,0.4932650260671744,0.48804662136693716,0.4932650260671744,24.21320071635561,unique_starts
578,241,221,2654,26,276,288,1,13.0,13.249811605124341,25,2654,26,102.07692307692308,2654,3294,3294,3294,-0.10759919300605243,0.00492,0.007795,0.4932650260671744,0.7872718194069845,0.7872718194069845,13.060192926542884,unique_starts
579,241,222,906,14,121,120,4,19.0,18.100441501103752,25,906,14,64.71428571428571,906,1069,1069,1069,-0.08253164556962021,0.00492,0.001795,0.4932650260671744,0.6133961760960696,0.6133961760960696,19.09090909090909,unique_starts
580,241,223,164,7,40,36,14,23.0,22.26219512195122,25,164,7,23.428571428571427,164,220,220,220,-0.14583333333333295,0.00492,0.00495,0.4932650260671744,0.5387078228572559,0.5387078228572559,23.15811388300842,unique_starts
581,241,260,2677,36,431,488,1,14.0,14.473290997385133,25,2677,36,74.36111111111111,2677,2868,2868,2868,-0.034445446348061314,0.00492,0.004935,0.4932650260671744,0.4789328484065991,0.4932650260671744,14.048168305085909,unique_starts
582,241,261,6708,43,632,932,1,13.0,12.912641621943948,25,6708,43,156.0,6708,6740,6740,6740,-0.0023795359904818557,0.00492,0.008305,0.4932650260671744,0.8581825618616916,0.8581825618616916,13.039777864208787,unique_starts
583,241,281,1210,17,168,160,9,20.0,20.00578512396694,25,1210,17,71.17647058823529,1210,1641,1641,1641,-0.15117502630655905,0.00492,0.00515,0.4932650260671744,0.5846732498910517,0.5846732498910517,20.077151674981046,unique_starts
584,241,301,82,10,33,33,20,24.0,23.878048780487806,25,82,10,8.2,82,33,33,33,0.42608695652173545,0.00492,0.01014,0.4932650260671744,0.6077724160447691,0.6077724160447691,24.1740776559557,unique_starts
585,252,210,37,3,12,12,20,24.0,23.513513513513512,25,37,3,12.333333333333334,37,6,0,0,0.9999999999999729,0.007445,0.005835,0.6893568031670897,0.5902465719283347,0.6893568031670897,24.28867513459481,unique_starts
586,252,212,242,7,42,42,10,21.0,20.384297520661157,25,242,7,34.57142857142857,242,508,508,508,-0.3546666666666662,0.007445,0.00752,0.6893568031670897,0.6257671926651022,0.6893568031670897,21.154303349962092,unique_starts
587,252,213,338,8,55,53,11,21.0,20.63609467455621,25,338,8,42.25,338,8,0,0,0.999999999999997,0.007445,0.004515,0.6893568031670897,0.4836016098272794,0.6893568031670897,21.13483997249265,unique_starts
588,252,230,165,9,43,42,15,23.0,22.436363636363637,25,165,9,18.333333333333332,165,10,0,0,0.999999999999994,0.007445,0.006075,0.6893568031670897,0.7354271936088964,0.7354271936088964,23.152498570332604,unique_starts
589,252,231,1008,12,141,120,3,19.0,18.711309523809526,25,1008,12,84.0,1008,820,820,820,0.10284463894967172,0.007445,0.00262,0.6893568031670897,1.0848570344661428,1.0848570344661428,19.08421519210665,unique_starts
590,252,232,3477,34,392,320,1,12.0,12.647109577221743,25,3477,34,102.26470588235294,3477,3585,3585,3585,-0.015293118096856413,0.007445,0.01199,0.6893568031670897,1.149588140952595,1.149588140952595,12.05050762722761,unique_starts
591,252,233,1696,21,216,182,2,17.0,16.37617924528302,25,1696,21,80.76190476190476,1696,1711,1711,1711,-0.004402700322864689,0.007445,0.008765,0.6893568031670897,0.9914854975245977,0.9914854975245977,17.068041381743978,unique_starts
592,252,234,278,9,69,52,16,23.0,22.165467625899282,25,278,9,30.88888888888889,278,477,477,477,-0.263576158940397,0.007445,0.00283,0.6893568031670897,0.4932827964149794,0.6893568031670897,23.120385853085768,unique_starts
593,252,272,10251,65,905,1370,1,12.0,12.502097356355478,25,10251,65,157.7076923076923,10251,8361,8361,8361,0.10154738878143134,0.007445,0.011495,0.6893568031670897,0.9397246429491959,0.9397246429491959,12.033241124765727,unique_starts
594,252,273,3325,37,473,568,1,17.0,16.450827067669174,25,3325,37,89.86486486486487,3325,3150,3150,3150,0.02702702702702702,0.007445,0.006425,0.6893568031670897,0.5004214132326718,0.6893568031670897,17.045980048987172,unique_starts
595,252,292,1666,30,269,249,10,20.0,20.025210084033613,25,1666,30,55.53333333333333,1666,2007,2007,2007,-0.09283964062074596,0.007445,0.00642,0.6893568031670897,0.9895483146850049,0.9895483146850049,20.060971076084968,unique_starts
596,252,293,738,18,140,130,10,21.0,20.752032520325205,25,738,18,41.0,738,270,270,270,0.4642857142857138,0.007445,0.004665,0.6893568031670897,0.6204776262198525,0.6893568031670897,21.08451542547285,unique_starts
597,252,312,85,9,34,31,20,24.0,23.729411764705883,25,85,9,9.444444444444445,85,111,111,111,-0.1326530612244891,0.007445,0.017355,0.6893568031670897,0.8942620130021046,0.8942620130021046,24.17149858514251,unique_starts
598,252,313,28,5,13,13,21,24.0,24.071428571428573,25,28,5,5.6,28,11,11,11,0.4358974358974247,0.007445,0.011675,0.6893568031670897,1.034570335416072,1.034570335416072,24.277350098112613,unique_starts
599,260,221,803,23,144,161,11,22.0,21.2826899128269,25,803,23,34.91304347826087,803,693,693,693,0.07352941176470584,0.004935,0.007795,0.4789328484065991,0.7872718194069845,0.7872718194069845,22.083333333333332,unique_starts
600,260,222,16,3,8,7,22,24.0,24.125,25,16,3,5.333333333333333,16,8,8,8,0.3333333333333195,0.004935,0.001795,0.4789328484065991,0.6133961760960696,0.6133961760960696,24.353553390593273,unique_starts
601,260,241,2868,32,477,352,1,15.0,14.419107391910739,25,2868,32,89.625,2868,2677,2677,2677,0.034445446348061314,0.004935,0.00492,0.4789328484065991,0.4932650260671744,0.4932650260671744,15.045786854649563,unique_starts
602,260,261,6022,33,560,853,1,13.0,13.660245765526403,25,6022,33,182.4848484848485,6022,6056,6056,6056,-0.0028150356019208474,0.004935,0.008305,0.4789328484065991,0.8581825618616916,0.8581825618616916,13.042257712736426,unique_starts
603,260,281,500,11,87,98,1,17.0,16.078,25,500,11,45.45454545454545,500,1666,1666,1666,-0.5383194829178206,0.004935,0.00515,0.4789328484065991,0.5846732498910517,0.5846732498910517,17.10721125348378,unique_starts
604,260,301,477,10,76,90,11,22.0,20.951781970649897,25,477,10,47.7,477,466,466,466,0.011664899257688216,0.004935,0.01014,0.4789328484065991,0.6077724160447691,0.6077724160447691,22.11470786693528,unique_starts
605,261,221,1076,20,171,177,10,21.0,20.8317843866171,25,1076,20,53.8,1076,1527,1527,1527,-0.17326162120630037,0.008305,0.007795,0.8581825618616916,0.7872718194069845,0.8581825618616916,21.076471911290188,unique_starts
606,261,222,141,6,36,31,15,23.0,22.26241134751773,25,141,6,23.5,141,116,116,116,0.0972762645914393,0.008305,0.001795,0.8581825618616916,0.6133961760960696,0.8581825618616916,23.166666666666668,unique_starts
607,261,241,6740,46,1073,604,1,12.0,12.52433234421365,25,6740,46,146.52173913043478,6740,6708,6708,6708,0.0023795359904818557,0.008305,0.00492,0.8581825618616916,0.4932650260671744,0.8581825618616916,12.030528125543633,unique_starts
608,261,260,6056,40,929,584,1,14.0,14.08454425363276,25,6056,40,151.4,6056,6022,6022,6022,0.0028150356019208474,0.008305,0.004935,0.8581825618616916,0.4789328484065991,0.8581825618616916,14.032808935746239,unique_starts
609,261,281,2243,20,200,218,1,13.0,12.966116807846634,25,2243,20,112.15,2243,4420,4420,4420,-0.3267297013357346,0.008305,0.00515,0.8581825618616916,0.5846732498910517,0.8581825618616916,13.070710678118655,unique_starts
610,261,301,1032,17,147,154,10,21.0,20.19282945736434,25,1032,17,60.705882352941174,1032,1428,1428,1428,-0.1609756097560975,0.008305,0.01014,0.8581825618616916,0.6077724160447691,0.8581825618616916,21.082478609884234,unique_starts
611,272,212,31,2,10,10,20,24.0,23.548387096774192,25,31,2,15.5,31,18,18,18,0.26530612244897417,0.011495,0.00752,0.9397246429491959,0.6257671926651022,0.9397246429491959,24.316227766016837,unique_starts
612,272,213,27,4,12,12,22,24.0,24.11111111111111,25,27,4,6.75,27,20,0,0,0.999999999999963,0.011495,0.004515,0.9397246429491959,0.4836016098272794,0.9397246429491959,24.28867513459481,unique_starts
613,272,231,115,6,24,27,13,22.0,21.617391304347827,25,115,6,19.166666666666668,115,36,36,36,0.5231788079470164,0.011495,0.00262,0.9397246429491959,1.0848570344661428,1.0848570344661428,22.20412414523193,unique_starts
614,272,232,1544,27,267,211,10,21.0,20.416450777202073,25,1544,27,57.18518518518518,1544,1636,1636,1636,-0.028930817610062883,0.011495,0.01199,0.9397246429491959,1.149588140952595,1.149588140952595,21.06119900613621,unique_starts
615,272,233,548,17,108,105,12,22.0,21.279197080291972,25,548,17,32.23529411764706,548,1080,1080,1080,-0.3267813267813266,0.011495,0.008765,0.9397246429491959,0.9914854975245977,0.9914854975245977,22.096225044864937,unique_starts
616,272,252,8361,58,1094,792,1,13.0,13.011123071402942,25,8361,58,144.1551724137931,8361,10251,10251,10251,-0.10154738878143134,0.011495,0.007445,0.9397246429491959,0.6893568031670897,0.9397246429491959,13.030233702757846,unique_starts
617,272,273,8289,41,1145,719,1,12.0,12.73108939558451,25,8289,41,202.17073170731706,8289,8716,8716,8716,-0.0251102616877389,0.011495,0.006425,0.9397246429491959,0.5004214132326718,0.9397246429491959,12.029552706228277,unique_starts
618,272,292,5067,41,495,423,1,13.0,13.439707913953029,25,5067,41,123.58536585365853,5067,4380,4380,4380,0.07272149888853603,0.011495,0.00642,0.9397246429491959,0.9895483146850049,0.9895483146850049,13.04494665749755,unique_starts
619,272,293,1612,29,246,216,1,14.0,14.450372208436725,25,1612,29,55.58620689655172,1612,828,828,828,0.32131147540983596,0.011495,0.004665,0.9397246429491959,0.6204776262198525,0.9397246429491959,14.063757671306334,unique_starts
620,272,312,1317,25,225,215,10,21.0,20.499620349278665,25,1317,25,52.68,1317,1617,1617,1617,-0.10224948875255621,0.011495,0.017355,0.9397246429491959,0.8942620130021046,0.9397246429491959,21.066666666666666,unique_starts
621,272,313,868,23,184,137,10,22.0,20.947004608294932,25,868,23,37.73913043478261,868,484,484,484,0.28402366863905304,0.011495,0.011675,0.9397246429491959,1.034570335416072,1.034570335416072,22.07372097807745,unique_starts
622,272,315,14,3,7,7,22,24.5,24.214285714285715,25,14,3,4.666666666666667,14,0,0,0,0.9999999999999286,0.011495,0.007305,0.9397246429491959,0.508362102563796,0.9397246429491959,24.87796447300923,unique_starts
623,272,332,6,3,6,3,22,24.5,24.0,25,6,3,2.0,6,132,132,132,-0.913043478260863,0.011495,0.006355,0.9397246429491959,1.647220159979511,1.647220159979511,24.908248290463863,unique_starts
624,273,212,49,4,17,17,20,24.0,23.653061224489797,25,49,4,12.25,49,0,0,0,0.9999999999999796,0.006425,0.00752,0.5004214132326718,0.6257671926651022,0.6257671926651022,24.242535625036332,unique_starts
625,273,213,29,3,13,6,18,23.0,22.482758620689655,25,29,3,9.666666666666666,29,14,14,14,0.34883720930231743,0.006425,0.004515,0.5004214132326718,0.4836016098272794,0.5004214132326718,23.277350098112613,unique_starts
626,273,232,149,7,43,34,16,23.0,22.550335570469798,25,149,7,21.285714285714285,149,395,395,395,-0.45220588235294035,0.006425,0.01199,0.5004214132326718,1.149588140952595,1.149588140952595,23.152498570332604,unique_starts
627,273,233,1074,15,164,137,9,20.0,20.00372439478585,25,1074,15,71.6,1074,859,859,859,0.11122607346094149,0.006425,0.008765,0.5004214132326718,0.9914854975245977,0.9914854975245977,20.0780868809443,unique_starts
628,273,234,16,3,8,8,22,24.5,24.25,25,16,3,5.333333333333333,16,19,19,19,-0.08571428571428326,0.006425,0.00283,0.5004214132326718,0.4932827964149794,0.5004214132326718,24.853553390593273,unique_starts
629,273,252,3150,29,526,390,1,15.0,15.28031746031746,25,3150,29,108.62068965517241,3150,3325,3325,3325,-0.02702702702702702,0.006425,0.007445,0.5004214132326718,0.6893568031670897,0.6893568031670897,15.043602072019695,unique_starts
630,273,272,8716,41,845,1127,1,14.0,13.801743919229004,25,8716,41,212.58536585365854,8716,8289,8289,8289,0.0251102616877389,0.006425,0.011495,0.5004214132326718,0.9397246429491959,0.9397246429491959,14.034401045807689,unique_starts
631,273,292,665,14,119,85,1,16.0,15.461654135338346,25,665,14,47.5,665,379,379,379,0.27394636015325646,0.006425,0.00642,0.5004214132326718,0.9895483146850049,0.9895483146850049,16.09166984970282,unique_starts
632,273,293,1731,19,176,201,1,13.0,13.513575967648759,25,1731,19,91.10526315789474,1731,4013,4013,4013,-0.39728412256267404,0.006425,0.004665,0.5004214132326718,0.6204776262198525,0.6204776262198525,13.07537783614444,unique_starts
633,273,312,511,11,87,90,10,21.0,20.377690802348337,25,511,11,46.45454545454545,511,307,307,307,0.2493887530562344,0.006425,0.017355,0.5004214132326718,0.8942620130021046,0.8942620130021046,21.10721125348378,unique_starts
634,273,313,182,9,43,42,10,22.0,20.89010989010989,25,182,9,20.22222222222222,182,1119,1119,1119,-0.7202152190622593,0.006425,0.011675,0.5004214132326718,1.034570335416072,1.034570335416072,22.152498570332604,unique_starts
635,281,221,66,9,29,28,21,24.0,24.015151515151516,25,66,9,7.333333333333333,66,115,115,115,-0.2707182320441974,0.00515,0.007795,0.5846732498910517,0.7872718194069845,0.7872718194069845,24.18569533817705,unique_starts
636,281,241,1641,34,326,216,10,20.0,19.99024984765387,25,1641,34,48.26470588235294,1641,1210,1210,1210,0.15117502630655905,0.00515,0.00492,0.5846732498910517,0.4932650260671744,0.5846732498910517,20.055384877562172,unique_starts
637,281,260,1666,25,211,189,2,16.0,15.51920768307323,25,1666,25,66.64,1666,500,500,500,0.5383194829178206,0.00515,0.004935,0.5846732498910517,0.4789328484065991,0.5846732498910517,16.06884283908215,unique_starts
638,281,261,4420,40,429,450,1,12.0,12.363122171945701,25,4420,40,110.5,4420,2243,2243,2243,0.3267297013357346,0.00515,0.008305,0.5846732498910517,0.8581825618616916,0.8581825618616916,12.048280454958526,unique_starts
639,281,301,3554,30,309,543,1,13.0,13.211029825548678,25,3554,30,118.46666666666667,3554,5172,5172,5172,-0.18542287416914963,0.00515,0.01014,0.5846732498910517,0.6077724160447691,0.6077724160447691,13.056888012398858,unique_starts
640,292,232,67,9,31,22,20,24.0,23.492537313432837,25,67,9,7.444444444444445,67,87,87,87,-0.12987012987012903,0.00642,0.01199,0.9895483146850049,1.149588140952595,1.149588140952595,24.179605302026776,unique_starts
641,292,233,45,5,17,17,20,24.0,23.755555555555556,25,45,5,9.0,45,71,71,71,-0.22413793103448085,0.00642,0.008765,0.9895483146850049,0.9914854975245977,0.9914854975245977,24.242535625036332,unique_starts
642,292,252,2007,30,290,271,10,21.0,20.168410563029397,25,2007,30,66.9,2007,1666,1666,1666,0.09283964062074596,0.00642,0.007445,0.9895483146850049,0.6893568031670897,0.9895483146850049,21.05872202195147,unique_starts
643,292,272,4380,35,376,422,1,13.0,13.007762557077626,25,4380,35,125.14285714285714,4380,5067,5067,5067,-0.07272149888853603,0.00642,0.011495,0.9895483146850049,0.9397246429491959,0.9895483146850049,13.05157106231294,unique_starts
644,292,273,379,6,34,68,1,14.0,13.949868073878628,25,379,6,63.166666666666664,379,665,665,665,-0.27394636015325646,0.00642,0.006425,0.9895483146850049,0.5004214132326718,0.9895483146850049,14.171498585142508,unique_starts
645,292,293,1176,36,223,218,1,9.0,10.274659863945578,25,1176,36,32.666666666666664,1176,1104,1104,1104,0.03157894736842104,0.00642,0.004665,0.9895483146850049,0.6204776262198525,0.9895483146850049,9.066964953018243,unique_starts
646,292,312,9170,68,762,1486,1,13.0,13.303162486368594,25,9170,68,134.85294117647058,9170,8167,8167,8167,0.05785314644978947,0.00642,0.017355,0.9895483146850049,0.8942620130021046,0.9895483146850049,13.036226177800112,unique_starts
647,292,313,3833,57,521,715,1,16.0,15.426037046699713,25,3833,57,67.24561403508773,3833,3127,3127,3127,0.10143678160919539,0.00642,0.011675,0.9895483146850049,1.034570335416072,1.034570335416072,16.04381079543383,unique_starts
648,292,315,24,3,8,10,19,22.0,22.208333333333332,25,24,3,8.0,24,80,80,80,-0.5384615384615333,0.00642,0.007305,0.9895483146850049,0.508362102563796,0.9895483146850049,22.353553390593273,unique_starts
649,292,332,834,16,147,138,11,22.0,20.946043165467625,25,834,16,52.125,834,2136,2136,2136,-0.43838383838383826,0.00642,0.006355,0.9895483146850049,1.647220159979511,1.647220159979511,22.082478609884234,unique_starts
650,292,352,13,4,8,8,23,25.0,24.53846153846154,25,13,4,3.25,13,135,135,135,-0.8243243243243188,0.00642,0.01511,0.9895483146850049,0.9171642654414648,0.9895483146850049,25.353553390593273,unique_starts
651,293,233,52,3,15,15,18,24.0,23.115384615384617,25,52,3,17.333333333333332,52,43,43,43,0.09473684210526216,0.004665,0.008765,0.6204776262198525,0.9914854975245977,0.9914854975245977,24.25819888974716,unique_starts
652,293,252,270,9,71,37,13,21.0,20.94074074074074,25,270,9,30.0,270,738,738,738,-0.4642857142857138,0.004665,0.007445,0.6204776262198525,0.6893568031670897,0.6893568031670897,21.118678165819386,unique_starts
653,293,272,828,13,120,113,2,18.0,17.456521739130434,25,828,13,63.69230769230769,828,1612,1612,1612,-0.32131147540983596,0.004665,0.011495,0.6204776262198525,0.9397246429491959,0.9397246429491959,18.09128709291753,unique_starts
654,293,273,4013,24,318,355,1,14.0,14.119611263393969,25,4013,24,167.20833333333334,4013,1731,1731,1731,0.39728412256267404,0.004665,0.006425,0.6204776262198525,0.5004214132326718,0.6204776262198525,14.056077215409205,unique_starts
655,293,292,1104,38,215,233,1,7.0,9.626811594202898,25,1104,38,29.05263157894737,1104,1176,1176,1176,-0.03157894736842104,0.004665,0.00642,0.6204776262198525,0.9895483146850049,0.9895483146850049,7.068199433947047,unique_starts
656,293,312,2824,39,264,583,1,14.0,14.372167138810198,25,2824,39,72.41025641025641,2824,2393,2393,2393,0.08261452942304005,0.004665,0.017355,0.6204776262198525,0.8942620130021046,0.8942620130021046,14.061545745489667,unique_starts
657,293,313,2112,43,315,417,1,13.0,12.887310606060606,25,2112,43,49.116279069767444,2112,3999,3999,3999,-0.30878743249877266,0.004665,0.011675,0.6204776262198525,1.034570335416072,1.034570335416072,13.0563436169819,unique_starts
658,293,315,481,11,98,78,8,21.0,20.723492723492722,25,481,11,43.72727272727273,481,760,760,760,-0.22481869460112797,0.004665,0.007305,0.6204776262198525,0.508362102563796,0.6204776262198525,21.10101525445522,unique_starts
659,293,316,49,7,19,22,21,24.0,23.836734693877553,25,49,7,7.0,49,125,125,125,-0.4367816091953998,0.004665,0.004935,0.6204776262198525,0.475671544075966,0.6204776262198525,24.22941573387056,unique_starts
660,293,332,137,6,24,30,11,21.0,20.313868613138688,25,137,6,22.833333333333332,137,453,453,453,-0.5355932203389822,0.004665,0.006355,0.6204776262198525,1.647220159979511,1.647220159979511,21.20412414523193,unique_starts
661,293,352,18,2,6,8,21,24.0,23.72222222222222,25,18,2,9.0,18,55,55,55,-0.5068493150684863,0.004665,0.01511,0.6204776262198525,0.9171642654414648,0.9171642654414648,24.408248290463863,unique_starts
662,301,241,33,10,23,15,20,24.0,23.78787878787879,25,33,10,3.3,33,82,82,82,-0.42608695652173545,0.01014,0.00492,0.6077724160447691,0.4932650260671744,0.6077724160447691,24.208514414057074,unique_starts
663,301,260,466,11,71,98,11,22.0,20.894849785407725,25,466,11,42.36363636363637,466,477,477,477,-0.011664899257688216,0.01014,0.004935,0.6077724160447691,0.4789328484065991,0.6077724160447691,22.118678165819386,unique_starts
664,301,261,1428,27,217,247,10,21.0,20.686274509803923,25,1428,27,52.888888888888886,1428,1032,1032,1032,0.1609756097560975,0.01014,0.008305,0.6077724160447691,0.8581825618616916,0.8581825618616916,21.067884423330213,unique_starts
665,301,281,5172,59,816,534,1,12.0,11.995552977571538,25,5172,59,87.66101694915254,5172,3554,3554,3554,0.18542287416914963,0.01014,0.00515,0.6077724160447691,0.5846732498910517,0.6077724160447691,12.0350070021007,unique_starts
666,312,252,111,14,42,42,19,24.0,23.63063063063063,25,111,14,7.928571428571429,111,85,85,85,0.1326530612244891,0.017355,0.007445,0.8942620130021046,0.6893568031670897,0.8942620130021046,24.154303349962092,unique_starts
667,312,272,1617,25,219,248,10,21.0,20.260977118119975,25,1617,25,64.68,1617,1317,1317,1317,0.10224948875255621,0.017355,0.011495,0.8942620130021046,0.9397246429491959,0.9397246429491959,21.06757373783995,unique_starts
668,312,273,307,4,40,45,11,21.0,20.521172638436482,25,307,4,76.75,307,511,511,511,-0.2493887530562344,0.017355,0.006425,0.8942620130021046,0.5004214132326718,0.8942620130021046,21.15811388300842,unique_starts
669,312,292,8167,71,1327,705,1,13.0,13.119015550385699,25,8167,71,115.02816901408451,8167,9170,9170,9170,-0.05785314644978947,0.017355,0.00642,0.8942620130021046,0.9895483146850049,0.9895483146850049,13.027451402562301,unique_starts
670,312,293,2393,30,551,212,1,15.0,14.595486836606769,25,2393,30,79.76666666666667,2393,2824,2824,2824,-0.08261452942304005,0.017355,0.004665,0.8942620130021046,0.6204776262198525,0.8942620130021046,15.042601432284231,unique_starts
671,312,313,18516,79,2362,1475,1,13.0,13.175793907971483,25,18516,79,234.37974683544303,18516,17675,17675,17675,0.023237821557845872,0.017355,0.011675,0.8942620130021046,1.034570335416072,1.034570335416072,13.020575957460157,unique_starts
672,312,315,228,14,64,63,16,23.0,22.87719298245614,25,228,14,16.285714285714285,228,822,822,822,-0.5657142857142852,0.017355,0.007305,0.8942620130021046,0.508362102563796,0.8942620130021046,23.125,unique_starts
673,312,332,2600,22,224,247,1,13.0,13.031538461538462,25,2600,22,118.18181818181819,2600,6250,6250,6250,-0.41242937853107337,0.017355,0.006355,0.8942620130021046,1.647220159979511,1.647220159979511,13.066815310478106,unique_starts
674,312,352,811,19,157,151,11,21.0,20.79901356350185,25,811,19,42.68421052631579,811,3402,3402,3402,-0.6150011868027533,0.017355,0.01511,0.8942620130021046,0.9171642654414648,0.9171642654414648,21.07980868844676,unique_starts
675,312,372,23,6,13,12,21,24.0,23.82608695652174,25,23,6,3.8333333333333335,23,134,134,134,-0.7070063694267471,0.017355,0.007635,0.8942620130021046,0.703740650346002,0.8942620130021046,24.277350098112613,unique_starts
676,313,252,11,4,6,8,23,25.0,24.363636363636363,25,11,4,2.75,11,28,28,28,-0.4358974358974247,0.011675,0.007445,1.034570335416072,0.6893568031670897,1.034570335416072,25.408248290463863,unique_starts
677,313,272,484,14,89,97,13,22.0,21.233471074380166,25,484,14,34.57142857142857,484,868,868,868,-0.28402366863905304,0.011675,0.011495,1.034570335416072,0.9397246429491959,1.034570335416072,22.105999788000634,unique_starts
678,313,273,1119,19,161,194,10,21.0,20.888293118856122,25,1119,19,58.89473684210526,1119,182,182,182,0.7202152190622593,0.011675,0.006425,1.034570335416072,0.5004214132326718,1.034570335416072,21.07881104062391,unique_starts
679,313,292,3127,53,602,453,1,13.0,13.799168532139431,25,3127,53,59.0,3127,3833,3833,3833,-0.10143678160919539,0.011675,0.00642,1.034570335416072,0.9895483146850049,1.034570335416072,13.040756957296962,unique_starts
680,313,293,3999,53,525,496,1,11.0,11.769692423105777,25,3999,53,75.45283018867924,3999,2112,2112,2112,0.30878743249877266,0.011675,0.004665,1.034570335416072,0.6204776262198525,1.034570335416072,11.043643578047199,unique_starts
681,313,312,17675,64,1420,2196,1,13.0,13.429872701555869,25,17675,64,276.171875,17675,18516,18516,18516,-0.023237821557845872,0.011675,0.017355,1.034570335416072,0.8942620130021046,1.034570335416072,13.026537244621714,unique_starts
682,313,315,1161,20,177,152,8,18.0,18.272179155900087,25,1161,20,58.05,1161,4070,4070,4070,-0.5561078187727011,0.011675,0.007305,1.034570335416072,0.508362102563796,1.034570335416072,18.07516460280028,unique_starts
683,313,316,352,18,92,93,15,23.0,22.56534090909091,25,352,18,19.555555555555557,352,1556,1556,1556,-0.6310272536687628,0.011675,0.004935,1.034570335416072,0.475671544075966,1.034570335416072,23.10425720702854,unique_starts
684,313,332,1826,24,226,189,1,14.0,14.070098576122673,25,1826,24,76.08333333333333,1826,2731,2731,2731,-0.1985955672591617,0.011675,0.006355,1.034570335416072,1.647220159979511,1.647220159979511,14.066519010523773,unique_starts
685,313,352,1152,25,212,180,10,21.0,20.84722222222222,25,1152,25,46.08,1152,839,839,839,0.1572074334505273,0.011675,0.01511,1.034570335416072,0.9171642654414648,1.034570335416072,21.068680281974345,unique_starts
686,313,372,21,4,13,9,20,24.0,23.333333333333332,25,21,4,5.25,21,7,7,7,0.4999999999999822,0.011675,0.007635,1.034570335416072,0.703740650346002,1.034570335416072,24.277350098112613,unique_starts
687,315,273,7,2,4,4,23,25.0,24.428571428571427,25,7,2,3.5,7,0,0,0,0.9999999999998571,0.007305,0.006425,0.508362102563796,0.5004214132326718,0.508362102563796,25.5,unique_starts
688,315,292,80,4,18,20,16,23.0,22.4625,25,80,4,20.0,80,24,24,24,0.5384615384615333,0.007305,0.00642,0.508362102563796,0.9895483146850049,0.9895483146850049,23.235702260395517,unique_starts
689,315,293,760,20,121,153,8,21.0,20.61315789473684,25,760,20,38.0,760,481,481,481,0.22481869460112797,0.007305,0.004665,0.508362102563796,0.6204776262198525,0.6204776262198525,21.09090909090909,unique_starts
690,315,312,822,23,160,177,14,22.0,22.019464720194648,25,822,23,35.73913043478261,822,228,228,228,0.5657142857142852,0.007305,0.017355,0.508362102563796,0.8942620130021046,0.8942620130021046,22.07905694150421,unique_starts
691,315,313,4070,59,476,543,7,18.0,17.503931203931202,25,4070,59,68.98305084745763,4070,1161,1161,1161,0.5561078187727011,0.007305,0.011675,0.508362102563796,1.034570335416072,1.034570335416072,18.04583492485141,unique_starts
692,315,316,5235,27,739,402,1,12.0,12.657115568290353,25,5235,27,193.88888888888889,5235,8345,8345,8345,-0.22901325478645063,0.007305,0.004935,0.508362102563796,0.475671544075966,0.508362102563796,12.036785594638886,unique_starts
693,315,332,102,12,37,38,18,24.0,23.54901960784314,25,102,12,8.5,102,14,14,14,0.7586206896551659,0.007305,0.006355,0.508362102563796,1.647220159979511,1.647220159979511,24.164398987305358,unique_starts
694,316,293,125,7,28,40,16,23.0,22.448,25,125,7,17.857142857142858,125,49,49,49,0.4367816091953998,0.004935,0.004665,0.475671544075966,0.6204776262198525,0.6204776262198525,23.188982236504614,unique_starts
695,316,312,31,11,18,18,21,25.0,24.258064516129032,25,31,11,2.8181818181818183,31,6,0,0,0.9999999999999678,0.004935,0.017355,0.475671544075966,0.8942620130021046,0.8942620130021046,25.235702260395517,unique_starts
696,316,313,1556,48,319,342,14,23.0,22.2146529562982,25,1556,48,32.416666666666664,1556,352,352,352,0.6310272536687628,0.004935,0.011675,0.475671544075966,1.034570335416072,1.034570335416072,23.055989251095586,unique_starts
697,316,315,8345,67,720,1108,1,11.0,11.849490713001797,25,8345,67,124.55223880597015,8345,5235,5235,5235,0.22901325478645063,0.004935,0.007305,0.475671544075966,0.508362102563796,0.508362102563796,11.037267799624997,unique_starts
698,332,272,132,12,45,48,19,24.0,23.583333333333332,25,132,12,11.0,132,6,6,6,0.913043478260863,0.006355,0.011495,1.647220159979511,0.9397246429491959,1.647220159979511,24.149071198499986,unique_starts
699,332,273,12,3,7,7,23,25.0,24.5,25,12,3,4.0,12,10,0,0,0.9999999999999166,0.006355,0.006425,1.647220159979511,0.5004214132326718,1.647220159979511,25.37796447300923,unique_starts
700,332,292,2136,33,335,273,10,21.0,20.140449438202246,25,2136,33,64.72727272727273,2136,834,834,834,0.43838383838383826,0.006355,0.00642,1.647220159979511,0.9895483146850049,1.647220159979511,21.054635836470815,unique_starts
701,332,293,453,10,76,66,9,21.0,20.24503311258278,25,453,10,45.3,453,137,137,137,0.5355932203389822,0.006355,0.004665,1.647220159979511,0.6204776262198525,1.647220159979511,21.11470786693528,unique_starts
702,332,312,6250,55,630,607,1,12.0,12.50416,25,6250,55,113.63636363636364,6250,2600,2600,2600,0.41242937853107337,0.006355,0.017355,1.647220159979511,0.8942620130021046,1.647220159979511,12.03984095364448,unique_starts
703,332,313,2731,30,318,258,1,16.0,15.975466861955328,25,2731,30,91.03333333333333,2731,1826,1826,1826,0.1985955672591617,0.006355,0.011675,1.647220159979511,1.034570335416072,1.647220159979511,16.056077215409204,unique_starts
704,332,315,14,5,9,9,23,25.0,24.571428571428573,25,14,5,2.8,14,102,102,102,-0.7586206896551659,0.006355,0.007305,1.647220159979511,0.508362102563796,1.647220159979511,25.333333333333332,unique_starts
705,332,352,6312,53,519,1049,1,13.0,12.986692015209126,25,6312,53,119.09433962264151,6312,9284,9284,9284,-0.19056168248268784,0.006355,0.01511,1.647220159979511,0.9171642654414648,1.647220159979511,13.043895128130615,unique_starts
706,332,372,991,21,184,167,10,22.0,21.01816347124117,25,991,21,47.19047619047619,991,3376,3376,3376,-0.5461415159148155,0.006355,0.007635,1.647220159979511,0.703740650346002,1.647220159979511,22.07372097807745,unique_starts
707,332,392,38,8,22,18,21,24.0,24.13157894736842,25,38,8,4.75,38,44,44,44,-0.07317073170731618,0.006355,0.012215,1.647220159979511,0.5590099811566607,1.647220159979511,24.21320071635561,unique_starts
708,352,292,135,20,58,57,19,24.0,23.91111111111111,25,135,20,6.75,135,13,13,13,0.8243243243243188,0.01511,0.00642,0.9171642654414648,0.9895483146850049,0.9895483146850049,24.131306432859724,unique_starts
709,352,293,55,4,16,16,18,24.0,23.09090909090909,25,55,4,13.75,55,18,18,18,0.5068493150684863,0.01511,0.004665,0.9171642654414648,0.6204776262198525,0.9171642654414648,24.25,unique_starts
710,352,312,3402,48,525,435,10,21.0,20.314520870076425,25,3402,48,70.875,3402,811,811,811,0.6150011868027533,0.01511,0.017355,0.9171642654414648,0.8942620130021046,0.9171642654414648,21.0436435780472,unique_starts
711,352,313,839,26,192,161,10,22.0,21.66388557806913,25,839,26,32.26923076923077,839,1152,1152,1152,-0.1572074334505273,0.01511,0.011675,0.9171642654414648,1.034570335416072,1.034570335416072,22.072168783648703,unique_starts
712,352,332,9284,77,1254,752,1,13.0,12.667169323567428,25,9284,77,120.57142857142857,9284,6312,6312,6312,0.19056168248268784,0.01511,0.006355,0.9171642654414648,1.647220159979511,1.647220159979511,13.028239124736245,unique_starts
713,352,372,2962,28,284,273,1,13.0,13.398717083051991,25,2962,28,105.78571428571429,2962,10850,10850,10850,-0.5710975962930784,0.01511,0.007635,0.9171642654414648,0.703740650346002,0.9171642654414648,13.059339082909693,unique_starts
714,352,390,35,8,16,16,20,24.0,23.857142857142858,25,35,8,4.375,35,104,104,104,-0.4964028776978382,0.01511,0.010335,0.9171642654414648,0.7026475097736462,0.9171642654414648,24.25,unique_starts
715,352,392,745,23,182,117,9,21.0,20.08322147651007,25,745,23,32.391304347826086,745,1243,1243,1243,-0.2505030181086518,0.01511,0.012215,0.9171642654414648,0.5590099811566607,0.9171642654414648,21.07412493166611,unique_starts
716,372,312,134,19,56,53,20,24.0,23.78358208955224,25,134,19,7.052631578947368,134,23,23,23,0.7070063694267471,0.007635,0.017355,0.703740650346002,0.8942620130021046,0.8942620130021046,24.13363062095621,unique_starts
717,372,313,7,2,4,4,23,25.0,24.428571428571427,25,7,2,3.5,7,21,21,21,-0.4999999999999822,0.007635,0.011675,0.703740650346002,1.034570335416072,1.034570335416072,25.5,unique_starts
718,372,332,3376,52,558,451,10,21.0,20.483708530805686,25,3376,52,64.92307692307692,3376,991,991,991,0.5461415159148155,0.007635,0.006355,0.703740650346002,1.647220159979511,1.647220159979511,21.04233337566673,unique_starts
719,372,352,10850,65,875,923,1,14.0,13.908847926267281,25,10850,65,166.92307692307693,10850,2962,2962,2962,0.5710975962930784,0.007635,0.01511,0.703740650346002,0.9171642654414648,0.9171642654414648,14.033806170189141,unique_starts
720,372,389,415,16,94,97,14,23.0,22.37590361445783,25,415,16,25.9375,415,232,232,232,0.2828438948995359,0.007635,0.012645,0.703740650346002,0.6561117656986877,0.703740650346002,23.10314212462588,unique_starts
721,372,390,1147,19,183,142,8,20.0,19.452484742807325,25,1147,19,60.36842105263158,1147,2765,2765,2765,-0.4135991820040899,0.007635,0.010335,0.703740650346002,0.7026475097736462,0.703740650346002,20.073922127095457,unique_starts
722,372,392,3600,39,365,679,1,12.0,13.096666666666666,25,3600,39,92.3076923076923,3600,3656,3656,3656,-0.007717750826901873,0.007635,0.012215,0.703740650346002,0.5590099811566607,0.703740650346002,12.052342392259021,unique_starts
723,387,389,2238,43,360,307,8,19.0,18.628686327077748,25,2238,43,52.04651162790697,2238,1676,1676,1676,0.14358712314767497,0.007655,0.012645,0.5130374992016783,0.6561117656986877,0.6561117656986877,19.052704627669474,unique_starts
724,387,390,598,27,155,141,15,23.0,22.50836120401338,25,598,27,22.14814814814815,598,595,595,595,0.002514668901927911,0.007655,0.010335,0.5130374992016783,0.7026475097736462,0.7026475097736462,23.08032193289025,unique_starts
725,389,372,232,21,65,79,15,23.0,22.767241379310345,25,232,21,11.047619047619047,232,415,415,415,-0.2828438948995359,0.012645,0.007635,0.6561117656986877,0.703740650346002,0.703740650346002,23.12403473458921,unique_starts
726,389,387,1676,24,194,235,8,18.0,18.247613365155132,25,1676,24,69.83333333333333,1676,2238,2238,2238,-0.14358712314767497,0.012645,0.007655,0.6561117656986877,0.5130374992016783,0.6561117656986877,18.071795815861773,unique_starts
727,389,390,19262,92,1991,1662,1,13.0,13.142041324888382,25,19262,92,209.3695652173913,19262,16403,16403,16403,0.08016262442170195,0.012645,0.010335,0.6561117656986877,0.7026475097736462,0.7026475097736462,13.022411161745177,unique_starts
728,389,392,367,23,113,98,15,23.0,22.678474114441418,25,367,23,15.956521739130435,367,671,671,671,-0.2928709055876683,0.012645,0.012215,0.6561117656986877,0.5590099811566607,0.6561117656986877,23.09407208683836,unique_starts
729,390,352,104,12,39,39,19,24.0,23.673076923076923,25,104,12,8.666666666666666,104,35,35,35,0.4964028776978382,0.010335,0.01511,0.7026475097736462,0.9171642654414648,0.9171642654414648,24.160128153805086,unique_starts
730,390,372,2765,50,406,464,8,21.0,20.409041591320072,25,2765,50,55.3,2765,1147,1147,1147,0.4135991820040899,0.010335,0.007635,0.7026475097736462,0.703740650346002,0.703740650346002,21.049629166698548,unique_starts
731,390,387,595,19,124,133,14,23.0,22.176470588235293,25,595,19,31.31578947368421,595,598,598,598,-0.002514668901927911,0.010335,0.007655,0.7026475097736462,0.5130374992016783,0.7026475097736462,23.089802651013386,unique_starts
732,390,389,16403,60,1306,1668,1,13.0,13.578613668231421,25,16403,60,273.3833333333333,16403,19262,19262,19262,-0.08016262442170195,0.010335,0.012645,0.7026475097736462,0.6561117656986877,0.7026475097736462,13.027671226645625,unique_starts
733,390,392,1722,39,337,231,7,18.0,18.04994192799071,25,1722,39,44.15384615384615,1722,1260,1260,1260,0.1549295774647887,0.010335,0.012215,0.7026475097736462,0.5590099811566607,0.7026475097736462,18.054473471070285,unique_starts
734,392,332,44,8,19,19,20,24.0,23.795454545454547,25,44,8,5.5,44,38,38,38,0.07317073170731618,0.012215,0.006355,0.5590099811566607,1.647220159979511,1.647220159979511,24.22941573387056,unique_starts
735,392,352,1243,35,160,343,10,21.0,20.37892196299276,25,1243,35,35.51428571428571,1243,745,745,745,0.2505030181086518,0.012215,0.01511,0.5590099811566607,0.9171642654414648,0.9171642654414648,21.07905694150421,unique_starts
736,392,372,3656,53,503,555,1,12.0,12.559080962800875,25,3656,53,68.98113207547169,3656,3600,3600,3600,0.007717750826901873,0.012215,0.007635,0.5590099811566607,0.703740650346002,0.703740650346002,12.044587796206772,unique_starts
737,392,389,671,23,129,163,14,22.0,21.853949329359164,25,671,23,29.17391304347826,671,367,367,367,0.2928709055876683,0.012215,0.012645,0.5590099811566607,0.6561117656986877,0.6561117656986877,22.088045090632562,unique_starts
738,392,390,1260,24,173,192,8,17.0,17.307936507936507,25,1260,24,52.5,1260,1722,1722,1722,-0.1549295774647887,0.012215,0.010335,0.5590099811566607,0.7026475097736462,0.7026475097736462,17.07602859212697,unique_starts
