method,query_id,src,dst,reachable,path_length,planning_path_cost,base_path_cost,mean_edge_proxy_score,min_edge_proxy_score,mean_heldout_support_lcb,min_heldout_support_lcb,mean_edge_policy_support_score,mean_edge_ood_score,mean_outgoing_incompatible_fraction,mean_outgoing_termination_bridge_coverage,uncertified_edge_fraction,low_proxy_edge_fraction,low_support_lcb_edge_fraction,high_ood_edge_fraction,high_incompat_edge_fraction,bottleneck_edge_fraction,proxy_path_success,path_nodes,path_edge_ids
support_shortest_path,0,158,212,True,5,46.18551383196173,46.18551383196173,0.15901866833214978,0.0,0.059920179968338164,0.0,0.45147545365123787,0.617030810052004,0.39999999999999997,0.2449988507246162,1.0,0.6,0.4,0.6,0.2,0.0,0.0,158 198 217 215 213 212,187 212 305 291 278
support_shortest_path,1,203,303,True,4,38.387274215403565,38.387274215403565,0.17711042325359674,0.0,0.11397441616154777,0.0,0.39110304170027854,0.5847688519526376,0.5791666666666667,0.2917000781314253,0.75,0.5,0.25,0.5,0.5,0.75,0.0,203 221 241 281 303,216 320 406 434
support_shortest_path,2,1,12,True,6,57.97109604966087,57.97109604966087,0.26648651700529835,0.2379396290244232,0.097760245541819,0.0885203540044304,0.7795256857915809,0.47112136514466263,0.4158730158730158,0.27221564972059,1.0,0.16666666666666666,0.0,0.6666666666666666,0.16666666666666666,0.3333333333333333,0.00035325090629020146,1 3 5 7 9 11 12,0 3 11 22 35 45
support_shortest_path,3,392,381,True,6,57.996792226459085,57.996792226459085,0.2956586519976901,0.2403193297184433,0.16297292646469644,0.0324009626263195,0.776803011756157,0.5975967857821226,0.3666666666666667,0.32522165687724197,1.0,0.16666666666666666,0.0,0.8333333333333334,0.0,0.0,0.0006355480540176285,392 390 388 386 384 383 381,578 574 566 558 555 553
support_shortest_path,4,41,9,True,11,97.01180117974043,97.01180117974043,0.21622321310959877,0.0,0.12864486561419788,0.0,0.506011909054264,0.451882103298289,0.4326839826839826,0.22632636276209664,0.9090909090909091,0.45454545454545453,0.18181818181818182,0.2727272727272727,0.2727272727272727,0.5454545454545454,0.0,41 81 121 123 124 126 106 86 46 27 8 9,102 135 159 165 168 170 147 136 104 71 27
support_shortest_path,5,347,353,True,5,43.87353781559866,43.87353781559866,0.2785079075755955,0.2228360530554222,0.1888188702547794,0.1073768974428054,0.6625036538270594,0.4377583627725429,0.4166666666666667,0.2635466583521147,1.0,0.4,0.0,0.2,0.2,0.4,0.0015755610562104344,347 367 389 390 372 353,523 542 572 573 545
support_shortest_path,6,283,384,False,0,,,,,,,,,,,,,,,,,0.0,,
support_shortest_path,7,367,292,True,5,48.78620633513982,48.78620633513982,0.17763052476239355,0.0,0.14330483174787184,0.0,0.4000324664981518,0.6428668776920988,0.43666666666666665,0.2750268448323012,1.0,0.6,0.4,0.6,0.4,0.6,0.0,367 389 390 372 332 292,542 572 573 543 505
support_shortest_path,8,381,392,True,6,58.23361899970387,58.23361899970387,0.19719378573548055,0.0,0.09258000019713315,0.0,0.5319755208442777,0.5501061521365656,0.39166666666666666,0.3043441384832296,1.0,0.6666666666666666,0.16666666666666666,0.6666666666666666,0.3333333333333333,0.0,0.0,381 383 384 386 388 390 392,551 554 556 560 569 576
support_shortest_path,9,384,383,True,1,7.040455669703137,7.040455669703137,0.2541310617962141,0.2541310617962141,0.1789936562400814,0.1789936562400814,0.3770330578368469,0.3595335082545346,0.0,0.2457142857142857,1.0,0.0,0.0,0.0,0.0,0.0,0.2541310617962141,384 383,555
support_shortest_path,10,315,229,True,5,44.95567771948049,44.95567771948049,0.2579400439448488,0.0,0.2509633435319721,0.0,0.5362716581993248,0.5076862009525217,0.4954761904761904,0.15555925529535516,0.8,0.2,0.2,0.4,0.4,0.8,0.0,315 293 273 252 231 229,483 442 425 407 365
support_shortest_path,11,238,132,False,0,,,,,,,,,,,,,,,,,0.0,,
support_shortest_path,12,30,126,False,0,,,,,,,,,,,,,,,,,0.0,,
support_shortest_path,13,223,340,True,6,49.07756753838462,49.07756753838462,0.16541339602587643,0.0,0.08437231302751573,0.0084557694719232,0.4028661963604263,0.511619435525179,0.4583333333333333,0.21590982551320093,1.0,0.6666666666666666,0.16666666666666666,0.5,0.3333333333333333,0.8333333333333334,0.0,223 222 241 281 301 321 340,331 326 406 433 453 497
support_shortest_path,14,227,47,True,9,63.71117944044058,63.71117944044058,0.24019930216866772,0.0,0.1307067298293735,0.0,0.5287786403274483,0.31858566775660696,0.3142857142857143,0.22317410864113596,1.0,0.4444444444444444,0.1111111111111111,0.1111111111111111,0.2222222222222222,0.8888888888888888,0.0,227 207 187 166 146 126 107 87 67 47,346 243 206 188 180 171 154 142 131
support_shortest_path,15,387,301,True,6,51.74195613915664,51.74195613915664,0.2357747800653063,0.0,0.1376399944773071,0.0,0.6063553016168696,0.47608417610710374,0.3,0.2090205617741161,1.0,0.5,0.16666666666666666,0.6666666666666666,0.16666666666666666,0.16666666666666666,0.0,387 367 347 326 305 303 301,561 538 521 500 461 455
support_shortest_path,16,300,366,False,0,,,,,,,,,,,,,,,,,0.0,,
support_shortest_path,17,227,312,True,6,52.51848348663391,52.51848348663391,0.23659712307447966,0.0,0.13741932193959674,0.0,0.6003917413246092,0.47934287910409995,0.40972222222222215,0.2282134728627392,1.0,0.16666666666666666,0.16666666666666666,0.3333333333333333,0.3333333333333333,1.0,0.0,227 208 209 231 252 292 312,347 252 263 369 412 439
support_shortest_path,18,124,7,True,6,49.56010810069408,49.56010810069408,0.1937497386494329,0.0,0.10099645269667244,0.0,0.45482412449097903,0.3939909114782614,0.326984126984127,0.2078937628124405,1.0,0.5,0.3333333333333333,0.3333333333333333,0.0,0.8333333333333334,0.0,124 126 106 86 46 27 7,168 170 147 136 104 70
support_shortest_path,19,380,201,False,0,,,,,,,,,,,,,,,,,0.0,,
support_shortest_path,20,306,201,False,0,,,,,,,,,,,,,,,,,0.0,,
support_shortest_path,21,144,1,False,0,,,,,,,,,,,,,,,,,0.0,,
support_shortest_path,22,260,383,True,5,43.22711699357018,43.22711699357018,0.12381978549545929,0.0,0.13098305697459703,0.0,0.2228298940763766,0.555507045506525,0.5066666666666666,0.18275914492469364,1.0,0.6,0.4,0.6,0.4,0.6,0.0,260 281 301 341 361 383,415 433 454 517 536
support_shortest_path,23,10,40,False,0,,,,,,,,,,,,,,,,,0.0,,
support_shortest_path,24,384,304,True,6,49.812062175571015,49.812062175571015,0.22542150379554873,0.0,0.10922340522066572,0.0,0.6024882448842551,0.4592302534600017,0.35833333333333334,0.2532651601817478,1.0,0.5,0.16666666666666666,0.6666666666666666,0.3333333333333333,0.0,0.0,384 386 367 347 326 305 304,556 557 538 521 500 462
support_shortest_path,25,127,4,True,5,43.0325647911111,43.0325647911111,0.20101079679753794,0.0,0.1799269021661086,0.0,0.40396130967406024,0.5021041313007639,0.475,0.18897018206414518,0.8,0.6,0.4,0.4,0.4,0.8,0.0,127 106 86 46 26 4,175 147 136 103 60
support_shortest_path,26,318,392,True,6,52.97832846976533,52.97832846976533,0.2092491538511865,0.0,0.1722576949146847,0.0,0.4662833789620599,0.5863345238428612,0.27777777777777773,0.2821201694606195,1.0,0.6666666666666666,0.16666666666666666,0.5,0.0,0.6666666666666666,0.0,318 317 315 313 353 372 392,494 490 484 482 531 547
support_shortest_path,27,229,124,True,5,43.122802500425266,43.122802500425266,0.21105910421281618,0.0300041568825945,0.1597610173987019,0.0198903713271305,0.5093759460150049,0.4418177495828942,0.4307142857142857,0.23414946021658584,1.0,0.8,0.0,0.4,0.2,1.0,0.00012192455457458152,229 207 187 166 146 124,349 243 206 188 179
support_shortest_path,28,301,227,True,6,53.40454130673283,53.40454130673283,0.18006312363609442,0.0,0.09642356173571698,0.0,0.4317032837388954,0.5026324917539297,0.3055555555555555,0.27964471990480316,0.8333333333333334,0.8333333333333334,0.3333333333333333,0.3333333333333333,0.16666666666666666,0.6666666666666666,0.0,301 281 241 222 224 226 227,450 429 403 325 338 343
support_shortest_path,29,198,230,True,5,46.1552300145071,46.1552300145071,0.15901866833214978,0.0,0.059920179968338164,0.0,0.45147545365123787,0.632744010587567,0.4333333333333333,0.21166551739128284,1.0,0.6,0.4,0.6,0.2,0.0,0.0,198 217 215 213 212 230,212 305 291 278 274
support_shortest_path,30,215,135,False,0,,,,,,,,,,,,,,,,,0.0,,
support_shortest_path,31,221,381,True,6,48.21451846231437,48.21451846231437,0.20379619404129104,0.0,0.18256040858858444,0.0300525858717302,0.37598000056451975,0.404111826861582,0.4055555555555556,0.20669412383276023,1.0,0.3333333333333333,0.0,0.3333333333333333,0.16666666666666666,0.6666666666666666,0.0,221 241 281 301 341 361 381,320 406 433 454 517 535
support_shortest_path,32,124,203,True,5,44.296463567713005,44.296463567713005,0.21157879055537573,0.0,0.10104125610247465,0.0,0.6003242627567636,0.5642924017400682,0.3142857142857142,0.2493377988046861,1.0,0.4,0.2,0.6,0.2,1.0,0.0,124 146 187 206 204 203,169 185 209 235 220
support_shortest_path,33,10,40,False,0,,,,,,,,,,,,,,,,,0.0,,
support_shortest_path,34,306,220,False,0,,,,,,,,,,,,,,,,,0.0,,
support_shortest_path,35,55,6,True,5,48.656037154134395,48.656037154134395,0.24511518514130337,0.2107289391851425,0.08048460748196692,0.0318841866275303,0.7639691861902935,0.5411711811712467,0.36238095238095236,0.2551826417912185,1.0,0.6,0.0,0.8,0.0,0.0,0.0008618399298273119,55 53 32 10 8 6,128 119 87 38 25
support_shortest_path,36,144,0,False,0,,,,,,,,,,,,,,,,,0.0,,
support_shortest_path,37,390,252,True,4,41.91814189989604,41.91814189989604,0.15169643093854995,0.0,0.07010094369897042,0.0,0.455262536448089,0.7067031046287162,0.39999999999999997,0.3018518518518518,1.0,0.5,0.5,0.75,0.25,1.0,0.0,390 372 332 292 252,573 543 505 435
support_shortest_path,38,7,187,True,6,52.6663857608776,52.6663857608776,0.2127125026515738,0.0,0.20430761559280697,0.0300525858717302,0.46780727148734247,0.5134347637260163,0.342063492063492,0.23213967017927484,0.8333333333333334,0.5,0.0,0.5,0.3333333333333333,1.0,0.0,7 27 46 86 126 146 187,24 73 107 141 174 185
support_shortest_path,39,398,313,False,0,,,,,,,,,,,,,,,,,0.0,,
support_shortest_path,40,76,6,False,0,,,,,,,,,,,,,,,,,0.0,,
support_shortest_path,41,233,138,False,0,,,,,,,,,,,,,,,,,0.0,,
support_shortest_path,42,58,9,False,0,,,,,,,,,,,,,,,,,0.0,,
support_shortest_path,43,381,220,False,0,,,,,,,,,,,,,,,,,0.0,,
support_shortest_path,44,153,238,False,0,,,,,,,,,,,,,,,,,0.0,,
support_shortest_path,45,199,253,False,0,,,,,,,,,,,,,,,,,0.0,,
support_shortest_path,46,153,238,False,0,,,,,,,,,,,,,,,,,0.0,,
support_shortest_path,47,346,260,True,6,51.71257400095713,51.71257400095713,0.21117263463571523,0.0,0.10002771747082949,0.0,0.5746877219922455,0.5239703387997019,0.23888888888888885,0.2060633379154925,1.0,0.6666666666666666,0.16666666666666666,0.6666666666666666,0.0,0.5,0.0,346 326 305 303 301 281 260,518 500 461 455 450 430
support_shortest_path,48,41,10,True,11,100.1236433286852,100.1236433286852,0.21543046128227347,0.0,0.11987959686235104,0.0,0.5361614515758846,0.4834255485495966,0.4235930735930735,0.22613877267417018,0.9090909090909091,0.45454545454545453,0.18181818181818182,0.36363636363636365,0.2727272727272727,0.45454545454545453,0.0,41 81 121 123 124 126 106 86 46 27 8 10,102 135 159 165 168 170 147 136 104 71 28
support_shortest_path,49,155,236,False,0,,,,,,,,,,,,,,,,,0.0,,
support_shortest_path,50,3,147,False,0,,,,,,,,,,,,,,,,,0.0,,
support_shortest_path,51,139,212,False,0,,,,,,,,,,,,,,,,,0.0,,
support_shortest_path,52,238,133,False,0,,,,,,,,,,,,,,,,,0.0,,
support_shortest_path,53,386,301,True,5,45.461658639469505,45.461658639469505,0.1594208277078535,0.0,0.10516912764035764,0.0455860626446362,0.35646768045529703,0.6539461253492245,0.32,0.32020378649326015,1.0,0.6,0.0,0.6,0.2,0.2,0.0,386 384 383 361 341 301,558 555 552 534 514
support_shortest_path,54,327,260,False,0,,,,,,,,,,,,,,,,,0.0,,
support_shortest_path,55,23,120,False,0,,,,,,,,,,,,,,,,,0.0,,
support_shortest_path,56,358,273,False,0,,,,,,,,,,,,,,,,,0.0,,
support_shortest_path,57,4,52,True,5,48.38664294185307,48.38664294185307,0.11352248282417274,0.0,0.05043930418114062,0.0,0.3420802763520931,0.6508693492161701,0.4876190476190477,0.19862713486648576,1.0,0.6,0.6,0.8,0.4,0.0,0.0,4 6 8 29 31 52,6 16 31 80 86
support_shortest_path,58,186,235,True,5,49.43720737995171,49.43720737995171,0.09513089950636991,0.0,0.03562012645296842,0.0,0.2696097151362724,0.5752815795805797,0.519047619047619,0.19599642985565313,1.0,0.8,0.6,0.8,0.4,1.0,0.0,186 207 209 231 233 235,205 247 263 368 384
support_shortest_path,59,223,123,True,7,56.35212689979004,56.35212689979004,0.2275920876294232,0.0300041568825945,0.2007650319705704,0.1544158575771376,0.4699471027631742,0.4144974894340056,0.29047619047619044,0.22312691359353826,1.0,0.42857142857142855,0.0,0.2857142857142857,0.14285714285714285,0.7142857142857143,9.041255232057649e-06,223 205 206 186 166 146 124 123,329 228 233 201 188 179 167
support_shortest_path,60,107,210,True,6,49.83852757088401,49.83852757088401,0.2743818632452121,0.2316785636372734,0.13760086171885913,0.0822171657090155,0.6827867788439385,0.31244050010379193,0.2678571428571428,0.2376077808644439,1.0,0.16666666666666666,0.0,0.16666666666666666,0.0,1.0,0.000412864804814643,107 127 146 187 207 208 210,157 178 185 210 246 253
support_shortest_path,61,358,353,False,0,,,,,,,,,,,,,,,,,0.0,,
support_shortest_path,62,380,392,False,0,,,,,,,,,,,,,,,,,0.0,,
support_shortest_path,63,209,198,True,5,50.72243181814446,50.72243181814446,0.12248104485989356,0.0,0.06603720841972563,0.0,0.3400850668710248,0.646099902291017,0.5821428571428571,0.22441225985343632,1.0,0.6,0.4,0.6,0.8,0.6,0.0,209 231 233 215 217 198,263 368 381 294 304
support_shortest_path,64,261,347,True,5,44.13081317862863,44.13081317862863,0.29724688232026397,0.2106541092797723,0.15013649444914728,0.0523677919594958,0.7798236221173881,0.3917456839923613,0.2533333333333333,0.29694135092196494,0.8,0.2,0.0,0.2,0.0,0.4,0.002050403478884657,261 281 303 305 326 347,418 434 457 465 504
support_shortest_path,65,299,393,False,0,,,,,,,,,,,,,,,,,0.0,,
support_shortest_path,66,138,232,False,0,,,,,,,,,,,,,,,,,0.0,,
support_shortest_path,67,46,52,True,5,44.82906194817206,44.82906194817206,0.12755919058245752,0.0,0.06927519073246656,0.0,0.3582357311199605,0.6192721237377202,0.5352380952380953,0.1861254101760818,1.0,0.6,0.6,0.6,0.4,0.4,0.0,46 27 8 29 31 52,104 71 31 80 86
support_shortest_path,68,152,238,False,0,,,,,,,,,,,,,,,,,0.0,,
support_shortest_path,69,9,127,True,4,38.43044106642452,38.43044106642452,0.17340933697938,0.0,0.10051031912564626,0.0455860626446362,0.48782276052975576,0.6106164818179081,0.4107142857142857,0.26520950237705554,1.0,0.5,0.0,0.75,0.25,1.0,0.0,9 27 47 87 127,36 74 113 146
support_shortest_path,70,24,53,False,0,,,,,,,,,,,,,,,,,0.0,,
support_shortest_path,71,233,220,False,0,,,,,,,,,,,,,,,,,0.0,,
support_shortest_path,72,19,13,False,0,,,,,,,,,,,,,,,,,0.0,,
support_shortest_path,73,19,32,False,0,,,,,,,,,,,,,,,,,0.0,,
support_shortest_path,74,155,235,False,0,,,,,,,,,,,,,,,,,0.0,,
support_shortest_path,75,301,227,True,6,53.40454130673283,53.40454130673283,0.18006312363609442,0.0,0.09642356173571698,0.0,0.4317032837388954,0.5026324917539297,0.3055555555555555,0.27964471990480316,0.8333333333333334,0.8333333333333334,0.3333333333333333,0.3333333333333333,0.16666666666666666,0.6666666666666666,0.0,301 281 241 222 224 226 227,450 429 403 325 338 343
support_shortest_path,76,4,52,True,5,48.38664294185307,48.38664294185307,0.11352248282417274,0.0,0.05043930418114062,0.0,0.3420802763520931,0.6508693492161701,0.4876190476190477,0.19862713486648576,1.0,0.6,0.6,0.8,0.4,0.0,0.0,4 6 8 29 31 52,6 16 31 80 86
support_shortest_path,77,18,13,False,0,,,,,,,,,,,,,,,,,0.0,,
support_shortest_path,78,201,126,False,0,,,,,,,,,,,,,,,,,0.0,,
support_shortest_path,79,218,133,False,0,,,,,,,,,,,,,,,,,0.0,,
support_shortest_path,80,58,10,False,0,,,,,,,,,,,,,,,,,0.0,,
support_shortest_path,81,158,232,True,5,46.99583788457056,46.99583788457056,0.2055760273912232,0.0,0.11929942411307759,0.0,0.5741003147881538,0.5729366707798405,0.4662698412698413,0.19022223186349257,1.0,0.6,0.2,0.6,0.4,0.4,0.0,158 198 217 235 233 232,187 212 308 391 383
support_shortest_path,82,135,216,False,0,,,,,,,,,,,,,,,,,0.0,,
support_shortest_path,83,318,392,True,6,52.97832846976533,52.97832846976533,0.2092491538511865,0.0,0.1722576949146847,0.0,0.4662833789620599,0.5863345238428612,0.27777777777777773,0.2821201694606195,1.0,0.6666666666666666,0.16666666666666666,0.5,0.0,0.6666666666666666,0.0,318 317 315 313 353 372 392,494 490 484 482 531 547
support_shortest_path,84,3,52,True,6,55.36296932105018,55.36296932105018,0.2324097425075549,0.0,0.09417516133826226,0.0,0.6764872605192389,0.4833065390364575,0.43333333333333335,0.1978919655488762,1.0,0.16666666666666666,0.16666666666666666,0.5,0.3333333333333333,0.3333333333333333,0.0,3 5 7 9 29 31 52,3 11 22 37 80 86
support_shortest_path,85,286,392,False,0,,,,,,,,,,,,,,,,,0.0,,
support_shortest_path,86,299,232,False,0,,,,,,,,,,,,,,,,,0.0,,
support_shortest_path,87,213,146,True,6,51.24544163986239,51.24544163986239,0.26948679820744964,0.0,0.19457121760151286,0.0,0.57207214849832,0.3960127069956842,0.3857142857142857,0.2921695423195322,0.8333333333333334,0.3333333333333333,0.16666666666666666,0.16666666666666666,0.3333333333333333,0.6666666666666666,0.0,213 212 210 208 187 166 146,278 271 264 250 206 188
support_shortest_path,88,13,1,True,6,61.20760307287597,61.20760307287597,0.19343945437391621,0.0,0.09701459423774435,0.0354664950863103,0.5791841733504743,0.6947034010259734,0.469047619047619,0.21615359948693283,1.0,0.5,0.0,0.8333333333333334,0.5,0.5,0.0,13 11 9 27 5 3 1,56 43 36 68 8 1
support_shortest_path,89,229,178,True,6,57.777987373700014,57.777987373700014,0.14759235617181235,0.0,0.08918561084288561,0.0,0.36134713187877776,0.5744171257763394,0.5406746031746031,0.24646746404874395,1.0,0.5,0.3333333333333333,0.5,0.6666666666666666,0.5,0.0,229 231 233 215 217 198 178,355 368 381 294 304 211
support_shortest_path,90,304,369,False,0,,,,,,,,,,,,,,,,,0.0,,
support_shortest_path,91,226,300,True,5,47.290908832248405,47.290908832248405,0.05649135583495281,0.0,0.014055866026004902,0.0,0.2035948079414986,0.7982776191204961,0.44666666666666666,0.25758031964217526,1.0,1.0,0.6,1.0,0.4,0.8,0.0,226 224 222 241 281 300,342 336 326 406 432
support_shortest_path,92,383,303,True,4,38.484340066446855,38.484340066446855,0.14616580090308123,0.0,0.12724851750475197,0.0455860626446362,0.35117835390296726,0.7060995016681597,0.35833333333333334,0.3075761616880038,0.75,0.75,0.0,0.75,0.25,0.5,0.0,383 361 341 301 303,552 534 514 452
support_shortest_path,93,347,353,True,5,43.87353781559866,43.87353781559866,0.2785079075755955,0.2228360530554222,0.1888188702547794,0.1073768974428054,0.6625036538270594,0.4377583627725429,0.4166666666666667,0.2635466583521147,1.0,0.4,0.0,0.2,0.2,0.4,0.0015755610562104344,347 367 389 390 372 353,523 542 572 573 545
support_shortest_path,94,158,232,True,5,46.99583788457056,46.99583788457056,0.2055760273912232,0.0,0.11929942411307759,0.0,0.5741003147881538,0.5729366707798405,0.4662698412698413,0.19022223186349257,1.0,0.6,0.2,0.6,0.4,0.4,0.0,158 198 217 235 233 232,187 212 308 391 383
support_shortest_path,95,4,121,True,7,65.90826717853712,65.90826717853712,0.1793202204136423,0.0,0.19000284243649743,0.0,0.37809814932037655,0.6189288858146984,0.45476190476190476,0.2046977476273659,0.8571428571428571,0.5714285714285714,0.14285714285714285,0.5714285714285714,0.42857142857142855,0.42857142857142855,0.0,4 26 46 86 126 124 123 121,7 66 107 141 172 167 163
support_shortest_path,96,398,312,False,0,,,,,,,,,,,,,,,,,0.0,,
support_shortest_path,97,146,40,False,0,,,,,,,,,,,,,,,,,0.0,,
support_shortest_path,98,20,123,False,0,,,,,,,,,,,,,,,,,0.0,,
support_shortest_path,99,393,213,True,6,52.868145232919275,52.868145232919275,0.1943115935040611,0.0,0.13697983678501321,0.0,0.48686689884349893,0.6034715138882706,0.34074074074074073,0.2636901545977274,1.0,0.3333333333333333,0.3333333333333333,0.6666666666666666,0.16666666666666666,1.0,0.0,393 372 332 292 252 233 213,580 543 505 435 409 379
support_shortest_path,100,347,261,True,6,51.64421461452315,51.64421461452315,0.20323631733607642,0.0,0.08691999510557295,0.0,0.5319356451119654,0.4481926302439622,0.2583333333333333,0.2482230189056158,1.0,0.8333333333333334,0.16666666666666666,0.5,0.0,0.5,0.0,347 326 305 303 301 281 261,521 500 461 455 450 431
support_shortest_path,101,146,41,False,0,,,,,,,,,,,,,,,,,0.0,,
support_shortest_path,102,238,313,True,6,51.099490542591745,51.099490542591745,0.2889527202464361,0.2552064098311057,0.22573259046611235,0.1814151960120733,0.6756748760835527,0.5286619613768159,0.21851851851851847,0.23740404316628472,0.8333333333333334,0.0,0.0,0.5,0.0,0.6666666666666666,0.000557743261670533,238 236 235 233 273 293 313,401 397 391 386 428 445
support_shortest_path,103,46,140,False,0,,,,,,,,,,,,,,,,,0.0,,
support_shortest_path,104,280,207,False,0,,,,,,,,,,,,,,,,,0.0,,
support_shortest_path,105,221,233,True,6,61.89259571020092,61.89259571020092,0.1163844713571161,0.0,0.0313277165021018,0.0,0.38998722688484433,0.6551762000499055,0.5208333333333333,0.21591677547260998,1.0,0.8333333333333334,0.3333333333333333,0.8333333333333334,0.5,0.6666666666666666,0.0,221 203 205 207 209 231 233,317 215 229 247 263 368
support_shortest_path,106,13,87,True,5,48.545911120262446,48.545911120262446,0.18674147486443343,0.0,0.0856289739828093,0.0354664950863103,0.5431019293976378,0.6731301143177045,0.3761904761904762,0.2823924696265122,1.0,0.6,0.0,0.8,0.4,0.8,0.0,13 11 9 27 47 87,56 43 36 74 113
support_shortest_path,107,156,158,False,0,,,,,,,,,,,,,,,,,0.0,,
support_shortest_path,108,383,260,True,5,43.37314829881394,43.37314829881394,0.15052380443233862,0.0,0.1253793404899202,0.0455860626446362,0.34821897785141537,0.5981774079228418,0.31999999999999995,0.22955988312112266,1.0,0.8,0.0,0.4,0.2,0.6,0.0,383 361 341 301 281 260,552 534 514 450 430
support_shortest_path,109,390,341,True,6,55.28013878448047,55.28013878448047,0.23121214674960786,0.0,0.12887165856070568,0.0324009626263195,0.5824863167611517,0.5837579356712258,0.2833333333333333,0.3030930578134526,1.0,0.5,0.0,0.6666666666666666,0.0,0.0,0.0,390 388 386 384 383 361 341,574 566 558 555 552 534
support_shortest_path,110,333,346,False,0,,,,,,,,,,,,,,,,,0.0,,
support_shortest_path,111,301,226,True,5,47.3590397312135,47.3590397312135,0.16777258409477128,0.0,0.07566747844641916,0.0,0.4376946564137367,0.532963657913957,0.32666666666666666,0.2650291522176566,0.8,0.8,0.4,0.4,0.2,0.8,0.0,301 281 241 222 224 226,450 429 403 325 338
support_shortest_path,112,41,146,True,5,48.777139542593105,48.777139542593105,0.2481137156162708,0.0,0.13422155584188405,0.0614903152761605,0.6358161940095505,0.5027505642041565,0.4976190476190476,0.24739318330071755,0.8,0.4,0.0,0.2,0.6,0.2,0.0,41 81 121 123 124 146,102 135 159 165 169
support_shortest_path,113,124,7,True,6,49.56010810069408,49.56010810069408,0.1937497386494329,0.0,0.10099645269667244,0.0,0.45482412449097903,0.3939909114782614,0.326984126984127,0.2078937628124405,1.0,0.5,0.3333333333333333,0.3333333333333333,0.0,0.8333333333333334,0.0,124 126 106 86 46 27 7,168 170 147 136 104 70
support_shortest_path,114,384,260,True,6,50.41360396851708,50.41360396851708,0.1677916806596512,0.0,0.13431505978161373,0.0455860626446362,0.35302132451565393,0.5584034246447905,0.26666666666666666,0.2322522835533165,1.0,0.6666666666666666,0.0,0.3333333333333333,0.16666666666666666,0.5,0.0,384 383 361 341 301 281 260,555 552 534 514 450 430
support_shortest_path,115,399,292,False,0,,,,,,,,,,,,,,,,,0.0,,
support_shortest_path,116,273,166,True,6,52.31747956785042,52.31747956785042,0.3113800003834964,0.0,0.2941537672181202,0.0,0.5816412554170386,0.4231410397200641,0.4382936507936508,0.3006543593832712,0.6666666666666666,0.16666666666666666,0.16666666666666666,0.16666666666666666,0.3333333333333333,1.0,0.0,273 252 231 230 208 187 166,425 407 366 356 250 206
support_shortest_path,117,398,313,False,0,,,,,,,,,,,,,,,,,0.0,,
support_shortest_path,118,306,393,True,7,56.766995246664976,56.766995246664976,0.24831904683169892,0.1969383655428979,0.17673861261948118,0.0539689575608272,0.5422993589933364,0.4419399880854734,0.25476190476190474,0.27545986845796794,1.0,0.7142857142857143,0.0,0.2857142857142857,0.14285714285714285,0.0,5.225748578370166e-05,306 326 346 367 389 390 392 393,469 503 520 542 572 576 579
support_shortest_path,119,236,135,False,0,,,,,,,,,,,,,,,,,0.0,,
support_shortest_path,120,19,12,False,0,,,,,,,,,,,,,,,,,0.0,,
support_shortest_path,121,393,319,False,0,,,,,,,,,,,,,,,,,0.0,,
support_shortest_path,122,136,235,False,0,,,,,,,,,,,,,,,,,0.0,,
support_shortest_path,123,359,353,False,0,,,,,,,,,,,,,,,,,0.0,,
support_shortest_path,124,136,216,False,0,,,,,,,,,,,,,,,,,0.0,,
support_shortest_path,125,87,1,True,6,49.95457944387814,49.95457944387814,0.21349648894184736,0.0,0.08936832703202868,0.0,0.5730990383095195,0.4913854736252253,0.5513888888888889,0.17430428128038025,1.0,0.5,0.16666666666666666,0.16666666666666666,0.5,0.5,0.0,87 67 46 26 4 3 1,142 130 103 60 4 1
support_shortest_path,126,133,218,False,0,,,,,,,,,,,,,,,,,0.0,,
support_shortest_path,127,283,203,False,0,,,,,,,,,,,,,,,,,0.0,,
support_shortest_path,128,58,9,False,0,,,,,,,,,,,,,,,,,0.0,,
support_shortest_path,129,224,124,True,6,46.87908304035214,46.87908304035214,0.21595648761550298,0.0300041568825945,0.1749214059930171,0.0604439225715255,0.4746376397548488,0.3867957111212097,0.31507936507936507,0.21036875064263996,1.0,0.5,0.0,0.3333333333333333,0.0,0.8333333333333334,3.057887796372658e-05,224 205 206 186 166 146 124,335 228 233 201 188 179
support_shortest_path,130,312,206,True,6,52.72642917306631,52.72642917306631,0.3005841111361604,0.2419587863994839,0.18345576297788443,0.0455860626446362,0.7628951272248842,0.4682419970699356,0.35383597883597884,0.2673973692815916,0.8333333333333334,0.16666666666666666,0.0,0.3333333333333333,0.3333333333333333,1.0,0.0006437484586783632,312 292 252 231 209 207 206,473 435 407 362 257 245
support_shortest_path,131,1,144,False,0,,,,,,,,,,,,,,,,,0.0,,
support_shortest_path,132,167,8,True,7,56.70560475298094,56.70560475298094,0.1797771808451871,0.0,0.07340356630408952,0.0,0.46937163276710336,0.42282068789853217,0.40816326530612246,0.19317356486325504,1.0,0.5714285714285714,0.2857142857142857,0.2857142857142857,0.2857142857142857,1.0,0.0,167 146 126 106 86 46 27 8,193 180 170 147 136 104 71
support_shortest_path,133,346,260,True,6,51.71257400095713,51.71257400095713,0.21117263463571523,0.0,0.10002771747082949,0.0,0.5746877219922455,0.5239703387997019,0.23888888888888885,0.2060633379154925,1.0,0.6666666666666666,0.16666666666666666,0.6666666666666666,0.0,0.5,0.0,346 326 305 303 301 281 260,518 500 461 455 450 430
support_shortest_path,134,78,9,False,0,,,,,,,,,,,,,,,,,0.0,,
support_shortest_path,135,369,272,False,0,,,,,,,,,,,,,,,,,0.0,,
support_shortest_path,136,306,381,True,6,51.00692926913703,51.00692926913703,0.22730531775506413,0.0482782480739416,0.16951359578498346,0.0679799614586809,0.5230086143060048,0.4596118165706804,0.32222222222222224,0.22728983254873222,1.0,0.5,0.0,0.5,0.0,0.3333333333333333,5.6012587216577066e-05,306 305 303 301 341 361 381,467 461 455 454 517 535
support_shortest_path,137,358,252,False,0,,,,,,,,,,,,,,,,,0.0,,
support_shortest_path,138,224,341,True,5,47.53545583907396,47.53545583907396,0.07247217005386758,0.0,0.09447066417508687,0.0,0.11757963677785295,0.7292042763278295,0.52,0.2082070036314175,1.0,0.8,0.4,0.8,0.4,1.0,0.0,224 222 241 281 301 341,336 326 406 433 454
support_shortest_path,139,144,210,False,0,,,,,,,,,,,,,,,,,0.0,,
support_shortest_path,140,381,285,False,0,,,,,,,,,,,,,,,,,0.0,,
support_shortest_path,141,340,204,True,5,48.637886982709226,48.637886982709226,0.22569221812022508,0.0,0.18372447740430636,0.0,0.4997495001584995,0.5780329863909672,0.33999999999999997,0.2702588041057764,0.6,0.4,0.4,0.4,0.0,0.8,0.0,340 300 281 241 222 204,510 447 429 403 322
support_shortest_path,142,121,46,True,6,52.045877729855164,52.045877729855164,0.22708330534763502,0.0,0.1267335929079092,0.0,0.5301911064113614,0.38351793691492747,0.3527777777777777,0.20568008008255656,1.0,0.5,0.16666666666666666,0.16666666666666666,0.16666666666666666,0.5,0.0,121 123 124 126 106 86 46,159 165 168 170 147 136
support_shortest_path,143,201,127,False,0,,,,,,,,,,,,,,,,,0.0,,
support_shortest_path,144,307,380,False,0,,,,,,,,,,,,,,,,,0.0,,
support_shortest_path,145,392,381,True,6,57.996792226459085,57.996792226459085,0.2956586519976901,0.2403193297184433,0.16297292646469644,0.0324009626263195,0.776803011756157,0.5975967857821226,0.3666666666666667,0.32522165687724197,1.0,0.16666666666666666,0.0,0.8333333333333334,0.0,0.0,0.0006355480540176285,392 390 388 386 384 383 381,578 574 566 558 555 553
support_shortest_path,146,346,346,True,0,0.0,0.0,,,,,,,,,,,,,,,0.0,346,
support_shortest_path,147,381,306,True,6,50.79203126786258,50.79203126786258,0.2501153342941243,0.0,0.20348848156726418,0.0614903152761605,0.5358182828591357,0.5005441476259651,0.28055555555555556,0.2787189971375584,0.6666666666666666,0.3333333333333333,0.0,0.5,0.16666666666666666,0.3333333333333333,0.0,381 361 341 301 303 304 306,550 534 514 452 456 460
support_shortest_path,148,135,235,False,0,,,,,,,,,,,,,,,,,0.0,,
support_shortest_path,149,1,12,True,6,57.97109604966087,57.97109604966087,0.26648651700529835,0.2379396290244232,0.097760245541819,0.0885203540044304,0.7795256857915809,0.47112136514466263,0.4158730158730158,0.27221564972059,1.0,0.16666666666666666,0.0,0.6666666666666666,0.16666666666666666,0.3333333333333333,0.00035325090629020146,1 3 5 7 9 11 12,0 3 11 22 35 45
support_shortest_path,150,261,229,True,6,55.29528125406685,55.29528125406685,0.26434056882083623,0.0,0.18622898860386172,0.0,0.6475408586734578,0.4997639535148863,0.4592592592592592,0.24215858720371175,0.6666666666666666,0.3333333333333333,0.16666666666666666,0.3333333333333333,0.3333333333333333,1.0,0.0,261 241 222 204 206 208 229,416 403 322 222 238 256
support_shortest_path,151,381,306,True,6,50.79203126786258,50.79203126786258,0.2501153342941243,0.0,0.20348848156726418,0.0614903152761605,0.5358182828591357,0.5005441476259651,0.28055555555555556,0.2787189971375584,0.6666666666666666,0.3333333333333333,0.0,0.5,0.16666666666666666,0.3333333333333333,0.0,381 361 341 301 303 304 306,550 534 514 452 456 460
support_shortest_path,152,386,301,True,5,45.461658639469505,45.461658639469505,0.1594208277078535,0.0,0.10516912764035764,0.0455860626446362,0.35646768045529703,0.6539461253492245,0.32,0.32020378649326015,1.0,0.6,0.0,0.6,0.2,0.2,0.0,386 384 383 361 341 301,558 555 552 534 514
support_shortest_path,153,235,155,False,0,,,,,,,,,,,,,,,,,0.0,,
support_shortest_path,154,59,9,False,0,,,,,,,,,,,,,,,,,0.0,,
support_shortest_path,155,7,55,True,5,46.889335039672176,46.889335039672176,0.311751049480139,0.2379396290244232,0.20711097517456264,0.0908568356888925,0.8174395756815283,0.45593706082475904,0.559047619047619,0.16149167304769646,0.8,0.2,0.0,0.4,0.4,0.4,0.0026573481845003108,7 9 11 32 53 55,22 35 49 94 123
support_shortest_path,156,198,229,True,5,49.87743848889606,49.87743848889606,0.2704496228334242,0.2444379672323147,0.16283647111365598,0.0451112577973331,0.7969195882653943,0.6190693727741973,0.46507936507936504,0.16671968019446493,1.0,0.2,0.0,0.8,0.2,0.6,0.001427486945932922,198 217 235 233 231 229,212 308 391 382 365
support_shortest_path,157,381,392,True,6,58.23361899970387,58.23361899970387,0.19719378573548055,0.0,0.09258000019713315,0.0,0.5319755208442777,0.5501061521365656,0.39166666666666666,0.3043441384832296,1.0,0.6666666666666666,0.16666666666666666,0.6666666666666666,0.3333333333333333,0.0,0.0,381 383 384 386 388 390 392,551 554 556 560 569 576
support_shortest_path,158,4,126,True,4,38.431722882024744,38.431722882024744,0.07842485669593165,0.0,0.13460420628251565,0.0,0.12443907204939332,0.6961783875206732,0.5458333333333333,0.172369409996242,1.0,0.75,0.25,0.75,0.75,0.75,0.0,4 26 46 86 126,7 66 107 141
support_shortest_path,159,272,187,True,5,43.22151695069202,43.22151695069202,0.296408382083235,0.0,0.27592511052182844,0.0,0.5712110117347196,0.4867345411813244,0.4192857142857143,0.2954257629474341,0.6,0.4,0.2,0.2,0.4,1.0,0.0,272 252 231 230 208 187,420 407 366 356 250
support_shortest_path,160,224,303,True,4,40.5493060447635,40.5493060447635,0.10515435728219832,0.0,0.08478610194657249,0.0,0.2417206652540142,0.7960427383457143,0.5583333333333333,0.2924603174603174,0.75,0.75,0.5,0.75,0.5,1.0,0.0,224 222 241 281 303,336 326 406 434
support_shortest_path,161,241,347,True,5,47.49718156578314,47.49718156578314,0.24105291520576708,0.0,0.12073494787849817,0.0300525858717302,0.6484273368100383,0.5179346185265219,0.3533333333333334,0.2920932443884652,0.8,0.4,0.0,0.4,0.2,0.4,0.0,241 281 303 305 326 347,406 434 457 465 504
support_shortest_path,162,221,380,False,0,,,,,,,,,,,,,,,,,0.0,,
support_shortest_path,163,9,126,True,4,39.43276186021784,39.43276186021784,0.18915423705299855,0.0,0.21116955874388746,0.0300525858717302,0.4412492431749978,0.6695550540805046,0.47738095238095235,0.2215190371302706,0.75,0.5,0.0,0.75,0.5,1.0,0.0,9 27 46 86 126,36 73 107 141
support_shortest_path,164,300,387,True,6,53.50131286849126,53.50131286849126,0.1328869159267743,0.0,0.11253099848200093,0.0,0.2426490633695191,0.6182041869747587,0.37777777777777777,0.26225411190546183,1.0,0.6666666666666666,0.5,0.6666666666666666,0.5,0.0,0.0,300 321 361 383 384 386 387,449 499 536 554 556 559
support_shortest_path,165,86,187,True,3,27.895590503659076,27.895590503659076,0.15605143318851125,0.0,0.0788821702511382,0.0300525858717302,0.423304168780361,0.5735779691143641,0.2476190476190476,0.25446320660243793,1.0,0.6666666666666666,0.0,0.6666666666666666,0.3333333333333333,1.0,0.0,86 126 146 187,141 174 185
support_shortest_path,166,67,120,False,0,,,,,,,,,,,,,,,,,0.0,,
support_shortest_path,167,261,166,True,6,51.08294694289943,51.08294694289943,0.3099505275716309,0.203621707591222,0.23500591138642124,0.1193742081891821,0.6857752618772004,0.3781494900611751,0.3259259259259259,0.25385769387411655,0.6666666666666666,0.16666666666666666,0.0,0.16666666666666666,0.16666666666666666,1.0,0.0007256532964627767,261 241 222 204 206 186 166,416 403 322 222 233 201
support_shortest_path,168,232,393,True,6,49.30540837805758,49.30540837805758,0.22905844744139203,0.0,0.16872010474469587,0.0,0.48772989908375547,0.422058228285606,0.3277777777777778,0.29001704878339646,1.0,0.3333333333333333,0.16666666666666666,0.3333333333333333,0.16666666666666666,0.8333333333333334,0.0,232 252 292 312 332 352 393,377 412 439 476 508 528
support_shortest_path,169,386,301,True,5,45.461658639469505,45.461658639469505,0.1594208277078535,0.0,0.10516912764035764,0.0455860626446362,0.35646768045529703,0.6539461253492245,0.32,0.32020378649326015,1.0,0.6,0.0,0.6,0.2,0.2,0.0,386 384 383 361 341 301,558 555 552 534 514
support_shortest_path,170,381,221,True,6,48.26529271904221,48.26529271904221,0.16435179916748474,0.0,0.10002319358416419,0.0,0.3622812086889424,0.4829680203384272,0.3277777777777778,0.22559917706195312,1.0,0.6666666666666666,0.16666666666666666,0.3333333333333333,0.16666666666666666,0.6666666666666666,0.0,381 361 341 301 281 241 221,550 534 514 450 429 402
support_shortest_path,171,221,127,True,7,56.912822829598575,56.912822829598575,0.2171236888658616,0.0,0.13541822980373183,0.0224169088632961,0.4930682120614951,0.3716034328558237,0.3023809523809523,0.2291047190803739,1.0,0.42857142857142855,0.0,0.14285714285714285,0.14285714285714285,0.7142857142857143,0.0,221 203 205 206 186 166 146 127,317 215 228 233 201 188 181
support_shortest_path,172,229,124,True,5,43.122802500425266,43.122802500425266,0.21105910421281618,0.0300041568825945,0.1597610173987019,0.0198903713271305,0.5093759460150049,0.4418177495828942,0.4307142857142857,0.23414946021658584,1.0,0.8,0.0,0.4,0.2,1.0,0.00012192455457458152,229 207 187 166 146 124,349 243 206 188 179
support_shortest_path,173,318,392,True,6,52.97832846976533,52.97832846976533,0.2092491538511865,0.0,0.1722576949146847,0.0,0.4662833789620599,0.5863345238428612,0.27777777777777773,0.2821201694606195,1.0,0.6666666666666666,0.16666666666666666,0.5,0.0,0.6666666666666666,0.0,318 317 315 313 353 372 392,494 490 484 482 531 547
support_shortest_path,174,126,10,True,6,51.61114319575701,51.61114319575701,0.1845827171223929,0.0,0.07846228574699916,0.0,0.4885525938437751,0.46554851454180196,0.4238095238095238,0.2019909773829277,1.0,0.5,0.3333333333333333,0.5,0.16666666666666666,0.8333333333333334,0.0,126 106 86 46 27 8 10,170 147 136 104 71 28
support_shortest_path,175,327,261,False,0,,,,,,,,,,,,,,,,,0.0,,
support_shortest_path,176,46,52,True,5,44.82906194817206,44.82906194817206,0.12755919058245752,0.0,0.06927519073246656,0.0,0.3582357311199605,0.6192721237377202,0.5352380952380953,0.1861254101760818,1.0,0.6,0.6,0.6,0.4,0.4,0.0,46 27 8 29 31 52,104 71 31 80 86
support_shortest_path,177,199,273,False,0,,,,,,,,,,,,,,,,,0.0,,
support_shortest_path,178,284,204,False,0,,,,,,,,,,,,,,,,,0.0,,
support_shortest_path,179,358,352,False,0,,,,,,,,,,,,,,,,,0.0,,
support_shortest_path,180,381,392,True,6,58.23361899970387,58.23361899970387,0.19719378573548055,0.0,0.09258000019713315,0.0,0.5319755208442777,0.5501061521365656,0.39166666666666666,0.3043441384832296,1.0,0.6666666666666666,0.16666666666666666,0.6666666666666666,0.3333333333333333,0.0,0.0,381 383 384 386 388 390 392,551 554 556 560 569 576
support_shortest_path,181,367,301,True,5,44.66548422786646,44.66548422786646,0.21697239006937488,0.0,0.10614460680593552,0.0,0.5992214394562531,0.5229557261968464,0.36,0.21720040147723524,1.0,0.6,0.2,0.8,0.2,0.2,0.0,367 347 326 305 303 301,538 521 500 461 455
support_shortest_path,182,272,389,True,6,50.13942334136388,50.13942334136388,0.2749225869180493,0.0,0.2635711549338497,0.0,0.5374987542347468,0.5010763707112252,0.27777777777777773,0.2576808826455153,0.8333333333333334,0.16666666666666666,0.16666666666666666,0.5,0.0,0.6666666666666666,0.0,272 293 313 353 372 390 389,423 445 482 531 546 575
support_shortest_path,183,392,381,True,6,57.996792226459085,57.996792226459085,0.2956586519976901,0.2403193297184433,0.16297292646469644,0.0324009626263195,0.776803011756157,0.5975967857821226,0.3666666666666667,0.32522165687724197,1.0,0.16666666666666666,0.0,0.8333333333333334,0.0,0.0,0.0006355480540176285,392 390 388 386 384 383 381,578 574 566 558 555 553
support_shortest_path,184,393,286,False,0,,,,,,,,,,,,,,,,,0.0,,
support_shortest_path,185,389,273,True,5,46.697531200545015,46.697531200545015,0.19423053485803105,0.0,0.18325226794556362,0.0,0.40054499100149565,0.6158783966953635,0.3833333333333333,0.2562033154205365,0.8,0.6,0.4,0.4,0.2,0.8,0.0,389 390 372 332 292 273,572 573 543 505 437
support_shortest_path,186,307,381,True,6,53.285462940035245,53.285462940035245,0.23891448756003864,0.0482782480739416,0.16433342900904424,0.0659147877358676,0.5927095709264351,0.48756570532612536,0.3888888888888889,0.23988198237937577,1.0,0.3333333333333333,0.0,0.6666666666666666,0.16666666666666666,0.3333333333333333,7.581848555164332e-05,307 305 303 301 341 361 381,470 461 455 454 517 535
support_shortest_path,187,390,316,True,5,46.26014483111726,46.26014483111726,0.15409685743800522,0.0,0.0901588241428262,0.0,0.3796028465871509,0.5717389595492587,0.38666666666666666,0.26958966099272696,1.0,0.8,0.4,0.4,0.2,0.8,0.0,390 372 332 313 315 316,573 543 507 480 485
support_shortest_path,188,18,12,False,0,,,,,,,,,,,,,,,,,0.0,,
support_shortest_path,189,387,300,True,6,54.459684042802685,54.459684042802685,0.18295344404115796,0.0,0.12496033927983625,0.0,0.4006259748322496,0.6336455201332403,0.2638888888888889,0.29242781205379625,1.0,0.5,0.16666666666666666,0.5,0.0,0.0,0.0,387 386 384 383 361 340 300,562 558 555 552 533 510
support_shortest_path,190,53,3,True,6,54.88331456929086,54.88331456929086,0.13852370420361695,0.0,0.07726323539354492,0.0053692720896517,0.3666665309805417,0.5652240418545192,0.34801587301587306,0.22426706688194498,1.0,0.6666666666666666,0.16666666666666666,0.6666666666666666,0.3333333333333333,0.3333333333333333,0.0,53 32 31 29 27 5 3,119 91 84 79 68 8
support_shortest_path,191,127,4,True,5,43.0325647911111,43.0325647911111,0.20101079679753794,0.0,0.1799269021661086,0.0,0.40396130967406024,0.5021041313007639,0.475,0.18897018206414518,0.8,0.6,0.4,0.4,0.4,0.8,0.0,127 106 86 46 26 4,175 147 136 103 60
support_shortest_path,192,393,232,True,5,45.75735176102852,45.75735176102852,0.16476244449095998,0.0,0.12311508886911611,0.0,0.42148882317643255,0.6436572046697914,0.345,0.2592931936102863,1.0,0.6,0.4,0.8,0.2,1.0,0.0,393 372 332 292 252 232,580 543 505 435 408
support_shortest_path,193,47,227,True,6,52.672096168481204,52.672096168481204,0.20664956411912638,0.0,0.13108519865628662,0.0455860626446362,0.49751450142416886,0.4775394560904922,0.2726190476190476,0.27616873022454413,1.0,0.3333333333333333,0.0,0.5,0.16666666666666666,1.0,0.0,47 87 127 146 187 207 227,113 146 178 185 210 249
support_shortest_path,194,227,301,True,6,53.45750507770711,53.45750507770711,0.08753613305262858,0.0,0.0449295533828394,0.0,0.2107360526550662,0.6650772608489727,0.603968253968254,0.19861093167008934,1.0,0.8333333333333334,0.5,0.8333333333333334,0.5,0.8333333333333334,0.0,227 205 204 222 241 281 301,344 227 223 326 406 433
support_shortest_path,195,239,227,False,0,,,,,,,,,,,,,,,,,0.0,,
support_shortest_path,196,341,389,True,6,52.02415606746708,52.02415606746708,0.2184400383527837,0.0,0.16736926945307007,0.0,0.46089219322764485,0.503578194775025,0.34722222222222215,0.2645161972846742,1.0,0.3333333333333333,0.16666666666666666,0.5,0.3333333333333333,0.0,0.0,341 361 383 384 386 387 389,517 536 554 556 559 564
support_shortest_path,197,352,358,False,0,,,,,,,,,,,,,,,,,0.0,,
support_shortest_path,198,280,386,False,0,,,,,,,,,,,,,,,,,0.0,,
support_shortest_path,199,81,167,True,5,46.36730650605985,46.36730650605985,0.23445940630838794,0.0,0.12441888285058371,0.0614903152761605,0.5861344201509503,0.4392010290983026,0.5776190476190476,0.20553065558453126,1.0,0.4,0.0,0.2,0.6,0.4,0.0,81 121 123 124 146 167,135 159 165 169 183
support_shortest_path,200,384,304,True,6,49.812062175571015,49.812062175571015,0.22542150379554873,0.0,0.10922340522066572,0.0,0.6024882448842551,0.4592302534600017,0.35833333333333334,0.2532651601817478,1.0,0.5,0.16666666666666666,0.6666666666666666,0.3333333333333333,0.0,0.0,384 386 367 347 326 305 304,556 557 538 521 500 462
support_shortest_path,201,226,301,True,5,47.25906263682394,47.25906263682394,0.08601993817746448,0.0,0.0493107337924334,0.0,0.22142647820168881,0.742896062683697,0.4866666666666667,0.2230218184462323,1.0,0.8,0.6,0.8,0.4,0.8,0.0,226 224 222 241 281 301,342 336 326 406 433
support_shortest_path,202,383,353,True,6,57.19205312956074,57.19205312956074,0.2599160841489824,0.1116442266392764,0.13074831372505544,0.0528927152780349,0.6959905518075421,0.488401633328871,0.36388888888888893,0.30326389156964934,1.0,0.3333333333333333,0.0,0.3333333333333333,0.16666666666666666,0.3333333333333333,0.00021273918980603055,383 384 386 388 390 372 353,554 556 560 569 573 545
support_shortest_path,203,280,386,False,0,,,,,,,,,,,,,,,,,0.0,,
support_shortest_path,204,358,352,False,0,,,,,,,,,,,,,,,,,0.0,,
support_shortest_path,205,223,86,True,8,59.97385501728323,59.97385501728323,0.253120700425333,0.1978369534013759,0.1538708016004544,0.0602369225708214,0.5655707973938201,0.2866536270909764,0.25416666666666665,0.201492080996781,1.0,0.375,0.0,0.125,0.125,0.875,1.54604047867171e-05,223 205 206 186 166 146 126 106 86,329 228 233 201 188 180 170 147
support_shortest_path,206,52,47,True,4,37.06875296873355,37.06875296873355,0.07328728869399942,0.0,0.07918992314000725,0.0053692720896517,0.13965030172045115,0.692997869081574,0.4928571428571429,0.2333275450486696,1.0,0.75,0.25,0.75,0.5,0.5,0.0,52 31 29 27 47,114 84 79 74
support_shortest_path,207,223,236,True,7,69.14099056425565,69.14099056425565,0.2492477466264502,0.0,0.14461889015052234,0.0,0.6943632735563696,0.5445716291430014,0.489795918367347,0.20562398054115819,0.8571428571428571,0.42857142857142855,0.14285714285714285,0.7142857142857143,0.42857142857142855,0.42857142857142855,0.0,223 205 207 208 210 212 214 236,329 229 246 253 266 273 290
support_shortest_path,208,347,353,True,5,43.87353781559866,43.87353781559866,0.2785079075755955,0.2228360530554222,0.1888188702547794,0.1073768974428054,0.6625036538270594,0.4377583627725429,0.4166666666666667,0.2635466583521147,1.0,0.4,0.0,0.2,0.2,0.4,0.0015755610562104344,347 367 389 390 372 353,523 542 572 573 545
support_shortest_path,209,346,241,True,6,54.04727880636449,54.04727880636449,0.1635881084966457,0.0,0.0633795753782996,0.0,0.44822814392771737,0.6056873360584025,0.21666666666666665,0.22459403966987845,1.0,0.8333333333333334,0.3333333333333333,0.8333333333333334,0.0,0.5,0.0,346 326 305 303 301 281 241,518 500 461 455 450 429
support_shortest_path,210,341,390,True,6,55.19563307242851,55.19563307242851,0.20458770518925917,0.0,0.12043022716052931,0.0,0.5048082619701454,0.5250816869906706,0.41944444444444445,0.2469321833060485,1.0,0.5,0.16666666666666666,0.5,0.3333333333333333,0.0,0.0,341 361 383 384 386 388 390,517 536 554 556 560 569
support_shortest_path,211,384,303,True,5,45.52479573615,45.52479573615,0.16775885308170782,0.0,0.13759754525181786,0.0455860626446362,0.3563492946897432,0.6367863029854346,0.2866666666666667,0.2952037864932602,0.8,0.6,0.0,0.6,0.2,0.4,0.0,384 383 361 341 301 303,555 552 534 514 452
support_shortest_path,212,106,203,True,5,44.34924997221305,44.34924997221305,0.23412146894445454,0.0,0.15203058918963383,0.0,0.6040081047372474,0.5519673925342655,0.34285714285714286,0.2455282749951623,0.8,0.4,0.2,0.6,0.2,1.0,0.0,106 146 187 206 204 203,152 185 209 235 220
support_shortest_path,213,75,6,False,0,,,,,,,,,,,,,,,,,0.0,,
support_shortest_path,214,381,392,True,6,58.23361899970387,58.23361899970387,0.19719378573548055,0.0,0.09258000019713315,0.0,0.5319755208442777,0.5501061521365656,0.39166666666666666,0.3043441384832296,1.0,0.6666666666666666,0.16666666666666666,0.6666666666666666,0.3333333333333333,0.0,0.0,381 383 384 386 388 390 392,551 554 556 560 569 576
support_shortest_path,215,387,313,True,5,46.179527753932845,46.179527753932845,0.18543110207254931,0.0,0.09737559884768712,0.0,0.49574635802520517,0.5158915410437982,0.42666666666666664,0.2232510099442957,1.0,0.6,0.2,0.4,0.2,0.6,0.0,387 388 390 372 332 313,563 569 573 543 507
support_shortest_path,216,303,389,True,5,43.82547457209594,43.82547457209594,0.2716189518568549,0.2106541092797723,0.14997405420025314,0.0523677919594958,0.7179121980459392,0.4544646734223024,0.32,0.20445840343348723,1.0,0.4,0.0,0.4,0.2,0.0,0.001380297656182415,303 305 326 346 367 389,457 465 503 520 542
support_shortest_path,217,212,318,True,6,53.12394014486183,53.12394014486183,0.27846232178493957,0.2254926080749896,0.17648315661028038,0.0455860626446362,0.7169669186925011,0.45193500803659586,0.4268518518518518,0.2228271697769193,0.8333333333333334,0.16666666666666666,0.0,0.16666666666666666,0.3333333333333333,0.5,0.00044016172856508126,212 233 273 293 315 316 318,277 386 428 446 485 489
support_shortest_path,218,341,347,True,5,47.317229212195606,47.317229212195606,0.2277808075955578,0.0,0.11309200994122795,0.0523677919594958,0.6413622220607993,0.5813159344553582,0.3066666666666667,0.275982133277354,0.8,0.4,0.0,0.6,0.2,0.4,0.0,341 301 303 305 326 347,514 452 457 465 504
support_shortest_path,219,0,12,False,0,,,,,,,,,,,,,,,,,0.0,,
support_shortest_path,220,381,392,True,6,58.23361899970387,58.23361899970387,0.19719378573548055,0.0,0.09258000019713315,0.0,0.5319755208442777,0.5501061521365656,0.39166666666666666,0.3043441384832296,1.0,0.6666666666666666,0.16666666666666666,0.6666666666666666,0.3333333333333333,0.0,0.0,381 383 384 386 388 390 392,551 554 556 560 569 576
support_shortest_path,221,87,224,True,5,46.35039350335514,46.35039350335514,0.19934797804176405,0.0,0.08148140965273576,0.0098749358309245,0.5835432617310738,0.54671907485042,0.29047619047619044,0.23954483503116836,1.0,0.6,0.2,0.8,0.0,1.0,0.0,87 127 146 187 206 224,146 178 185 209 239
support_shortest_path,222,40,66,False,0,,,,,,,,,,,,,,,,,0.0,,
support_shortest_path,223,389,272,True,5,45.55625322249648,45.55625322249648,0.15990286306777715,0.0,0.12477430201191145,0.0,0.3319152626007592,0.5693600994166979,0.35333333333333333,0.2653710490953124,1.0,0.6,0.4,0.4,0.2,0.8,0.0,389 390 372 332 292 272,572 573 543 505 436
support_shortest_path,224,121,47,True,7,55.83233553800114,55.83233553800114,0.25425733102100356,0.0,0.1321742145775042,0.0,0.6010623484995513,0.40270583294672907,0.4166666666666667,0.2221754354021083,1.0,0.2857142857142857,0.14285714285714285,0.14285714285714285,0.42857142857142855,0.42857142857142855,0.0,121 123 124 126 107 87 67 47,159 165 168 171 154 142 131
support_shortest_path,225,392,381,True,6,57.996792226459085,57.996792226459085,0.2956586519976901,0.2403193297184433,0.16297292646469644,0.0324009626263195,0.776803011756157,0.5975967857821226,0.3666666666666667,0.32522165687724197,1.0,0.16666666666666666,0.0,0.8333333333333334,0.0,0.0,0.0006355480540176285,392 390 388 386 384 383 381,578 574 566 558 555 553
support_shortest_path,226,381,306,True,6,50.79203126786258,50.79203126786258,0.2501153342941243,0.0,0.20348848156726418,0.0614903152761605,0.5358182828591357,0.5005441476259651,0.28055555555555556,0.2787189971375584,0.6666666666666666,0.3333333333333333,0.0,0.5,0.16666666666666666,0.3333333333333333,0.0,381 361 341 301 303 304 306,550 534 514 452 456 460
support_shortest_path,227,10,147,False,0,,,,,,,,,,,,,,,,,0.0,,
support_shortest_path,228,315,215,True,4,38.44538453468249,38.44538453468249,0.16029013638411968,0.0,0.15627912922733347,0.0,0.3633406975111887,0.7221632721227521,0.603968253968254,0.18622866383996517,0.75,0.5,0.25,0.75,0.75,0.75,0.0,315 293 273 233 215,483 442 424 381
support_shortest_path,229,358,272,False,0,,,,,,,,,,,,,,,,,0.0,,
support_shortest_path,230,347,241,True,6,55.03587265446755,55.03587265446755,0.17077466331518246,0.0,0.06944991236944616,0.0,0.45494585681374383,0.5529846334918797,0.24999999999999997,0.23224050275206198,1.0,0.8333333333333334,0.3333333333333333,0.6666666666666666,0.0,0.5,0.0,347 326 305 303 301 281 241,521 500 461 455 450 429
support_shortest_path,231,100,7,False,0,,,,,,,,,,,,,,,,,0.0,,
support_shortest_path,232,236,295,False,0,,,,,,,,,,,,,,,,,0.0,,
support_shortest_path,233,30,41,False,0,,,,,,,,,,,,,,,,,0.0,,
support_shortest_path,234,124,7,True,6,49.56010810069408,49.56010810069408,0.1937497386494329,0.0,0.10099645269667244,0.0,0.45482412449097903,0.3939909114782614,0.326984126984127,0.2078937628124405,1.0,0.5,0.3333333333333333,0.3333333333333333,0.0,0.8333333333333334,0.0,124 126 106 86 46 27 7,168 170 147 136 104 70
support_shortest_path,235,29,41,False,0,,,,,,,,,,,,,,,,,0.0,,
support_shortest_path,236,144,6,False,0,,,,,,,,,,,,,,,,,0.0,,
support_shortest_path,237,78,9,False,0,,,,,,,,,,,,,,,,,0.0,,
support_shortest_path,238,298,392,False,0,,,,,,,,,,,,,,,,,0.0,,
support_shortest_path,239,295,235,False,0,,,,,,,,,,,,,,,,,0.0,,
support_shortest_path,240,218,227,True,6,57.1188047402544,57.1188047402544,0.25928778763325705,0.202989245191572,0.11927602986567926,0.0287480892712917,0.7800565453173375,0.6225991591827099,0.3177248677248677,0.25844602592791,1.0,0.5,0.0,0.8333333333333334,0.0,0.6666666666666666,0.0002871034532841004,218 216 215 233 231 229 227,313 299 295 382 365 353
support_shortest_path,241,40,9,False,0,,,,,,,,,,,,,,,,,0.0,,
support_shortest_path,242,39,12,False,0,,,,,,,,,,,,,,,,,0.0,,
support_shortest_path,243,1,12,True,6,57.97109604966087,57.97109604966087,0.26648651700529835,0.2379396290244232,0.097760245541819,0.0885203540044304,0.7795256857915809,0.47112136514466263,0.4158730158730158,0.27221564972059,1.0,0.16666666666666666,0.0,0.6666666666666666,0.16666666666666666,0.3333333333333333,0.00035325090629020146,1 3 5 7 9 11 12,0 3 11 22 35 45
support_shortest_path,244,86,1,True,5,45.20763376870225,45.20763376870225,0.14589208800638706,0.0,0.08203539298465756,0.0,0.34605763421295194,0.5549017878685552,0.5416666666666666,0.1799060336013197,1.0,0.8,0.4,0.4,0.4,0.4,0.0,86 46 26 4 3 1,136 103 60 4 1
support_shortest_path,245,41,9,True,11,97.01180117974043,97.01180117974043,0.21622321310959877,0.0,0.12864486561419788,0.0,0.506011909054264,0.451882103298289,0.4326839826839826,0.22632636276209664,0.9090909090909091,0.45454545454545453,0.18181818181818182,0.2727272727272727,0.2727272727272727,0.5454545454545454,0.0,41 81 121 123 124 126 106 86 46 27 8 9,102 135 159 165 168 170 147 136 104 71 27
support_shortest_path,246,158,212,True,5,46.18551383196173,46.18551383196173,0.15901866833214978,0.0,0.059920179968338164,0.0,0.45147545365123787,0.617030810052004,0.39999999999999997,0.2449988507246162,1.0,0.6,0.4,0.6,0.2,0.0,0.0,158 198 217 215 213 212,187 212 305 291 278
support_shortest_path,247,6,101,False,0,,,,,,,,,,,,,,,,,0.0,,
support_shortest_path,248,24,147,False,0,,,,,,,,,,,,,,,,,0.0,,
support_shortest_path,249,12,107,True,6,51.9280698656355,51.9280698656355,0.2753456999368986,0.2400700264046471,0.12518985955664963,0.0162317522628259,0.7159676397610238,0.4393335918578218,0.17539682539682536,0.2899217389476369,1.0,0.16666666666666666,0.0,0.5,0.0,0.6666666666666666,0.0004263647520043686,12 11 9 27 47 67 107,51 43 36 74 112 134
support_shortest_path,250,10,41,False,0,,,,,,,,,,,,,,,,,0.0,,
support_shortest_path,251,287,393,False,0,,,,,,,,,,,,,,,,,0.0,,
support_shortest_path,252,123,6,True,7,54.973948614505076,54.973948614505076,0.21131456146950905,0.0,0.1133203184384297,0.0,0.47951098949824056,0.33515265816276585,0.225,0.18272791856772996,1.0,0.7142857142857143,0.14285714285714285,0.14285714285714285,0.0,0.5714285714285714,0.0,123 124 126 106 86 46 26 6,165 168 170 147 136 103 62
support_shortest_path,253,340,390,True,6,56.28407365400777,56.28407365400777,0.227894504803533,0.0,0.15155667919926616,0.0,0.5576141411757087,0.5645434201176077,0.41944444444444445,0.25448658862567974,0.8333333333333334,0.5,0.16666666666666666,0.5,0.3333333333333333,0.0,0.0,340 361 383 384 386 388 390,513 536 554 556 560 569
support_shortest_path,254,126,201,False,0,,,,,,,,,,,,,,,,,0.0,,
support_shortest_path,255,52,3,True,5,50.11167905539851,50.11167905539851,0.06515489156377045,0.0,0.05622277007302212,0.0053692720896517,0.1856018787419509,0.7760932290496548,0.5009523809523809,0.23032055246340954,1.0,0.8,0.2,1.0,0.6,0.4,0.0,52 31 29 27 5 3,114 84 79 68 8
support_shortest_path,256,238,313,True,6,51.099490542591745,51.099490542591745,0.2889527202464361,0.2552064098311057,0.22573259046611235,0.1814151960120733,0.6756748760835527,0.5286619613768159,0.21851851851851847,0.23740404316628472,0.8333333333333334,0.0,0.0,0.5,0.0,0.6666666666666666,0.000557743261670533,238 236 235 233 273 293 313,401 397 391 386 428 445
support_shortest_path,257,1,124,True,7,65.8797244040455,65.8797244040455,0.16746042358491856,0.0,0.1509413257121768,0.0,0.3663620103914057,0.6360169201984923,0.4309523809523809,0.27567074324806934,0.8571428571428571,0.5714285714285714,0.14285714285714285,0.7142857142857143,0.42857142857142855,0.42857142857142855,0.0,1 3 4 26 46 86 126 124,0 2 7 66 107 141 172
support_shortest_path,258,306,392,True,6,49.73551381916395,49.73551381916395,0.2568824937131658,0.2123745604852867,0.1824533187390005,0.0539689575608272,0.5859003504878791,0.43872454207642103,0.2972222222222222,0.23505468481395633,1.0,0.6666666666666666,0.0,0.3333333333333333,0.16666666666666666,0.0,0.0002653494439219296,306 326 346 367 389 390 392,469 503 520 542 572 576
support_shortest_path,259,232,200,False,0,,,,,,,,,,,,,,,,,0.0,,
support_shortest_path,260,384,284,False,0,,,,,,,,,,,,,,,,,0.0,,
support_shortest_path,261,12,1,True,6,57.7650515718381,57.7650515718381,0.23762034360248432,0.0,0.11724029796286299,0.0354664950863103,0.6821566315762045,0.5793748846195416,0.39761904761904754,0.21319158134634322,1.0,0.3333333333333333,0.0,0.6666666666666666,0.3333333333333333,0.5,0.0,12 11 9 27 5 3 1,51 43 36 68 8 1
support_shortest_path,262,7,80,False,0,,,,,,,,,,,,,,,,,0.0,,
support_shortest_path,263,167,80,False,0,,,,,,,,,,,,,,,,,0.0,,
support_shortest_path,264,18,12,False,0,,,,,,,,,,,,,,,,,0.0,,
support_shortest_path,265,155,235,False,0,,,,,,,,,,,,,,,,,0.0,,
support_shortest_path,266,30,126,False,0,,,,,,,,,,,,,,,,,0.0,,
support_shortest_path,267,9,41,False,0,,,,,,,,,,,,,,,,,0.0,,
support_shortest_path,268,143,186,False,0,,,,,,,,,,,,,,,,,0.0,,
support_shortest_path,269,312,226,True,6,54.088744385500945,54.088744385500945,0.30580146241377726,0.2500212733977696,0.21792832900056622,0.1019127634820017,0.72544610174198,0.5150667674328624,0.24067460317460318,0.26547204544653846,0.8333333333333334,0.0,0.0,0.5,0.16666666666666666,0.6666666666666666,0.000725075432492812,312 292 252 231 229 227 226,473 435 407 365 353 348
support_shortest_path,270,187,261,True,5,43.95533821687654,43.95533821687654,0.14586631523801813,0.0,0.059933688720885406,0.0,0.40132096072862494,0.6648429705311718,0.3466666666666667,0.23520505222338667,1.0,0.8,0.6,0.8,0.2,1.0,0.0,187 206 224 222 241 261,209 239 336 326 405
support_shortest_path,271,200,146,False,0,,,,,,,,,,,,,,,,,0.0,,
support_shortest_path,272,219,313,False,0,,,,,,,,,,,,,,,,,0.0,,
support_shortest_path,273,9,26,True,2,16.361222759605813,16.361222759605813,0.31818866616847163,0.2715463371183793,0.16761520677463596,0.0806563532711999,0.8366609073941351,0.40742814722453813,0.1339285714285714,0.2240189472015221,0.5,0.0,0.0,0.5,0.0,1.0,0.099068520418854,9 27 26,36 72
support_shortest_path,274,261,186,True,5,44.035858781964635,44.035858781964635,0.3166136451484798,0.203621707591222,0.24457789472652514,0.1193742081891821,0.7214670957206204,0.40480549595563653,0.3511111111111111,0.2503422646805326,0.6,0.2,0.0,0.2,0.2,1.0,0.0026231440514448653,261 241 222 204 206 186,416 403 322 222 233
support_shortest_path,275,352,383,True,6,55.02824948255645,55.02824948255645,0.31695731325832305,0.2403193297184433,0.21870706190580644,0.0324009626263195,0.7550710531457181,0.49659691822452934,0.3666666666666667,0.28264624873320526,0.8333333333333334,0.16666666666666666,0.0,0.6666666666666666,0.0,0.3333333333333333,0.000856288512910247,352 372 390 388 386 384 383,527 546 574 566 558 555
support_shortest_path,276,55,6,True,5,48.656037154134395,48.656037154134395,0.24511518514130337,0.2107289391851425,0.08048460748196692,0.0318841866275303,0.7639691861902935,0.5411711811712467,0.36238095238095236,0.2551826417912185,1.0,0.6,0.0,0.8,0.0,0.0,0.0008618399298273119,55 53 32 10 8 6,128 119 87 38 25
support_shortest_path,277,100,6,False,0,,,,,,,,,,,,,,,,,0.0,,
support_shortest_path,278,272,224,True,6,52.56874896131352,52.56874896131352,0.29007468140324616,0.24109318376397,0.16437746530440003,0.0098749358309245,0.7516096816223247,0.46599038577250634,0.38161375661375657,0.26404498429873435,0.8333333333333334,0.5,0.16666666666666666,0.3333333333333333,0.3333333333333333,1.0,0.0005086188864044516,272 252 231 209 207 206 224,420 407 362 257 245 239
support_shortest_path,279,139,232,False,0,,,,,,,,,,,,,,,,,0.0,,
support_shortest_path,280,55,33,True,2,16.318028550169103,16.318028550169103,0.0983859035699849,0.0,0.04796817148137215,0.0,0.27485514627663044,0.5290636727489161,0.33928571428571425,0.2197748243900411,1.0,1.0,0.5,0.5,0.0,0.0,0.0,55 54 33,129 124
support_shortest_path,281,221,381,True,6,48.21451846231437,48.21451846231437,0.20379619404129104,0.0,0.18256040858858444,0.0300525858717302,0.37598000056451975,0.404111826861582,0.4055555555555556,0.20669412383276023,1.0,0.3333333333333333,0.0,0.3333333333333333,0.16666666666666666,0.6666666666666666,0.0,221 241 281 301 341 361 381,320 406 433 454 517 535
support_shortest_path,282,3,120,False,0,,,,,,,,,,,,,,,,,0.0,,
support_shortest_path,283,41,10,True,11,100.1236433286852,100.1236433286852,0.21543046128227347,0.0,0.11987959686235104,0.0,0.5361614515758846,0.4834255485495966,0.4235930735930735,0.22613877267417018,0.9090909090909091,0.45454545454545453,0.18181818181818182,0.36363636363636365,0.2727272727272727,0.45454545454545453,0.0,41 81 121 123 124 126 106 86 46 27 8 10,102 135 159 165 168 170 147 136 104 71 28
support_shortest_path,284,53,4,True,5,48.72358391842789,48.72358391842789,0.25546281968000917,0.234911890789161,0.060993290943064146,0.013820377146101,0.8073326108622962,0.5124038922949976,0.43238095238095237,0.25364692750550427,1.0,0.4,0.0,0.6,0.2,0.0,0.0010734388838960194,53 32 10 8 6 4,119 87 38 25 13
support_shortest_path,285,218,152,False,0,,,,,,,,,,,,,,,,,0.0,,
support_shortest_path,286,353,347,True,5,44.94299654307658,44.94299654307658,0.34971509991053723,0.2822395689806997,0.2965566311232736,0.1023826859303499,0.8200148888216165,0.4963496272396014,0.43999999999999995,0.23249082224979523,0.8,0.0,0.0,0.6,0.2,0.4,0.004798989120814331,353 372 390 388 367 347,531 546 574 565 538
support_shortest_path,287,381,287,False,0,,,,,,,,,,,,,,,,,0.0,,
support_shortest_path,288,87,224,True,5,46.35039350335514,46.35039350335514,0.19934797804176405,0.0,0.08148140965273576,0.0098749358309245,0.5835432617310738,0.54671907485042,0.29047619047619044,0.23954483503116836,1.0,0.6,0.2,0.8,0.0,1.0,0.0,87 127 146 187 206 224,146 178 185 209 239
support_shortest_path,289,318,312,True,4,34.321573457087936,34.321573457087936,0.20470064563322463,0.1713664302139643,0.17683511318429956,0.0873937756418257,0.4557850621817444,0.5572705413002034,0.20833333333333331,0.2726539944115432,1.0,1.0,0.0,0.5,0.0,0.5,0.0017154067837170483,318 317 315 313 312,494 490 484 479
support_shortest_path,290,136,235,False,0,,,,,,,,,,,,,,,,,0.0,,
support_shortest_path,291,141,47,False,0,,,,,,,,,,,,,,,,,0.0,,
support_shortest_path,292,75,7,False,0,,,,,,,,,,,,,,,,,0.0,,
support_shortest_path,293,40,146,False,0,,,,,,,,,,,,,,,,,0.0,,
support_shortest_path,294,233,392,True,6,49.42773051607794,49.42773051607794,0.2564665070030252,0.0,0.18778936148876527,0.0,0.5696609257848152,0.5090160767915081,0.19999999999999998,0.29128769147510297,0.8333333333333334,0.16666666666666666,0.16666666666666666,0.3333333333333333,0.0,1.0,0.0,233 273 293 313 353 372 392,386 428 445 482 531 547
support_shortest_path,295,232,318,True,6,49.59178100127147,49.59178100127147,0.26465512678719105,0.2254926080749896,0.17387440264134993,0.0455860626446362,0.6535250940198348,0.39381687990197944,0.375,0.1888907143856485,1.0,0.16666666666666666,0.0,0.16666666666666666,0.3333333333333333,0.3333333333333333,0.00033753697380248856,232 252 272 293 315 316 318,377 410 423 446 485 489
support_shortest_path,296,201,380,False,0,,,,,,,,,,,,,,,,,0.0,,
support_shortest_path,297,387,313,True,5,46.179527753932845,46.179527753932845,0.18543110207254931,0.0,0.09737559884768712,0.0,0.49574635802520517,0.5158915410437982,0.42666666666666664,0.2232510099442957,1.0,0.6,0.2,0.4,0.2,0.6,0.0,387 388 390 372 332 313,563 569 573 543 507
support_shortest_path,298,218,312,True,6,52.25427259014967,52.25427259014967,0.2613385991150333,0.202989245191572,0.1352732339597523,0.0287480892712917,0.7174066996420273,0.5238686421600272,0.32010582010582006,0.2479184164081477,1.0,0.5,0.0,0.5,0.0,0.8333333333333334,0.0003000173107191446,218 216 215 233 252 292 312,313 299 295 385 412 439
support_shortest_path,299,143,0,False,0,,,,,,,,,,,,,,,,,0.0,,
support_shortest_path,300,4,141,False,0,,,,,,,,,,,,,,,,,0.0,,
support_shortest_path,301,55,7,True,5,44.85373115582173,44.85373115582173,0.1432193413175984,0.0,0.07218813019840423,0.0053692720896517,0.39134864982746975,0.5819765663114416,0.2966666666666667,0.221408874403871,1.0,0.8,0.2,0.6,0.0,0.0,0.0,55 53 32 31 29 7,128 119 91 84 75
support_shortest_path,302,0,124,False,0,,,,,,,,,,,,,,,,,0.0,,
support_shortest_path,303,261,229,True,6,55.29528125406685,55.29528125406685,0.26434056882083623,0.0,0.18622898860386172,0.0,0.6475408586734578,0.4997639535148863,0.4592592592592592,0.24215858720371175,0.6666666666666666,0.3333333333333333,0.16666666666666666,0.3333333333333333,0.3333333333333333,1.0,0.0,261 241 222 204 206 208 229,416 403 322 222 238 256
support_shortest_path,304,312,232,True,3,24.54455751219937,24.54455751219937,0.2589048012833292,0.2270648966537283,0.17641854018552294,0.1176182311592532,0.6106454612531889,0.4383449347827833,0.15277777777777776,0.2357849354745963,1.0,0.3333333333333333,0.0,0.3333333333333333,0.0,1.0,0.01701021082226309,312 292 252 232,473 435 408
support_shortest_path,305,298,233,False,0,,,,,,,,,,,,,,,,,0.0,,
support_shortest_path,306,156,235,False,0,,,,,,,,,,,,,,,,,0.0,,
support_shortest_path,307,4,53,True,6,53.81296914258492,53.81296914258492,0.2792540131359144,0.1690516908887335,0.17998768858627398,0.0833732136208769,0.7132787801356048,0.4728414704776755,0.3825396825396825,0.20689855859591708,0.8333333333333334,0.3333333333333333,0.0,0.5,0.16666666666666666,0.3333333333333333,0.0003725998162139736,4 6 7 9 11 32 53,6 15 22 35 49 94
support_shortest_path,308,6,187,True,6,52.60874589324327,52.60874589324327,0.17604034037913896,0.0,0.13997599957423715,0.0300525858717302,0.4206434035309819,0.49194728747222527,0.28353174603174597,0.21406310164200312,1.0,0.5,0.0,0.5,0.3333333333333333,0.8333333333333334,0.0,6 26 46 86 126 146 187,17 66 107 141 174 185
support_shortest_path,309,286,381,False,0,,,,,,,,,,,,,,,,,0.0,,
support_shortest_path,310,381,392,True,6,58.23361899970387,58.23361899970387,0.19719378573548055,0.0,0.09258000019713315,0.0,0.5319755208442777,0.5501061521365656,0.39166666666666666,0.3043441384832296,1.0,0.6666666666666666,0.16666666666666666,0.6666666666666666,0.3333333333333333,0.0,0.0,381 383 384 386 388 390 392,551 554 556 560 569 576
support_shortest_path,311,233,318,True,5,45.069945220146224,45.069945220146224,0.2798908631495544,0.2254926080749896,0.15348539567426095,0.0455860626446362,0.7786871615202693,0.47919504233954074,0.42333333333333334,0.22651080076015476,0.8,0.2,0.0,0.2,0.4,0.4,0.0016222996948707421,233 273 293 315 316 318,386 428 446 485 489
support_shortest_path,312,359,353,False,0,,,,,,,,,,,,,,,,,0.0,,
support_shortest_path,313,139,213,False,0,,,,,,,,,,,,,,,,,0.0,,
support_shortest_path,314,227,47,True,9,63.71117944044058,63.71117944044058,0.24019930216866772,0.0,0.1307067298293735,0.0,0.5287786403274483,0.31858566775660696,0.3142857142857143,0.22317410864113596,1.0,0.4444444444444444,0.1111111111111111,0.1111111111111111,0.2222222222222222,0.8888888888888888,0.0,227 207 187 166 146 126 107 87 67 47,346 243 206 188 180 171 154 142 131
support_shortest_path,315,23,120,False,0,,,,,,,,,,,,,,,,,0.0,,
support_shortest_path,316,55,6,True,5,48.656037154134395,48.656037154134395,0.24511518514130337,0.2107289391851425,0.08048460748196692,0.0318841866275303,0.7639691861902935,0.5411711811712467,0.36238095238095236,0.2551826417912185,1.0,0.6,0.0,0.8,0.0,0.0,0.0008618399298273119,55 53 32 10 8 6,128 119 87 38 25
support_shortest_path,317,293,218,True,5,45.340070703318574,45.340070703318574,0.2643517278740843,0.0,0.24084295371275116,0.0178757495157211,0.5863575350784974,0.5420730314628999,0.5165079365079365,0.2051583213382715,0.6,0.2,0.0,0.6,0.6,0.8,0.0,293 273 233 215 216 218,442 424 381 293 301
support_shortest_path,318,341,224,True,5,47.58283660980986,47.58283660980986,0.11970960488712845,0.0,0.0855922237804123,0.0,0.2828836160130902,0.6543907052252614,0.3266666666666666,0.24102915221765658,0.8,0.8,0.4,0.6,0.2,1.0,0.0,341 301 281 241 222 224,514 450 429 403 325
support_shortest_path,319,224,124,True,6,46.87908304035214,46.87908304035214,0.21595648761550298,0.0300041568825945,0.1749214059930171,0.0604439225715255,0.4746376397548488,0.3867957111212097,0.31507936507936507,0.21036875064263996,1.0,0.5,0.0,0.3333333333333333,0.0,0.8333333333333334,3.057887796372658e-05,224 205 206 186 166 146 124,335 228 233 201 188 179
support_shortest_path,320,273,212,True,2,18.622851844708954,18.622851844708954,0.335511487146705,0.3059954597115534,0.32695369131310803,0.3006360524426366,0.6968428204874751,0.49466691090049053,0.4603174603174603,0.2047815146787939,0.5,0.0,0.0,0.5,0.5,1.0,0.11169676213184097,273 233 212,424 378
support_shortest_path,321,121,4,True,8,69.52396904989598,69.52396904989598,0.19347314681271394,0.0,0.10716396589263735,0.0,0.45540442962795297,0.450086316272721,0.3739583333333333,0.2103441308583776,1.0,0.625,0.25,0.25,0.25,0.5,0.0,121 123 124 126 106 86 46 26 4,159 165 168 170 147 136 103 60
support_shortest_path,322,307,360,False,0,,,,,,,,,,,,,,,,,0.0,,
support_shortest_path,323,21,144,False,0,,,,,,,,,,,,,,,,,0.0,,
support_shortest_path,324,121,4,True,8,69.52396904989598,69.52396904989598,0.19347314681271394,0.0,0.10716396589263735,0.0,0.45540442962795297,0.450086316272721,0.3739583333333333,0.2103441308583776,1.0,0.625,0.25,0.25,0.25,0.5,0.0,121 123 124 126 106 86 46 26 4,159 165 168 170 147 136 103 60
support_shortest_path,325,392,381,True,6,57.996792226459085,57.996792226459085,0.2956586519976901,0.2403193297184433,0.16297292646469644,0.0324009626263195,0.776803011756157,0.5975967857821226,0.3666666666666667,0.32522165687724197,1.0,0.16666666666666666,0.0,0.8333333333333334,0.0,0.0,0.0006355480540176285,392 390 388 386 384 383 381,578 574 566 558 555 553
support_shortest_path,326,287,381,False,0,,,,,,,,,,,,,,,,,0.0,,
support_shortest_path,327,12,18,False,0,,,,,,,,,,,,,,,,,0.0,,
support_shortest_path,328,1,124,True,7,65.8797244040455,65.8797244040455,0.16746042358491856,0.0,0.1509413257121768,0.0,0.3663620103914057,0.6360169201984923,0.4309523809523809,0.27567074324806934,0.8571428571428571,0.5714285714285714,0.14285714285714285,0.7142857142857143,0.42857142857142855,0.42857142857142855,0.0,1 3 4 26 46 86 126 124,0 2 7 66 107 141 172
support_shortest_path,329,386,300,True,5,47.42164224995726,47.42164224995726,0.1720261179152557,0.0,0.08531037251971765,0.0,0.4266888582494429,0.6694098617606804,0.26666666666666666,0.31214790764790756,1.0,0.4,0.2,0.6,0.0,0.0,0.0,386 384 383 361 340 300,558 555 552 533 510
support_shortest_path,330,332,384,True,6,55.03585074598654,55.03585074598654,0.3128348983078257,0.2293965720932299,0.21554820496727267,0.0324009626263195,0.7566015561054739,0.4841893237490426,0.39999999999999997,0.2789792316401865,0.8333333333333334,0.3333333333333333,0.0,0.6666666666666666,0.0,0.5,0.0007729462435486759,332 352 372 390 388 386 384,508 527 546 574 566 558
support_shortest_path,331,167,7,True,7,54.63421689321372,54.63421689321372,0.18215848786583408,0.0,0.062113733919389666,0.0,0.4633510633830954,0.37653786952029467,0.35374149659863946,0.1983416433996585,1.0,0.5714285714285714,0.2857142857142857,0.2857142857142857,0.14285714285714285,1.0,0.0,167 146 126 106 86 46 27 7,193 180 170 147 136 104 70
support_shortest_path,332,6,56,False,0,,,,,,,,,,,,,,,,,0.0,,
support_shortest_path,333,141,145,False,0,,,,,,,,,,,,,,,,,0.0,,
support_shortest_path,334,384,260,True,6,50.41360396851708,50.41360396851708,0.1677916806596512,0.0,0.13431505978161373,0.0455860626446362,0.35302132451565393,0.5584034246447905,0.26666666666666666,0.2322522835533165,1.0,0.6666666666666666,0.0,0.3333333333333333,0.16666666666666666,0.5,0.0,384 383 361 341 301 281 260,555 552 534 514 450 430
support_shortest_path,335,398,312,False,0,,,,,,,,,,,,,,,,,0.0,,
support_shortest_path,336,144,229,False,0,,,,,,,,,,,,,,,,,0.0,,
support_shortest_path,337,155,236,False,0,,,,,,,,,,,,,,,,,0.0,,
support_shortest_path,338,138,233,False,0,,,,,,,,,,,,,,,,,0.0,,
support_shortest_path,339,158,232,True,5,46.99583788457056,46.99583788457056,0.2055760273912232,0.0,0.11929942411307759,0.0,0.5741003147881538,0.5729366707798405,0.4662698412698413,0.19022223186349257,1.0,0.6,0.2,0.6,0.4,0.4,0.0,158 198 217 235 233 232,187 212 308 391 383
support_shortest_path,340,304,223,True,6,51.00414129879624,51.00414129879624,0.24313036513237044,0.0,0.14435375453053836,0.0,0.5523947757569249,0.4436784774726648,0.32222222222222224,0.23337192649340976,0.6666666666666666,0.5,0.16666666666666666,0.3333333333333333,0.0,0.8333333333333334,0.0,304 303 301 281 241 222 223,458 455 450 429 403 324
support_shortest_path,341,209,260,True,6,53.32130521351537,53.32130521351537,0.16808849958416147,0.0,0.05398132257960947,0.0,0.47532607324113685,0.5872105058446393,0.3560185185185185,0.25478994424022017,1.0,0.8333333333333334,0.5,0.5,0.3333333333333333,1.0,0.0,209 207 206 224 222 241 260,257 245 239 336 326 404
support_shortest_path,342,232,127,True,6,53.21961730995288,53.21961730995288,0.2512965393473852,0.0,0.1957470026172847,0.0,0.538981219493471,0.44387863231044955,0.3638888888888889,0.30811426406799214,0.8333333333333334,0.5,0.16666666666666666,0.3333333333333333,0.16666666666666666,1.0,0.0,232 230 208 187 166 146 127,374 356 250 206 188 181
support_shortest_path,343,100,7,False,0,,,,,,,,,,,,,,,,,0.0,,
support_shortest_path,344,313,399,False,0,,,,,,,,,,,,,,,,,0.0,,
support_shortest_path,345,52,4,True,5,46.48513322156833,46.48513322156833,0.07296619904371279,0.0,0.07140504150550252,0.0,0.15289979292163974,0.7442592082297482,0.4892857142857142,0.21826867968456676,0.8,0.8,0.4,0.8,0.6,0.4,0.0,52 31 29 27 26 4,114 84 79 72 60
support_shortest_path,346,100,146,False,0,,,,,,,,,,,,,,,,,0.0,,
support_shortest_path,347,86,229,True,6,50.137037461885996,50.137037461885996,0.1605570011204274,0.0,0.09687047427782879,0.0,0.39400390708300237,0.48409456624275554,0.28452380952380946,0.24661768718192134,1.0,0.6666666666666666,0.16666666666666666,0.5,0.16666666666666666,1.0,0.0,86 126 146 187 207 208 229,141 174 185 210 246 256
support_shortest_path,348,383,304,True,5,45.53036879734177,45.53036879734177,0.17244046911460562,0.0,0.15587424913562015,0.0455860626446362,0.3618825101499435,0.6386985070971669,0.2866666666666667,0.29590356168230575,0.8,0.6,0.0,0.6,0.2,0.4,0.0,383 361 341 301 303 304,552 534 514 452 456
support_shortest_path,349,201,381,False,0,,,,,,,,,,,,,,,,,0.0,,
support_shortest_path,350,33,86,True,5,48.70121043621653,48.70121043621653,0.09701412221872298,0.0,0.16705316000219667,0.0053692720896517,0.17123482450398395,0.7738576224699123,0.5142857142857142,0.22463701426885815,0.8,0.8,0.2,0.8,0.4,0.6,0.0,33 31 29 27 46 86,98 84 79 73 107
support_shortest_path,351,238,313,True,6,51.099490542591745,51.099490542591745,0.2889527202464361,0.2552064098311057,0.22573259046611235,0.1814151960120733,0.6756748760835527,0.5286619613768159,0.21851851851851847,0.23740404316628472,0.8333333333333334,0.0,0.0,0.5,0.0,0.6666666666666666,0.000557743261670533,238 236 235 233 273 293 313,401 397 391 386 428 445
support_shortest_path,352,27,80,False,0,,,,,,,,,,,,,,,,,0.0,,
support_shortest_path,353,139,232,False,0,,,,,,,,,,,,,,,,,0.0,,
support_shortest_path,354,136,215,False,0,,,,,,,,,,,,,,,,,0.0,,
support_shortest_path,355,18,12,False,0,,,,,,,,,,,,,,,,,0.0,,
support_shortest_path,356,156,235,False,0,,,,,,,,,,,,,,,,,0.0,,
support_shortest_path,357,138,232,False,0,,,,,,,,,,,,,,,,,0.0,,
support_shortest_path,358,126,10,True,6,51.61114319575701,51.61114319575701,0.1845827171223929,0.0,0.07846228574699916,0.0,0.4885525938437751,0.46554851454180196,0.4238095238095238,0.2019909773829277,1.0,0.5,0.3333333333333333,0.5,0.16666666666666666,0.8333333333333334,0.0,126 106 86 46 27 8 10,170 147 136 104 71 28
support_shortest_path,359,252,186,True,4,37.31957044856207,37.31957044856207,0.3018810976773494,0.1956280174881781,0.14695105763844815,0.0110446266306315,0.8546500047985561,0.49144787105964205,0.5196428571428571,0.2807712842712843,0.75,0.25,0.0,0.25,0.5,1.0,0.00694778165182999,252 231 209 207 186,407 362 257 242
support_shortest_path,360,80,7,False,0,,,,,,,,,,,,,,,,,0.0,,
support_shortest_path,361,32,0,False,0,,,,,,,,,,,,,,,,,0.0,,
support_shortest_path,362,341,203,True,5,45.42274662146941,45.42274662146941,0.17421847235130267,0.0,0.10917793130450348,0.0,0.4328200898314744,0.6217817463924045,0.36,0.25631737276903505,0.8,0.6,0.2,0.6,0.2,1.0,0.0,341 301 281 241 222 203,514 450 429 403 321
support_shortest_path,363,198,253,False,0,,,,,,,,,,,,,,,,,0.0,,
support_shortest_path,364,10,126,True,5,46.46006959090181,46.46006959090181,0.18431464049664167,0.0,0.19411647253019795,0.0300525858717302,0.40010929066914136,0.6220856974723339,0.4152380952380952,0.21240676019094992,0.8,0.6,0.0,0.6,0.4,1.0,0.0,10 9 27 46 86 126,39 36 73 107 141
support_shortest_path,365,200,381,False,0,,,,,,,,,,,,,,,,,0.0,,
support_shortest_path,366,19,13,False,0,,,,,,,,,,,,,,,,,0.0,,
support_shortest_path,367,313,226,True,6,54.10869450919915,54.10869450919915,0.3029159863377982,0.2327084169418954,0.20682670820410545,0.1019127634820017,0.7444453352983572,0.5013865028660844,0.24067460317460318,0.25894971552534995,0.8333333333333334,0.16666666666666666,0.0,0.5,0.16666666666666666,0.6666666666666666,0.0006748671973621252,313 292 252 231 229 227 226,477 435 407 365 353 348
support_shortest_path,368,47,53,True,6,48.69792731922729,48.69792731922729,0.3185565093468185,0.2433840349515449,0.20937341389590927,0.0831418420862506,0.7969108409715311,0.39695940120736034,0.4452380952380952,0.21034656249290573,0.8333333333333334,0.16666666666666666,0.0,0.16666666666666666,0.16666666666666666,0.3333333333333333,0.0009616938294538807,47 27 8 10 11 32 53,110 71 28 40 49 94
support_shortest_path,369,392,306,True,6,51.84100598653777,51.84100598653777,0.2769013114705217,0.1761053419755577,0.16645478097339328,0.0505866732438133,0.7117663960964528,0.46057658688801134,0.3166666666666666,0.2797539792292502,1.0,0.3333333333333333,0.0,0.5,0.16666666666666666,0.0,0.0003926898196649115,392 390 388 367 347 326 306,578 574 565 538 521 501
support_shortest_path,370,40,10,False,0,,,,,,,,,,,,,,,,,0.0,,
support_shortest_path,371,379,292,False,0,,,,,,,,,,,,,,,,,0.0,,
support_shortest_path,372,47,207,True,5,46.61825797827539,46.61825797827539,0.1849075397714551,0.0,0.09431931964491223,0.0455860626446362,0.4979955797553347,0.5104018049764953,0.3271428571428571,0.2609208084046076,1.0,0.4,0.0,0.6,0.2,1.0,0.0,47 87 127 146 187 207,113 146 178 185 210
support_shortest_path,373,221,381,True,6,48.21451846231437,48.21451846231437,0.20379619404129104,0.0,0.18256040858858444,0.0300525858717302,0.37598000056451975,0.404111826861582,0.4055555555555556,0.20669412383276023,1.0,0.3333333333333333,0.0,0.3333333333333333,0.16666666666666666,0.6666666666666666,0.0,221 241 281 301 341 361 381,320 406 433 454 517 535
support_shortest_path,374,381,220,False,0,,,,,,,,,,,,,,,,,0.0,,
support_shortest_path,375,9,147,False,0,,,,,,,,,,,,,,,,,0.0,,
support_shortest_path,376,207,46,True,7,53.877840909200756,53.877840909200756,0.20862356976775304,0.0,0.11616309427956421,0.0,0.45621396588734636,0.295368060023821,0.2897959183673469,0.2100569612150834,1.0,0.7142857142857143,0.14285714285714285,0.14285714285714285,0.0,1.0,0.0,207 187 166 146 126 106 86 46,243 206 188 180 170 147 136
support_shortest_path,377,41,9,True,11,97.01180117974043,97.01180117974043,0.21622321310959877,0.0,0.12864486561419788,0.0,0.506011909054264,0.451882103298289,0.4326839826839826,0.22632636276209664,0.9090909090909091,0.45454545454545453,0.18181818181818182,0.2727272727272727,0.2727272727272727,0.5454545454545454,0.0,41 81 121 123 124 126 106 86 46 27 8 9,102 135 159 165 168 170 147 136 104 71 27
support_shortest_path,378,219,227,False,0,,,,,,,,,,,,,,,,,0.0,,
support_shortest_path,379,304,390,True,6,47.65833768854183,47.65833768854183,0.26842192882034066,0.2106541092797723,0.207958686797978,0.0928168049351604,0.6021521172035175,0.4335525658523611,0.30833333333333335,0.2020561384045113,1.0,0.5,0.0,0.3333333333333333,0.16666666666666666,0.0,0.0003455269880546152,304 305 326 346 367 389 390,459 465 503 520 542 572
support_shortest_path,380,390,304,True,6,50.79632382967833,50.79632382967833,0.24531886536224937,0.0,0.12998649411079397,0.0,0.6271036142328763,0.44501031078437364,0.37777777777777777,0.2569863996808626,1.0,0.3333333333333333,0.16666666666666666,0.5,0.3333333333333333,0.0,0.0,390 388 367 347 326 305 304,574 565 538 521 500 462
support_shortest_path,381,87,81,False,0,,,,,,,,,,,,,,,,,0.0,,
support_shortest_path,382,121,4,True,8,69.52396904989598,69.52396904989598,0.19347314681271394,0.0,0.10716396589263735,0.0,0.45540442962795297,0.450086316272721,0.3739583333333333,0.2103441308583776,1.0,0.625,0.25,0.25,0.25,0.5,0.0,121 123 124 126 106 86 46 26 4,159 165 168 170 147 136 103 60
support_shortest_path,383,55,6,True,5,48.656037154134395,48.656037154134395,0.24511518514130337,0.2107289391851425,0.08048460748196692,0.0318841866275303,0.7639691861902935,0.5411711811712467,0.36238095238095236,0.2551826417912185,1.0,0.6,0.0,0.8,0.0,0.0,0.0008618399298273119,55 53 32 10 8 6,128 119 87 38 25
support_shortest_path,384,41,126,True,5,48.5125001329282,48.5125001329282,0.2524477542741302,0.0,0.1695803702007733,0.0614903152761605,0.5932920808544159,0.5048779893589501,0.42333333333333334,0.25511612702366127,0.8,0.4,0.0,0.2,0.4,0.0,0.0,41 81 121 123 124 126,102 135 159 165 168
support_shortest_path,385,26,56,False,0,,,,,,,,,,,,,,,,,0.0,,
support_shortest_path,386,316,216,True,6,52.53667851360506,52.53667851360506,0.20636693159652353,0.0,0.19327918404257308,0.0,0.4032489223592069,0.6028172018380643,0.4720899470899471,0.18965933166133267,0.8333333333333334,0.3333333333333333,0.16666666666666666,0.5,0.5,0.5,0.0,316 315 293 273 233 215 216,487 483 442 424 381 293
support_shortest_path,387,295,230,False,0,,,,,,,,,,,,,,,,,0.0,,
support_shortest_path,388,315,389,True,5,46.08284119224824,46.08284119224824,0.26244309752390155,0.0,0.27815494327337753,0.0,0.49060282812800154,0.5864001172560681,0.3333333333333333,0.2650490102109416,0.8,0.4,0.2,0.6,0.0,0.8,0.0,315 313 353 372 390 389,484 482 531 546 575
support_shortest_path,389,346,261,True,6,50.655620766420085,50.655620766420085,0.19604976251753967,0.0,0.08084965811442639,0.0,0.525217932225939,0.5008953328104853,0.22499999999999998,0.24057655582343226,1.0,0.8333333333333334,0.16666666666666666,0.6666666666666666,0.0,0.5,0.0,346 326 305 303 301 281 261,518 500 461 455 450 431
support_shortest_path,390,352,338,False,0,,,,,,,,,,,,,,,,,0.0,,
support_shortest_path,391,143,223,False,0,,,,,,,,,,,,,,,,,0.0,,
support_shortest_path,392,107,209,True,5,42.79635187765051,42.79635187765051,0.2570051047707459,0.1916270270666138,0.11150297047937716,0.0234589701728401,0.6728489050333583,0.3531719552996546,0.2928571428571428,0.25944900077608357,1.0,0.2,0.0,0.4,0.0,1.0,0.0010631245469220009,107 127 146 187 207 209,157 178 185 210 247
support_shortest_path,393,224,340,True,6,52.19937095548928,52.19937095548928,0.12984013494639524,0.0,0.07578927931109368,0.0,0.2986717400884407,0.6275113108940454,0.4583333333333333,0.21443746645463493,1.0,0.6666666666666666,0.3333333333333333,0.6666666666666666,0.3333333333333333,0.8333333333333334,0.0,224 222 241 281 301 321 340,336 326 406 433 453 497
support_shortest_path,394,261,346,True,5,43.06799478803602,43.06799478803602,0.286940893172425,0.2106541092797723,0.155142807074161,0.0523677919594958,0.716215893336851,0.37419027173369923,0.2533333333333333,0.2597711749996668,0.8,0.4,0.0,0.2,0.0,0.4,0.0016853311384957836,261 281 303 305 326 346,418 434 457 465 503
support_shortest_path,395,126,212,True,6,52.00007391540882,52.00007391540882,0.2829685285717957,0.2111505633131942,0.18683355230869847,0.0822171657090155,0.6952247538745205,0.38435694902035683,0.25595238095238093,0.2203135419642952,0.8333333333333334,0.3333333333333333,0.0,0.3333333333333333,0.16666666666666666,0.8333333333333334,0.0004397704198585399,126 146 187 207 208 210 212,174 185 210 246 253 266
support_shortest_path,396,39,12,False,0,,,,,,,,,,,,,,,,,0.0,,
support_shortest_path,397,386,301,True,5,45.461658639469505,45.461658639469505,0.1594208277078535,0.0,0.10516912764035764,0.0455860626446362,0.35646768045529703,0.6539461253492245,0.32,0.32020378649326015,1.0,0.6,0.0,0.6,0.2,0.2,0.0,386 384 383 361 341 301,558 555 552 534 514
support_shortest_path,398,389,315,True,5,46.239763628692685,46.239763628692685,0.15684008271770816,0.0,0.10354983788690235,0.0,0.34911193626215814,0.5746903124069618,0.4366666666666667,0.23829599105581303,1.0,0.8,0.4,0.4,0.2,0.8,0.0,389 390 372 332 313 315,572 573 543 507 480
support_shortest_path,399,155,235,False,0,,,,,,,,,,,,,,,,,0.0,,
support_shortest_path,400,56,6,False,0,,,,,,,,,,,,,,,,,0.0,,
support_shortest_path,401,392,318,True,6,53.35766338223658,53.35766338223658,0.17077229834762908,0.0,0.10627194198862859,0.0,0.4124317470146093,0.5107163653313557,0.4333333333333333,0.21716038020067105,1.0,0.6666666666666666,0.3333333333333333,0.3333333333333333,0.3333333333333333,0.6666666666666666,0.0,392 372 332 313 315 316 318,577 543 507 480 485 489
support_shortest_path,402,4,52,True,5,48.38664294185307,48.38664294185307,0.11352248282417274,0.0,0.05043930418114062,0.0,0.3420802763520931,0.6508693492161701,0.4876190476190477,0.19862713486648576,1.0,0.6,0.6,0.8,0.4,0.0,0.0,4 6 8 29 31 52,6 16 31 80 86
support_shortest_path,403,284,383,False,0,,,,,,,,,,,,,,,,,0.0,,
support_shortest_path,404,369,272,False,0,,,,,,,,,,,,,,,,,0.0,,
support_shortest_path,405,7,166,True,6,49.30826294112545,49.30826294112545,0.21045041886424778,0.0,0.21843142184762784,0.0300525858717302,0.41323801382995007,0.4654370465725656,0.342063492063492,0.2158433173249316,0.8333333333333334,0.6666666666666666,0.0,0.3333333333333333,0.3333333333333333,1.0,0.0,7 27 46 86 126 146 166,24 73 107 141 174 182
support_shortest_path,406,6,55,True,6,53.91907009134468,53.91907009134468,0.2879678230482381,0.1690516908887335,0.19033803197762678,0.0908568356888925,0.7311526960015117,0.450422606540173,0.4936507936507937,0.1641207808181393,0.8333333333333334,0.3333333333333333,0.0,0.3333333333333333,0.3333333333333333,0.3333333333333333,0.00044922920386988375,6 7 9 11 32 53 55,15 22 35 49 94 123
support_shortest_path,407,1,124,True,7,65.8797244040455,65.8797244040455,0.16746042358491856,0.0,0.1509413257121768,0.0,0.3663620103914057,0.6360169201984923,0.4309523809523809,0.27567074324806934,0.8571428571428571,0.5714285714285714,0.14285714285714285,0.7142857142857143,0.42857142857142855,0.42857142857142855,0.0,1 3 4 26 46 86 126 124,0 2 7 66 107 141 172
support_shortest_path,408,273,389,True,6,49.13942334136387,49.13942334136387,0.27356722768128056,0.0,0.264784325836615,0.0,0.5266119562662724,0.4980692796915486,0.25,0.2504220614215525,0.8333333333333334,0.16666666666666666,0.16666666666666666,0.3333333333333333,0.0,0.8333333333333334,0.0,273 293 313 353 372 390 389,428 445 482 531 546 575
support_shortest_path,409,41,127,True,6,55.557629501168854,55.557629501168854,0.24296514660639856,0.0,0.16446807138450206,0.0614903152761605,0.5560000412474452,0.4869968714434813,0.3527777777777778,0.2581862551321011,0.8333333333333334,0.5,0.0,0.16666666666666666,0.3333333333333333,0.16666666666666666,0.0,41 81 121 123 124 126 127,102 135 159 165 168 173
support_shortest_path,410,273,389,True,6,49.13942334136387,49.13942334136387,0.27356722768128056,0.0,0.264784325836615,0.0,0.5266119562662724,0.4980692796915486,0.25,0.2504220614215525,0.8333333333333334,0.16666666666666666,0.16666666666666666,0.3333333333333333,0.0,0.8333333333333334,0.0,273 293 313 353 372 390 389,428 445 482 531 546 575
support_shortest_path,411,261,230,True,7,62.215462369312604,62.215462369312604,0.2829789124023203,0.1916270270666138,0.1947110340289416,0.0234589701728401,0.6685200080457704,0.40997415167120355,0.40952380952380946,0.24247158663190221,0.7142857142857143,0.42857142857142855,0.0,0.2857142857142857,0.14285714285714285,1.0,0.0001047601962471405,261 241 222 204 205 207 209 230,416 403 322 221 229 247 262
support_shortest_path,412,203,123,True,7,56.010478890995934,56.010478890995934,0.22578968068382368,0.0300041568825945,0.185884889841574,0.1034939602235132,0.47558078650029767,0.39374005819503227,0.29047619047619044,0.22292683356152546,1.0,0.42857142857142855,0.0,0.14285714285714285,0.14285714285714285,0.7142857142857143,8.664121227617145e-06,203 205 206 186 166 146 124 123,215 228 233 201 188 179 167
support_shortest_path,413,241,209,True,5,47.11901785741294,47.11901785741294,0.30273307095298113,0.1916270270666138,0.2128059958868475,0.0234589701728401,0.7617731919724738,0.44955980504564585,0.4999999999999999,0.2366292145072107,0.6,0.4,0.0,0.4,0.2,1.0,0.0019520186186544387,241 222 204 205 207 209,403 322 221 229 247
support_shortest_path,414,358,352,False,0,,,,,,,,,,,,,,,,,0.0,,
support_shortest_path,415,203,252,True,5,50.37236902457798,50.37236902457798,0.19881761628633807,0.0,0.07065195205156358,0.0,0.6308227744774184,0.5345832809906133,0.4916666666666667,0.19888127534827676,1.0,0.6,0.2,0.6,0.4,0.8,0.0,203 205 207 209 231 252,215 229 247 263 369
support_shortest_path,416,384,353,True,5,50.14840955151354,50.14840955151354,0.27031109073773174,0.1116442266392764,0.12396223376340301,0.0528927152780349,0.776171985433591,0.5080876284270044,0.4366666666666667,0.29274328984855297,1.0,0.2,0.0,0.4,0.2,0.4,0.0010230745135363349,384 386 388 390 372 353,556 560 569 573 545
support_shortest_path,417,12,18,False,0,,,,,,,,,,,,,,,,,0.0,,
support_shortest_path,418,29,126,True,4,39.552335016086886,39.552335016086886,0.12126765277340372,0.0,0.21155976185334135,0.0300525858717302,0.21404353062997994,0.7072906567936206,0.5845238095238096,0.19958026162006648,0.75,0.75,0.0,0.75,0.75,1.0,0.0,29 27 46 86 126,79 73 107 141
support_shortest_path,419,107,12,True,6,55.86839562280704,55.86839562280704,0.16125470005891102,0.0,0.09742592215438534,0.0,0.39678475149525677,0.5533105659706327,0.4793650793650794,0.2115185881157984,1.0,0.5,0.5,0.6666666666666666,0.16666666666666666,0.6666666666666666,0.0,107 86 46 27 8 10 12,153 136 104 71 28 41
support_shortest_path,420,399,313,False,0,,,,,,,,,,,,,,,,,0.0,,
support_shortest_path,421,304,223,True,6,51.00414129879624,51.00414129879624,0.24313036513237044,0.0,0.14435375453053836,0.0,0.5523947757569249,0.4436784774726648,0.32222222222222224,0.23337192649340976,0.6666666666666666,0.5,0.16666666666666666,0.3333333333333333,0.0,0.8333333333333334,0.0,304 303 301 281 241 222 223,458 455 450 429 403 324
support_shortest_path,422,224,106,True,7,50.48789626852121,50.48789626852121,0.23812877447744926,0.1978369534013759,0.13804833479602793,0.0602369225708214,0.5441293736452159,0.2811891701668453,0.24625850340136052,0.209780480729604,1.0,0.5714285714285714,0.0,0.14285714285714285,0.0,0.8571428571428571,4.0996648243113754e-05,224 205 206 186 166 146 126 106,335 228 233 201 188 180 170
support_shortest_path,423,399,312,False,0,,,,,,,,,,,,,,,,,0.0,,
support_shortest_path,424,303,390,True,6,50.852077468244865,50.852077468244865,0.26621724895962984,0.2106541092797723,0.1736601456905192,0.0523677919594958,0.6373734008758377,0.4511327694892547,0.30833333333333335,0.19931686447711858,1.0,0.5,0.0,0.3333333333333333,0.16666666666666666,0.0,0.00033017925553213977,303 305 326 346 367 389 390,457 465 503 520 542 572
support_shortest_path,425,124,204,True,4,38.23948327948319,38.23948327948319,0.19903033917623808,0.0,0.08869572973380926,0.0,0.6020068613292122,0.627686272933612,0.35119047619047616,0.25200022708684827,1.0,0.5,0.25,0.75,0.25,1.0,0.0,124 146 187 206 204,169 185 209 235
support_shortest_path,426,80,86,False,0,,,,,,,,,,,,,,,,,0.0,,
support_shortest_path,427,9,40,False,0,,,,,,,,,,,,,,,,,0.0,,
support_shortest_path,428,224,283,False,0,,,,,,,,,,,,,,,,,0.0,,
support_shortest_path,429,212,393,True,7,56.33870473596818,56.33870473596818,0.23036863089791937,0.0,0.1776315567554007,0.0,0.4651104447894386,0.42400199628860863,0.2988095238095238,0.28060642305982547,1.0,0.42857142857142855,0.14285714285714285,0.2857142857142857,0.14285714285714285,0.8571428571428571,0.0,212 232 252 292 312 332 352 393,276 377 412 439 476 508 528
support_shortest_path,430,298,392,False,0,,,,,,,,,,,,,,,,,0.0,,
support_shortest_path,431,152,238,False,0,,,,,,,,,,,,,,,,,0.0,,
support_shortest_path,432,26,55,True,6,54.22230048461452,54.22230048461452,0.32149129722144937,0.2433840349515449,0.21968752227394206,0.0831418420862506,0.8204904931763316,0.43504972156908844,0.5404761904761904,0.17589538149000053,0.8333333333333334,0.16666666666666666,0.0,0.3333333333333333,0.3333333333333333,0.0,0.001021186212264964,26 8 10 11 32 53 55,64 28 40 49 94 123
support_shortest_path,433,52,3,True,5,50.11167905539851,50.11167905539851,0.06515489156377045,0.0,0.05622277007302212,0.0053692720896517,0.1856018787419509,0.7760932290496548,0.5009523809523809,0.23032055246340954,1.0,0.8,0.2,1.0,0.6,0.4,0.0,52 31 29 27 5 3,114 84 79 68 8
support_shortest_path,434,340,203,True,5,46.332094743446575,46.332094743446575,0.18762867134310185,0.0,0.10993708559220353,0.0,0.4611581803416165,0.5818931609895521,0.30666666666666664,0.27978261362958595,0.8,0.4,0.4,0.6,0.0,0.8,0.0,340 300 281 241 222 203,510 447 429 403 321
support_shortest_path,435,209,198,True,5,50.72243181814446,50.72243181814446,0.12248104485989356,0.0,0.06603720841972563,0.0,0.3400850668710248,0.646099902291017,0.5821428571428571,0.22441225985343632,1.0,0.6,0.4,0.6,0.8,0.6,0.0,209 231 233 215 217 198,263 368 381 294 304
support_shortest_path,436,47,40,False,0,,,,,,,,,,,,,,,,,0.0,,
support_shortest_path,437,398,312,False,0,,,,,,,,,,,,,,,,,0.0,,
support_shortest_path,438,392,306,True,6,51.84100598653777,51.84100598653777,0.2769013114705217,0.1761053419755577,0.16645478097339328,0.0505866732438133,0.7117663960964528,0.46057658688801134,0.3166666666666666,0.2797539792292502,1.0,0.3333333333333333,0.0,0.5,0.16666666666666666,0.0,0.0003926898196649115,392 390 388 367 347 326 306,578 574 565 538 521 501
support_shortest_path,439,273,187,True,5,44.25332953794046,44.25332953794046,0.3066960320193415,0.0,0.28915252423547966,0.0,0.5943186227933556,0.457328963138247,0.4859523809523809,0.29226387310001306,0.6,0.2,0.2,0.2,0.4,1.0,0.0,273 252 231 230 208 187,425 407 366 356 250
support_shortest_path,440,287,392,False,0,,,,,,,,,,,,,,,,,0.0,,
support_shortest_path,441,204,304,True,5,47.96417063079096,47.96417063079096,0.1396313142178993,0.0,0.12190431668907657,0.0,0.27431635923078107,0.6482252263431708,0.4800000000000001,0.2790489815382519,0.8,0.6,0.4,0.6,0.4,0.8,0.0,204 222 241 281 303 304,223 326 406 434 456
support_shortest_path,442,21,143,False,0,,,,,,,,,,,,,,,,,0.0,,
support_shortest_path,443,306,221,True,6,51.928224994058496,51.928224994058496,0.20719233449402755,0.0,0.07798214945700606,0.0,0.5494171539655129,0.487943666535049,0.3,0.22291951663296306,1.0,0.6666666666666666,0.16666666666666666,0.5,0.0,0.6666666666666666,0.0,306 305 303 301 281 241 221,467 461 455 450 429 402
support_shortest_path,444,200,213,False,0,,,,,,,,,,,,,,,,,0.0,,
support_shortest_path,445,226,312,True,6,55.52586785325991,55.52586785325991,0.23087994416437732,0.0,0.13787407223385864,0.0,0.5746238396282803,0.48883499687176474,0.35615079365079366,0.23012699625039443,1.0,0.3333333333333333,0.16666666666666666,0.5,0.16666666666666666,1.0,0.0,226 207 209 231 252 292 312,341 247 263 369 412 439
support_shortest_path,446,239,227,False,0,,,,,,,,,,,,,,,,,0.0,,
support_shortest_path,447,209,261,True,6,52.29475261438593,52.29475261438593,0.17365257536308987,0.0,0.05906565536842238,0.0,0.4707861028793538,0.5773044584212564,0.3560185185185185,0.23387443674334232,1.0,0.6666666666666666,0.5,0.5,0.3333333333333333,1.0,0.0,209 207 206 224 222 241 261,257 245 239 336 326 405
support_shortest_path,448,158,212,True,5,46.18551383196173,46.18551383196173,0.15901866833214978,0.0,0.059920179968338164,0.0,0.45147545365123787,0.617030810052004,0.39999999999999997,0.2449988507246162,1.0,0.6,0.4,0.6,0.2,0.0,0.0,158 198 217 215 213 212,187 212 305 291 278
support_shortest_path,449,26,80,False,0,,,,,,,,,,,,,,,,,0.0,,
support_shortest_path,450,9,40,False,0,,,,,,,,,,,,,,,,,0.0,,
support_shortest_path,451,19,12,False,0,,,,,,,,,,,,,,,,,0.0,,
support_shortest_path,452,280,226,False,0,,,,,,,,,,,,,,,,,0.0,,
support_shortest_path,453,312,226,True,6,54.088744385500945,54.088744385500945,0.30580146241377726,0.2500212733977696,0.21792832900056622,0.1019127634820017,0.72544610174198,0.5150667674328624,0.24067460317460318,0.26547204544653846,0.8333333333333334,0.0,0.0,0.5,0.16666666666666666,0.6666666666666666,0.000725075432492812,312 292 252 231 229 227 226,473 435 407 365 353 348
support_shortest_path,454,56,7,False,0,,,,,,,,,,,,,,,,,0.0,,
support_shortest_path,455,312,227,True,5,47.044721840184664,47.044721840184664,0.31362882691866667,0.2500212733977696,0.22166648389889212,0.1019127634820017,0.7859520014766835,0.5465895579957504,0.2888095238095238,0.25577165806081464,0.8,0.0,0.0,0.6,0.2,0.8,0.002719053537783371,312 292 252 231 229 227,473 435 407 365 353
support_shortest_path,456,260,384,True,6,50.27076057161737,50.27076057161737,0.13783999644708866,0.0,0.13659899973438383,0.0,0.23487214234319684,0.5279178142284714,0.4222222222222222,0.21161043746643324,1.0,0.6666666666666666,0.3333333333333333,0.5,0.3333333333333333,0.5,0.0,260 281 301 341 361 383 384,415 433 454 517 536 554
support_shortest_path,457,281,387,True,6,51.19370543510834,51.19370543510834,0.2759923843137151,0.2106541092797723,0.1531751278849909,0.0523677919594958,0.6823109445497285,0.41279668238252337,0.2111111111111111,0.2644292423532421,0.8333333333333334,0.5,0.0,0.16666666666666666,0.0,0.16666666666666666,0.0003720539335688164,281 303 305 326 346 367 387,434 457 465 503 520 540
support_shortest_path,458,235,224,True,6,56.60865084275173,56.60865084275173,0.26690084896183747,0.24109318376397,0.12717066435690008,0.0098749358309245,0.7765974636149892,0.5678252779840075,0.4070767195767196,0.26331872057604694,1.0,0.3333333333333333,0.16666666666666666,0.6666666666666666,0.16666666666666666,1.0,0.0003534075774137603,235 233 231 209 207 206 224,391 382 362 257 245 239
support_shortest_path,459,300,227,True,6,54.44402610239967,54.44402610239967,0.19123828946259372,0.0,0.10730457618816043,0.0,0.45531835916401375,0.47799648056237126,0.3055555555555555,0.27882871691822525,0.8333333333333334,0.6666666666666666,0.3333333333333333,0.3333333333333333,0.16666666666666666,0.6666666666666666,0.0,300 281 241 222 224 226 227,447 429 403 325 338 343
support_shortest_path,460,47,140,False,0,,,,,,,,,,,,,,,,,0.0,,
support_shortest_path,461,24,52,False,0,,,,,,,,,,,,,,,,,0.0,,
support_shortest_path,462,81,146,True,4,38.277139542593105,38.277139542593105,0.21415747155827264,0.0,0.11009696175014583,0.0614903152761605,0.5638619349386875,0.514840079947266,0.6220238095238095,0.15924147912589692,1.0,0.5,0.0,0.25,0.75,0.25,0.0,81 121 123 124 146,135 159 165 169
support_shortest_path,463,352,346,True,5,45.46618529746186,45.46618529746186,0.33911537079726306,0.2700065320195443,0.24715157969813145,0.1013690052864238,0.8163738326664776,0.41865297179056943,0.3733333333333333,0.2667989456848152,0.8,0.0,0.0,0.4,0.0,0.4,0.004033749586693352,352 372 390 388 367 346,527 546 574 565 537
support_shortest_path,464,186,260,True,5,44.94717846334052,44.94717846334052,0.13587574016888293,0.0,0.040095406379930844,0.0,0.39043986773655365,0.6150356572987299,0.3244444444444444,0.2604887710014,1.0,1.0,0.6,0.6,0.2,1.0,0.0,186 206 224 222 241 260,204 239 336 326 404
support_shortest_path,465,272,358,False,0,,,,,,,,,,,,,,,,,0.0,,
support_shortest_path,466,235,203,True,6,60.91881530410858,60.91881530410858,0.1874918962972376,0.0,0.1267911486562717,0.0,0.5218986110287614,0.7501004461649406,0.43677248677248676,0.2256327079134425,1.0,0.3333333333333333,0.3333333333333333,1.0,0.16666666666666666,0.5,0.0,235 233 231 229 227 205 203,391 382 365 353 344 226
support_shortest_path,467,353,384,True,5,49.04421920538226,49.04421920538226,0.3444605002500855,0.2403193297184433,0.24772440091332446,0.0324009626263195,0.85966511377251,0.5658460282443332,0.44000000000000006,0.3031435905178922,0.8,0.2,0.0,0.8,0.0,0.4,0.0043015463954945285,353 372 390 388 386 384,531 546 574 566 558
support_shortest_path,468,81,6,True,9,75.76449960005031,75.76449960005031,0.19880662634014973,0.0,0.1079882748992849,0.0,0.47520240835780786,0.40993782943604384,0.36018518518518516,0.17915875147860477,1.0,0.6666666666666666,0.1111111111111111,0.2222222222222222,0.2222222222222222,0.4444444444444444,0.0,81 121 123 124 126 106 86 46 26 6,135 159 165 168 170 147 136 103 62
support_shortest_path,469,233,221,True,6,61.067676952020975,61.067676952020975,0.18868469457475456,0.0,0.09963791133901902,0.0,0.5568812181477982,0.702806241321957,0.4599206349206349,0.23600260152370126,1.0,0.3333333333333333,0.3333333333333333,0.8333333333333334,0.3333333333333333,0.3333333333333333,0.0,233 231 229 227 205 223 221,382 365 353 344 230 330
support_shortest_path,470,132,218,False,0,,,,,,,,,,,,,,,,,0.0,,
support_shortest_path,471,352,337,False,0,,,,,,,,,,,,,,,,,0.0,,
support_shortest_path,472,147,232,False,0,,,,,,,,,,,,,,,,,0.0,,
support_shortest_path,473,392,381,True,6,57.996792226459085,57.996792226459085,0.2956586519976901,0.2403193297184433,0.16297292646469644,0.0324009626263195,0.776803011756157,0.5975967857821226,0.3666666666666667,0.32522165687724197,1.0,0.16666666666666666,0.0,0.8333333333333334,0.0,0.0,0.0006355480540176285,392 390 388 386 384 383 381,578 574 566 558 555 553
support_shortest_path,474,21,86,False,0,,,,,,,,,,,,,,,,,0.0,,
support_shortest_path,475,389,341,True,6,52.118466298263485,52.118466298263485,0.22571212593975232,0.0,0.16459279922046544,0.0455860626446362,0.48755255433963046,0.5389309088158575,0.2916666666666667,0.29920417573805475,1.0,0.5,0.0,0.5,0.0,0.0,0.0,389 387 386 384 383 361 341,570 562 558 555 552 534
support_shortest_path,476,100,167,False,0,,,,,,,,,,,,,,,,,0.0,,
support_shortest_path,477,223,304,True,5,44.47353135855376,44.47353135855376,0.18231922751327673,0.0,0.13220395714878302,0.0084557694719232,0.39934970675716375,0.5715828459965707,0.44666666666666666,0.28557771717043584,0.8,0.6,0.2,0.4,0.4,0.8,0.0,223 222 241 281 303 304,331 326 406 434 456
support_shortest_path,478,4,52,True,5,48.38664294185307,48.38664294185307,0.11352248282417274,0.0,0.05043930418114062,0.0,0.3420802763520931,0.6508693492161701,0.4876190476190477,0.19862713486648576,1.0,0.6,0.6,0.8,0.4,0.0,0.0,4 6 8 29 31 52,6 16 31 80 86
support_shortest_path,479,253,204,False,0,,,,,,,,,,,,,,,,,0.0,,
support_shortest_path,480,229,315,True,5,44.8643233433917,44.8643233433917,0.22301330907768896,0.0,0.14321454689104346,0.0,0.5682744357023368,0.4879407333590784,0.4083333333333333,0.20529016265597147,1.0,0.2,0.2,0.4,0.4,0.6,0.0,229 231 252 272 293 315,355 369 410 423 446
support_shortest_path,481,358,352,False,0,,,,,,,,,,,,,,,,,0.0,,
support_shortest_path,482,55,7,True,5,44.85373115582173,44.85373115582173,0.1432193413175984,0.0,0.07218813019840423,0.0053692720896517,0.39134864982746975,0.5819765663114416,0.2966666666666667,0.221408874403871,1.0,0.8,0.2,0.6,0.0,0.0,0.0,55 53 32 31 29 7,128 119 91 84 75
support_shortest_path,483,206,300,True,5,47.35597716909324,47.35597716909324,0.08150657484936158,0.0,0.01504679713307588,0.0,0.2758644384279585,0.7639299819427318,0.44666666666666666,0.2501729122347679,1.0,1.0,0.6,1.0,0.4,1.0,0.0,206 224 222 241 281 300,239 336 326 406 432
support_shortest_path,484,59,10,False,0,,,,,,,,,,,,,,,,,0.0,,
support_shortest_path,485,75,6,False,0,,,,,,,,,,,,,,,,,0.0,,
support_shortest_path,486,312,226,True,6,54.088744385500945,54.088744385500945,0.30580146241377726,0.2500212733977696,0.21792832900056622,0.1019127634820017,0.72544610174198,0.5150667674328624,0.24067460317460318,0.26547204544653846,0.8333333333333334,0.0,0.0,0.5,0.16666666666666666,0.6666666666666666,0.000725075432492812,312 292 252 231 229 227 226,473 435 407 365 353 348
support_shortest_path,487,235,136,False,0,,,,,,,,,,,,,,,,,0.0,,
support_shortest_path,488,352,383,True,6,55.02824948255645,55.02824948255645,0.31695731325832305,0.2403193297184433,0.21870706190580644,0.0324009626263195,0.7550710531457181,0.49659691822452934,0.3666666666666667,0.28264624873320526,0.8333333333333334,0.16666666666666666,0.0,0.6666666666666666,0.0,0.3333333333333333,0.000856288512910247,352 372 390 388 386 384 383,527 546 574 566 558 555
support_shortest_path,489,52,46,True,4,38.123860167026905,38.123860167026905,0.10620303693978925,0.0,0.13394609765985593,0.0053692720896517,0.21404353062997994,0.7279326818360065,0.5178571428571428,0.21776207980188467,0.75,0.75,0.25,0.75,0.5,0.5,0.0,52 31 29 27 46,114 84 79 73
support_shortest_path,490,80,87,False,0,,,,,,,,,,,,,,,,,0.0,,
support_shortest_path,491,209,178,True,6,57.777987373700014,57.777987373700014,0.14759235617181235,0.0,0.08918561084288561,0.0,0.36134713187877776,0.5795623840180809,0.5406746031746031,0.23605079738207727,1.0,0.5,0.3333333333333333,0.5,0.6666666666666666,0.5,0.0,209 231 233 215 217 198 178,263 368 381 294 304 211
support_shortest_path,492,326,333,False,0,,,,,,,,,,,,,,,,,0.0,,
support_shortest_path,493,358,352,False,0,,,,,,,,,,,,,,,,,0.0,,
support_shortest_path,494,238,313,True,6,51.099490542591745,51.099490542591745,0.2889527202464361,0.2552064098311057,0.22573259046611235,0.1814151960120733,0.6756748760835527,0.5286619613768159,0.21851851851851847,0.23740404316628472,0.8333333333333334,0.0,0.0,0.5,0.0,0.6666666666666666,0.000557743261670533,238 236 235 233 273 293 313,401 397 391 386 428 445
support_shortest_path,495,387,301,True,6,51.74195613915664,51.74195613915664,0.2357747800653063,0.0,0.1376399944773071,0.0,0.6063553016168696,0.47608417610710374,0.3,0.2090205617741161,1.0,0.5,0.16666666666666666,0.6666666666666666,0.16666666666666666,0.16666666666666666,0.0,387 367 347 326 305 303 301,561 538 521 500 461 455
support_shortest_path,496,106,203,True,5,44.34924997221305,44.34924997221305,0.23412146894445454,0.0,0.15203058918963383,0.0,0.6040081047372474,0.5519673925342655,0.34285714285714286,0.2455282749951623,0.8,0.4,0.2,0.6,0.2,1.0,0.0,106 146 187 206 204 203,152 185 209 235 220
support_shortest_path,497,381,200,False,0,,,,,,,,,,,,,,,,,0.0,,
support_shortest_path,498,339,273,False,0,,,,,,,,,,,,,,,,,0.0,,
support_shortest_path,499,223,284,False,0,,,,,,,,,,,,,,,,,0.0,,
certified_only,0,158,212,False,0,,,,,,,,,,,,,,,,,0.0,,
certified_only,1,203,303,False,0,,,,,,,,,,,,,,,,,0.0,,
certified_only,2,1,12,False,0,,,,,,,,,,,,,,,,,0.0,,
certified_only,3,392,381,False,0,,,,,,,,,,,,,,,,,0.0,,
certified_only,4,41,9,False,0,,,,,,,,,,,,,,,,,0.0,,
certified_only,5,347,353,False,0,,,,,,,,,,,,,,,,,0.0,,
certified_only,6,283,384,False,0,,,,,,,,,,,,,,,,,0.0,,
certified_only,7,367,292,False,0,,,,,,,,,,,,,,,,,0.0,,
certified_only,8,381,392,False,0,,,,,,,,,,,,,,,,,0.0,,
certified_only,9,384,383,False,0,,,,,,,,,,,,,,,,,0.0,,
certified_only,10,315,229,False,0,,,,,,,,,,,,,,,,,0.0,,
certified_only,11,238,132,False,0,,,,,,,,,,,,,,,,,0.0,,
certified_only,12,30,126,False,0,,,,,,,,,,,,,,,,,0.0,,
certified_only,13,223,340,False,0,,,,,,,,,,,,,,,,,0.0,,
certified_only,14,227,47,False,0,,,,,,,,,,,,,,,,,0.0,,
certified_only,15,387,301,False,0,,,,,,,,,,,,,,,,,0.0,,
certified_only,16,300,366,False,0,,,,,,,,,,,,,,,,,0.0,,
certified_only,17,227,312,False,0,,,,,,,,,,,,,,,,,0.0,,
certified_only,18,124,7,False,0,,,,,,,,,,,,,,,,,0.0,,
certified_only,19,380,201,False,0,,,,,,,,,,,,,,,,,0.0,,
certified_only,20,306,201,False,0,,,,,,,,,,,,,,,,,0.0,,
certified_only,21,144,1,False,0,,,,,,,,,,,,,,,,,0.0,,
certified_only,22,260,383,False,0,,,,,,,,,,,,,,,,,0.0,,
certified_only,23,10,40,False,0,,,,,,,,,,,,,,,,,0.0,,
certified_only,24,384,304,False,0,,,,,,,,,,,,,,,,,0.0,,
certified_only,25,127,4,False,0,,,,,,,,,,,,,,,,,0.0,,
certified_only,26,318,392,False,0,,,,,,,,,,,,,,,,,0.0,,
certified_only,27,229,124,False,0,,,,,,,,,,,,,,,,,0.0,,
certified_only,28,301,227,False,0,,,,,,,,,,,,,,,,,0.0,,
certified_only,29,198,230,False,0,,,,,,,,,,,,,,,,,0.0,,
certified_only,30,215,135,False,0,,,,,,,,,,,,,,,,,0.0,,
certified_only,31,221,381,False,0,,,,,,,,,,,,,,,,,0.0,,
certified_only,32,124,203,False,0,,,,,,,,,,,,,,,,,0.0,,
certified_only,33,10,40,False,0,,,,,,,,,,,,,,,,,0.0,,
certified_only,34,306,220,False,0,,,,,,,,,,,,,,,,,0.0,,
certified_only,35,55,6,False,0,,,,,,,,,,,,,,,,,0.0,,
certified_only,36,144,0,False,0,,,,,,,,,,,,,,,,,0.0,,
certified_only,37,390,252,False,0,,,,,,,,,,,,,,,,,0.0,,
certified_only,38,7,187,False,0,,,,,,,,,,,,,,,,,0.0,,
certified_only,39,398,313,False,0,,,,,,,,,,,,,,,,,0.0,,
certified_only,40,76,6,False,0,,,,,,,,,,,,,,,,,0.0,,
certified_only,41,233,138,False,0,,,,,,,,,,,,,,,,,0.0,,
certified_only,42,58,9,False,0,,,,,,,,,,,,,,,,,0.0,,
certified_only,43,381,220,False,0,,,,,,,,,,,,,,,,,0.0,,
certified_only,44,153,238,False,0,,,,,,,,,,,,,,,,,0.0,,
certified_only,45,199,253,False,0,,,,,,,,,,,,,,,,,0.0,,
certified_only,46,153,238,False,0,,,,,,,,,,,,,,,,,0.0,,
certified_only,47,346,260,False,0,,,,,,,,,,,,,,,,,0.0,,
certified_only,48,41,10,False,0,,,,,,,,,,,,,,,,,0.0,,
certified_only,49,155,236,False,0,,,,,,,,,,,,,,,,,0.0,,
certified_only,50,3,147,False,0,,,,,,,,,,,,,,,,,0.0,,
certified_only,51,139,212,False,0,,,,,,,,,,,,,,,,,0.0,,
certified_only,52,238,133,False,0,,,,,,,,,,,,,,,,,0.0,,
certified_only,53,386,301,False,0,,,,,,,,,,,,,,,,,0.0,,
certified_only,54,327,260,False,0,,,,,,,,,,,,,,,,,0.0,,
certified_only,55,23,120,False,0,,,,,,,,,,,,,,,,,0.0,,
certified_only,56,358,273,False,0,,,,,,,,,,,,,,,,,0.0,,
certified_only,57,4,52,False,0,,,,,,,,,,,,,,,,,0.0,,
certified_only,58,186,235,False,0,,,,,,,,,,,,,,,,,0.0,,
certified_only,59,223,123,False,0,,,,,,,,,,,,,,,,,0.0,,
certified_only,60,107,210,False,0,,,,,,,,,,,,,,,,,0.0,,
certified_only,61,358,353,False,0,,,,,,,,,,,,,,,,,0.0,,
certified_only,62,380,392,False,0,,,,,,,,,,,,,,,,,0.0,,
certified_only,63,209,198,False,0,,,,,,,,,,,,,,,,,0.0,,
certified_only,64,261,347,False,0,,,,,,,,,,,,,,,,,0.0,,
certified_only,65,299,393,False,0,,,,,,,,,,,,,,,,,0.0,,
certified_only,66,138,232,False,0,,,,,,,,,,,,,,,,,0.0,,
certified_only,67,46,52,False,0,,,,,,,,,,,,,,,,,0.0,,
certified_only,68,152,238,False,0,,,,,,,,,,,,,,,,,0.0,,
certified_only,69,9,127,False,0,,,,,,,,,,,,,,,,,0.0,,
certified_only,70,24,53,False,0,,,,,,,,,,,,,,,,,0.0,,
certified_only,71,233,220,False,0,,,,,,,,,,,,,,,,,0.0,,
certified_only,72,19,13,False,0,,,,,,,,,,,,,,,,,0.0,,
certified_only,73,19,32,False,0,,,,,,,,,,,,,,,,,0.0,,
certified_only,74,155,235,False,0,,,,,,,,,,,,,,,,,0.0,,
certified_only,75,301,227,False,0,,,,,,,,,,,,,,,,,0.0,,
certified_only,76,4,52,False,0,,,,,,,,,,,,,,,,,0.0,,
certified_only,77,18,13,False,0,,,,,,,,,,,,,,,,,0.0,,
certified_only,78,201,126,False,0,,,,,,,,,,,,,,,,,0.0,,
certified_only,79,218,133,False,0,,,,,,,,,,,,,,,,,0.0,,
certified_only,80,58,10,False,0,,,,,,,,,,,,,,,,,0.0,,
certified_only,81,158,232,False,0,,,,,,,,,,,,,,,,,0.0,,
certified_only,82,135,216,False,0,,,,,,,,,,,,,,,,,0.0,,
certified_only,83,318,392,False,0,,,,,,,,,,,,,,,,,0.0,,
certified_only,84,3,52,False,0,,,,,,,,,,,,,,,,,0.0,,
certified_only,85,286,392,False,0,,,,,,,,,,,,,,,,,0.0,,
certified_only,86,299,232,False,0,,,,,,,,,,,,,,,,,0.0,,
certified_only,87,213,146,False,0,,,,,,,,,,,,,,,,,0.0,,
certified_only,88,13,1,False,0,,,,,,,,,,,,,,,,,0.0,,
certified_only,89,229,178,False,0,,,,,,,,,,,,,,,,,0.0,,
certified_only,90,304,369,False,0,,,,,,,,,,,,,,,,,0.0,,
certified_only,91,226,300,False,0,,,,,,,,,,,,,,,,,0.0,,
certified_only,92,383,303,False,0,,,,,,,,,,,,,,,,,0.0,,
certified_only,93,347,353,False,0,,,,,,,,,,,,,,,,,0.0,,
certified_only,94,158,232,False,0,,,,,,,,,,,,,,,,,0.0,,
certified_only,95,4,121,False,0,,,,,,,,,,,,,,,,,0.0,,
certified_only,96,398,312,False,0,,,,,,,,,,,,,,,,,0.0,,
certified_only,97,146,40,False,0,,,,,,,,,,,,,,,,,0.0,,
certified_only,98,20,123,False,0,,,,,,,,,,,,,,,,,0.0,,
certified_only,99,393,213,False,0,,,,,,,,,,,,,,,,,0.0,,
certified_only,100,347,261,False,0,,,,,,,,,,,,,,,,,0.0,,
certified_only,101,146,41,False,0,,,,,,,,,,,,,,,,,0.0,,
certified_only,102,238,313,False,0,,,,,,,,,,,,,,,,,0.0,,
certified_only,103,46,140,False,0,,,,,,,,,,,,,,,,,0.0,,
certified_only,104,280,207,False,0,,,,,,,,,,,,,,,,,0.0,,
certified_only,105,221,233,False,0,,,,,,,,,,,,,,,,,0.0,,
certified_only,106,13,87,False,0,,,,,,,,,,,,,,,,,0.0,,
certified_only,107,156,158,False,0,,,,,,,,,,,,,,,,,0.0,,
certified_only,108,383,260,False,0,,,,,,,,,,,,,,,,,0.0,,
certified_only,109,390,341,False,0,,,,,,,,,,,,,,,,,0.0,,
certified_only,110,333,346,False,0,,,,,,,,,,,,,,,,,0.0,,
certified_only,111,301,226,False,0,,,,,,,,,,,,,,,,,0.0,,
certified_only,112,41,146,False,0,,,,,,,,,,,,,,,,,0.0,,
certified_only,113,124,7,False,0,,,,,,,,,,,,,,,,,0.0,,
certified_only,114,384,260,False,0,,,,,,,,,,,,,,,,,0.0,,
certified_only,115,399,292,False,0,,,,,,,,,,,,,,,,,0.0,,
certified_only,116,273,166,False,0,,,,,,,,,,,,,,,,,0.0,,
certified_only,117,398,313,False,0,,,,,,,,,,,,,,,,,0.0,,
certified_only,118,306,393,False,0,,,,,,,,,,,,,,,,,0.0,,
certified_only,119,236,135,False,0,,,,,,,,,,,,,,,,,0.0,,
certified_only,120,19,12,False,0,,,,,,,,,,,,,,,,,0.0,,
certified_only,121,393,319,False,0,,,,,,,,,,,,,,,,,0.0,,
certified_only,122,136,235,False,0,,,,,,,,,,,,,,,,,0.0,,
certified_only,123,359,353,False,0,,,,,,,,,,,,,,,,,0.0,,
certified_only,124,136,216,False,0,,,,,,,,,,,,,,,,,0.0,,
certified_only,125,87,1,False,0,,,,,,,,,,,,,,,,,0.0,,
certified_only,126,133,218,False,0,,,,,,,,,,,,,,,,,0.0,,
certified_only,127,283,203,False,0,,,,,,,,,,,,,,,,,0.0,,
certified_only,128,58,9,False,0,,,,,,,,,,,,,,,,,0.0,,
certified_only,129,224,124,False,0,,,,,,,,,,,,,,,,,0.0,,
certified_only,130,312,206,False,0,,,,,,,,,,,,,,,,,0.0,,
certified_only,131,1,144,False,0,,,,,,,,,,,,,,,,,0.0,,
certified_only,132,167,8,False,0,,,,,,,,,,,,,,,,,0.0,,
certified_only,133,346,260,False,0,,,,,,,,,,,,,,,,,0.0,,
certified_only,134,78,9,False,0,,,,,,,,,,,,,,,,,0.0,,
certified_only,135,369,272,False,0,,,,,,,,,,,,,,,,,0.0,,
certified_only,136,306,381,False,0,,,,,,,,,,,,,,,,,0.0,,
certified_only,137,358,252,False,0,,,,,,,,,,,,,,,,,0.0,,
certified_only,138,224,341,False,0,,,,,,,,,,,,,,,,,0.0,,
certified_only,139,144,210,False,0,,,,,,,,,,,,,,,,,0.0,,
certified_only,140,381,285,False,0,,,,,,,,,,,,,,,,,0.0,,
certified_only,141,340,204,False,0,,,,,,,,,,,,,,,,,0.0,,
certified_only,142,121,46,False,0,,,,,,,,,,,,,,,,,0.0,,
certified_only,143,201,127,False,0,,,,,,,,,,,,,,,,,0.0,,
certified_only,144,307,380,False,0,,,,,,,,,,,,,,,,,0.0,,
certified_only,145,392,381,False,0,,,,,,,,,,,,,,,,,0.0,,
certified_only,146,346,346,False,0,,,,,,,,,,,,,,,,,0.0,,
certified_only,147,381,306,False,0,,,,,,,,,,,,,,,,,0.0,,
certified_only,148,135,235,False,0,,,,,,,,,,,,,,,,,0.0,,
certified_only,149,1,12,False,0,,,,,,,,,,,,,,,,,0.0,,
certified_only,150,261,229,False,0,,,,,,,,,,,,,,,,,0.0,,
certified_only,151,381,306,False,0,,,,,,,,,,,,,,,,,0.0,,
certified_only,152,386,301,False,0,,,,,,,,,,,,,,,,,0.0,,
certified_only,153,235,155,False,0,,,,,,,,,,,,,,,,,0.0,,
certified_only,154,59,9,False,0,,,,,,,,,,,,,,,,,0.0,,
certified_only,155,7,55,False,0,,,,,,,,,,,,,,,,,0.0,,
certified_only,156,198,229,False,0,,,,,,,,,,,,,,,,,0.0,,
certified_only,157,381,392,False,0,,,,,,,,,,,,,,,,,0.0,,
certified_only,158,4,126,False,0,,,,,,,,,,,,,,,,,0.0,,
certified_only,159,272,187,False,0,,,,,,,,,,,,,,,,,0.0,,
certified_only,160,224,303,False,0,,,,,,,,,,,,,,,,,0.0,,
certified_only,161,241,347,False,0,,,,,,,,,,,,,,,,,0.0,,
certified_only,162,221,380,False,0,,,,,,,,,,,,,,,,,0.0,,
certified_only,163,9,126,False,0,,,,,,,,,,,,,,,,,0.0,,
certified_only,164,300,387,False,0,,,,,,,,,,,,,,,,,0.0,,
certified_only,165,86,187,False,0,,,,,,,,,,,,,,,,,0.0,,
certified_only,166,67,120,False,0,,,,,,,,,,,,,,,,,0.0,,
certified_only,167,261,166,False,0,,,,,,,,,,,,,,,,,0.0,,
certified_only,168,232,393,False,0,,,,,,,,,,,,,,,,,0.0,,
certified_only,169,386,301,False,0,,,,,,,,,,,,,,,,,0.0,,
certified_only,170,381,221,False,0,,,,,,,,,,,,,,,,,0.0,,
certified_only,171,221,127,False,0,,,,,,,,,,,,,,,,,0.0,,
certified_only,172,229,124,False,0,,,,,,,,,,,,,,,,,0.0,,
certified_only,173,318,392,False,0,,,,,,,,,,,,,,,,,0.0,,
certified_only,174,126,10,False,0,,,,,,,,,,,,,,,,,0.0,,
certified_only,175,327,261,False,0,,,,,,,,,,,,,,,,,0.0,,
certified_only,176,46,52,False,0,,,,,,,,,,,,,,,,,0.0,,
certified_only,177,199,273,False,0,,,,,,,,,,,,,,,,,0.0,,
certified_only,178,284,204,False,0,,,,,,,,,,,,,,,,,0.0,,
certified_only,179,358,352,False,0,,,,,,,,,,,,,,,,,0.0,,
certified_only,180,381,392,False,0,,,,,,,,,,,,,,,,,0.0,,
certified_only,181,367,301,False,0,,,,,,,,,,,,,,,,,0.0,,
certified_only,182,272,389,False,0,,,,,,,,,,,,,,,,,0.0,,
certified_only,183,392,381,False,0,,,,,,,,,,,,,,,,,0.0,,
certified_only,184,393,286,False,0,,,,,,,,,,,,,,,,,0.0,,
certified_only,185,389,273,False,0,,,,,,,,,,,,,,,,,0.0,,
certified_only,186,307,381,False,0,,,,,,,,,,,,,,,,,0.0,,
certified_only,187,390,316,False,0,,,,,,,,,,,,,,,,,0.0,,
certified_only,188,18,12,False,0,,,,,,,,,,,,,,,,,0.0,,
certified_only,189,387,300,False,0,,,,,,,,,,,,,,,,,0.0,,
certified_only,190,53,3,False,0,,,,,,,,,,,,,,,,,0.0,,
certified_only,191,127,4,False,0,,,,,,,,,,,,,,,,,0.0,,
certified_only,192,393,232,False,0,,,,,,,,,,,,,,,,,0.0,,
certified_only,193,47,227,False,0,,,,,,,,,,,,,,,,,0.0,,
certified_only,194,227,301,False,0,,,,,,,,,,,,,,,,,0.0,,
certified_only,195,239,227,False,0,,,,,,,,,,,,,,,,,0.0,,
certified_only,196,341,389,False,0,,,,,,,,,,,,,,,,,0.0,,
certified_only,197,352,358,False,0,,,,,,,,,,,,,,,,,0.0,,
certified_only,198,280,386,False,0,,,,,,,,,,,,,,,,,0.0,,
certified_only,199,81,167,False,0,,,,,,,,,,,,,,,,,0.0,,
certified_only,200,384,304,False,0,,,,,,,,,,,,,,,,,0.0,,
certified_only,201,226,301,False,0,,,,,,,,,,,,,,,,,0.0,,
certified_only,202,383,353,False,0,,,,,,,,,,,,,,,,,0.0,,
certified_only,203,280,386,False,0,,,,,,,,,,,,,,,,,0.0,,
certified_only,204,358,352,False,0,,,,,,,,,,,,,,,,,0.0,,
certified_only,205,223,86,False,0,,,,,,,,,,,,,,,,,0.0,,
certified_only,206,52,47,False,0,,,,,,,,,,,,,,,,,0.0,,
certified_only,207,223,236,False,0,,,,,,,,,,,,,,,,,0.0,,
certified_only,208,347,353,False,0,,,,,,,,,,,,,,,,,0.0,,
certified_only,209,346,241,False,0,,,,,,,,,,,,,,,,,0.0,,
certified_only,210,341,390,False,0,,,,,,,,,,,,,,,,,0.0,,
certified_only,211,384,303,False,0,,,,,,,,,,,,,,,,,0.0,,
certified_only,212,106,203,False,0,,,,,,,,,,,,,,,,,0.0,,
certified_only,213,75,6,False,0,,,,,,,,,,,,,,,,,0.0,,
certified_only,214,381,392,False,0,,,,,,,,,,,,,,,,,0.0,,
certified_only,215,387,313,False,0,,,,,,,,,,,,,,,,,0.0,,
certified_only,216,303,389,False,0,,,,,,,,,,,,,,,,,0.0,,
certified_only,217,212,318,False,0,,,,,,,,,,,,,,,,,0.0,,
certified_only,218,341,347,False,0,,,,,,,,,,,,,,,,,0.0,,
certified_only,219,0,12,False,0,,,,,,,,,,,,,,,,,0.0,,
certified_only,220,381,392,False,0,,,,,,,,,,,,,,,,,0.0,,
certified_only,221,87,224,False,0,,,,,,,,,,,,,,,,,0.0,,
certified_only,222,40,66,False,0,,,,,,,,,,,,,,,,,0.0,,
certified_only,223,389,272,False,0,,,,,,,,,,,,,,,,,0.0,,
certified_only,224,121,47,False,0,,,,,,,,,,,,,,,,,0.0,,
certified_only,225,392,381,False,0,,,,,,,,,,,,,,,,,0.0,,
certified_only,226,381,306,False,0,,,,,,,,,,,,,,,,,0.0,,
certified_only,227,10,147,False,0,,,,,,,,,,,,,,,,,0.0,,
certified_only,228,315,215,False,0,,,,,,,,,,,,,,,,,0.0,,
certified_only,229,358,272,False,0,,,,,,,,,,,,,,,,,0.0,,
certified_only,230,347,241,False,0,,,,,,,,,,,,,,,,,0.0,,
certified_only,231,100,7,False,0,,,,,,,,,,,,,,,,,0.0,,
certified_only,232,236,295,False,0,,,,,,,,,,,,,,,,,0.0,,
certified_only,233,30,41,False,0,,,,,,,,,,,,,,,,,0.0,,
certified_only,234,124,7,False,0,,,,,,,,,,,,,,,,,0.0,,
certified_only,235,29,41,False,0,,,,,,,,,,,,,,,,,0.0,,
certified_only,236,144,6,False,0,,,,,,,,,,,,,,,,,0.0,,
certified_only,237,78,9,False,0,,,,,,,,,,,,,,,,,0.0,,
certified_only,238,298,392,False,0,,,,,,,,,,,,,,,,,0.0,,
certified_only,239,295,235,False,0,,,,,,,,,,,,,,,,,0.0,,
certified_only,240,218,227,False,0,,,,,,,,,,,,,,,,,0.0,,
certified_only,241,40,9,False,0,,,,,,,,,,,,,,,,,0.0,,
certified_only,242,39,12,False,0,,,,,,,,,,,,,,,,,0.0,,
certified_only,243,1,12,False,0,,,,,,,,,,,,,,,,,0.0,,
certified_only,244,86,1,False,0,,,,,,,,,,,,,,,,,0.0,,
certified_only,245,41,9,False,0,,,,,,,,,,,,,,,,,0.0,,
certified_only,246,158,212,False,0,,,,,,,,,,,,,,,,,0.0,,
certified_only,247,6,101,False,0,,,,,,,,,,,,,,,,,0.0,,
certified_only,248,24,147,False,0,,,,,,,,,,,,,,,,,0.0,,
certified_only,249,12,107,False,0,,,,,,,,,,,,,,,,,0.0,,
certified_only,250,10,41,False,0,,,,,,,,,,,,,,,,,0.0,,
certified_only,251,287,393,False,0,,,,,,,,,,,,,,,,,0.0,,
certified_only,252,123,6,False,0,,,,,,,,,,,,,,,,,0.0,,
certified_only,253,340,390,False,0,,,,,,,,,,,,,,,,,0.0,,
certified_only,254,126,201,False,0,,,,,,,,,,,,,,,,,0.0,,
certified_only,255,52,3,False,0,,,,,,,,,,,,,,,,,0.0,,
certified_only,256,238,313,False,0,,,,,,,,,,,,,,,,,0.0,,
certified_only,257,1,124,False,0,,,,,,,,,,,,,,,,,0.0,,
certified_only,258,306,392,False,0,,,,,,,,,,,,,,,,,0.0,,
certified_only,259,232,200,False,0,,,,,,,,,,,,,,,,,0.0,,
certified_only,260,384,284,False,0,,,,,,,,,,,,,,,,,0.0,,
certified_only,261,12,1,False,0,,,,,,,,,,,,,,,,,0.0,,
certified_only,262,7,80,False,0,,,,,,,,,,,,,,,,,0.0,,
certified_only,263,167,80,False,0,,,,,,,,,,,,,,,,,0.0,,
certified_only,264,18,12,False,0,,,,,,,,,,,,,,,,,0.0,,
certified_only,265,155,235,False,0,,,,,,,,,,,,,,,,,0.0,,
certified_only,266,30,126,False,0,,,,,,,,,,,,,,,,,0.0,,
certified_only,267,9,41,False,0,,,,,,,,,,,,,,,,,0.0,,
certified_only,268,143,186,False,0,,,,,,,,,,,,,,,,,0.0,,
certified_only,269,312,226,False,0,,,,,,,,,,,,,,,,,0.0,,
certified_only,270,187,261,False,0,,,,,,,,,,,,,,,,,0.0,,
certified_only,271,200,146,False,0,,,,,,,,,,,,,,,,,0.0,,
certified_only,272,219,313,False,0,,,,,,,,,,,,,,,,,0.0,,
certified_only,273,9,26,False,0,,,,,,,,,,,,,,,,,0.0,,
certified_only,274,261,186,False,0,,,,,,,,,,,,,,,,,0.0,,
certified_only,275,352,383,False,0,,,,,,,,,,,,,,,,,0.0,,
certified_only,276,55,6,False,0,,,,,,,,,,,,,,,,,0.0,,
certified_only,277,100,6,False,0,,,,,,,,,,,,,,,,,0.0,,
certified_only,278,272,224,False,0,,,,,,,,,,,,,,,,,0.0,,
certified_only,279,139,232,False,0,,,,,,,,,,,,,,,,,0.0,,
certified_only,280,55,33,False,0,,,,,,,,,,,,,,,,,0.0,,
certified_only,281,221,381,False,0,,,,,,,,,,,,,,,,,0.0,,
certified_only,282,3,120,False,0,,,,,,,,,,,,,,,,,0.0,,
certified_only,283,41,10,False,0,,,,,,,,,,,,,,,,,0.0,,
certified_only,284,53,4,False,0,,,,,,,,,,,,,,,,,0.0,,
certified_only,285,218,152,False,0,,,,,,,,,,,,,,,,,0.0,,
certified_only,286,353,347,False,0,,,,,,,,,,,,,,,,,0.0,,
certified_only,287,381,287,False,0,,,,,,,,,,,,,,,,,0.0,,
certified_only,288,87,224,False,0,,,,,,,,,,,,,,,,,0.0,,
certified_only,289,318,312,False,0,,,,,,,,,,,,,,,,,0.0,,
certified_only,290,136,235,False,0,,,,,,,,,,,,,,,,,0.0,,
certified_only,291,141,47,False,0,,,,,,,,,,,,,,,,,0.0,,
certified_only,292,75,7,False,0,,,,,,,,,,,,,,,,,0.0,,
certified_only,293,40,146,False,0,,,,,,,,,,,,,,,,,0.0,,
certified_only,294,233,392,False,0,,,,,,,,,,,,,,,,,0.0,,
certified_only,295,232,318,False,0,,,,,,,,,,,,,,,,,0.0,,
certified_only,296,201,380,False,0,,,,,,,,,,,,,,,,,0.0,,
certified_only,297,387,313,False,0,,,,,,,,,,,,,,,,,0.0,,
certified_only,298,218,312,False,0,,,,,,,,,,,,,,,,,0.0,,
certified_only,299,143,0,False,0,,,,,,,,,,,,,,,,,0.0,,
certified_only,300,4,141,False,0,,,,,,,,,,,,,,,,,0.0,,
certified_only,301,55,7,False,0,,,,,,,,,,,,,,,,,0.0,,
certified_only,302,0,124,False,0,,,,,,,,,,,,,,,,,0.0,,
certified_only,303,261,229,False,0,,,,,,,,,,,,,,,,,0.0,,
certified_only,304,312,232,False,0,,,,,,,,,,,,,,,,,0.0,,
certified_only,305,298,233,False,0,,,,,,,,,,,,,,,,,0.0,,
certified_only,306,156,235,False,0,,,,,,,,,,,,,,,,,0.0,,
certified_only,307,4,53,False,0,,,,,,,,,,,,,,,,,0.0,,
certified_only,308,6,187,False,0,,,,,,,,,,,,,,,,,0.0,,
certified_only,309,286,381,False,0,,,,,,,,,,,,,,,,,0.0,,
certified_only,310,381,392,False,0,,,,,,,,,,,,,,,,,0.0,,
certified_only,311,233,318,False,0,,,,,,,,,,,,,,,,,0.0,,
certified_only,312,359,353,False,0,,,,,,,,,,,,,,,,,0.0,,
certified_only,313,139,213,False,0,,,,,,,,,,,,,,,,,0.0,,
certified_only,314,227,47,False,0,,,,,,,,,,,,,,,,,0.0,,
certified_only,315,23,120,False,0,,,,,,,,,,,,,,,,,0.0,,
certified_only,316,55,6,False,0,,,,,,,,,,,,,,,,,0.0,,
certified_only,317,293,218,False,0,,,,,,,,,,,,,,,,,0.0,,
certified_only,318,341,224,False,0,,,,,,,,,,,,,,,,,0.0,,
certified_only,319,224,124,False,0,,,,,,,,,,,,,,,,,0.0,,
certified_only,320,273,212,False,0,,,,,,,,,,,,,,,,,0.0,,
certified_only,321,121,4,False,0,,,,,,,,,,,,,,,,,0.0,,
certified_only,322,307,360,False,0,,,,,,,,,,,,,,,,,0.0,,
certified_only,323,21,144,False,0,,,,,,,,,,,,,,,,,0.0,,
certified_only,324,121,4,False,0,,,,,,,,,,,,,,,,,0.0,,
certified_only,325,392,381,False,0,,,,,,,,,,,,,,,,,0.0,,
certified_only,326,287,381,False,0,,,,,,,,,,,,,,,,,0.0,,
certified_only,327,12,18,False,0,,,,,,,,,,,,,,,,,0.0,,
certified_only,328,1,124,False,0,,,,,,,,,,,,,,,,,0.0,,
certified_only,329,386,300,False,0,,,,,,,,,,,,,,,,,0.0,,
certified_only,330,332,384,False,0,,,,,,,,,,,,,,,,,0.0,,
certified_only,331,167,7,False,0,,,,,,,,,,,,,,,,,0.0,,
certified_only,332,6,56,False,0,,,,,,,,,,,,,,,,,0.0,,
certified_only,333,141,145,False,0,,,,,,,,,,,,,,,,,0.0,,
certified_only,334,384,260,False,0,,,,,,,,,,,,,,,,,0.0,,
certified_only,335,398,312,False,0,,,,,,,,,,,,,,,,,0.0,,
certified_only,336,144,229,False,0,,,,,,,,,,,,,,,,,0.0,,
certified_only,337,155,236,False,0,,,,,,,,,,,,,,,,,0.0,,
certified_only,338,138,233,False,0,,,,,,,,,,,,,,,,,0.0,,
certified_only,339,158,232,False,0,,,,,,,,,,,,,,,,,0.0,,
certified_only,340,304,223,False,0,,,,,,,,,,,,,,,,,0.0,,
certified_only,341,209,260,False,0,,,,,,,,,,,,,,,,,0.0,,
certified_only,342,232,127,False,0,,,,,,,,,,,,,,,,,0.0,,
certified_only,343,100,7,False,0,,,,,,,,,,,,,,,,,0.0,,
certified_only,344,313,399,False,0,,,,,,,,,,,,,,,,,0.0,,
certified_only,345,52,4,False,0,,,,,,,,,,,,,,,,,0.0,,
certified_only,346,100,146,False,0,,,,,,,,,,,,,,,,,0.0,,
certified_only,347,86,229,False,0,,,,,,,,,,,,,,,,,0.0,,
certified_only,348,383,304,False,0,,,,,,,,,,,,,,,,,0.0,,
certified_only,349,201,381,False,0,,,,,,,,,,,,,,,,,0.0,,
certified_only,350,33,86,False,0,,,,,,,,,,,,,,,,,0.0,,
certified_only,351,238,313,False,0,,,,,,,,,,,,,,,,,0.0,,
certified_only,352,27,80,False,0,,,,,,,,,,,,,,,,,0.0,,
certified_only,353,139,232,False,0,,,,,,,,,,,,,,,,,0.0,,
certified_only,354,136,215,False,0,,,,,,,,,,,,,,,,,0.0,,
certified_only,355,18,12,False,0,,,,,,,,,,,,,,,,,0.0,,
certified_only,356,156,235,False,0,,,,,,,,,,,,,,,,,0.0,,
certified_only,357,138,232,False,0,,,,,,,,,,,,,,,,,0.0,,
certified_only,358,126,10,False,0,,,,,,,,,,,,,,,,,0.0,,
certified_only,359,252,186,False,0,,,,,,,,,,,,,,,,,0.0,,
certified_only,360,80,7,False,0,,,,,,,,,,,,,,,,,0.0,,
certified_only,361,32,0,False,0,,,,,,,,,,,,,,,,,0.0,,
certified_only,362,341,203,False,0,,,,,,,,,,,,,,,,,0.0,,
certified_only,363,198,253,False,0,,,,,,,,,,,,,,,,,0.0,,
certified_only,364,10,126,False,0,,,,,,,,,,,,,,,,,0.0,,
certified_only,365,200,381,False,0,,,,,,,,,,,,,,,,,0.0,,
certified_only,366,19,13,False,0,,,,,,,,,,,,,,,,,0.0,,
certified_only,367,313,226,False,0,,,,,,,,,,,,,,,,,0.0,,
certified_only,368,47,53,False,0,,,,,,,,,,,,,,,,,0.0,,
certified_only,369,392,306,False,0,,,,,,,,,,,,,,,,,0.0,,
certified_only,370,40,10,False,0,,,,,,,,,,,,,,,,,0.0,,
certified_only,371,379,292,False,0,,,,,,,,,,,,,,,,,0.0,,
certified_only,372,47,207,False,0,,,,,,,,,,,,,,,,,0.0,,
certified_only,373,221,381,False,0,,,,,,,,,,,,,,,,,0.0,,
certified_only,374,381,220,False,0,,,,,,,,,,,,,,,,,0.0,,
certified_only,375,9,147,False,0,,,,,,,,,,,,,,,,,0.0,,
certified_only,376,207,46,False,0,,,,,,,,,,,,,,,,,0.0,,
certified_only,377,41,9,False,0,,,,,,,,,,,,,,,,,0.0,,
certified_only,378,219,227,False,0,,,,,,,,,,,,,,,,,0.0,,
certified_only,379,304,390,False,0,,,,,,,,,,,,,,,,,0.0,,
certified_only,380,390,304,False,0,,,,,,,,,,,,,,,,,0.0,,
certified_only,381,87,81,False,0,,,,,,,,,,,,,,,,,0.0,,
certified_only,382,121,4,False,0,,,,,,,,,,,,,,,,,0.0,,
certified_only,383,55,6,False,0,,,,,,,,,,,,,,,,,0.0,,
certified_only,384,41,126,False,0,,,,,,,,,,,,,,,,,0.0,,
certified_only,385,26,56,False,0,,,,,,,,,,,,,,,,,0.0,,
certified_only,386,316,216,False,0,,,,,,,,,,,,,,,,,0.0,,
certified_only,387,295,230,False,0,,,,,,,,,,,,,,,,,0.0,,
certified_only,388,315,389,False,0,,,,,,,,,,,,,,,,,0.0,,
certified_only,389,346,261,False,0,,,,,,,,,,,,,,,,,0.0,,
certified_only,390,352,338,False,0,,,,,,,,,,,,,,,,,0.0,,
certified_only,391,143,223,False,0,,,,,,,,,,,,,,,,,0.0,,
certified_only,392,107,209,False,0,,,,,,,,,,,,,,,,,0.0,,
certified_only,393,224,340,False,0,,,,,,,,,,,,,,,,,0.0,,
certified_only,394,261,346,False,0,,,,,,,,,,,,,,,,,0.0,,
certified_only,395,126,212,False,0,,,,,,,,,,,,,,,,,0.0,,
certified_only,396,39,12,False,0,,,,,,,,,,,,,,,,,0.0,,
certified_only,397,386,301,False,0,,,,,,,,,,,,,,,,,0.0,,
certified_only,398,389,315,False,0,,,,,,,,,,,,,,,,,0.0,,
certified_only,399,155,235,False,0,,,,,,,,,,,,,,,,,0.0,,
certified_only,400,56,6,False,0,,,,,,,,,,,,,,,,,0.0,,
certified_only,401,392,318,False,0,,,,,,,,,,,,,,,,,0.0,,
certified_only,402,4,52,False,0,,,,,,,,,,,,,,,,,0.0,,
certified_only,403,284,383,False,0,,,,,,,,,,,,,,,,,0.0,,
certified_only,404,369,272,False,0,,,,,,,,,,,,,,,,,0.0,,
certified_only,405,7,166,False,0,,,,,,,,,,,,,,,,,0.0,,
certified_only,406,6,55,False,0,,,,,,,,,,,,,,,,,0.0,,
certified_only,407,1,124,False,0,,,,,,,,,,,,,,,,,0.0,,
certified_only,408,273,389,False,0,,,,,,,,,,,,,,,,,0.0,,
certified_only,409,41,127,False,0,,,,,,,,,,,,,,,,,0.0,,
certified_only,410,273,389,False,0,,,,,,,,,,,,,,,,,0.0,,
certified_only,411,261,230,False,0,,,,,,,,,,,,,,,,,0.0,,
certified_only,412,203,123,False,0,,,,,,,,,,,,,,,,,0.0,,
certified_only,413,241,209,False,0,,,,,,,,,,,,,,,,,0.0,,
certified_only,414,358,352,False,0,,,,,,,,,,,,,,,,,0.0,,
certified_only,415,203,252,False,0,,,,,,,,,,,,,,,,,0.0,,
certified_only,416,384,353,False,0,,,,,,,,,,,,,,,,,0.0,,
certified_only,417,12,18,False,0,,,,,,,,,,,,,,,,,0.0,,
certified_only,418,29,126,False,0,,,,,,,,,,,,,,,,,0.0,,
certified_only,419,107,12,False,0,,,,,,,,,,,,,,,,,0.0,,
certified_only,420,399,313,False,0,,,,,,,,,,,,,,,,,0.0,,
certified_only,421,304,223,False,0,,,,,,,,,,,,,,,,,0.0,,
certified_only,422,224,106,False,0,,,,,,,,,,,,,,,,,0.0,,
certified_only,423,399,312,False,0,,,,,,,,,,,,,,,,,0.0,,
certified_only,424,303,390,False,0,,,,,,,,,,,,,,,,,0.0,,
certified_only,425,124,204,False,0,,,,,,,,,,,,,,,,,0.0,,
certified_only,426,80,86,False,0,,,,,,,,,,,,,,,,,0.0,,
certified_only,427,9,40,False,0,,,,,,,,,,,,,,,,,0.0,,
certified_only,428,224,283,False,0,,,,,,,,,,,,,,,,,0.0,,
certified_only,429,212,393,False,0,,,,,,,,,,,,,,,,,0.0,,
certified_only,430,298,392,False,0,,,,,,,,,,,,,,,,,0.0,,
certified_only,431,152,238,False,0,,,,,,,,,,,,,,,,,0.0,,
certified_only,432,26,55,False,0,,,,,,,,,,,,,,,,,0.0,,
certified_only,433,52,3,False,0,,,,,,,,,,,,,,,,,0.0,,
certified_only,434,340,203,False,0,,,,,,,,,,,,,,,,,0.0,,
certified_only,435,209,198,False,0,,,,,,,,,,,,,,,,,0.0,,
certified_only,436,47,40,False,0,,,,,,,,,,,,,,,,,0.0,,
certified_only,437,398,312,False,0,,,,,,,,,,,,,,,,,0.0,,
certified_only,438,392,306,False,0,,,,,,,,,,,,,,,,,0.0,,
certified_only,439,273,187,False,0,,,,,,,,,,,,,,,,,0.0,,
certified_only,440,287,392,False,0,,,,,,,,,,,,,,,,,0.0,,
certified_only,441,204,304,False,0,,,,,,,,,,,,,,,,,0.0,,
certified_only,442,21,143,False,0,,,,,,,,,,,,,,,,,0.0,,
certified_only,443,306,221,False,0,,,,,,,,,,,,,,,,,0.0,,
certified_only,444,200,213,False,0,,,,,,,,,,,,,,,,,0.0,,
certified_only,445,226,312,False,0,,,,,,,,,,,,,,,,,0.0,,
certified_only,446,239,227,False,0,,,,,,,,,,,,,,,,,0.0,,
certified_only,447,209,261,False,0,,,,,,,,,,,,,,,,,0.0,,
certified_only,448,158,212,False,0,,,,,,,,,,,,,,,,,0.0,,
certified_only,449,26,80,False,0,,,,,,,,,,,,,,,,,0.0,,
certified_only,450,9,40,False,0,,,,,,,,,,,,,,,,,0.0,,
certified_only,451,19,12,False,0,,,,,,,,,,,,,,,,,0.0,,
certified_only,452,280,226,False,0,,,,,,,,,,,,,,,,,0.0,,
certified_only,453,312,226,False,0,,,,,,,,,,,,,,,,,0.0,,
certified_only,454,56,7,False,0,,,,,,,,,,,,,,,,,0.0,,
certified_only,455,312,227,False,0,,,,,,,,,,,,,,,,,0.0,,
certified_only,456,260,384,False,0,,,,,,,,,,,,,,,,,0.0,,
certified_only,457,281,387,False,0,,,,,,,,,,,,,,,,,0.0,,
certified_only,458,235,224,False,0,,,,,,,,,,,,,,,,,0.0,,
certified_only,459,300,227,False,0,,,,,,,,,,,,,,,,,0.0,,
certified_only,460,47,140,False,0,,,,,,,,,,,,,,,,,0.0,,
certified_only,461,24,52,False,0,,,,,,,,,,,,,,,,,0.0,,
certified_only,462,81,146,False,0,,,,,,,,,,,,,,,,,0.0,,
certified_only,463,352,346,False,0,,,,,,,,,,,,,,,,,0.0,,
certified_only,464,186,260,False,0,,,,,,,,,,,,,,,,,0.0,,
certified_only,465,272,358,False,0,,,,,,,,,,,,,,,,,0.0,,
certified_only,466,235,203,False,0,,,,,,,,,,,,,,,,,0.0,,
certified_only,467,353,384,False,0,,,,,,,,,,,,,,,,,0.0,,
certified_only,468,81,6,False,0,,,,,,,,,,,,,,,,,0.0,,
certified_only,469,233,221,False,0,,,,,,,,,,,,,,,,,0.0,,
certified_only,470,132,218,False,0,,,,,,,,,,,,,,,,,0.0,,
certified_only,471,352,337,False,0,,,,,,,,,,,,,,,,,0.0,,
certified_only,472,147,232,False,0,,,,,,,,,,,,,,,,,0.0,,
certified_only,473,392,381,False,0,,,,,,,,,,,,,,,,,0.0,,
certified_only,474,21,86,False,0,,,,,,,,,,,,,,,,,0.0,,
certified_only,475,389,341,False,0,,,,,,,,,,,,,,,,,0.0,,
certified_only,476,100,167,False,0,,,,,,,,,,,,,,,,,0.0,,
certified_only,477,223,304,False,0,,,,,,,,,,,,,,,,,0.0,,
certified_only,478,4,52,False,0,,,,,,,,,,,,,,,,,0.0,,
certified_only,479,253,204,False,0,,,,,,,,,,,,,,,,,0.0,,
certified_only,480,229,315,False,0,,,,,,,,,,,,,,,,,0.0,,
certified_only,481,358,352,False,0,,,,,,,,,,,,,,,,,0.0,,
certified_only,482,55,7,False,0,,,,,,,,,,,,,,,,,0.0,,
certified_only,483,206,300,False,0,,,,,,,,,,,,,,,,,0.0,,
certified_only,484,59,10,False,0,,,,,,,,,,,,,,,,,0.0,,
certified_only,485,75,6,False,0,,,,,,,,,,,,,,,,,0.0,,
certified_only,486,312,226,False,0,,,,,,,,,,,,,,,,,0.0,,
certified_only,487,235,136,False,0,,,,,,,,,,,,,,,,,0.0,,
certified_only,488,352,383,False,0,,,,,,,,,,,,,,,,,0.0,,
certified_only,489,52,46,False,0,,,,,,,,,,,,,,,,,0.0,,
certified_only,490,80,87,False,0,,,,,,,,,,,,,,,,,0.0,,
certified_only,491,209,178,False,0,,,,,,,,,,,,,,,,,0.0,,
certified_only,492,326,333,False,0,,,,,,,,,,,,,,,,,0.0,,
certified_only,493,358,352,False,0,,,,,,,,,,,,,,,,,0.0,,
certified_only,494,238,313,False,0,,,,,,,,,,,,,,,,,0.0,,
certified_only,495,387,301,False,0,,,,,,,,,,,,,,,,,0.0,,
certified_only,496,106,203,False,0,,,,,,,,,,,,,,,,,0.0,,
certified_only,497,381,200,False,0,,,,,,,,,,,,,,,,,0.0,,
certified_only,498,339,273,False,0,,,,,,,,,,,,,,,,,0.0,,
certified_only,499,223,284,False,0,,,,,,,,,,,,,,,,,0.0,,
proxy_threshold,0,158,212,False,0,,,,,,,,,,,,,,,,,0.0,,
proxy_threshold,1,203,303,True,7,57.07281312820932,57.07281312820932,0.3029439635279125,0.2623631994962074,0.18480878287649935,0.0550499876417276,0.655318246843701,0.29244594600292123,0.2833333333333333,0.28287427260244863,0.8571428571428571,0.0,0.0,0.0,0.14285714285714285,0.8571428571428571,0.00021532780202797807,203 204 223 221 241 261 281 303,214 224 330 320 405 418 434
proxy_threshold,2,1,12,False,0,,,,,,,,,,,,,,,,,0.0,,
proxy_threshold,3,392,381,False,0,,,,,,,,,,,,,,,,,0.0,,
proxy_threshold,4,41,9,False,0,,,,,,,,,,,,,,,,,0.0,,
proxy_threshold,5,347,353,False,0,,,,,,,,,,,,,,,,,0.0,,
proxy_threshold,6,283,384,False,0,,,,,,,,,,,,,,,,,0.0,,
proxy_threshold,7,367,292,False,0,,,,,,,,,,,,,,,,,0.0,,
proxy_threshold,8,381,392,False,0,,,,,,,,,,,,,,,,,0.0,,
proxy_threshold,9,384,383,True,1,7.040455669703137,7.040455669703137,0.2541310617962141,0.2541310617962141,0.1789936562400814,0.1789936562400814,0.3770330578368469,0.3595335082545346,0.0,0.2457142857142857,1.0,0.0,0.0,0.0,0.0,0.0,0.2541310617962141,384 383,555
proxy_threshold,10,315,229,False,0,,,,,,,,,,,,,,,,,0.0,,
proxy_threshold,11,238,132,False,0,,,,,,,,,,,,,,,,,0.0,,
proxy_threshold,12,30,126,False,0,,,,,,,,,,,,,,,,,0.0,,
proxy_threshold,13,223,340,True,9,68.79948484551782,68.79948484551782,0.27863422623040157,0.2567380772079585,0.15452266574766513,0.0550499876417276,0.6342476976799107,0.272274662625125,0.34259259259259256,0.20988040232502306,1.0,0.0,0.0,0.0,0.1111111111111111,0.5555555555555556,9.95808968058045e-06,223 221 241 261 281 301 321 341 361 340,330 320 405 418 433 453 498 517 533
proxy_threshold,14,227,47,False,0,,,,,,,,,,,,,,,,,0.0,,
proxy_threshold,15,387,301,False,0,,,,,,,,,,,,,,,,,0.0,,
proxy_threshold,16,300,366,False,0,,,,,,,,,,,,,,,,,0.0,,
proxy_threshold,17,227,312,True,7,62.32952965680067,62.32952965680067,0.30941677135290707,0.2713196149618653,0.2265818638739376,0.0455860626446362,0.7398755823433841,0.4524624035070409,0.4104308390022675,0.22598277444666842,0.8571428571428571,0.0,0.0,0.2857142857142857,0.2857142857142857,0.8571428571428571,0.0002539046406323341,227 208 210 212 233 252 292 312,347 253 266 277 385 412 439
proxy_threshold,18,124,7,False,0,,,,,,,,,,,,,,,,,0.0,,
proxy_threshold,19,380,201,False,0,,,,,,,,,,,,,,,,,0.0,,
proxy_threshold,20,306,201,False,0,,,,,,,,,,,,,,,,,0.0,,
proxy_threshold,21,144,1,False,0,,,,,,,,,,,,,,,,,0.0,,
proxy_threshold,22,260,383,False,0,,,,,,,,,,,,,,,,,0.0,,
proxy_threshold,23,10,40,False,0,,,,,,,,,,,,,,,,,0.0,,
proxy_threshold,24,384,304,False,0,,,,,,,,,,,,,,,,,0.0,,
proxy_threshold,25,127,4,True,7,50.74135194323649,50.74135194323649,0.2933893271740115,0.2503759043598492,0.10527617158136547,0.0140378274609748,0.7724128003802291,0.34846697721771897,0.44642857142857145,0.2589980356859915,1.0,0.0,0.0,0.14285714285714285,0.42857142857142855,0.42857142857142855,0.000182876297037222,127 107 87 67 47 26 5 4,176 154 142 131 109 61 9
proxy_threshold,26,318,392,False,0,,,,,,,,,,,,,,,,,0.0,,
proxy_threshold,27,229,124,False,0,,,,,,,,,,,,,,,,,0.0,,
proxy_threshold,28,301,227,False,0,,,,,,,,,,,,,,,,,0.0,,
proxy_threshold,29,198,230,False,0,,,,,,,,,,,,,,,,,0.0,,
proxy_threshold,30,215,135,False,0,,,,,,,,,,,,,,,,,0.0,,
proxy_threshold,31,221,381,True,8,55.52380263579599,55.52380263579599,0.28347075573633423,0.2567380772079585,0.18596362001536365,0.1252090263318243,0.5678582241468066,0.23419670182696034,0.26041666666666663,0.23035558789833904,1.0,0.0,0.0,0.0,0.0,0.625,4.085553056130656e-05,221 241 261 281 301 321 341 361 381,320 405 418 433 453 498 517 535
proxy_threshold,32,124,203,True,9,69.34199476962543,69.34199476962543,0.27647869446201345,0.2563114156166033,0.1676218262832652,0.0822171657090155,0.6421821821941064,0.3508881137955766,0.22178130511463842,0.26593609621913583,1.0,0.0,0.0,0.1111111111111111,0.1111111111111111,0.8888888888888888,9.170339164667028e-06,124 146 187 207 227 206 205 224 204 203,169 185 210 249 345 236 231 334 220
proxy_threshold,33,10,40,False,0,,,,,,,,,,,,,,,,,0.0,,
proxy_threshold,34,306,220,False,0,,,,,,,,,,,,,,,,,0.0,,
proxy_threshold,35,55,6,False,0,,,,,,,,,,,,,,,,,0.0,,
proxy_threshold,36,144,0,False,0,,,,,,,,,,,,,,,,,0.0,,
proxy_threshold,37,390,252,False,0,,,,,,,,,,,,,,,,,0.0,,
proxy_threshold,38,7,187,True,7,56.06976449400672,56.06976449400672,0.28975885132065843,0.2570037362523396,0.15745233854251658,0.0162317522628259,0.6779575271478079,0.29813851897500004,0.2183673469387755,0.28463868799756115,1.0,0.0,0.0,0.2857142857142857,0.0,0.8571428571428571,0.00016780901301947611,7 27 47 67 107 127 146 187,24 74 112 134 157 178 185
proxy_threshold,39,398,313,False,0,,,,,,,,,,,,,,,,,0.0,,
proxy_threshold,40,76,6,False,0,,,,,,,,,,,,,,,,,0.0,,
proxy_threshold,41,233,138,False,0,,,,,,,,,,,,,,,,,0.0,,
proxy_threshold,42,58,9,False,0,,,,,,,,,,,,,,,,,0.0,,
proxy_threshold,43,381,220,False,0,,,,,,,,,,,,,,,,,0.0,,
proxy_threshold,44,153,238,False,0,,,,,,,,,,,,,,,,,0.0,,
proxy_threshold,45,199,253,False,0,,,,,,,,,,,,,,,,,0.0,,
proxy_threshold,46,153,238,False,0,,,,,,,,,,,,,,,,,0.0,,
proxy_threshold,47,346,260,False,0,,,,,,,,,,,,,,,,,0.0,,
proxy_threshold,48,41,10,False,0,,,,,,,,,,,,,,,,,0.0,,
proxy_threshold,49,155,236,False,0,,,,,,,,,,,,,,,,,0.0,,
proxy_threshold,50,3,147,False,0,,,,,,,,,,,,,,,,,0.0,,
proxy_threshold,51,139,212,False,0,,,,,,,,,,,,,,,,,0.0,,
proxy_threshold,52,238,133,False,0,,,,,,,,,,,,,,,,,0.0,,
proxy_threshold,53,386,301,False,0,,,,,,,,,,,,,,,,,0.0,,
proxy_threshold,54,327,260,False,0,,,,,,,,,,,,,,,,,0.0,,
proxy_threshold,55,23,120,False,0,,,,,,,,,,,,,,,,,0.0,,
proxy_threshold,56,358,273,False,0,,,,,,,,,,,,,,,,,0.0,,
proxy_threshold,57,4,52,False,0,,,,,,,,,,,,,,,,,0.0,,
proxy_threshold,58,186,235,True,8,71.44281404004039,71.44281404004039,0.31177563447511336,0.2579846898505271,0.19691891140671736,0.0162317522628259,0.7753372938414056,0.4060057771866722,0.35639880952380953,0.22196568920666954,0.75,0.0,0.0,0.375,0.375,0.5,8.072611346432768e-05,186 207 227 208 210 212 214 216 235,205 249 347 253 266 273 287 302
proxy_threshold,59,223,123,False,0,,,,,,,,,,,,,,,,,0.0,,
proxy_threshold,60,107,210,True,7,57.03917230436094,57.03917230436094,0.2868644406641114,0.2570037362523396,0.14950158299789898,0.0822171657090155,0.7131685978620556,0.34087276858462434,0.2704081632653061,0.2646278637066211,1.0,0.0,0.0,0.14285714285714285,0.14285714285714285,1.0,0.00015627735020386316,107 127 146 187 207 227 208 210,157 178 185 210 249 347 253
proxy_threshold,61,358,353,False,0,,,,,,,,,,,,,,,,,0.0,,
proxy_threshold,62,380,392,False,0,,,,,,,,,,,,,,,,,0.0,,
proxy_threshold,63,209,198,True,6,54.0391965563498,54.0391965563498,0.3059333606590285,0.2566338674321028,0.23581153080380846,0.0162317522628259,0.7252565810691488,0.4119593567261726,0.39285714285714285,0.20616531198822885,0.8333333333333334,0.0,0.0,0.3333333333333333,0.3333333333333333,0.16666666666666666,0.000745854449620925,209 210 212 213 215 217 198,259 266 272 280 294 304
proxy_threshold,64,261,347,False,0,,,,,,,,,,,,,,,,,0.0,,
proxy_threshold,65,299,393,False,0,,,,,,,,,,,,,,,,,0.0,,
proxy_threshold,66,138,232,False,0,,,,,,,,,,,,,,,,,0.0,,
proxy_threshold,67,46,52,False,0,,,,,,,,,,,,,,,,,0.0,,
proxy_threshold,68,152,238,False,0,,,,,,,,,,,,,,,,,0.0,,
proxy_threshold,69,9,127,True,5,41.8181453916703,41.8181453916703,0.2889442983596638,0.2669815990323059,0.1455261881706739,0.0162317522628259,0.7157533225346641,0.3635677741522393,0.24857142857142858,0.29643049981914665,1.0,0.0,0.0,0.4,0.0,0.8,0.0019951989814951704,9 27 47 67 107 127,36 74 112 134 157
proxy_threshold,70,24,53,False,0,,,,,,,,,,,,,,,,,0.0,,
proxy_threshold,71,233,220,False,0,,,,,,,,,,,,,,,,,0.0,,
proxy_threshold,72,19,13,False,0,,,,,,,,,,,,,,,,,0.0,,
proxy_threshold,73,19,32,False,0,,,,,,,,,,,,,,,,,0.0,,
proxy_threshold,74,155,235,False,0,,,,,,,,,,,,,,,,,0.0,,
proxy_threshold,75,301,227,False,0,,,,,,,,,,,,,,,,,0.0,,
proxy_threshold,76,4,52,False,0,,,,,,,,,,,,,,,,,0.0,,
proxy_threshold,77,18,13,False,0,,,,,,,,,,,,,,,,,0.0,,
proxy_threshold,78,201,126,False,0,,,,,,,,,,,,,,,,,0.0,,
proxy_threshold,79,218,133,False,0,,,,,,,,,,,,,,,,,0.0,,
proxy_threshold,80,58,10,False,0,,,,,,,,,,,,,,,,,0.0,,
proxy_threshold,81,158,232,False,0,,,,,,,,,,,,,,,,,0.0,,
proxy_threshold,82,135,216,False,0,,,,,,,,,,,,,,,,,0.0,,
proxy_threshold,83,318,392,False,0,,,,,,,,,,,,,,,,,0.0,,
proxy_threshold,84,3,52,False,0,,,,,,,,,,,,,,,,,0.0,,
proxy_threshold,85,286,392,False,0,,,,,,,,,,,,,,,,,0.0,,
proxy_threshold,86,299,232,False,0,,,,,,,,,,,,,,,,,0.0,,
proxy_threshold,87,213,146,True,6,52.60339346865928,52.60339346865928,0.33347312723606887,0.2520018363742998,0.2159837120686945,0.0455860626446362,0.8132354234172469,0.46469715468111605,0.4244047619047619,0.31179057414568273,0.6666666666666666,0.0,0.0,0.3333333333333333,0.16666666666666666,1.0,0.0011778739349298545,213 231 209 208 187 167 146,281 362 258 250 207 193
proxy_threshold,88,13,1,False,0,,,,,,,,,,,,,,,,,0.0,,
proxy_threshold,89,229,178,True,7,62.095423027748254,62.095423027748254,0.3024554598162591,0.2634236439806626,0.22780047294998157,0.0162317522628259,0.6863246120706182,0.3819267517620314,0.40476190476190477,0.230975644429948,0.8571428571428571,0.0,0.0,0.2857142857142857,0.2857142857142857,0.0,0.0002104287625049205,229 210 212 213 215 217 198 178,352 266 272 280 294 304 211
proxy_threshold,90,304,369,False,0,,,,,,,,,,,,,,,,,0.0,,
proxy_threshold,91,226,300,True,11,82.93136539722803,82.93136539722803,0.280269538827181,0.2601306390836223,0.1529472682759203,0.0550499876417276,0.6285802601962874,0.3071561249285372,0.30122655122655123,0.2523194292157412,1.0,0.0,0.0,0.0,0.09090909090909091,0.6363636363636364,8.214682234184026e-07,226 206 205 224 223 221 241 261 281 301 321 300,340 236 231 337 330 320 405 418 433 453 495
proxy_threshold,92,383,303,False,0,,,,,,,,,,,,,,,,,0.0,,
proxy_threshold,93,347,353,False,0,,,,,,,,,,,,,,,,,0.0,,
proxy_threshold,94,158,232,False,0,,,,,,,,,,,,,,,,,0.0,,
proxy_threshold,95,4,121,True,9,78.36382504796508,78.36382504796508,0.2834990817780852,0.2534409634492687,0.14216195462111572,0.0134806622825735,0.7491927976182636,0.4002328896098024,0.34351851851851856,0.23538374859345002,0.8888888888888888,0.0,0.0,0.4444444444444444,0.1111111111111111,0.4444444444444444,1.0950523469414744e-05,4 6 26 46 67 107 126 124 122 121,6 17 66 106 134 156 172 166 160
proxy_threshold,96,398,312,False,0,,,,,,,,,,,,,,,,,0.0,,
proxy_threshold,97,146,40,False,0,,,,,,,,,,,,,,,,,0.0,,
proxy_threshold,98,20,123,False,0,,,,,,,,,,,,,,,,,0.0,,
proxy_threshold,99,393,213,False,0,,,,,,,,,,,,,,,,,0.0,,
proxy_threshold,100,347,261,False,0,,,,,,,,,,,,,,,,,0.0,,
proxy_threshold,101,146,41,False,0,,,,,,,,,,,,,,,,,0.0,,
proxy_threshold,102,238,313,True,6,51.099490542591745,51.099490542591745,0.2889527202464361,0.2552064098311057,0.22573259046611235,0.1814151960120733,0.6756748760835527,0.5286619613768159,0.21851851851851847,0.23740404316628472,0.8333333333333334,0.0,0.0,0.5,0.0,0.6666666666666666,0.000557743261670533,238 236 235 233 273 293 313,401 397 391 386 428 445
proxy_threshold,103,46,140,False,0,,,,,,,,,,,,,,,,,0.0,,
proxy_threshold,104,280,207,False,0,,,,,,,,,,,,,,,,,0.0,,
proxy_threshold,105,221,233,True,7,66.47868827836037,66.47868827836037,0.33303290509343925,0.2713196149618653,0.2650311264537967,0.0706109170850743,0.7832954363347101,0.4367711463437084,0.41836734693877553,0.21447932484528817,0.7142857142857143,0.0,0.0,0.2857142857142857,0.42857142857142855,0.8571428571428571,0.00039516556627915817,221 222 204 206 208 210 212 233,318 322 222 238 253 266 277
proxy_threshold,106,13,87,False,0,,,,,,,,,,,,,,,,,0.0,,
proxy_threshold,107,156,158,False,0,,,,,,,,,,,,,,,,,0.0,,
proxy_threshold,108,383,260,False,0,,,,,,,,,,,,,,,,,0.0,,
proxy_threshold,109,390,341,False,0,,,,,,,,,,,,,,,,,0.0,,
proxy_threshold,110,333,346,False,0,,,,,,,,,,,,,,,,,0.0,,
proxy_threshold,111,301,226,False,0,,,,,,,,,,,,,,,,,0.0,,
proxy_threshold,112,41,146,False,0,,,,,,,,,,,,,,,,,0.0,,
proxy_threshold,113,124,7,False,0,,,,,,,,,,,,,,,,,0.0,,
proxy_threshold,114,384,260,False,0,,,,,,,,,,,,,,,,,0.0,,
proxy_threshold,115,399,292,False,0,,,,,,,,,,,,,,,,,0.0,,
proxy_threshold,116,273,166,True,6,52.380595044439346,52.380595044439346,0.3708839112529329,0.2691163476254959,0.3219588184670233,0.0455860626446362,0.7711740443949128,0.3964998140242247,0.4303571428571428,0.32781892211490393,0.5,0.0,0.0,0.16666666666666666,0.16666666666666666,1.0,0.0022882121904383916,273 252 231 209 208 187 166,425 407 362 258 250 206
proxy_threshold,117,398,313,False,0,,,,,,,,,,,,,,,,,0.0,,
proxy_threshold,118,306,393,False,0,,,,,,,,,,,,,,,,,0.0,,
proxy_threshold,119,236,135,False,0,,,,,,,,,,,,,,,,,0.0,,
proxy_threshold,120,19,12,False,0,,,,,,,,,,,,,,,,,0.0,,
proxy_threshold,121,393,319,False,0,,,,,,,,,,,,,,,,,0.0,,
proxy_threshold,122,136,235,False,0,,,,,,,,,,,,,,,,,0.0,,
proxy_threshold,123,359,353,False,0,,,,,,,,,,,,,,,,,0.0,,
proxy_threshold,124,136,216,False,0,,,,,,,,,,,,,,,,,0.0,,
proxy_threshold,125,87,1,True,6,50.817505287369514,50.817505287369514,0.2924254799714127,0.2503759043598492,0.10019251299751608,0.0140378274609748,0.836676366172045,0.40873619604187694,0.5180555555555556,0.2003617836340393,1.0,0.0,0.0,0.16666666666666666,0.5,0.16666666666666666,0.0006101695358004895,87 67 47 26 5 3 1,142 131 109 61 8 1
proxy_threshold,126,133,218,False,0,,,,,,,,,,,,,,,,,0.0,,
proxy_threshold,127,283,203,False,0,,,,,,,,,,,,,,,,,0.0,,
proxy_threshold,128,58,9,False,0,,,,,,,,,,,,,,,,,0.0,,
proxy_threshold,129,224,124,False,0,,,,,,,,,,,,,,,,,0.0,,
proxy_threshold,130,312,206,True,6,55.09856003039048,55.09856003039048,0.30596278507756886,0.2500212733977696,0.22770667723518237,0.1019127634820017,0.727655221992585,0.5095206638735545,0.2777116402116402,0.24347784286975008,0.8333333333333334,0.0,0.0,0.5,0.16666666666666666,0.8333333333333334,0.0007277073022510546,312 292 252 231 229 227 206,473 435 407 365 353 345
proxy_threshold,131,1,144,False,0,,,,,,,,,,,,,,,,,0.0,,
proxy_threshold,132,167,8,False,0,,,,,,,,,,,,,,,,,0.0,,
proxy_threshold,133,346,260,False,0,,,,,,,,,,,,,,,,,0.0,,
proxy_threshold,134,78,9,False,0,,,,,,,,,,,,,,,,,0.0,,
proxy_threshold,135,369,272,False,0,,,,,,,,,,,,,,,,,0.0,,
proxy_threshold,136,306,381,False,0,,,,,,,,,,,,,,,,,0.0,,
proxy_threshold,137,358,252,False,0,,,,,,,,,,,,,,,,,0.0,,
proxy_threshold,138,224,341,True,8,59.62150714758022,59.62150714758022,0.2772084792972111,0.2601306390836223,0.1478226895330848,0.0550499876417276,0.6002499825681886,0.27075190385039344,0.3125,0.2405894144743184,1.0,0.0,0.0,0.0,0.125,0.625,3.438497024502328e-05,224 223 221 241 261 281 301 321 341,337 330 320 405 418 433 453 498
proxy_threshold,139,144,210,False,0,,,,,,,,,,,,,,,,,0.0,,
proxy_threshold,140,381,285,False,0,,,,,,,,,,,,,,,,,0.0,,
proxy_threshold,141,340,204,False,0,,,,,,,,,,,,,,,,,0.0,,
proxy_threshold,142,121,46,False,0,,,,,,,,,,,,,,,,,0.0,,
proxy_threshold,143,201,127,False,0,,,,,,,,,,,,,,,,,0.0,,
proxy_threshold,144,307,380,False,0,,,,,,,,,,,,,,,,,0.0,,
proxy_threshold,145,392,381,False,0,,,,,,,,,,,,,,,,,0.0,,
proxy_threshold,146,346,346,True,0,0.0,0.0,,,,,,,,,,,,,,,0.0,346,
proxy_threshold,147,381,306,False,0,,,,,,,,,,,,,,,,,0.0,,
proxy_threshold,148,135,235,False,0,,,,,,,,,,,,,,,,,0.0,,
proxy_threshold,149,1,12,False,0,,,,,,,,,,,,,,,,,0.0,,
proxy_threshold,150,261,229,False,0,,,,,,,,,,,,,,,,,0.0,,
proxy_threshold,151,381,306,False,0,,,,,,,,,,,,,,,,,0.0,,
proxy_threshold,152,386,301,False,0,,,,,,,,,,,,,,,,,0.0,,
proxy_threshold,153,235,155,False,0,,,,,,,,,,,,,,,,,0.0,,
proxy_threshold,154,59,9,False,0,,,,,,,,,,,,,,,,,0.0,,
proxy_threshold,155,7,55,False,0,,,,,,,,,,,,,,,,,0.0,,
proxy_threshold,156,198,229,False,0,,,,,,,,,,,,,,,,,0.0,,
proxy_threshold,157,381,392,False,0,,,,,,,,,,,,,,,,,0.0,,
proxy_threshold,158,4,126,True,6,50.84212780793683,50.84212780793683,0.2659294049678741,0.2534409634492687,0.1241581260075648,0.0162317522628259,0.7181330516414953,0.3504149741972458,0.23749999999999996,0.22918282467123938,1.0,0.0,0.0,0.3333333333333333,0.0,0.6666666666666666,0.0003514877044686855,4 6 26 46 67 107 126,6 17 66 106 134 156
proxy_threshold,159,272,187,True,6,53.74528638004732,53.74528638004732,0.36653212620852926,0.2691163476254959,0.29326549539412067,0.0455860626446362,0.8474720249995956,0.4614480271183686,0.4248015873015872,0.32789181522586763,0.5,0.0,0.0,0.3333333333333333,0.16666666666666666,1.0,0.0021103178307401065,272 292 252 231 209 208 187,422 435 407 362 258 250
proxy_threshold,160,224,303,True,6,49.00627943591688,49.00627943591688,0.29609729207705776,0.2601306390836223,0.1555645685325796,0.0550499876417276,0.6724783994813041,0.3107441763207674,0.33055555555555555,0.2933683737396772,0.8333333333333334,0.0,0.0,0.0,0.16666666666666666,0.6666666666666666,0.0006144510170194114,224 223 221 241 261 281 303,337 330 320 405 418 434
proxy_threshold,161,241,347,True,17,154.3748388129883,154.3748388129883,0.3300358788185291,0.2713196149618653,0.2650411028016324,0.0455860626446362,0.7651580255002447,0.44037360200646664,0.42521008403361343,0.23310292458922985,0.7647058823529411,0.0,0.0,0.35294117647058826,0.29411764705882354,0.7647058823529411,4.984428820180742e-09,241 222 204 206 208 210 212 233 252 292 312 332 353 372 390 388 367 347,403 322 222 238 253 266 277 385 412 439 476 509 531 546 574 565 538
proxy_threshold,162,221,380,False,0,,,,,,,,,,,,,,,,,0.0,,
proxy_threshold,163,9,126,True,5,42.85182496173999,42.85182496173999,0.2811486756758375,0.2588245405338517,0.14567462864302338,0.0162317522628259,0.7213028470933567,0.4154229636810178,0.22857142857142856,0.270632192505142,1.0,0.0,0.0,0.4,0.0,0.8,0.0017340559353800325,9 27 47 67 107 126,36 74 112 134 156
proxy_threshold,164,300,387,False,0,,,,,,,,,,,,,,,,,0.0,,
proxy_threshold,165,86,187,True,3,27.95941274147353,27.95941274147353,0.31400196799806096,0.2567311624743115,0.22987354226386994,0.0822171657090155,0.7539718380450452,0.398662224297157,0.2380952380952381,0.27382232462877615,0.6666666666666666,0.0,0.0,0.3333333333333333,0.3333333333333333,1.0,0.028257692653210053,86 106 146 187,139 152 185
proxy_threshold,166,67,120,False,0,,,,,,,,,,,,,,,,,0.0,,
proxy_threshold,167,261,166,False,0,,,,,,,,,,,,,,,,,0.0,,
proxy_threshold,168,232,393,True,7,56.00515776759832,56.00515776759832,0.29308867261065047,0.2571458554705778,0.20467517812010969,0.0455860626446362,0.6497467482667865,0.3514429508707363,0.3238095238095238,0.2917203722932265,1.0,0.0,0.0,0.14285714285714285,0.14285714285714285,1.0,0.0001807720574177268,232 252 292 312 332 353 372 393,377 412 439 476 509 531 548
proxy_threshold,169,386,301,False,0,,,,,,,,,,,,,,,,,0.0,,
proxy_threshold,170,381,221,False,0,,,,,,,,,,,,,,,,,0.0,,
proxy_threshold,171,221,127,False,0,,,,,,,,,,,,,,,,,0.0,,
proxy_threshold,172,229,124,False,0,,,,,,,,,,,,,,,,,0.0,,
proxy_threshold,173,318,392,False,0,,,,,,,,,,,,,,,,,0.0,,
proxy_threshold,174,126,10,False,0,,,,,,,,,,,,,,,,,0.0,,
proxy_threshold,175,327,261,False,0,,,,,,,,,,,,,,,,,0.0,,
proxy_threshold,176,46,52,False,0,,,,,,,,,,,,,,,,,0.0,,
proxy_threshold,177,199,273,False,0,,,,,,,,,,,,,,,,,0.0,,
proxy_threshold,178,284,204,False,0,,,,,,,,,,,,,,,,,0.0,,
proxy_threshold,179,358,352,False,0,,,,,,,,,,,,,,,,,0.0,,
proxy_threshold,180,381,392,False,0,,,,,,,,,,,,,,,,,0.0,,
proxy_threshold,181,367,301,False,0,,,,,,,,,,,,,,,,,0.0,,
proxy_threshold,182,272,389,True,7,54.726024348254796,54.726024348254796,0.32810715703381055,0.2787767819301013,0.33983362194175903,0.2089257844535967,0.5643814697663291,0.3303144754569492,0.2761904761904762,0.27004858499000084,0.8571428571428571,0.0,0.0,0.14285714285714285,0.14285714285714285,0.8571428571428571,0.00036668020657904074,272 292 312 332 353 372 390 389,422 439 476 509 531 546 575
proxy_threshold,183,392,381,False,0,,,,,,,,,,,,,,,,,0.0,,
proxy_threshold,184,393,286,False,0,,,,,,,,,,,,,,,,,0.0,,
proxy_threshold,185,389,273,False,0,,,,,,,,,,,,,,,,,0.0,,
proxy_threshold,186,307,381,False,0,,,,,,,,,,,,,,,,,0.0,,
proxy_threshold,187,390,316,False,0,,,,,,,,,,,,,,,,,0.0,,
proxy_threshold,188,18,12,False,0,,,,,,,,,,,,,,,,,0.0,,
proxy_threshold,189,387,300,False,0,,,,,,,,,,,,,,,,,0.0,,
proxy_threshold,190,53,3,True,7,61.90351911875119,61.90351911875119,0.2801876113289186,0.2545617452717718,0.12644662696900785,0.0474473265131824,0.7501106908077294,0.447940396005364,0.2523809523809523,0.24014217869637977,1.0,0.0,0.0,0.5714285714285714,0.14285714285714285,0.2857142857142857,0.00013226037864921326,53 33 32 31 9 7 5 3,120 99 91 81 32 19 8
proxy_threshold,191,127,4,True,7,50.74135194323649,50.74135194323649,0.2933893271740115,0.2503759043598492,0.10527617158136547,0.0140378274609748,0.7724128003802291,0.34846697721771897,0.44642857142857145,0.2589980356859915,1.0,0.0,0.0,0.14285714285714285,0.42857142857142855,0.42857142857142855,0.000182876297037222,127 107 87 67 47 26 5 4,176 154 142 131 109 61 9
proxy_threshold,192,393,232,False,0,,,,,,,,,,,,,,,,,0.0,,
proxy_threshold,193,47,227,True,7,56.05980049372698,56.05980049372698,0.28442593265650823,0.2570037362523396,0.15887155089835775,0.0162317522628259,0.6589375112999015,0.3200870971475024,0.17653061224489797,0.29690383870496806,1.0,0.0,0.0,0.2857142857142857,0.0,0.8571428571428571,0.0001472511223249792,47 67 107 127 146 187 207 227,112 134 157 178 185 210 249
proxy_threshold,194,227,301,True,9,68.74941386237919,68.74941386237919,0.276538109449647,0.2601306390836223,0.1475431984211675,0.0550499876417276,0.6136993148696643,0.30115866309763795,0.29902998236331574,0.2332201080760418,1.0,0.0,0.0,0.0,0.1111111111111111,0.6666666666666666,9.305017383861296e-06,227 206 205 224 223 221 241 261 281 301,345 236 231 337 330 320 405 418 433
proxy_threshold,195,239,227,False,0,,,,,,,,,,,,,,,,,0.0,,
proxy_threshold,196,341,389,False,0,,,,,,,,,,,,,,,,,0.0,,
proxy_threshold,197,352,358,False,0,,,,,,,,,,,,,,,,,0.0,,
proxy_threshold,198,280,386,False,0,,,,,,,,,,,,,,,,,0.0,,
proxy_threshold,199,81,167,False,0,,,,,,,,,,,,,,,,,0.0,,
proxy_threshold,200,384,304,False,0,,,,,,,,,,,,,,,,,0.0,,
proxy_threshold,201,226,301,True,9,67.74199950671763,67.74199950671763,0.27751977082235085,0.2601306390836223,0.1489671121147718,0.0550499876417276,0.6127441865682912,0.30171868159539117,0.28668430335097,0.233171713316767,1.0,0.0,0.0,0.0,0.1111111111111111,0.6666666666666666,9.612189950484738e-06,226 206 205 224 223 221 241 261 281 301,340 236 231 337 330 320 405 418 433
proxy_threshold,202,383,353,False,0,,,,,,,,,,,,,,,,,0.0,,
proxy_threshold,203,280,386,False,0,,,,,,,,,,,,,,,,,0.0,,
proxy_threshold,204,358,352,False,0,,,,,,,,,,,,,,,,,0.0,,
proxy_threshold,205,223,86,False,0,,,,,,,,,,,,,,,,,0.0,,
proxy_threshold,206,52,47,True,6,49.90896085444775,49.90896085444775,0.276385680829685,0.2664204926656898,0.13999301781154402,0.0500734647505455,0.7241205713037348,0.4187535897797232,0.22142857142857142,0.242043398372119,1.0,0.0,0.0,0.3333333333333333,0.0,0.5,0.00044387159144432167,52 33 32 31 9 27 47,116 99 91 81 36 74
proxy_threshold,207,223,236,True,8,73.59520215822721,73.59520215822721,0.2981247788052019,0.2554525266757684,0.20461547579010805,0.0706109170850743,0.7307678285181125,0.41660284535509373,0.38690476190476186,0.2080720152772061,0.875,0.0,0.0,0.375,0.375,0.375,5.701798801429804e-05,223 205 206 208 210 212 213 215 236,329 228 238 253 266 272 280 297
proxy_threshold,208,347,353,False,0,,,,,,,,,,,,,,,,,0.0,,
proxy_threshold,209,346,241,False,0,,,,,,,,,,,,,,,,,0.0,,
proxy_threshold,210,341,390,False,0,,,,,,,,,,,,,,,,,0.0,,
proxy_threshold,211,384,303,False,0,,,,,,,,,,,,,,,,,0.0,,
proxy_threshold,212,106,203,True,9,69.39478117412548,69.39478117412548,0.2890024046781683,0.2563114156166033,0.19594923355390914,0.0822171657090155,0.6442287610721529,0.3440408864590195,0.23765432098765432,0.2638196941027337,0.8888888888888888,0.0,0.0,0.1111111111111111,0.1111111111111111,0.8888888888888888,1.2445874245749472e-05,106 146 187 207 227 206 205 224 204 203,152 185 210 249 345 236 231 334 220
proxy_threshold,213,75,6,False,0,,,,,,,,,,,,,,,,,0.0,,
proxy_threshold,214,381,392,False,0,,,,,,,,,,,,,,,,,0.0,,
proxy_threshold,215,387,313,False,0,,,,,,,,,,,,,,,,,0.0,,
proxy_threshold,216,303,389,False,0,,,,,,,,,,,,,,,,,0.0,,
proxy_threshold,217,212,318,False,0,,,,,,,,,,,,,,,,,0.0,,
proxy_threshold,218,341,347,False,0,,,,,,,,,,,,,,,,,0.0,,
proxy_threshold,219,0,12,False,0,,,,,,,,,,,,,,,,,0.0,,
proxy_threshold,220,381,392,False,0,,,,,,,,,,,,,,,,,0.0,,
proxy_threshold,221,87,224,True,8,65.36919960667335,65.36919960667335,0.30794271971604475,0.2570037362523396,0.20840775213849544,0.0822171657090155,0.6924014026614944,0.32495444795502015,0.22569444444444445,0.26483708056582583,0.75,0.0,0.0,0.125,0.125,0.875,7.060033677969377e-05,87 106 146 187 207 227 206 205 224,144 152 185 210 249 345 236 231
proxy_threshold,222,40,66,False,0,,,,,,,,,,,,,,,,,0.0,,
proxy_threshold,223,389,272,False,0,,,,,,,,,,,,,,,,,0.0,,
proxy_threshold,224,121,47,False,0,,,,,,,,,,,,,,,,,0.0,,
proxy_threshold,225,392,381,False,0,,,,,,,,,,,,,,,,,0.0,,
proxy_threshold,226,381,306,False,0,,,,,,,,,,,,,,,,,0.0,,
proxy_threshold,227,10,147,False,0,,,,,,,,,,,,,,,,,0.0,,
proxy_threshold,228,315,215,False,0,,,,,,,,,,,,,,,,,0.0,,
proxy_threshold,229,358,272,False,0,,,,,,,,,,,,,,,,,0.0,,
proxy_threshold,230,347,241,False,0,,,,,,,,,,,,,,,,,0.0,,
proxy_threshold,231,100,7,False,0,,,,,,,,,,,,,,,,,0.0,,
proxy_threshold,232,236,295,False,0,,,,,,,,,,,,,,,,,0.0,,
proxy_threshold,233,30,41,False,0,,,,,,,,,,,,,,,,,0.0,,
proxy_threshold,234,124,7,False,0,,,,,,,,,,,,,,,,,0.0,,
proxy_threshold,235,29,41,False,0,,,,,,,,,,,,,,,,,0.0,,
proxy_threshold,236,144,6,False,0,,,,,,,,,,,,,,,,,0.0,,
proxy_threshold,237,78,9,False,0,,,,,,,,,,,,,,,,,0.0,,
proxy_threshold,238,298,392,False,0,,,,,,,,,,,,,,,,,0.0,,
proxy_threshold,239,295,235,False,0,,,,,,,,,,,,,,,,,0.0,,
proxy_threshold,240,218,227,False,0,,,,,,,,,,,,,,,,,0.0,,
proxy_threshold,241,40,9,False,0,,,,,,,,,,,,,,,,,0.0,,
proxy_threshold,242,39,12,False,0,,,,,,,,,,,,,,,,,0.0,,
proxy_threshold,243,1,12,False,0,,,,,,,,,,,,,,,,,0.0,,
proxy_threshold,244,86,1,True,6,52.92212571358044,52.92212571358044,0.32054479849017364,0.2503759043598492,0.16350072467490004,0.0140378274609748,0.8400242563246998,0.3878316895763752,0.5180555555555556,0.20645326470429382,0.8333333333333334,0.0,0.0,0.16666666666666666,0.5,0.16666666666666666,0.0009702771878402212,86 67 47 26 5 3 1,137 131 109 61 8 1
proxy_threshold,245,41,9,False,0,,,,,,,,,,,,,,,,,0.0,,
proxy_threshold,246,158,212,False,0,,,,,,,,,,,,,,,,,0.0,,
proxy_threshold,247,6,101,False,0,,,,,,,,,,,,,,,,,0.0,,
proxy_threshold,248,24,147,False,0,,,,,,,,,,,,,,,,,0.0,,
proxy_threshold,249,12,107,True,6,53.16421230051601,53.16421230051601,0.2849720130974412,0.2669815990323059,0.14811782237820084,0.0162317522628259,0.7572149267233604,0.44559192474609227,0.2349206349206349,0.26616713351176985,1.0,0.0,0.0,0.5,0.0,0.6666666666666666,0.0005303959301324923,12 31 9 27 47 67 107,53 81 36 74 112 134
proxy_threshold,250,10,41,False,0,,,,,,,,,,,,,,,,,0.0,,
proxy_threshold,251,287,393,False,0,,,,,,,,,,,,,,,,,0.0,,
proxy_threshold,252,123,6,False,0,,,,,,,,,,,,,,,,,0.0,,
proxy_threshold,253,340,390,False,0,,,,,,,,,,,,,,,,,0.0,,
proxy_threshold,254,126,201,False,0,,,,,,,,,,,,,,,,,0.0,,
proxy_threshold,255,52,3,True,7,63.01345464324248,63.01345464324248,0.28212664962429684,0.2564968966344088,0.12126252394407808,0.0474473265131824,0.7854405189924901,0.488217983184723,0.29319727891156466,0.23743166381274622,1.0,0.0,0.0,0.5714285714285714,0.14285714285714285,0.2857142857142857,0.00013931252064414569,52 33 32 31 9 7 5 3,116 99 91 81 32 19 8
proxy_threshold,256,238,313,True,6,51.099490542591745,51.099490542591745,0.2889527202464361,0.2552064098311057,0.22573259046611235,0.1814151960120733,0.6756748760835527,0.5286619613768159,0.21851851851851847,0.23740404316628472,0.8333333333333334,0.0,0.0,0.5,0.0,0.6666666666666666,0.000557743261670533,238 236 235 233 273 293 313,401 397 391 386 428 445
proxy_threshold,257,1,124,True,8,72.24680368721965,72.24680368721965,0.28447905853050204,0.2534409634492687,0.15421576555640668,0.0162317522628259,0.7537255959665718,0.45584127549581815,0.3375,0.2909040901197354,0.875,0.0,0.0,0.5,0.0,0.5,4.036735363910541e-05,1 3 5 26 46 67 107 126 124,0 3 12 66 106 134 156 172
proxy_threshold,258,306,392,False,0,,,,,,,,,,,,,,,,,0.0,,
proxy_threshold,259,232,200,False,0,,,,,,,,,,,,,,,,,0.0,,
proxy_threshold,260,384,284,False,0,,,,,,,,,,,,,,,,,0.0,,
proxy_threshold,261,12,1,True,6,59.062761708848385,59.062761708848385,0.2945711833212124,0.2564968966344088,0.14758916127344765,0.0474473265131824,0.8540625882547198,0.5517214966232694,0.48888888888888893,0.18801508829949956,1.0,0.0,0.0,0.6666666666666666,0.3333333333333333,0.3333333333333333,0.0006393533706872716,12 31 9 7 5 3 1,53 81 32 19 8 1
proxy_threshold,262,7,80,False,0,,,,,,,,,,,,,,,,,0.0,,
proxy_threshold,263,167,80,False,0,,,,,,,,,,,,,,,,,0.0,,
proxy_threshold,264,18,12,False,0,,,,,,,,,,,,,,,,,0.0,,
proxy_threshold,265,155,235,False,0,,,,,,,,,,,,,,,,,0.0,,
proxy_threshold,266,30,126,False,0,,,,,,,,,,,,,,,,,0.0,,
proxy_threshold,267,9,41,False,0,,,,,,,,,,,,,,,,,0.0,,
proxy_threshold,268,143,186,False,0,,,,,,,,,,,,,,,,,0.0,,
proxy_threshold,269,312,226,True,6,54.088744385500945,54.088744385500945,0.30580146241377726,0.2500212733977696,0.21792832900056622,0.1019127634820017,0.72544610174198,0.5150667674328624,0.24067460317460318,0.26547204544653846,0.8333333333333334,0.0,0.0,0.5,0.16666666666666666,0.6666666666666666,0.000725075432492812,312 292 252 231 229 227 226,473 435 407 365 353 348
proxy_threshold,270,187,261,True,9,67.73344237998944,67.73344237998944,0.27473993073957587,0.2601306390836223,0.15857515027943017,0.0550499876417276,0.5982924799344976,0.3146170893212256,0.2675485008818342,0.2556174948169809,1.0,0.0,0.0,0.0,0.1111111111111111,0.6666666666666666,8.762246665630321e-06,187 207 227 206 205 224 223 221 241 261,210 249 345 236 231 337 330 320 405
proxy_threshold,271,200,146,False,0,,,,,,,,,,,,,,,,,0.0,,
proxy_threshold,272,219,313,False,0,,,,,,,,,,,,,,,,,0.0,,
proxy_threshold,273,9,26,True,2,16.361222759605813,16.361222759605813,0.31818866616847163,0.2715463371183793,0.16761520677463596,0.0806563532711999,0.8366609073941351,0.40742814722453813,0.1339285714285714,0.2240189472015221,0.5,0.0,0.0,0.5,0.0,1.0,0.099068520418854,9 27 26,36 72
proxy_threshold,274,261,186,False,0,,,,,,,,,,,,,,,,,0.0,,
proxy_threshold,275,352,383,False,0,,,,,,,,,,,,,,,,,0.0,,
proxy_threshold,276,55,6,False,0,,,,,,,,,,,,,,,,,0.0,,
proxy_threshold,277,100,6,False,0,,,,,,,,,,,,,,,,,0.0,,
proxy_threshold,278,272,224,True,8,70.31600507875527,70.31600507875527,0.30536447669601663,0.2626083871812266,0.21114215044993948,0.1019127634820017,0.7425566557174076,0.4627115836225168,0.3273313492063492,0.2520648281910784,0.875,0.0,0.0,0.375,0.125,0.75,6.748914975626557e-05,272 292 252 231 229 227 206 205 224,422 435 407 365 353 345 236 231
proxy_threshold,279,139,232,False,0,,,,,,,,,,,,,,,,,0.0,,
proxy_threshold,280,55,33,False,0,,,,,,,,,,,,,,,,,0.0,,
proxy_threshold,281,221,381,True,8,55.52380263579599,55.52380263579599,0.28347075573633423,0.2567380772079585,0.18596362001536365,0.1252090263318243,0.5678582241468066,0.23419670182696034,0.26041666666666663,0.23035558789833904,1.0,0.0,0.0,0.0,0.0,0.625,4.085553056130656e-05,221 241 261 281 301 321 341 361 381,320 405 418 433 453 498 517 535
proxy_threshold,282,3,120,False,0,,,,,,,,,,,,,,,,,0.0,,
proxy_threshold,283,41,10,False,0,,,,,,,,,,,,,,,,,0.0,,
proxy_threshold,284,53,4,True,7,58.805171171267624,58.805171171267624,0.27865320212956357,0.2545617452717718,0.12878195387910968,0.0474473265131824,0.7161667458055889,0.40231357463888034,0.31190476190476185,0.2482069259734558,1.0,0.0,0.0,0.42857142857142855,0.2857142857142857,0.2857142857142857,0.00012789972127454378,53 33 32 31 9 7 5 4,120 99 91 81 32 19 9
proxy_threshold,285,218,152,False,0,,,,,,,,,,,,,,,,,0.0,,
proxy_threshold,286,353,347,True,5,44.94299654307658,44.94299654307658,0.34971509991053723,0.2822395689806997,0.2965566311232736,0.1023826859303499,0.8200148888216165,0.4963496272396014,0.43999999999999995,0.23249082224979523,0.8,0.0,0.0,0.6,0.2,0.4,0.004798989120814331,353 372 390 388 367 347,531 546 574 565 538
proxy_threshold,287,381,287,False,0,,,,,,,,,,,,,,,,,0.0,,
proxy_threshold,288,87,224,True,8,65.36919960667335,65.36919960667335,0.30794271971604475,0.2570037362523396,0.20840775213849544,0.0822171657090155,0.6924014026614944,0.32495444795502015,0.22569444444444445,0.26483708056582583,0.75,0.0,0.0,0.125,0.125,0.875,7.060033677969377e-05,87 106 146 187 207 227 206 205 224,144 152 185 210 249 345 236 231
proxy_threshold,289,318,312,False,0,,,,,,,,,,,,,,,,,0.0,,
proxy_threshold,290,136,235,False,0,,,,,,,,,,,,,,,,,0.0,,
proxy_threshold,291,141,47,False,0,,,,,,,,,,,,,,,,,0.0,,
proxy_threshold,292,75,7,False,0,,,,,,,,,,,,,,,,,0.0,,
proxy_threshold,293,40,146,False,0,,,,,,,,,,,,,,,,,0.0,,
proxy_threshold,294,233,392,True,7,55.99610484039934,55.99610484039934,0.30193071080787176,0.2771689355458837,0.2442410357978003,0.0455860626446362,0.6275311811056898,0.3705436738326594,0.3,0.26439301792160647,1.0,0.0,0.0,0.14285714285714285,0.14285714285714285,1.0,0.00022517575827627726,233 252 292 312 332 353 372 392,385 412 439 476 509 531 547
proxy_threshold,295,232,318,False,0,,,,,,,,,,,,,,,,,0.0,,
proxy_threshold,296,201,380,False,0,,,,,,,,,,,,,,,,,0.0,,
proxy_threshold,297,387,313,False,0,,,,,,,,,,,,,,,,,0.0,,
proxy_threshold,298,218,312,False,0,,,,,,,,,,,,,,,,,0.0,,
proxy_threshold,299,143,0,False,0,,,,,,,,,,,,,,,,,0.0,,
proxy_threshold,300,4,141,False,0,,,,,,,,,,,,,,,,,0.0,,
proxy_threshold,301,55,7,False,0,,,,,,,,,,,,,,,,,0.0,,
proxy_threshold,302,0,124,False,0,,,,,,,,,,,,,,,,,0.0,,
proxy_threshold,303,261,229,False,0,,,,,,,,,,,,,,,,,0.0,,
proxy_threshold,304,312,232,False,0,,,,,,,,,,,,,,,,,0.0,,
proxy_threshold,305,298,233,False,0,,,,,,,,,,,,,,,,,0.0,,
proxy_threshold,306,156,235,False,0,,,,,,,,,,,,,,,,,0.0,,
proxy_threshold,307,4,53,False,0,,,,,,,,,,,,,,,,,0.0,,
proxy_threshold,308,6,187,True,7,58.09224616186786,58.09224616186786,0.27320329396499493,0.2534409634492687,0.12297074790105768,0.0162317522628259,0.6954756540271542,0.3017495030973791,0.2110544217687075,0.25919541172439065,1.0,0.0,0.0,0.2857142857142857,0.0,0.8571428571428571,0.00011246820577412615,6 26 46 67 107 127 146 187,17 66 106 134 157 178 185
proxy_threshold,309,286,381,False,0,,,,,,,,,,,,,,,,,0.0,,
proxy_threshold,310,381,392,False,0,,,,,,,,,,,,,,,,,0.0,,
proxy_threshold,311,233,318,False,0,,,,,,,,,,,,,,,,,0.0,,
proxy_threshold,312,359,353,False,0,,,,,,,,,,,,,,,,,0.0,,
proxy_threshold,313,139,213,False,0,,,,,,,,,,,,,,,,,0.0,,
proxy_threshold,314,227,47,False,0,,,,,,,,,,,,,,,,,0.0,,
proxy_threshold,315,23,120,False,0,,,,,,,,,,,,,,,,,0.0,,
proxy_threshold,316,55,6,False,0,,,,,,,,,,,,,,,,,0.0,,
proxy_threshold,317,293,218,True,5,46.286036090775724,46.286036090775724,0.3315604673535944,0.2761330309546221,0.27936347788639904,0.1749290686164959,0.8039967438151207,0.48849443029330686,0.4879365079365079,0.18177335768492436,0.4,0.0,0.0,0.6,0.4,0.8,0.003869842067142602,293 273 233 214 216 218,442 424 380 287 301
proxy_threshold,318,341,224,False,0,,,,,,,,,,,,,,,,,0.0,,
proxy_threshold,319,224,124,False,0,,,,,,,,,,,,,,,,,0.0,,
proxy_threshold,320,273,212,True,2,18.622851844708954,18.622851844708954,0.335511487146705,0.3059954597115534,0.32695369131310803,0.3006360524426366,0.6968428204874751,0.49466691090049053,0.4603174603174603,0.2047815146787939,0.5,0.0,0.0,0.5,0.5,1.0,0.11169676213184097,273 233 212,424 378
proxy_threshold,321,121,4,False,0,,,,,,,,,,,,,,,,,0.0,,
proxy_threshold,322,307,360,False,0,,,,,,,,,,,,,,,,,0.0,,
proxy_threshold,323,21,144,False,0,,,,,,,,,,,,,,,,,0.0,,
proxy_threshold,324,121,4,False,0,,,,,,,,,,,,,,,,,0.0,,
proxy_threshold,325,392,381,False,0,,,,,,,,,,,,,,,,,0.0,,
proxy_threshold,326,287,381,False,0,,,,,,,,,,,,,,,,,0.0,,
proxy_threshold,327,12,18,False,0,,,,,,,,,,,,,,,,,0.0,,
proxy_threshold,328,1,124,True,8,72.24680368721965,72.24680368721965,0.28447905853050204,0.2534409634492687,0.15421576555640668,0.0162317522628259,0.7537255959665718,0.45584127549581815,0.3375,0.2909040901197354,0.875,0.0,0.0,0.5,0.0,0.5,4.036735363910541e-05,1 3 5 26 46 67 107 126 124,0 3 12 66 106 134 156 172
proxy_threshold,329,386,300,False,0,,,,,,,,,,,,,,,,,0.0,,
proxy_threshold,330,332,384,False,0,,,,,,,,,,,,,,,,,0.0,,
proxy_threshold,331,167,7,False,0,,,,,,,,,,,,,,,,,0.0,,
proxy_threshold,332,6,56,False,0,,,,,,,,,,,,,,,,,0.0,,
proxy_threshold,333,141,145,False,0,,,,,,,,,,,,,,,,,0.0,,
proxy_threshold,334,384,260,False,0,,,,,,,,,,,,,,,,,0.0,,
proxy_threshold,335,398,312,False,0,,,,,,,,,,,,,,,,,0.0,,
proxy_threshold,336,144,229,False,0,,,,,,,,,,,,,,,,,0.0,,
proxy_threshold,337,155,236,False,0,,,,,,,,,,,,,,,,,0.0,,
proxy_threshold,338,138,233,False,0,,,,,,,,,,,,,,,,,0.0,,
proxy_threshold,339,158,232,False,0,,,,,,,,,,,,,,,,,0.0,,
proxy_threshold,340,304,223,False,0,,,,,,,,,,,,,,,,,0.0,,
proxy_threshold,341,209,260,True,10,80.17638706198092,80.17638706198092,0.2747885264913688,0.2601306390836223,0.13960192056937434,0.0513666006710006,0.6629811443022761,0.34605777952597727,0.32246031746031745,0.22741787714179998,1.0,0.0,0.0,0.1,0.1,0.7,2.4327974657731935e-06,209 227 206 205 224 223 221 241 261 281 260,260 345 236 231 337 330 320 405 418 430
proxy_threshold,342,232,127,False,0,,,,,,,,,,,,,,,,,0.0,,
proxy_threshold,343,100,7,False,0,,,,,,,,,,,,,,,,,0.0,,
proxy_threshold,344,313,399,False,0,,,,,,,,,,,,,,,,,0.0,,
proxy_threshold,345,52,4,True,7,59.915106695758915,59.915106695758915,0.2805922404249418,0.2564968966344088,0.12359785085417992,0.0474473265131824,0.7514965739903496,0.4425911618182393,0.35272108843537414,0.24549641108982226,1.0,0.0,0.0,0.42857142857142855,0.2857142857142857,0.2857142857142857,0.0001347193524048356,52 33 32 31 9 7 5 4,116 99 91 81 32 19 9
proxy_threshold,346,100,146,False,0,,,,,,,,,,,,,,,,,0.0,,
proxy_threshold,347,86,229,True,8,67.52574219905824,67.52574219905824,0.3005389124740207,0.2567311624743115,0.1964782755462629,0.0822171657090155,0.7095808935572671,0.356986303181847,0.24553571428571427,0.25780519264450463,0.875,0.0,0.0,0.125,0.25,0.875,5.959900626074247e-05,86 106 146 187 207 227 208 210 229,139 152 185 210 249 347 253 267
proxy_threshold,348,383,304,False,0,,,,,,,,,,,,,,,,,0.0,,
proxy_threshold,349,201,381,False,0,,,,,,,,,,,,,,,,,0.0,,
proxy_threshold,350,33,86,True,7,56.893700375535445,56.893700375535445,0.301551955055753,0.2664204926656898,0.20112324260224027,0.0806563532711999,0.6780510107073618,0.3298616808867469,0.1965986394557823,0.26103172415176795,0.8571428571428571,0.0,0.0,0.2857142857142857,0.0,0.5714285714285714,0.00021158126607269027,33 32 31 9 27 47 67 86,99 91 81 36 74 112 132
proxy_threshold,351,238,313,True,6,51.099490542591745,51.099490542591745,0.2889527202464361,0.2552064098311057,0.22573259046611235,0.1814151960120733,0.6756748760835527,0.5286619613768159,0.21851851851851847,0.23740404316628472,0.8333333333333334,0.0,0.0,0.5,0.0,0.6666666666666666,0.000557743261670533,238 236 235 233 273 293 313,401 397 391 386 428 445
proxy_threshold,352,27,80,False,0,,,,,,,,,,,,,,,,,0.0,,
proxy_threshold,353,139,232,False,0,,,,,,,,,,,,,,,,,0.0,,
proxy_threshold,354,136,215,False,0,,,,,,,,,,,,,,,,,0.0,,
proxy_threshold,355,18,12,False,0,,,,,,,,,,,,,,,,,0.0,,
proxy_threshold,356,156,235,False,0,,,,,,,,,,,,,,,,,0.0,,
proxy_threshold,357,138,232,False,0,,,,,,,,,,,,,,,,,0.0,,
proxy_threshold,358,126,10,False,0,,,,,,,,,,,,,,,,,0.0,,
proxy_threshold,359,252,186,True,5,42.30031787451102,42.30031787451102,0.3800981579726996,0.2691163476254959,0.30236370484241,0.0455860626446362,0.8379177930616601,0.424733902166723,0.37642857142857133,0.34562144562330654,0.4,0.0,0.0,0.2,0.2,1.0,0.007064440455130234,252 231 209 208 187 186,407 362 258 250 208
proxy_threshold,360,80,7,False,0,,,,,,,,,,,,,,,,,0.0,,
proxy_threshold,361,32,0,False,0,,,,,,,,,,,,,,,,,0.0,,
proxy_threshold,362,341,203,False,0,,,,,,,,,,,,,,,,,0.0,,
proxy_threshold,363,198,253,False,0,,,,,,,,,,,,,,,,,0.0,,
proxy_threshold,364,10,126,True,7,56.86711188981032,56.86711188981032,0.29686876840758936,0.2509797371294213,0.17981608869818747,0.0162317522628259,0.7133426306482517,0.37328492050375167,0.27210884353741494,0.24668005996226694,1.0,0.0,0.0,0.2857142857142857,0.0,0.5714285714285714,0.00019236960372222392,10 29 8 27 47 67 107 126,42 76 30 74 112 134 156
proxy_threshold,365,200,381,False,0,,,,,,,,,,,,,,,,,0.0,,
proxy_threshold,366,19,13,False,0,,,,,,,,,,,,,,,,,0.0,,
proxy_threshold,367,313,226,True,7,57.79236756565736,57.79236756565736,0.30417885561235253,0.2666646398893302,0.27080085789456143,0.1019127634820017,0.6380167915098287,0.41890916691037366,0.3110544217687075,0.22763795532147985,0.8571428571428571,0.0,0.0,0.2857142857142857,0.14285714285714285,0.7142857142857143,0.0002150857725520992,313 293 273 252 231 229 227 226,478 442 425 407 365 353 348
proxy_threshold,368,47,53,False,0,,,,,,,,,,,,,,,,,0.0,,
proxy_threshold,369,392,306,False,0,,,,,,,,,,,,,,,,,0.0,,
proxy_threshold,370,40,10,False,0,,,,,,,,,,,,,,,,,0.0,,
proxy_threshold,371,379,292,False,0,,,,,,,,,,,,,,,,,0.0,,
proxy_threshold,372,47,207,True,6,50.005962303521166,50.005962303521166,0.27927030712301243,0.2570037362523396,0.13286437709589094,0.0162317522628259,0.6862422448884952,0.3212303280620067,0.20595238095238097,0.2876530886017582,1.0,0.0,0.0,0.3333333333333333,0.0,0.8333333333333334,0.0004669307109581689,47 67 107 127 146 187 207,112 134 157 178 185 210
proxy_threshold,373,221,381,True,8,55.52380263579599,55.52380263579599,0.28347075573633423,0.2567380772079585,0.18596362001536365,0.1252090263318243,0.5678582241468066,0.23419670182696034,0.26041666666666663,0.23035558789833904,1.0,0.0,0.0,0.0,0.0,0.625,4.085553056130656e-05,221 241 261 281 301 321 341 361 381,320 405 418 433 453 498 517 535
proxy_threshold,374,381,220,False,0,,,,,,,,,,,,,,,,,0.0,,
proxy_threshold,375,9,147,False,0,,,,,,,,,,,,,,,,,0.0,,
proxy_threshold,376,207,46,False,0,,,,,,,,,,,,,,,,,0.0,,
proxy_threshold,377,41,9,False,0,,,,,,,,,,,,,,,,,0.0,,
proxy_threshold,378,219,227,False,0,,,,,,,,,,,,,,,,,0.0,,
proxy_threshold,379,304,390,False,0,,,,,,,,,,,,,,,,,0.0,,
proxy_threshold,380,390,304,False,0,,,,,,,,,,,,,,,,,0.0,,
proxy_threshold,381,87,81,False,0,,,,,,,,,,,,,,,,,0.0,,
proxy_threshold,382,121,4,False,0,,,,,,,,,,,,,,,,,0.0,,
proxy_threshold,383,55,6,False,0,,,,,,,,,,,,,,,,,0.0,,
proxy_threshold,384,41,126,False,0,,,,,,,,,,,,,,,,,0.0,,
proxy_threshold,385,26,56,False,0,,,,,,,,,,,,,,,,,0.0,,
proxy_threshold,386,316,216,False,0,,,,,,,,,,,,,,,,,0.0,,
proxy_threshold,387,295,230,False,0,,,,,,,,,,,,,,,,,0.0,,
proxy_threshold,388,315,389,False,0,,,,,,,,,,,,,,,,,0.0,,
proxy_threshold,389,346,261,False,0,,,,,,,,,,,,,,,,,0.0,,
proxy_threshold,390,352,338,False,0,,,,,,,,,,,,,,,,,0.0,,
proxy_threshold,391,143,223,False,0,,,,,,,,,,,,,,,,,0.0,,
proxy_threshold,392,107,209,True,7,53.90006553466171,53.90006553466171,0.2792510602005364,0.2570037362523396,0.16310171410961932,0.0822171657090155,0.650488093169587,0.32108604695182347,0.29081632653061223,0.2656517967443235,1.0,0.0,0.0,0.14285714285714285,0.14285714285714285,1.0,0.00013034887452134251,107 127 146 187 207 227 208 209,157 178 185 210 249 347 252
proxy_threshold,393,224,340,True,10,75.84367901934198,75.84367901934198,0.2767838675157236,0.2567380772079585,0.1536782434025199,0.0550499876417276,0.6152513364350864,0.2764049479496262,0.325,0.21911021705900463,1.0,0.0,0.0,0.0,0.1,0.5,2.590404232661416e-06,224 223 221 241 261 281 301 321 341 361 340,337 330 320 405 418 433 453 498 517 533
proxy_threshold,394,261,346,False,0,,,,,,,,,,,,,,,,,0.0,,
proxy_threshold,395,126,212,True,8,72.85033925172678,72.85033925172678,0.31762451828566807,0.2570037362523396,0.20913678044573453,0.0822171657090155,0.8060524842905293,0.4440517519707526,0.34375,0.26839309433036296,0.75,0.0,0.0,0.375,0.375,0.75,9.379133483363214e-05,126 124 146 187 207 227 208 210 212,172 169 185 210 249 347 253 266
proxy_threshold,396,39,12,False,0,,,,,,,,,,,,,,,,,0.0,,
proxy_threshold,397,386,301,False,0,,,,,,,,,,,,,,,,,0.0,,
proxy_threshold,398,389,315,False,0,,,,,,,,,,,,,,,,,0.0,,
proxy_threshold,399,155,235,False,0,,,,,,,,,,,,,,,,,0.0,,
proxy_threshold,400,56,6,False,0,,,,,,,,,,,,,,,,,0.0,,
proxy_threshold,401,392,318,False,0,,,,,,,,,,,,,,,,,0.0,,
proxy_threshold,402,4,52,False,0,,,,,,,,,,,,,,,,,0.0,,
proxy_threshold,403,284,383,False,0,,,,,,,,,,,,,,,,,0.0,,
proxy_threshold,404,369,272,False,0,,,,,,,,,,,,,,,,,0.0,,
proxy_threshold,405,7,166,True,8,59.80318578727206,59.80318578727206,0.30243687648326273,0.2669815990323059,0.18759222389676133,0.0162317522628259,0.643066857678543,0.24498449728937793,0.24107142857142858,0.29476870671326527,1.0,0.0,0.0,0.125,0.0,0.875,6.853659672006829e-05,7 27 47 67 107 127 146 167 166,24 74 112 134 157 178 183 194
proxy_threshold,406,6,55,False,0,,,,,,,,,,,,,,,,,0.0,,
proxy_threshold,407,1,124,True,8,72.24680368721965,72.24680368721965,0.28447905853050204,0.2534409634492687,0.15421576555640668,0.0162317522628259,0.7537255959665718,0.45584127549581815,0.3375,0.2909040901197354,0.875,0.0,0.0,0.5,0.0,0.5,4.036735363910541e-05,1 3 5 26 46 67 107 126 124,0 3 12 66 106 134 156 172
proxy_threshold,408,273,389,True,7,55.797996076379725,55.797996076379725,0.3274485388259789,0.256957036972527,0.31549239869014967,0.1915916204394974,0.6064447015452716,0.34895652796656235,0.2523809523809524,0.27853458199144726,0.8571428571428571,0.0,0.0,0.14285714285714285,0.14285714285714285,0.8571428571428571,0.0003534204998998275,273 293 312 332 353 372 390 389,428 444 476 509 531 546 575
proxy_threshold,409,41,127,False,0,,,,,,,,,,,,,,,,,0.0,,
proxy_threshold,410,273,389,True,7,55.797996076379725,55.797996076379725,0.3274485388259789,0.256957036972527,0.31549239869014967,0.1915916204394974,0.6064447015452716,0.34895652796656235,0.2523809523809524,0.27853458199144726,0.8571428571428571,0.0,0.0,0.14285714285714285,0.14285714285714285,0.8571428571428571,0.0003534204998998275,273 293 312 332 353 372 390 389,428 444 476 509 531 546 575
proxy_threshold,411,261,230,False,0,,,,,,,,,,,,,,,,,0.0,,
proxy_threshold,412,203,123,False,0,,,,,,,,,,,,,,,,,0.0,,
proxy_threshold,413,241,209,True,5,47.18606543463044,47.18606543463044,0.33006843222713095,0.2679204558018593,0.24094638389014125,0.0706109170850743,0.8032904328151315,0.43712556329632807,0.5111111111111111,0.2239214483855342,0.6,0.0,0.0,0.2,0.4,1.0,0.003489046615800026,241 222 204 206 208 209,403 322 222 238 252
proxy_threshold,414,358,352,False,0,,,,,,,,,,,,,,,,,0.0,,
proxy_threshold,415,203,252,True,7,64.09674227125775,64.09674227125775,0.30559857628449866,0.2630582475258592,0.2243972612477089,0.0706109170850743,0.7333014677026201,0.41421106558006066,0.46825396825396826,0.18486620616366536,0.8571428571428571,0.0,0.0,0.14285714285714285,0.42857142857142855,0.7142857142857143,0.00023080282632628548,203 205 206 208 210 212 233 252,215 228 238 253 266 277 385
proxy_threshold,416,384,353,False,0,,,,,,,,,,,,,,,,,0.0,,
proxy_threshold,417,12,18,False,0,,,,,,,,,,,,,,,,,0.0,,
proxy_threshold,418,29,126,True,6,48.750070742614184,48.750070742614184,0.304516940287284,0.2588245405338517,0.1929221614900668,0.0162317522628259,0.7026041498259455,0.3550094116543538,0.26190476190476186,0.25749037298628114,1.0,0.0,0.0,0.3333333333333333,0.0,0.6666666666666666,0.0007664746402337086,29 8 27 47 67 107 126,76 30 74 112 134 156
proxy_threshold,419,107,12,False,0,,,,,,,,,,,,,,,,,0.0,,
proxy_threshold,420,399,313,False,0,,,,,,,,,,,,,,,,,0.0,,
proxy_threshold,421,304,223,False,0,,,,,,,,,,,,,,,,,0.0,,
proxy_threshold,422,224,106,False,0,,,,,,,,,,,,,,,,,0.0,,
proxy_threshold,423,399,312,False,0,,,,,,,,,,,,,,,,,0.0,,
proxy_threshold,424,303,390,False,0,,,,,,,,,,,,,,,,,0.0,,
proxy_threshold,425,124,204,True,8,63.28501448139561,63.28501448139561,0.2783169567607743,0.2563114156166033,0.1697716343715313,0.0822171657090155,0.6482557214099985,0.355909513399287,0.2286706349206349,0.2693420975370231,1.0,0.0,0.0,0.125,0.125,0.875,3.50317004234749e-05,124 146 187 207 227 206 205 224 204,169 185 210 249 345 236 231 334
proxy_threshold,426,80,86,False,0,,,,,,,,,,,,,,,,,0.0,,
proxy_threshold,427,9,40,False,0,,,,,,,,,,,,,,,,,0.0,,
proxy_threshold,428,224,283,False,0,,,,,,,,,,,,,,,,,0.0,,
proxy_threshold,429,212,393,True,8,65.10764137431651,65.10764137431651,0.29625525727626134,0.2713196149618653,0.22832564538104014,0.0455860626446362,0.6338228237718214,0.3769415964536159,0.38055555555555554,0.2824034326862635,1.0,0.0,0.0,0.125,0.125,1.0,5.803100760400303e-05,212 233 252 292 312 332 353 372 393,277 385 412 439 476 509 531 548
proxy_threshold,430,298,392,False,0,,,,,,,,,,,,,,,,,0.0,,
proxy_threshold,431,152,238,False,0,,,,,,,,,,,,,,,,,0.0,,
proxy_threshold,432,26,55,False,0,,,,,,,,,,,,,,,,,0.0,,
proxy_threshold,433,52,3,True,7,63.01345464324248,63.01345464324248,0.28212664962429684,0.2564968966344088,0.12126252394407808,0.0474473265131824,0.7854405189924901,0.488217983184723,0.29319727891156466,0.23743166381274622,1.0,0.0,0.0,0.5714285714285714,0.14285714285714285,0.2857142857142857,0.00013931252064414569,52 33 32 31 9 7 5 3,116 99 91 81 32 19 8
proxy_threshold,434,340,203,False,0,,,,,,,,,,,,,,,,,0.0,,
proxy_threshold,435,209,198,True,6,54.0391965563498,54.0391965563498,0.3059333606590285,0.2566338674321028,0.23581153080380846,0.0162317522628259,0.7252565810691488,0.4119593567261726,0.39285714285714285,0.20616531198822885,0.8333333333333334,0.0,0.0,0.3333333333333333,0.3333333333333333,0.16666666666666666,0.000745854449620925,209 210 212 213 215 217 198,259 266 272 280 294 304
proxy_threshold,436,47,40,False,0,,,,,,,,,,,,,,,,,0.0,,
proxy_threshold,437,398,312,False,0,,,,,,,,,,,,,,,,,0.0,,
proxy_threshold,438,392,306,False,0,,,,,,,,,,,,,,,,,0.0,,
proxy_threshold,439,273,187,True,5,44.316445014529386,44.316445014529386,0.37810072506266534,0.2691163476254959,0.3225185857341633,0.0455860626446362,0.8217579695668045,0.42535949230323966,0.4764285714285713,0.32486134837797237,0.4,0.0,0.0,0.2,0.2,1.0,0.00683456770879327,273 252 231 209 208 187,425 407 362 258 250
proxy_threshold,440,287,392,False,0,,,,,,,,,,,,,,,,,0.0,,
proxy_threshold,441,204,304,True,7,57.06436838803394,57.06436838803394,0.30079901767288814,0.2623631994962074,0.18814195865026623,0.0550499876417276,0.6425169340840456,0.30282701304353166,0.2595238095238095,0.2854755043859429,0.8571428571428571,0.0,0.0,0.0,0.14285714285714285,0.7142857142857143,0.00020427661846956314,204 223 221 241 261 281 303 304,224 330 320 405 418 434 456
proxy_threshold,442,21,143,False,0,,,,,,,,,,,,,,,,,0.0,,
proxy_threshold,443,306,221,False,0,,,,,,,,,,,,,,,,,0.0,,
proxy_threshold,444,200,213,False,0,,,,,,,,,,,,,,,,,0.0,,
proxy_threshold,445,226,312,True,8,71.39201781567213,71.39201781567213,0.305068409928663,0.2713196149618653,0.23017468806853708,0.0455860626446362,0.7008800800045385,0.4315116235219192,0.373015873015873,0.2100645159088906,0.875,0.0,0.0,0.25,0.25,0.875,6.973250449658954e-05,226 206 208 210 212 233 252 292 312,340 238 253 266 277 385 412 439
proxy_threshold,446,239,227,False,0,,,,,,,,,,,,,,,,,0.0,,
proxy_threshold,447,209,261,True,8,64.98303306354286,64.98303306354286,0.2726760340633484,0.2601306390836223,0.12488375430169857,0.0513666006710006,0.6517590685123553,0.36097165173394724,0.31974206349206347,0.252779195048491,1.0,0.0,0.0,0.125,0.125,0.625,3.0326986518307112e-05,209 227 206 205 224 223 221 241 261,260 345 236 231 337 330 320 405
proxy_threshold,448,158,212,False,0,,,,,,,,,,,,,,,,,0.0,,
proxy_threshold,449,26,80,False,0,,,,,,,,,,,,,,,,,0.0,,
proxy_threshold,450,9,40,False,0,,,,,,,,,,,,,,,,,0.0,,
proxy_threshold,451,19,12,False,0,,,,,,,,,,,,,,,,,0.0,,
proxy_threshold,452,280,226,False,0,,,,,,,,,,,,,,,,,0.0,,
proxy_threshold,453,312,226,True,6,54.088744385500945,54.088744385500945,0.30580146241377726,0.2500212733977696,0.21792832900056622,0.1019127634820017,0.72544610174198,0.5150667674328624,0.24067460317460318,0.26547204544653846,0.8333333333333334,0.0,0.0,0.5,0.16666666666666666,0.6666666666666666,0.000725075432492812,312 292 252 231 229 227 226,473 435 407 365 353 348
proxy_threshold,454,56,7,False,0,,,,,,,,,,,,,,,,,0.0,,
proxy_threshold,455,312,227,True,5,47.044721840184664,47.044721840184664,0.31362882691866667,0.2500212733977696,0.22166648389889212,0.1019127634820017,0.7859520014766835,0.5465895579957504,0.2888095238095238,0.25577165806081464,0.8,0.0,0.0,0.6,0.2,0.8,0.002719053537783371,312 292 252 231 229 227,473 435 407 365 353
proxy_threshold,456,260,384,False,0,,,,,,,,,,,,,,,,,0.0,,
proxy_threshold,457,281,387,False,0,,,,,,,,,,,,,,,,,0.0,,
proxy_threshold,458,235,224,True,7,63.89525300742711,63.89525300742711,0.2776779196144713,0.2552064098311057,0.17896561223605037,0.1019127634820017,0.7141142257483593,0.5454056016100736,0.32448979591836735,0.24070376328060908,1.0,0.0,0.0,0.5714285714285714,0.0,0.7142857142857143,0.00012556418645039185,235 233 231 229 227 206 205 224,391 382 365 353 345 236 231
proxy_threshold,459,300,227,False,0,,,,,,,,,,,,,,,,,0.0,,
proxy_threshold,460,47,140,False,0,,,,,,,,,,,,,,,,,0.0,,
proxy_threshold,461,24,52,False,0,,,,,,,,,,,,,,,,,0.0,,
proxy_threshold,462,81,146,False,0,,,,,,,,,,,,,,,,,0.0,,
proxy_threshold,463,352,346,True,5,45.46618529746186,45.46618529746186,0.33911537079726306,0.2700065320195443,0.24715157969813145,0.1013690052864238,0.8163738326664776,0.41865297179056943,0.3733333333333333,0.2667989456848152,0.8,0.0,0.0,0.4,0.0,0.4,0.004033749586693352,352 372 390 388 367 346,527 546 574 565 537
proxy_threshold,464,186,260,True,11,83.9417034982775,83.9417034982775,0.2781504269098693,0.2601306390836223,0.16415937194145272,0.0550499876417276,0.6221992109689132,0.30376738550655696,0.2908730158730159,0.22822139103513947,1.0,0.0,0.0,0.0,0.09090909090909091,0.7272727272727273,7.576294152079973e-07,186 207 227 206 205 224 223 221 241 261 281 260,205 249 345 236 231 337 330 320 405 418 430
proxy_threshold,465,272,358,False,0,,,,,,,,,,,,,,,,,0.0,,
proxy_threshold,466,235,203,True,9,75.99642746948109,75.99642746948109,0.2735366054433144,0.2552064098311057,0.17634129392477496,0.1019127634820017,0.6709908651354114,0.48998790992761926,0.2894179894179894,0.24773738680302657,1.0,0.0,0.0,0.4444444444444444,0.0,0.7777777777777778,8.424767345382659e-06,235 233 231 229 227 206 205 224 204 203,391 382 365 353 345 236 231 334 220
proxy_threshold,467,353,384,False,0,,,,,,,,,,,,,,,,,0.0,,
proxy_threshold,468,81,6,False,0,,,,,,,,,,,,,,,,,0.0,,
proxy_threshold,469,233,221,True,8,71.01339387203315,71.01339387203315,0.2763791082562529,0.2601306390836223,0.15448978800563118,0.0550499876417276,0.7066224135230504,0.4892587363038512,0.3429563492063492,0.2501559164017164,1.0,0.0,0.0,0.375,0.125,0.5,3.3579067805945407e-05,233 231 229 227 206 205 224 223 221,382 365 353 345 236 231 337 330
proxy_threshold,470,132,218,False,0,,,,,,,,,,,,,,,,,0.0,,
proxy_threshold,471,352,337,False,0,,,,,,,,,,,,,,,,,0.0,,
proxy_threshold,472,147,232,False,0,,,,,,,,,,,,,,,,,0.0,,
proxy_threshold,473,392,381,False,0,,,,,,,,,,,,,,,,,0.0,,
proxy_threshold,474,21,86,False,0,,,,,,,,,,,,,,,,,0.0,,
proxy_threshold,475,389,341,False,0,,,,,,,,,,,,,,,,,0.0,,
proxy_threshold,476,100,167,False,0,,,,,,,,,,,,,,,,,0.0,,
proxy_threshold,477,223,304,True,6,49.008113992987646,49.008113992987646,0.29899870922323796,0.2623631994962074,0.1762810240930596,0.0550499876417276,0.6658809077990009,0.3199970118112771,0.30277777777777776,0.2845408090721231,0.8333333333333334,0.0,0.0,0.0,0.16666666666666666,0.6666666666666666,0.0006555714030504055,223 221 241 261 281 303 304,330 320 405 418 434 456
proxy_threshold,478,4,52,False,0,,,,,,,,,,,,,,,,,0.0,,
proxy_threshold,479,253,204,False,0,,,,,,,,,,,,,,,,,0.0,,
proxy_threshold,480,229,315,True,6,54.01318383985755,54.01318383985755,0.30626706211303084,0.256957036972527,0.23230708619630946,0.0455860626446362,0.7186508417411513,0.4453260680653088,0.4030423280423279,0.23127672937136967,0.6666666666666666,0.0,0.0,0.3333333333333333,0.3333333333333333,0.5,0.0007476304342475234,229 210 212 233 273 293 315,352 266 277 386 428 446
proxy_threshold,481,358,352,False,0,,,,,,,,,,,,,,,,,0.0,,
proxy_threshold,482,55,7,False,0,,,,,,,,,,,,,,,,,0.0,,
proxy_threshold,483,206,300,True,10,75.88494156268376,75.88494156268376,0.28064973988725767,0.2601306390836223,0.14116970838760512,0.0550499876417276,0.6486807692299428,0.3049501014471557,0.32023809523809527,0.2593940507292199,1.0,0.0,0.0,0.0,0.1,0.6,2.9713009288586612e-06,206 205 224 223 221 241 261 281 301 321 300,236 231 337 330 320 405 418 433 453 495
proxy_threshold,484,59,10,False,0,,,,,,,,,,,,,,,,,0.0,,
proxy_threshold,485,75,6,False,0,,,,,,,,,,,,,,,,,0.0,,
proxy_threshold,486,312,226,True,6,54.088744385500945,54.088744385500945,0.30580146241377726,0.2500212733977696,0.21792832900056622,0.1019127634820017,0.72544610174198,0.5150667674328624,0.24067460317460318,0.26547204544653846,0.8333333333333334,0.0,0.0,0.5,0.16666666666666666,0.6666666666666666,0.000725075432492812,312 292 252 231 229 227 226,473 435 407 365 353 348
proxy_threshold,487,235,136,False,0,,,,,,,,,,,,,,,,,0.0,,
proxy_threshold,488,352,383,False,0,,,,,,,,,,,,,,,,,0.0,,
proxy_threshold,489,52,46,True,6,50.96406805274111,50.96406805274111,0.2983295129935449,0.2664204926656898,0.17649713415810983,0.0500734647505455,0.7737160572434206,0.4420434649493448,0.23809523809523805,0.231666421540929,0.8333333333333334,0.0,0.0,0.3333333333333333,0.0,0.5,0.0006432290218773516,52 33 32 31 9 27 46,116 99 91 81 36 73
proxy_threshold,490,80,87,False,0,,,,,,,,,,,,,,,,,0.0,,
proxy_threshold,491,209,178,True,7,61.09475211190536,61.09475211190536,0.30124986809793963,0.2566338674321028,0.2313995439687909,0.0162317522628259,0.688456706190348,0.3883758475729195,0.3843537414965987,0.2187479081363793,0.8571428571428571,0.0,0.0,0.2857142857142857,0.2857142857142857,0.14285714285714285,0.00020372933196983713,209 210 212 213 215 217 198 178,259 266 272 280 294 304 211
proxy_threshold,492,326,333,False,0,,,,,,,,,,,,,,,,,0.0,,
proxy_threshold,493,358,352,False,0,,,,,,,,,,,,,,,,,0.0,,
proxy_threshold,494,238,313,True,6,51.099490542591745,51.099490542591745,0.2889527202464361,0.2552064098311057,0.22573259046611235,0.1814151960120733,0.6756748760835527,0.5286619613768159,0.21851851851851847,0.23740404316628472,0.8333333333333334,0.0,0.0,0.5,0.0,0.6666666666666666,0.000557743261670533,238 236 235 233 273 293 313,401 397 391 386 428 445
proxy_threshold,495,387,301,False,0,,,,,,,,,,,,,,,,,0.0,,
proxy_threshold,496,106,203,True,9,69.39478117412548,69.39478117412548,0.2890024046781683,0.2563114156166033,0.19594923355390914,0.0822171657090155,0.6442287610721529,0.3440408864590195,0.23765432098765432,0.2638196941027337,0.8888888888888888,0.0,0.0,0.1111111111111111,0.1111111111111111,0.8888888888888888,1.2445874245749472e-05,106 146 187 207 227 206 205 224 204 203,152 185 210 249 345 236 231 334 220
proxy_threshold,497,381,200,False,0,,,,,,,,,,,,,,,,,0.0,,
proxy_threshold,498,339,273,False,0,,,,,,,,,,,,,,,,,0.0,,
proxy_threshold,499,223,284,False,0,,,,,,,,,,,,,,,,,0.0,,
proxy_penalized,0,158,212,True,6,215.1779382916582,49.052323034069545,0.22443762964587147,0.0,0.09424733671467174,0.0,0.5895593560552393,0.42458915340737585,0.31349206349206343,0.24244159076144908,1.0,0.5,0.16666666666666666,0.3333333333333333,0.16666666666666666,0.0,0.0,158 198 217 216 215 213 212,187 212 306 299 291 278
proxy_penalized,1,203,303,True,5,171.76497698540823,42.067480471532306,0.25081798277650336,0.0,0.14645179625150745,0.0,0.5410568031607944,0.38965566332689766,0.3633333333333333,0.2952337895350371,0.8,0.2,0.2,0.2,0.2,0.8,0.0,203 221 241 261 281 303,216 320 405 418 434
proxy_penalized,2,1,12,True,6,254.0769628231138,57.97109604966087,0.26648651700529835,0.2379396290244232,0.097760245541819,0.0885203540044304,0.7795256857915809,0.47112136514466263,0.4158730158730158,0.27221564972059,1.0,0.16666666666666666,0.0,0.6666666666666666,0.16666666666666666,0.3333333333333333,0.00035325090629020146,1 3 5 7 9 11 12,0 3 11 22 35 45
proxy_penalized,3,392,381,True,6,255.27995500666023,57.996792226459085,0.2956586519976901,0.2403193297184433,0.16297292646469644,0.0324009626263195,0.776803011756157,0.5975967857821226,0.3666666666666667,0.32522165687724197,1.0,0.16666666666666666,0.0,0.8333333333333334,0.0,0.0,0.0006355480540176285,392 390 388 386 384 383 381,578 574 566 558 555 553
proxy_penalized,4,41,9,True,12,411.52685822438974,101.21535694318096,0.28437971354337105,0.0,0.1709448795021411,0.0614903152761605,0.6643206588883536,0.36916396721689093,0.42162698412698413,0.23215356472415694,0.8333333333333334,0.25,0.0,0.08333333333333333,0.3333333333333333,0.5,0.0,41 81 121 123 124 126 106 86 67 47 27 8 9,102 135 159 165 168 170 147 137 131 110 71 27
proxy_penalized,5,347,353,True,5,189.5222364955161,43.87353781559866,0.2785079075755955,0.2228360530554222,0.1888188702547794,0.1073768974428054,0.6625036538270594,0.4377583627725429,0.4166666666666667,0.2635466583521147,1.0,0.4,0.0,0.2,0.2,0.4,0.0015755610562104344,347 367 389 390 372 353,523 542 572 573 545
proxy_penalized,6,283,384,False,0,,,,,,,,,,,,,,,,,0.0,,
proxy_penalized,7,367,292,True,6,231.39024308241926,52.285420289055466,0.2210593381035595,0.0,0.18790196126960923,0.0,0.4632703555103898,0.4901308901266961,0.3305555555555555,0.2570131124090866,1.0,0.6666666666666666,0.16666666666666666,0.3333333333333333,0.16666666666666666,0.6666666666666666,0.0,367 389 390 372 352 332 292,542 572 573 544 525 505
proxy_penalized,8,381,392,True,6,266.66898410768005,58.23361899970387,0.19719378573548055,0.0,0.09258000019713315,0.0,0.5319755208442777,0.5501061521365656,0.39166666666666666,0.3043441384832296,1.0,0.6666666666666666,0.16666666666666666,0.6666666666666666,0.3333333333333333,0.0,0.0,381 383 384 386 388 390 392,551 554 556 560 569 576
proxy_penalized,9,384,383,True,1,27.11470545570978,7.040455669703137,0.2541310617962141,0.2541310617962141,0.1789936562400814,0.1789936562400814,0.3770330578368469,0.3595335082545346,0.0,0.2457142857142857,1.0,0.0,0.0,0.0,0.0,0.0,0.2541310617962141,384 383,555
proxy_penalized,10,315,229,True,5,185.9764720073122,45.028096437974924,0.2793332199039734,0.0,0.26961169367145066,0.0,0.5861819470275396,0.5669759558039678,0.4488095238095237,0.18702232649253112,0.6,0.4,0.2,0.4,0.4,0.6,0.0,315 293 272 252 231 229,483 441 420 407 365
proxy_penalized,11,238,132,False,0,,,,,,,,,,,,,,,,,0.0,,
proxy_penalized,12,30,126,False,0,,,,,,,,,,,,,,,,,0.0,,
proxy_penalized,13,223,340,True,7,222.14773420554053,53.61215017281851,0.2678394991326146,0.1856985016897135,0.12898574813993385,0.0197218324711774,0.6308191558815349,0.3045406362908404,0.3333333333333333,0.2249736030942521,1.0,0.14285714285714285,0.0,0.14285714285714285,0.14285714285714285,0.7142857142857143,9.146797220328649e-05,223 221 241 261 281 301 321 340,330 320 405 418 433 453 497
proxy_penalized,14,227,47,True,9,250.35349223932565,65.70216933503721,0.2768828966008064,0.1978369534013759,0.17327846044508405,0.0602369225708214,0.587000377780594,0.24160070406463363,0.2587301587301587,0.22069718545626174,0.8888888888888888,0.4444444444444444,0.0,0.0,0.1111111111111111,0.8888888888888888,7.032181822602483e-06,227 207 187 166 146 126 106 86 67 47,346 243 206 188 180 170 147 137 131
proxy_penalized,15,387,301,True,6,224.24980557680578,51.74195613915664,0.2357747800653063,0.0,0.1376399944773071,0.0,0.6063553016168696,0.47608417610710374,0.3,0.2090205617741161,1.0,0.5,0.16666666666666666,0.6666666666666666,0.16666666666666666,0.16666666666666666,0.0,387 367 347 326 305 303 301,561 538 521 500 461 455
proxy_penalized,16,300,366,False,0,,,,,,,,,,,,,,,,,0.0,,
proxy_penalized,17,227,312,True,7,227.27144595146328,62.448267385211786,0.3476991015064427,0.2713196149618653,0.28974239608491353,0.0860093268134127,0.7588720033557127,0.44255291772161165,0.3437641723356009,0.2806081891236295,0.5714285714285714,0.0,0.0,0.2857142857142857,0.2857142857142857,0.8571428571428571,0.000528881312904712,227 208 210 212 233 273 292 312,347 253 266 277 386 427 439
proxy_penalized,18,124,7,True,7,203.76231058379983,53.76366386413462,0.31379995003020905,0.2033296991303458,0.17746053549279303,0.0829678575981806,0.7335230934298876,0.260458562741583,0.32312925170068024,0.22051648045449465,0.8571428571428571,0.14285714285714285,0.0,0.0,0.14285714285714285,0.7142857142857143,0.0002506732961482175,124 126 106 86 67 47 27 7,168 170 147 137 131 110 70
proxy_penalized,19,380,201,False,0,,,,,,,,,,,,,,,,,0.0,,
proxy_penalized,20,306,201,False,0,,,,,,,,,,,,,,,,,0.0,,
proxy_penalized,21,144,1,False,0,,,,,,,,,,,,,,,,,0.0,,
proxy_penalized,22,260,383,True,5,212.24298185259516,43.22711699357018,0.12381978549545929,0.0,0.13098305697459703,0.0,0.2228298940763766,0.555507045506525,0.5066666666666666,0.18275914492469364,1.0,0.6,0.4,0.6,0.4,0.6,0.0,260 281 301 341 361 383,415 433 454 517 536
proxy_penalized,23,10,40,False,0,,,,,,,,,,,,,,,,,0.0,,
proxy_penalized,24,384,304,True,6,217.42172380478354,49.812062175571015,0.22542150379554873,0.0,0.10922340522066572,0.0,0.6024882448842551,0.4592302534600017,0.35833333333333334,0.2532651601817478,1.0,0.5,0.16666666666666666,0.6666666666666666,0.3333333333333333,0.0,0.0,384 386 367 347 326 305 304,556 557 538 521 500 462
proxy_penalized,25,127,4,True,5,194.38852718321414,43.0325647911111,0.20101079679753794,0.0,0.1799269021661086,0.0,0.40396130967406024,0.5021041313007639,0.475,0.18897018206414518,0.8,0.6,0.4,0.4,0.4,0.8,0.0,127 106 86 46 26 4,175 147 136 103 60
proxy_penalized,26,318,392,True,6,240.05203908067986,52.97832846976533,0.2092491538511865,0.0,0.1722576949146847,0.0,0.4662833789620599,0.5863345238428612,0.27777777777777773,0.2821201694606195,1.0,0.6666666666666666,0.16666666666666666,0.5,0.0,0.6666666666666666,0.0,318 317 315 313 353 372 392,494 490 484 482 531 547
proxy_penalized,27,229,124,True,5,177.9754475676803,43.158464120171715,0.27315552096179463,0.0300041568825945,0.2572965013758117,0.1544158575771376,0.5728145693406808,0.44757035745855056,0.39142857142857135,0.2977514138185394,0.8,0.4,0.0,0.4,0.0,1.0,0.0003254032204493177,229 208 187 166 146 124,350 250 206 188 179
proxy_penalized,28,301,227,True,7,221.36401770234284,58.446779298562056,0.28116797770366214,0.0,0.24126212507316303,0.0,0.5862863181630911,0.45725560573800406,0.3340136054421769,0.2542310423810933,0.5714285714285714,0.42857142857142855,0.14285714285714285,0.14285714285714285,0.14285714285714285,0.7142857142857143,0.0,301 281 241 222 204 205 226 227,450 429 403 322 221 232 343
proxy_penalized,29,198,230,True,5,207.9145133943536,46.72367235759465,0.26247060823810414,0.2435115573985265,0.1613309895639982,0.0451112577973331,0.7308086709191735,0.5479707733864484,0.39960317460317457,0.171632488273749,1.0,0.4,0.0,0.6,0.2,0.6,0.0012303965692041735,198 217 235 233 232 230,212 308 391 383 374
proxy_penalized,30,215,135,False,0,,,,,,,,,,,,,,,,,0.0,,
proxy_penalized,31,221,381,True,7,214.76789142456096,51.894724718443115,0.2526321978736967,0.0482782480739416,0.1959605383061218,0.1252090263318243,0.4852502646271395,0.29055340999906143,0.2761904761904762,0.22136191116372086,1.0,0.14285714285714285,0.0,0.14285714285714285,0.0,0.7142857142857143,2.631949712205034e-05,221 241 261 281 301 341 361 381,320 405 418 433 454 517 535
proxy_penalized,32,124,203,True,5,196.7255263635177,46.29469904252061,0.2561697965830739,0.2235600071304749,0.09176037929014999,0.0098749358309245,0.7687795953698467,0.4810191393689022,0.2809523809523809,0.2595311982400464,1.0,0.6,0.2,0.6,0.2,0.8,0.001064966215975248,124 146 187 206 224 203,169 185 209 239 333
proxy_penalized,33,10,40,False,0,,,,,,,,,,,,,,,,,0.0,,
proxy_penalized,34,306,220,False,0,,,,,,,,,,,,,,,,,0.0,,
proxy_penalized,35,55,6,True,5,215.8094970770481,48.656037154134395,0.24511518514130337,0.2107289391851425,0.08048460748196692,0.0318841866275303,0.7639691861902935,0.5411711811712467,0.36238095238095236,0.2551826417912185,1.0,0.6,0.0,0.8,0.0,0.0,0.0008618399298273119,55 53 32 10 8 6,128 119 87 38 25
proxy_penalized,36,144,0,False,0,,,,,,,,,,,,,,,,,0.0,,
proxy_penalized,37,390,252,True,5,200.4546578851682,45.417355853811685,0.20899782571271786,0.0,0.13825827673483557,0.0,0.5201019892727873,0.5106526741629095,0.27999999999999997,0.2748703715400841,1.0,0.6,0.2,0.4,0.0,1.0,0.0,390 372 352 332 292 252,573 544 525 505 435
proxy_penalized,38,7,187,True,7,196.75180568616645,56.232115611491906,0.3332986841404656,0.2570037362523396,0.2474655376666997,0.0822171657090155,0.6988113365077021,0.25343294411193146,0.20816326530612247,0.28231297283480544,0.7142857142857143,0.0,0.0,0.14285714285714285,0.14285714285714285,0.8571428571428571,0.0004199300309458211,7 27 47 67 87 106 146 187,24 74 112 133 144 152 185
proxy_penalized,39,398,313,False,0,,,,,,,,,,,,,,,,,0.0,,
proxy_penalized,40,76,6,False,0,,,,,,,,,,,,,,,,,0.0,,
proxy_penalized,41,233,138,False,0,,,,,,,,,,,,,,,,,0.0,,
proxy_penalized,42,58,9,False,0,,,,,,,,,,,,,,,,,0.0,,
proxy_penalized,43,381,220,False,0,,,,,,,,,,,,,,,,,0.0,,
proxy_penalized,44,153,238,False,0,,,,,,,,,,,,,,,,,0.0,,
proxy_penalized,45,199,253,False,0,,,,,,,,,,,,,,,,,0.0,,
proxy_penalized,46,153,238,False,0,,,,,,,,,,,,,,,,,0.0,,
proxy_penalized,47,346,260,True,6,225.93387749117556,51.71257400095713,0.21117263463571523,0.0,0.10002771747082949,0.0,0.5746877219922455,0.5239703387997019,0.23888888888888885,0.2060633379154925,1.0,0.6666666666666666,0.16666666666666666,0.6666666666666666,0.0,0.5,0.0,346 326 305 303 301 281 260,518 500 461 455 450 430
proxy_penalized,48,41,10,True,12,426.8130181200108,104.32719909212574,0.28365302436832285,0.0,0.16291004981294818,0.0614903152761605,0.6919577395331724,0.39807879203058955,0.4132936507936508,0.23198160714355767,0.8333333333333334,0.25,0.0,0.16666666666666666,0.3333333333333333,0.4166666666666667,0.0,41 81 121 123 124 126 106 86 67 47 27 8 10,102 135 159 165 168 170 147 137 131 110 71 28
proxy_penalized,49,155,236,False,0,,,,,,,,,,,,,,,,,0.0,,
proxy_penalized,50,3,147,False,0,,,,,,,,,,,,,,,,,0.0,,
proxy_penalized,51,139,212,False,0,,,,,,,,,,,,,,,,,0.0,,
proxy_penalized,52,238,133,False,0,,,,,,,,,,,,,,,,,0.0,,
proxy_penalized,53,386,301,True,6,211.9869907189633,49.0057953244892,0.2327669336195474,0.0,0.15122942553253968,0.0455860626446362,0.4992699879972613,0.4316488554324436,0.26666666666666666,0.29030792922063015,1.0,0.3333333333333333,0.0,0.3333333333333333,0.0,0.16666666666666666,0.0,386 384 383 361 341 321 301,558 555 552 534 515 496
proxy_penalized,54,327,260,False,0,,,,,,,,,,,,,,,,,0.0,,
proxy_penalized,55,23,120,False,0,,,,,,,,,,,,,,,,,0.0,,
proxy_penalized,56,358,273,False,0,,,,,,,,,,,,,,,,,0.0,,
proxy_penalized,57,4,52,True,6,228.93542876570194,53.88931878394541,0.25884397283005295,0.1690516908887335,0.12951200054129322,0.0833732136208769,0.7048683260921494,0.42430040096963434,0.29920634920634914,0.1868777283182973,1.0,0.3333333333333333,0.0,0.5,0.16666666666666666,0.3333333333333333,0.00026460952740286895,4 6 7 9 11 31 52,6 15 22 35 48 86
proxy_penalized,58,186,235,True,6,223.38278885661347,53.89794914992792,0.2535824689620973,0.0,0.19932711454896013,0.0084557694719232,0.5589369712972249,0.40150488025561554,0.41038359788359785,0.1838954943970862,0.8333333333333334,0.3333333333333333,0.16666666666666666,0.3333333333333333,0.16666666666666666,0.8333333333333334,0.0,186 207 208 210 212 233 235,205 246 253 266 277 384
proxy_penalized,59,223,123,True,7,235.0449546007682,57.03805358624046,0.2408412677666961,0.0300041568825945,0.2164596490993968,0.1544158575771376,0.472386050846021,0.39504771215696477,0.26439909297052155,0.23826049233860225,0.8571428571428571,0.42857142857142855,0.0,0.2857142857142857,0.14285714285714285,0.8571428571428571,1.2051536816226928e-05,223 204 206 186 166 146 124 123,328 222 233 201 188 179 167
proxy_penalized,60,107,210,True,6,185.66428968611137,50.302845438448905,0.31569329372106275,0.2316785636372734,0.20162557865913758,0.0822171657090155,0.770725132498725,0.3239493414738246,0.25595238095238093,0.22675635682643644,0.6666666666666666,0.16666666666666666,0.0,0.16666666666666666,0.16666666666666666,1.0,0.0008471403024162451,107 106 146 187 207 208 210,155 152 185 210 246 253
proxy_penalized,61,358,353,False,0,,,,,,,,,,,,,,,,,0.0,,
proxy_penalized,62,380,392,False,0,,,,,,,,,,,,,,,,,0.0,,
proxy_penalized,63,209,198,True,6,204.68891614921708,55.263999761330155,0.326168410185544,0.2566338674321028,0.24852447658504576,0.0162317522628259,0.7910730061886162,0.44666855557414964,0.4325396825396825,0.19412079266093488,0.5,0.0,0.0,0.6666666666666666,0.5,0.5,0.0010958633232524338,209 210 212 214 216 218 198,259 266 273 287 301 312
proxy_penalized,64,261,347,True,5,168.48000110189582,44.13081317862863,0.29724688232026397,0.2106541092797723,0.15013649444914728,0.0523677919594958,0.7798236221173881,0.3917456839923613,0.2533333333333333,0.29694135092196494,0.8,0.2,0.0,0.2,0.0,0.4,0.002050403478884657,261 281 303 305 326 347,418 434 457 465 504
proxy_penalized,65,299,393,False,0,,,,,,,,,,,,,,,,,0.0,,
proxy_penalized,66,138,232,False,0,,,,,,,,,,,,,,,,,0.0,,
proxy_penalized,67,46,52,True,6,213.02406723307058,51.07981802095715,0.2808786399416166,0.1852853424159011,0.1611176501830696,0.0831418420862506,0.7366004169689148,0.3754129569494779,0.31130952380952376,0.18898664560766099,1.0,0.3333333333333333,0.0,0.3333333333333333,0.16666666666666666,0.16666666666666666,0.00043840640371421767,46 26 8 10 11 31 52,103 64 28 40 48 86
proxy_penalized,68,152,238,False,0,,,,,,,,,,,,,,,,,0.0,,
proxy_penalized,69,9,127,True,5,170.01461610925028,41.8181453916703,0.2889442983596638,0.2669815990323059,0.1455261881706739,0.0162317522628259,0.7157533225346641,0.3635677741522393,0.24857142857142858,0.29643049981914665,1.0,0.0,0.0,0.4,0.0,0.8,0.0019951989814951704,9 27 47 67 107 127,36 74 112 134 157
proxy_penalized,70,24,53,False,0,,,,,,,,,,,,,,,,,0.0,,
proxy_penalized,71,233,220,False,0,,,,,,,,,,,,,,,,,0.0,,
proxy_penalized,72,19,13,False,0,,,,,,,,,,,,,,,,,0.0,,
proxy_penalized,73,19,32,False,0,,,,,,,,,,,,,,,,,0.0,,
proxy_penalized,74,155,235,False,0,,,,,,,,,,,,,,,,,0.0,,
proxy_penalized,75,301,227,True,7,221.36401770234284,58.446779298562056,0.28116797770366214,0.0,0.24126212507316303,0.0,0.5862863181630911,0.45725560573800406,0.3340136054421769,0.2542310423810933,0.5714285714285714,0.42857142857142855,0.14285714285714285,0.14285714285714285,0.14285714285714285,0.7142857142857143,0.0,301 281 241 222 204 205 226 227,450 429 403 322 221 232 343
proxy_penalized,76,4,52,True,6,228.93542876570194,53.88931878394541,0.25884397283005295,0.1690516908887335,0.12951200054129322,0.0833732136208769,0.7048683260921494,0.42430040096963434,0.29920634920634914,0.1868777283182973,1.0,0.3333333333333333,0.0,0.5,0.16666666666666666,0.3333333333333333,0.00026460952740286895,4 6 7 9 11 31 52,6 15 22 35 48 86
proxy_penalized,77,18,13,False,0,,,,,,,,,,,,,,,,,0.0,,
proxy_penalized,78,201,126,False,0,,,,,,,,,,,,,,,,,0.0,,
proxy_penalized,79,218,133,False,0,,,,,,,,,,,,,,,,,0.0,,
proxy_penalized,80,58,10,False,0,,,,,,,,,,,,,,,,,0.0,,
proxy_penalized,81,158,232,True,5,219.80380828479804,46.99583788457056,0.2055760273912232,0.0,0.11929942411307759,0.0,0.5741003147881538,0.5729366707798405,0.4662698412698413,0.19022223186349257,1.0,0.6,0.2,0.6,0.4,0.4,0.0,158 198 217 235 233 232,187 212 308 391 383
proxy_penalized,82,135,216,False,0,,,,,,,,,,,,,,,,,0.0,,
proxy_penalized,83,318,392,True,6,240.05203908067986,52.97832846976533,0.2092491538511865,0.0,0.1722576949146847,0.0,0.4662833789620599,0.5863345238428612,0.27777777777777773,0.2821201694606195,1.0,0.6666666666666666,0.16666666666666666,0.5,0.0,0.6666666666666666,0.0,318 317 315 313 353 372 392,494 490 484 482 531 547
proxy_penalized,84,3,52,True,6,244.087176345072,57.02742903153812,0.27904453183576555,0.2379396290244232,0.13217571532292718,0.088772132993116,0.7864798713049934,0.427710981315974,0.3658730158730159,0.1930338409986203,1.0,0.16666666666666666,0.0,0.5,0.16666666666666666,0.3333333333333333,0.0004557439767712183,3 5 7 9 11 31 52,3 11 22 35 48 86
proxy_penalized,85,286,392,False,0,,,,,,,,,,,,,,,,,0.0,,
proxy_penalized,86,299,232,False,0,,,,,,,,,,,,,,,,,0.0,,
proxy_penalized,87,213,146,True,6,201.4199985298908,52.474021323438016,0.33622700232995234,0.2274986324367348,0.24902997173928573,0.0455860626446362,0.7684371975038028,0.42328331646699296,0.3767857142857143,0.3128526352998776,0.6666666666666666,0.16666666666666666,0.0,0.3333333333333333,0.0,1.0,0.0012118439230999576,213 231 209 208 187 166 146,281 362 258 250 206 188
proxy_penalized,88,13,1,True,7,283.94848599642097,64.86062029401377,0.2752244273792707,0.2169017706908759,0.1225700522043197,0.0354664950863103,0.7453954678927213,0.5206680421328356,0.3680272108843537,0.1994901787838482,1.0,0.2857142857142857,0.0,0.5714285714285714,0.2857142857142857,0.2857142857142857,0.00011147697299900674,13 12 11 9 7 5 3 1,57 51 43 32 19 8 1
proxy_penalized,89,229,178,True,7,237.73369691843672,63.3202262327286,0.31979978798184383,0.2592898483443885,0.23869728361961354,0.0162317522628259,0.7427386907444474,0.41167749363172595,0.4387755102040817,0.22065177072083889,0.5714285714285714,0.0,0.0,0.5714285714285714,0.42857142857142855,0.2857142857142857,0.00030917716332421244,229 210 212 214 216 218 198 178,352 266 273 287 301 312 211
proxy_penalized,90,304,369,False,0,,,,,,,,,,,,,,,,,0.0,,
proxy_penalized,91,226,300,True,7,237.6582609602123,55.7478822234018,0.2340604432154739,0.1160170886919261,0.09493176193417316,0.0049202802955696,0.5837088250827515,0.3816688857348897,0.2833333333333333,0.2683243672582386,1.0,0.2857142857142857,0.14285714285714285,0.2857142857142857,0.14285714285714285,0.5714285714285714,2.8208426766894967e-05,226 224 223 221 241 261 281 300,342 337 330 320 405 418 432
proxy_penalized,92,383,303,True,5,171.44354428826327,42.028476751466556,0.23683213335806838,0.0,0.17810499700249155,0.0455860626446362,0.5235989882637904,0.42891210250423556,0.2866666666666667,0.2742266579218991,0.8,0.4,0.0,0.4,0.0,0.4,0.0,383 361 341 321 301 303,552 534 515 496 452
proxy_penalized,93,347,353,True,5,189.5222364955161,43.87353781559866,0.2785079075755955,0.2228360530554222,0.1888188702547794,0.1073768974428054,0.6625036538270594,0.4377583627725429,0.4166666666666667,0.2635466583521147,1.0,0.4,0.0,0.2,0.2,0.4,0.0015755610562104344,347 367 389 390 372 353,523 542 572 573 545
proxy_penalized,94,158,232,True,5,219.80380828479804,46.99583788457056,0.2055760273912232,0.0,0.11929942411307759,0.0,0.5741003147881538,0.5729366707798405,0.4662698412698413,0.19022223186349257,1.0,0.6,0.2,0.6,0.4,0.4,0.0,158 198 217 235 233 232,187 212 308 391 383
proxy_penalized,95,4,121,True,8,294.1197105694383,70.5995159389852,0.2340727758205098,0.0,0.18489061591793193,0.0,0.49993306150592287,0.48263401295312713,0.3145833333333333,0.21821194018246928,0.75,0.375,0.25,0.375,0.125,0.5,0.0,4 26 46 87 106 126 124 123 121,7 66 108 144 150 172 167 163
proxy_penalized,96,398,312,False,0,,,,,,,,,,,,,,,,,0.0,,
proxy_penalized,97,146,40,False,0,,,,,,,,,,,,,,,,,0.0,,
proxy_penalized,98,20,123,False,0,,,,,,,,,,,,,,,,,0.0,,
proxy_penalized,99,393,213,True,7,228.02362052028596,56.577110007438804,0.2575209261098595,0.0,0.24323835802402533,0.0,0.5454954341946862,0.4880052319753982,0.32063492063492066,0.23971518201203204,0.7142857142857143,0.42857142857142855,0.14285714285714285,0.42857142857142855,0.14285714285714285,1.0,0.0,393 372 352 332 292 273 233 213,580 544 525 505 437 424 379
proxy_penalized,100,347,261,True,6,223.6384155166707,51.64421461452315,0.20323631733607642,0.0,0.08691999510557295,0.0,0.5319356451119654,0.4481926302439622,0.2583333333333333,0.2482230189056158,1.0,0.8333333333333334,0.16666666666666666,0.5,0.0,0.5,0.0,347 326 305 303 301 281 261,521 500 461 455 450 431
proxy_penalized,101,146,41,False,0,,,,,,,,,,,,,,,,,0.0,,
proxy_penalized,102,238,313,True,6,203.09286406611074,54.86118221403414,0.3453700215842122,0.2552064098311057,0.285792089827049,0.1102369693153185,0.7959883711187982,0.49154604729812346,0.3455026455026455,0.27657864452514,0.5,0.0,0.0,0.5,0.16666666666666666,0.6666666666666666,0.0014861981434581707,238 217 235 233 273 292 313,399 308 391 386 427 440
proxy_penalized,103,46,140,False,0,,,,,,,,,,,,,,,,,0.0,,
proxy_penalized,104,280,207,False,0,,,,,,,,,,,,,,,,,0.0,,
proxy_penalized,105,221,233,True,7,259.38008561764974,66.47868827836037,0.33303290509343925,0.2713196149618653,0.2650311264537967,0.0706109170850743,0.7832954363347101,0.4367711463437084,0.41836734693877553,0.21447932484528817,0.7142857142857143,0.0,0.0,0.2857142857142857,0.42857142857142855,0.8571428571428571,0.00039516556627915817,221 222 204 206 208 210 212 233,318 322 222 238 253 266 277
proxy_penalized,106,13,87,True,7,223.70602561732025,55.66994700677152,0.2768236120692902,0.2169017706908759,0.1664250826388574,0.0354664950863103,0.6110128308818192,0.38260260732102475,0.15034013605442173,0.26394245674711464,1.0,0.2857142857142857,0.0,0.2857142857142857,0.0,0.5714285714285714,0.00011630707487766141,13 12 11 9 27 47 67 87,57 51 43 36 74 112 133
proxy_penalized,107,156,158,False,0,,,,,,,,,,,,,,,,,0.0,,
proxy_penalized,108,383,260,True,6,200.7932715987912,46.91728498383364,0.2253527475566183,0.0,0.16807126957384178,0.0455860626446362,0.49239606916069323,0.38517492424379135,0.26666666666666666,0.2147713430771823,1.0,0.5,0.0,0.16666666666666666,0.0,0.5,0.0,383 361 341 321 301 281 260,552 534 515 496 450 430
proxy_penalized,109,390,341,True,6,246.747475372514,55.28013878448047,0.23121214674960786,0.0,0.12887165856070568,0.0324009626263195,0.5824863167611517,0.5837579356712258,0.2833333333333333,0.3030930578134526,1.0,0.5,0.0,0.6666666666666666,0.0,0.0,0.0,390 388 386 384 383 361 341,574 566 558 555 552 534
proxy_penalized,110,333,346,False,0,,,,,,,,,,,,,,,,,0.0,,
proxy_penalized,111,301,226,True,6,196.7712496852754,52.401277723042725,0.2877766704304875,0.0,0.2481051495549892,0.0,0.6170429677961583,0.4749687632020392,0.35634920634920636,0.23781578972118622,0.5,0.3333333333333333,0.16666666666666666,0.16666666666666666,0.16666666666666666,0.8333333333333334,0.0,301 281 241 222 204 205 226,450 429 403 322 221 232
proxy_penalized,112,41,146,True,5,210.68073559235017,48.777139542593105,0.2481137156162708,0.0,0.13422155584188405,0.0614903152761605,0.6358161940095505,0.5027505642041565,0.4976190476190476,0.24739318330071755,0.8,0.4,0.0,0.2,0.6,0.2,0.0,41 81 121 123 124 146,102 135 159 165 169
proxy_penalized,113,124,7,True,7,203.76231058379983,53.76366386413462,0.31379995003020905,0.2033296991303458,0.17746053549279303,0.0829678575981806,0.7335230934298876,0.260458562741583,0.32312925170068024,0.22051648045449465,0.8571428571428571,0.14285714285714285,0.0,0.0,0.14285714285714285,0.7142857142857143,0.0002506732961482175,124 126 106 86 67 47 27 7,168 170 147 137 131 110 70
proxy_penalized,114,384,260,True,7,227.90797705450098,53.957740653536774,0.22946393530513198,0.0,0.1696316105261617,0.0455860626446362,0.4759156389715723,0.38151186481675464,0.22857142857142856,0.2191917634539113,1.0,0.42857142857142855,0.0,0.14285714285714285,0.0,0.42857142857142855,0.0,384 383 361 341 321 301 281 260,555 552 534 515 496 450 430
proxy_penalized,115,399,292,False,0,,,,,,,,,,,,,,,,,0.0,,
proxy_penalized,116,273,166,True,6,189.25821100422928,52.380595044439346,0.3708839112529329,0.2691163476254959,0.3219588184670233,0.0455860626446362,0.7711740443949128,0.3964998140242247,0.4303571428571428,0.32781892211490393,0.5,0.0,0.0,0.16666666666666666,0.16666666666666666,1.0,0.0022882121904383916,273 252 231 209 208 187 166,425 407 362 258 250 206
proxy_penalized,117,398,313,False,0,,,,,,,,,,,,,,,,,0.0,,
proxy_penalized,118,306,393,True,7,239.65023710842297,56.78673164608706,0.24705830969654796,0.1969383655428979,0.16133014683098754,0.0539689575608272,0.555183196335823,0.4270980879331529,0.25476190476190474,0.3103649204404287,1.0,0.7142857142857143,0.0,0.2857142857142857,0.14285714285714285,0.0,5.002744960324386e-05,306 326 347 367 389 390 392 393,469 504 523 542 572 576 579
proxy_penalized,119,236,135,False,0,,,,,,,,,,,,,,,,,0.0,,
proxy_penalized,120,19,12,False,0,,,,,,,,,,,,,,,,,0.0,,
proxy_penalized,121,393,319,False,0,,,,,,,,,,,,,,,,,0.0,,
proxy_penalized,122,136,235,False,0,,,,,,,,,,,,,,,,,0.0,,
proxy_penalized,123,359,353,False,0,,,,,,,,,,,,,,,,,0.0,,
proxy_penalized,124,136,216,False,0,,,,,,,,,,,,,,,,,0.0,,
proxy_penalized,125,87,1,True,6,221.92060989424886,50.817505287369514,0.2924254799714127,0.2503759043598492,0.10019251299751608,0.0140378274609748,0.836676366172045,0.40873619604187694,0.5180555555555556,0.2003617836340393,1.0,0.0,0.0,0.16666666666666666,0.5,0.16666666666666666,0.0006101695358004895,87 67 47 26 5 3 1,142 131 109 61 8 1
proxy_penalized,126,133,218,False,0,,,,,,,,,,,,,,,,,0.0,,
proxy_penalized,127,283,203,False,0,,,,,,,,,,,,,,,,,0.0,,
proxy_penalized,128,58,9,False,0,,,,,,,,,,,,,,,,,0.0,,
proxy_penalized,129,224,124,True,6,204.0421735768135,46.87908304035214,0.21595648761550298,0.0300041568825945,0.1749214059930171,0.0604439225715255,0.4746376397548488,0.3867957111212097,0.31507936507936507,0.21036875064263996,1.0,0.5,0.0,0.3333333333333333,0.0,0.8333333333333334,3.057887796372658e-05,224 205 206 186 166 146 124,335 228 233 201 188 179
proxy_penalized,130,312,206,True,6,215.93018217555945,52.72642917306631,0.3005841111361604,0.2419587863994839,0.18345576297788443,0.0455860626446362,0.7628951272248842,0.4682419970699356,0.35383597883597884,0.2673973692815916,0.8333333333333334,0.16666666666666666,0.0,0.3333333333333333,0.3333333333333333,1.0,0.0006437484586783632,312 292 252 231 209 207 206,473 435 407 362 257 245
proxy_penalized,131,1,144,False,0,,,,,,,,,,,,,,,,,0.0,,
proxy_penalized,132,167,8,True,8,242.734816693193,60.90916051642149,0.28656768552889694,0.1978369534013759,0.14375874954976792,0.0602369225708214,0.7114147920541329,0.3023761607014047,0.39464285714285713,0.2060584675437006,0.875,0.25,0.0,0.0,0.375,0.875,3.5247988281573585e-05,167 146 126 106 86 67 47 27 8,193 180 170 147 137 131 110 71
proxy_penalized,133,346,260,True,6,225.93387749117556,51.71257400095713,0.21117263463571523,0.0,0.10002771747082949,0.0,0.5746877219922455,0.5239703387997019,0.23888888888888885,0.2060633379154925,1.0,0.6666666666666666,0.16666666666666666,0.6666666666666666,0.0,0.5,0.0,346 326 305 303 301 281 260,518 500 461 455 450 430
proxy_penalized,134,78,9,False,0,,,,,,,,,,,,,,,,,0.0,,
proxy_penalized,135,369,272,False,0,,,,,,,,,,,,,,,,,0.0,,
proxy_penalized,136,306,381,True,6,224.5830137244613,51.00692926913703,0.22730531775506413,0.0482782480739416,0.16951359578498346,0.0679799614586809,0.5230086143060048,0.4596118165706804,0.32222222222222224,0.22728983254873222,1.0,0.5,0.0,0.5,0.0,0.3333333333333333,5.6012587216577066e-05,306 305 303 301 341 361 381,467 461 455 454 517 535
proxy_penalized,137,358,252,False,0,,,,,,,,,,,,,,,,,0.0,,
proxy_penalized,138,224,341,True,7,238.69437369438015,55.99242923022735,0.24547531051469873,0.0482782480739416,0.1523709034692317,0.0550499876417276,0.5222694171087189,0.3323307837401278,0.3357142857142857,0.23305771296484015,1.0,0.14285714285714285,0.0,0.14285714285714285,0.14285714285714285,0.7142857142857143,2.2151104464245517e-05,224 223 221 241 261 281 301 341,337 330 320 405 418 433 454
proxy_penalized,139,144,210,False,0,,,,,,,,,,,,,,,,,0.0,,
proxy_penalized,140,381,285,False,0,,,,,,,,,,,,,,,,,0.0,,
proxy_penalized,141,340,204,True,5,199.73995872351156,48.637886982709226,0.22569221812022508,0.0,0.18372447740430636,0.0,0.4997495001584995,0.5780329863909672,0.33999999999999997,0.2702588041057764,0.6,0.4,0.4,0.4,0.0,0.8,0.0,340 300 281 241 222 204,510 447 429 403 322
proxy_penalized,142,121,46,True,6,225.53497723905147,52.045877729855164,0.22708330534763502,0.0,0.1267335929079092,0.0,0.5301911064113614,0.38351793691492747,0.3527777777777777,0.20568008008255656,1.0,0.5,0.16666666666666666,0.16666666666666666,0.16666666666666666,0.5,0.0,121 123 124 126 106 86 46,159 165 168 170 147 136
proxy_penalized,143,201,127,False,0,,,,,,,,,,,,,,,,,0.0,,
proxy_penalized,144,307,380,False,0,,,,,,,,,,,,,,,,,0.0,,
proxy_penalized,145,392,381,True,6,255.27995500666023,57.996792226459085,0.2956586519976901,0.2403193297184433,0.16297292646469644,0.0324009626263195,0.776803011756157,0.5975967857821226,0.3666666666666667,0.32522165687724197,1.0,0.16666666666666666,0.0,0.8333333333333334,0.0,0.0,0.0006355480540176285,392 390 388 386 384 383 381,578 574 566 558 555 553
proxy_penalized,146,346,346,True,0,0.0,0.0,,,,,,,,,,,,,,,0.0,346,
proxy_penalized,147,381,306,True,7,196.56022053748816,54.33616795288228,0.30002706699182324,0.230406312534578,0.2289231149138621,0.170934058746356,0.6325987461231282,0.3319181988006185,0.24047619047619048,0.2590203750975472,0.7142857142857143,0.14285714285714285,0.0,0.2857142857142857,0.0,0.2857142857142857,0.00019823751202784914,381 361 341 321 301 303 304 306,550 534 515 496 452 456 460
proxy_penalized,148,135,235,False,0,,,,,,,,,,,,,,,,,0.0,,
proxy_penalized,149,1,12,True,6,254.0769628231138,57.97109604966087,0.26648651700529835,0.2379396290244232,0.097760245541819,0.0885203540044304,0.7795256857915809,0.47112136514466263,0.4158730158730158,0.27221564972059,1.0,0.16666666666666666,0.0,0.6666666666666666,0.16666666666666666,0.3333333333333333,0.00035325090629020146,1 3 5 7 9 11 12,0 3 11 22 35 45
proxy_penalized,150,261,229,True,6,224.90571070260364,55.29528125406685,0.26434056882083623,0.0,0.18622898860386172,0.0,0.6475408586734578,0.4997639535148863,0.4592592592592592,0.24215858720371175,0.6666666666666666,0.3333333333333333,0.16666666666666666,0.3333333333333333,0.3333333333333333,1.0,0.0,261 241 222 204 206 208 229,416 403 322 222 238 256
proxy_penalized,151,381,306,True,7,196.56022053748816,54.33616795288228,0.30002706699182324,0.230406312534578,0.2289231149138621,0.170934058746356,0.6325987461231282,0.3319181988006185,0.24047619047619048,0.2590203750975472,0.7142857142857143,0.14285714285714285,0.0,0.2857142857142857,0.0,0.2857142857142857,0.00019823751202784914,381 361 341 321 301 303 304 306,550 534 515 496 452 456 460
proxy_penalized,152,386,301,True,6,211.9869907189633,49.0057953244892,0.2327669336195474,0.0,0.15122942553253968,0.0455860626446362,0.4992699879972613,0.4316488554324436,0.26666666666666666,0.29030792922063015,1.0,0.3333333333333333,0.0,0.3333333333333333,0.0,0.16666666666666666,0.0,386 384 383 361 341 321 301,558 555 552 534 515 496
proxy_penalized,153,235,155,False,0,,,,,,,,,,,,,,,,,0.0,,
proxy_penalized,154,59,9,False,0,,,,,,,,,,,,,,,,,0.0,,
proxy_penalized,155,7,55,True,5,199.45418276615723,46.889335039672176,0.311751049480139,0.2379396290244232,0.20711097517456264,0.0908568356888925,0.8174395756815283,0.45593706082475904,0.559047619047619,0.16149167304769646,0.8,0.2,0.0,0.4,0.4,0.4,0.0026573481845003108,7 9 11 32 53 55,22 35 49 94 123
proxy_penalized,156,198,229,True,6,224.61501262536044,53.06956296926811,0.2777395667811858,0.2444379672323147,0.12398197486012781,0.0451112577973331,0.7849216887722609,0.4560077925672039,0.2886904761904761,0.2118421900679965,1.0,0.3333333333333333,0.0,0.5,0.0,0.3333333333333333,0.0004464346277907934,198 217 216 215 213 231 229,212 306 299 291 281 365
proxy_penalized,157,381,392,True,6,266.66898410768005,58.23361899970387,0.19719378573548055,0.0,0.09258000019713315,0.0,0.5319755208442777,0.5501061521365656,0.39166666666666666,0.3043441384832296,1.0,0.6666666666666666,0.16666666666666666,0.6666666666666666,0.3333333333333333,0.0,0.0,381 383 384 386 388 390 392,551 554 556 560 569 576
proxy_penalized,158,4,126,True,5,187.74309698230905,43.12297164247283,0.1862080180904618,0.0,0.1375043710836072,0.0,0.37010674700046414,0.4626566906009642,0.30333333333333334,0.20045778561063216,0.8,0.4,0.4,0.4,0.2,0.8,0.0,4 26 46 87 106 126,7 66 108 144 150
proxy_penalized,159,272,187,True,5,153.88306266318054,43.28463242728094,0.36781307512655886,0.2454997450348038,0.3092911720205121,0.0455860626446362,0.7986503585081686,0.45476507034631714,0.4097619047619047,0.3280232382253934,0.4,0.2,0.0,0.2,0.2,1.0,0.00565062289027842,272 252 231 209 208 187,420 407 362 258 250
proxy_penalized,160,224,303,True,6,189.6656949738416,49.00627943591688,0.29609729207705776,0.2601306390836223,0.1555645685325796,0.0550499876417276,0.6724783994813041,0.3107441763207674,0.33055555555555555,0.2933683737396772,0.8333333333333334,0.0,0.0,0.0,0.16666666666666666,0.6666666666666666,0.0006144510170194114,224 223 221 241 261 281 303,337 330 320 405 418 434
proxy_penalized,161,241,347,True,6,194.6283655365366,51.177387821911886,0.2918187994828276,0.2106541092797723,0.1466726760006395,0.0523677919594958,0.7305014221755082,0.36647933357609125,0.2111111111111111,0.29497247618196837,0.8333333333333334,0.16666666666666666,0.0,0.16666666666666666,0.0,0.5,0.0005426974819957658,241 261 281 303 305 326 347,405 418 434 457 465 504
proxy_penalized,162,221,380,False,0,,,,,,,,,,,,,,,,,0.0,,
proxy_penalized,163,9,126,True,6,169.22730709136079,46.6014897898736,0.31555121317018997,0.2715463371183793,0.22361703232477895,0.0806563532711999,0.6511562402098643,0.25625867890551984,0.15714285714285714,0.27867941662929835,0.8333333333333334,0.0,0.0,0.16666666666666666,0.0,0.8333333333333334,0.0009524496435796096,9 27 47 67 87 106 126,36 74 112 133 144 150
proxy_penalized,164,300,387,True,7,227.5729484887824,59.296487314384166,0.2786979562411325,0.2106541092797723,0.14363928667606,0.0523677919594958,0.6907034391106269,0.36265070945595745,0.20476190476190473,0.28995625420816057,0.8571428571428571,0.42857142857142855,0.0,0.14285714285714285,0.0,0.2857142857142857,0.00010819106624826616,300 281 303 305 326 347 367 387,447 434 457 465 504 523 540
proxy_penalized,165,86,187,True,3,102.37272975355464,27.95941274147353,0.31400196799806096,0.2567311624743115,0.22987354226386994,0.0822171657090155,0.7539718380450452,0.398662224297157,0.2380952380952381,0.27382232462877615,0.6666666666666666,0.0,0.0,0.3333333333333333,0.3333333333333333,1.0,0.028257692653210053,86 106 146 187,139 152 185
proxy_penalized,166,67,120,False,0,,,,,,,,,,,,,,,,,0.0,,
proxy_penalized,167,261,166,True,6,190.74167402678336,51.08294694289943,0.3099505275716309,0.203621707591222,0.23500591138642124,0.1193742081891821,0.6857752618772004,0.3781494900611751,0.3259259259259259,0.25385769387411655,0.6666666666666666,0.16666666666666666,0.0,0.16666666666666666,0.16666666666666666,1.0,0.0007256532964627767,261 241 222 204 206 186 166,416 403 322 222 233 201
proxy_penalized,168,232,393,True,6,216.33190912889683,49.30540837805758,0.22905844744139203,0.0,0.16872010474469587,0.0,0.48772989908375547,0.422058228285606,0.3277777777777778,0.29001704878339646,1.0,0.3333333333333333,0.16666666666666666,0.3333333333333333,0.16666666666666666,0.8333333333333334,0.0,232 252 292 312 332 352 393,377 412 439 476 508 528
proxy_penalized,169,386,301,True,6,211.9869907189633,49.0057953244892,0.2327669336195474,0.0,0.15122942553253968,0.0455860626446362,0.4992699879972613,0.4316488554324436,0.26666666666666666,0.29030792922063015,1.0,0.3333333333333333,0.0,0.3333333333333333,0.0,0.16666666666666666,0.0,386 384 383 361 341 321 301,558 555 552 534 515 496
proxy_penalized,170,381,221,True,7,218.1687108313339,51.8094294040619,0.2265154654547036,0.0,0.14023858235691927,0.0,0.48385268254867675,0.3168529468398717,0.28095238095238095,0.21348910074702848,1.0,0.42857142857142855,0.14285714285714285,0.14285714285714285,0.0,0.5714285714285714,0.0,381 361 341 321 301 281 241 221,550 534 515 496 450 429 402
proxy_penalized,171,221,127,True,7,220.89463711573222,57.02791547480307,0.2880219591668379,0.1895537732423626,0.2149492032090456,0.0636521583615736,0.6400776810481043,0.31854830556838526,0.2763038548752834,0.24781536680797936,0.8571428571428571,0.2857142857142857,0.0,0.14285714285714285,0.14285714285714285,1.0,0.0001294793569370591,221 222 204 206 186 166 146 127,318 322 222 233 201 188 181
proxy_penalized,172,229,124,True,5,177.9754475676803,43.158464120171715,0.27315552096179463,0.0300041568825945,0.2572965013758117,0.1544158575771376,0.5728145693406808,0.44757035745855056,0.39142857142857135,0.2977514138185394,0.8,0.4,0.0,0.4,0.0,1.0,0.0003254032204493177,229 208 187 166 146 124,350 250 206 188 179
proxy_penalized,173,318,392,True,6,240.05203908067986,52.97832846976533,0.2092491538511865,0.0,0.1722576949146847,0.0,0.4662833789620599,0.5863345238428612,0.27777777777777773,0.2821201694606195,1.0,0.6666666666666666,0.16666666666666666,0.5,0.0,0.6666666666666666,0.0,318 317 315 313 353 372 392,494 490 484 482 531 547
proxy_penalized,174,126,10,True,7,221.39466864004777,55.81469895919756,0.3059425030070319,0.2033296991303458,0.15814553525021596,0.0829678575981806,0.7624332100179986,0.3217936510817606,0.40612244897959177,0.21545695008634083,0.8571428571428571,0.14285714285714285,0.0,0.14285714285714285,0.2857142857142857,0.7142857142857143,0.00021132049170107144,126 106 86 67 47 27 8 10,170 147 137 131 110 71 28
proxy_penalized,175,327,261,False,0,,,,,,,,,,,,,,,,,0.0,,
proxy_penalized,176,46,52,True,6,213.02406723307058,51.07981802095715,0.2808786399416166,0.1852853424159011,0.1611176501830696,0.0831418420862506,0.7366004169689148,0.3754129569494779,0.31130952380952376,0.18898664560766099,1.0,0.3333333333333333,0.0,0.3333333333333333,0.16666666666666666,0.16666666666666666,0.00043840640371421767,46 26 8 10 11 31 52,103 64 28 40 48 86
proxy_penalized,177,199,273,False,0,,,,,,,,,,,,,,,,,0.0,,
proxy_penalized,178,284,204,False,0,,,,,,,,,,,,,,,,,0.0,,
proxy_penalized,179,358,352,False,0,,,,,,,,,,,,,,,,,0.0,,
proxy_penalized,180,381,392,True,6,266.66898410768005,58.23361899970387,0.19719378573548055,0.0,0.09258000019713315,0.0,0.5319755208442777,0.5501061521365656,0.39166666666666666,0.3043441384832296,1.0,0.6666666666666666,0.16666666666666666,0.6666666666666666,0.3333333333333333,0.0,0.0,381 383 384 386 388 390 392,551 554 556 560 569 576
proxy_penalized,181,367,301,True,5,198.90080073401566,44.66548422786646,0.21697239006937488,0.0,0.10614460680593552,0.0,0.5992214394562531,0.5229557261968464,0.36,0.21720040147723524,1.0,0.6,0.2,0.8,0.2,0.2,0.0,367 347 326 305 303 301,538 521 500 461 455
proxy_penalized,182,272,389,True,7,200.48865717052328,52.63600623076629,0.3099555542862224,0.2293965720932299,0.31779668491081864,0.1600405146088789,0.5238296906467371,0.314672711217271,0.30476190476190473,0.25106884388309486,0.8571428571428571,0.14285714285714285,0.0,0.14285714285714285,0.14285714285714285,0.8571428571428571,0.0002338408124334708,272 292 312 332 352 372 390 389,422 439 476 508 527 546 575
proxy_penalized,183,392,381,True,6,255.27995500666023,57.996792226459085,0.2956586519976901,0.2403193297184433,0.16297292646469644,0.0324009626263195,0.776803011756157,0.5975967857821226,0.3666666666666667,0.32522165687724197,1.0,0.16666666666666666,0.0,0.8333333333333334,0.0,0.0,0.0006355480540176285,392 390 388 386 384 383 381,578 574 566 558 555 553
proxy_penalized,184,393,286,False,0,,,,,,,,,,,,,,,,,0.0,,
proxy_penalized,185,389,273,True,6,208.92207462749147,50.19674515446066,0.2348926798499241,0.0,0.22119149143435238,0.0,0.46369745926317635,0.4676404892960833,0.28611111111111104,0.24132683789928264,0.8333333333333334,0.6666666666666666,0.16666666666666666,0.16666666666666666,0.0,0.8333333333333334,0.0,389 390 372 352 332 292 273,572 573 544 525 505 437
proxy_penalized,186,307,381,True,6,238.13646971324653,53.285462940035245,0.23891448756003864,0.0482782480739416,0.16433342900904424,0.0659147877358676,0.5927095709264351,0.48756570532612536,0.3888888888888889,0.23988198237937577,1.0,0.3333333333333333,0.0,0.6666666666666666,0.16666666666666666,0.3333333333333333,7.581848555164332e-05,307 305 303 301 341 361 381,470 461 455 454 517 535
proxy_penalized,187,390,316,True,6,217.78917541389677,49.7593587850329,0.20144794866656923,0.0,0.14361362159873786,0.0059084379948573,0.4462456722512224,0.4308576250076626,0.2888888888888889,0.252482125876108,1.0,0.8333333333333334,0.16666666666666666,0.16666666666666666,0.0,0.8333333333333334,0.0,390 372 352 332 313 315 316,573 544 525 507 480 485
proxy_penalized,188,18,12,False,0,,,,,,,,,,,,,,,,,0.0,,
proxy_penalized,189,387,300,True,7,247.69718709309808,57.09174849086412,0.23141393271931338,0.0,0.16206146281351422,0.0455860626446362,0.48432000250614143,0.47285808169017696,0.25476190476190474,0.3069147766769344,1.0,0.42857142857142855,0.0,0.2857142857142857,0.0,0.0,0.0,387 386 384 383 361 341 321 300,562 558 555 552 534 515 495
proxy_penalized,190,53,3,True,6,239.12342317029987,55.87144862511005,0.2792071553590216,0.234911890789161,0.1195470985265528,0.0318841866275303,0.7798756453426,0.4616098596119212,0.3361111111111111,0.23558946890601432,1.0,0.16666666666666666,0.0,0.6666666666666666,0.16666666666666666,0.3333333333333333,0.00045811445490799894,53 32 31 9 7 5 3,119 91 81 32 19 8
proxy_penalized,191,127,4,True,5,194.38852718321414,43.0325647911111,0.20101079679753794,0.0,0.1799269021661086,0.0,0.40396130967406024,0.5021041313007639,0.475,0.18897018206414518,0.8,0.6,0.4,0.4,0.4,0.8,0.0,127 106 86 46 26 4,175 147 136 103 60
proxy_penalized,192,393,232,True,6,215.29351364746816,49.25656571494415,0.21033593787736485,0.0,0.1710771755373128,0.0,0.4811506527422904,0.4907894959414399,0.25416666666666665,0.24390173639074078,1.0,0.6666666666666666,0.16666666666666666,0.5,0.0,1.0,0.0,393 372 352 332 292 252 232,580 544 525 505 435 408
proxy_penalized,193,47,227,True,7,196.22075559386053,56.22215161121218,0.32796576547631534,0.2570037362523396,0.24888475002254087,0.0822171657090155,0.679791320659796,0.27538152228443386,0.16632653061224492,0.2945781235422124,0.7142857142857143,0.0,0.0,0.14285714285714285,0.14285714285714285,0.8571428571428571,0.000368485382531621,47 67 87 106 146 187 207 227,112 133 144 152 185 210 249
proxy_penalized,194,227,301,True,8,261.8326472969479,62.76005857329362,0.25659133176377574,0.1160170886919261,0.13000427836003642,0.0049202802955696,0.5747545912435842,0.3440284040723319,0.2729166666666667,0.2524315059003891,1.0,0.125,0.125,0.125,0.125,0.5,1.419486536992497e-05,227 226 224 223 221 241 261 281 301,348 342 337 330 320 405 418 433
proxy_penalized,195,239,227,False,0,,,,,,,,,,,,,,,,,0.0,,
proxy_penalized,196,341,389,True,6,231.3082283918065,52.100503325561704,0.23615762954842703,0.0,0.14812139946442202,0.0,0.5217404368662285,0.4584257347228586,0.39166666666666666,0.2763293919460906,1.0,0.3333333333333333,0.16666666666666666,0.3333333333333333,0.3333333333333333,0.0,0.0,341 361 383 384 386 388 389,517 536 554 556 560 568
proxy_penalized,197,352,358,False,0,,,,,,,,,,,,,,,,,0.0,,
proxy_penalized,198,280,386,False,0,,,,,,,,,,,,,,,,,0.0,,
proxy_penalized,199,81,167,True,5,214.06694113125195,46.36730650605985,0.23445940630838794,0.0,0.12441888285058371,0.0614903152761605,0.5861344201509503,0.4392010290983026,0.5776190476190476,0.20553065558453126,1.0,0.4,0.0,0.2,0.6,0.4,0.0,81 121 123 124 146 167,135 159 165 169 183
proxy_penalized,200,384,304,True,6,217.42172380478354,49.812062175571015,0.22542150379554873,0.0,0.10922340522066572,0.0,0.6024882448842551,0.4592302534600017,0.35833333333333334,0.2532651601817478,1.0,0.5,0.16666666666666666,0.6666666666666666,0.3333333333333333,0.0,0.0,384 386 367 347 326 305 304,556 557 538 521 500 462
proxy_penalized,201,226,301,True,7,234.89543490146207,55.71603602797734,0.25515228774583937,0.1160170886919261,0.12011381033876493,0.0049202802955696,0.5964457324114588,0.34211063113717605,0.31190476190476185,0.24363972354685076,1.0,0.14285714285714285,0.14285714285714285,0.14285714285714285,0.14285714285714285,0.5714285714285714,5.3231149716048037e-05,226 224 223 221 241 261 281 301,342 337 330 320 405 418 433
proxy_penalized,202,383,353,True,6,248.97582947396222,57.19205312956074,0.2599160841489824,0.1116442266392764,0.13074831372505544,0.0528927152780349,0.6959905518075421,0.488401633328871,0.36388888888888893,0.30326389156964934,1.0,0.3333333333333333,0.0,0.3333333333333333,0.16666666666666666,0.3333333333333333,0.00021273918980603055,383 384 386 388 390 372 353,554 556 560 569 573 545
proxy_penalized,203,280,386,False,0,,,,,,,,,,,,,,,,,0.0,,
proxy_penalized,204,358,352,False,0,,,,,,,,,,,,,,,,,0.0,,
proxy_penalized,205,223,86,True,8,234.57048849409856,60.65978170373364,0.2647137330454468,0.1978369534013759,0.16760359158817753,0.0602369225708214,0.5677048769663111,0.2696350719735657,0.23134920634920633,0.21473396239871195,0.875,0.375,0.0,0.125,0.125,1.0,2.060793912998386e-05,223 204 206 186 166 146 126 106 86,328 222 233 201 188 180 170 147
proxy_penalized,206,52,47,True,5,172.14212189485173,41.75476115266266,0.2689123269314265,0.2208030556841317,0.14882959351127023,0.067629123763847,0.6809356259655631,0.4049733051738668,0.20857142857142855,0.24337279814672894,1.0,0.2,0.0,0.4,0.0,0.6,0.001371959446194456,52 32 31 9 27 47,115 91 81 36 74
proxy_penalized,207,223,236,True,8,287.78495238990405,74.64467347994209,0.32141528142006504,0.2592898483443885,0.20838450585751317,0.0162317522628259,0.8121735159762788,0.4390671497267383,0.39980158730158727,0.20023489995162397,0.625,0.0,0.0,0.5,0.5,0.5,0.00010234138111919594,223 204 206 208 210 212 214 216 236,328 222 238 253 266 273 287 303
proxy_penalized,208,347,353,True,5,189.5222364955161,43.87353781559866,0.2785079075755955,0.2228360530554222,0.1888188702547794,0.1073768974428054,0.6625036538270594,0.4377583627725429,0.4166666666666667,0.2635466583521147,1.0,0.4,0.0,0.2,0.2,0.4,0.0015755610562104344,347 367 389 390 372 353,523 542 572 573 545
proxy_penalized,209,346,241,True,6,245.42558187763692,54.04727880636449,0.1635881084966457,0.0,0.0633795753782996,0.0,0.44822814392771737,0.6056873360584025,0.21666666666666665,0.22459403966987845,1.0,0.8333333333333334,0.3333333333333333,0.8333333333333334,0.0,0.5,0.0,346 326 305 303 301 281 241,518 500 461 455 450 429
proxy_penalized,210,341,390,True,6,253.26531118885492,55.19563307242851,0.20458770518925917,0.0,0.12043022716052931,0.0,0.5048082619701454,0.5250816869906706,0.41944444444444445,0.2469321833060485,1.0,0.5,0.16666666666666666,0.5,0.3333333333333333,0.0,0.0,341 361 383 384 386 388 390,517 536 554 556 560 569
proxy_penalized,211,384,303,True,6,198.55824974397305,49.06893242116969,0.23971528809775933,0.0,0.17825310687542317,0.0455860626446362,0.4991713331926331,0.41734900346261866,0.2388888888888889,0.26947459588729683,0.8333333333333334,0.3333333333333333,0.0,0.3333333333333333,0.0,0.3333333333333333,0.0,384 383 361 341 321 301 303,555 552 534 515 496 452
proxy_penalized,212,106,203,True,5,184.9403255562082,46.34748544702066,0.27871247497215274,0.2235600071304749,0.14274971237730916,0.0098749358309245,0.7724634373503305,0.46869413016309946,0.3095238095238095,0.25572167443052257,0.8,0.6,0.2,0.6,0.2,0.8,0.0014453593658856649,106 146 187 206 224 203,152 185 209 239 333
proxy_penalized,213,75,6,False,0,,,,,,,,,,,,,,,,,0.0,,
proxy_penalized,214,381,392,True,6,266.66898410768005,58.23361899970387,0.19719378573548055,0.0,0.09258000019713315,0.0,0.5319755208442777,0.5501061521365656,0.39166666666666666,0.3043441384832296,1.0,0.6666666666666666,0.16666666666666666,0.6666666666666666,0.3333333333333333,0.0,0.0,381 383 384 386 388 390 392,551 554 556 560 569 576
proxy_penalized,215,387,313,True,6,212.77787342102908,49.6863385440344,0.246497412624338,0.2124426837657694,0.1717812778005269,0.0569646046611764,0.5513711624230844,0.3875896491373462,0.35833333333333334,0.2246946658859447,1.0,0.6666666666666666,0.0,0.16666666666666666,0.16666666666666666,0.6666666666666666,0.0002150435916448345,387 389 390 372 352 332 313,564 572 573 544 525 507
proxy_penalized,216,303,389,True,5,185.6821048778631,43.845210971518036,0.2698539198676435,0.2106541092797723,0.12840220209636208,0.0523677919594958,0.7359495703254206,0.43368601320905353,0.32,0.25332547620893225,1.0,0.4,0.0,0.4,0.2,0.0,0.0013213948278713004,303 305 326 347 367 389,457 465 504 523 542
proxy_penalized,217,212,318,True,6,219.70247627796007,53.13053951262099,0.2871134474784667,0.247810671356352,0.15794799503681786,0.0127218861122916,0.7501259753002909,0.4268744063396526,0.45462962962962955,0.21179068269258916,0.8333333333333334,0.16666666666666666,0.0,0.16666666666666666,0.3333333333333333,0.5,0.0005337702623853088,212 233 273 293 315 317 318,277 386 428 446 486 492
proxy_penalized,218,341,347,True,6,196.63756654545148,50.86136589721531,0.2897335835259676,0.2106541092797723,0.1578318274499316,0.0523677919594958,0.7366821060018465,0.37112369635422165,0.2555555555555556,0.2534565515407084,0.8333333333333334,0.16666666666666666,0.0,0.3333333333333333,0.0,0.3333333333333333,0.0005496355332238546,341 321 301 303 305 326 347,515 496 452 457 465 504
proxy_penalized,219,0,12,False,0,,,,,,,,,,,,,,,,,0.0,,
proxy_penalized,220,381,392,True,6,266.66898410768005,58.23361899970387,0.19719378573548055,0.0,0.09258000019713315,0.0,0.5319755208442777,0.5501061521365656,0.39166666666666666,0.3043441384832296,1.0,0.6666666666666666,0.16666666666666666,0.6666666666666666,0.3333333333333333,0.0,0.0,381 383 384 386 388 390 392,551 554 556 560 569 576
proxy_penalized,221,87,224,True,5,171.93288960509759,46.36786257858508,0.30610641194553795,0.2235600071304749,0.1715271589990721,0.0098749358309245,0.8176599184787025,0.4326775656245598,0.2761904761904762,0.2550329579476044,0.6,0.4,0.2,0.6,0.2,1.0,0.002257930917251335,87 106 146 187 206 224,144 152 185 209 239
proxy_penalized,222,40,66,False,0,,,,,,,,,,,,,,,,,0.0,,
proxy_penalized,223,389,272,True,6,212.239277614657,49.05546717641212,0.20628628669137916,0.0,0.17245985315630888,0.0,0.4065060189292294,0.4288752415638619,0.26111111111111107,0.2489666159615959,1.0,0.6666666666666666,0.16666666666666666,0.16666666666666666,0.0,0.8333333333333334,0.0,389 390 372 352 332 292 272,572 573 544 525 505 436
proxy_penalized,224,121,47,True,7,225.8217226573267,57.82332543259777,0.30142195243375325,0.2033296991303458,0.1869092967977035,0.0829678575981806,0.6759188680821672,0.30372516534276345,0.34523809523809523,0.21899081987869864,0.8571428571428571,0.2857142857142857,0.0,0.0,0.2857142857142857,0.42857142857142855,0.00018365271472386383,121 123 124 126 106 86 67 47,159 165 168 170 147 137 131
proxy_penalized,225,392,381,True,6,255.27995500666023,57.996792226459085,0.2956586519976901,0.2403193297184433,0.16297292646469644,0.0324009626263195,0.776803011756157,0.5975967857821226,0.3666666666666667,0.32522165687724197,1.0,0.16666666666666666,0.0,0.8333333333333334,0.0,0.0,0.0006355480540176285,392 390 388 386 384 383 381,578 574 566 558 555 553
proxy_penalized,226,381,306,True,7,196.56022053748816,54.33616795288228,0.30002706699182324,0.230406312534578,0.2289231149138621,0.170934058746356,0.6325987461231282,0.3319181988006185,0.24047619047619048,0.2590203750975472,0.7142857142857143,0.14285714285714285,0.0,0.2857142857142857,0.0,0.2857142857142857,0.00019823751202784914,381 361 341 321 301 303 304 306,550 534 515 496 452 456 460
proxy_penalized,227,10,147,False,0,,,,,,,,,,,,,,,,,0.0,,
proxy_penalized,228,315,215,True,4,184.81965392714997,38.44538453468249,0.16029013638411968,0.0,0.15627912922733347,0.0,0.3633406975111887,0.7221632721227521,0.603968253968254,0.18622866383996517,0.75,0.5,0.25,0.75,0.75,0.75,0.0,315 293 273 233 215,483 442 424 381
proxy_penalized,229,358,272,False,0,,,,,,,,,,,,,,,,,0.0,,
proxy_penalized,230,347,241,True,6,247.84969965208117,55.03587265446755,0.17077466331518246,0.0,0.06944991236944616,0.0,0.45494585681374383,0.5529846334918797,0.24999999999999997,0.23224050275206198,1.0,0.8333333333333334,0.3333333333333333,0.6666666666666666,0.0,0.5,0.0,347 326 305 303 301 281 241,521 500 461 455 450 429
proxy_penalized,231,100,7,False,0,,,,,,,,,,,,,,,,,0.0,,
proxy_penalized,232,236,295,False,0,,,,,,,,,,,,,,,,,0.0,,
proxy_penalized,233,30,41,False,0,,,,,,,,,,,,,,,,,0.0,,
proxy_penalized,234,124,7,True,7,203.76231058379983,53.76366386413462,0.31379995003020905,0.2033296991303458,0.17746053549279303,0.0829678575981806,0.7335230934298876,0.260458562741583,0.32312925170068024,0.22051648045449465,0.8571428571428571,0.14285714285714285,0.0,0.0,0.14285714285714285,0.7142857142857143,0.0002506732961482175,124 126 106 86 67 47 27 7,168 170 147 137 131 110 70
proxy_penalized,235,29,41,False,0,,,,,,,,,,,,,,,,,0.0,,
proxy_penalized,236,144,6,False,0,,,,,,,,,,,,,,,,,0.0,,
proxy_penalized,237,78,9,False,0,,,,,,,,,,,,,,,,,0.0,,
proxy_penalized,238,298,392,False,0,,,,,,,,,,,,,,,,,0.0,,
proxy_penalized,239,295,235,False,0,,,,,,,,,,,,,,,,,0.0,,
proxy_penalized,240,218,227,True,6,248.66870575223962,57.21045950018997,0.2702332046398784,0.202989245191572,0.11073861166967451,0.0287480892712917,0.8031473159584142,0.5799434080088853,0.2783730158730158,0.27354142770809436,1.0,0.3333333333333333,0.0,0.8333333333333334,0.0,0.5,0.00036637729303445134,218 216 215 213 231 229 227,313 299 291 281 365 353
proxy_penalized,241,40,9,False,0,,,,,,,,,,,,,,,,,0.0,,
proxy_penalized,242,39,12,False,0,,,,,,,,,,,,,,,,,0.0,,
proxy_penalized,243,1,12,True,6,254.0769628231138,57.97109604966087,0.26648651700529835,0.2379396290244232,0.097760245541819,0.0885203540044304,0.7795256857915809,0.47112136514466263,0.4158730158730158,0.27221564972059,1.0,0.16666666666666666,0.0,0.6666666666666666,0.16666666666666666,0.3333333333333333,0.00035325090629020146,1 3 5 7 9 11 12,0 3 11 22 35 45
proxy_penalized,244,86,1,True,5,211.66403720331832,46.05012205310943,0.22214487880932618,0.0,0.10318263402911998,0.0,0.6188312339756972,0.4869172641014418,0.5116666666666667,0.18358973212955512,1.0,0.4,0.2,0.4,0.4,0.4,0.0,86 46 26 5 3 1,136 103 61 8 1
proxy_penalized,245,41,9,True,12,411.52685822438974,101.21535694318096,0.28437971354337105,0.0,0.1709448795021411,0.0614903152761605,0.6643206588883536,0.36916396721689093,0.42162698412698413,0.23215356472415694,0.8333333333333334,0.25,0.0,0.08333333333333333,0.3333333333333333,0.5,0.0,41 81 121 123 124 126 106 86 67 47 27 8 9,102 135 159 165 168 170 147 137 131 110 71 27
proxy_penalized,246,158,212,True,6,215.1779382916582,49.052323034069545,0.22443762964587147,0.0,0.09424733671467174,0.0,0.5895593560552393,0.42458915340737585,0.31349206349206343,0.24244159076144908,1.0,0.5,0.16666666666666666,0.3333333333333333,0.16666666666666666,0.0,0.0,158 198 217 216 215 213 212,187 212 306 299 291 278
proxy_penalized,247,6,101,False,0,,,,,,,,,,,,,,,,,0.0,,
proxy_penalized,248,24,147,False,0,,,,,,,,,,,,,,,,,0.0,,
proxy_penalized,249,12,107,True,6,213.2097789523022,51.9280698656355,0.2753456999368986,0.2400700264046471,0.12518985955664963,0.0162317522628259,0.7159676397610238,0.4393335918578218,0.17539682539682536,0.2899217389476369,1.0,0.16666666666666666,0.0,0.5,0.0,0.6666666666666666,0.0004263647520043686,12 11 9 27 47 67 107,51 43 36 74 112 134
proxy_penalized,250,10,41,False,0,,,,,,,,,,,,,,,,,0.0,,
proxy_penalized,251,287,393,False,0,,,,,,,,,,,,,,,,,0.0,,
proxy_penalized,252,123,6,True,7,230.76150145802075,54.973948614505076,0.21131456146950905,0.0,0.1133203184384297,0.0,0.47951098949824056,0.33515265816276585,0.225,0.18272791856772996,1.0,0.7142857142857143,0.14285714285714285,0.14285714285714285,0.0,0.5714285714285714,0.0,123 124 126 106 86 46 26 6,165 168 170 147 136 103 62
proxy_penalized,253,340,390,True,6,249.34172396820927,56.28407365400777,0.227894504803533,0.0,0.15155667919926616,0.0,0.5576141411757087,0.5645434201176077,0.41944444444444445,0.25448658862567974,0.8333333333333334,0.5,0.16666666666666666,0.5,0.3333333333333333,0.0,0.0,340 361 383 384 386 388 390,513 536 554 556 560 569
proxy_penalized,254,126,201,False,0,,,,,,,,,,,,,,,,,0.0,,
proxy_penalized,255,52,3,True,6,234.7490730485678,54.859254941457394,0.27685568284151674,0.2208030556841317,0.12550458804927225,0.0474473265131824,0.7596730558254731,0.48831181158067594,0.2944444444444444,0.2377708745316924,1.0,0.16666666666666666,0.0,0.6666666666666666,0.16666666666666666,0.3333333333333333,0.0004306000482008116,52 32 31 9 7 5 3,115 91 81 32 19 8
proxy_penalized,256,238,313,True,6,203.09286406611074,54.86118221403414,0.3453700215842122,0.2552064098311057,0.285792089827049,0.1102369693153185,0.7959883711187982,0.49154604729812346,0.3455026455026455,0.27657864452514,0.5,0.0,0.0,0.5,0.16666666666666666,0.6666666666666666,0.0014861981434581707,238 217 235 233 273 292 313,399 308 391 386 427 440
proxy_penalized,257,1,124,True,8,288.499721900077,71.43886781065011,0.26748782870005516,0.0,0.16931471060980668,0.0,0.6419318569846177,0.4527754698032754,0.3125,0.2803253397137514,0.75,0.125,0.125,0.5,0.0,0.5,0.0,1 3 5 26 46 87 106 126 124,0 3 12 66 108 144 150 172
proxy_penalized,258,306,392,True,6,211.05069940611773,49.755250218586035,0.2554116337221563,0.2123745604852867,0.16447677531909127,0.0539689575608272,0.6009314940541136,0.4214089918987138,0.2972222222222222,0.2757772454601605,1.0,0.6666666666666666,0.0,0.3333333333333333,0.16666666666666666,0.0,0.0002540259205733414,306 326 347 367 389 390 392,469 504 523 542 572 576
proxy_penalized,259,232,200,False,0,,,,,,,,,,,,,,,,,0.0,,
proxy_penalized,260,384,284,False,0,,,,,,,,,,,,,,,,,0.0,,
proxy_penalized,261,12,1,True,6,256.2479303931991,57.82661927396788,0.2849448701606698,0.2400700264046471,0.12466119845189645,0.0354664950863103,0.8128153012923832,0.5454631637349988,0.42936507936507934,0.2117696937353666,1.0,0.16666666666666666,0.0,0.6666666666666666,0.3333333333333333,0.3333333333333333,0.0005139514197783176,12 11 9 7 5 3 1,51 43 32 19 8 1
proxy_penalized,262,7,80,False,0,,,,,,,,,,,,,,,,,0.0,,
proxy_penalized,263,167,80,False,0,,,,,,,,,,,,,,,,,0.0,,
proxy_penalized,264,18,12,False,0,,,,,,,,,,,,,,,,,0.0,,
proxy_penalized,265,155,235,False,0,,,,,,,,,,,,,,,,,0.0,,
proxy_penalized,266,30,126,False,0,,,,,,,,,,,,,,,,,0.0,,
proxy_penalized,267,9,41,False,0,,,,,,,,,,,,,,,,,0.0,,
proxy_penalized,268,143,186,False,0,,,,,,,,,,,,,,,,,0.0,,
proxy_penalized,269,312,226,True,6,216.9620744241708,54.088744385500945,0.30580146241377726,0.2500212733977696,0.21792832900056622,0.1019127634820017,0.72544610174198,0.5150667674328624,0.24067460317460318,0.26547204544653846,0.8333333333333334,0.0,0.0,0.5,0.16666666666666666,0.6666666666666666,0.000725075432492812,312 292 252 231 229 227 226,473 435 407 365 353 348
proxy_penalized,270,187,261,True,6,207.74371994982275,48.73210535190119,0.256608279775919,0.2235600071304749,0.10292502173371142,0.0098749358309245,0.655620115085339,0.39921767472894487,0.33055555555555555,0.24283759976070707,1.0,0.3333333333333333,0.16666666666666666,0.3333333333333333,0.16666666666666666,0.6666666666666666,0.0002802330492083375,187 206 224 223 221 241 261,209 239 337 330 320 405
proxy_penalized,271,200,146,False,0,,,,,,,,,,,,,,,,,0.0,,
proxy_penalized,272,219,313,False,0,,,,,,,,,,,,,,,,,0.0,,
proxy_penalized,273,9,26,True,2,59.250850565781704,16.361222759605813,0.31818866616847163,0.2715463371183793,0.16761520677463596,0.0806563532711999,0.8366609073941351,0.40742814722453813,0.1339285714285714,0.2240189472015221,0.5,0.0,0.0,0.5,0.0,1.0,0.099068520418854,9 27 26,36 72
proxy_penalized,274,261,186,True,5,163.31722869091067,44.035858781964635,0.3166136451484798,0.203621707591222,0.24457789472652514,0.1193742081891821,0.7214670957206204,0.40480549595563653,0.3511111111111111,0.2503422646805326,0.6,0.2,0.0,0.2,0.2,1.0,0.0026231440514448653,261 241 222 204 206 186,416 403 322 222 233
proxy_penalized,275,352,383,True,6,223.87230650145472,55.02824948255645,0.31695731325832305,0.2403193297184433,0.21870706190580644,0.0324009626263195,0.7550710531457181,0.49659691822452934,0.3666666666666667,0.28264624873320526,0.8333333333333334,0.16666666666666666,0.0,0.6666666666666666,0.0,0.3333333333333333,0.000856288512910247,352 372 390 388 386 384 383,527 546 574 566 558 555
proxy_penalized,276,55,6,True,5,215.8094970770481,48.656037154134395,0.24511518514130337,0.2107289391851425,0.08048460748196692,0.0318841866275303,0.7639691861902935,0.5411711811712467,0.36238095238095236,0.2551826417912185,1.0,0.6,0.0,0.8,0.0,0.0,0.0008618399298273119,55 53 32 10 8 6,128 119 87 38 25
proxy_penalized,277,100,6,False,0,,,,,,,,,,,,,,,,,0.0,,
proxy_penalized,278,272,224,True,6,217.34606314959126,52.56874896131352,0.29007468140324616,0.24109318376397,0.16437746530440003,0.0098749358309245,0.7516096816223247,0.46599038577250634,0.38161375661375657,0.26404498429873435,0.8333333333333334,0.5,0.16666666666666666,0.3333333333333333,0.3333333333333333,1.0,0.0005086188864044516,272 252 231 209 207 206 224,420 407 362 257 245 239
proxy_penalized,279,139,232,False,0,,,,,,,,,,,,,,,,,0.0,,
proxy_penalized,280,55,33,True,2,72.72230707716831,17.176821061177307,0.23264534222845712,0.2107289391851425,0.09881957288283436,0.0863621859250538,0.6467061958336703,0.4139257971848993,0.2,0.2420870076425632,1.0,0.5,0.0,0.5,0.0,0.0,0.05364352653823893,55 53 33,128 120
proxy_penalized,281,221,381,True,7,214.76789142456096,51.894724718443115,0.2526321978736967,0.0482782480739416,0.1959605383061218,0.1252090263318243,0.4852502646271395,0.29055340999906143,0.2761904761904762,0.22136191116372086,1.0,0.14285714285714285,0.0,0.14285714285714285,0.0,0.7142857142857143,2.631949712205034e-05,221 241 261 281 301 341 361 381,320 405 418 433 454 517 535
proxy_penalized,282,3,120,False,0,,,,,,,,,,,,,,,,,0.0,,
proxy_penalized,283,41,10,True,12,426.8130181200108,104.32719909212574,0.28365302436832285,0.0,0.16291004981294818,0.0614903152761605,0.6919577395331724,0.39807879203058955,0.4132936507936508,0.23198160714355767,0.8333333333333334,0.25,0.0,0.16666666666666666,0.3333333333333333,0.4166666666666667,0.0,41 81 121 123 124 126 106 86 67 47 27 8 10,102 135 159 165 168 170 147 137 131 110 71 28
proxy_penalized,284,53,4,True,5,217.16911111031493,48.72358391842789,0.25546281968000917,0.234911890789161,0.060993290943064146,0.013820377146101,0.8073326108622962,0.5124038922949976,0.43238095238095237,0.25364692750550427,1.0,0.4,0.0,0.6,0.2,0.0,0.0010734388838960194,53 32 10 8 6 4,119 87 38 25 13
proxy_penalized,285,218,152,False,0,,,,,,,,,,,,,,,,,0.0,,
proxy_penalized,286,353,347,True,5,179.05025953726727,44.94299654307658,0.34971509991053723,0.2822395689806997,0.2965566311232736,0.1023826859303499,0.8200148888216165,0.4963496272396014,0.43999999999999995,0.23249082224979523,0.8,0.0,0.0,0.6,0.2,0.4,0.004798989120814331,353 372 390 388 367 347,531 546 574 565 538
proxy_penalized,287,381,287,False,0,,,,,,,,,,,,,,,,,0.0,,
proxy_penalized,288,87,224,True,5,171.93288960509759,46.36786257858508,0.30610641194553795,0.2235600071304749,0.1715271589990721,0.0098749358309245,0.8176599184787025,0.4326775656245598,0.2761904761904762,0.2550329579476044,0.6,0.4,0.2,0.6,0.2,1.0,0.002257930917251335,87 106 146 187 206 224,144 152 185 209 239
proxy_penalized,289,318,312,True,4,152.00545061258669,34.321573457087936,0.20470064563322463,0.1713664302139643,0.17683511318429956,0.0873937756418257,0.4557850621817444,0.5572705413002034,0.20833333333333331,0.2726539944115432,1.0,1.0,0.0,0.5,0.0,0.5,0.0017154067837170483,318 317 315 313 312,494 490 484 479
proxy_penalized,290,136,235,False,0,,,,,,,,,,,,,,,,,0.0,,
proxy_penalized,291,141,47,False,0,,,,,,,,,,,,,,,,,0.0,,
proxy_penalized,292,75,7,False,0,,,,,,,,,,,,,,,,,0.0,,
proxy_penalized,293,40,146,False,0,,,,,,,,,,,,,,,,,0.0,,
proxy_penalized,294,233,392,True,7,195.7717577049346,54.02482445132196,0.3220614382138192,0.2293965720932299,0.28536463097783576,0.1600405146088789,0.6059758229984266,0.3449924238075518,0.2619047619047619,0.30003869149166157,0.7142857142857143,0.14285714285714285,0.0,0.14285714285714285,0.14285714285714285,1.0,0.0002991176646699189,233 273 292 312 332 352 372 392,386 427 439 476 508 527 547
proxy_penalized,295,232,318,True,6,210.6036358197185,49.64515008115761,0.27406925942588717,0.247810671356352,0.15527908774439828,0.0127218861122916,0.7022999333158552,0.3335018260482032,0.40833333333333327,0.16885138617013354,1.0,0.16666666666666666,0.0,0.0,0.3333333333333333,0.5,0.00041482280183110636,232 252 273 293 315 317 318,377 411 428 446 486 492
proxy_penalized,296,201,380,False,0,,,,,,,,,,,,,,,,,0.0,,
proxy_penalized,297,387,313,True,6,212.77787342102908,49.6863385440344,0.246497412624338,0.2124426837657694,0.1717812778005269,0.0569646046611764,0.5513711624230844,0.3875896491373462,0.35833333333333334,0.2246946658859447,1.0,0.6666666666666666,0.0,0.16666666666666666,0.16666666666666666,0.6666666666666666,0.0002150435916448345,387 389 390 372 352 332 313,564 572 573 544 525 507
proxy_penalized,298,218,312,True,6,201.33913232641316,52.373010318560794,0.3060013176274915,0.202989245191572,0.20896052153922418,0.0287480892712917,0.7395691908230773,0.5123075754103595,0.24232804232804228,0.3116480668646023,0.6666666666666666,0.5,0.0,0.5,0.0,0.8333333333333334,0.0006249336317450336,218 216 215 233 273 292 312,313 299 295 386 427 439
proxy_penalized,299,143,0,False,0,,,,,,,,,,,,,,,,,0.0,,
proxy_penalized,300,4,141,False,0,,,,,,,,,,,,,,,,,0.0,,
proxy_penalized,301,55,7,True,5,195.10220603328332,45.66416840498469,0.2607401033772022,0.2107289391851425,0.13478544204582138,0.0318841866275303,0.7168190771444224,0.44974368264075953,0.29666666666666663,0.23460239044665174,1.0,0.4,0.0,0.6,0.0,0.4,0.0011553113251544145,55 53 32 31 9 7,128 119 91 81 32
proxy_penalized,302,0,124,False,0,,,,,,,,,,,,,,,,,0.0,,
proxy_penalized,303,261,229,True,6,224.90571070260364,55.29528125406685,0.26434056882083623,0.0,0.18622898860386172,0.0,0.6475408586734578,0.4997639535148863,0.4592592592592592,0.24215858720371175,0.6666666666666666,0.3333333333333333,0.16666666666666666,0.3333333333333333,0.3333333333333333,1.0,0.0,261 241 222 204 206 208 229,416 403 322 222 238 256
proxy_penalized,304,312,232,True,3,101.09211083940772,24.54455751219937,0.2589048012833292,0.2270648966537283,0.17641854018552294,0.1176182311592532,0.6106454612531889,0.4383449347827833,0.15277777777777776,0.2357849354745963,1.0,0.3333333333333333,0.0,0.3333333333333333,0.0,1.0,0.01701021082226309,312 292 252 232,473 435 408
proxy_penalized,305,298,233,False,0,,,,,,,,,,,,,,,,,0.0,,
proxy_penalized,306,156,235,False,0,,,,,,,,,,,,,,,,,0.0,,
proxy_penalized,307,4,53,True,6,224.48223572690375,53.81296914258492,0.2792540131359144,0.1690516908887335,0.17998768858627398,0.0833732136208769,0.7132787801356048,0.4728414704776755,0.3825396825396825,0.20689855859591708,0.8333333333333334,0.3333333333333333,0.0,0.5,0.16666666666666666,0.3333333333333333,0.0003725998162139736,4 6 7 9 11 32 53,6 15 22 35 49 94
proxy_penalized,308,6,187,True,6,204.8505300035624,53.6969965746499,0.2656180247013478,0.0,0.1663916898117215,0.0,0.6365888543435508,0.38572396617863364,0.2343253968253968,0.23242372257224894,0.6666666666666666,0.16666666666666666,0.16666666666666666,0.3333333333333333,0.16666666666666666,0.8333333333333334,0.0,6 26 46 87 106 146 187,17 66 108 144 152 185
proxy_penalized,309,286,381,False,0,,,,,,,,,,,,,,,,,0.0,,
proxy_penalized,310,381,392,True,6,266.66898410768005,58.23361899970387,0.19719378573548055,0.0,0.09258000019713315,0.0,0.5319755208442777,0.5501061521365656,0.39166666666666666,0.3043441384832296,1.0,0.6666666666666666,0.16666666666666666,0.6666666666666666,0.3333333333333333,0.0,0.0,381 383 384 386 388 390 392,551 554 556 560 569 576
proxy_penalized,311,233,318,True,5,185.73523551157078,45.07654458790539,0.29027221398178693,0.247810671356352,0.1312432017861059,0.0127218861122916,0.8184780294496171,0.44912232030320887,0.45666666666666667,0.21326701625895858,0.8,0.2,0.0,0.2,0.4,0.4,0.001967311734760982,233 273 293 315 317 318,386 428 446 486 492
proxy_penalized,312,359,353,False,0,,,,,,,,,,,,,,,,,0.0,,
proxy_penalized,313,139,213,False,0,,,,,,,,,,,,,,,,,0.0,,
proxy_penalized,314,227,47,True,9,250.35349223932565,65.70216933503721,0.2768828966008064,0.1978369534013759,0.17327846044508405,0.0602369225708214,0.587000377780594,0.24160070406463363,0.2587301587301587,0.22069718545626174,0.8888888888888888,0.4444444444444444,0.0,0.0,0.1111111111111111,0.8888888888888888,7.032181822602483e-06,227 207 187 166 146 126 106 86 67 47,346 243 206 188 180 170 147 137 131
proxy_penalized,315,23,120,False,0,,,,,,,,,,,,,,,,,0.0,,
proxy_penalized,316,55,6,True,5,215.8094970770481,48.656037154134395,0.24511518514130337,0.2107289391851425,0.08048460748196692,0.0318841866275303,0.7639691861902935,0.5411711811712467,0.36238095238095236,0.2551826417912185,1.0,0.6,0.0,0.8,0.0,0.0,0.0008618399298273119,55 53 32 10 8 6,128 119 87 38 25
proxy_penalized,317,293,218,True,5,169.43220172566,46.286036090775724,0.3315604673535944,0.2761330309546221,0.27936347788639904,0.1749290686164959,0.8039967438151207,0.48849443029330686,0.4879365079365079,0.18177335768492436,0.4,0.0,0.0,0.6,0.4,0.8,0.003869842067142602,293 273 233 214 216 218,442 424 380 287 301
proxy_penalized,318,341,224,True,7,212.69892035190216,54.95587840074506,0.26138536611271906,0.0,0.1753567018941691,0.0,0.5457062834929812,0.3443274912546495,0.28095238095238095,0.2391567840319067,0.7142857142857143,0.2857142857142857,0.14285714285714285,0.14285714285714285,0.0,0.7142857142857143,0.0,341 321 301 281 241 222 223 224,515 496 450 429 403 324 332
proxy_penalized,319,224,124,True,6,204.0421735768135,46.87908304035214,0.21595648761550298,0.0300041568825945,0.1749214059930171,0.0604439225715255,0.4746376397548488,0.3867957111212097,0.31507936507936507,0.21036875064263996,1.0,0.5,0.0,0.3333333333333333,0.0,0.8333333333333334,3.057887796372658e-05,224 205 206 186 166 146 124,335 228 233 201 188 179
proxy_penalized,320,273,212,True,2,70.29200675018272,18.622851844708954,0.335511487146705,0.3059954597115534,0.32695369131310803,0.3006360524426366,0.6968428204874751,0.49466691090049053,0.4603174603174603,0.2047815146787939,0.5,0.0,0.0,0.5,0.5,1.0,0.11169676213184097,273 233 212,424 378
proxy_penalized,321,121,4,True,8,314.0436349718979,69.52396904989598,0.19347314681271394,0.0,0.10716396589263735,0.0,0.45540442962795297,0.450086316272721,0.3739583333333333,0.2103441308583776,1.0,0.625,0.25,0.25,0.25,0.5,0.0,121 123 124 126 106 86 46 26 4,159 165 168 170 147 136 103 60
proxy_penalized,322,307,360,False,0,,,,,,,,,,,,,,,,,0.0,,
proxy_penalized,323,21,144,False,0,,,,,,,,,,,,,,,,,0.0,,
proxy_penalized,324,121,4,True,8,314.0436349718979,69.52396904989598,0.19347314681271394,0.0,0.10716396589263735,0.0,0.45540442962795297,0.450086316272721,0.3739583333333333,0.2103441308583776,1.0,0.625,0.25,0.25,0.25,0.5,0.0,121 123 124 126 106 86 46 26 4,159 165 168 170 147 136 103 60
proxy_penalized,325,392,381,True,6,255.27995500666023,57.996792226459085,0.2956586519976901,0.2403193297184433,0.16297292646469644,0.0324009626263195,0.776803011756157,0.5975967857821226,0.3666666666666667,0.32522165687724197,1.0,0.16666666666666666,0.0,0.8333333333333334,0.0,0.0,0.0006355480540176285,392 390 388 386 384 383 381,578 574 566 558 555 553
proxy_penalized,326,287,381,False,0,,,,,,,,,,,,,,,,,0.0,,
proxy_penalized,327,12,18,False,0,,,,,,,,,,,,,,,,,0.0,,
proxy_penalized,328,1,124,True,8,288.499721900077,71.43886781065011,0.26748782870005516,0.0,0.16931471060980668,0.0,0.6419318569846177,0.4527754698032754,0.3125,0.2803253397137514,0.75,0.125,0.125,0.5,0.0,0.5,0.0,1 3 5 26 46 87 106 126 124,0 3 12 66 108 144 150 172
proxy_penalized,329,386,300,True,6,217.92877822649052,50.0537066980187,0.23038457572742074,0.0,0.13520334443569504,0.0455860626446362,0.5199880766327846,0.47586379330586653,0.25555555555555554,0.3257626837758835,1.0,0.3333333333333333,0.0,0.3333333333333333,0.0,0.0,0.0,386 384 383 361 341 321 300,558 555 552 534 515 495
proxy_penalized,330,332,384,True,6,225.13515600609543,55.03585074598654,0.3128348983078257,0.2293965720932299,0.21554820496727267,0.0324009626263195,0.7566015561054739,0.4841893237490426,0.39999999999999997,0.2789792316401865,0.8333333333333334,0.3333333333333333,0.0,0.6666666666666666,0.0,0.5,0.0007729462435486759,332 352 372 390 388 386 384,508 527 546 574 566 558
proxy_penalized,331,167,7,True,8,228.9047413189821,58.837772656654266,0.28865132917196307,0.1978369534013759,0.13388014621315555,0.0602369225708214,0.7061467938431258,0.2618786946204469,0.3470238095238095,0.21058053626305367,0.875,0.25,0.0,0.0,0.25,0.875,3.705918079692507e-05,167 146 126 106 86 67 47 27 7,193 180 170 147 137 131 110 70
proxy_penalized,332,6,56,False,0,,,,,,,,,,,,,,,,,0.0,,
proxy_penalized,333,141,145,False,0,,,,,,,,,,,,,,,,,0.0,,
proxy_penalized,334,384,260,True,7,227.90797705450098,53.957740653536774,0.22946393530513198,0.0,0.1696316105261617,0.0455860626446362,0.4759156389715723,0.38151186481675464,0.22857142857142856,0.2191917634539113,1.0,0.42857142857142855,0.0,0.14285714285714285,0.0,0.42857142857142855,0.0,384 383 361 341 321 301 281 260,555 552 534 515 496 450 430
proxy_penalized,335,398,312,False,0,,,,,,,,,,,,,,,,,0.0,,
proxy_penalized,336,144,229,False,0,,,,,,,,,,,,,,,,,0.0,,
proxy_penalized,337,155,236,False,0,,,,,,,,,,,,,,,,,0.0,,
proxy_penalized,338,138,233,False,0,,,,,,,,,,,,,,,,,0.0,,
proxy_penalized,339,158,232,True,5,219.80380828479804,46.99583788457056,0.2055760273912232,0.0,0.11929942411307759,0.0,0.5741003147881538,0.5729366707798405,0.4662698412698413,0.19022223186349257,1.0,0.6,0.2,0.6,0.4,0.4,0.0,158 198 217 235 233 232,187 212 308 391 383
proxy_penalized,340,304,223,True,6,205.1799177967364,51.00414129879624,0.24313036513237044,0.0,0.14435375453053836,0.0,0.5523947757569249,0.4436784774726648,0.32222222222222224,0.23337192649340976,0.6666666666666666,0.5,0.16666666666666666,0.3333333333333333,0.0,0.8333333333333334,0.0,304 303 301 281 241 222 223,458 455 450 429 403 324
proxy_penalized,341,209,260,True,7,246.53096058711367,58.098072348540015,0.259835585710056,0.2312939306220754,0.09168137461078549,0.0098749358309245,0.6827246180451043,0.37062203296937796,0.3408730158730159,0.2585342861269471,1.0,0.42857142857142855,0.14285714285714285,0.14285714285714285,0.2857142857142857,0.7142857142857143,7.797099260277233e-05,209 207 206 224 223 221 241 260,257 245 239 337 330 320 404
proxy_penalized,342,232,127,True,7,216.22297092713484,57.813865656749854,0.31425009556267725,0.1895537732423626,0.25477002381798347,0.0636521583615736,0.6571862549025081,0.3355164229679072,0.31190476190476185,0.2755110699736525,0.7142857142857143,0.2857142857142857,0.0,0.14285714285714285,0.0,1.0,0.00022518193565028132,232 230 209 208 187 166 146 127,374 357 258 250 206 188 181
proxy_penalized,343,100,7,False,0,,,,,,,,,,,,,,,,,0.0,,
proxy_penalized,344,313,399,False,0,,,,,,,,,,,,,,,,,0.0,,
proxy_penalized,345,52,4,True,5,212.79476098858282,47.71139023477522,0.25264105265900333,0.2208030556841317,0.06814227837032748,0.013820377146101,0.7830895034417437,0.5444462346575032,0.3823809523809524,0.25626461425631797,1.0,0.4,0.0,0.6,0.2,0.0,0.001008968021406523,52 32 10 8 6 4,115 87 38 25 13
proxy_penalized,346,100,146,False,0,,,,,,,,,,,,,,,,,0.0,,
proxy_penalized,347,86,229,True,6,200.69202299066052,50.200859699700445,0.23953226852520224,0.0,0.17236616028419469,0.0,0.5593377417153444,0.39663669383415195,0.2797619047619047,0.2562972461950905,0.8333333333333334,0.3333333333333333,0.16666666666666666,0.3333333333333333,0.16666666666666666,1.0,0.0,86 106 146 187 207 208 229,139 152 185 210 246 256
proxy_penalized,348,383,304,True,6,198.31721232987076,49.074505482361474,0.24361663479184084,0.0,0.19348369344525848,0.0455860626446362,0.5037823460761334,0.4189425068890622,0.2388888888888889,0.27005774187816817,0.8333333333333334,0.3333333333333333,0.0,0.3333333333333333,0.0,0.3333333333333333,0.0,383 361 341 321 301 303 304,552 534 515 496 452 456
proxy_penalized,349,201,381,False,0,,,,,,,,,,,,,,,,,0.0,,
proxy_penalized,350,33,86,True,7,217.74349371141483,56.893700375535445,0.301551955055753,0.2664204926656898,0.20112324260224027,0.0806563532711999,0.6780510107073618,0.3298616808867469,0.1965986394557823,0.26103172415176795,0.8571428571428571,0.0,0.0,0.2857142857142857,0.0,0.5714285714285714,0.00021158126607269027,33 32 31 9 27 47 67 86,99 91 81 36 74 112 132
proxy_penalized,351,238,313,True,6,203.09286406611074,54.86118221403414,0.3453700215842122,0.2552064098311057,0.285792089827049,0.1102369693153185,0.7959883711187982,0.49154604729812346,0.3455026455026455,0.27657864452514,0.5,0.0,0.0,0.5,0.16666666666666666,0.6666666666666666,0.0014861981434581707,238 217 235 233 273 292 313,399 308 391 386 427 440
proxy_penalized,352,27,80,False,0,,,,,,,,,,,,,,,,,0.0,,
proxy_penalized,353,139,232,False,0,,,,,,,,,,,,,,,,,0.0,,
proxy_penalized,354,136,215,False,0,,,,,,,,,,,,,,,,,0.0,,
proxy_penalized,355,18,12,False,0,,,,,,,,,,,,,,,,,0.0,,
proxy_penalized,356,156,235,False,0,,,,,,,,,,,,,,,,,0.0,,
proxy_penalized,357,138,232,False,0,,,,,,,,,,,,,,,,,0.0,,
proxy_penalized,358,126,10,True,7,221.39466864004777,55.81469895919756,0.3059425030070319,0.2033296991303458,0.15814553525021596,0.0829678575981806,0.7624332100179986,0.3217936510817606,0.40612244897959177,0.21545695008634083,0.8571428571428571,0.14285714285714285,0.0,0.14285714285714285,0.2857142857142857,0.7142857142857143,0.00021132049170107144,126 106 86 67 47 27 8 10,170 147 137 131 110 71 28
proxy_penalized,359,252,186,True,5,147.21606561897772,42.30031787451102,0.3800981579726996,0.2691163476254959,0.30236370484241,0.0455860626446362,0.8379177930616601,0.424733902166723,0.37642857142857133,0.34562144562330654,0.4,0.0,0.0,0.2,0.2,1.0,0.007064440455130234,252 231 209 208 187 186,407 362 258 250 208
proxy_penalized,360,80,7,False,0,,,,,,,,,,,,,,,,,0.0,,
proxy_penalized,361,32,0,False,0,,,,,,,,,,,,,,,,,0.0,,
proxy_penalized,362,341,203,True,6,200.18098317010896,48.9668833064891,0.24509830415575504,0.0,0.15457009525266122,0.0,0.5628969958107425,0.40484520630176024,0.3,0.2370692511171093,0.8333333333333334,0.3333333333333333,0.16666666666666666,0.3333333333333333,0.0,0.8333333333333334,0.0,341 321 301 281 241 222 203,515 496 450 429 403 321
proxy_penalized,363,198,253,False,0,,,,,,,,,,,,,,,,,0.0,,
proxy_penalized,364,10,126,True,7,199.22661977182358,53.62879752055757,0.29403764761319345,0.1649562542712142,0.20965804594630194,0.0806563532711999,0.5917838459864144,0.2813943349246814,0.1585034013605442,0.2640048788870653,0.8571428571428571,0.14285714285714285,0.0,0.14285714285714285,0.0,0.8571428571428571,0.0001571125255868454,10 9 27 47 67 87 106 126,39 36 74 112 133 144 150
proxy_penalized,365,200,381,False,0,,,,,,,,,,,,,,,,,0.0,,
proxy_penalized,366,19,13,False,0,,,,,,,,,,,,,,,,,0.0,,
proxy_penalized,367,313,226,True,6,216.70364000586943,54.10869450919915,0.3029159863377982,0.2327084169418954,0.20682670820410545,0.1019127634820017,0.7444453352983572,0.5013865028660844,0.24067460317460318,0.25894971552534995,0.8333333333333334,0.16666666666666666,0.0,0.5,0.16666666666666666,0.6666666666666666,0.0006748671973621252,313 292 252 231 229 227 226,477 435 407 365 353 348
proxy_penalized,368,47,53,True,6,196.91854909453744,48.69792731922729,0.3185565093468185,0.2433840349515449,0.20937341389590927,0.0831418420862506,0.7969108409715311,0.39695940120736034,0.4452380952380952,0.21034656249290573,0.8333333333333334,0.16666666666666666,0.0,0.16666666666666666,0.16666666666666666,0.3333333333333333,0.0009616938294538807,47 27 8 10 11 32 53,110 71 28 40 49 94
proxy_penalized,369,392,306,True,6,219.2147493538989,51.84100598653777,0.2769013114705217,0.1761053419755577,0.16645478097339328,0.0505866732438133,0.7117663960964528,0.46057658688801134,0.3166666666666666,0.2797539792292502,1.0,0.3333333333333333,0.0,0.5,0.16666666666666666,0.0,0.0003926898196649115,392 390 388 367 347 326 306,578 574 565 538 521 501
proxy_penalized,370,40,10,False,0,,,,,,,,,,,,,,,,,0.0,,
proxy_penalized,371,379,292,False,0,,,,,,,,,,,,,,,,,0.0,,
proxy_penalized,372,47,207,True,6,173.92744596974697,50.16831342100637,0.3300667787461207,0.2570037362523396,0.2378797760741046,0.0822171657090155,0.7105716891417053,0.26907382405509334,0.19404761904761905,0.28493975424520995,0.6666666666666666,0.0,0.0,0.16666666666666666,0.16666666666666666,0.8333333333333334,0.0011684606468632356,47 67 87 106 146 187 207,112 133 144 152 185 210
proxy_penalized,373,221,381,True,7,214.76789142456096,51.894724718443115,0.2526321978736967,0.0482782480739416,0.1959605383061218,0.1252090263318243,0.4852502646271395,0.29055340999906143,0.2761904761904762,0.22136191116372086,1.0,0.14285714285714285,0.0,0.14285714285714285,0.0,0.7142857142857143,2.631949712205034e-05,221 241 261 281 301 341 361 381,320 405 418 433 454 517 535
proxy_penalized,374,381,220,False,0,,,,,,,,,,,,,,,,,0.0,,
proxy_penalized,375,9,147,False,0,,,,,,,,,,,,,,,,,0.0,,
proxy_penalized,376,207,46,True,7,227.61100891479796,53.877840909200756,0.20862356976775304,0.0,0.11616309427956421,0.0,0.45621396588734636,0.295368060023821,0.2897959183673469,0.2100569612150834,1.0,0.7142857142857143,0.14285714285714285,0.14285714285714285,0.0,1.0,0.0,207 187 166 146 126 106 86 46,243 206 188 180 170 147 136
proxy_penalized,377,41,9,True,12,411.52685822438974,101.21535694318096,0.28437971354337105,0.0,0.1709448795021411,0.0614903152761605,0.6643206588883536,0.36916396721689093,0.42162698412698413,0.23215356472415694,0.8333333333333334,0.25,0.0,0.08333333333333333,0.3333333333333333,0.5,0.0,41 81 121 123 124 126 106 86 67 47 27 8 9,102 135 159 165 168 170 147 137 131 110 71 27
proxy_penalized,378,219,227,False,0,,,,,,,,,,,,,,,,,0.0,,
proxy_penalized,379,304,390,True,6,195.00004619436706,49.35002613086359,0.2838454696949292,0.2228360530554222,0.20668495687975266,0.1073768974428054,0.6417006498117607,0.41600969843584873,0.2833333333333333,0.26946411414702925,0.8333333333333334,0.5,0.0,0.3333333333333333,0.16666666666666666,0.0,0.00045808797043214543,304 306 326 347 367 389 390,460 469 504 523 542 572
proxy_penalized,380,390,304,True,6,219.80128586290013,50.79632382967833,0.24531886536224937,0.0,0.12998649411079397,0.0,0.6271036142328763,0.44501031078437364,0.37777777777777777,0.2569863996808626,1.0,0.3333333333333333,0.16666666666666666,0.5,0.3333333333333333,0.0,0.0,390 388 367 347 326 305 304,574 565 538 521 500 462
proxy_penalized,381,87,81,False,0,,,,,,,,,,,,,,,,,0.0,,
proxy_penalized,382,121,4,True,8,314.0436349718979,69.52396904989598,0.19347314681271394,0.0,0.10716396589263735,0.0,0.45540442962795297,0.450086316272721,0.3739583333333333,0.2103441308583776,1.0,0.625,0.25,0.25,0.25,0.5,0.0,121 123 124 126 106 86 46 26 4,159 165 168 170 147 136 103 60
proxy_penalized,383,55,6,True,5,215.8094970770481,48.656037154134395,0.24511518514130337,0.2107289391851425,0.08048460748196692,0.0318841866275303,0.7639691861902935,0.5411711811712467,0.36238095238095236,0.2551826417912185,1.0,0.6,0.0,0.8,0.0,0.0,0.0008618399298273119,55 53 32 10 8 6,128 119 87 38 25
proxy_penalized,384,41,126,True,5,205.4183494799631,48.5125001329282,0.2524477542741302,0.0,0.1695803702007733,0.0614903152761605,0.5932920808544159,0.5048779893589501,0.42333333333333334,0.25511612702366127,0.8,0.4,0.0,0.2,0.4,0.0,0.0,41 81 121 123 124 126,102 135 159 165 168
proxy_penalized,385,26,56,False,0,,,,,,,,,,,,,,,,,0.0,,
proxy_penalized,386,316,216,True,6,221.83796263782182,53.482643901062204,0.2623742144961152,0.0,0.22537962085394633,0.0,0.5846149296397262,0.5581683675300703,0.4482804232804232,0.17017186195021006,0.6666666666666666,0.16666666666666666,0.16666666666666666,0.5,0.3333333333333333,0.5,0.0,316 315 293 273 233 214 216,487 483 442 424 380 287
proxy_penalized,387,295,230,False,0,,,,,,,,,,,,,,,,,0.0,,
proxy_penalized,388,315,389,True,5,194.52527213960298,46.08284119224824,0.26244309752390155,0.0,0.27815494327337753,0.0,0.49060282812800154,0.5864001172560681,0.3333333333333333,0.2650490102109416,0.8,0.4,0.2,0.6,0.0,0.8,0.0,315 313 353 372 390 389,484 482 531 546 575
proxy_penalized,389,346,261,True,6,221.21429774222645,50.655620766420085,0.19604976251753967,0.0,0.08084965811442639,0.0,0.525217932225939,0.5008953328104853,0.22499999999999998,0.24057655582343226,1.0,0.8333333333333334,0.16666666666666666,0.6666666666666666,0.0,0.5,0.0,346 326 305 303 301 281 261,518 500 461 455 450 431
proxy_penalized,390,352,338,False,0,,,,,,,,,,,,,,,,,0.0,,
proxy_penalized,391,143,223,False,0,,,,,,,,,,,,,,,,,0.0,,
proxy_penalized,392,107,209,True,5,162.65747792556135,43.2606697452154,0.30657882134176667,0.1916270270666138,0.18833263080771134,0.0234589701728401,0.7783749294191018,0.36698256494369386,0.2785714285714286,0.24642729193047458,0.6,0.2,0.0,0.4,0.2,1.0,0.002181381507173932,107 106 146 187 207 209,155 152 185 210 247
proxy_penalized,393,224,340,True,8,250.04262270894384,60.65634434664267,0.2668758916264906,0.1856985016897135,0.13112233490946873,0.0197218324711774,0.6075022720503015,0.3056702462382525,0.3125,0.2346242214155754,1.0,0.125,0.0,0.125,0.125,0.625,2.3793622064923905e-05,224 223 221 241 261 281 301 321 340,337 330 320 405 418 433 453 497
proxy_penalized,394,261,346,True,5,164.47688872870964,43.06799478803602,0.286940893172425,0.2106541092797723,0.155142807074161,0.0523677919594958,0.716215893336851,0.37419027173369923,0.2533333333333333,0.2597711749996668,0.8,0.4,0.0,0.2,0.0,0.4,0.0016853311384957836,261 281 303 305 326 346,418 434 457 465 503
proxy_penalized,395,126,212,True,6,202.02611234367498,52.00007391540882,0.2829685285717957,0.2111505633131942,0.18683355230869847,0.0822171657090155,0.6952247538745205,0.38435694902035683,0.25595238095238093,0.2203135419642952,0.8333333333333334,0.3333333333333333,0.0,0.3333333333333333,0.16666666666666666,0.8333333333333334,0.0004397704198585399,126 146 187 207 208 210 212,174 185 210 246 253 266
proxy_penalized,396,39,12,False,0,,,,,,,,,,,,,,,,,0.0,,
proxy_penalized,397,386,301,True,6,211.9869907189633,49.0057953244892,0.2327669336195474,0.0,0.15122942553253968,0.0455860626446362,0.4992699879972613,0.4316488554324436,0.26666666666666666,0.29030792922063015,1.0,0.3333333333333333,0.0,0.3333333333333333,0.0,0.16666666666666666,0.0,386 384 383 361 341 321 301,558 555 552 534 515 496
proxy_penalized,398,389,315,True,6,219.37587299829988,49.73897758260833,0.20373396973298832,0.0,0.15477279971880134,0.0059084379948573,0.42083658031372845,0.4333170857224153,0.33055555555555555,0.2264040675953464,1.0,0.8333333333333334,0.16666666666666666,0.16666666666666666,0.0,0.8333333333333334,0.0,389 390 372 352 332 313 315,572 573 544 525 507 480
proxy_penalized,399,155,235,False,0,,,,,,,,,,,,,,,,,0.0,,
proxy_penalized,400,56,6,False,0,,,,,,,,,,,,,,,,,0.0,,
proxy_penalized,401,392,318,True,7,249.1788409422884,56.86347670391139,0.21639199272233237,0.0,0.1339011844813275,0.0059084379948573,0.4932863746151392,0.3771979334437367,0.36666666666666664,0.20052682985586553,1.0,0.7142857142857143,0.14285714285714285,0.14285714285714285,0.14285714285714285,0.7142857142857143,0.0,392 372 352 332 313 315 317 318,577 544 525 507 480 486 492
proxy_penalized,402,4,52,True,6,228.93542876570194,53.88931878394541,0.25884397283005295,0.1690516908887335,0.12951200054129322,0.0833732136208769,0.7048683260921494,0.42430040096963434,0.29920634920634914,0.1868777283182973,1.0,0.3333333333333333,0.0,0.5,0.16666666666666666,0.3333333333333333,0.00026460952740286895,4 6 7 9 11 31 52,6 15 22 35 48 86
proxy_penalized,403,284,383,False,0,,,,,,,,,,,,,,,,,0.0,,
proxy_penalized,404,369,272,False,0,,,,,,,,,,,,,,,,,0.0,,
proxy_penalized,405,7,166,True,7,181.28937359794006,52.87399279173975,0.3313597551799004,0.2434312335283837,0.25957165731368903,0.1669600032379407,0.65203768708708,0.21229204369468804,0.20816326530612247,0.2683446703882255,0.7142857142857143,0.14285714285714285,0.0,0.0,0.14285714285714285,0.8571428571428571,0.0003977533047550121,7 27 47 67 87 106 146 166,24 74 112 133 144 152 182
proxy_penalized,406,6,55,True,6,229.3404941098744,53.91907009134468,0.2879678230482381,0.1690516908887335,0.19033803197762678,0.0908568356888925,0.7311526960015117,0.450422606540173,0.4936507936507937,0.1641207808181393,0.8333333333333334,0.3333333333333333,0.0,0.3333333333333333,0.3333333333333333,0.3333333333333333,0.00044922920386988375,6 7 9 11 32 53 55,15 22 35 49 94 123
proxy_penalized,407,1,124,True,8,288.499721900077,71.43886781065011,0.26748782870005516,0.0,0.16931471060980668,0.0,0.6419318569846177,0.4527754698032754,0.3125,0.2803253397137514,0.75,0.125,0.125,0.5,0.0,0.5,0.0,1 3 5 26 46 87 106 126 124,0 3 12 66 108 144 150 172
proxy_penalized,408,273,389,True,7,194.8153929094947,53.73651727660789,0.33671919879518103,0.2293965720932299,0.351360314704564,0.1600405146088789,0.5690767062682471,0.33560945486472943,0.30476190476190473,0.2650110085886183,0.7142857142857143,0.14285714285714285,0.0,0.14285714285714285,0.14285714285714285,0.8571428571428571,0.0003770080841215786,273 292 312 332 352 372 390 389,427 439 476 508 527 546 575
proxy_penalized,409,41,127,True,6,233.64456916740042,55.557629501168854,0.24296514660639856,0.0,0.16446807138450206,0.0614903152761605,0.5560000412474452,0.4869968714434813,0.3527777777777778,0.2581862551321011,0.8333333333333334,0.5,0.0,0.16666666666666666,0.3333333333333333,0.16666666666666666,0.0,41 81 121 123 124 126 127,102 135 159 165 168 173
proxy_penalized,410,273,389,True,7,194.8153929094947,53.73651727660789,0.33671919879518103,0.2293965720932299,0.351360314704564,0.1600405146088789,0.5690767062682471,0.33560945486472943,0.30476190476190473,0.2650110085886183,0.7142857142857143,0.14285714285714285,0.0,0.14285714285714285,0.14285714285714285,0.8571428571428571,0.0003770080841215786,273 292 312 332 352 372 390 389,427 439 476 508 527 546 575
proxy_penalized,411,261,230,True,7,243.87393336377977,62.28250994653012,0.30250417045528444,0.203621707591222,0.21481131117415145,0.0706109170850743,0.6981751800762401,0.4010925504216908,0.41746031746031736,0.2333946108307047,0.7142857142857143,0.14285714285714285,0.0,0.14285714285714285,0.2857142857142857,1.0,0.0001872488329228063,261 241 222 204 206 208 209 230,416 403 322 222 238 252 262
proxy_penalized,412,203,123,True,7,241.5773032928701,56.010478890995934,0.22578968068382368,0.0300041568825945,0.185884889841574,0.1034939602235132,0.47558078650029767,0.39374005819503227,0.29047619047619044,0.22292683356152546,1.0,0.42857142857142855,0.0,0.14285714285714285,0.14285714285714285,0.7142857142857143,8.664121227617145e-06,203 205 206 186 166 146 124 123,215 228 233 201 188 179 167
proxy_penalized,413,241,209,True,5,183.22934061642837,47.18606543463044,0.33006843222713095,0.2679204558018593,0.24094638389014125,0.0706109170850743,0.8032904328151315,0.43712556329632807,0.5111111111111111,0.2239214483855342,0.6,0.0,0.0,0.2,0.4,1.0,0.003489046615800026,241 222 204 206 208 209,403 322 222 238 252
proxy_penalized,414,358,352,False,0,,,,,,,,,,,,,,,,,0.0,,
proxy_penalized,415,203,252,True,5,233.8120009276813,50.37236902457798,0.19881761628633807,0.0,0.07065195205156358,0.0,0.6308227744774184,0.5345832809906133,0.4916666666666667,0.19888127534827676,1.0,0.6,0.2,0.6,0.4,0.8,0.0,203 205 207 209 231 252,215 229 247 263 369
proxy_penalized,416,384,353,True,5,220.98375909828923,50.14840955151354,0.27031109073773174,0.1116442266392764,0.12396223376340301,0.0528927152780349,0.776171985433591,0.5080876284270044,0.4366666666666667,0.29274328984855297,1.0,0.2,0.0,0.4,0.2,0.4,0.0010230745135363349,384 386 388 390 372 353,556 560 569 573 545
proxy_penalized,417,12,18,False,0,,,,,,,,,,,,,,,,,0.0,,
proxy_penalized,418,29,126,True,6,181.41925084570357,46.72106294574265,0.27029349031712674,0.0,0.22387716773108154,0.0822171657090155,0.49968576517985247,0.2814157473809305,0.22857142857142856,0.26405356628916227,0.8333333333333334,0.16666666666666666,0.0,0.16666666666666666,0.16666666666666666,0.8333333333333334,0.0,29 27 47 67 87 106 126,79 74 112 133 144 150
proxy_penalized,419,107,12,True,7,245.1972010811427,55.950162778064964,0.25877788159428217,0.0,0.10341045303001671,0.0,0.6875766904353826,0.4297632120543699,0.4108843537414966,0.2194819017442043,1.0,0.14285714285714285,0.14285714285714285,0.2857142857142857,0.2857142857142857,0.5714285714285714,0.0,107 87 67 47 27 8 10 12,154 142 131 110 71 28 41
proxy_penalized,420,399,313,False,0,,,,,,,,,,,,,,,,,0.0,,
proxy_penalized,421,304,223,True,6,205.1799177967364,51.00414129879624,0.24313036513237044,0.0,0.14435375453053836,0.0,0.5523947757569249,0.4436784774726648,0.32222222222222224,0.23337192649340976,0.6666666666666666,0.5,0.16666666666666666,0.3333333333333333,0.0,0.8333333333333334,0.0,304 303 301 281 241 222 223,458 455 450 429 403 324
proxy_penalized,422,224,106,True,7,205.00034775084828,50.48789626852121,0.23812877447744926,0.1978369534013759,0.13804833479602793,0.0602369225708214,0.5441293736452159,0.2811891701668453,0.24625850340136052,0.209780480729604,1.0,0.5714285714285714,0.0,0.14285714285714285,0.0,0.8571428571428571,4.0996648243113754e-05,224 205 206 186 166 146 126 106,335 228 233 201 188 180 170
proxy_penalized,423,399,312,False,0,,,,,,,,,,,,,,,,,0.0,,
proxy_penalized,424,303,390,True,6,215.2363886091374,50.87181386766696,0.2647463889686203,0.2106541092797723,0.15568360227060998,0.0523677919594958,0.6524045444420722,0.4338172193115473,0.30833333333333335,0.24003942512332277,1.0,0.5,0.0,0.3333333333333333,0.16666666666666666,0.0,0.00031608918451492794,303 305 326 347 367 389 390,457 465 504 523 542 572
proxy_penalized,425,124,204,True,4,175.46511381965712,38.23948327948319,0.19903033917623808,0.0,0.08869572973380926,0.0,0.6020068613292122,0.627686272933612,0.35119047619047616,0.25200022708684827,1.0,0.5,0.25,0.75,0.25,1.0,0.0,124 146 187 206 204,169 185 209 235
proxy_penalized,426,80,86,False,0,,,,,,,,,,,,,,,,,0.0,,
proxy_penalized,427,9,40,False,0,,,,,,,,,,,,,,,,,0.0,,
proxy_penalized,428,224,283,False,0,,,,,,,,,,,,,,,,,0.0,,
proxy_penalized,429,212,393,True,7,230.17714507804163,58.52662971318689,0.2801069065226627,0.0,0.2640461814503657,0.0,0.5116728134137,0.43120215496420056,0.3253968253968254,0.33423786441094705,0.7142857142857143,0.2857142857142857,0.14285714285714285,0.2857142857142857,0.14285714285714285,0.8571428571428571,0.0,212 233 273 292 312 332 352 393,277 386 427 439 476 508 528
proxy_penalized,430,298,392,False,0,,,,,,,,,,,,,,,,,0.0,,
proxy_penalized,431,152,238,False,0,,,,,,,,,,,,,,,,,0.0,,
proxy_penalized,432,26,55,True,6,228.81331169674615,54.22230048461452,0.32149129722144937,0.2433840349515449,0.21968752227394206,0.0831418420862506,0.8204904931763316,0.43504972156908844,0.5404761904761904,0.17589538149000053,0.8333333333333334,0.16666666666666666,0.0,0.3333333333333333,0.3333333333333333,0.0,0.001021186212264964,26 8 10 11 32 53 55,64 28 40 49 94 123
proxy_penalized,433,52,3,True,6,234.7490730485678,54.859254941457394,0.27685568284151674,0.2208030556841317,0.12550458804927225,0.0474473265131824,0.7596730558254731,0.48831181158067594,0.2944444444444444,0.2377708745316924,1.0,0.16666666666666666,0.0,0.6666666666666666,0.16666666666666666,0.3333333333333333,0.0004306000482008116,52 32 31 9 7 5 3,115 91 81 32 19 8
proxy_penalized,434,340,203,True,5,202.7280378900825,46.332094743446575,0.18762867134310185,0.0,0.10993708559220353,0.0,0.4611581803416165,0.5818931609895521,0.30666666666666664,0.27978261362958595,0.8,0.4,0.4,0.6,0.0,0.8,0.0,340 300 281 241 222 203,510 447 429 403 321
proxy_penalized,435,209,198,True,6,204.68891614921708,55.263999761330155,0.326168410185544,0.2566338674321028,0.24852447658504576,0.0162317522628259,0.7910730061886162,0.44666855557414964,0.4325396825396825,0.19412079266093488,0.5,0.0,0.0,0.6666666666666666,0.5,0.5,0.0010958633232524338,209 210 212 214 216 218 198,259 266 273 287 301 312
proxy_penalized,436,47,40,False,0,,,,,,,,,,,,,,,,,0.0,,
proxy_penalized,437,398,312,False,0,,,,,,,,,,,,,,,,,0.0,,
proxy_penalized,438,392,306,True,6,219.2147493538989,51.84100598653777,0.2769013114705217,0.1761053419755577,0.16645478097339328,0.0505866732438133,0.7117663960964528,0.46057658688801134,0.3166666666666666,0.2797539792292502,1.0,0.3333333333333333,0.0,0.5,0.16666666666666666,0.0,0.0003926898196649115,392 390 388 367 347 326 306,578 574 565 538 521 501
proxy_penalized,439,273,187,True,5,158.7547430838201,44.316445014529386,0.37810072506266534,0.2691163476254959,0.3225185857341633,0.0455860626446362,0.8217579695668045,0.42535949230323966,0.4764285714285713,0.32486134837797237,0.4,0.0,0.0,0.2,0.2,1.0,0.00683456770879327,273 252 231 209 208 187,425 407 362 258 250
proxy_penalized,440,287,392,False,0,,,,,,,,,,,,,,,,,0.0,,
proxy_penalized,441,204,304,True,7,217.45851654816326,57.06436838803394,0.30079901767288814,0.2623631994962074,0.18814195865026623,0.0550499876417276,0.6425169340840456,0.30282701304353166,0.2595238095238095,0.2854755043859429,0.8571428571428571,0.0,0.0,0.0,0.14285714285714285,0.7142857142857143,0.00020427661846956314,204 223 221 241 261 281 303 304,224 330 320 405 418 434 456
proxy_penalized,442,21,143,False,0,,,,,,,,,,,,,,,,,0.0,,
proxy_penalized,443,306,221,True,6,229.89070708664806,51.928224994058496,0.20719233449402755,0.0,0.07798214945700606,0.0,0.5494171539655129,0.487943666535049,0.3,0.22291951663296306,1.0,0.6666666666666666,0.16666666666666666,0.5,0.0,0.6666666666666666,0.0,306 305 303 301 281 241 221,467 461 455 450 429 402
proxy_penalized,444,200,213,False,0,,,,,,,,,,,,,,,,,0.0,,
proxy_penalized,445,226,312,True,6,247.12424353136228,55.52586785325991,0.23087994416437732,0.0,0.13787407223385864,0.0,0.5746238396282803,0.48883499687176474,0.35615079365079366,0.23012699625039443,1.0,0.3333333333333333,0.16666666666666666,0.5,0.16666666666666666,1.0,0.0,226 207 209 231 252 292 312,341 247 263 369 412 439
proxy_penalized,446,239,227,False,0,,,,,,,,,,,,,,,,,0.0,,
proxy_penalized,447,209,261,True,7,241.70276804644837,57.07151974941057,0.2646047935205661,0.24109318376397,0.0960393741440537,0.0098749358309245,0.6788332148778616,0.36213113517790696,0.3408730158730159,0.2406067082724804,1.0,0.2857142857142857,0.14285714285714285,0.14285714285714285,0.2857142857142857,0.7142857142857143,8.922515332112586e-05,209 207 206 224 223 221 241 261,257 245 239 337 330 320 405
proxy_penalized,448,158,212,True,6,215.1779382916582,49.052323034069545,0.22443762964587147,0.0,0.09424733671467174,0.0,0.5895593560552393,0.42458915340737585,0.31349206349206343,0.24244159076144908,1.0,0.5,0.16666666666666666,0.3333333333333333,0.16666666666666666,0.0,0.0,158 198 217 216 215 213 212,187 212 306 299 291 278
proxy_penalized,449,26,80,False,0,,,,,,,,,,,,,,,,,0.0,,
proxy_penalized,450,9,40,False,0,,,,,,,,,,,,,,,,,0.0,,
proxy_penalized,451,19,12,False,0,,,,,,,,,,,,,,,,,0.0,,
proxy_penalized,452,280,226,False,0,,,,,,,,,,,,,,,,,0.0,,
proxy_penalized,453,312,226,True,6,216.9620744241708,54.088744385500945,0.30580146241377726,0.2500212733977696,0.21792832900056622,0.1019127634820017,0.72544610174198,0.5150667674328624,0.24067460317460318,0.26547204544653846,0.8333333333333334,0.0,0.0,0.5,0.16666666666666666,0.6666666666666666,0.000725075432492812,312 292 252 231 229 227 226,473 435 407 365 353 348
proxy_penalized,454,56,7,False,0,,,,,,,,,,,,,,,,,0.0,,
proxy_penalized,455,312,227,True,5,190.0248620286849,47.044721840184664,0.31362882691866667,0.2500212733977696,0.22166648389889212,0.1019127634820017,0.7859520014766835,0.5465895579957504,0.2888095238095238,0.25577165806081464,0.8,0.0,0.0,0.6,0.2,0.8,0.002719053537783371,312 292 252 231 229 227,473 435 407 365 353
proxy_penalized,456,260,384,True,6,240.23505222826816,50.27076057161737,0.13783999644708866,0.0,0.13659899973438383,0.0,0.23487214234319684,0.5279178142284714,0.4222222222222222,0.21161043746643324,1.0,0.6666666666666666,0.3333333333333333,0.5,0.3333333333333333,0.5,0.0,260 281 301 341 361 383 384,415 433 454 517 536 554
proxy_penalized,457,281,387,True,6,197.46504492666315,51.21344183453043,0.27452152432270555,0.2106541092797723,0.13519858446508168,0.0523677919594958,0.697342088115963,0.3954811322048161,0.2111111111111111,0.3051518029994463,0.8333333333333334,0.5,0.0,0.16666666666666666,0.0,0.16666666666666666,0.00035617690235506305,281 303 305 326 347 367 387,434 457 465 504 523 540
proxy_penalized,458,235,224,True,6,253.6595382328452,56.60865084275173,0.26690084896183747,0.24109318376397,0.12717066435690008,0.0098749358309245,0.7765974636149892,0.5678252779840075,0.4070767195767196,0.26331872057604694,1.0,0.3333333333333333,0.16666666666666666,0.6666666666666666,0.16666666666666666,1.0,0.0003534075774137603,235 233 231 209 207 206 224,391 382 362 257 245 239
proxy_penalized,459,300,227,True,7,223.25020632900925,59.48626409422889,0.29074669126923297,0.0,0.25058870888954315,0.0,0.6065278113846212,0.43613902471666827,0.3340136054421769,0.2535316112497408,0.5714285714285714,0.2857142857142857,0.14285714285714285,0.14285714285714285,0.14285714285714285,0.7142857142857143,0.0,300 281 241 222 204 205 226 227,447 429 403 322 221 232 343
proxy_penalized,460,47,140,False,0,,,,,,,,,,,,,,,,,0.0,,
proxy_penalized,461,24,52,False,0,,,,,,,,,,,,,,,,,0.0,,
proxy_penalized,462,81,146,True,4,182.47232685823067,38.277139542593105,0.21415747155827264,0.0,0.11009696175014583,0.0614903152761605,0.5638619349386875,0.514840079947266,0.6220238095238095,0.15924147912589692,1.0,0.5,0.0,0.25,0.75,0.25,0.0,81 121 123 124 146,135 159 165 169
proxy_penalized,463,352,346,True,5,176.6227888494558,45.46618529746186,0.33911537079726306,0.2700065320195443,0.24715157969813145,0.1013690052864238,0.8163738326664776,0.41865297179056943,0.3733333333333333,0.2667989456848152,0.8,0.0,0.0,0.4,0.0,0.4,0.004033749586693352,352 372 390 388 367 346,527 546 574 565 537
proxy_penalized,464,186,260,True,6,209.68867340532864,49.72394559836516,0.24828280055163968,0.2069915864583693,0.08639311978291596,0.0098749358309245,0.6465525375919462,0.3577115803685765,0.31203703703703706,0.2639073654090515,1.0,0.5,0.16666666666666666,0.16666666666666666,0.16666666666666666,0.6666666666666666,0.00022673767594586232,186 206 224 223 221 241 260,204 239 337 330 320 404
proxy_penalized,465,272,358,False,0,,,,,,,,,,,,,,,,,0.0,,
proxy_penalized,466,235,203,True,7,285.51630704731724,64.66386660578915,0.263577076602496,0.24109318376397,0.12245257540371271,0.0098749358309245,0.7449818505244058,0.5260505820262552,0.3727324263038549,0.26748363453369306,1.0,0.42857142857142855,0.14285714285714285,0.5714285714285714,0.14285714285714285,0.8571428571428571,8.610225807955115e-05,235 233 231 209 207 206 224 203,391 382 362 257 245 239 333
proxy_penalized,467,353,384,True,5,201.62557411177403,49.04421920538226,0.3444605002500855,0.2403193297184433,0.24772440091332446,0.0324009626263195,0.85966511377251,0.5658460282443332,0.44000000000000006,0.3031435905178922,0.8,0.2,0.0,0.8,0.0,0.4,0.0043015463954945285,353 372 390 388 386 384,531 546 574 566 558
proxy_penalized,468,81,6,True,9,339.0175202125535,75.76449960005031,0.19880662634014973,0.0,0.1079882748992849,0.0,0.47520240835780786,0.40993782943604384,0.36018518518518516,0.17915875147860477,1.0,0.6666666666666666,0.1111111111111111,0.2222222222222222,0.2222222222222222,0.4444444444444444,0.0,81 121 123 124 126 106 86 46 26 6,135 159 165 168 170 147 136 103 62
proxy_penalized,469,233,221,True,7,282.6496834352448,63.72679170735777,0.2669560746456784,0.24109318376397,0.10659757207629962,0.0098749358309245,0.7591092156622604,0.5004546210091914,0.4163832199546485,0.2708904731008213,1.0,0.2857142857142857,0.14285714285714285,0.42857142857142855,0.2857142857142857,0.7142857142857143,9.451020502410559e-05,233 231 209 207 206 224 223 221,382 362 257 245 239 337 330
proxy_penalized,470,132,218,False,0,,,,,,,,,,,,,,,,,0.0,,
proxy_penalized,471,352,337,False,0,,,,,,,,,,,,,,,,,0.0,,
proxy_penalized,472,147,232,False,0,,,,,,,,,,,,,,,,,0.0,,
proxy_penalized,473,392,381,True,6,255.27995500666023,57.996792226459085,0.2956586519976901,0.2403193297184433,0.16297292646469644,0.0324009626263195,0.776803011756157,0.5975967857821226,0.3666666666666667,0.32522165687724197,1.0,0.16666666666666666,0.0,0.8333333333333334,0.0,0.0,0.0006355480540176285,392 390 388 386 384 383 381,578 574 566 558 555 553
proxy_penalized,474,21,86,False,0,,,,,,,,,,,,,,,,,0.0,,
proxy_penalized,475,389,341,True,6,231.79289208083148,52.118466298263485,0.22571212593975232,0.0,0.16459279922046544,0.0455860626446362,0.48755255433963046,0.5389309088158575,0.2916666666666667,0.29920417573805475,1.0,0.5,0.0,0.5,0.0,0.0,0.0,389 387 386 384 383 361 341,570 562 558 555 552 534
proxy_penalized,476,100,167,False,0,,,,,,,,,,,,,,,,,0.0,,
proxy_penalized,477,223,304,True,6,188.64447451204578,49.008113992987646,0.29899870922323796,0.2623631994962074,0.1762810240930596,0.0550499876417276,0.6658809077990009,0.3199970118112771,0.30277777777777776,0.2845408090721231,0.8333333333333334,0.0,0.0,0.0,0.16666666666666666,0.6666666666666666,0.0006555714030504055,223 221 241 261 281 303 304,330 320 405 418 434 456
proxy_penalized,478,4,52,True,6,228.93542876570194,53.88931878394541,0.25884397283005295,0.1690516908887335,0.12951200054129322,0.0833732136208769,0.7048683260921494,0.42430040096963434,0.29920634920634914,0.1868777283182973,1.0,0.3333333333333333,0.0,0.5,0.16666666666666666,0.3333333333333333,0.00026460952740286895,4 6 7 9 11 31 52,6 15 22 35 48 86
proxy_penalized,479,253,204,False,0,,,,,,,,,,,,,,,,,0.0,,
proxy_penalized,480,229,315,True,5,200.6789740739197,44.911093055518684,0.22392891741189186,0.0,0.14314236290285645,0.0,0.5870133749282134,0.4456353907708788,0.4149999999999999,0.19448675329854964,1.0,0.2,0.2,0.2,0.4,0.8,0.0,229 231 252 273 293 315,355 369 411 428 446
proxy_penalized,481,358,352,False,0,,,,,,,,,,,,,,,,,0.0,,
proxy_penalized,482,55,7,True,5,195.10220603328332,45.66416840498469,0.2607401033772022,0.2107289391851425,0.13478544204582138,0.0318841866275303,0.7168190771444224,0.44974368264075953,0.29666666666666663,0.23460239044665174,1.0,0.4,0.0,0.6,0.0,0.4,0.0011553113251544145,55 53 32 31 9 7,128 119 91 81 32
proxy_penalized,483,206,300,True,7,233.6342640583532,55.812950560246634,0.2519284567971945,0.1664396904828379,0.09563956986779529,0.0098749358309245,0.6353299897159371,0.3571348591793437,0.2833333333333333,0.26303336196723326,1.0,0.2857142857142857,0.14285714285714285,0.2857142857142857,0.14285714285714285,0.7142857142857143,5.8619462829847624e-05,206 224 223 221 241 261 281 300,239 337 330 320 405 418 432
proxy_penalized,484,59,10,False,0,,,,,,,,,,,,,,,,,0.0,,
proxy_penalized,485,75,6,False,0,,,,,,,,,,,,,,,,,0.0,,
proxy_penalized,486,312,226,True,6,216.9620744241708,54.088744385500945,0.30580146241377726,0.2500212733977696,0.21792832900056622,0.1019127634820017,0.72544610174198,0.5150667674328624,0.24067460317460318,0.26547204544653846,0.8333333333333334,0.0,0.0,0.5,0.16666666666666666,0.6666666666666666,0.000725075432492812,312 292 252 231 229 227 226,473 435 407 365 353 348
proxy_penalized,487,235,136,False,0,,,,,,,,,,,,,,,,,0.0,,
proxy_penalized,488,352,383,True,6,223.87230650145472,55.02824948255645,0.31695731325832305,0.2403193297184433,0.21870706190580644,0.0324009626263195,0.7550710531457181,0.49659691822452934,0.3666666666666667,0.28264624873320526,0.8333333333333334,0.16666666666666666,0.0,0.6666666666666666,0.0,0.3333333333333333,0.000856288512910247,352 372 390 388 386 384 383,527 546 574 566 558 555
proxy_penalized,489,52,46,True,5,168.08750983807752,42.80986835095602,0.29524492552805837,0.2208030556841317,0.1926345331271492,0.067629123763847,0.7404502090931862,0.43292115537741277,0.22857142857142856,0.23092042594930096,0.8,0.2,0.0,0.4,0.0,0.6,0.0019881518656319546,52 32 31 9 27 46,115 91 81 36 73
proxy_penalized,490,80,87,False,0,,,,,,,,,,,,,,,,,0.0,,
proxy_penalized,491,209,178,True,7,233.1503943806914,62.31955531688571,0.3185941962635243,0.2566338674321028,0.2422963546384229,0.0162317522628259,0.7448707848641771,0.4181265894426141,0.4183673469387755,0.20842403442727017,0.5714285714285714,0.0,0.0,0.5714285714285714,0.42857142857142855,0.42857142857142855,0.0002993338752486279,209 210 212 214 216 218 198 178,259 266 273 287 301 312 211
proxy_penalized,492,326,333,False,0,,,,,,,,,,,,,,,,,0.0,,
proxy_penalized,493,358,352,False,0,,,,,,,,,,,,,,,,,0.0,,
proxy_penalized,494,238,313,True,6,203.09286406611074,54.86118221403414,0.3453700215842122,0.2552064098311057,0.285792089827049,0.1102369693153185,0.7959883711187982,0.49154604729812346,0.3455026455026455,0.27657864452514,0.5,0.0,0.0,0.5,0.16666666666666666,0.6666666666666666,0.0014861981434581707,238 217 235 233 273 292 313,399 308 391 386 427 440
proxy_penalized,495,387,301,True,6,224.24980557680578,51.74195613915664,0.2357747800653063,0.0,0.1376399944773071,0.0,0.6063553016168696,0.47608417610710374,0.3,0.2090205617741161,1.0,0.5,0.16666666666666666,0.6666666666666666,0.16666666666666666,0.16666666666666666,0.0,387 367 347 326 305 303 301,561 538 521 500 461 455
proxy_penalized,496,106,203,True,5,184.9403255562082,46.34748544702066,0.27871247497215274,0.2235600071304749,0.14274971237730916,0.0098749358309245,0.7724634373503305,0.46869413016309946,0.3095238095238095,0.25572167443052257,0.8,0.6,0.2,0.6,0.2,0.8,0.0014453593658856649,106 146 187 206 224 203,152 185 209 239 333
proxy_penalized,497,381,200,False,0,,,,,,,,,,,,,,,,,0.0,,
proxy_penalized,498,339,273,False,0,,,,,,,,,,,,,,,,,0.0,,
proxy_penalized,499,223,284,False,0,,,,,,,,,,,,,,,,,0.0,,
