edge_id,src,dst,num_segments,num_episodes,num_unique_starts,num_unique_terminations,min_h,median_h,mean_h,max_h,num_unique_start_goal_pairs,num_unique_episodes,support_density_per_episode,support_count,reverse_support_raw,reverse_support_certified,reverse_support_count,asymmetry,src_density,dst_density,src_bottleneck_score,dst_bottleneck_score,edge_bottleneck_score,cost,cost_support_unit
0,0,1,3080,29,533,664,1,7.0,6.7,10,3080,29,106.20689655172414,3080,2991,2991,2991,0.014659858342941853,0.003585,0.00907,0.14025164268504475,0.3167032095721405,0.3167032095721405,7.043314808182421,unique_starts
1,1,0,2991,24,625,526,1,7.0,6.6720160481444335,10,2991,24,124.625,2991,3080,3080,3080,-0.014659858342941853,0.00907,0.003585,0.3167032095721405,0.14025164268504475,0.3167032095721405,7.04,unique_starts
2,1,3,54,18,33,34,8,10.0,9.518518518518519,10,54,18,3.0,54,45,45,45,0.09090909090909,0.00907,0.0082,0.3167032095721405,0.4477987774953572,0.4477987774953572,10.174077655955697,unique_starts
3,3,1,45,13,26,26,7,10.0,9.4,10,45,13,3.4615384615384617,45,54,54,54,-0.09090909090909,0.0082,0.00907,0.4477987774953572,0.3167032095721405,0.4477987774953572,10.196116135138183,unique_starts
4,3,4,5792,65,1015,1076,1,7.0,6.835290055248619,10,5792,65,89.1076923076923,5792,4567,4567,4567,0.11825465778550051,0.0082,0.0091,0.4477987774953572,0.5708371775563242,0.5708371775563242,7.031388241028718,unique_starts
5,3,5,71,22,42,42,7,10.0,9.43661971830986,10,71,22,3.227272727272727,71,66,66,66,0.03649635036496324,0.0082,0.00468,0.4477987774953572,0.2972332506137532,0.4477987774953572,10.154303349962092,unique_starts
6,4,3,4567,42,895,807,1,7.0,6.7838843880008755,10,4567,42,108.73809523809524,4567,5792,5792,5792,-0.11825465778550051,0.0091,0.0082,0.5708371775563242,0.4477987774953572,0.5708371775563242,7.033426313523244,unique_starts
7,4,5,2574,51,462,454,1,7.0,6.859362859362859,10,2574,51,50.470588235294116,2574,1460,1460,1460,0.2761527020327218,0.0091,0.00468,0.5708371775563242,0.2972332506137532,0.5708371775563242,7.046524210519924,unique_starts
8,4,6,50,17,30,30,7,10.0,9.44,10,50,17,2.9411764705882355,50,40,40,40,0.11111111111110988,0.0091,0.010255,0.5708371775563242,0.4942256235210543,0.5708371775563242,10.182574185835055,unique_starts
9,4,26,13,4,8,8,8,10.0,9.538461538461538,10,13,4,3.25,13,8,8,8,0.23809523809522679,0.0091,0.00467,0.5708371775563242,0.6157022221184753,0.6157022221184753,10.353553390593273,unique_starts
10,5,3,66,19,39,39,8,10.0,9.484848484848484,10,66,19,3.473684210526316,66,71,71,71,-0.03649635036496324,0.00468,0.0082,0.2972332506137532,0.4477987774953572,0.4477987774953572,10.160128153805086,unique_starts
11,5,4,1460,31,262,255,1,7.0,6.765068493150685,10,1460,31,47.096774193548384,1460,2574,2574,2574,-0.2761527020327218,0.00468,0.0091,0.2972332506137532,0.5708371775563242,0.5708371775563242,7.061780206321521,unique_starts
12,5,6,1744,37,340,290,1,7.0,6.7442660550458715,10,1744,37,47.13513513513514,1744,1302,1302,1302,0.1451083388049901,0.00468,0.010255,0.2972332506137532,0.4942256235210543,0.4942256235210543,7.054232614454664,unique_starts
13,5,7,42,13,26,25,8,10.0,9.5,10,42,13,3.230769230769231,42,59,59,59,-0.16831683168316666,0.00468,0.010105,0.2972332506137532,0.5426091782944411,0.5426091782944411,10.196116135138183,unique_starts
14,5,26,417,20,103,108,1,8.0,7.611510791366906,10,417,20,20.85,417,216,216,216,0.3175355450236962,0.00468,0.00467,0.2972332506137532,0.6157022221184753,0.6157022221184753,8.098532927816429,unique_starts
15,6,4,40,15,25,26,7,10.0,9.5,10,40,15,2.6666666666666665,40,50,50,50,-0.11111111111110988,0.010255,0.0091,0.4942256235210543,0.5708371775563242,0.5708371775563242,10.2,unique_starts
16,6,5,1302,32,222,265,1,7.0,6.621351766513057,10,1302,32,40.6875,1302,1744,1744,1744,-0.1451083388049901,0.010255,0.00468,0.4942256235210543,0.2972332506137532,0.4942256235210543,7.067115605521402,unique_starts
17,6,7,6148,59,1131,1149,1,7.0,6.756994144437216,10,6148,59,104.20338983050847,6148,5706,5706,5706,0.03728699173274844,0.010255,0.010105,0.4942256235210543,0.5426091782944411,0.5426091782944411,7.029735051672502,unique_starts
18,6,8,33,13,22,22,8,10.0,9.606060606060606,10,33,13,2.5384615384615383,33,98,98,98,-0.49618320610686645,0.010255,0.00467,0.4942256235210543,0.44278117330053407,0.4942256235210543,10.21320071635561,unique_starts
19,6,26,837,26,148,194,1,7.0,6.4420549581839905,10,837,26,32.19230769230769,837,884,884,884,-0.02730970366066239,0.010255,0.00467,0.4942256235210543,0.6157022221184753,0.6157022221184753,7.082199493652679,unique_starts
20,6,27,100,8,42,25,2,8.0,7.57,10,100,8,12.5,100,329,329,329,-0.5337995337995325,0.010255,0.00359,0.4942256235210543,1.2483050882681392,1.2483050882681392,8.154303349962092,unique_starts
21,7,5,59,13,31,31,7,10.0,9.322033898305085,10,59,13,4.538461538461538,59,42,42,42,0.16831683168316666,0.010105,0.00468,0.5426091782944411,0.2972332506137532,0.5426091782944411,10.179605302026776,unique_starts
22,7,6,5706,56,1096,1062,1,7.0,6.741675429372591,10,5706,56,101.89285714285714,5706,6148,6148,6148,-0.03728699173274844,0.010105,0.010255,0.5426091782944411,0.4942256235210543,0.5426091782944411,7.030206104666509,unique_starts
23,7,8,2059,42,347,392,1,7.0,6.834871296745993,10,2059,42,49.023809523809526,2059,1911,1911,1911,0.037279596977329965,0.010105,0.00467,0.5426091782944411,0.44278117330053407,0.5426091782944411,7.053682812709502,unique_starts
24,7,9,36,14,24,24,8,10.0,9.61111111111111,10,36,14,2.5714285714285716,36,128,128,128,-0.5609756097560942,0.010105,0.01447,0.5426091782944411,0.8979178206761399,0.8979178206761399,10.204124145231932,unique_starts
25,7,26,240,14,79,56,1,8.0,7.3375,10,240,14,17.142857142857142,240,319,319,319,-0.14132379248658292,0.010105,0.00467,0.5426091782944411,0.6157022221184753,0.6157022221184753,8.112508790092603,unique_starts
26,7,27,832,31,183,219,1,6.0,6.152644230769231,10,832,31,26.838709677419356,832,626,626,626,0.14128943758573378,0.010105,0.00359,0.5426091782944411,1.2483050882681392,1.2483050882681392,6.073922127095457,unique_starts
27,8,6,98,25,53,55,7,10.0,9.33673469387755,10,98,25,3.92,98,33,33,33,0.49618320610686645,0.00467,0.010255,0.44278117330053407,0.4942256235210543,0.4942256235210543,10.13736056394869,unique_starts
28,8,7,1911,50,382,334,1,7.0,6.5646258503401365,10,1911,50,38.22,1911,2059,2059,2059,-0.037279596977329965,0.00467,0.010105,0.44278117330053407,0.5426091782944411,0.5426091782944411,7.051164451009665,unique_starts
29,8,9,2161,43,394,379,1,7.0,6.850069412309116,10,2161,43,50.25581395348837,2161,2461,2461,2461,-0.06490696668109043,0.00467,0.01447,0.44278117330053407,0.8979178206761399,0.8979178206761399,7.050379272185988,unique_starts
30,8,10,67,19,38,38,7,10.0,9.388059701492537,10,67,19,3.526315789473684,67,103,103,103,-0.2117647058823517,0.00467,0.010545,0.44278117330053407,0.6435638621308869,0.6435638621308869,10.162221421130763,unique_starts
31,8,26,23,5,12,12,7,10.0,9.304347826086957,10,23,5,4.6,23,6,6,6,0.586206896551704,0.00467,0.00467,0.44278117330053407,0.6157022221184753,0.6157022221184753,10.288675134594813,unique_starts
32,8,27,707,31,174,178,1,8.0,7.620933521923621,10,707,31,22.806451612903224,707,156,156,156,0.6384704519119343,0.00467,0.00359,0.44278117330053407,1.2483050882681392,1.2483050882681392,8.07580980435789,unique_starts
33,9,7,128,34,72,74,7,10.0,9.40625,10,128,34,3.764705882352941,128,36,36,36,0.5609756097560942,0.01447,0.010105,0.8979178206761399,0.5426091782944411,0.8979178206761399,10.117851130197758,unique_starts
34,9,8,2461,59,466,439,1,7.0,6.68061763510768,10,2461,59,41.71186440677966,2461,2161,2161,2161,0.06490696668109043,0.01447,0.00467,0.8979178206761399,0.44278117330053407,0.8979178206761399,7.046324105461208,unique_starts
35,9,10,6723,66,1315,1179,1,7.0,6.74282314442957,10,6723,66,101.86363636363636,6723,7588,7588,7588,-0.06044301586192439,0.01447,0.010545,0.8979178206761399,0.6435638621308869,0.8979178206761399,7.027576371656987,unique_starts
36,9,11,46,19,31,31,8,10.0,9.608695652173912,10,46,19,2.4210526315789473,46,135,135,135,-0.49171270718231774,0.01447,0.00518,0.8979178206761399,0.4773074013808554,0.8979178206761399,10.179605302026776,unique_starts
37,9,27,20,8,12,13,7,10.0,9.4,10,20,8,2.5,20,3,0,0,0.99999999999995,0.01447,0.00359,0.8979178206761399,1.2483050882681392,1.2483050882681392,10.288675134594813,unique_starts
38,10,8,103,29,60,59,7,10.0,9.41747572815534,10,103,29,3.5517241379310347,103,67,67,67,0.2117647058823517,0.010545,0.00467,0.6435638621308869,0.44278117330053407,0.6435638621308869,10.12909944487358,unique_starts
39,10,9,7588,80,1341,1471,1,7.0,6.663811280969952,10,7588,80,94.85,7588,6723,6723,6723,0.06044301586192439,0.010545,0.01447,0.6435638621308869,0.8979178206761399,0.8979178206761399,7.027307730683968,unique_starts
40,10,11,1969,37,337,358,1,7.0,6.911630269172169,10,1969,37,53.21621621621622,1969,2237,2237,2237,-0.06371849738468853,0.010545,0.00518,0.6435638621308869,0.4773074013808554,0.6435638621308869,7.054473471070285,unique_starts
41,10,12,17,7,12,12,9,10.0,9.705882352941176,10,17,7,2.4285714285714284,17,83,83,83,-0.6599999999999935,0.010545,0.01313,0.6435638621308869,0.43437802956184957,0.6435638621308869,10.288675134594813,unique_starts
42,11,9,135,34,75,76,7,10.0,9.414814814814815,10,135,34,3.9705882352941178,135,46,46,46,0.49171270718231774,0.00518,0.01447,0.4773074013808554,0.8979178206761399,0.8979178206761399,10.115470053837925,unique_starts
43,11,10,2237,56,406,429,1,7.0,6.588734912829683,10,2237,56,39.94642857142857,2237,1969,1969,1969,0.06371849738468853,0.00518,0.010545,0.4773074013808554,0.6435638621308869,0.6435638621308869,7.049629166698547,unique_starts
44,11,12,1112,26,253,182,1,7.0,6.705035971223022,10,1112,26,42.76923076923077,1112,1680,1680,1680,-0.2034383954154727,0.00518,0.01313,0.4773074013808554,0.43437802956184957,0.4773074013808554,7.062869461346193,unique_starts
45,11,13,14,6,10,10,9,10.0,9.714285714285714,10,14,6,2.3333333333333335,14,5,5,5,0.4736842105262909,0.00518,0.005725,0.4773074013808554,0.26786882451950045,0.4773074013808554,10.316227766016837,unique_starts
46,11,32,348,15,85,94,2,8.0,7.718390804597701,10,348,15,23.2,348,782,782,782,-0.38407079646017667,0.00518,0.007805,0.4773074013808554,0.5472985106568845,0.5472985106568845,8.108465228909328,unique_starts
47,12,10,83,26,45,53,7,10.0,9.325301204819278,10,83,26,3.1923076923076925,83,17,17,17,0.6599999999999935,0.01313,0.010545,0.43437802956184957,0.6435638621308869,0.6435638621308869,10.149071198499986,unique_starts
48,12,11,1680,46,303,353,1,7.0,6.4696428571428575,10,1680,46,36.52173913043478,1680,1112,1112,1112,0.2034383954154727,0.01313,0.00518,0.43437802956184957,0.4773074013808554,0.4773074013808554,7.057448498962143,unique_starts
49,12,13,4827,38,970,834,1,7.0,6.727988398591258,10,4827,38,127.02631578947368,4827,5022,5022,5022,-0.019798964361864145,0.01313,0.005725,0.43437802956184957,0.26786882451950045,0.43437802956184957,7.0321080649533965,unique_starts
50,12,32,848,28,199,200,1,7.0,6.442216981132075,10,848,28,30.285714285714285,848,1372,1372,1372,-0.23603603603603593,0.01313,0.007805,0.43437802956184957,0.5472985106568845,0.5472985106568845,7.070888120500833,unique_starts
51,13,11,5,3,4,4,9,10.0,9.8,10,5,3,1.6666666666666667,5,14,14,14,-0.4736842105262909,0.005725,0.00518,0.26786882451950045,0.4773074013808554,0.4773074013808554,10.5,unique_starts
52,13,12,5022,46,865,1032,1,7.0,6.707287933094385,10,5022,46,109.17391304347827,5022,4827,4827,4827,0.019798964361864145,0.005725,0.01313,0.26786882451950045,0.43437802956184957,0.43437802956184957,7.034001020045903,unique_starts
53,13,32,40,5,20,11,2,8.0,7.325,10,40,5,8.0,40,191,191,191,-0.6536796536796509,0.005725,0.007805,0.26786882451950045,0.5472985106568845,0.5472985106568845,8.223606797749978,unique_starts
54,26,4,8,4,6,6,9,10.0,9.75,10,8,4,2.0,8,13,13,13,-0.23809523809522679,0.00467,0.0091,0.6157022221184753,0.5708371775563242,0.6157022221184753,10.408248290463863,unique_starts
55,26,5,216,13,65,62,1,8.0,7.671296296296297,10,216,13,16.615384615384617,216,417,417,417,-0.3175355450236962,0.00467,0.00468,0.6157022221184753,0.2972332506137532,0.6157022221184753,8.124034734589209,unique_starts
56,26,6,884,27,196,177,1,6.0,6.23868778280543,10,884,27,32.74074074074074,884,837,837,837,0.02730970366066239,0.00467,0.010255,0.6157022221184753,0.4942256235210543,0.6157022221184753,6.071428571428571,unique_starts
57,26,7,319,17,80,85,1,8.0,7.683385579937304,10,319,17,18.764705882352942,319,240,240,240,0.14132379248658292,0.00467,0.010105,0.6157022221184753,0.5426091782944411,0.6157022221184753,8.11180339887499,unique_starts
58,26,8,6,2,4,4,9,10.0,9.666666666666666,10,6,2,3.0,6,23,23,23,-0.586206896551704,0.00467,0.00467,0.6157022221184753,0.44278117330053407,0.6157022221184753,10.5,unique_starts
59,26,27,537,17,122,97,1,6.0,6.126629422718808,10,537,17,31.58823529411765,537,901,901,901,-0.25312934631432527,0.00467,0.00359,0.6157022221184753,1.2483050882681392,1.2483050882681392,6.0905357460425185,unique_starts
60,26,46,1774,37,348,335,1,7.0,6.865839909808343,10,1774,37,47.945945945945944,1774,1130,1130,1130,0.22176308539944897,0.00467,0.01195,0.6157022221184753,1.1664980998843537,1.1664980998843537,7.05360562674189,unique_starts
61,26,47,222,12,63,58,2,8.0,7.63063063063063,10,222,12,18.5,222,153,153,153,0.1839999999999995,0.00467,0.009835,0.6157022221184753,0.658386063454484,0.658386063454484,8.125988157669742,unique_starts
62,26,66,4,4,4,4,10,10.0,10.0,10,4,4,1.0,4,4,4,4,0.0,0.00467,0.00398,0.6157022221184753,0.3842525631156757,0.6157022221184753,10.5,unique_starts
63,27,5,8,2,5,4,8,9.5,9.375,10,8,2,4.0,8,1,0,0,0.999999999999875,0.00359,0.00468,1.2483050882681392,0.2972332506137532,1.2483050882681392,9.947213595499958,unique_starts
64,27,6,329,20,76,109,1,8.0,7.246200607902735,10,329,20,16.45,329,100,100,100,0.5337995337995325,0.00359,0.010255,1.2483050882681392,0.4942256235210543,1.2483050882681392,8.11470786693528,unique_starts
65,27,7,626,24,152,144,1,6.0,6.103833865814696,10,626,24,26.083333333333332,626,832,832,832,-0.14128943758573378,0.00359,0.010105,1.2483050882681392,0.5426091782944411,1.2483050882681392,6.081110710565381,unique_starts
66,27,8,156,11,43,50,2,8.0,7.858974358974359,10,156,11,14.181818181818182,156,707,707,707,-0.6384704519119343,0.00359,0.00467,1.2483050882681392,0.44278117330053407,1.2483050882681392,8.152498570332604,unique_starts
67,27,26,901,29,190,169,1,6.0,6.228634850166482,10,901,29,31.06896551724138,901,537,537,537,0.25312934631432527,0.00359,0.00467,1.2483050882681392,0.6157022221184753,1.2483050882681392,6.072547625011001,unique_starts
68,27,46,227,16,70,64,2,8.0,7.762114537444934,10,227,16,14.1875,227,106,106,106,0.3633633633633622,0.00359,0.01195,1.2483050882681392,1.1664980998843537,1.2483050882681392,8.11952286093344,unique_starts
69,27,47,1222,27,241,227,1,7.0,6.8919803600654665,10,1222,27,45.25925925925926,1222,435,435,435,0.4749547374773685,0.00359,0.009835,1.2483050882681392,0.658386063454484,1.2483050882681392,7.064415662640083,unique_starts
70,32,10,47,15,29,28,8,10.0,9.48936170212766,10,47,15,3.1333333333333333,47,0,0,0,0.9999999999999787,0.007805,0.010545,0.5472985106568845,0.6435638621308869,0.6435638621308869,10.185695338177052,unique_starts
71,32,11,782,45,228,211,1,8.0,7.8171355498721224,10,782,45,17.377777777777776,782,348,348,348,0.38407079646017667,0.007805,0.00518,0.5472985106568845,0.4773074013808554,0.5472985106568845,8.066226617853252,unique_starts
72,32,12,1372,47,327,309,1,6.0,6.215014577259475,10,1372,47,29.19148936170213,1372,848,848,848,0.23603603603603593,0.007805,0.01313,0.5472985106568845,0.43437802956184957,0.5472985106568845,6.055300126360933,unique_starts
73,32,13,191,11,47,64,1,8.0,7.340314136125654,10,191,11,17.363636363636363,191,40,40,40,0.6536796536796509,0.007805,0.005725,0.5472985106568845,0.26786882451950045,0.5472985106568845,8.145864991497895,unique_starts
74,32,52,1051,25,227,184,1,7.0,6.647002854424358,10,1051,25,42.04,1051,1615,1615,1615,-0.21155288822205545,0.007805,0.00558,0.5472985106568845,0.5689117131441633,0.5689117131441633,7.0663723311599975,unique_starts
75,32,53,306,17,85,82,1,8.0,7.73202614379085,10,306,17,18.0,306,741,741,741,-0.4154727793696271,0.007805,0.00707,0.5472985106568845,0.6145816993069612,0.6145816993069612,8.108465228909328,unique_starts
76,41,81,5,3,4,4,9,10.0,9.8,10,5,3,1.6666666666666667,5,0,0,0,0.9999999999997999,0.005345,0.00449,0.2999362179629233,0.3837797313718477,0.3837797313718477,10.5,unique_starts
77,46,26,1130,23,205,227,1,7.0,6.87787610619469,10,1130,23,49.130434782608695,1130,1774,1774,1774,-0.22176308539944897,0.01195,0.00467,1.1664980998843537,0.6157022221184753,1.1664980998843537,7.069843029576957,unique_starts
78,46,27,106,6,29,32,3,8.5,8.150943396226415,10,106,6,17.666666666666668,106,227,227,227,-0.3633633633633622,0.01195,0.00359,1.1664980998843537,1.2483050882681392,1.2483050882681392,8.685695338177052,unique_starts
79,46,47,5614,54,1117,1100,1,7.0,6.62326327039544,10,5614,54,103.96296296296296,5614,5678,5678,5678,-0.005667729365922776,0.01195,0.009835,1.1664980998843537,0.658386063454484,1.1664980998843537,7.02992081462322,unique_starts
80,46,66,1708,46,385,319,1,7.0,6.637587822014051,10,1708,46,37.130434782608695,1708,1509,1509,1509,0.06185887472800744,0.01195,0.00398,1.1664980998843537,0.3842525631156757,1.1664980998843537,7.050964719143763,unique_starts
81,46,86,4,2,3,3,9,10.0,9.75,10,4,2,2.0,4,5,5,5,-0.11111111111109877,0.01195,0.008785,1.1664980998843537,1.1216278354671452,1.1664980998843537,10.577350269189626,unique_starts
82,46,87,4,2,3,3,9,10.0,9.75,10,4,2,2.0,4,0,0,0,0.99999999999975,0.01195,0.00718,1.1664980998843537,0.9820359200257925,1.1664980998843537,10.577350269189626,unique_starts
83,47,26,153,8,37,39,1,8.0,7.42483660130719,10,153,8,19.125,153,222,222,222,-0.1839999999999995,0.009835,0.00467,0.658386063454484,0.6157022221184753,0.658386063454484,8.164398987305358,unique_starts
84,47,27,435,11,80,89,1,7.0,6.675862068965517,10,435,11,39.54545454545455,435,1222,1222,1222,-0.4749547374773685,0.009835,0.00359,0.658386063454484,1.2483050882681392,1.2483050882681392,7.111803398874989,unique_starts
85,47,46,5678,50,1122,1074,1,7.0,6.644945403311025,10,5678,50,113.56,5678,5614,5614,5614,0.005667729365922776,0.009835,0.01195,0.658386063454484,1.1664980998843537,1.1664980998843537,7.029854071701327,unique_starts
86,47,66,349,28,148,98,2,8.0,7.664756446991404,10,349,28,12.464285714285714,349,504,504,504,-0.18171160609613107,0.009835,0.00398,0.658386063454484,0.3842525631156757,0.658386063454484,8.082199493652679,unique_starts
87,47,87,3,3,3,3,10,10.0,10.0,10,3,3,1.0,3,0,0,0,0.9999999999996666,0.009835,0.00718,0.658386063454484,0.9820359200257925,0.9820359200257925,10.577350269189626,unique_starts
88,52,32,1615,39,285,355,1,7.0,6.758513931888545,10,1615,39,41.41025641025641,1615,1051,1051,1051,0.21155288822205545,0.00558,0.007805,0.5689117131441633,0.5472985106568845,0.5689117131441633,7.059234887775909,unique_starts
89,52,53,1727,35,391,341,1,7.0,6.471337579617835,10,1727,35,49.34285714285714,1727,1991,1991,1991,-0.0710059171597633,0.00558,0.00707,0.5689117131441633,0.6145816993069612,0.6145816993069612,7.050572173742418,unique_starts
90,53,32,741,39,196,210,1,8.0,7.792172739541161,10,741,39,19.0,741,306,306,306,0.4154727793696271,0.00707,0.007805,0.6145816993069612,0.5472985106568845,0.6145816993069612,8.071428571428571,unique_starts
91,53,52,1991,37,412,377,1,7.0,6.509291813159217,10,1991,37,53.810810810810814,1991,1727,1727,1727,0.0710059171597633,0.00707,0.00558,0.6145816993069612,0.5689117131441633,0.6145816993069612,7.049266463908214,unique_starts
92,53,55,20,6,12,12,8,10.0,9.5,10,20,6,3.3333333333333335,20,105,105,105,-0.6799999999999946,0.00707,0.0048,0.6145816993069612,0.3575098193411884,0.6145816993069612,10.288675134594813,unique_starts
93,55,53,105,28,57,61,7,10.0,9.342857142857143,10,105,28,3.75,105,20,20,20,0.6799999999999946,0.0048,0.00707,0.3575098193411884,0.6145816993069612,0.6145816993069612,10.132453235706505,unique_starts
94,66,26,4,2,3,3,9,10.0,9.75,10,4,2,2.0,4,4,4,4,0.0,0.00398,0.00467,0.3842525631156757,0.6157022221184753,0.6157022221184753,10.577350269189626,unique_starts
95,66,46,1509,37,296,308,1,7.0,6.59377070907886,10,1509,37,40.78378378378378,1509,1708,1708,1708,-0.06185887472800744,0.00398,0.01195,0.3842525631156757,1.1664980998843537,1.1664980998843537,7.05812381937191,unique_starts
96,66,47,504,22,120,153,1,8.0,7.613095238095238,10,504,22,22.90909090909091,504,349,349,349,0.18171160609613107,0.00398,0.009835,0.3842525631156757,0.658386063454484,0.658386063454484,8.091287092917527,unique_starts
97,66,86,1158,32,232,237,1,7.0,6.723661485319516,10,1158,32,36.1875,1158,1220,1220,1220,-0.02607232968881412,0.00398,0.008785,0.3842525631156757,1.1216278354671452,1.1216278354671452,7.065653216429861,unique_starts
98,66,87,498,27,128,144,1,8.0,7.4417670682730925,10,498,27,18.444444444444443,498,247,247,247,0.3369127516778519,0.00398,0.00718,0.3842525631156757,0.9820359200257925,0.9820359200257925,8.08838834764832,unique_starts
99,81,121,3,3,3,3,10,10.0,10.0,10,3,3,1.0,3,1,0,0,0.9999999999996666,0.00449,0.00952,0.3837797313718477,0.6495529827524277,0.6495529827524277,10.577350269189626,unique_starts
100,86,46,5,3,4,4,9,10.0,9.8,10,5,3,1.6666666666666667,5,4,4,4,0.11111111111109877,0.008785,0.01195,1.1216278354671452,1.1664980998843537,1.1664980998843537,10.5,unique_starts
101,86,66,1220,26,223,242,1,7.0,6.920491803278688,10,1220,26,46.92307692307692,1220,1158,1158,1158,0.02607232968881412,0.008785,0.00398,1.1216278354671452,0.3842525631156757,1.1216278354671452,7.066964953018243,unique_starts
102,86,87,3356,46,735,686,1,7.0,6.485995232419547,10,3356,46,72.95652173913044,3356,3397,3397,3397,-0.006071375684880793,0.008785,0.00718,1.1216278354671452,0.9820359200257925,1.1216278354671452,7.0368855556781655,unique_starts
103,86,106,1736,42,382,310,1,7.0,6.61520737327189,10,1736,42,41.333333333333336,1736,1727,1727,1727,0.0025989026855327744,0.008785,0.004595,1.1216278354671452,0.8607825119832312,1.1216278354671452,7.051164451009665,unique_starts
104,86,126,6,4,5,5,9,10.0,9.833333333333334,10,6,4,1.5,6,2,0,0,0.9999999999998334,0.008785,0.009095,1.1216278354671452,0.6850386993644425,1.1216278354671452,10.447213595499958,unique_starts
105,87,66,247,9,55,60,1,8.0,7.283400809716599,10,247,9,27.444444444444443,247,498,498,498,-0.3369127516778519,0.00718,0.00398,0.9820359200257925,0.3842525631156757,0.9820359200257925,8.134839972492648,unique_starts
106,87,86,3397,43,685,710,1,7.0,6.531645569620253,10,3397,43,79.0,3397,3356,3356,3356,0.006071375684880793,0.00718,0.008785,0.9820359200257925,1.1216278354671452,1.1216278354671452,7.038208035995043,unique_starts
107,87,106,474,34,175,132,1,8.0,7.80379746835443,10,474,34,13.941176470588236,474,566,566,566,-0.08846153846153838,0.00718,0.004595,0.9820359200257925,0.8607825119832312,0.9820359200257925,8.075592894601845,unique_starts
108,87,127,4,4,4,4,10,10.0,10.0,10,4,4,1.0,4,0,0,0,0.99999999999975,0.00718,0.00532,0.9820359200257925,1.181694780615308,1.181694780615308,10.5,unique_starts
109,106,86,1727,43,337,365,1,7.0,6.712217718587145,10,1727,43,40.16279069767442,1727,1736,1736,1736,-0.0025989026855327744,0.004595,0.008785,0.8607825119832312,1.1216278354671452,1.1216278354671452,7.054473471070285,unique_starts
110,106,87,566,28,155,180,1,8.0,7.773851590106007,10,566,28,20.214285714285715,566,474,474,474,0.08846153846153838,0.004595,0.00718,0.8607825119832312,0.9820359200257925,0.9820359200257925,8.08032193289025,unique_starts
111,106,126,1286,33,253,267,1,7.0,6.8149300155520995,10,1286,33,38.96969696969697,1286,1634,1634,1634,-0.11917808219178079,0.004595,0.009095,0.8607825119832312,0.6850386993644425,0.8607825119832312,7.062869461346193,unique_starts
112,106,127,384,18,98,89,1,8.0,7.182291666666667,10,384,18,21.333333333333332,384,14,14,14,0.9296482412060277,0.004595,0.00532,0.8607825119832312,1.181694780615308,1.181694780615308,8.101015254455222,unique_starts
113,106,146,5,3,4,4,9,10.0,9.8,10,5,3,1.6666666666666667,5,1,0,0,0.9999999999997999,0.004595,0.006465,0.8607825119832312,1.2918859947622392,1.2918859947622392,10.5,unique_starts
114,120,121,2806,50,536,644,1,7.0,6.5837491090520315,10,2806,50,56.12,2806,2657,2657,2657,0.027274391360058572,0.00435,0.00952,0.2560120390689332,0.6495529827524277,0.6495529827524277,7.043193421279068,unique_starts
115,121,120,2657,30,610,512,1,7.0,6.427173503951825,10,2657,30,88.56666666666666,2657,2806,2806,2806,-0.027274391360058572,0.00952,0.00435,0.6495529827524277,0.2560120390689332,0.6495529827524277,7.040488816508946,unique_starts
116,121,123,36,12,22,22,8,10.0,9.5,10,36,12,3.0,36,52,52,52,-0.18181818181817977,0.00952,0.005805,0.6495529827524277,0.47731711132259325,0.6495529827524277,10.21320071635561,unique_starts
117,123,121,52,11,27,27,7,10.0,9.307692307692308,10,52,11,4.7272727272727275,52,36,36,36,0.18181818181817977,0.005805,0.00952,0.47731711132259325,0.6495529827524277,0.6495529827524277,10.192450089729876,unique_starts
118,123,124,3504,57,645,707,1,7.0,6.771404109589041,10,3504,57,61.473684210526315,3504,2933,2933,2933,0.0887059189063228,0.005805,0.00689,0.47731711132259325,0.6901232461389545,0.6901232461389545,7.0393749615479075,unique_starts
119,124,123,2933,43,579,544,1,7.0,6.493010569382885,10,2933,43,68.20930232558139,2933,3504,3504,3504,-0.0887059189063228,0.00689,0.005805,0.6901232461389545,0.47731711132259325,0.6901232461389545,7.041558581746169,unique_starts
120,124,126,55,13,30,30,7,10.0,9.381818181818181,10,55,13,4.230769230769231,55,25,25,25,0.37499999999999534,0.00689,0.009095,0.6901232461389545,0.6850386993644425,0.6901232461389545,10.182574185835055,unique_starts
121,124,146,9,2,5,5,8,10.0,9.444444444444445,10,9,2,4.5,9,5,5,5,0.2857142857142653,0.00689,0.006465,0.6901232461389545,1.2918859947622392,1.2918859947622392,10.447213595499958,unique_starts
122,126,106,1634,34,316,306,1,7.0,6.849449204406365,10,1634,34,48.05882352941177,1634,1286,1286,1286,0.11917808219178079,0.009095,0.004595,0.6850386993644425,0.8607825119832312,0.8607825119832312,7.0562543950463015,unique_starts
123,126,124,25,11,17,17,8,10.0,9.6,10,25,11,2.272727272727273,25,55,55,55,-0.37499999999999534,0.009095,0.00689,0.6850386993644425,0.6901232461389545,0.6901232461389545,10.242535625036332,unique_starts
124,126,127,1965,35,491,417,1,7.0,6.406615776081425,10,1965,35,56.142857142857146,1965,3197,3197,3197,-0.23866718326230138,0.009095,0.00532,0.6850386993644425,1.181694780615308,1.181694780615308,7.045129368240652,unique_starts
125,126,146,2758,59,621,521,1,7.0,6.347715736040609,10,2758,59,46.74576271186441,2758,1812,1812,1812,0.2070021881838074,0.009095,0.006465,0.6850386993644425,1.2918859947622392,1.2918859947622392,7.040128617695256,unique_starts
126,126,147,1047,32,324,267,1,8.0,7.632282712511939,10,1047,32,32.71875,1047,825,825,825,0.11858974358974353,0.009095,0.003625,0.6850386993644425,0.34793528116491385,0.6850386993644425,8.055555555555555,unique_starts
127,127,106,14,3,4,13,1,7.5,6.714285714285714,10,14,3,4.666666666666667,14,384,384,384,-0.9296482412060277,0.00532,0.004595,1.181694780615308,0.8607825119832312,1.181694780615308,8.0,unique_starts
128,127,126,3197,48,604,703,1,7.0,6.318423522051924,10,3197,48,66.60416666666667,3197,1965,1965,1965,0.23866718326230138,0.00532,0.009095,1.181694780615308,0.6850386993644425,1.181694780615308,7.040689422938558,unique_starts
129,127,146,784,37,296,219,1,8.0,7.779336734693878,10,784,37,21.18918918918919,784,905,905,905,-0.07164002368265242,0.00532,0.006465,1.181694780615308,1.2918859947622392,1.2918859947622392,8.05812381937191,unique_starts
130,127,147,1613,35,372,331,1,7.0,6.436453812771234,10,1613,35,46.08571428571429,1613,1686,1686,1686,-0.022127917550772955,0.00532,0.003625,1.181694780615308,0.34793528116491385,1.181694780615308,7.051847584736521,unique_starts
131,146,124,5,3,4,4,9,10.0,9.8,10,5,3,1.6666666666666667,5,9,9,9,-0.2857142857142653,0.006465,0.00689,1.2918859947622392,0.6901232461389545,1.2918859947622392,10.5,unique_starts
132,146,126,1812,41,362,411,1,7.0,6.499448123620309,10,1812,41,44.19512195121951,1812,2758,2758,2758,-0.2070021881838074,0.006465,0.009095,1.2918859947622392,0.6850386993644425,1.2918859947622392,7.052558833122764,unique_starts
133,146,127,905,26,230,283,1,8.0,7.47182320441989,10,905,26,34.80769230769231,905,784,784,784,0.07164002368265242,0.006465,0.00532,1.2918859947622392,1.181694780615308,1.2918859947622392,8.065938047339579,unique_starts
134,146,147,816,34,208,221,1,5.0,5.109068627450981,10,816,34,24.0,816,805,805,805,0.006785934608266498,0.006465,0.003625,1.2918859947622392,0.34793528116491385,1.2918859947622392,5.069337524528153,unique_starts
135,146,166,1871,42,398,346,1,7.0,6.843933725280599,10,1871,42,44.54761904761905,1871,1463,1463,1463,0.12237552489502096,0.006465,0.00776,1.2918859947622392,0.8569818594474089,1.2918859947622392,7.050125470711708,unique_starts
136,146,167,451,21,123,106,1,8.0,7.405764966740577,10,451,21,21.476190476190474,451,106,106,106,0.6193895870736075,0.006465,0.005095,1.2918859947622392,1.3357884073864643,1.3357884073864643,8.090166963466743,unique_starts
137,146,186,4,3,4,3,9,10.0,9.75,10,4,3,1.3333333333333333,4,2,0,0,0.99999999999975,0.006465,0.00718,1.2918859947622392,1.2843709165327069,1.2918859947622392,10.5,unique_starts
138,146,187,7,5,6,6,9,10.0,9.857142857142858,10,7,5,1.4,7,0,0,0,0.9999999999998571,0.006465,0.005175,1.2918859947622392,1.1419228689989793,1.2918859947622392,10.408248290463863,unique_starts
139,147,126,825,28,210,260,1,8.0,7.784242424242424,10,825,28,29.464285714285715,825,1047,1047,1047,-0.11858974358974353,0.003625,0.009095,0.34793528116491385,0.6850386993644425,0.6850386993644425,8.069006555934235,unique_starts
140,147,127,1686,29,341,386,1,6.0,6.099051008303677,10,1686,29,58.13793103448276,1686,1613,1613,1613,0.022127917550772955,0.003625,0.00532,0.34793528116491385,1.181694780615308,1.181694780615308,6.0541530361073885,unique_starts
141,147,146,805,34,179,191,1,6.0,5.827329192546584,10,805,34,23.676470588235293,805,816,816,816,-0.006785934608266498,0.003625,0.006465,0.34793528116491385,1.2918859947622392,1.2918859947622392,6.074743509275193,unique_starts
142,147,166,155,9,43,44,1,8.0,7.483870967741935,10,155,9,17.22222222222222,155,89,89,89,0.27049180327868744,0.003625,0.00776,0.34793528116491385,0.8569818594474089,0.8569818594474089,8.152498570332604,unique_starts
143,147,167,633,18,127,136,1,7.0,6.819905213270142,10,633,18,35.166666666666664,633,601,601,601,0.02593192868719609,0.003625,0.005095,0.34793528116491385,1.3357884073864643,1.3357884073864643,7.0887356509416115,unique_starts
144,157,158,970,30,230,199,1,6.0,6.131958762886598,10,970,30,32.333333333333336,970,732,732,732,0.13983548766157455,0.004165,0.003715,0.24927209447458124,0.5358779082873368,0.5358779082873368,6.0659380473395785,unique_starts
145,157,178,437,28,127,124,2,8.0,7.97025171624714,10,437,28,15.607142857142858,437,32,32,32,0.863539445628996,0.004165,0.00622,0.24927209447458124,0.5668323279398094,0.5668323279398094,8.088735650941612,unique_starts
146,158,157,732,22,147,167,1,6.5,6.282786885245901,10,732,22,33.27272727272727,732,970,970,970,-0.13983548766157455,0.003715,0.004165,0.5358779082873368,0.24927209447458124,0.5358779082873368,6.582478609884232,unique_starts
147,158,178,2010,46,344,417,1,7.0,6.7980099502487565,10,2010,46,43.69565217391305,2010,669,669,669,0.5005599104143336,0.003715,0.00622,0.5358779082873368,0.5668323279398094,0.5668323279398094,7.05391638660172,unique_starts
148,158,198,6,6,6,6,10,10.0,10.0,10,6,6,1.0,6,2,0,0,0.9999999999998334,0.003715,0.006905,0.5358779082873368,0.6242252993529385,0.6242252993529385,10.408248290463863,unique_starts
149,166,146,1463,32,279,278,1,7.0,6.909090909090909,10,1463,32,45.71875,1463,1871,1871,1871,-0.12237552489502096,0.00776,0.006465,0.8569818594474089,1.2918859947622392,1.2918859947622392,7.059868434008925,unique_starts
150,166,147,89,4,20,20,1,8.0,7.348314606741573,10,89,4,22.25,89,155,155,155,-0.27049180327868744,0.00776,0.003625,0.8569818594474089,0.34793528116491385,0.8569818594474089,8.223606797749978,unique_starts
151,166,167,1340,38,319,358,1,6.0,6.182089552238806,10,1340,38,35.26315789473684,1340,1676,1676,1676,-0.11140583554376654,0.00776,0.005095,0.8569818594474089,1.3357884073864643,1.3357884073864643,6.0559892510955855,unique_starts
152,166,186,2815,54,622,549,1,7.0,6.49449378330373,10,2815,54,52.129629629629626,2815,2279,2279,2279,0.10522182960345502,0.00776,0.00718,0.8569818594474089,1.2843709165327069,1.2843709165327069,7.040096346988231,unique_starts
153,166,187,1046,32,282,272,1,8.0,7.3804971319311665,10,1046,32,32.6875,1046,913,913,913,0.06789178152118425,0.00776,0.005175,0.8569818594474089,1.1419228689989793,1.1419228689989793,8.05954913341754,unique_starts
154,166,206,4,4,4,4,10,10.0,10.0,10,4,4,1.0,4,2,0,0,0.99999999999975,0.00776,0.007895,0.8569818594474089,1.067174264901552,1.067174264901552,10.5,unique_starts
155,167,146,106,8,24,40,1,8.0,7.632075471698113,10,106,8,13.25,106,451,451,451,-0.6193895870736075,0.005095,0.006465,1.3357884073864643,1.2918859947622392,1.3357884073864643,8.204124145231932,unique_starts
156,167,147,601,13,119,108,1,7.0,6.8019966722129785,10,601,13,46.23076923076923,601,633,633,633,-0.02593192868719609,0.005095,0.003625,1.3357884073864643,0.34793528116491385,1.3357884073864643,7.091669849702821,unique_starts
157,167,166,1676,36,377,388,1,6.0,6.023866348448688,10,1676,36,46.55555555555556,1676,1340,1340,1340,0.11140583554376654,0.005095,0.00776,1.3357884073864643,0.8569818594474089,1.3357884073864643,6.05150262026246,unique_starts
158,167,186,1279,39,385,354,1,8.0,7.64034401876466,10,1279,39,32.794871794871796,1279,927,927,927,0.15956482320942877,0.005095,0.00718,1.3357884073864643,1.2843709165327069,1.3357884073864643,8.050964719143762,unique_starts
159,167,187,1931,42,464,379,1,7.0,6.480580010357328,10,1931,42,45.976190476190474,1931,2003,2003,2003,-0.018301982714794097,0.005095,0.005175,1.3357884073864643,1.1419228689989793,1.3357884073864643,7.046423834544263,unique_starts
160,167,207,6,2,4,4,9,10.0,9.666666666666666,10,6,2,3.0,6,2,0,0,0.9999999999998334,0.005095,0.007825,1.3357884073864643,1.3972225133438927,1.3972225133438927,10.5,unique_starts
161,178,157,32,5,14,14,7,9.0,9.0625,10,32,5,6.4,32,437,437,437,-0.863539445628996,0.00622,0.004165,0.5668323279398094,0.24927209447458124,0.5668323279398094,9.267261241912424,unique_starts
162,178,158,669,14,128,115,1,7.0,6.85949177877429,10,669,14,47.785714285714285,669,2010,2010,2010,-0.5005599104143336,0.00622,0.003715,0.5668323279398094,0.5358779082873368,0.5668323279398094,7.088388347648318,unique_starts
163,178,198,3781,66,724,707,1,7.0,6.8175085956096275,10,3781,66,57.28787878787879,3781,1714,1714,1714,0.37616014558689714,0.00622,0.006905,0.5668323279398094,0.6242252993529385,0.6242252993529385,7.037164707312359,unique_starts
164,178,218,12,7,9,9,8,10.0,9.666666666666666,10,12,7,1.7142857142857142,12,3,3,3,0.59999999999996,0.00622,0.008605,0.5668323279398094,0.8816696613244259,0.8816696613244259,10.333333333333334,unique_starts
165,186,166,2279,46,451,491,1,7.0,6.585344449319877,10,2279,46,49.54347826086956,2279,2815,2815,2815,-0.10522182960345502,0.00718,0.00776,1.2843709165327069,0.8569818594474089,1.2843709165327069,7.047088160934801,unique_starts
166,186,167,927,28,263,286,1,8.0,7.608414239482201,10,927,28,33.107142857142854,927,1279,1279,1279,-0.15956482320942877,0.00718,0.005095,1.2843709165327069,1.3357884073864643,1.3357884073864643,8.06166264159782,unique_starts
167,186,187,1433,45,392,336,1,6.0,5.680390788555478,10,1433,45,31.844444444444445,1433,1285,1285,1285,0.05445180279617364,0.00718,0.005175,1.2843709165327069,1.1419228689989793,1.2843709165327069,6.050507627227611,unique_starts
168,186,206,1269,37,272,253,1,7.0,6.83451536643026,10,1269,37,34.2972972972973,1269,1044,1044,1044,0.09727626459143965,0.00718,0.007895,1.2843709165327069,1.067174264901552,1.2843709165327069,7.060633906259083,unique_starts
169,186,207,515,26,125,154,1,8.0,7.392233009708738,10,515,26,19.807692307692307,515,250,250,250,0.3464052287581695,0.00718,0.007825,1.2843709165327069,1.3972225133438927,1.3972225133438927,8.089442719099992,unique_starts
170,187,166,913,30,243,269,1,8.0,7.688937568455641,10,913,30,30.433333333333334,913,1046,1046,1046,-0.06789178152118425,0.005175,0.00776,1.1419228689989793,0.8569818594474089,1.1419228689989793,8.064150029909959,unique_starts
171,187,167,2003,36,412,439,1,7.0,6.313030454318522,10,2003,36,55.638888888888886,2003,1931,1931,1931,0.018301982714794097,0.005175,0.005095,1.1419228689989793,1.3357884073864643,1.3357884073864643,7.049266463908214,unique_starts
172,187,186,1285,47,340,336,1,6.0,5.662256809338522,10,1285,47,27.340425531914892,1285,1433,1433,1433,-0.05445180279617364,0.005175,0.00718,1.1419228689989793,1.2843709165327069,1.2843709165327069,6.054232614454664,unique_starts
173,187,206,389,24,110,110,1,7.0,7.053984575835476,10,389,24,16.208333333333332,389,163,163,163,0.40942028985507173,0.005175,0.007895,1.1419228689989793,1.067174264901552,1.1419228689989793,7.095346258924559,unique_starts
174,187,207,844,28,180,189,1,7.0,6.909952606635071,10,844,28,30.142857142857142,844,572,572,572,0.19209039548022586,0.005175,0.007825,1.1419228689989793,1.3972225133438927,1.3972225133438927,7.074535599249993,unique_starts
175,198,178,1714,22,324,330,1,7.0,6.775962660443407,10,1714,22,77.9090909090909,1714,3781,3781,3781,-0.37616014558689714,0.006905,0.00622,0.6242252993529385,0.5668323279398094,0.6242252993529385,7.055555555555555,unique_starts
176,198,217,62,7,27,21,2,9.0,7.935483870967742,10,62,7,8.857142857142858,62,170,170,170,-0.46551724137930833,0.006905,0.00419,0.6242252993529385,0.5697363003069251,0.6242252993529385,9.192450089729876,unique_starts
177,198,218,3262,68,622,615,1,7.0,6.939301042305334,10,3262,68,47.970588235294116,3262,983,983,983,0.5368669022379269,0.006905,0.008605,0.6242252993529385,0.8816696613244259,0.8816696613244259,7.040096346988231,unique_starts
178,201,203,36,12,22,22,7,10.0,9.472222222222221,10,36,12,3.0,36,12,12,12,0.49999999999998956,0.003815,0.00391,0.2337683854536567,0.420505443133842,0.420505443133842,10.21320071635561,unique_starts
179,201,221,1886,31,371,495,1,7.0,6.471898197242842,10,1886,31,60.83870967741935,1886,2389,2389,2389,-0.11766081871345027,0.003815,0.007795,0.2337683854536567,0.5931135772653867,0.5931135772653867,7.051917413165117,unique_starts
180,203,201,12,4,8,8,9,10.0,9.666666666666666,10,12,4,3.0,12,36,36,36,-0.49999999999998956,0.00391,0.003815,0.420505443133842,0.2337683854536567,0.420505443133842,10.353553390593273,unique_starts
181,203,204,1689,48,337,383,1,7.0,6.61101243339254,10,1689,48,35.1875,1689,1245,1245,1245,0.15132924335378317,0.00391,0.00524,0.420505443133842,0.7820937747631929,0.7820937747631929,7.054473471070285,unique_starts
182,203,221,20,5,11,11,8,10.0,9.4,10,20,5,4.0,20,8,8,8,0.4285714285714133,0.00391,0.007795,0.420505443133842,0.5931135772653867,0.5931135772653867,10.301511344577763,unique_starts
183,203,223,1634,35,339,400,1,6.0,5.931456548347613,10,1634,35,46.68571428571428,1634,643,643,643,0.43522178304786985,0.00391,0.00495,0.420505443133842,0.4482084322085275,0.4482084322085275,6.054312544659357,unique_starts
184,203,224,698,27,180,253,1,8.0,7.626074498567335,10,698,27,25.85185185185185,698,1085,1085,1085,-0.21704991587212552,0.00391,0.005755,0.420505443133842,0.6191565157353949,0.6191565157353949,8.074535599249993,unique_starts
185,204,203,1245,35,308,275,1,6.0,6.019277108433735,10,1245,35,35.57142857142857,1245,1689,1689,1689,-0.15132924335378317,0.00524,0.00391,0.7820937747631929,0.420505443133842,0.7820937747631929,6.056980288229819,unique_starts
186,204,206,18,10,14,14,9,10.0,9.777777777777779,10,18,10,1.8,18,23,23,23,-0.12195121951219214,0.00524,0.007895,0.7820937747631929,1.067174264901552,1.067174264901552,10.267261241912424,unique_starts
187,204,223,1215,32,316,349,1,8.0,7.333333333333333,10,1215,32,37.96875,1215,1372,1372,1372,-0.060688055662930014,0.00524,0.00495,0.7820937747631929,0.4482084322085275,0.7820937747631929,8.0562543950463,unique_starts
188,204,224,1532,32,316,400,1,6.0,6.280026109660574,10,1532,32,47.875,1532,1965,1965,1965,-0.12382041750071486,0.00524,0.005755,0.7820937747631929,0.6191565157353949,0.7820937747631929,6.0562543950463015,unique_starts
189,206,186,1044,23,202,196,1,7.0,6.885057471264368,10,1044,23,45.391304347826086,1044,1269,1269,1269,-0.09727626459143965,0.007895,0.00718,1.067174264901552,1.2843709165327069,1.2843709165327069,7.070359754473029,unique_starts
190,206,187,163,7,39,36,1,8.0,7.411042944785276,10,163,7,23.285714285714285,163,389,389,389,-0.40942028985507173,0.007895,0.005175,1.067174264901552,1.1419228689989793,1.1419228689989793,8.160128153805086,unique_starts
191,206,204,23,6,12,14,7,10.0,9.304347826086957,10,23,6,3.8333333333333335,23,18,18,18,0.12195121951219214,0.007895,0.00524,1.067174264901552,0.7820937747631929,1.067174264901552,10.288675134594813,unique_starts
192,206,207,2772,75,530,623,1,7.0,6.440836940836941,10,2772,75,36.96,2772,1424,1424,1424,0.321258341277407,0.007895,0.007825,1.067174264901552,1.3972225133438927,1.3972225133438927,7.043437224276307,unique_starts
193,206,208,40,11,23,23,8,10.0,9.45,10,40,11,3.6363636363636362,40,2,0,0,0.9999999999999749,0.007895,0.00363,1.067174264901552,0.901984607927955,1.067174264901552,10.208514414057074,unique_starts
194,206,224,18,7,12,12,8,10.0,9.61111111111111,10,18,7,2.5714285714285716,18,0,0,0,0.9999999999999445,0.007895,0.005755,1.067174264901552,0.6191565157353949,1.067174264901552,10.288675134594813,unique_starts
195,206,226,2044,38,488,433,1,6.0,6.093444227005871,10,2044,38,53.78947368421053,2044,1938,1938,1938,0.02661978905072827,0.007895,0.005885,1.067174264901552,0.4615167349457846,1.067174264901552,6.04526787302126,unique_starts
196,206,227,1036,32,288,317,1,8.0,7.732625482625482,10,1036,32,32.375,1036,1166,1166,1166,-0.05903723887375111,0.007895,0.005305,1.067174264901552,0.3779954333962453,1.067174264901552,8.058925565098878,unique_starts
197,207,186,250,10,55,58,1,8.0,7.392,10,250,10,25.0,250,515,515,515,-0.3464052287581695,0.007825,0.00718,1.3972225133438927,1.2843709165327069,1.3972225133438927,8.134839972492648,unique_starts
198,207,187,572,14,122,109,1,7.0,6.821678321678322,10,572,14,40.857142857142854,572,844,844,844,-0.19209039548022586,0.007825,0.005175,1.3972225133438927,1.1419228689989793,1.3972225133438927,7.0905357460425185,unique_starts
199,207,206,1424,48,310,370,1,6.0,5.865168539325842,10,1424,48,29.666666666666668,1424,2772,2772,2772,-0.321258341277407,0.007825,0.007895,1.3972225133438927,1.067174264901552,1.3972225133438927,6.056796183424707,unique_starts
200,207,208,2651,51,480,476,1,7.0,6.863824971708789,10,2651,51,51.98039215686274,2651,370,370,370,0.75504799735187,0.007825,0.00363,1.3972225133438927,0.901984607927955,1.3972225133438927,7.045643546458764,unique_starts
201,207,209,44,14,27,27,8,10.0,9.522727272727273,10,44,14,3.142857142857143,44,11,11,11,0.5999999999999891,0.007825,0.006,1.3972225133438927,1.2040851850136032,1.3972225133438927,10.192450089729876,unique_starts
202,207,226,1244,37,324,367,1,8.0,7.496784565916399,10,1244,37,33.62162162162162,1244,935,935,935,0.1418081688848095,0.007825,0.005885,1.3972225133438927,0.4615167349457846,1.3972225133438927,8.055555555555555,unique_starts
203,207,227,1391,33,345,336,1,6.0,5.940330697340043,10,1391,33,42.15151515151515,1391,1789,1789,1789,-0.1251572327044025,0.007825,0.005305,1.3972225133438927,0.3779954333962453,1.3972225133438927,6.053838190205816,unique_starts
204,208,187,24,3,10,10,6,9.0,8.958333333333334,10,24,3,8.0,24,0,0,0,0.9999999999999584,0.00363,0.005175,0.901984607927955,1.1419228689989793,1.1419228689989793,9.316227766016837,unique_starts
205,208,207,370,13,74,79,1,7.0,6.383783783783784,10,370,13,28.46153846153846,370,2651,2651,2651,-0.75504799735187,0.00363,0.007825,0.901984607927955,1.3972225133438927,1.3972225133438927,7.116247638743819,unique_starts
206,208,209,2158,46,402,385,1,7.0,6.892029657089898,10,2158,46,46.91304347826087,2158,345,345,345,0.7243308030363561,0.00363,0.006,0.901984607927955,1.2040851850136032,1.2040851850136032,7.049875466805382,unique_starts
207,208,210,44,15,28,28,8,10.0,9.568181818181818,10,44,15,2.933333333333333,44,12,12,12,0.5714285714285612,0.00363,0.005835,0.901984607927955,0.665031004775942,0.901984607927955,10.188982236504614,unique_starts
208,208,226,6,3,4,5,9,10.0,9.666666666666666,10,6,3,2.0,6,0,0,0,0.9999999999998334,0.00363,0.005885,0.901984607927955,0.4615167349457846,0.901984607927955,10.5,unique_starts
209,208,227,100,6,25,29,3,8.0,7.63,10,100,6,16.666666666666668,100,108,108,108,-0.038461538461538276,0.00363,0.005305,0.901984607927955,0.3779954333962453,0.901984607927955,8.2,unique_starts
210,208,229,213,14,68,54,2,8.0,7.92018779342723,10,213,14,15.214285714285714,213,66,66,66,0.5268817204301056,0.00363,0.007375,0.901984607927955,0.6570534259161989,0.901984607927955,8.121267812518166,unique_starts
211,209,207,11,4,7,6,7,9.0,9.090909090909092,10,11,4,2.75,11,44,44,44,-0.5999999999999891,0.006,0.007825,1.2040851850136032,1.3972225133438927,1.3972225133438927,9.377964473009227,unique_starts
212,209,208,345,8,66,62,1,7.0,6.672463768115942,10,345,8,43.125,345,2158,2158,2158,-0.7243308030363561,0.006,0.00363,1.2040851850136032,0.901984607927955,1.2040851850136032,7.123091490979332,unique_starts
213,209,210,2324,60,461,449,1,7.0,6.6088640275387265,10,2324,60,38.733333333333334,2324,1293,1293,1293,0.285042853193254,0.006,0.005835,1.2040851850136032,0.665031004775942,1.2040851850136032,7.046574643283262,unique_starts
214,209,227,11,4,7,7,8,10.0,9.545454545454545,10,11,4,2.75,11,0,0,0,0.9999999999999091,0.006,0.005305,1.2040851850136032,0.3779954333962453,1.2040851850136032,10.377964473009227,unique_starts
215,209,229,2724,46,563,618,1,6.0,6.086270190895742,10,2724,46,59.21739130434783,2724,1862,1862,1862,0.1879633667684256,0.006,0.007375,1.2040851850136032,0.6570534259161989,1.2040851850136032,6.042144975196109,unique_starts
216,209,230,1019,39,291,325,1,8.0,7.699705593719333,10,1019,39,26.128205128205128,1019,1507,1507,1507,-0.19319081551860642,0.006,0.006075,1.2040851850136032,0.6928147497270761,1.2040851850136032,8.058621038176055,unique_starts
217,210,208,12,4,7,8,8,10.0,9.5,10,12,4,3.0,12,44,44,44,-0.5714285714285612,0.005835,0.00363,0.665031004775942,0.901984607927955,0.901984607927955,10.377964473009227,unique_starts
218,210,209,1293,37,300,310,1,6.0,5.759474091260635,10,1293,37,34.945945945945944,1293,2324,2324,2324,-0.285042853193254,0.005835,0.006,0.665031004775942,1.2040851850136032,1.2040851850136032,6.057735026918962,unique_starts
219,210,212,28,9,17,17,8,10.0,9.5,10,28,9,3.111111111111111,28,13,13,13,0.3658536585365764,0.005835,0.00752,0.665031004775942,0.5858748306458231,0.665031004775942,10.242535625036332,unique_starts
220,210,229,1197,43,313,399,1,8.0,7.663324979114453,10,1197,43,27.837209302325583,1197,1418,1418,1418,-0.08451242829827912,0.005835,0.007375,0.665031004775942,0.6570534259161989,0.665031004775942,8.056523341894422,unique_starts
221,210,230,1174,34,278,283,1,6.0,5.770017035775128,10,1174,34,34.529411764705884,1174,1602,1602,1602,-0.15417867435158497,0.005835,0.006075,0.665031004775942,0.6928147497270761,0.6928147497270761,6.059976014390407,unique_starts
222,210,232,7,5,6,6,9,10.0,9.857142857142858,10,7,5,1.4,7,4,4,4,0.27272727272724795,0.005835,0.01199,0.665031004775942,1.0962254186468878,1.0962254186468878,10.408248290463863,unique_starts
223,212,210,13,3,7,7,8,10.0,9.384615384615385,10,13,3,4.333333333333333,13,28,28,28,-0.3658536585365764,0.00752,0.005835,0.5858748306458231,0.665031004775942,0.665031004775942,10.377964473009227,unique_starts
224,212,213,1444,41,330,299,1,7.0,6.411357340720222,10,1444,41,35.21951219512195,1444,1967,1967,1967,-0.1533274699501612,0.00752,0.004515,0.5858748306458231,0.40527943068192657,0.5858748306458231,7.055048188256318,unique_starts
225,212,230,11,4,7,7,8,10.0,9.545454545454545,10,11,4,2.75,11,0,0,0,0.9999999999999091,0.00752,0.006075,0.5858748306458231,0.6928147497270761,0.6928147497270761,10.377964473009227,unique_starts
226,212,232,4549,60,902,981,1,7.0,6.373488678830512,10,4549,60,75.81666666666666,4549,3225,3225,3225,0.17031129405711343,0.00752,0.01199,0.5858748306458231,1.0962254186468878,1.0962254186468878,7.033296357910602,unique_starts
227,212,233,1129,44,343,330,1,8.0,7.702391496899911,10,1129,44,25.65909090909091,1129,1801,1801,1801,-0.2293515358361774,0.00752,0.008765,0.5858748306458231,1.1619791581108354,1.1619791581108354,8.053994924715603,unique_starts
228,213,212,1967,44,412,459,1,6.0,6.015251652262329,10,1967,44,44.70454545454545,1967,1444,1444,1444,0.1533274699501612,0.004515,0.00752,0.40527943068192657,0.5858748306458231,0.5858748306458231,6.049266463908214,unique_starts
229,213,215,40,14,24,24,6,10.0,9.35,10,40,14,2.857142857142857,40,21,21,21,0.3114754098360605,0.004515,0.006525,0.40527943068192657,0.6704601283040799,0.6704601283040799,10.204124145231932,unique_starts
230,213,232,1253,45,328,394,1,8.0,7.551476456504389,10,1253,45,27.844444444444445,1253,1660,1660,1660,-0.13971850326124266,0.004515,0.01199,0.40527943068192657,1.0962254186468878,1.0962254186468878,8.055215763037424,unique_starts
231,213,233,781,39,194,248,1,6.0,5.797695262483995,10,781,39,20.025641025641026,781,1606,1606,1606,-0.3456221198156681,0.004515,0.008765,0.40527943068192657,1.1619791581108354,1.1619791581108354,6.0717958158617735,unique_starts
232,215,213,21,8,13,14,8,10.0,9.428571428571429,10,21,8,2.625,21,40,40,40,-0.3114754098360605,0.006525,0.004515,0.6704601283040799,0.40527943068192657,0.6704601283040799,10.277350098112615,unique_starts
233,215,216,1452,47,353,302,1,7.0,6.493112947658402,10,1452,47,30.893617021276597,1452,1287,1287,1287,0.060240963855421666,0.006525,0.00407,0.6704601283040799,0.41615096501680415,0.6704601283040799,7.053224629541235,unique_starts
234,215,217,11,5,8,8,9,10.0,9.727272727272727,10,11,5,2.2,11,20,20,20,-0.29032258064515193,0.006525,0.00419,0.6704601283040799,0.5697363003069251,0.6704601283040799,10.353553390593273,unique_starts
235,215,233,13,6,9,9,8,10.0,9.615384615384615,10,13,6,2.1666666666666665,13,10,10,10,0.13043478260869,0.006525,0.008765,0.6704601283040799,1.1619791581108354,1.1619791581108354,10.333333333333334,unique_starts
236,215,235,3819,47,754,828,1,7.0,6.36763550667714,10,3819,47,81.25531914893617,3819,3043,3043,3043,0.11308656368405712,0.006525,0.00972,0.6704601283040799,0.7237432083932548,0.7237432083932548,7.036417852036461,unique_starts
237,215,236,863,36,254,252,1,8.0,7.556199304750869,10,863,36,23.97222222222222,863,1053,1053,1053,-0.09916492693110643,0.006525,0.00571,0.6704601283040799,0.6119887066641122,0.6704601283040799,8.062745580513816,unique_starts
238,216,215,1287,38,270,277,1,6.0,6.05982905982906,10,1287,38,33.86842105263158,1287,1452,1452,1452,-0.060240963855421666,0.00407,0.006525,0.41615096501680415,0.6704601283040799,0.6704601283040799,6.0608580619450185,unique_starts
239,216,217,1104,22,215,199,1,7.0,6.942028985507246,10,1104,22,50.18181818181818,1104,1085,1085,1085,0.008679762448606666,0.00407,0.00419,0.41615096501680415,0.5697363003069251,0.5697363003069251,7.068199433947047,unique_starts
240,216,218,22,6,12,12,7,10.0,9.318181818181818,10,22,6,3.6666666666666665,22,36,36,36,-0.2413793103448234,0.00407,0.008605,0.41615096501680415,0.8816696613244259,0.8816696613244259,10.288675134594813,unique_starts
241,216,235,1104,45,261,365,1,8.0,7.596014492753623,10,1104,45,24.533333333333335,1104,1131,1131,1131,-0.012080536912751672,0.00407,0.00972,0.41615096501680415,0.7237432083932548,0.7237432083932548,8.061898446059017,unique_starts
242,216,236,747,35,194,229,1,5.0,5.282463186077644,10,747,35,21.34285714285714,747,795,795,795,-0.031128404669260683,0.00407,0.00571,0.41615096501680415,0.6119887066641122,0.6119887066641122,5.0717958158617735,unique_starts
243,217,198,170,11,53,49,1,9.0,8.023529411764706,10,170,11,15.454545454545455,170,62,62,62,0.46551724137930833,0.00419,0.006905,0.5697363003069251,0.6242252993529385,0.6242252993529385,9.13736056394869,unique_starts
244,217,215,20,8,15,13,8,10.0,9.6,10,20,8,2.5,20,11,11,11,0.29032258064515193,0.00419,0.006525,0.5697363003069251,0.6704601283040799,0.6704601283040799,10.258198889747161,unique_starts
245,217,216,1085,26,243,175,1,7.0,6.642396313364055,10,1085,26,41.73076923076923,1085,1104,1104,1104,-0.008679762448606666,0.00419,0.00407,0.5697363003069251,0.41615096501680415,0.5697363003069251,7.064150029909959,unique_starts
246,217,218,974,24,187,194,1,7.0,6.623203285420945,10,974,24,40.583333333333336,974,2100,2100,2100,-0.36629798308392963,0.00419,0.008605,0.5697363003069251,0.8816696613244259,0.8816696613244259,7.073127242412713,unique_starts
247,217,235,32,8,18,18,8,10.0,9.4375,10,32,8,4.0,32,1,0,0,0.9999999999999687,0.00419,0.00972,0.5697363003069251,0.7237432083932548,0.7237432083932548,10.235702260395517,unique_starts
248,217,236,691,37,178,188,1,8.0,7.661360347322721,10,691,37,18.675675675675677,691,115,115,115,0.7146401985111653,0.00419,0.00571,0.5697363003069251,0.6119887066641122,0.6119887066641122,8.074953168899587,unique_starts
249,217,238,40,5,12,26,2,8.5,7.775,10,40,5,8.0,40,114,114,114,-0.4805194805194774,0.00419,0.004995,0.5697363003069251,0.25799169126432625,0.5697363003069251,8.788675134594813,unique_starts
250,218,178,3,3,3,3,10,10.0,10.0,10,3,3,1.0,3,12,12,12,-0.59999999999996,0.008605,0.00622,0.8816696613244259,0.5668323279398094,0.8816696613244259,10.577350269189626,unique_starts
251,218,198,983,23,190,201,1,7.0,6.651068158697863,10,983,23,42.73913043478261,983,3262,3262,3262,-0.5368669022379269,0.008605,0.006905,0.8816696613244259,0.6242252993529385,0.8816696613244259,7.072547625011001,unique_starts
252,218,216,36,13,23,23,7,10.0,9.527777777777779,10,36,13,2.769230769230769,36,22,22,22,0.2413793103448234,0.008605,0.00407,0.8816696613244259,0.41615096501680415,0.8816696613244259,10.208514414057074,unique_starts
253,218,217,2100,54,487,338,1,7.0,6.600952380952381,10,2100,54,38.888888888888886,2100,974,974,974,0.36629798308392963,0.008605,0.00419,0.8816696613244259,0.5697363003069251,0.8816696613244259,7.045314325442944,unique_starts
254,218,236,44,20,30,30,7,10.0,9.568181818181818,10,44,20,2.2,44,6,0,0,0.9999999999999772,0.008605,0.00571,0.8816696613244259,0.6119887066641122,0.8816696613244259,10.182574185835055,unique_starts
255,218,238,3208,39,669,613,1,7.0,6.554862842892768,10,3208,39,82.25641025641026,3208,2034,2034,2034,0.22396032048836317,0.008605,0.004995,0.8816696613244259,0.25799169126432625,0.8816696613244259,7.038662233651353,unique_starts
256,221,201,2389,35,570,444,1,6.0,6.23901213897028,10,2389,35,68.25714285714285,2389,1886,1886,1886,0.11766081871345027,0.007795,0.003815,0.5931135772653867,0.2337683854536567,0.5931135772653867,6.04188539082917,unique_starts
257,221,203,8,6,7,7,9,10.0,9.875,10,8,6,1.3333333333333333,8,20,20,20,-0.4285714285714133,0.007795,0.00391,0.5931135772653867,0.420505443133842,0.5931135772653867,10.377964473009227,unique_starts
258,221,223,10,8,9,9,9,10.0,9.9,10,10,8,1.25,10,51,51,51,-0.6721311475409726,0.007795,0.00495,0.5931135772653867,0.4482084322085275,0.5931135772653867,10.333333333333334,unique_starts
259,221,240,173,10,56,43,2,8.0,7.728323699421965,10,173,10,17.3,173,334,334,334,-0.31755424063116305,0.007795,0.003985,0.5931135772653867,0.20127935742803282,0.5931135772653867,8.133630620956213,unique_starts
260,221,241,1351,29,267,249,1,7.0,6.919319022945966,10,1351,29,46.58620689655172,1351,934,934,934,0.18249452954048132,0.007795,0.00492,0.5931135772653867,1.1119894608452026,1.1119894608452026,7.061199006136211,unique_starts
261,223,203,643,27,222,172,1,5.0,5.351477449455676,10,643,27,23.814814814814813,643,1634,1634,1634,-0.43522178304786985,0.00495,0.00391,0.4482084322085275,0.420505443133842,0.4482084322085275,5.067115605521402,unique_starts
262,223,204,1372,32,371,347,1,8.0,7.452623906705539,10,1372,32,42.875,1372,1215,1215,1215,0.060688055662930014,0.00495,0.00524,0.4482084322085275,0.7820937747631929,0.7820937747631929,8.051917413165116,unique_starts
263,223,221,51,12,26,29,7,10.0,9.27450980392157,10,51,12,4.25,51,10,10,10,0.6721311475409726,0.00495,0.007795,0.4482084322085275,0.5931135772653867,0.5931135772653867,10.196116135138183,unique_starts
264,223,224,2604,36,557,565,1,7.0,6.357910906298003,10,2604,36,72.33333333333333,2604,2188,2188,2188,0.08681135225375625,0.00495,0.005755,0.4482084322085275,0.6191565157353949,0.6191565157353949,7.042371359860703,unique_starts
265,224,203,1085,29,328,239,1,8.0,7.292165898617512,10,1085,29,37.41379310344828,1085,698,698,698,0.21704991587212552,0.005755,0.00391,0.6191565157353949,0.420505443133842,0.6191565157353949,8.055215763037424,unique_starts
266,224,204,1965,34,512,421,1,6.0,6.026972010178117,10,1965,34,57.794117647058826,1965,1532,1532,1532,0.12382041750071486,0.005755,0.00524,0.6191565157353949,0.7820937747631929,0.7820937747631929,6.04419417382416,unique_starts
267,224,223,2188,43,512,449,1,7.0,6.609689213893967,10,2188,43,50.883720930232556,2188,2604,2604,2604,-0.08681135225375625,0.005755,0.00495,0.6191565157353949,0.4482084322085275,0.6191565157353949,7.04419417382416,unique_starts
268,224,226,15,4,8,8,7,10.0,9.266666666666667,10,15,4,3.75,15,36,36,36,-0.4117647058823449,0.005755,0.005885,0.6191565157353949,0.4615167349457846,0.6191565157353949,10.353553390593273,unique_starts
269,226,206,1938,41,464,404,1,7.0,6.315789473684211,10,1938,41,47.26829268292683,1938,2044,2044,2044,-0.02661978905072827,0.005885,0.007895,0.4615167349457846,1.067174264901552,1.067174264901552,7.046423834544263,unique_starts
270,226,207,935,32,305,253,1,8.0,7.67807486631016,10,935,32,29.21875,935,1244,1244,1244,-0.1418081688848095,0.005885,0.007825,0.4615167349457846,1.3972225133438927,1.3972225133438927,8.057259833431386,unique_starts
271,226,224,36,13,20,25,7,10.0,9.36111111111111,10,36,13,2.769230769230769,36,15,15,15,0.4117647058823449,0.005885,0.005755,0.4615167349457846,0.6191565157353949,0.6191565157353949,10.223606797749978,unique_starts
272,226,227,2314,33,483,514,1,6.0,6.290838375108038,10,2314,33,70.12121212121212,2314,2383,2383,2383,-0.0146902278049819,0.005885,0.005305,0.4615167349457846,0.3779954333962453,0.4615167349457846,6.045501575519329,unique_starts
273,227,206,1166,37,345,292,1,8.0,7.517152658662092,10,1166,37,31.513513513513512,1166,1036,1036,1036,0.05903723887375111,0.005305,0.007895,0.3779954333962453,1.067174264901552,1.067174264901552,8.053838190205816,unique_starts
274,227,207,1789,46,455,380,1,6.0,5.877026271660145,10,1789,46,38.891304347826086,1789,1391,1391,1391,0.1251572327044025,0.005305,0.007825,0.3779954333962453,1.3972225133438927,1.3972225133438927,6.0468807230938495,unique_starts
275,227,208,108,5,27,30,2,8.0,7.722222222222222,10,108,5,21.6,108,100,100,100,0.038461538461538276,0.005305,0.00363,0.3779954333962453,0.901984607927955,0.901984607927955,8.192450089729876,unique_starts
276,227,226,2383,41,516,552,1,7.0,6.472933277381452,10,2383,41,58.1219512195122,2383,2314,2314,2314,0.0146902278049819,0.005305,0.005885,0.3779954333962453,0.4615167349457846,0.4615167349457846,7.044022545316281,unique_starts
277,229,207,9,4,6,6,8,10.0,9.555555555555555,10,9,4,2.25,9,1,0,0,0.9999999999998889,0.007375,0.007825,0.6570534259161989,1.3972225133438927,1.3972225133438927,10.408248290463863,unique_starts
278,229,208,66,6,21,23,1,8.0,7.2727272727272725,10,66,6,11.0,66,213,213,213,-0.5268817204301056,0.007375,0.00363,0.6570534259161989,0.901984607927955,0.901984607927955,8.218217890235993,unique_starts
279,229,209,1862,44,465,434,1,6.0,6.254027926960258,10,1862,44,42.31818181818182,1862,2724,2724,2724,-0.1879633667684256,0.007375,0.006,0.6570534259161989,1.2040851850136032,1.2040851850136032,6.046373889576016,unique_starts
280,229,210,1418,40,448,353,1,8.0,7.4908321579689705,10,1418,40,35.45,1418,1197,1197,1197,0.08451242829827912,0.007375,0.005835,0.6570534259161989,0.665031004775942,0.665031004775942,8.047245559126154,unique_starts
281,229,227,48,15,28,27,7,10.0,9.333333333333334,10,48,15,3.2,48,1,0,0,0.9999999999999791,0.007375,0.005305,0.6570534259161989,0.3779954333962453,0.6570534259161989,10.188982236504614,unique_starts
282,229,230,3135,39,730,608,1,7.0,6.371291866028709,10,3135,39,80.38461538461539,3135,3372,3372,3372,-0.03642231443061318,0.007375,0.006075,0.6570534259161989,0.6928147497270761,0.6928147497270761,7.03701166050988,unique_starts
283,230,208,3,2,3,2,9,10.0,9.666666666666666,10,3,2,1.5,3,3,0,0,0.9999999999996666,0.006075,0.00363,0.6928147497270761,0.901984607927955,0.901984607927955,10.577350269189626,unique_starts
284,230,209,1507,39,425,390,1,8.0,7.292634372926344,10,1507,39,38.64102564102564,1507,1019,1019,1019,0.19319081551860642,0.006075,0.006,0.6928147497270761,1.2040851850136032,1.2040851850136032,8.048507125007266,unique_starts
285,230,210,1602,41,410,366,1,6.0,5.696629213483146,10,1602,41,39.073170731707314,1602,1174,1174,1174,0.15417867435158497,0.006075,0.005835,0.6928147497270761,0.665031004775942,0.6928147497270761,6.04938647983248,unique_starts
286,230,229,3372,51,705,713,1,7.0,6.5981613285883745,10,3372,51,66.11764705882354,3372,3135,3135,3135,0.03642231443061318,0.006075,0.007375,0.6928147497270761,0.6570534259161989,0.6928147497270761,7.037662178857736,unique_starts
287,230,232,21,5,10,12,7,9.0,9.238095238095237,10,21,5,4.2,21,104,104,104,-0.6639999999999947,0.006075,0.01199,0.6928147497270761,1.0962254186468878,1.0962254186468878,9.316227766016837,unique_starts
288,232,210,4,2,3,3,9,10.0,9.75,10,4,2,2.0,4,7,7,7,-0.27272727272724795,0.01199,0.005835,1.0962254186468878,0.665031004775942,1.0962254186468878,10.577350269189626,unique_starts
289,232,212,3225,49,743,691,1,7.0,6.448062015503876,10,3225,49,65.81632653061224,3225,4549,4549,4549,-0.17031129405711343,0.01199,0.00752,1.0962254186468878,0.5858748306458231,1.0962254186468878,7.0366864419123525,unique_starts
290,232,213,1660,42,514,386,1,8.0,7.517469879518072,10,1660,42,39.523809523809526,1660,1253,1253,1253,0.13971850326124266,0.01199,0.004515,1.0962254186468878,0.40527943068192657,1.0962254186468878,8.044108109139122,unique_starts
291,232,230,104,23,54,55,7,10.0,9.307692307692308,10,104,23,4.521739130434782,104,21,21,21,0.6639999999999947,0.01199,0.006075,1.0962254186468878,0.6928147497270761,1.0962254186468878,10.136082763487954,unique_starts
292,232,233,3684,62,906,707,1,6.0,6.2117263843648205,10,3684,62,59.41935483870968,3684,3420,3420,3420,0.03716216216216216,0.01199,0.008765,1.0962254186468878,1.1619791581108354,1.1619791581108354,6.033222774709254,unique_starts
293,232,252,1360,30,255,268,1,7.0,6.830882352941177,10,1360,30,45.333333333333336,1360,1319,1319,1319,0.015304217991787975,0.01199,0.007445,1.0962254186468878,1.1940024538182468,1.1940024538182468,7.062622429108515,unique_starts
294,232,253,119,5,27,34,2,8.0,7.546218487394958,10,119,5,23.8,119,272,272,272,-0.3913043478260859,0.01199,0.0039,1.0962254186468878,0.25249512176229233,1.0962254186468878,8.192450089729876,unique_starts
295,233,212,1801,50,483,488,1,8.0,7.378678511937812,10,1801,50,36.02,1801,1129,1129,1129,0.2293515358361774,0.008765,0.00752,1.1619791581108354,0.5858748306458231,1.1619791581108354,8.04550157551933,unique_starts
296,233,213,1606,51,399,395,1,6.0,5.595890410958904,10,1606,51,31.49019607843137,1606,781,781,781,0.3456221198156681,0.008765,0.004515,1.1619791581108354,0.40527943068192657,1.1619791581108354,6.050062617432176,unique_starts
297,233,215,10,6,8,8,9,10.0,9.8,10,10,6,1.6666666666666667,10,13,13,13,-0.13043478260869,0.008765,0.006525,1.1619791581108354,0.6704601283040799,1.1619791581108354,10.353553390593273,unique_starts
298,233,232,3420,69,720,750,1,7.0,6.428947368421053,10,3420,69,49.56521739130435,3420,3684,3684,3684,-0.03716216216216216,0.008765,0.01199,1.1619791581108354,1.0962254186468878,1.1619791581108354,7.037267799624996,unique_starts
299,233,235,21,7,13,13,8,10.0,9.523809523809524,10,21,7,3.0,21,116,116,116,-0.6934306569343015,0.008765,0.00972,1.1619791581108354,0.7237432083932548,1.1619791581108354,10.277350098112615,unique_starts
300,233,252,291,15,81,80,2,8.0,7.893470790378007,10,291,15,19.4,291,243,243,243,0.08988764044943803,0.008765,0.007445,1.1619791581108354,1.1940024538182468,1.1940024538182468,8.11111111111111,unique_starts
301,233,253,1083,24,219,191,1,7.0,6.753462603878116,10,1083,24,45.125,1083,878,878,878,0.10453850076491582,0.008765,0.0039,1.1619791581108354,0.25249512176229233,1.1619791581108354,7.067573737839949,unique_starts
302,233,273,3,2,3,2,9,10.0,9.666666666666666,10,3,2,1.5,3,4,4,4,-0.14285714285712245,0.008765,0.006425,1.1619791581108354,0.8389728572309009,1.1619791581108354,10.577350269189626,unique_starts
303,235,213,4,3,4,3,8,10.0,9.5,10,4,3,1.3333333333333333,4,0,0,0,0.99999999999975,0.00972,0.004515,0.7237432083932548,0.40527943068192657,0.7237432083932548,10.5,unique_starts
304,235,215,3043,48,744,619,1,7.0,6.40092014459415,10,3043,48,63.395833333333336,3043,3819,3819,3819,-0.11308656368405712,0.00972,0.006525,0.7237432083932548,0.6704601283040799,0.7237432083932548,7.036661778755338,unique_starts
305,235,216,1131,39,337,254,1,8.0,7.345711759504863,10,1131,39,29.0,1131,1104,1104,1104,0.012080536912751672,0.00972,0.00407,0.7237432083932548,0.41615096501680415,0.7237432083932548,8.054473471070285,unique_starts
306,235,233,116,33,67,69,7,10.0,9.448275862068966,10,116,33,3.515151515151515,116,21,21,21,0.6934306569343015,0.00972,0.008765,0.7237432083932548,1.1619791581108354,1.1619791581108354,10.122169444356306,unique_starts
307,235,236,2500,40,583,461,1,7.0,6.3572,10,2500,40,62.5,2500,4148,4148,4148,-0.24789410348977134,0.00972,0.00571,0.7237432083932548,0.6119887066641122,0.7237432083932548,7.041415768328129,unique_starts
308,236,215,1053,38,300,291,1,8.0,7.329534662867996,10,1053,38,27.710526315789473,1053,863,863,863,0.09916492693110643,0.00571,0.006525,0.6119887066641122,0.6704601283040799,0.6704601283040799,8.057735026918962,unique_starts
309,236,216,795,29,211,183,1,5.0,5.461635220125786,10,795,29,27.413793103448278,795,747,747,747,0.031128404669260683,0.00571,0.00407,0.6119887066641122,0.41615096501680415,0.6119887066641122,5.068842839082151,unique_starts
310,236,217,115,6,29,31,1,8.0,7.356521739130435,10,115,6,19.166666666666668,115,691,691,691,-0.7146401985111653,0.00571,0.00419,0.6119887066641122,0.5697363003069251,0.6119887066641122,8.185695338177052,unique_starts
311,236,235,4148,77,791,844,1,7.0,6.573770491803279,10,4148,77,53.87012987012987,4148,2500,2500,2500,0.24789410348977134,0.00571,0.00972,0.6119887066641122,0.7237432083932548,0.7237432083932548,7.035555906726739,unique_starts
312,236,238,14,3,7,7,7,9.5,9.214285714285714,10,14,3,4.666666666666667,14,44,44,44,-0.5172413793103359,0.00571,0.004995,0.6119887066641122,0.25799169126432625,0.6119887066641122,9.877964473009227,unique_starts
313,238,217,114,3,24,21,2,7.5,7.2105263157894735,10,114,3,38.0,114,40,40,40,0.4805194805194774,0.004995,0.00419,0.25799169126432625,0.5697363003069251,0.5697363003069251,7.704124145231932,unique_starts
314,238,218,2034,29,446,375,1,7.0,6.571779744346116,10,2034,29,70.13793103448276,2034,3208,3208,3208,-0.22396032048836317,0.004995,0.008605,0.25799169126432625,0.8816696613244259,0.8816696613244259,7.047351372381038,unique_starts
315,238,236,44,13,25,28,8,10.0,9.477272727272727,10,44,13,3.3846153846153846,44,14,14,14,0.5172413793103359,0.004995,0.00571,0.25799169126432625,0.6119887066641122,0.6119887066641122,10.2,unique_starts
316,240,221,334,19,89,92,2,8.0,7.922155688622754,10,334,19,17.57894736842105,334,173,173,173,0.31755424063116305,0.003985,0.007795,0.20127935742803282,0.5931135772653867,0.5931135772653867,8.105999788000636,unique_starts
317,240,241,396,26,122,123,1,6.0,5.563131313131313,10,396,26,15.23076923076923,396,861,861,861,-0.3699284009546537,0.003985,0.00492,0.20127935742803282,1.1119894608452026,1.1119894608452026,6.0905357460425185,unique_starts
318,240,260,1234,30,229,315,1,6.0,6.2009724473257695,10,1234,30,41.13333333333333,1234,1468,1468,1468,-0.0866025166543301,0.003985,0.004935,0.20127935742803282,0.3803723468349041,0.3803723468349041,6.066081860045509,unique_starts
319,240,261,417,23,97,157,1,8.0,7.323741007194244,10,417,23,18.130434782608695,417,1078,1078,1078,-0.4421404682274245,0.003985,0.008305,0.20127935742803282,0.524234110076884,0.524234110076884,8.101534616513362,unique_starts
320,241,221,934,24,187,189,1,7.0,6.823340471092077,10,934,24,38.916666666666664,934,1351,1351,1351,-0.18249452954048132,0.00492,0.007795,1.1119894608452026,0.5931135772653867,1.1119894608452026,7.073127242412713,unique_starts
321,241,240,861,34,203,259,1,5.0,5.283391405342625,10,861,34,25.323529411764707,861,396,396,396,0.3699284009546537,0.00492,0.003985,1.1119894608452026,0.20127935742803282,1.1119894608452026,5.07018624063436,unique_starts
322,241,260,703,30,187,220,1,8.0,7.446657183499289,10,703,30,23.433333333333334,703,718,718,718,-0.010555946516537643,0.00492,0.004935,1.1119894608452026,0.3803723468349041,1.1119894608452026,8.073127242412713,unique_starts
323,241,261,2498,43,461,518,1,7.0,6.6833466773418735,10,2498,43,58.093023255813954,2498,2801,2801,2801,-0.057180600113228904,0.00492,0.008305,1.1119894608452026,0.524234110076884,1.1119894608452026,7.046574643283262,unique_starts
324,241,281,6,4,5,5,9,10.0,9.833333333333334,10,6,4,1.5,6,5,5,5,0.09090909090908264,0.00492,0.00515,1.1119894608452026,0.9348398527024541,1.1119894608452026,10.447213595499958,unique_starts
325,252,232,1319,32,281,240,1,7.0,6.78316906747536,10,1319,32,41.21875,1319,1360,1360,1360,-0.015304217991787975,0.007445,0.01199,1.1940024538182468,1.0962254186468878,1.1940024538182468,7.059654998627189,unique_starts
326,252,233,243,14,69,67,2,8.0,8.008230452674898,10,243,14,17.357142857142858,243,291,291,291,-0.08988764044943803,0.007445,0.008765,1.1940024538182468,1.1619791581108354,1.1940024538182468,8.12038585308577,unique_starts
327,252,253,387,17,85,109,1,6.0,5.695090439276486,10,387,17,22.764705882352942,387,1028,1028,1028,-0.4530035335689043,0.007445,0.0039,1.1940024538182468,0.25249512176229233,1.1940024538182468,6.108465228909328,unique_starts
328,252,272,4224,64,748,923,1,7.0,6.599431818181818,10,4224,64,66.0,4224,3139,3139,3139,0.14735841369007197,0.007445,0.011495,1.1940024538182468,0.680761705411858,1.1940024538182468,7.036563621206357,unique_starts
329,252,273,454,29,144,160,1,8.0,7.621145374449339,10,454,29,15.655172413793103,454,629,629,629,-0.16158818097876257,0.007445,0.006425,1.1940024538182468,0.8389728572309009,1.1940024538182468,8.083333333333334,unique_starts
330,252,292,4,4,4,4,10,10.0,10.0,10,4,4,1.0,4,5,5,5,-0.11111111111109877,0.007445,0.00642,1.1940024538182468,1.1119155647980608,1.1940024538182468,10.5,unique_starts
331,253,232,272,13,66,70,1,8.0,7.422794117647059,10,272,13,20.923076923076923,272,119,119,119,0.3913043478260859,0.0039,0.01199,0.25249512176229233,1.0962254186468878,1.0962254186468878,8.123091490979332,unique_starts
332,253,233,878,20,168,163,1,7.0,6.76879271070615,10,878,20,43.9,878,1083,1083,1083,-0.10453850076491582,0.0039,0.008765,0.25249512176229233,1.1619791581108354,1.1619791581108354,7.077151674981046,unique_starts
333,253,252,1028,37,262,229,1,6.0,5.85408560311284,10,1028,37,27.783783783783782,1028,387,387,387,0.4530035335689043,0.0039,0.007445,0.25249512176229233,1.1940024538182468,1.1940024538182468,6.061780206321521,unique_starts
334,253,272,869,35,228,262,1,8.0,7.602991944764097,10,869,35,24.82857142857143,869,537,537,537,0.23613086770981492,0.0039,0.011495,0.25249512176229233,0.680761705411858,0.680761705411858,8.066226617853252,unique_starts
335,253,273,1154,32,257,230,1,7.0,6.55892547660312,10,1154,32,36.0625,1154,1745,1745,1745,-0.20386340117281815,0.0039,0.006425,0.25249512176229233,0.8389728572309009,0.8389728572309009,7.06237828615518,unique_starts
336,260,240,1468,41,329,309,1,7.0,6.7193460490463215,10,1468,41,35.80487804878049,1468,1234,1234,1234,0.0866025166543301,0.004935,0.003985,0.3803723468349041,0.20127935742803282,0.3803723468349041,7.055131784641997,unique_starts
337,260,241,718,24,186,192,1,8.0,7.36908077994429,10,718,24,29.916666666666668,718,703,703,703,0.010555946516537643,0.004935,0.00492,0.3803723468349041,1.1119894608452026,1.1119894608452026,8.073323557510676,unique_starts
338,260,261,2151,33,455,485,1,7.0,6.423059042305904,10,2151,33,65.18181818181819,2151,1892,1892,1892,0.06406134058867176,0.004935,0.008305,0.3803723468349041,0.524234110076884,0.524234110076884,7.0468807230938495,unique_starts
339,260,281,101,7,29,29,1,8.0,7.316831683168317,10,101,7,14.428571428571429,101,304,304,304,-0.5012345679012333,0.004935,0.00515,0.3803723468349041,0.9348398527024541,0.9348398527024541,8.185695338177052,unique_starts
340,261,240,1078,31,319,233,1,8.0,7.285714285714286,10,1078,31,34.774193548387096,1078,417,417,417,0.4421404682274245,0.008305,0.003985,0.524234110076884,0.20127935742803282,0.524234110076884,8.055989251095586,unique_starts
341,261,241,2801,44,699,508,1,7.0,6.475187433059622,10,2801,44,63.65909090909091,2801,2498,2498,2498,0.057180600113228904,0.008305,0.00492,0.524234110076884,1.1119894608452026,1.1119894608452026,7.037823473723612,unique_starts
342,261,260,1892,38,528,370,1,7.0,6.515327695560254,10,1892,38,49.78947368421053,1892,2151,2151,2151,-0.06406134058867176,0.008305,0.004935,0.524234110076884,0.3803723468349041,0.524234110076884,7.043519413988925,unique_starts
343,261,281,801,18,153,155,1,7.0,6.948813982521847,10,801,18,44.5,801,1754,1754,1754,-0.3729941291585126,0.008305,0.00515,0.524234110076884,0.9348398527024541,0.9348398527024541,7.080845208345444,unique_starts
344,261,301,3,3,3,3,10,10.0,10.0,10,3,3,1.0,3,2,0,0,0.9999999999996666,0.008305,0.01014,0.524234110076884,0.752293892421816,0.752293892421816,10.577350269189626,unique_starts
345,272,252,3139,55,673,570,1,7.0,6.673781459063396,10,3139,55,57.07272727272727,3139,4224,4224,4224,-0.14735841369007197,0.011495,0.007445,0.680761705411858,1.1940024538182468,1.1940024538182468,7.038547167224585,unique_starts
346,272,253,537,27,205,149,1,8.0,7.715083798882682,10,537,27,19.88888888888889,537,869,869,869,-0.23613086770981492,0.011495,0.0039,0.680761705411858,0.25249512176229233,0.680761705411858,8.069843029576958,unique_starts
347,272,273,3435,41,743,633,1,7.0,6.5152838427947595,10,3435,41,83.78048780487805,3435,2980,2980,2980,0.07092751363990646,0.011495,0.006425,0.680761705411858,0.8389728572309009,0.8389728572309009,7.0366864419123525,unique_starts
348,272,292,1703,41,370,307,1,7.0,6.842043452730476,10,1703,41,41.53658536585366,1703,1562,1562,1562,0.04318529862174578,0.011495,0.00642,0.680761705411858,1.1119155647980608,1.1119155647980608,7.051987524491004,unique_starts
349,272,293,425,22,118,114,1,8.0,7.4282352941176475,10,425,22,19.318181818181817,425,109,109,109,0.5917602996254671,0.011495,0.004665,0.680761705411858,0.6637254553314909,0.680761705411858,8.092057461789832,unique_starts
350,273,233,4,2,3,3,9,10.0,9.75,10,4,2,2.0,4,3,3,3,0.14285714285712245,0.006425,0.008765,0.8389728572309009,1.1619791581108354,1.1619791581108354,10.577350269189626,unique_starts
351,273,252,629,26,202,167,1,8.0,7.440381558028617,10,629,26,24.192307692307693,629,454,454,454,0.16158818097876257,0.006425,0.007445,0.8389728572309009,1.1940024538182468,1.1940024538182468,8.07035975447303,unique_starts
352,273,253,1745,36,368,328,1,7.0,6.437249283667621,10,1745,36,48.47222222222222,1745,1154,1154,1154,0.20386340117281815,0.006425,0.0039,0.8389728572309009,0.25249512176229233,0.8389728572309009,7.0521286035142685,unique_starts
353,273,272,2980,41,593,632,1,7.0,6.618791946308725,10,2980,41,72.6829268292683,2980,3435,3435,3435,-0.07092751363990646,0.006425,0.011495,0.8389728572309009,0.680761705411858,0.8389728572309009,7.041065078117659,unique_starts
354,273,292,132,12,43,40,1,8.0,7.606060606060606,10,132,12,11.0,132,110,110,110,0.09090909090909054,0.006425,0.00642,0.8389728572309009,1.1119155647980608,1.1119155647980608,8.152498570332604,unique_starts
355,273,293,567,16,118,121,1,7.0,6.844797178130511,10,567,16,35.4375,567,1168,1168,1168,-0.3463976945244955,0.006425,0.004665,0.8389728572309009,0.6637254553314909,0.8389728572309009,7.092057461789833,unique_starts
356,281,241,5,5,5,5,10,10.0,10.0,10,5,5,1.0,5,6,6,6,-0.09090909090908264,0.00515,0.00492,0.9348398527024541,1.1119894608452026,1.1119894608452026,10.447213595499958,unique_starts
357,281,260,304,15,79,78,2,8.0,7.832236842105263,10,304,15,20.266666666666666,304,101,101,101,0.5012345679012333,0.00515,0.004935,0.9348398527024541,0.3803723468349041,0.9348398527024541,8.112508790092603,unique_starts
358,281,261,1754,37,324,334,1,7.0,6.812428734321551,10,1754,37,47.4054054054054,1754,801,801,801,0.3729941291585126,0.00515,0.008305,0.9348398527024541,0.524234110076884,0.9348398527024541,7.055555555555555,unique_starts
359,281,300,485,21,110,146,1,7.0,7.088659793814433,10,485,21,23.095238095238095,485,493,493,493,-0.008179959100204491,0.00515,0.00528,0.9348398527024541,0.4116628089621737,0.9348398527024541,7.095346258924559,unique_starts
360,281,301,1237,29,248,275,1,7.0,6.637025060630558,10,1237,29,42.6551724137931,1237,2247,2247,2247,-0.28989667049368534,0.00515,0.01014,0.9348398527024541,0.752293892421816,0.9348398527024541,7.063500063500095,unique_starts
361,281,302,47,5,17,20,1,7.0,6.723404255319149,10,47,5,9.4,47,360,360,360,-0.7690417690417671,0.00515,0.00392,0.9348398527024541,0.3154795153213111,0.9348398527024541,7.242535625036333,unique_starts
362,281,303,4,2,3,3,9,10.0,9.75,10,4,2,2.0,4,6,0,0,0.99999999999975,0.00515,0.00512,0.9348398527024541,0.5022402655473627,0.9348398527024541,10.577350269189626,unique_starts
363,292,252,5,5,5,5,10,10.0,10.0,10,5,5,1.0,5,4,4,4,0.11111111111109877,0.00642,0.007445,1.1119155647980608,1.1940024538182468,1.1940024538182468,10.447213595499958,unique_starts
364,292,272,1562,33,290,300,1,7.0,6.902688860435339,10,1562,33,47.333333333333336,1562,1703,1703,1703,-0.04318529862174578,0.00642,0.011495,1.1119155647980608,0.680761705411858,1.1119155647980608,7.05872202195147,unique_starts
365,292,273,110,6,25,32,1,8.0,7.281818181818182,10,110,6,18.333333333333332,110,132,132,132,-0.09090909090909054,0.00642,0.006425,1.1119155647980608,0.8389728572309009,1.1119155647980608,8.2,unique_starts
366,292,293,678,33,163,179,1,6.0,5.678466076696165,10,678,33,20.545454545454547,678,749,749,749,-0.04975473020322351,0.00642,0.004665,1.1119155647980608,0.6637254553314909,1.1119155647980608,6.0783260449987955,unique_starts
367,292,312,3429,67,611,849,1,7.0,6.489063867016623,10,3429,67,51.17910447761194,3429,2905,2905,2905,0.08272813388064414,0.00642,0.017355,1.1119155647980608,1.0306249533555365,1.1119155647980608,7.040455669703137,unique_starts
368,292,313,759,40,208,237,1,8.0,7.559947299077733,10,759,40,18.975,759,1064,1064,1064,-0.16730663741086113,0.00642,0.011675,1.1119155647980608,1.0310349539355537,1.1119155647980608,8.069337524528153,unique_starts
369,293,272,109,6,34,25,2,8.0,7.522935779816514,10,109,6,18.166666666666668,109,425,425,425,-0.5917602996254671,0.004665,0.011495,0.6637254553314909,0.680761705411858,0.680761705411858,8.171498585142508,unique_starts
370,293,273,1168,24,221,217,1,7.0,6.988869863013699,10,1168,24,48.666666666666664,1168,567,567,567,0.3463976945244955,0.004665,0.006425,0.6637254553314909,0.8389728572309009,0.8389728572309009,7.067267279399632,unique_starts
371,293,292,749,34,189,171,1,5.0,5.5233644859813085,10,749,34,22.029411764705884,749,678,678,678,0.04975473020322351,0.004665,0.00642,0.6637254553314909,1.1119155647980608,1.1119155647980608,5.072739296745331,unique_starts
372,293,312,804,35,191,234,1,8.0,7.514925373134329,10,804,35,22.97142857142857,804,611,611,611,0.1363957597173144,0.004665,0.017355,0.6637254553314909,1.0306249533555365,1.0306249533555365,8.072357460529242,unique_starts
373,293,313,818,37,191,226,1,6.0,5.95721271393643,10,818,37,22.10810810810811,818,1835,1835,1835,-0.383339615529589,0.004665,0.011675,0.6637254553314909,1.0310349539355537,1.0310349539355537,6.0723574605292425,unique_starts
374,293,314,212,8,54,47,2,8.0,7.533018867924528,10,212,8,26.5,212,149,149,149,0.1745152354570632,0.004665,0.003895,0.6637254553314909,0.3735448779339313,0.6637254553314909,8.136082763487954,unique_starts
375,293,315,4,2,4,2,8,9.5,9.25,10,4,2,2.0,4,9,9,9,-0.38461538461535505,0.004665,0.007305,0.6637254553314909,0.6423751221008027,0.6637254553314909,10.0,unique_starts
376,300,281,493,24,145,122,1,8.0,7.565922920892495,10,493,24,20.541666666666668,493,485,485,485,0.008179959100204491,0.00528,0.00515,0.4116628089621737,0.9348398527024541,0.9348398527024541,8.08304547985374,unique_starts
377,300,301,3610,52,608,825,1,7.0,6.578393351800554,10,3610,52,69.42307692307692,3610,2318,2318,2318,0.21794871794871792,0.00528,0.01014,0.4116628089621737,0.752293892421816,0.752293892421816,7.040555355282691,unique_starts
378,300,302,15,9,12,12,9,10.0,9.8,10,15,9,1.6666666666666667,15,1,0,0,0.9999999999999333,0.00528,0.00392,0.4116628089621737,0.3154795153213111,0.4116628089621737,10.288675134594813,unique_starts
379,300,321,68,5,20,20,2,8.0,7.367647058823529,10,68,5,13.6,68,197,197,197,-0.4867924528301868,0.00528,0.00368,0.4116628089621737,0.54501111574303,0.54501111574303,8.223606797749978,unique_starts
380,301,281,2247,56,527,412,1,7.0,6.496217178460169,10,2247,56,40.125,2247,1237,1237,1237,0.28989667049368534,0.01014,0.00515,0.752293892421816,0.9348398527024541,0.9348398527024541,7.043560684186903,unique_starts
381,301,300,2318,28,558,422,1,7.0,6.611734253666954,10,2318,28,82.78571428571429,2318,3610,3610,3610,-0.21794871794871792,0.01014,0.00528,0.752293892421816,0.4116628089621737,0.752293892421816,7.04233337566673,unique_starts
382,301,302,1657,38,332,297,1,7.0,6.754978877489439,10,1657,38,43.60526315789474,1657,1640,1640,1640,0.005156202608431907,0.01014,0.00392,0.752293892421816,0.3154795153213111,0.752293892421816,7.054882129994845,unique_starts
383,301,303,16,12,14,14,9,10.0,9.875,10,16,12,1.3333333333333333,16,61,61,61,-0.5844155844155768,0.01014,0.00512,0.752293892421816,0.5022402655473627,0.752293892421816,10.267261241912424,unique_starts
384,301,321,1142,25,205,218,1,7.0,6.7381786339754814,10,1142,25,45.68,1142,922,922,922,0.10658914728682166,0.01014,0.00368,0.752293892421816,0.54501111574303,0.752293892421816,7.069843029576957,unique_starts
385,301,341,5,3,4,4,9,10.0,9.8,10,5,3,1.6666666666666667,5,3,3,3,0.24999999999996875,0.01014,0.00867,0.752293892421816,0.4920301440106474,0.752293892421816,10.5,unique_starts
386,302,281,360,20,101,97,1,8.0,7.841666666666667,10,360,20,18.0,360,47,47,47,0.7690417690417671,0.00392,0.00515,0.3154795153213111,0.9348398527024541,0.9348398527024541,8.099503719021,unique_starts
387,302,301,1640,39,324,280,1,7.0,6.623170731707317,10,1640,39,42.05128205128205,1640,1657,1657,1657,-0.005156202608431907,0.00392,0.01014,0.3154795153213111,0.752293892421816,0.752293892421816,7.055555555555555,unique_starts
388,302,303,1203,29,238,205,1,7.0,6.641729010806317,10,1203,29,41.48275862068966,1203,1907,1907,1907,-0.22636655948553047,0.00392,0.00512,0.3154795153213111,0.5022402655473627,0.5022402655473627,7.064820372355216,unique_starts
389,302,304,28,13,20,20,8,10.0,9.678571428571429,10,28,13,2.1538461538461537,28,68,68,68,-0.41666666666666236,0.00392,0.005095,0.3154795153213111,0.3238738158098885,0.3238738158098885,10.223606797749978,unique_starts
390,302,321,82,10,32,32,5,9.0,8.804878048780488,10,82,10,8.2,82,73,73,73,0.058064516129031886,0.00392,0.00368,0.3154795153213111,0.54501111574303,0.54501111574303,9.176776695296637,unique_starts
391,303,301,61,19,36,37,7,10.0,9.459016393442623,10,61,19,3.210526315789474,61,16,16,16,0.5844155844155768,0.00512,0.01014,0.5022402655473627,0.752293892421816,0.752293892421816,10.166666666666666,unique_starts
392,303,302,1907,41,336,354,1,7.0,6.766124803356057,10,1907,41,46.51219512195122,1907,1203,1203,1203,0.22636655948553047,0.00512,0.00392,0.5022402655473627,0.3154795153213111,0.5022402655473627,7.054554472558998,unique_starts
393,303,304,2330,36,472,466,1,7.0,6.633047210300429,10,2330,36,64.72222222222223,2330,2516,2516,2516,-0.03838217086256706,0.00512,0.005095,0.5022402655473627,0.3238738158098885,0.5022402655473627,7.046028730894916,unique_starts
394,303,305,20,9,14,14,8,10.0,9.65,10,20,9,2.2222222222222223,20,88,88,88,-0.6296296296296239,0.00512,0.00427,0.5022402655473627,0.45711702681465477,0.5022402655473627,10.267261241912424,unique_starts
395,304,302,68,18,38,38,7,10.0,9.382352941176471,10,68,18,3.7777777777777777,68,28,28,28,0.41666666666666236,0.005095,0.00392,0.3238738158098885,0.3154795153213111,0.3238738158098885,10.162221421130763,unique_starts
396,304,303,2516,41,484,478,1,7.0,6.6872019077901435,10,2516,41,61.36585365853659,2516,2330,2330,2330,0.03838217086256706,0.005095,0.00512,0.3238738158098885,0.5022402655473627,0.5022402655473627,7.045454545454546,unique_starts
397,304,305,1010,25,185,197,1,7.0,6.701980198019802,10,1010,25,40.4,1010,1462,1462,1462,-0.1828478964401294,0.005095,0.00427,0.3238738158098885,0.45711702681465477,0.45711702681465477,7.0735214622093805,unique_starts
398,304,306,22,6,13,11,7,9.5,9.227272727272727,10,22,6,3.6666666666666665,22,62,62,62,-0.47619047619047056,0.005095,0.0087,0.3238738158098885,0.48059737202926056,0.48059737202926056,9.777350098112615,unique_starts
399,305,303,88,23,49,48,7,10.0,9.352272727272727,10,88,23,3.8260869565217392,88,20,20,20,0.6296296296296239,0.00427,0.00512,0.45711702681465477,0.5022402655473627,0.5022402655473627,10.142857142857142,unique_starts
400,305,304,1462,32,260,253,1,7.0,6.73187414500684,10,1462,32,45.6875,1462,1010,1010,1010,0.1828478964401294,0.00427,0.005095,0.45711702681465477,0.3238738158098885,0.45711702681465477,7.0620173672946045,unique_starts
401,305,306,1373,35,300,259,1,7.0,6.576110706482156,10,1373,35,39.22857142857143,1373,1673,1673,1673,-0.09848982271831908,0.00427,0.0087,0.45711702681465477,0.48059737202926056,0.48059737202926056,7.057735026918962,unique_starts
402,305,307,12,6,9,9,9,10.0,9.75,10,12,6,2.0,12,16,16,16,-0.14285714285713777,0.00427,0.00547,0.45711702681465477,0.29008576212527676,0.45711702681465477,10.333333333333334,unique_starts
403,305,326,461,20,116,136,1,8.0,7.308026030368763,10,461,20,23.05,461,117,117,117,0.5951557093425595,0.00427,0.005135,0.45711702681465477,0.389921676410541,0.45711702681465477,8.092847669088526,unique_starts
404,306,304,62,19,36,36,7,10.0,9.403225806451612,10,62,19,3.263157894736842,62,22,22,22,0.47619047619047056,0.0087,0.005095,0.48059737202926056,0.3238738158098885,0.48059737202926056,10.166666666666666,unique_starts
405,306,305,1673,42,333,318,1,7.0,6.641362821279139,10,1673,42,39.833333333333336,1673,1373,1373,1373,0.09848982271831908,0.0087,0.00427,0.48059737202926056,0.45711702681465477,0.48059737202926056,7.054799662435119,unique_starts
406,306,307,3461,28,702,693,1,7.0,6.709910430511413,10,3461,28,123.60714285714286,3461,3304,3304,3304,0.023207686622320766,0.0087,0.00547,0.48059737202926056,0.29008576212527676,0.48059737202926056,7.03774256780482,unique_starts
407,306,326,1496,35,269,318,1,7.0,6.901737967914438,10,1496,35,42.74285714285714,1496,841,841,841,0.28027385537013255,0.0087,0.005135,0.48059737202926056,0.389921676410541,0.48059737202926056,7.060971076084969,unique_starts
408,307,305,16,4,9,8,7,9.0,9.125,10,16,4,4.0,16,12,12,12,0.14285714285713777,0.00547,0.00427,0.29008576212527676,0.45711702681465477,0.45711702681465477,9.333333333333334,unique_starts
409,307,306,3304,36,699,635,1,7.0,6.628934624697337,10,3304,36,91.77777777777777,3304,3461,3461,3461,-0.023207686622320766,0.00547,0.0087,0.29008576212527676,0.48059737202926056,0.48059737202926056,7.037823473723612,unique_starts
410,307,326,49,4,12,23,2,8.0,7.204081632653061,10,49,4,12.25,49,18,18,18,0.4626865671641722,0.00547,0.005135,0.29008576212527676,0.389921676410541,0.389921676410541,8.288675134594813,unique_starts
411,312,292,2905,68,704,558,1,7.0,6.56592082616179,10,2905,68,42.720588235294116,2905,3429,3429,3429,-0.08272813388064414,0.017355,0.00642,1.0306249533555365,1.1119155647980608,1.1119155647980608,7.03768891807222,unique_starts
412,312,293,611,24,198,142,1,8.0,7.533551554828151,10,611,24,25.458333333333332,611,804,804,804,-0.1363957597173144,0.017355,0.004665,1.0306249533555365,0.6637254553314909,1.0306249533555365,8.07106690545187,unique_starts
413,312,313,6951,79,1469,1261,1,7.0,6.601783915983312,10,6951,79,87.9873417721519,6951,6124,6124,6124,0.06325047801147227,0.017355,0.011675,1.0306249533555365,1.0310349539355537,1.0310349539355537,7.0260909025142775,unique_starts
414,312,314,22,7,14,14,8,10.0,9.590909090909092,10,22,7,3.142857142857143,22,81,81,81,-0.5728155339805769,0.017355,0.003895,1.0306249533555365,0.3735448779339313,1.0306249533555365,10.267261241912424,unique_starts
415,312,332,901,22,169,185,1,7.0,6.844617092119867,10,901,22,40.95454545454545,901,2453,2453,2453,-0.46273106738223,0.017355,0.006355,1.0306249533555365,1.1193297827327333,1.1193297827327333,7.076923076923077,unique_starts
416,313,292,1064,40,301,260,1,7.0,7.173872180451128,10,1064,40,26.6,1064,759,759,759,0.16730663741086113,0.011675,0.00642,1.0310349539355537,1.1119155647980608,1.1119155647980608,7.057639041770424,unique_starts
417,313,293,1835,52,386,368,1,6.0,6.306267029972752,10,1835,52,35.28846153846154,1835,818,818,818,0.383339615529589,0.011675,0.004665,1.0310349539355537,0.6637254553314909,1.0310349539355537,6.050898659855929,unique_starts
418,313,312,6124,62,1172,1283,1,7.0,6.605976485956891,10,6124,62,98.7741935483871,6124,6951,6951,6951,-0.06325047801147227,0.011675,0.017355,1.0310349539355537,1.0306249533555365,1.0310349539355537,7.029210311891849,unique_starts
419,313,314,1035,25,204,198,1,7.0,6.644444444444445,10,1035,25,41.4,1035,2886,2886,2886,-0.4720734506503442,0.011675,0.003895,1.0310349539355537,0.3735448779339313,1.0310349539355537,7.070014004201401,unique_starts
420,313,315,30,11,19,19,8,10.0,9.533333333333333,10,30,11,2.727272727272727,30,153,153,153,-0.6721311475409799,0.011675,0.007305,1.0310349539355537,0.6423751221008027,1.0310349539355537,10.229415733870562,unique_starts
421,313,332,454,20,120,111,1,8.0,7.680616740088106,10,454,20,22.7,454,446,446,446,0.008888888888888878,0.011675,0.006355,1.0310349539355537,1.1193297827327333,1.1193297827327333,8.091287092917527,unique_starts
422,313,353,4,4,4,4,10,10.0,10.0,10,4,4,1.0,4,0,0,0,0.99999999999975,0.011675,0.00574,1.0310349539355537,0.5158712420005324,1.0310349539355537,10.5,unique_starts
423,314,293,149,12,45,51,3,8.0,7.919463087248322,10,149,12,12.416666666666666,149,212,212,212,-0.1745152354570632,0.003895,0.004665,0.3735448779339313,0.6637254553314909,0.6637254553314909,8.149071198499986,unique_starts
424,314,312,81,19,44,44,7,10.0,9.37037037037037,10,81,19,4.2631578947368425,81,22,22,22,0.5728155339805769,0.003895,0.017355,0.3735448779339313,1.0306249533555365,1.0306249533555365,10.150755672288883,unique_starts
425,314,313,2886,62,505,513,1,7.0,6.703049203049203,10,2886,62,46.54838709677419,2886,1035,1035,1035,0.4720734506503442,0.003895,0.011675,0.3735448779339313,1.0310349539355537,1.0310349539355537,7.044499415948999,unique_starts
426,314,315,939,23,190,158,1,7.0,6.701810436634718,10,939,23,40.82608695652174,939,2872,2872,2872,-0.5072159538178954,0.003895,0.007305,0.3735448779339313,0.6423751221008027,0.6423751221008027,7.072547625011001,unique_starts
427,314,316,37,13,23,22,7,10.0,9.432432432432432,10,37,13,2.8461538461538463,37,136,136,136,-0.5722543352601123,0.003895,0.004935,0.3735448779339313,0.3489044765671307,0.3735448779339313,10.208514414057074,unique_starts
428,315,293,9,2,5,5,8,10.0,9.444444444444445,10,9,2,4.5,9,4,4,4,0.38461538461535505,0.007305,0.004665,0.6423751221008027,0.6637254553314909,0.6637254553314909,10.447213595499958,unique_starts
429,315,313,153,44,86,89,7,10.0,9.379084967320262,10,153,44,3.477272727272727,153,30,30,30,0.6721311475409799,0.007305,0.011675,0.6423751221008027,1.0310349539355537,1.0310349539355537,10.10783277320344,unique_starts
430,315,314,2872,62,493,510,1,7.0,6.687674094707521,10,2872,62,46.32258064516129,2872,939,939,939,0.5072159538178954,0.007305,0.003895,0.6423751221008027,0.3735448779339313,0.6423751221008027,7.045037734911104,unique_starts
431,315,316,2150,27,453,385,1,7.0,6.685581395348837,10,2150,27,79.62962962962963,2150,3884,3884,3884,-0.2873715611534637,0.007305,0.004935,0.6423751221008027,0.3489044765671307,0.6423751221008027,7.046984098573494,unique_starts
432,315,317,14,7,10,10,8,10.0,9.642857142857142,10,14,7,2.0,14,89,89,89,-0.7281553398058183,0.007305,0.00477,0.6423751221008027,0.5899983588744228,0.6423751221008027,10.316227766016837,unique_starts
433,316,314,136,38,78,82,7,10.0,9.433823529411764,10,136,38,3.5789473684210527,136,37,37,37,0.5722543352601123,0.004935,0.003895,0.3489044765671307,0.3735448779339313,0.3735448779339313,10.11322770341446,unique_starts
434,316,315,3884,66,690,762,1,7.0,6.7319773429454175,10,3884,66,58.84848484848485,3884,2150,2150,2150,0.2873715611534637,0.004935,0.007305,0.3489044765671307,0.6423751221008027,0.6423751221008027,7.038069349381344,unique_starts
435,316,317,488,15,98,107,1,7.0,6.844262295081967,10,488,15,32.53333333333333,488,2220,2220,2220,-0.6395864106351549,0.004935,0.00477,0.3489044765671307,0.5899983588744228,0.5899983588744228,7.101015254455221,unique_starts
436,316,318,11,5,8,8,9,10.0,9.636363636363637,10,11,5,2.2,11,74,74,74,-0.7411764705882267,0.004935,0.00653,0.3489044765671307,0.33510756530484703,0.3489044765671307,10.353553390593273,unique_starts
437,317,315,89,27,55,53,8,10.0,9.50561797752809,10,89,27,3.2962962962962963,89,14,14,14,0.7281553398058183,0.00477,0.007305,0.5899983588744228,0.6423751221008027,0.6423751221008027,10.134839972492648,unique_starts
438,317,316,2220,48,413,384,1,7.0,6.82027027027027,10,2220,48,46.25,2220,488,488,488,0.6395864106351549,0.00477,0.004935,0.5899983588744228,0.3489044765671307,0.5899983588744228,7.049206783130512,unique_starts
439,317,318,524,16,121,96,1,7.0,6.402671755725191,10,524,16,32.75,524,2361,2361,2361,-0.6367417677642979,0.00477,0.00653,0.5899983588744228,0.33510756530484703,0.5899983588744228,7.090909090909091,unique_starts
440,318,316,74,25,46,46,7,10.0,9.513513513513514,10,74,25,2.96,74,11,11,11,0.7411764705882267,0.00653,0.004935,0.33510756530484703,0.3489044765671307,0.3489044765671307,10.147441956154896,unique_starts
441,318,317,2361,53,405,456,1,7.0,6.709021601016518,10,2361,53,44.54716981132076,2361,524,524,524,0.6367417677642979,0.00653,0.00477,0.33510756530484703,0.5899983588744228,0.5899983588744228,7.049690399499996,unique_starts
442,321,300,197,14,70,52,2,8.0,7.913705583756345,10,197,14,14.071428571428571,197,68,68,68,0.4867924528301868,0.00368,0.00528,0.54501111574303,0.4116628089621737,0.54501111574303,8.11952286093344,unique_starts
443,321,301,922,22,195,171,1,7.0,6.828633405639914,10,922,22,41.90909090909091,922,1142,1142,1142,-0.10658914728682166,0.00368,0.01014,0.54501111574303,0.752293892421816,0.752293892421816,7.071611487403944,unique_starts
444,321,302,73,3,19,18,3,8.0,7.945205479452055,10,73,3,24.333333333333332,73,82,82,82,-0.058064516129031886,0.00368,0.00392,0.54501111574303,0.3154795153213111,0.54501111574303,8.229415733870562,unique_starts
445,321,340,425,19,113,127,1,8.0,7.225882352941176,10,425,19,22.36842105263158,425,69,69,69,0.7206477732793507,0.00368,0.00514,0.54501111574303,0.30925114840300405,0.54501111574303,8.09407208683836,unique_starts
446,321,341,1461,33,285,311,1,7.0,6.809034907597536,10,1461,33,44.27272727272727,1461,1836,1836,1836,-0.11373976342129205,0.00368,0.00867,0.54501111574303,0.4920301440106474,0.54501111574303,7.059234887775909,unique_starts
447,321,361,6,2,4,4,9,10.0,9.666666666666666,10,6,2,3.0,6,1,0,0,0.9999999999998334,0.00368,0.00541,0.54501111574303,0.38114217487639973,0.54501111574303,10.5,unique_starts
448,326,305,117,10,44,47,3,9.0,8.273504273504274,10,117,10,11.7,117,461,461,461,-0.5951557093425595,0.005135,0.00427,0.389921676410541,0.45711702681465477,0.45711702681465477,9.150755672288883,unique_starts
449,326,306,841,21,165,152,1,7.0,6.728894173602853,10,841,21,40.04761904761905,841,1496,1496,1496,-0.28027385537013255,0.005135,0.0087,0.389921676410541,0.48059737202926056,0.48059737202926056,7.077849894416152,unique_starts
450,326,307,18,2,3,10,2,6.5,6.388888888888889,10,18,2,9.0,18,49,49,49,-0.4626865671641722,0.005135,0.00547,0.389921676410541,0.29008576212527676,0.389921676410541,7.077350269189626,unique_starts
451,326,346,2223,41,405,444,1,7.0,6.788573999100315,10,2223,41,54.21951219512195,2223,549,549,549,0.6038961038961037,0.005135,0.005485,0.389921676410541,0.30442383712740995,0.389921676410541,7.049690399499996,unique_starts
452,326,347,248,16,79,77,2,8.0,7.891129032258065,10,248,16,15.5,248,494,494,494,-0.3315363881401613,0.005135,0.004785,0.389921676410541,0.44168359075276953,0.44168359075276953,8.112508790092603,unique_starts
453,332,292,3,3,3,3,10,10.0,10.0,10,3,3,1.0,3,0,0,0,0.9999999999996666,0.006355,0.00642,1.1193297827327333,1.1119155647980608,1.1193297827327333,10.577350269189626,unique_starts
454,332,312,2453,54,501,435,1,7.0,6.848756624541378,10,2453,54,45.425925925925924,2453,901,901,901,0.46273106738223,0.006355,0.017355,1.1193297827327333,1.0306249533555365,1.1193297827327333,7.044676705160877,unique_starts
455,332,313,446,23,123,111,1,8.0,7.737668161434978,10,446,23,19.391304347826086,446,454,454,454,-0.008888888888888878,0.006355,0.011675,1.1193297827327333,1.0310349539355537,1.1193297827327333,8.090166963466743,unique_starts
456,332,352,2446,52,433,604,1,7.0,6.47710547833197,10,2446,52,47.03846153846154,2446,3450,3450,3450,-0.17028493894165533,0.006355,0.01511,1.1193297827327333,0.6701754396575299,1.1193297827327333,7.048056933133221,unique_starts
457,332,353,512,35,150,176,1,8.0,7.39453125,10,512,35,14.628571428571428,512,526,526,526,-0.013487475915221567,0.006355,0.00574,1.1193297827327333,0.5158712420005324,1.1193297827327333,8.081649658092772,unique_starts
458,340,300,6,4,5,5,9,10.0,9.833333333333334,10,6,4,1.5,6,1,0,0,0.9999999999998334,0.00514,0.00528,0.30925114840300405,0.4116628089621737,0.4116628089621737,10.447213595499958,unique_starts
459,340,321,69,9,32,24,1,8.0,7.492753623188406,10,69,9,7.666666666666667,69,425,425,425,-0.7206477732793507,0.00514,0.00368,0.30925114840300405,0.54501111574303,0.54501111574303,8.176776695296637,unique_starts
460,340,341,2285,25,409,522,1,7.0,6.545295404814004,10,2285,25,91.4,2285,2335,2335,2335,-0.01082251082251082,0.00514,0.00867,0.30925114840300405,0.4920301440106474,0.4920301440106474,7.049446817643415,unique_starts
461,340,361,130,11,40,40,1,8.0,7.053846153846154,10,130,11,11.818181818181818,130,143,143,143,-0.04761904761904744,0.00514,0.00541,0.30925114840300405,0.38114217487639973,0.38114217487639973,8.158113883008419,unique_starts
462,341,301,3,3,3,3,10,10.0,10.0,10,3,3,1.0,3,5,5,5,-0.24999999999996875,0.00867,0.01014,0.4920301440106474,0.752293892421816,0.752293892421816,10.577350269189626,unique_starts
463,341,321,1836,39,402,304,1,7.0,6.69553376906318,10,1836,39,47.07692307692308,1836,1461,1461,1461,0.11373976342129205,0.00867,0.00368,0.4920301440106474,0.54501111574303,0.54501111574303,7.049875466805382,unique_starts
464,341,340,2335,34,564,446,1,7.0,6.516916488222698,10,2335,34,68.67647058823529,2335,2285,2285,2285,0.01082251082251082,0.00867,0.00514,0.4920301440106474,0.30925114840300405,0.4920301440106474,7.042107596053326,unique_starts
465,341,361,1018,23,206,188,1,7.0,6.899803536345776,10,1018,23,44.26086956521739,1018,1406,1406,1406,-0.16006600660066,0.00867,0.00541,0.4920301440106474,0.38114217487639973,0.4920301440106474,7.0696733014291615,unique_starts
466,346,326,549,17,108,141,1,7.0,6.56648451730419,10,549,17,32.294117647058826,549,2223,2223,2223,-0.6038961038961037,0.005485,0.005135,0.30442383712740995,0.389921676410541,0.389921676410541,7.096225044864938,unique_starts
467,346,347,2141,20,403,408,1,7.0,6.771134983652499,10,2141,20,107.05,2141,1760,1760,1760,0.09766726480389641,0.005485,0.004785,0.30442383712740995,0.44168359075276953,0.44168359075276953,7.049813548138672,unique_starts
468,346,367,256,11,62,65,1,8.0,7.31640625,10,256,11,23.272727272727273,256,92,92,92,0.47126436781609055,0.005485,0.004065,0.30442383712740995,0.4287786546538285,0.4287786546538285,8.12700012700019,unique_starts
469,347,326,494,17,139,100,1,8.0,7.234817813765182,10,494,17,29.058823529411764,494,248,248,248,0.3315363881401613,0.004785,0.005135,0.44168359075276953,0.389921676410541,0.44168359075276953,8.084818892967997,unique_starts
470,347,346,1760,24,397,325,1,7.0,6.708522727272728,10,1760,24,73.33333333333333,1760,2141,2141,2141,-0.09766726480389641,0.004785,0.005485,0.44168359075276953,0.30442383712740995,0.44168359075276953,7.05018856132285,unique_starts
471,347,367,715,17,142,140,1,7.0,6.907692307692308,10,715,17,42.05882352941177,715,381,381,381,0.304744525547445,0.004785,0.004065,0.44168359075276953,0.4287786546538285,0.44168359075276953,7.083918135829669,unique_starts
472,352,312,4,4,4,4,10,10.0,10.0,10,4,4,1.0,4,0,0,0,0.99999999999975,0.01511,0.017355,0.6701754396575299,1.0306249533555365,1.0306249533555365,10.5,unique_starts
473,352,332,3450,75,777,623,1,7.0,6.755942028985507,10,3450,75,46.0,3450,2446,2446,2446,0.17028493894165533,0.01511,0.006355,0.6701754396575299,1.1193297827327333,1.1193297827327333,7.035874800166709,unique_starts
474,352,353,4882,53,1113,837,1,7.0,6.51495288816059,10,4882,53,92.11320754716981,4882,4031,4031,4031,0.09547851452933914,0.01511,0.00574,0.6701754396575299,0.5158712420005324,0.6701754396575299,7.029974532466509,unique_starts
475,352,372,966,23,195,185,1,7.0,6.910973084886129,10,966,23,42.0,966,3304,3304,3304,-0.5475409836065572,0.01511,0.007635,0.6701754396575299,0.8635553308620566,0.8635553308620566,7.071611487403944,unique_starts
476,352,393,4,2,3,3,9,10.0,9.75,10,4,2,2.0,4,0,0,0,0.99999999999975,0.01511,0.00551,0.6701754396575299,0.2440704784151132,0.6701754396575299,10.577350269189626,unique_starts
477,353,332,526,22,165,108,1,7.0,7.106463878326996,10,526,22,23.90909090909091,526,512,512,512,0.013487475915221567,0.00574,0.006355,0.5158712420005324,1.1193297827327333,1.1193297827327333,7.077849894416152,unique_starts
478,353,352,4031,47,742,956,1,7.0,6.567353014140412,10,4031,47,85.76595744680851,4031,4882,4882,4882,-0.09547851452933914,0.00574,0.01511,0.5158712420005324,0.6701754396575299,0.6701754396575299,7.0367111549107175,unique_starts
479,353,372,179,14,61,52,1,8.0,7.441340782122905,10,179,14,12.785714285714286,179,104,104,104,0.265017667844522,0.00574,0.007635,0.5158712420005324,0.8635553308620566,0.8635553308620566,8.128036879932896,unique_starts
480,361,340,143,11,43,46,3,9.0,8.244755244755245,10,143,11,13.0,143,130,130,130,0.04761904761904744,0.00541,0.00514,0.38114217487639973,0.30925114840300405,0.38114217487639973,9.152498570332604,unique_starts
481,361,341,1406,31,257,276,1,7.0,6.8499288762446655,10,1406,31,45.354838709677416,1406,1018,1018,1018,0.16006600660066,0.00541,0.00867,0.38114217487639973,0.4920301440106474,0.4920301440106474,7.06237828615518,unique_starts
482,361,381,733,25,188,165,1,6.0,6.188267394270123,10,733,25,29.32,733,1326,1326,1326,-0.28800388538125293,0.00541,0.005165,0.38114217487639973,0.2506833086159746,0.38114217487639973,6.0729324957489474,unique_starts
483,361,383,8,3,6,5,9,10.0,9.625,10,8,3,2.6666666666666665,8,4,4,4,0.33333333333330556,0.00541,0.00555,0.38114217487639973,0.4182303580580847,0.4182303580580847,10.408248290463863,unique_starts
484,367,346,92,4,25,25,4,8.5,8.184782608695652,10,92,4,23.0,92,256,256,256,-0.47126436781609055,0.004065,0.005485,0.4287786546538285,0.30442383712740995,0.4287786546538285,8.7,unique_starts
485,367,347,381,7,69,68,1,7.0,6.971128608923885,10,381,7,54.42857142857143,381,715,715,715,-0.304744525547445,0.004065,0.004785,0.4287786546538285,0.44168359075276953,0.44168359075276953,7.120385853085769,unique_starts
486,367,386,101,6,25,27,1,8.0,7.2772277227722775,10,101,6,16.833333333333332,101,365,365,365,-0.5665236051502134,0.004065,0.006375,0.4287786546538285,0.39121386934582736,0.4287786546538285,8.2,unique_starts
487,367,387,738,24,158,159,1,7.0,6.471544715447155,10,738,24,30.75,738,802,802,802,-0.04155844155844153,0.004065,0.007655,0.4287786546538285,0.4438264341470948,0.4438264341470948,7.079555728417573,unique_starts
488,367,388,477,27,130,132,1,8.0,7.677148846960168,10,477,27,17.666666666666668,477,69,69,69,0.7472527472527458,0.004065,0.00401,0.4287786546538285,0.4336919767195041,0.4336919767195041,8.087705801930703,unique_starts
489,367,389,17,8,12,12,8,10.0,9.647058823529411,10,17,8,2.125,17,0,0,0,0.9999999999999413,0.004065,0.012645,0.4287786546538285,0.7088659022355741,0.7088659022355741,10.288675134594813,unique_starts
490,372,332,3,3,3,3,10,10.0,10.0,10,3,3,1.0,3,1,0,0,0.9999999999996666,0.007635,0.006355,0.8635553308620566,1.1193297827327333,1.1193297827327333,10.577350269189626,unique_starts
491,372,352,3304,64,604,602,1,7.0,6.946125907990314,10,3304,64,51.625,3304,966,966,966,0.5475409836065572,0.007635,0.01511,0.8635553308620566,0.6701754396575299,0.8635553308620566,7.040689422938558,unique_starts
492,372,353,104,10,40,35,4,9.0,8.615384615384615,10,104,10,10.4,104,179,179,179,-0.265017667844522,0.007635,0.00574,0.8635553308620566,0.5158712420005324,0.8635553308620566,9.158113883008419,unique_starts
493,372,390,16,5,10,10,8,10.0,9.5625,10,16,5,3.2,16,18,18,18,-0.05882352941176297,0.007635,0.010335,0.8635553308620566,0.7425888616027709,0.8635553308620566,10.316227766016837,unique_starts
494,372,391,436,17,114,97,1,8.0,7.5504587155963305,10,436,17,25.647058823529413,436,1017,1017,1017,-0.39986235375086004,0.007635,0.004205,0.8635553308620566,0.35249615081063146,0.8635553308620566,8.09365858115817,unique_starts
495,372,392,1426,39,298,342,1,7.0,6.46984572230014,10,1426,39,36.56410256410256,1426,1484,1484,1484,-0.019931271477663225,0.007635,0.012215,0.8635553308620566,0.42516877339884,0.8635553308620566,7.0579284446363495,unique_starts
496,372,393,234,16,75,73,1,8.0,7.303418803418803,10,234,16,14.625,234,371,371,371,-0.22644628099173517,0.007635,0.00551,0.8635553308620566,0.2440704784151132,0.8635553308620566,8.115470053837925,unique_starts
497,381,361,1326,39,263,293,1,6.0,6.319004524886878,10,1326,39,34.0,1326,733,733,733,0.28800388538125293,0.005165,0.00541,0.2506833086159746,0.38114217487639973,0.38114217487639973,6.06166264159782,unique_starts
498,381,383,15,7,9,11,7,10.0,9.333333333333334,10,15,7,2.142857142857143,15,48,48,48,-0.5238095238095155,0.005165,0.00555,0.2506833086159746,0.4182303580580847,0.4182303580580847,10.333333333333334,unique_starts
499,383,361,4,2,3,3,9,10.0,9.75,10,4,2,2.0,4,8,8,8,-0.33333333333330556,0.00555,0.00541,0.4182303580580847,0.38114217487639973,0.4182303580580847,10.577350269189626,unique_starts
500,383,381,48,17,32,29,8,10.0,9.5,10,48,17,2.823529411764706,48,15,15,15,0.5238095238095155,0.00555,0.005165,0.4182303580580847,0.2506833086159746,0.4182303580580847,10.176776695296637,unique_starts
501,383,384,2855,32,525,564,1,7.0,6.72539404553415,10,2855,32,89.21875,2855,3150,3150,3150,-0.04912572855953371,0.00555,0.005745,0.4182303580580847,0.31407401154288467,0.4182303580580847,7.043643578047199,unique_starts
502,384,383,3150,39,611,559,1,7.0,6.715873015873016,10,3150,39,80.76923076923077,3150,2855,2855,2855,0.04912572855953371,0.005745,0.00555,0.31407401154288467,0.4182303580580847,0.4182303580580847,7.040455669703137,unique_starts
503,384,386,19,7,12,12,8,10.0,9.473684210526315,10,19,7,2.7142857142857144,19,41,41,41,-0.36666666666666053,0.005745,0.006375,0.31407401154288467,0.39121386934582736,0.39121386934582736,10.288675134594813,unique_starts
504,386,367,365,20,90,113,1,8.0,7.6,10,365,20,18.25,365,101,101,101,0.5665236051502134,0.006375,0.004065,0.39121386934582736,0.4287786546538285,0.4287786546538285,8.105409255338946,unique_starts
505,386,384,41,12,24,24,7,10.0,9.439024390243903,10,41,12,3.4166666666666665,41,19,19,19,0.36666666666666053,0.006375,0.005745,0.39121386934582736,0.31407401154288467,0.39121386934582736,10.204124145231932,unique_starts
506,386,387,3786,48,725,713,1,7.0,6.730058108821976,10,3786,48,78.875,3786,3556,3556,3556,0.03132661400163443,0.006375,0.007655,0.39121386934582736,0.4438264341470948,0.4438264341470948,7.03713906763541,unique_starts
507,386,388,24,10,17,16,8,10.0,9.625,10,24,10,2.4,24,32,32,32,-0.1428571428571403,0.006375,0.00401,0.39121386934582736,0.4336919767195041,0.4336919767195041,10.242535625036332,unique_starts
508,387,367,802,26,171,175,1,7.0,6.385286783042394,10,802,26,30.846153846153847,802,738,738,738,0.04155844155844153,0.007655,0.004065,0.4438264341470948,0.4287786546538285,0.4438264341470948,7.076471911290187,unique_starts
509,387,386,3556,39,691,652,1,7.0,6.730596175478065,10,3556,39,91.17948717948718,3556,3786,3786,3786,-0.03132661400163443,0.007655,0.006375,0.4438264341470948,0.39121386934582736,0.4438264341470948,7.038041792845426,unique_starts
510,387,388,1752,43,357,312,1,7.0,6.660958904109589,10,1752,43,40.74418604651163,1752,1172,1172,1172,0.19835841313269487,0.007655,0.00401,0.4438264341470948,0.4336919767195041,0.4438264341470948,7.052925612402496,unique_starts
511,387,389,52,17,32,33,8,10.0,9.538461538461538,10,52,17,3.0588235294117645,52,44,44,44,0.08333333333333247,0.007655,0.012645,0.4438264341470948,0.7088659022355741,0.7088659022355741,10.176776695296637,unique_starts
512,388,367,69,6,21,21,2,9.0,8.0,10,69,6,11.5,69,477,477,477,-0.7472527472527458,0.00401,0.004065,0.4336919767195041,0.4287786546538285,0.4336919767195041,9.218217890235993,unique_starts
513,388,386,32,8,18,18,8,10.0,9.4375,10,32,8,4.0,32,24,24,24,0.1428571428571403,0.00401,0.006375,0.4336919767195041,0.39121386934582736,0.4336919767195041,10.235702260395517,unique_starts
514,388,387,1172,23,210,202,1,7.0,6.778156996587031,10,1172,23,50.95652173913044,1172,1752,1752,1752,-0.19835841313269487,0.00401,0.007655,0.4336919767195041,0.4438264341470948,0.4438264341470948,7.069006555934235,unique_starts
515,388,389,2407,67,439,488,1,7.0,6.493144993768176,10,2407,67,35.92537313432836,2407,1306,1306,1306,0.2965257204416913,0.00401,0.012645,0.4336919767195041,0.7088659022355741,0.7088659022355741,7.047727395990335,unique_starts
516,388,390,78,27,49,51,8,10.0,9.551282051282051,10,78,27,2.888888888888889,78,74,74,74,0.02631578947368404,0.00401,0.010335,0.4336919767195041,0.7425888616027709,0.7425888616027709,10.142857142857142,unique_starts
517,389,387,44,12,26,26,8,10.0,9.5,10,44,12,3.6666666666666665,44,52,52,52,-0.08333333333333247,0.012645,0.007655,0.7088659022355741,0.4438264341470948,0.7088659022355741,10.196116135138183,unique_starts
518,389,388,1306,26,215,240,1,7.0,6.725880551301684,10,1306,26,50.23076923076923,1306,2407,2407,2407,-0.2965257204416913,0.012645,0.00401,0.7088659022355741,0.4336919767195041,0.7088659022355741,7.068199433947047,unique_starts
519,389,390,7154,89,1413,1292,1,7.0,6.7426614481409,10,7154,89,80.38202247191012,7154,5780,5780,5780,0.10623163754445646,0.012645,0.010335,0.7088659022355741,0.7425888616027709,0.7425888616027709,7.026602896148921,unique_starts
520,389,391,42,16,30,26,8,10.0,9.547619047619047,10,42,16,2.625,42,114,114,114,-0.4615384615384586,0.012645,0.004205,0.7088659022355741,0.35249615081063146,0.7088659022355741,10.182574185835055,unique_starts
521,390,372,18,6,10,12,8,10.0,9.38888888888889,10,18,6,3.0,18,16,16,16,0.05882352941176297,0.010335,0.007635,0.7425888616027709,0.8635553308620566,0.8635553308620566,10.316227766016837,unique_starts
522,390,388,74,18,39,39,6,10.0,9.27027027027027,10,74,18,4.111111111111111,74,78,78,78,-0.02631578947368404,0.010335,0.00401,0.7425888616027709,0.4336919767195041,0.7425888616027709,10.160128153805086,unique_starts
523,390,389,5780,60,1058,1112,1,7.0,6.7051903114186855,10,5780,60,96.33333333333333,5780,7154,7154,7154,-0.10623163754445646,0.010335,0.012645,0.7425888616027709,0.7088659022355741,0.7425888616027709,7.030743773095067,unique_starts
524,390,391,2347,56,462,429,1,7.0,6.795057520238602,10,2347,56,41.910714285714285,2347,1311,1311,1311,0.2832148715144887,0.010335,0.004205,0.7425888616027709,0.35249615081063146,0.7425888616027709,7.046524210519924,unique_starts
525,390,392,52,14,30,29,7,10.0,9.403846153846153,10,52,14,3.7142857142857144,52,47,47,47,0.05050505050505,0.010335,0.012215,0.7425888616027709,0.42516877339884,0.7425888616027709,10.182574185835055,unique_starts
526,391,372,1017,46,240,283,1,8.0,7.63913470993117,10,1017,46,22.108695652173914,1017,436,436,436,0.39986235375086004,0.004205,0.007635,0.35249615081063146,0.8635553308620566,0.8635553308620566,8.06454972243679,unique_starts
527,391,389,114,24,57,59,7,9.5,9.24561403508772,10,114,24,4.75,114,42,42,42,0.4615384615384586,0.004205,0.012645,0.35249615081063146,0.7088659022355741,0.7088659022355741,9.632453235706505,unique_starts
528,391,390,1311,28,229,221,1,7.0,6.65903890160183,10,1311,28,46.82142857142857,1311,2347,2347,2347,-0.2832148715144887,0.004205,0.010335,0.35249615081063146,0.7425888616027709,0.7425888616027709,7.066081860045509,unique_starts
529,391,392,1268,38,307,212,1,7.0,6.4566246056782335,10,1268,38,33.36842105263158,1268,1004,1004,1004,0.1161971830985915,0.004205,0.012215,0.35249615081063146,0.42516877339884,0.42516877339884,7.057073014553535,unique_starts
530,392,372,1484,49,276,393,1,7.0,6.3955525606469,10,1484,49,30.285714285714285,1484,1426,1426,1426,0.019931271477663225,0.012215,0.007635,0.42516877339884,0.8635553308620566,0.8635553308620566,7.060192926542885,unique_starts
531,392,390,47,18,31,32,8,10.0,9.617021276595745,10,47,18,2.611111111111111,47,52,52,52,-0.05050505050505,0.012215,0.010335,0.42516877339884,0.7425888616027709,0.7425888616027709,10.179605302026776,unique_starts
532,392,391,1004,25,178,203,1,7.0,6.558764940239044,10,1004,25,40.16,1004,1268,1268,1268,-0.1161971830985915,0.012215,0.004205,0.42516877339884,0.35249615081063146,0.42516877339884,7.074953168899587,unique_starts
533,392,393,4751,35,1009,814,1,7.0,6.68196169227531,10,4751,35,135.74285714285713,4751,4930,4930,4930,-0.018489825431257097,0.012215,0.00551,0.42516877339884,0.2440704784151132,0.42516877339884,7.031481427501028,unique_starts
534,393,372,371,16,109,81,1,7.0,6.919137466307277,10,371,16,23.1875,371,234,234,234,0.22644628099173517,0.00551,0.007635,0.2440704784151132,0.8635553308620566,0.8635553308620566,7.095782628522115,unique_starts
535,393,391,5,3,4,4,9,10.0,9.8,10,5,3,1.6666666666666667,5,2,0,0,0.9999999999997999,0.00551,0.004205,0.2440704784151132,0.35249615081063146,0.35249615081063146,10.5,unique_starts
536,393,392,4930,44,869,1023,1,7.0,6.68052738336714,10,4930,44,112.04545454545455,4930,4751,4751,4751,0.018489825431257097,0.00551,0.012215,0.2440704784151132,0.42516877339884,0.42516877339884,7.033922676577638,unique_starts
