stage,evidence_class,pre_stage30_results_status,env_name,seed,node_id,is_task_goal_node,degree,in_degree,out_degree,node_metadata_keys,dataset_idx,dataset_idx_available,embedding_match_dist,embedding_match_tolerance,exact_embedding_match
stage30_official_gas_keygraph_audit,OFFICIAL_GAS_KEYGRAPH_NODE_DIAGNOSTIC,ARCHIVED_INTERNAL_EXPLORATION_NOT_GAS_EVIDENCE,antmaze-medium-navigate-v0,44,0,0,52,26,26,pos,,0,,,
stage30_official_gas_keygraph_audit,OFFICIAL_GAS_KEYGRAPH_NODE_DIAGNOSTIC,ARCHIVED_INTERNAL_EXPLORATION_NOT_GAS_EVIDENCE,antmaze-medium-navigate-v0,44,1,0,52,26,26,pos,,0,,,
stage30_official_gas_keygraph_audit,OFFICIAL_GAS_KEYGRAPH_NODE_DIAGNOSTIC,ARCHIVED_INTERNAL_EXPLORATION_NOT_GAS_EVIDENCE,antmaze-medium-navigate-v0,44,2,0,30,15,15,pos,,0,,,
stage30_official_gas_keygraph_audit,OFFICIAL_GAS_KEYGRAPH_NODE_DIAGNOSTIC,ARCHIVED_INTERNAL_EXPLORATION_NOT_GAS_EVIDENCE,antmaze-medium-navigate-v0,44,3,0,18,9,9,pos,,0,,,
stage30_official_gas_keygraph_audit,OFFICIAL_GAS_KEYGRAPH_NODE_DIAGNOSTIC,ARCHIVED_INTERNAL_EXPLORATION_NOT_GAS_EVIDENCE,antmaze-medium-navigate-v0,44,4,0,30,15,15,pos,,0,,,
stage30_official_gas_keygraph_audit,OFFICIAL_GAS_KEYGRAPH_NODE_DIAGNOSTIC,ARCHIVED_INTERNAL_EXPLORATION_NOT_GAS_EVIDENCE,antmaze-medium-navigate-v0,44,5,0,26,13,13,pos,,0,,,
stage30_official_gas_keygraph_audit,OFFICIAL_GAS_KEYGRAPH_NODE_DIAGNOSTIC,ARCHIVED_INTERNAL_EXPLORATION_NOT_GAS_EVIDENCE,antmaze-medium-navigate-v0,44,6,0,34,17,17,pos,,0,,,
stage30_official_gas_keygraph_audit,OFFICIAL_GAS_KEYGRAPH_NODE_DIAGNOSTIC,ARCHIVED_INTERNAL_EXPLORATION_NOT_GAS_EVIDENCE,antmaze-medium-navigate-v0,44,7,0,28,14,14,pos,,0,,,
stage30_official_gas_keygraph_audit,OFFICIAL_GAS_KEYGRAPH_NODE_DIAGNOSTIC,ARCHIVED_INTERNAL_EXPLORATION_NOT_GAS_EVIDENCE,antmaze-medium-navigate-v0,44,8,0,70,35,35,pos,,0,,,
stage30_official_gas_keygraph_audit,OFFICIAL_GAS_KEYGRAPH_NODE_DIAGNOSTIC,ARCHIVED_INTERNAL_EXPLORATION_NOT_GAS_EVIDENCE,antmaze-medium-navigate-v0,44,9,0,48,24,24,pos,,0,,,
stage30_official_gas_keygraph_audit,OFFICIAL_GAS_KEYGRAPH_NODE_DIAGNOSTIC,ARCHIVED_INTERNAL_EXPLORATION_NOT_GAS_EVIDENCE,antmaze-medium-navigate-v0,44,10,0,72,36,36,pos,,0,,,
stage30_official_gas_keygraph_audit,OFFICIAL_GAS_KEYGRAPH_NODE_DIAGNOSTIC,ARCHIVED_INTERNAL_EXPLORATION_NOT_GAS_EVIDENCE,antmaze-medium-navigate-v0,44,11,0,32,16,16,pos,,0,,,
stage30_official_gas_keygraph_audit,OFFICIAL_GAS_KEYGRAPH_NODE_DIAGNOSTIC,ARCHIVED_INTERNAL_EXPLORATION_NOT_GAS_EVIDENCE,antmaze-medium-navigate-v0,44,12,0,16,8,8,pos,,0,,,
stage30_official_gas_keygraph_audit,OFFICIAL_GAS_KEYGRAPH_NODE_DIAGNOSTIC,ARCHIVED_INTERNAL_EXPLORATION_NOT_GAS_EVIDENCE,antmaze-medium-navigate-v0,44,13,0,44,22,22,pos,,0,,,
stage30_official_gas_keygraph_audit,OFFICIAL_GAS_KEYGRAPH_NODE_DIAGNOSTIC,ARCHIVED_INTERNAL_EXPLORATION_NOT_GAS_EVIDENCE,antmaze-medium-navigate-v0,44,14,0,40,20,20,pos,,0,,,
stage30_official_gas_keygraph_audit,OFFICIAL_GAS_KEYGRAPH_NODE_DIAGNOSTIC,ARCHIVED_INTERNAL_EXPLORATION_NOT_GAS_EVIDENCE,antmaze-medium-navigate-v0,44,15,0,32,16,16,pos,,0,,,
stage30_official_gas_keygraph_audit,OFFICIAL_GAS_KEYGRAPH_NODE_DIAGNOSTIC,ARCHIVED_INTERNAL_EXPLORATION_NOT_GAS_EVIDENCE,antmaze-medium-navigate-v0,44,16,0,48,24,24,pos,,0,,,
stage30_official_gas_keygraph_audit,OFFICIAL_GAS_KEYGRAPH_NODE_DIAGNOSTIC,ARCHIVED_INTERNAL_EXPLORATION_NOT_GAS_EVIDENCE,antmaze-medium-navigate-v0,44,17,0,56,28,28,pos,,0,,,
stage30_official_gas_keygraph_audit,OFFICIAL_GAS_KEYGRAPH_NODE_DIAGNOSTIC,ARCHIVED_INTERNAL_EXPLORATION_NOT_GAS_EVIDENCE,antmaze-medium-navigate-v0,44,18,0,40,20,20,pos,,0,,,
stage30_official_gas_keygraph_audit,OFFICIAL_GAS_KEYGRAPH_NODE_DIAGNOSTIC,ARCHIVED_INTERNAL_EXPLORATION_NOT_GAS_EVIDENCE,antmaze-medium-navigate-v0,44,19,0,32,16,16,pos,,0,,,
stage30_official_gas_keygraph_audit,OFFICIAL_GAS_KEYGRAPH_NODE_DIAGNOSTIC,ARCHIVED_INTERNAL_EXPLORATION_NOT_GAS_EVIDENCE,antmaze-medium-navigate-v0,44,20,0,46,23,23,pos,,0,,,
stage30_official_gas_keygraph_audit,OFFICIAL_GAS_KEYGRAPH_NODE_DIAGNOSTIC,ARCHIVED_INTERNAL_EXPLORATION_NOT_GAS_EVIDENCE,antmaze-medium-navigate-v0,44,21,0,60,30,30,pos,,0,,,
stage30_official_gas_keygraph_audit,OFFICIAL_GAS_KEYGRAPH_NODE_DIAGNOSTIC,ARCHIVED_INTERNAL_EXPLORATION_NOT_GAS_EVIDENCE,antmaze-medium-navigate-v0,44,22,0,58,29,29,pos,,0,,,
stage30_official_gas_keygraph_audit,OFFICIAL_GAS_KEYGRAPH_NODE_DIAGNOSTIC,ARCHIVED_INTERNAL_EXPLORATION_NOT_GAS_EVIDENCE,antmaze-medium-navigate-v0,44,23,0,46,23,23,pos,,0,,,
stage30_official_gas_keygraph_audit,OFFICIAL_GAS_KEYGRAPH_NODE_DIAGNOSTIC,ARCHIVED_INTERNAL_EXPLORATION_NOT_GAS_EVIDENCE,antmaze-medium-navigate-v0,44,24,0,32,16,16,pos,,0,,,
stage30_official_gas_keygraph_audit,OFFICIAL_GAS_KEYGRAPH_NODE_DIAGNOSTIC,ARCHIVED_INTERNAL_EXPLORATION_NOT_GAS_EVIDENCE,antmaze-medium-navigate-v0,44,25,0,28,14,14,pos,,0,,,
stage30_official_gas_keygraph_audit,OFFICIAL_GAS_KEYGRAPH_NODE_DIAGNOSTIC,ARCHIVED_INTERNAL_EXPLORATION_NOT_GAS_EVIDENCE,antmaze-medium-navigate-v0,44,26,0,32,16,16,pos,,0,,,
stage30_official_gas_keygraph_audit,OFFICIAL_GAS_KEYGRAPH_NODE_DIAGNOSTIC,ARCHIVED_INTERNAL_EXPLORATION_NOT_GAS_EVIDENCE,antmaze-medium-navigate-v0,44,27,0,60,30,30,pos,,0,,,
stage30_official_gas_keygraph_audit,OFFICIAL_GAS_KEYGRAPH_NODE_DIAGNOSTIC,ARCHIVED_INTERNAL_EXPLORATION_NOT_GAS_EVIDENCE,antmaze-medium-navigate-v0,44,28,0,38,19,19,pos,,0,,,
stage30_official_gas_keygraph_audit,OFFICIAL_GAS_KEYGRAPH_NODE_DIAGNOSTIC,ARCHIVED_INTERNAL_EXPLORATION_NOT_GAS_EVIDENCE,antmaze-medium-navigate-v0,44,29,0,34,17,17,pos,,0,,,
stage30_official_gas_keygraph_audit,OFFICIAL_GAS_KEYGRAPH_NODE_DIAGNOSTIC,ARCHIVED_INTERNAL_EXPLORATION_NOT_GAS_EVIDENCE,antmaze-medium-navigate-v0,44,30,0,32,16,16,pos,,0,,,
stage30_official_gas_keygraph_audit,OFFICIAL_GAS_KEYGRAPH_NODE_DIAGNOSTIC,ARCHIVED_INTERNAL_EXPLORATION_NOT_GAS_EVIDENCE,antmaze-medium-navigate-v0,44,31,0,40,20,20,pos,,0,,,
stage30_official_gas_keygraph_audit,OFFICIAL_GAS_KEYGRAPH_NODE_DIAGNOSTIC,ARCHIVED_INTERNAL_EXPLORATION_NOT_GAS_EVIDENCE,antmaze-medium-navigate-v0,44,32,0,40,20,20,pos,,0,,,
stage30_official_gas_keygraph_audit,OFFICIAL_GAS_KEYGRAPH_NODE_DIAGNOSTIC,ARCHIVED_INTERNAL_EXPLORATION_NOT_GAS_EVIDENCE,antmaze-medium-navigate-v0,44,33,0,12,6,6,pos,,0,,,
stage30_official_gas_keygraph_audit,OFFICIAL_GAS_KEYGRAPH_NODE_DIAGNOSTIC,ARCHIVED_INTERNAL_EXPLORATION_NOT_GAS_EVIDENCE,antmaze-medium-navigate-v0,44,34,0,42,21,21,pos,,0,,,
stage30_official_gas_keygraph_audit,OFFICIAL_GAS_KEYGRAPH_NODE_DIAGNOSTIC,ARCHIVED_INTERNAL_EXPLORATION_NOT_GAS_EVIDENCE,antmaze-medium-navigate-v0,44,35,0,50,25,25,pos,,0,,,
stage30_official_gas_keygraph_audit,OFFICIAL_GAS_KEYGRAPH_NODE_DIAGNOSTIC,ARCHIVED_INTERNAL_EXPLORATION_NOT_GAS_EVIDENCE,antmaze-medium-navigate-v0,44,36,0,62,31,31,pos,,0,,,
stage30_official_gas_keygraph_audit,OFFICIAL_GAS_KEYGRAPH_NODE_DIAGNOSTIC,ARCHIVED_INTERNAL_EXPLORATION_NOT_GAS_EVIDENCE,antmaze-medium-navigate-v0,44,37,0,76,38,38,pos,,0,,,
stage30_official_gas_keygraph_audit,OFFICIAL_GAS_KEYGRAPH_NODE_DIAGNOSTIC,ARCHIVED_INTERNAL_EXPLORATION_NOT_GAS_EVIDENCE,antmaze-medium-navigate-v0,44,38,0,52,26,26,pos,,0,,,
stage30_official_gas_keygraph_audit,OFFICIAL_GAS_KEYGRAPH_NODE_DIAGNOSTIC,ARCHIVED_INTERNAL_EXPLORATION_NOT_GAS_EVIDENCE,antmaze-medium-navigate-v0,44,39,0,54,27,27,pos,,0,,,
stage30_official_gas_keygraph_audit,OFFICIAL_GAS_KEYGRAPH_NODE_DIAGNOSTIC,ARCHIVED_INTERNAL_EXPLORATION_NOT_GAS_EVIDENCE,antmaze-medium-navigate-v0,44,40,0,32,16,16,pos,,0,,,
stage30_official_gas_keygraph_audit,OFFICIAL_GAS_KEYGRAPH_NODE_DIAGNOSTIC,ARCHIVED_INTERNAL_EXPLORATION_NOT_GAS_EVIDENCE,antmaze-medium-navigate-v0,44,41,0,52,26,26,pos,,0,,,
stage30_official_gas_keygraph_audit,OFFICIAL_GAS_KEYGRAPH_NODE_DIAGNOSTIC,ARCHIVED_INTERNAL_EXPLORATION_NOT_GAS_EVIDENCE,antmaze-medium-navigate-v0,44,42,0,46,23,23,pos,,0,,,
stage30_official_gas_keygraph_audit,OFFICIAL_GAS_KEYGRAPH_NODE_DIAGNOSTIC,ARCHIVED_INTERNAL_EXPLORATION_NOT_GAS_EVIDENCE,antmaze-medium-navigate-v0,44,43,0,68,34,34,pos,,0,,,
stage30_official_gas_keygraph_audit,OFFICIAL_GAS_KEYGRAPH_NODE_DIAGNOSTIC,ARCHIVED_INTERNAL_EXPLORATION_NOT_GAS_EVIDENCE,antmaze-medium-navigate-v0,44,44,0,32,16,16,pos,,0,,,
stage30_official_gas_keygraph_audit,OFFICIAL_GAS_KEYGRAPH_NODE_DIAGNOSTIC,ARCHIVED_INTERNAL_EXPLORATION_NOT_GAS_EVIDENCE,antmaze-medium-navigate-v0,44,45,0,22,11,11,pos,,0,,,
stage30_official_gas_keygraph_audit,OFFICIAL_GAS_KEYGRAPH_NODE_DIAGNOSTIC,ARCHIVED_INTERNAL_EXPLORATION_NOT_GAS_EVIDENCE,antmaze-medium-navigate-v0,44,46,0,24,12,12,pos,,0,,,
stage30_official_gas_keygraph_audit,OFFICIAL_GAS_KEYGRAPH_NODE_DIAGNOSTIC,ARCHIVED_INTERNAL_EXPLORATION_NOT_GAS_EVIDENCE,antmaze-medium-navigate-v0,44,47,0,62,31,31,pos,,0,,,
stage30_official_gas_keygraph_audit,OFFICIAL_GAS_KEYGRAPH_NODE_DIAGNOSTIC,ARCHIVED_INTERNAL_EXPLORATION_NOT_GAS_EVIDENCE,antmaze-medium-navigate-v0,44,48,0,28,14,14,pos,,0,,,
stage30_official_gas_keygraph_audit,OFFICIAL_GAS_KEYGRAPH_NODE_DIAGNOSTIC,ARCHIVED_INTERNAL_EXPLORATION_NOT_GAS_EVIDENCE,antmaze-medium-navigate-v0,44,49,0,38,19,19,pos,,0,,,
stage30_official_gas_keygraph_audit,OFFICIAL_GAS_KEYGRAPH_NODE_DIAGNOSTIC,ARCHIVED_INTERNAL_EXPLORATION_NOT_GAS_EVIDENCE,antmaze-medium-navigate-v0,44,50,0,42,21,21,pos,,0,,,
stage30_official_gas_keygraph_audit,OFFICIAL_GAS_KEYGRAPH_NODE_DIAGNOSTIC,ARCHIVED_INTERNAL_EXPLORATION_NOT_GAS_EVIDENCE,antmaze-medium-navigate-v0,44,51,0,68,34,34,pos,,0,,,
stage30_official_gas_keygraph_audit,OFFICIAL_GAS_KEYGRAPH_NODE_DIAGNOSTIC,ARCHIVED_INTERNAL_EXPLORATION_NOT_GAS_EVIDENCE,antmaze-medium-navigate-v0,44,52,0,26,13,13,pos,,0,,,
stage30_official_gas_keygraph_audit,OFFICIAL_GAS_KEYGRAPH_NODE_DIAGNOSTIC,ARCHIVED_INTERNAL_EXPLORATION_NOT_GAS_EVIDENCE,antmaze-medium-navigate-v0,44,53,0,26,13,13,pos,,0,,,
stage30_official_gas_keygraph_audit,OFFICIAL_GAS_KEYGRAPH_NODE_DIAGNOSTIC,ARCHIVED_INTERNAL_EXPLORATION_NOT_GAS_EVIDENCE,antmaze-medium-navigate-v0,44,54,0,36,18,18,pos,,0,,,
stage30_official_gas_keygraph_audit,OFFICIAL_GAS_KEYGRAPH_NODE_DIAGNOSTIC,ARCHIVED_INTERNAL_EXPLORATION_NOT_GAS_EVIDENCE,antmaze-medium-navigate-v0,44,55,0,42,21,21,pos,,0,,,
stage30_official_gas_keygraph_audit,OFFICIAL_GAS_KEYGRAPH_NODE_DIAGNOSTIC,ARCHIVED_INTERNAL_EXPLORATION_NOT_GAS_EVIDENCE,antmaze-medium-navigate-v0,44,56,0,34,17,17,pos,,0,,,
stage30_official_gas_keygraph_audit,OFFICIAL_GAS_KEYGRAPH_NODE_DIAGNOSTIC,ARCHIVED_INTERNAL_EXPLORATION_NOT_GAS_EVIDENCE,antmaze-medium-navigate-v0,44,57,0,54,27,27,pos,,0,,,
stage30_official_gas_keygraph_audit,OFFICIAL_GAS_KEYGRAPH_NODE_DIAGNOSTIC,ARCHIVED_INTERNAL_EXPLORATION_NOT_GAS_EVIDENCE,antmaze-medium-navigate-v0,44,58,0,62,31,31,pos,,0,,,
stage30_official_gas_keygraph_audit,OFFICIAL_GAS_KEYGRAPH_NODE_DIAGNOSTIC,ARCHIVED_INTERNAL_EXPLORATION_NOT_GAS_EVIDENCE,antmaze-medium-navigate-v0,44,59,0,28,14,14,pos,,0,,,
stage30_official_gas_keygraph_audit,OFFICIAL_GAS_KEYGRAPH_NODE_DIAGNOSTIC,ARCHIVED_INTERNAL_EXPLORATION_NOT_GAS_EVIDENCE,antmaze-medium-navigate-v0,44,60,0,54,27,27,pos,,0,,,
stage30_official_gas_keygraph_audit,OFFICIAL_GAS_KEYGRAPH_NODE_DIAGNOSTIC,ARCHIVED_INTERNAL_EXPLORATION_NOT_GAS_EVIDENCE,antmaze-medium-navigate-v0,44,61,0,42,21,21,pos,,0,,,
stage30_official_gas_keygraph_audit,OFFICIAL_GAS_KEYGRAPH_NODE_DIAGNOSTIC,ARCHIVED_INTERNAL_EXPLORATION_NOT_GAS_EVIDENCE,antmaze-medium-navigate-v0,44,62,0,30,15,15,pos,,0,,,
stage30_official_gas_keygraph_audit,OFFICIAL_GAS_KEYGRAPH_NODE_DIAGNOSTIC,ARCHIVED_INTERNAL_EXPLORATION_NOT_GAS_EVIDENCE,antmaze-medium-navigate-v0,44,63,0,8,4,4,pos,,0,,,
stage30_official_gas_keygraph_audit,OFFICIAL_GAS_KEYGRAPH_NODE_DIAGNOSTIC,ARCHIVED_INTERNAL_EXPLORATION_NOT_GAS_EVIDENCE,antmaze-medium-navigate-v0,44,64,0,8,4,4,pos,,0,,,
stage30_official_gas_keygraph_audit,OFFICIAL_GAS_KEYGRAPH_NODE_DIAGNOSTIC,ARCHIVED_INTERNAL_EXPLORATION_NOT_GAS_EVIDENCE,antmaze-medium-navigate-v0,44,65,0,42,21,21,pos,,0,,,
stage30_official_gas_keygraph_audit,OFFICIAL_GAS_KEYGRAPH_NODE_DIAGNOSTIC,ARCHIVED_INTERNAL_EXPLORATION_NOT_GAS_EVIDENCE,antmaze-medium-navigate-v0,44,66,0,66,33,33,pos,,0,,,
stage30_official_gas_keygraph_audit,OFFICIAL_GAS_KEYGRAPH_NODE_DIAGNOSTIC,ARCHIVED_INTERNAL_EXPLORATION_NOT_GAS_EVIDENCE,antmaze-medium-navigate-v0,44,67,0,40,20,20,pos,,0,,,
stage30_official_gas_keygraph_audit,OFFICIAL_GAS_KEYGRAPH_NODE_DIAGNOSTIC,ARCHIVED_INTERNAL_EXPLORATION_NOT_GAS_EVIDENCE,antmaze-medium-navigate-v0,44,68,0,14,7,7,pos,,0,,,
stage30_official_gas_keygraph_audit,OFFICIAL_GAS_KEYGRAPH_NODE_DIAGNOSTIC,ARCHIVED_INTERNAL_EXPLORATION_NOT_GAS_EVIDENCE,antmaze-medium-navigate-v0,44,69,0,32,16,16,pos,,0,,,
stage30_official_gas_keygraph_audit,OFFICIAL_GAS_KEYGRAPH_NODE_DIAGNOSTIC,ARCHIVED_INTERNAL_EXPLORATION_NOT_GAS_EVIDENCE,antmaze-medium-navigate-v0,44,70,0,56,28,28,pos,,0,,,
stage30_official_gas_keygraph_audit,OFFICIAL_GAS_KEYGRAPH_NODE_DIAGNOSTIC,ARCHIVED_INTERNAL_EXPLORATION_NOT_GAS_EVIDENCE,antmaze-medium-navigate-v0,44,71,0,44,22,22,pos,,0,,,
stage30_official_gas_keygraph_audit,OFFICIAL_GAS_KEYGRAPH_NODE_DIAGNOSTIC,ARCHIVED_INTERNAL_EXPLORATION_NOT_GAS_EVIDENCE,antmaze-medium-navigate-v0,44,72,0,28,14,14,pos,,0,,,
stage30_official_gas_keygraph_audit,OFFICIAL_GAS_KEYGRAPH_NODE_DIAGNOSTIC,ARCHIVED_INTERNAL_EXPLORATION_NOT_GAS_EVIDENCE,antmaze-medium-navigate-v0,44,73,0,20,10,10,pos,,0,,,
stage30_official_gas_keygraph_audit,OFFICIAL_GAS_KEYGRAPH_NODE_DIAGNOSTIC,ARCHIVED_INTERNAL_EXPLORATION_NOT_GAS_EVIDENCE,antmaze-medium-navigate-v0,44,74,0,46,23,23,pos,,0,,,
stage30_official_gas_keygraph_audit,OFFICIAL_GAS_KEYGRAPH_NODE_DIAGNOSTIC,ARCHIVED_INTERNAL_EXPLORATION_NOT_GAS_EVIDENCE,antmaze-medium-navigate-v0,44,75,0,26,13,13,pos,,0,,,
stage30_official_gas_keygraph_audit,OFFICIAL_GAS_KEYGRAPH_NODE_DIAGNOSTIC,ARCHIVED_INTERNAL_EXPLORATION_NOT_GAS_EVIDENCE,antmaze-medium-navigate-v0,44,76,0,40,20,20,pos,,0,,,
stage30_official_gas_keygraph_audit,OFFICIAL_GAS_KEYGRAPH_NODE_DIAGNOSTIC,ARCHIVED_INTERNAL_EXPLORATION_NOT_GAS_EVIDENCE,antmaze-medium-navigate-v0,44,77,0,46,23,23,pos,,0,,,
stage30_official_gas_keygraph_audit,OFFICIAL_GAS_KEYGRAPH_NODE_DIAGNOSTIC,ARCHIVED_INTERNAL_EXPLORATION_NOT_GAS_EVIDENCE,antmaze-medium-navigate-v0,44,78,0,76,38,38,pos,,0,,,
stage30_official_gas_keygraph_audit,OFFICIAL_GAS_KEYGRAPH_NODE_DIAGNOSTIC,ARCHIVED_INTERNAL_EXPLORATION_NOT_GAS_EVIDENCE,antmaze-medium-navigate-v0,44,79,0,34,17,17,pos,,0,,,
stage30_official_gas_keygraph_audit,OFFICIAL_GAS_KEYGRAPH_NODE_DIAGNOSTIC,ARCHIVED_INTERNAL_EXPLORATION_NOT_GAS_EVIDENCE,antmaze-medium-navigate-v0,44,80,0,32,16,16,pos,,0,,,
stage30_official_gas_keygraph_audit,OFFICIAL_GAS_KEYGRAPH_NODE_DIAGNOSTIC,ARCHIVED_INTERNAL_EXPLORATION_NOT_GAS_EVIDENCE,antmaze-medium-navigate-v0,44,81,0,48,24,24,pos,,0,,,
stage30_official_gas_keygraph_audit,OFFICIAL_GAS_KEYGRAPH_NODE_DIAGNOSTIC,ARCHIVED_INTERNAL_EXPLORATION_NOT_GAS_EVIDENCE,antmaze-medium-navigate-v0,44,82,0,42,21,21,pos,,0,,,
stage30_official_gas_keygraph_audit,OFFICIAL_GAS_KEYGRAPH_NODE_DIAGNOSTIC,ARCHIVED_INTERNAL_EXPLORATION_NOT_GAS_EVIDENCE,antmaze-medium-navigate-v0,44,83,0,40,20,20,pos,,0,,,
stage30_official_gas_keygraph_audit,OFFICIAL_GAS_KEYGRAPH_NODE_DIAGNOSTIC,ARCHIVED_INTERNAL_EXPLORATION_NOT_GAS_EVIDENCE,antmaze-medium-navigate-v0,44,84,0,34,17,17,pos,,0,,,
stage30_official_gas_keygraph_audit,OFFICIAL_GAS_KEYGRAPH_NODE_DIAGNOSTIC,ARCHIVED_INTERNAL_EXPLORATION_NOT_GAS_EVIDENCE,antmaze-medium-navigate-v0,44,85,0,36,18,18,pos,,0,,,
stage30_official_gas_keygraph_audit,OFFICIAL_GAS_KEYGRAPH_NODE_DIAGNOSTIC,ARCHIVED_INTERNAL_EXPLORATION_NOT_GAS_EVIDENCE,antmaze-medium-navigate-v0,44,86,0,48,24,24,pos,,0,,,
stage30_official_gas_keygraph_audit,OFFICIAL_GAS_KEYGRAPH_NODE_DIAGNOSTIC,ARCHIVED_INTERNAL_EXPLORATION_NOT_GAS_EVIDENCE,antmaze-medium-navigate-v0,44,87,0,36,18,18,pos,,0,,,
stage30_official_gas_keygraph_audit,OFFICIAL_GAS_KEYGRAPH_NODE_DIAGNOSTIC,ARCHIVED_INTERNAL_EXPLORATION_NOT_GAS_EVIDENCE,antmaze-medium-navigate-v0,44,88,0,48,24,24,pos,,0,,,
stage30_official_gas_keygraph_audit,OFFICIAL_GAS_KEYGRAPH_NODE_DIAGNOSTIC,ARCHIVED_INTERNAL_EXPLORATION_NOT_GAS_EVIDENCE,antmaze-medium-navigate-v0,44,89,0,54,27,27,pos,,0,,,
stage30_official_gas_keygraph_audit,OFFICIAL_GAS_KEYGRAPH_NODE_DIAGNOSTIC,ARCHIVED_INTERNAL_EXPLORATION_NOT_GAS_EVIDENCE,antmaze-medium-navigate-v0,44,90,0,46,23,23,pos,,0,,,
stage30_official_gas_keygraph_audit,OFFICIAL_GAS_KEYGRAPH_NODE_DIAGNOSTIC,ARCHIVED_INTERNAL_EXPLORATION_NOT_GAS_EVIDENCE,antmaze-medium-navigate-v0,44,91,0,42,21,21,pos,,0,,,
stage30_official_gas_keygraph_audit,OFFICIAL_GAS_KEYGRAPH_NODE_DIAGNOSTIC,ARCHIVED_INTERNAL_EXPLORATION_NOT_GAS_EVIDENCE,antmaze-medium-navigate-v0,44,92,0,26,13,13,pos,,0,,,
stage30_official_gas_keygraph_audit,OFFICIAL_GAS_KEYGRAPH_NODE_DIAGNOSTIC,ARCHIVED_INTERNAL_EXPLORATION_NOT_GAS_EVIDENCE,antmaze-medium-navigate-v0,44,93,0,50,25,25,pos,,0,,,
stage30_official_gas_keygraph_audit,OFFICIAL_GAS_KEYGRAPH_NODE_DIAGNOSTIC,ARCHIVED_INTERNAL_EXPLORATION_NOT_GAS_EVIDENCE,antmaze-medium-navigate-v0,44,94,0,56,28,28,pos,,0,,,
stage30_official_gas_keygraph_audit,OFFICIAL_GAS_KEYGRAPH_NODE_DIAGNOSTIC,ARCHIVED_INTERNAL_EXPLORATION_NOT_GAS_EVIDENCE,antmaze-medium-navigate-v0,44,95,0,30,15,15,pos,,0,,,
stage30_official_gas_keygraph_audit,OFFICIAL_GAS_KEYGRAPH_NODE_DIAGNOSTIC,ARCHIVED_INTERNAL_EXPLORATION_NOT_GAS_EVIDENCE,antmaze-medium-navigate-v0,44,96,0,52,26,26,pos,,0,,,
stage30_official_gas_keygraph_audit,OFFICIAL_GAS_KEYGRAPH_NODE_DIAGNOSTIC,ARCHIVED_INTERNAL_EXPLORATION_NOT_GAS_EVIDENCE,antmaze-medium-navigate-v0,44,97,0,28,14,14,pos,,0,,,
stage30_official_gas_keygraph_audit,OFFICIAL_GAS_KEYGRAPH_NODE_DIAGNOSTIC,ARCHIVED_INTERNAL_EXPLORATION_NOT_GAS_EVIDENCE,antmaze-medium-navigate-v0,44,98,0,6,3,3,pos,,0,,,
stage30_official_gas_keygraph_audit,OFFICIAL_GAS_KEYGRAPH_NODE_DIAGNOSTIC,ARCHIVED_INTERNAL_EXPLORATION_NOT_GAS_EVIDENCE,antmaze-medium-navigate-v0,44,99,0,26,13,13,pos,,0,,,
stage30_official_gas_keygraph_audit,OFFICIAL_GAS_KEYGRAPH_NODE_DIAGNOSTIC,ARCHIVED_INTERNAL_EXPLORATION_NOT_GAS_EVIDENCE,antmaze-medium-navigate-v0,44,100,0,46,23,23,pos,,0,,,
stage30_official_gas_keygraph_audit,OFFICIAL_GAS_KEYGRAPH_NODE_DIAGNOSTIC,ARCHIVED_INTERNAL_EXPLORATION_NOT_GAS_EVIDENCE,antmaze-medium-navigate-v0,44,101,0,44,22,22,pos,,0,,,
stage30_official_gas_keygraph_audit,OFFICIAL_GAS_KEYGRAPH_NODE_DIAGNOSTIC,ARCHIVED_INTERNAL_EXPLORATION_NOT_GAS_EVIDENCE,antmaze-medium-navigate-v0,44,102,0,82,41,41,pos,,0,,,
stage30_official_gas_keygraph_audit,OFFICIAL_GAS_KEYGRAPH_NODE_DIAGNOSTIC,ARCHIVED_INTERNAL_EXPLORATION_NOT_GAS_EVIDENCE,antmaze-medium-navigate-v0,44,103,0,42,21,21,pos,,0,,,
stage30_official_gas_keygraph_audit,OFFICIAL_GAS_KEYGRAPH_NODE_DIAGNOSTIC,ARCHIVED_INTERNAL_EXPLORATION_NOT_GAS_EVIDENCE,antmaze-medium-navigate-v0,44,104,0,50,25,25,pos,,0,,,
stage30_official_gas_keygraph_audit,OFFICIAL_GAS_KEYGRAPH_NODE_DIAGNOSTIC,ARCHIVED_INTERNAL_EXPLORATION_NOT_GAS_EVIDENCE,antmaze-medium-navigate-v0,44,105,0,36,18,18,pos,,0,,,
stage30_official_gas_keygraph_audit,OFFICIAL_GAS_KEYGRAPH_NODE_DIAGNOSTIC,ARCHIVED_INTERNAL_EXPLORATION_NOT_GAS_EVIDENCE,antmaze-medium-navigate-v0,44,106,0,48,24,24,pos,,0,,,
stage30_official_gas_keygraph_audit,OFFICIAL_GAS_KEYGRAPH_NODE_DIAGNOSTIC,ARCHIVED_INTERNAL_EXPLORATION_NOT_GAS_EVIDENCE,antmaze-medium-navigate-v0,44,107,0,34,17,17,pos,,0,,,
stage30_official_gas_keygraph_audit,OFFICIAL_GAS_KEYGRAPH_NODE_DIAGNOSTIC,ARCHIVED_INTERNAL_EXPLORATION_NOT_GAS_EVIDENCE,antmaze-medium-navigate-v0,44,108,0,46,23,23,pos,,0,,,
stage30_official_gas_keygraph_audit,OFFICIAL_GAS_KEYGRAPH_NODE_DIAGNOSTIC,ARCHIVED_INTERNAL_EXPLORATION_NOT_GAS_EVIDENCE,antmaze-medium-navigate-v0,44,109,0,50,25,25,pos,,0,,,
stage30_official_gas_keygraph_audit,OFFICIAL_GAS_KEYGRAPH_NODE_DIAGNOSTIC,ARCHIVED_INTERNAL_EXPLORATION_NOT_GAS_EVIDENCE,antmaze-medium-navigate-v0,44,110,0,34,17,17,pos,,0,,,
stage30_official_gas_keygraph_audit,OFFICIAL_GAS_KEYGRAPH_NODE_DIAGNOSTIC,ARCHIVED_INTERNAL_EXPLORATION_NOT_GAS_EVIDENCE,antmaze-medium-navigate-v0,44,111,0,28,14,14,pos,,0,,,
stage30_official_gas_keygraph_audit,OFFICIAL_GAS_KEYGRAPH_NODE_DIAGNOSTIC,ARCHIVED_INTERNAL_EXPLORATION_NOT_GAS_EVIDENCE,antmaze-medium-navigate-v0,44,112,0,44,22,22,pos,,0,,,
stage30_official_gas_keygraph_audit,OFFICIAL_GAS_KEYGRAPH_NODE_DIAGNOSTIC,ARCHIVED_INTERNAL_EXPLORATION_NOT_GAS_EVIDENCE,antmaze-medium-navigate-v0,44,113,0,36,18,18,pos,,0,,,
stage30_official_gas_keygraph_audit,OFFICIAL_GAS_KEYGRAPH_NODE_DIAGNOSTIC,ARCHIVED_INTERNAL_EXPLORATION_NOT_GAS_EVIDENCE,antmaze-medium-navigate-v0,44,114,0,40,20,20,pos,,0,,,
stage30_official_gas_keygraph_audit,OFFICIAL_GAS_KEYGRAPH_NODE_DIAGNOSTIC,ARCHIVED_INTERNAL_EXPLORATION_NOT_GAS_EVIDENCE,antmaze-medium-navigate-v0,44,115,0,46,23,23,pos,,0,,,
stage30_official_gas_keygraph_audit,OFFICIAL_GAS_KEYGRAPH_NODE_DIAGNOSTIC,ARCHIVED_INTERNAL_EXPLORATION_NOT_GAS_EVIDENCE,antmaze-medium-navigate-v0,44,116,0,44,22,22,pos,,0,,,
stage30_official_gas_keygraph_audit,OFFICIAL_GAS_KEYGRAPH_NODE_DIAGNOSTIC,ARCHIVED_INTERNAL_EXPLORATION_NOT_GAS_EVIDENCE,antmaze-medium-navigate-v0,44,117,0,46,23,23,pos,,0,,,
stage30_official_gas_keygraph_audit,OFFICIAL_GAS_KEYGRAPH_NODE_DIAGNOSTIC,ARCHIVED_INTERNAL_EXPLORATION_NOT_GAS_EVIDENCE,antmaze-medium-navigate-v0,44,118,0,30,15,15,pos,,0,,,
stage30_official_gas_keygraph_audit,OFFICIAL_GAS_KEYGRAPH_NODE_DIAGNOSTIC,ARCHIVED_INTERNAL_EXPLORATION_NOT_GAS_EVIDENCE,antmaze-medium-navigate-v0,44,119,0,2,1,1,pos,,0,,,
stage30_official_gas_keygraph_audit,OFFICIAL_GAS_KEYGRAPH_NODE_DIAGNOSTIC,ARCHIVED_INTERNAL_EXPLORATION_NOT_GAS_EVIDENCE,antmaze-medium-navigate-v0,44,120,0,8,4,4,pos,,0,,,
stage30_official_gas_keygraph_audit,OFFICIAL_GAS_KEYGRAPH_NODE_DIAGNOSTIC,ARCHIVED_INTERNAL_EXPLORATION_NOT_GAS_EVIDENCE,antmaze-medium-navigate-v0,44,121,0,56,28,28,pos,,0,,,
stage30_official_gas_keygraph_audit,OFFICIAL_GAS_KEYGRAPH_NODE_DIAGNOSTIC,ARCHIVED_INTERNAL_EXPLORATION_NOT_GAS_EVIDENCE,antmaze-medium-navigate-v0,44,122,0,46,23,23,pos,,0,,,
stage30_official_gas_keygraph_audit,OFFICIAL_GAS_KEYGRAPH_NODE_DIAGNOSTIC,ARCHIVED_INTERNAL_EXPLORATION_NOT_GAS_EVIDENCE,antmaze-medium-navigate-v0,44,123,0,48,24,24,pos,,0,,,
stage30_official_gas_keygraph_audit,OFFICIAL_GAS_KEYGRAPH_NODE_DIAGNOSTIC,ARCHIVED_INTERNAL_EXPLORATION_NOT_GAS_EVIDENCE,antmaze-medium-navigate-v0,44,124,0,42,21,21,pos,,0,,,
stage30_official_gas_keygraph_audit,OFFICIAL_GAS_KEYGRAPH_NODE_DIAGNOSTIC,ARCHIVED_INTERNAL_EXPLORATION_NOT_GAS_EVIDENCE,antmaze-medium-navigate-v0,44,125,0,50,25,25,pos,,0,,,
stage30_official_gas_keygraph_audit,OFFICIAL_GAS_KEYGRAPH_NODE_DIAGNOSTIC,ARCHIVED_INTERNAL_EXPLORATION_NOT_GAS_EVIDENCE,antmaze-medium-navigate-v0,44,126,0,44,22,22,pos,,0,,,
stage30_official_gas_keygraph_audit,OFFICIAL_GAS_KEYGRAPH_NODE_DIAGNOSTIC,ARCHIVED_INTERNAL_EXPLORATION_NOT_GAS_EVIDENCE,antmaze-medium-navigate-v0,44,127,0,14,7,7,pos,,0,,,
stage30_official_gas_keygraph_audit,OFFICIAL_GAS_KEYGRAPH_NODE_DIAGNOSTIC,ARCHIVED_INTERNAL_EXPLORATION_NOT_GAS_EVIDENCE,antmaze-medium-navigate-v0,44,128,0,30,15,15,pos,,0,,,
stage30_official_gas_keygraph_audit,OFFICIAL_GAS_KEYGRAPH_NODE_DIAGNOSTIC,ARCHIVED_INTERNAL_EXPLORATION_NOT_GAS_EVIDENCE,antmaze-medium-navigate-v0,44,129,0,34,17,17,pos,,0,,,
stage30_official_gas_keygraph_audit,OFFICIAL_GAS_KEYGRAPH_NODE_DIAGNOSTIC,ARCHIVED_INTERNAL_EXPLORATION_NOT_GAS_EVIDENCE,antmaze-medium-navigate-v0,44,130,0,30,15,15,pos,,0,,,
stage30_official_gas_keygraph_audit,OFFICIAL_GAS_KEYGRAPH_NODE_DIAGNOSTIC,ARCHIVED_INTERNAL_EXPLORATION_NOT_GAS_EVIDENCE,antmaze-medium-navigate-v0,44,131,0,42,21,21,pos,,0,,,
stage30_official_gas_keygraph_audit,OFFICIAL_GAS_KEYGRAPH_NODE_DIAGNOSTIC,ARCHIVED_INTERNAL_EXPLORATION_NOT_GAS_EVIDENCE,antmaze-medium-navigate-v0,44,132,0,54,27,27,pos,,0,,,
stage30_official_gas_keygraph_audit,OFFICIAL_GAS_KEYGRAPH_NODE_DIAGNOSTIC,ARCHIVED_INTERNAL_EXPLORATION_NOT_GAS_EVIDENCE,antmaze-medium-navigate-v0,44,133,0,28,14,14,pos,,0,,,
stage30_official_gas_keygraph_audit,OFFICIAL_GAS_KEYGRAPH_NODE_DIAGNOSTIC,ARCHIVED_INTERNAL_EXPLORATION_NOT_GAS_EVIDENCE,antmaze-medium-navigate-v0,44,134,0,8,4,4,pos,,0,,,
stage30_official_gas_keygraph_audit,OFFICIAL_GAS_KEYGRAPH_NODE_DIAGNOSTIC,ARCHIVED_INTERNAL_EXPLORATION_NOT_GAS_EVIDENCE,antmaze-medium-navigate-v0,44,135,0,6,3,3,pos,,0,,,
stage30_official_gas_keygraph_audit,OFFICIAL_GAS_KEYGRAPH_NODE_DIAGNOSTIC,ARCHIVED_INTERNAL_EXPLORATION_NOT_GAS_EVIDENCE,antmaze-medium-navigate-v0,44,136,0,36,18,18,pos,,0,,,
stage30_official_gas_keygraph_audit,OFFICIAL_GAS_KEYGRAPH_NODE_DIAGNOSTIC,ARCHIVED_INTERNAL_EXPLORATION_NOT_GAS_EVIDENCE,antmaze-medium-navigate-v0,44,137,0,38,19,19,pos,,0,,,
stage30_official_gas_keygraph_audit,OFFICIAL_GAS_KEYGRAPH_NODE_DIAGNOSTIC,ARCHIVED_INTERNAL_EXPLORATION_NOT_GAS_EVIDENCE,antmaze-medium-navigate-v0,44,138,0,30,15,15,pos,,0,,,
stage30_official_gas_keygraph_audit,OFFICIAL_GAS_KEYGRAPH_NODE_DIAGNOSTIC,ARCHIVED_INTERNAL_EXPLORATION_NOT_GAS_EVIDENCE,antmaze-medium-navigate-v0,44,139,0,50,25,25,pos,,0,,,
stage30_official_gas_keygraph_audit,OFFICIAL_GAS_KEYGRAPH_NODE_DIAGNOSTIC,ARCHIVED_INTERNAL_EXPLORATION_NOT_GAS_EVIDENCE,antmaze-medium-navigate-v0,44,140,0,36,18,18,pos,,0,,,
stage30_official_gas_keygraph_audit,OFFICIAL_GAS_KEYGRAPH_NODE_DIAGNOSTIC,ARCHIVED_INTERNAL_EXPLORATION_NOT_GAS_EVIDENCE,antmaze-medium-navigate-v0,44,141,0,46,23,23,pos,,0,,,
stage30_official_gas_keygraph_audit,OFFICIAL_GAS_KEYGRAPH_NODE_DIAGNOSTIC,ARCHIVED_INTERNAL_EXPLORATION_NOT_GAS_EVIDENCE,antmaze-medium-navigate-v0,44,142,0,44,22,22,pos,,0,,,
stage30_official_gas_keygraph_audit,OFFICIAL_GAS_KEYGRAPH_NODE_DIAGNOSTIC,ARCHIVED_INTERNAL_EXPLORATION_NOT_GAS_EVIDENCE,antmaze-medium-navigate-v0,44,143,0,62,31,31,pos,,0,,,
stage30_official_gas_keygraph_audit,OFFICIAL_GAS_KEYGRAPH_NODE_DIAGNOSTIC,ARCHIVED_INTERNAL_EXPLORATION_NOT_GAS_EVIDENCE,antmaze-medium-navigate-v0,44,144,0,30,15,15,pos,,0,,,
stage30_official_gas_keygraph_audit,OFFICIAL_GAS_KEYGRAPH_NODE_DIAGNOSTIC,ARCHIVED_INTERNAL_EXPLORATION_NOT_GAS_EVIDENCE,antmaze-medium-navigate-v0,44,145,0,46,23,23,pos,,0,,,
stage30_official_gas_keygraph_audit,OFFICIAL_GAS_KEYGRAPH_NODE_DIAGNOSTIC,ARCHIVED_INTERNAL_EXPLORATION_NOT_GAS_EVIDENCE,antmaze-medium-navigate-v0,44,146,0,40,20,20,pos,,0,,,
stage30_official_gas_keygraph_audit,OFFICIAL_GAS_KEYGRAPH_NODE_DIAGNOSTIC,ARCHIVED_INTERNAL_EXPLORATION_NOT_GAS_EVIDENCE,antmaze-medium-navigate-v0,44,147,0,48,24,24,pos,,0,,,
stage30_official_gas_keygraph_audit,OFFICIAL_GAS_KEYGRAPH_NODE_DIAGNOSTIC,ARCHIVED_INTERNAL_EXPLORATION_NOT_GAS_EVIDENCE,antmaze-medium-navigate-v0,44,148,0,34,17,17,pos,,0,,,
stage30_official_gas_keygraph_audit,OFFICIAL_GAS_KEYGRAPH_NODE_DIAGNOSTIC,ARCHIVED_INTERNAL_EXPLORATION_NOT_GAS_EVIDENCE,antmaze-medium-navigate-v0,44,149,0,62,31,31,pos,,0,,,
stage30_official_gas_keygraph_audit,OFFICIAL_GAS_KEYGRAPH_NODE_DIAGNOSTIC,ARCHIVED_INTERNAL_EXPLORATION_NOT_GAS_EVIDENCE,antmaze-medium-navigate-v0,44,150,0,38,19,19,pos,,0,,,
stage30_official_gas_keygraph_audit,OFFICIAL_GAS_KEYGRAPH_NODE_DIAGNOSTIC,ARCHIVED_INTERNAL_EXPLORATION_NOT_GAS_EVIDENCE,antmaze-medium-navigate-v0,44,151,0,32,16,16,pos,,0,,,
stage30_official_gas_keygraph_audit,OFFICIAL_GAS_KEYGRAPH_NODE_DIAGNOSTIC,ARCHIVED_INTERNAL_EXPLORATION_NOT_GAS_EVIDENCE,antmaze-medium-navigate-v0,44,152,0,24,12,12,pos,,0,,,
stage30_official_gas_keygraph_audit,OFFICIAL_GAS_KEYGRAPH_NODE_DIAGNOSTIC,ARCHIVED_INTERNAL_EXPLORATION_NOT_GAS_EVIDENCE,antmaze-medium-navigate-v0,44,153,0,48,24,24,pos,,0,,,
stage30_official_gas_keygraph_audit,OFFICIAL_GAS_KEYGRAPH_NODE_DIAGNOSTIC,ARCHIVED_INTERNAL_EXPLORATION_NOT_GAS_EVIDENCE,antmaze-medium-navigate-v0,44,154,0,38,19,19,pos,,0,,,
stage30_official_gas_keygraph_audit,OFFICIAL_GAS_KEYGRAPH_NODE_DIAGNOSTIC,ARCHIVED_INTERNAL_EXPLORATION_NOT_GAS_EVIDENCE,antmaze-medium-navigate-v0,44,155,0,56,28,28,pos,,0,,,
stage30_official_gas_keygraph_audit,OFFICIAL_GAS_KEYGRAPH_NODE_DIAGNOSTIC,ARCHIVED_INTERNAL_EXPLORATION_NOT_GAS_EVIDENCE,antmaze-medium-navigate-v0,44,156,0,42,21,21,pos,,0,,,
stage30_official_gas_keygraph_audit,OFFICIAL_GAS_KEYGRAPH_NODE_DIAGNOSTIC,ARCHIVED_INTERNAL_EXPLORATION_NOT_GAS_EVIDENCE,antmaze-medium-navigate-v0,44,157,0,34,17,17,pos,,0,,,
stage30_official_gas_keygraph_audit,OFFICIAL_GAS_KEYGRAPH_NODE_DIAGNOSTIC,ARCHIVED_INTERNAL_EXPLORATION_NOT_GAS_EVIDENCE,antmaze-medium-navigate-v0,44,158,0,48,24,24,pos,,0,,,
stage30_official_gas_keygraph_audit,OFFICIAL_GAS_KEYGRAPH_NODE_DIAGNOSTIC,ARCHIVED_INTERNAL_EXPLORATION_NOT_GAS_EVIDENCE,antmaze-medium-navigate-v0,44,159,0,32,16,16,pos,,0,,,
stage30_official_gas_keygraph_audit,OFFICIAL_GAS_KEYGRAPH_NODE_DIAGNOSTIC,ARCHIVED_INTERNAL_EXPLORATION_NOT_GAS_EVIDENCE,antmaze-medium-navigate-v0,44,160,0,52,26,26,pos,,0,,,
stage30_official_gas_keygraph_audit,OFFICIAL_GAS_KEYGRAPH_NODE_DIAGNOSTIC,ARCHIVED_INTERNAL_EXPLORATION_NOT_GAS_EVIDENCE,antmaze-medium-navigate-v0,44,161,0,46,23,23,pos,,0,,,
stage30_official_gas_keygraph_audit,OFFICIAL_GAS_KEYGRAPH_NODE_DIAGNOSTIC,ARCHIVED_INTERNAL_EXPLORATION_NOT_GAS_EVIDENCE,antmaze-medium-navigate-v0,44,162,0,50,25,25,pos,,0,,,
stage30_official_gas_keygraph_audit,OFFICIAL_GAS_KEYGRAPH_NODE_DIAGNOSTIC,ARCHIVED_INTERNAL_EXPLORATION_NOT_GAS_EVIDENCE,antmaze-medium-navigate-v0,44,163,0,52,26,26,pos,,0,,,
stage30_official_gas_keygraph_audit,OFFICIAL_GAS_KEYGRAPH_NODE_DIAGNOSTIC,ARCHIVED_INTERNAL_EXPLORATION_NOT_GAS_EVIDENCE,antmaze-medium-navigate-v0,44,164,0,38,19,19,pos,,0,,,
stage30_official_gas_keygraph_audit,OFFICIAL_GAS_KEYGRAPH_NODE_DIAGNOSTIC,ARCHIVED_INTERNAL_EXPLORATION_NOT_GAS_EVIDENCE,antmaze-medium-navigate-v0,44,165,0,24,12,12,pos,,0,,,
stage30_official_gas_keygraph_audit,OFFICIAL_GAS_KEYGRAPH_NODE_DIAGNOSTIC,ARCHIVED_INTERNAL_EXPLORATION_NOT_GAS_EVIDENCE,antmaze-medium-navigate-v0,44,166,0,24,12,12,pos,,0,,,
stage30_official_gas_keygraph_audit,OFFICIAL_GAS_KEYGRAPH_NODE_DIAGNOSTIC,ARCHIVED_INTERNAL_EXPLORATION_NOT_GAS_EVIDENCE,antmaze-medium-navigate-v0,44,167,0,30,15,15,pos,,0,,,
stage30_official_gas_keygraph_audit,OFFICIAL_GAS_KEYGRAPH_NODE_DIAGNOSTIC,ARCHIVED_INTERNAL_EXPLORATION_NOT_GAS_EVIDENCE,antmaze-medium-navigate-v0,44,168,0,24,12,12,pos,,0,,,
stage30_official_gas_keygraph_audit,OFFICIAL_GAS_KEYGRAPH_NODE_DIAGNOSTIC,ARCHIVED_INTERNAL_EXPLORATION_NOT_GAS_EVIDENCE,antmaze-medium-navigate-v0,44,169,0,44,22,22,pos,,0,,,
stage30_official_gas_keygraph_audit,OFFICIAL_GAS_KEYGRAPH_NODE_DIAGNOSTIC,ARCHIVED_INTERNAL_EXPLORATION_NOT_GAS_EVIDENCE,antmaze-medium-navigate-v0,44,170,0,54,27,27,pos,,0,,,
stage30_official_gas_keygraph_audit,OFFICIAL_GAS_KEYGRAPH_NODE_DIAGNOSTIC,ARCHIVED_INTERNAL_EXPLORATION_NOT_GAS_EVIDENCE,antmaze-medium-navigate-v0,44,171,0,34,17,17,pos,,0,,,
stage30_official_gas_keygraph_audit,OFFICIAL_GAS_KEYGRAPH_NODE_DIAGNOSTIC,ARCHIVED_INTERNAL_EXPLORATION_NOT_GAS_EVIDENCE,antmaze-medium-navigate-v0,44,172,0,34,17,17,pos,,0,,,
stage30_official_gas_keygraph_audit,OFFICIAL_GAS_KEYGRAPH_NODE_DIAGNOSTIC,ARCHIVED_INTERNAL_EXPLORATION_NOT_GAS_EVIDENCE,antmaze-medium-navigate-v0,44,173,0,22,11,11,pos,,0,,,
stage30_official_gas_keygraph_audit,OFFICIAL_GAS_KEYGRAPH_NODE_DIAGNOSTIC,ARCHIVED_INTERNAL_EXPLORATION_NOT_GAS_EVIDENCE,antmaze-medium-navigate-v0,44,174,0,24,12,12,pos,,0,,,
stage30_official_gas_keygraph_audit,OFFICIAL_GAS_KEYGRAPH_NODE_DIAGNOSTIC,ARCHIVED_INTERNAL_EXPLORATION_NOT_GAS_EVIDENCE,antmaze-medium-navigate-v0,44,175,0,52,26,26,pos,,0,,,
stage30_official_gas_keygraph_audit,OFFICIAL_GAS_KEYGRAPH_NODE_DIAGNOSTIC,ARCHIVED_INTERNAL_EXPLORATION_NOT_GAS_EVIDENCE,antmaze-medium-navigate-v0,44,176,0,36,18,18,pos,,0,,,
stage30_official_gas_keygraph_audit,OFFICIAL_GAS_KEYGRAPH_NODE_DIAGNOSTIC,ARCHIVED_INTERNAL_EXPLORATION_NOT_GAS_EVIDENCE,antmaze-medium-navigate-v0,44,177,0,26,13,13,pos,,0,,,
stage30_official_gas_keygraph_audit,OFFICIAL_GAS_KEYGRAPH_NODE_DIAGNOSTIC,ARCHIVED_INTERNAL_EXPLORATION_NOT_GAS_EVIDENCE,antmaze-medium-navigate-v0,44,178,0,40,20,20,pos,,0,,,
stage30_official_gas_keygraph_audit,OFFICIAL_GAS_KEYGRAPH_NODE_DIAGNOSTIC,ARCHIVED_INTERNAL_EXPLORATION_NOT_GAS_EVIDENCE,antmaze-medium-navigate-v0,44,179,0,6,3,3,pos,,0,,,
stage30_official_gas_keygraph_audit,OFFICIAL_GAS_KEYGRAPH_NODE_DIAGNOSTIC,ARCHIVED_INTERNAL_EXPLORATION_NOT_GAS_EVIDENCE,antmaze-medium-navigate-v0,44,180,0,4,2,2,pos,,0,,,
stage30_official_gas_keygraph_audit,OFFICIAL_GAS_KEYGRAPH_NODE_DIAGNOSTIC,ARCHIVED_INTERNAL_EXPLORATION_NOT_GAS_EVIDENCE,antmaze-medium-navigate-v0,44,181,0,26,13,13,pos,,0,,,
stage30_official_gas_keygraph_audit,OFFICIAL_GAS_KEYGRAPH_NODE_DIAGNOSTIC,ARCHIVED_INTERNAL_EXPLORATION_NOT_GAS_EVIDENCE,antmaze-medium-navigate-v0,44,182,0,30,15,15,pos,,0,,,
stage30_official_gas_keygraph_audit,OFFICIAL_GAS_KEYGRAPH_NODE_DIAGNOSTIC,ARCHIVED_INTERNAL_EXPLORATION_NOT_GAS_EVIDENCE,antmaze-medium-navigate-v0,44,183,0,50,25,25,pos,,0,,,
stage30_official_gas_keygraph_audit,OFFICIAL_GAS_KEYGRAPH_NODE_DIAGNOSTIC,ARCHIVED_INTERNAL_EXPLORATION_NOT_GAS_EVIDENCE,antmaze-medium-navigate-v0,44,184,0,22,11,11,pos,,0,,,
stage30_official_gas_keygraph_audit,OFFICIAL_GAS_KEYGRAPH_NODE_DIAGNOSTIC,ARCHIVED_INTERNAL_EXPLORATION_NOT_GAS_EVIDENCE,antmaze-medium-navigate-v0,44,185,0,36,18,18,pos,,0,,,
stage30_official_gas_keygraph_audit,OFFICIAL_GAS_KEYGRAPH_NODE_DIAGNOSTIC,ARCHIVED_INTERNAL_EXPLORATION_NOT_GAS_EVIDENCE,antmaze-medium-navigate-v0,44,186,0,26,13,13,pos,,0,,,
stage30_official_gas_keygraph_audit,OFFICIAL_GAS_KEYGRAPH_NODE_DIAGNOSTIC,ARCHIVED_INTERNAL_EXPLORATION_NOT_GAS_EVIDENCE,antmaze-medium-navigate-v0,44,187,0,34,17,17,pos,,0,,,
stage30_official_gas_keygraph_audit,OFFICIAL_GAS_KEYGRAPH_NODE_DIAGNOSTIC,ARCHIVED_INTERNAL_EXPLORATION_NOT_GAS_EVIDENCE,antmaze-medium-navigate-v0,44,188,0,28,14,14,pos,,0,,,
stage30_official_gas_keygraph_audit,OFFICIAL_GAS_KEYGRAPH_NODE_DIAGNOSTIC,ARCHIVED_INTERNAL_EXPLORATION_NOT_GAS_EVIDENCE,antmaze-medium-navigate-v0,44,189,0,32,16,16,pos,,0,,,
stage30_official_gas_keygraph_audit,OFFICIAL_GAS_KEYGRAPH_NODE_DIAGNOSTIC,ARCHIVED_INTERNAL_EXPLORATION_NOT_GAS_EVIDENCE,antmaze-medium-navigate-v0,44,190,0,40,20,20,pos,,0,,,
stage30_official_gas_keygraph_audit,OFFICIAL_GAS_KEYGRAPH_NODE_DIAGNOSTIC,ARCHIVED_INTERNAL_EXPLORATION_NOT_GAS_EVIDENCE,antmaze-medium-navigate-v0,44,191,0,28,14,14,pos,,0,,,
stage30_official_gas_keygraph_audit,OFFICIAL_GAS_KEYGRAPH_NODE_DIAGNOSTIC,ARCHIVED_INTERNAL_EXPLORATION_NOT_GAS_EVIDENCE,antmaze-medium-navigate-v0,44,192,0,34,17,17,pos,,0,,,
stage30_official_gas_keygraph_audit,OFFICIAL_GAS_KEYGRAPH_NODE_DIAGNOSTIC,ARCHIVED_INTERNAL_EXPLORATION_NOT_GAS_EVIDENCE,antmaze-medium-navigate-v0,44,193,0,34,17,17,pos,,0,,,
stage30_official_gas_keygraph_audit,OFFICIAL_GAS_KEYGRAPH_NODE_DIAGNOSTIC,ARCHIVED_INTERNAL_EXPLORATION_NOT_GAS_EVIDENCE,antmaze-medium-navigate-v0,44,194,0,34,17,17,pos,,0,,,
stage30_official_gas_keygraph_audit,OFFICIAL_GAS_KEYGRAPH_NODE_DIAGNOSTIC,ARCHIVED_INTERNAL_EXPLORATION_NOT_GAS_EVIDENCE,antmaze-medium-navigate-v0,44,195,0,50,25,25,pos,,0,,,
stage30_official_gas_keygraph_audit,OFFICIAL_GAS_KEYGRAPH_NODE_DIAGNOSTIC,ARCHIVED_INTERNAL_EXPLORATION_NOT_GAS_EVIDENCE,antmaze-medium-navigate-v0,44,196,0,28,14,14,pos,,0,,,
stage30_official_gas_keygraph_audit,OFFICIAL_GAS_KEYGRAPH_NODE_DIAGNOSTIC,ARCHIVED_INTERNAL_EXPLORATION_NOT_GAS_EVIDENCE,antmaze-medium-navigate-v0,44,197,0,44,22,22,pos,,0,,,
stage30_official_gas_keygraph_audit,OFFICIAL_GAS_KEYGRAPH_NODE_DIAGNOSTIC,ARCHIVED_INTERNAL_EXPLORATION_NOT_GAS_EVIDENCE,antmaze-medium-navigate-v0,44,198,0,42,21,21,pos,,0,,,
stage30_official_gas_keygraph_audit,OFFICIAL_GAS_KEYGRAPH_NODE_DIAGNOSTIC,ARCHIVED_INTERNAL_EXPLORATION_NOT_GAS_EVIDENCE,antmaze-medium-navigate-v0,44,199,0,26,13,13,pos,,0,,,
stage30_official_gas_keygraph_audit,OFFICIAL_GAS_KEYGRAPH_NODE_DIAGNOSTIC,ARCHIVED_INTERNAL_EXPLORATION_NOT_GAS_EVIDENCE,antmaze-medium-navigate-v0,44,200,0,32,16,16,pos,,0,,,
stage30_official_gas_keygraph_audit,OFFICIAL_GAS_KEYGRAPH_NODE_DIAGNOSTIC,ARCHIVED_INTERNAL_EXPLORATION_NOT_GAS_EVIDENCE,antmaze-medium-navigate-v0,44,201,0,44,22,22,pos,,0,,,
stage30_official_gas_keygraph_audit,OFFICIAL_GAS_KEYGRAPH_NODE_DIAGNOSTIC,ARCHIVED_INTERNAL_EXPLORATION_NOT_GAS_EVIDENCE,antmaze-medium-navigate-v0,44,202,0,24,12,12,pos,,0,,,
stage30_official_gas_keygraph_audit,OFFICIAL_GAS_KEYGRAPH_NODE_DIAGNOSTIC,ARCHIVED_INTERNAL_EXPLORATION_NOT_GAS_EVIDENCE,antmaze-medium-navigate-v0,44,203,0,38,19,19,pos,,0,,,
stage30_official_gas_keygraph_audit,OFFICIAL_GAS_KEYGRAPH_NODE_DIAGNOSTIC,ARCHIVED_INTERNAL_EXPLORATION_NOT_GAS_EVIDENCE,antmaze-medium-navigate-v0,44,204,0,58,29,29,pos,,0,,,
stage30_official_gas_keygraph_audit,OFFICIAL_GAS_KEYGRAPH_NODE_DIAGNOSTIC,ARCHIVED_INTERNAL_EXPLORATION_NOT_GAS_EVIDENCE,antmaze-medium-navigate-v0,44,205,0,18,9,9,pos,,0,,,
stage30_official_gas_keygraph_audit,OFFICIAL_GAS_KEYGRAPH_NODE_DIAGNOSTIC,ARCHIVED_INTERNAL_EXPLORATION_NOT_GAS_EVIDENCE,antmaze-medium-navigate-v0,44,206,0,30,15,15,pos,,0,,,
stage30_official_gas_keygraph_audit,OFFICIAL_GAS_KEYGRAPH_NODE_DIAGNOSTIC,ARCHIVED_INTERNAL_EXPLORATION_NOT_GAS_EVIDENCE,antmaze-medium-navigate-v0,44,207,0,54,27,27,pos,,0,,,
stage30_official_gas_keygraph_audit,OFFICIAL_GAS_KEYGRAPH_NODE_DIAGNOSTIC,ARCHIVED_INTERNAL_EXPLORATION_NOT_GAS_EVIDENCE,antmaze-medium-navigate-v0,44,208,0,42,21,21,pos,,0,,,
stage30_official_gas_keygraph_audit,OFFICIAL_GAS_KEYGRAPH_NODE_DIAGNOSTIC,ARCHIVED_INTERNAL_EXPLORATION_NOT_GAS_EVIDENCE,antmaze-medium-navigate-v0,44,209,0,44,22,22,pos,,0,,,
stage30_official_gas_keygraph_audit,OFFICIAL_GAS_KEYGRAPH_NODE_DIAGNOSTIC,ARCHIVED_INTERNAL_EXPLORATION_NOT_GAS_EVIDENCE,antmaze-medium-navigate-v0,44,210,0,64,32,32,pos,,0,,,
stage30_official_gas_keygraph_audit,OFFICIAL_GAS_KEYGRAPH_NODE_DIAGNOSTIC,ARCHIVED_INTERNAL_EXPLORATION_NOT_GAS_EVIDENCE,antmaze-medium-navigate-v0,44,211,0,46,23,23,pos,,0,,,
stage30_official_gas_keygraph_audit,OFFICIAL_GAS_KEYGRAPH_NODE_DIAGNOSTIC,ARCHIVED_INTERNAL_EXPLORATION_NOT_GAS_EVIDENCE,antmaze-medium-navigate-v0,44,212,0,54,27,27,pos,,0,,,
stage30_official_gas_keygraph_audit,OFFICIAL_GAS_KEYGRAPH_NODE_DIAGNOSTIC,ARCHIVED_INTERNAL_EXPLORATION_NOT_GAS_EVIDENCE,antmaze-medium-navigate-v0,44,213,0,38,19,19,pos,,0,,,
stage30_official_gas_keygraph_audit,OFFICIAL_GAS_KEYGRAPH_NODE_DIAGNOSTIC,ARCHIVED_INTERNAL_EXPLORATION_NOT_GAS_EVIDENCE,antmaze-medium-navigate-v0,44,214,0,32,16,16,pos,,0,,,
stage30_official_gas_keygraph_audit,OFFICIAL_GAS_KEYGRAPH_NODE_DIAGNOSTIC,ARCHIVED_INTERNAL_EXPLORATION_NOT_GAS_EVIDENCE,antmaze-medium-navigate-v0,44,215,0,46,23,23,pos,,0,,,
stage30_official_gas_keygraph_audit,OFFICIAL_GAS_KEYGRAPH_NODE_DIAGNOSTIC,ARCHIVED_INTERNAL_EXPLORATION_NOT_GAS_EVIDENCE,antmaze-medium-navigate-v0,44,216,0,44,22,22,pos,,0,,,
stage30_official_gas_keygraph_audit,OFFICIAL_GAS_KEYGRAPH_NODE_DIAGNOSTIC,ARCHIVED_INTERNAL_EXPLORATION_NOT_GAS_EVIDENCE,antmaze-medium-navigate-v0,44,217,0,44,22,22,pos,,0,,,
stage30_official_gas_keygraph_audit,OFFICIAL_GAS_KEYGRAPH_NODE_DIAGNOSTIC,ARCHIVED_INTERNAL_EXPLORATION_NOT_GAS_EVIDENCE,antmaze-medium-navigate-v0,44,218,0,30,15,15,pos,,0,,,
stage30_official_gas_keygraph_audit,OFFICIAL_GAS_KEYGRAPH_NODE_DIAGNOSTIC,ARCHIVED_INTERNAL_EXPLORATION_NOT_GAS_EVIDENCE,antmaze-medium-navigate-v0,44,219,0,46,23,23,pos,,0,,,
stage30_official_gas_keygraph_audit,OFFICIAL_GAS_KEYGRAPH_NODE_DIAGNOSTIC,ARCHIVED_INTERNAL_EXPLORATION_NOT_GAS_EVIDENCE,antmaze-medium-navigate-v0,44,220,0,28,14,14,pos,,0,,,
stage30_official_gas_keygraph_audit,OFFICIAL_GAS_KEYGRAPH_NODE_DIAGNOSTIC,ARCHIVED_INTERNAL_EXPLORATION_NOT_GAS_EVIDENCE,antmaze-medium-navigate-v0,44,221,0,2,1,1,pos,,0,,,
stage30_official_gas_keygraph_audit,OFFICIAL_GAS_KEYGRAPH_NODE_DIAGNOSTIC,ARCHIVED_INTERNAL_EXPLORATION_NOT_GAS_EVIDENCE,antmaze-medium-navigate-v0,44,222,0,28,14,14,pos,,0,,,
stage30_official_gas_keygraph_audit,OFFICIAL_GAS_KEYGRAPH_NODE_DIAGNOSTIC,ARCHIVED_INTERNAL_EXPLORATION_NOT_GAS_EVIDENCE,antmaze-medium-navigate-v0,44,223,0,52,26,26,pos,,0,,,
stage30_official_gas_keygraph_audit,OFFICIAL_GAS_KEYGRAPH_NODE_DIAGNOSTIC,ARCHIVED_INTERNAL_EXPLORATION_NOT_GAS_EVIDENCE,antmaze-medium-navigate-v0,44,224,0,52,26,26,pos,,0,,,
stage30_official_gas_keygraph_audit,OFFICIAL_GAS_KEYGRAPH_NODE_DIAGNOSTIC,ARCHIVED_INTERNAL_EXPLORATION_NOT_GAS_EVIDENCE,antmaze-medium-navigate-v0,44,225,0,42,21,21,pos,,0,,,
stage30_official_gas_keygraph_audit,OFFICIAL_GAS_KEYGRAPH_NODE_DIAGNOSTIC,ARCHIVED_INTERNAL_EXPLORATION_NOT_GAS_EVIDENCE,antmaze-medium-navigate-v0,44,226,0,44,22,22,pos,,0,,,
stage30_official_gas_keygraph_audit,OFFICIAL_GAS_KEYGRAPH_NODE_DIAGNOSTIC,ARCHIVED_INTERNAL_EXPLORATION_NOT_GAS_EVIDENCE,antmaze-medium-navigate-v0,44,227,0,46,23,23,pos,,0,,,
stage30_official_gas_keygraph_audit,OFFICIAL_GAS_KEYGRAPH_NODE_DIAGNOSTIC,ARCHIVED_INTERNAL_EXPLORATION_NOT_GAS_EVIDENCE,antmaze-medium-navigate-v0,44,228,0,44,22,22,pos,,0,,,
stage30_official_gas_keygraph_audit,OFFICIAL_GAS_KEYGRAPH_NODE_DIAGNOSTIC,ARCHIVED_INTERNAL_EXPLORATION_NOT_GAS_EVIDENCE,antmaze-medium-navigate-v0,44,229,0,42,21,21,pos,,0,,,
stage30_official_gas_keygraph_audit,OFFICIAL_GAS_KEYGRAPH_NODE_DIAGNOSTIC,ARCHIVED_INTERNAL_EXPLORATION_NOT_GAS_EVIDENCE,antmaze-medium-navigate-v0,44,230,0,40,20,20,pos,,0,,,
stage30_official_gas_keygraph_audit,OFFICIAL_GAS_KEYGRAPH_NODE_DIAGNOSTIC,ARCHIVED_INTERNAL_EXPLORATION_NOT_GAS_EVIDENCE,antmaze-medium-navigate-v0,44,231,0,50,25,25,pos,,0,,,
stage30_official_gas_keygraph_audit,OFFICIAL_GAS_KEYGRAPH_NODE_DIAGNOSTIC,ARCHIVED_INTERNAL_EXPLORATION_NOT_GAS_EVIDENCE,antmaze-medium-navigate-v0,44,232,0,12,6,6,pos,,0,,,
stage30_official_gas_keygraph_audit,OFFICIAL_GAS_KEYGRAPH_NODE_DIAGNOSTIC,ARCHIVED_INTERNAL_EXPLORATION_NOT_GAS_EVIDENCE,antmaze-medium-navigate-v0,44,233,0,52,26,26,pos,,0,,,
stage30_official_gas_keygraph_audit,OFFICIAL_GAS_KEYGRAPH_NODE_DIAGNOSTIC,ARCHIVED_INTERNAL_EXPLORATION_NOT_GAS_EVIDENCE,antmaze-medium-navigate-v0,44,234,0,38,19,19,pos,,0,,,
stage30_official_gas_keygraph_audit,OFFICIAL_GAS_KEYGRAPH_NODE_DIAGNOSTIC,ARCHIVED_INTERNAL_EXPLORATION_NOT_GAS_EVIDENCE,antmaze-medium-navigate-v0,44,235,0,48,24,24,pos,,0,,,
stage30_official_gas_keygraph_audit,OFFICIAL_GAS_KEYGRAPH_NODE_DIAGNOSTIC,ARCHIVED_INTERNAL_EXPLORATION_NOT_GAS_EVIDENCE,antmaze-medium-navigate-v0,44,236,0,28,14,14,pos,,0,,,
stage30_official_gas_keygraph_audit,OFFICIAL_GAS_KEYGRAPH_NODE_DIAGNOSTIC,ARCHIVED_INTERNAL_EXPLORATION_NOT_GAS_EVIDENCE,antmaze-medium-navigate-v0,44,237,0,42,21,21,pos,,0,,,
stage30_official_gas_keygraph_audit,OFFICIAL_GAS_KEYGRAPH_NODE_DIAGNOSTIC,ARCHIVED_INTERNAL_EXPLORATION_NOT_GAS_EVIDENCE,antmaze-medium-navigate-v0,44,238,0,38,19,19,pos,,0,,,
stage30_official_gas_keygraph_audit,OFFICIAL_GAS_KEYGRAPH_NODE_DIAGNOSTIC,ARCHIVED_INTERNAL_EXPLORATION_NOT_GAS_EVIDENCE,antmaze-medium-navigate-v0,44,239,0,42,21,21,pos,,0,,,
stage30_official_gas_keygraph_audit,OFFICIAL_GAS_KEYGRAPH_NODE_DIAGNOSTIC,ARCHIVED_INTERNAL_EXPLORATION_NOT_GAS_EVIDENCE,antmaze-medium-navigate-v0,44,240,0,30,15,15,pos,,0,,,
stage30_official_gas_keygraph_audit,OFFICIAL_GAS_KEYGRAPH_NODE_DIAGNOSTIC,ARCHIVED_INTERNAL_EXPLORATION_NOT_GAS_EVIDENCE,antmaze-medium-navigate-v0,44,241,0,28,14,14,pos,,0,,,
stage30_official_gas_keygraph_audit,OFFICIAL_GAS_KEYGRAPH_NODE_DIAGNOSTIC,ARCHIVED_INTERNAL_EXPLORATION_NOT_GAS_EVIDENCE,antmaze-medium-navigate-v0,44,242,0,40,20,20,pos,,0,,,
stage30_official_gas_keygraph_audit,OFFICIAL_GAS_KEYGRAPH_NODE_DIAGNOSTIC,ARCHIVED_INTERNAL_EXPLORATION_NOT_GAS_EVIDENCE,antmaze-medium-navigate-v0,44,243,0,32,16,16,pos,,0,,,
stage30_official_gas_keygraph_audit,OFFICIAL_GAS_KEYGRAPH_NODE_DIAGNOSTIC,ARCHIVED_INTERNAL_EXPLORATION_NOT_GAS_EVIDENCE,antmaze-medium-navigate-v0,44,244,0,58,29,29,pos,,0,,,
stage30_official_gas_keygraph_audit,OFFICIAL_GAS_KEYGRAPH_NODE_DIAGNOSTIC,ARCHIVED_INTERNAL_EXPLORATION_NOT_GAS_EVIDENCE,antmaze-medium-navigate-v0,44,245,0,4,2,2,pos,,0,,,
stage30_official_gas_keygraph_audit,OFFICIAL_GAS_KEYGRAPH_NODE_DIAGNOSTIC,ARCHIVED_INTERNAL_EXPLORATION_NOT_GAS_EVIDENCE,antmaze-medium-navigate-v0,44,246,0,2,1,1,pos,,0,,,
stage30_official_gas_keygraph_audit,OFFICIAL_GAS_KEYGRAPH_NODE_DIAGNOSTIC,ARCHIVED_INTERNAL_EXPLORATION_NOT_GAS_EVIDENCE,antmaze-medium-navigate-v0,44,247,0,32,16,16,pos,,0,,,
stage30_official_gas_keygraph_audit,OFFICIAL_GAS_KEYGRAPH_NODE_DIAGNOSTIC,ARCHIVED_INTERNAL_EXPLORATION_NOT_GAS_EVIDENCE,antmaze-medium-navigate-v0,44,248,0,22,11,11,pos,,0,,,
stage30_official_gas_keygraph_audit,OFFICIAL_GAS_KEYGRAPH_NODE_DIAGNOSTIC,ARCHIVED_INTERNAL_EXPLORATION_NOT_GAS_EVIDENCE,antmaze-medium-navigate-v0,44,249,0,10,5,5,pos,,0,,,
stage30_official_gas_keygraph_audit,OFFICIAL_GAS_KEYGRAPH_NODE_DIAGNOSTIC,ARCHIVED_INTERNAL_EXPLORATION_NOT_GAS_EVIDENCE,antmaze-medium-navigate-v0,44,250,0,6,3,3,pos,,0,,,
stage30_official_gas_keygraph_audit,OFFICIAL_GAS_KEYGRAPH_NODE_DIAGNOSTIC,ARCHIVED_INTERNAL_EXPLORATION_NOT_GAS_EVIDENCE,antmaze-medium-navigate-v0,44,251,0,4,2,2,pos,,0,,,
stage30_official_gas_keygraph_audit,OFFICIAL_GAS_KEYGRAPH_NODE_DIAGNOSTIC,ARCHIVED_INTERNAL_EXPLORATION_NOT_GAS_EVIDENCE,antmaze-medium-navigate-v0,44,252,0,72,36,36,pos,,0,,,
stage30_official_gas_keygraph_audit,OFFICIAL_GAS_KEYGRAPH_NODE_DIAGNOSTIC,ARCHIVED_INTERNAL_EXPLORATION_NOT_GAS_EVIDENCE,antmaze-medium-navigate-v0,44,253,0,4,2,2,pos,,0,,,
stage30_official_gas_keygraph_audit,OFFICIAL_GAS_KEYGRAPH_NODE_DIAGNOSTIC,ARCHIVED_INTERNAL_EXPLORATION_NOT_GAS_EVIDENCE,antmaze-medium-navigate-v0,44,254,0,2,1,1,pos,,0,,,
stage30_official_gas_keygraph_audit,OFFICIAL_GAS_KEYGRAPH_NODE_DIAGNOSTIC,ARCHIVED_INTERNAL_EXPLORATION_NOT_GAS_EVIDENCE,antmaze-medium-navigate-v0,44,255,0,2,1,1,pos,,0,,,
stage30_official_gas_keygraph_audit,OFFICIAL_GAS_KEYGRAPH_NODE_DIAGNOSTIC,ARCHIVED_INTERNAL_EXPLORATION_NOT_GAS_EVIDENCE,antmaze-medium-navigate-v0,44,256,0,48,24,24,pos,,0,,,
stage30_official_gas_keygraph_audit,OFFICIAL_GAS_KEYGRAPH_NODE_DIAGNOSTIC,ARCHIVED_INTERNAL_EXPLORATION_NOT_GAS_EVIDENCE,antmaze-medium-navigate-v0,44,257,0,52,26,26,pos,,0,,,
stage30_official_gas_keygraph_audit,OFFICIAL_GAS_KEYGRAPH_NODE_DIAGNOSTIC,ARCHIVED_INTERNAL_EXPLORATION_NOT_GAS_EVIDENCE,antmaze-medium-navigate-v0,44,258,0,4,2,2,pos,,0,,,
stage30_official_gas_keygraph_audit,OFFICIAL_GAS_KEYGRAPH_NODE_DIAGNOSTIC,ARCHIVED_INTERNAL_EXPLORATION_NOT_GAS_EVIDENCE,antmaze-medium-navigate-v0,44,259,0,64,32,32,pos,,0,,,
stage30_official_gas_keygraph_audit,OFFICIAL_GAS_KEYGRAPH_NODE_DIAGNOSTIC,ARCHIVED_INTERNAL_EXPLORATION_NOT_GAS_EVIDENCE,antmaze-medium-navigate-v0,44,260,0,34,17,17,pos,,0,,,
stage30_official_gas_keygraph_audit,OFFICIAL_GAS_KEYGRAPH_NODE_DIAGNOSTIC,ARCHIVED_INTERNAL_EXPLORATION_NOT_GAS_EVIDENCE,antmaze-medium-navigate-v0,44,261,0,32,16,16,pos,,0,,,
stage30_official_gas_keygraph_audit,OFFICIAL_GAS_KEYGRAPH_NODE_DIAGNOSTIC,ARCHIVED_INTERNAL_EXPLORATION_NOT_GAS_EVIDENCE,antmaze-medium-navigate-v0,44,262,0,48,24,24,pos,,0,,,
stage30_official_gas_keygraph_audit,OFFICIAL_GAS_KEYGRAPH_NODE_DIAGNOSTIC,ARCHIVED_INTERNAL_EXPLORATION_NOT_GAS_EVIDENCE,antmaze-medium-navigate-v0,44,263,0,30,15,15,pos,,0,,,
stage30_official_gas_keygraph_audit,OFFICIAL_GAS_KEYGRAPH_NODE_DIAGNOSTIC,ARCHIVED_INTERNAL_EXPLORATION_NOT_GAS_EVIDENCE,antmaze-medium-navigate-v0,44,264,0,48,24,24,pos,,0,,,
stage30_official_gas_keygraph_audit,OFFICIAL_GAS_KEYGRAPH_NODE_DIAGNOSTIC,ARCHIVED_INTERNAL_EXPLORATION_NOT_GAS_EVIDENCE,antmaze-medium-navigate-v0,44,265,0,32,16,16,pos,,0,,,
stage30_official_gas_keygraph_audit,OFFICIAL_GAS_KEYGRAPH_NODE_DIAGNOSTIC,ARCHIVED_INTERNAL_EXPLORATION_NOT_GAS_EVIDENCE,antmaze-medium-navigate-v0,44,266,0,42,21,21,pos,,0,,,
stage30_official_gas_keygraph_audit,OFFICIAL_GAS_KEYGRAPH_NODE_DIAGNOSTIC,ARCHIVED_INTERNAL_EXPLORATION_NOT_GAS_EVIDENCE,antmaze-medium-navigate-v0,44,267,0,34,17,17,pos,,0,,,
stage30_official_gas_keygraph_audit,OFFICIAL_GAS_KEYGRAPH_NODE_DIAGNOSTIC,ARCHIVED_INTERNAL_EXPLORATION_NOT_GAS_EVIDENCE,antmaze-medium-navigate-v0,44,268,0,34,17,17,pos,,0,,,
stage30_official_gas_keygraph_audit,OFFICIAL_GAS_KEYGRAPH_NODE_DIAGNOSTIC,ARCHIVED_INTERNAL_EXPLORATION_NOT_GAS_EVIDENCE,antmaze-medium-navigate-v0,44,269,0,46,23,23,pos,,0,,,
stage30_official_gas_keygraph_audit,OFFICIAL_GAS_KEYGRAPH_NODE_DIAGNOSTIC,ARCHIVED_INTERNAL_EXPLORATION_NOT_GAS_EVIDENCE,antmaze-medium-navigate-v0,44,270,0,32,16,16,pos,,0,,,
stage30_official_gas_keygraph_audit,OFFICIAL_GAS_KEYGRAPH_NODE_DIAGNOSTIC,ARCHIVED_INTERNAL_EXPLORATION_NOT_GAS_EVIDENCE,antmaze-medium-navigate-v0,44,271,0,40,20,20,pos,,0,,,
stage30_official_gas_keygraph_audit,OFFICIAL_GAS_KEYGRAPH_NODE_DIAGNOSTIC,ARCHIVED_INTERNAL_EXPLORATION_NOT_GAS_EVIDENCE,antmaze-medium-navigate-v0,44,272,0,60,30,30,pos,,0,,,
stage30_official_gas_keygraph_audit,OFFICIAL_GAS_KEYGRAPH_NODE_DIAGNOSTIC,ARCHIVED_INTERNAL_EXPLORATION_NOT_GAS_EVIDENCE,antmaze-medium-navigate-v0,44,273,0,46,23,23,pos,,0,,,
stage30_official_gas_keygraph_audit,OFFICIAL_GAS_KEYGRAPH_NODE_DIAGNOSTIC,ARCHIVED_INTERNAL_EXPLORATION_NOT_GAS_EVIDENCE,antmaze-medium-navigate-v0,44,274,0,30,15,15,pos,,0,,,
stage30_official_gas_keygraph_audit,OFFICIAL_GAS_KEYGRAPH_NODE_DIAGNOSTIC,ARCHIVED_INTERNAL_EXPLORATION_NOT_GAS_EVIDENCE,antmaze-medium-navigate-v0,44,275,0,46,23,23,pos,,0,,,
stage30_official_gas_keygraph_audit,OFFICIAL_GAS_KEYGRAPH_NODE_DIAGNOSTIC,ARCHIVED_INTERNAL_EXPLORATION_NOT_GAS_EVIDENCE,antmaze-medium-navigate-v0,44,276,0,28,14,14,pos,,0,,,
stage30_official_gas_keygraph_audit,OFFICIAL_GAS_KEYGRAPH_NODE_DIAGNOSTIC,ARCHIVED_INTERNAL_EXPLORATION_NOT_GAS_EVIDENCE,antmaze-medium-navigate-v0,44,277,0,42,21,21,pos,,0,,,
stage30_official_gas_keygraph_audit,OFFICIAL_GAS_KEYGRAPH_NODE_DIAGNOSTIC,ARCHIVED_INTERNAL_EXPLORATION_NOT_GAS_EVIDENCE,antmaze-medium-navigate-v0,44,278,0,46,23,23,pos,,0,,,
stage30_official_gas_keygraph_audit,OFFICIAL_GAS_KEYGRAPH_NODE_DIAGNOSTIC,ARCHIVED_INTERNAL_EXPLORATION_NOT_GAS_EVIDENCE,antmaze-medium-navigate-v0,44,279,0,46,23,23,pos,,0,,,
stage30_official_gas_keygraph_audit,OFFICIAL_GAS_KEYGRAPH_NODE_DIAGNOSTIC,ARCHIVED_INTERNAL_EXPLORATION_NOT_GAS_EVIDENCE,antmaze-medium-navigate-v0,44,280,0,26,13,13,pos,,0,,,
stage30_official_gas_keygraph_audit,OFFICIAL_GAS_KEYGRAPH_NODE_DIAGNOSTIC,ARCHIVED_INTERNAL_EXPLORATION_NOT_GAS_EVIDENCE,antmaze-medium-navigate-v0,44,281,0,52,26,26,pos,,0,,,
stage30_official_gas_keygraph_audit,OFFICIAL_GAS_KEYGRAPH_NODE_DIAGNOSTIC,ARCHIVED_INTERNAL_EXPLORATION_NOT_GAS_EVIDENCE,antmaze-medium-navigate-v0,44,282,0,20,10,10,pos,,0,,,
stage30_official_gas_keygraph_audit,OFFICIAL_GAS_KEYGRAPH_NODE_DIAGNOSTIC,ARCHIVED_INTERNAL_EXPLORATION_NOT_GAS_EVIDENCE,antmaze-medium-navigate-v0,44,283,0,4,2,2,pos,,0,,,
stage30_official_gas_keygraph_audit,OFFICIAL_GAS_KEYGRAPH_NODE_DIAGNOSTIC,ARCHIVED_INTERNAL_EXPLORATION_NOT_GAS_EVIDENCE,antmaze-medium-navigate-v0,44,284,0,2,1,1,pos,,0,,,
stage30_official_gas_keygraph_audit,OFFICIAL_GAS_KEYGRAPH_NODE_DIAGNOSTIC,ARCHIVED_INTERNAL_EXPLORATION_NOT_GAS_EVIDENCE,antmaze-medium-navigate-v0,44,285,0,30,15,15,pos,,0,,,
stage30_official_gas_keygraph_audit,OFFICIAL_GAS_KEYGRAPH_NODE_DIAGNOSTIC,ARCHIVED_INTERNAL_EXPLORATION_NOT_GAS_EVIDENCE,antmaze-medium-navigate-v0,44,286,0,38,19,19,pos,,0,,,
stage30_official_gas_keygraph_audit,OFFICIAL_GAS_KEYGRAPH_NODE_DIAGNOSTIC,ARCHIVED_INTERNAL_EXPLORATION_NOT_GAS_EVIDENCE,antmaze-medium-navigate-v0,44,287,0,30,15,15,pos,,0,,,
stage30_official_gas_keygraph_audit,OFFICIAL_GAS_KEYGRAPH_NODE_DIAGNOSTIC,ARCHIVED_INTERNAL_EXPLORATION_NOT_GAS_EVIDENCE,antmaze-medium-navigate-v0,44,288,0,84,42,42,pos,,0,,,
stage30_official_gas_keygraph_audit,OFFICIAL_GAS_KEYGRAPH_NODE_DIAGNOSTIC,ARCHIVED_INTERNAL_EXPLORATION_NOT_GAS_EVIDENCE,antmaze-medium-navigate-v0,44,289,0,66,33,33,pos,,0,,,
stage30_official_gas_keygraph_audit,OFFICIAL_GAS_KEYGRAPH_NODE_DIAGNOSTIC,ARCHIVED_INTERNAL_EXPLORATION_NOT_GAS_EVIDENCE,antmaze-medium-navigate-v0,44,290,0,34,17,17,pos,,0,,,
stage30_official_gas_keygraph_audit,OFFICIAL_GAS_KEYGRAPH_NODE_DIAGNOSTIC,ARCHIVED_INTERNAL_EXPLORATION_NOT_GAS_EVIDENCE,antmaze-medium-navigate-v0,44,291,0,18,9,9,pos,,0,,,
stage30_official_gas_keygraph_audit,OFFICIAL_GAS_KEYGRAPH_NODE_DIAGNOSTIC,ARCHIVED_INTERNAL_EXPLORATION_NOT_GAS_EVIDENCE,antmaze-medium-navigate-v0,44,292,0,34,17,17,pos,,0,,,
stage30_official_gas_keygraph_audit,OFFICIAL_GAS_KEYGRAPH_NODE_DIAGNOSTIC,ARCHIVED_INTERNAL_EXPLORATION_NOT_GAS_EVIDENCE,antmaze-medium-navigate-v0,44,293,0,32,16,16,pos,,0,,,
stage30_official_gas_keygraph_audit,OFFICIAL_GAS_KEYGRAPH_NODE_DIAGNOSTIC,ARCHIVED_INTERNAL_EXPLORATION_NOT_GAS_EVIDENCE,antmaze-medium-navigate-v0,44,294,0,34,17,17,pos,,0,,,
stage30_official_gas_keygraph_audit,OFFICIAL_GAS_KEYGRAPH_NODE_DIAGNOSTIC,ARCHIVED_INTERNAL_EXPLORATION_NOT_GAS_EVIDENCE,antmaze-medium-navigate-v0,44,295,0,30,15,15,pos,,0,,,
stage30_official_gas_keygraph_audit,OFFICIAL_GAS_KEYGRAPH_NODE_DIAGNOSTIC,ARCHIVED_INTERNAL_EXPLORATION_NOT_GAS_EVIDENCE,antmaze-medium-navigate-v0,44,296,0,42,21,21,pos,,0,,,
stage30_official_gas_keygraph_audit,OFFICIAL_GAS_KEYGRAPH_NODE_DIAGNOSTIC,ARCHIVED_INTERNAL_EXPLORATION_NOT_GAS_EVIDENCE,antmaze-medium-navigate-v0,44,297,0,52,26,26,pos,,0,,,
stage30_official_gas_keygraph_audit,OFFICIAL_GAS_KEYGRAPH_NODE_DIAGNOSTIC,ARCHIVED_INTERNAL_EXPLORATION_NOT_GAS_EVIDENCE,antmaze-medium-navigate-v0,44,298,0,34,17,17,pos,,0,,,
stage30_official_gas_keygraph_audit,OFFICIAL_GAS_KEYGRAPH_NODE_DIAGNOSTIC,ARCHIVED_INTERNAL_EXPLORATION_NOT_GAS_EVIDENCE,antmaze-medium-navigate-v0,44,299,0,36,18,18,pos,,0,,,
stage30_official_gas_keygraph_audit,OFFICIAL_GAS_KEYGRAPH_NODE_DIAGNOSTIC,ARCHIVED_INTERNAL_EXPLORATION_NOT_GAS_EVIDENCE,antmaze-medium-navigate-v0,44,300,0,34,17,17,pos,,0,,,
stage30_official_gas_keygraph_audit,OFFICIAL_GAS_KEYGRAPH_NODE_DIAGNOSTIC,ARCHIVED_INTERNAL_EXPLORATION_NOT_GAS_EVIDENCE,antmaze-medium-navigate-v0,44,301,0,52,26,26,pos,,0,,,
stage30_official_gas_keygraph_audit,OFFICIAL_GAS_KEYGRAPH_NODE_DIAGNOSTIC,ARCHIVED_INTERNAL_EXPLORATION_NOT_GAS_EVIDENCE,antmaze-medium-navigate-v0,44,302,0,48,24,24,pos,,0,,,
stage30_official_gas_keygraph_audit,OFFICIAL_GAS_KEYGRAPH_NODE_DIAGNOSTIC,ARCHIVED_INTERNAL_EXPLORATION_NOT_GAS_EVIDENCE,antmaze-medium-navigate-v0,44,303,0,32,16,16,pos,,0,,,
stage30_official_gas_keygraph_audit,OFFICIAL_GAS_KEYGRAPH_NODE_DIAGNOSTIC,ARCHIVED_INTERNAL_EXPLORATION_NOT_GAS_EVIDENCE,antmaze-medium-navigate-v0,44,304,0,38,19,19,pos,,0,,,
stage30_official_gas_keygraph_audit,OFFICIAL_GAS_KEYGRAPH_NODE_DIAGNOSTIC,ARCHIVED_INTERNAL_EXPLORATION_NOT_GAS_EVIDENCE,antmaze-medium-navigate-v0,44,305,0,28,14,14,pos,,0,,,
stage30_official_gas_keygraph_audit,OFFICIAL_GAS_KEYGRAPH_NODE_DIAGNOSTIC,ARCHIVED_INTERNAL_EXPLORATION_NOT_GAS_EVIDENCE,antmaze-medium-navigate-v0,44,306,0,60,30,30,pos,,0,,,
stage30_official_gas_keygraph_audit,OFFICIAL_GAS_KEYGRAPH_NODE_DIAGNOSTIC,ARCHIVED_INTERNAL_EXPLORATION_NOT_GAS_EVIDENCE,antmaze-medium-navigate-v0,44,307,0,28,14,14,pos,,0,,,
stage30_official_gas_keygraph_audit,OFFICIAL_GAS_KEYGRAPH_NODE_DIAGNOSTIC,ARCHIVED_INTERNAL_EXPLORATION_NOT_GAS_EVIDENCE,antmaze-medium-navigate-v0,44,308,0,24,12,12,pos,,0,,,
stage30_official_gas_keygraph_audit,OFFICIAL_GAS_KEYGRAPH_NODE_DIAGNOSTIC,ARCHIVED_INTERNAL_EXPLORATION_NOT_GAS_EVIDENCE,antmaze-medium-navigate-v0,44,309,0,54,27,27,pos,,0,,,
stage30_official_gas_keygraph_audit,OFFICIAL_GAS_KEYGRAPH_NODE_DIAGNOSTIC,ARCHIVED_INTERNAL_EXPLORATION_NOT_GAS_EVIDENCE,antmaze-medium-navigate-v0,44,310,0,36,18,18,pos,,0,,,
stage30_official_gas_keygraph_audit,OFFICIAL_GAS_KEYGRAPH_NODE_DIAGNOSTIC,ARCHIVED_INTERNAL_EXPLORATION_NOT_GAS_EVIDENCE,antmaze-medium-navigate-v0,44,311,0,26,13,13,pos,,0,,,
stage30_official_gas_keygraph_audit,OFFICIAL_GAS_KEYGRAPH_NODE_DIAGNOSTIC,ARCHIVED_INTERNAL_EXPLORATION_NOT_GAS_EVIDENCE,antmaze-medium-navigate-v0,44,312,0,34,17,17,pos,,0,,,
stage30_official_gas_keygraph_audit,OFFICIAL_GAS_KEYGRAPH_NODE_DIAGNOSTIC,ARCHIVED_INTERNAL_EXPLORATION_NOT_GAS_EVIDENCE,antmaze-medium-navigate-v0,44,313,0,28,14,14,pos,,0,,,
stage30_official_gas_keygraph_audit,OFFICIAL_GAS_KEYGRAPH_NODE_DIAGNOSTIC,ARCHIVED_INTERNAL_EXPLORATION_NOT_GAS_EVIDENCE,antmaze-medium-navigate-v0,44,314,0,2,1,1,pos,,0,,,
stage30_official_gas_keygraph_audit,OFFICIAL_GAS_KEYGRAPH_NODE_DIAGNOSTIC,ARCHIVED_INTERNAL_EXPLORATION_NOT_GAS_EVIDENCE,antmaze-medium-navigate-v0,44,315,0,34,17,17,pos,,0,,,
stage30_official_gas_keygraph_audit,OFFICIAL_GAS_KEYGRAPH_NODE_DIAGNOSTIC,ARCHIVED_INTERNAL_EXPLORATION_NOT_GAS_EVIDENCE,antmaze-medium-navigate-v0,44,316,0,56,28,28,pos,,0,,,
stage30_official_gas_keygraph_audit,OFFICIAL_GAS_KEYGRAPH_NODE_DIAGNOSTIC,ARCHIVED_INTERNAL_EXPLORATION_NOT_GAS_EVIDENCE,antmaze-medium-navigate-v0,44,317,0,48,24,24,pos,,0,,,
stage30_official_gas_keygraph_audit,OFFICIAL_GAS_KEYGRAPH_NODE_DIAGNOSTIC,ARCHIVED_INTERNAL_EXPLORATION_NOT_GAS_EVIDENCE,antmaze-medium-navigate-v0,44,318,0,36,18,18,pos,,0,,,
stage30_official_gas_keygraph_audit,OFFICIAL_GAS_KEYGRAPH_NODE_DIAGNOSTIC,ARCHIVED_INTERNAL_EXPLORATION_NOT_GAS_EVIDENCE,antmaze-medium-navigate-v0,44,319,0,32,16,16,pos,,0,,,
stage30_official_gas_keygraph_audit,OFFICIAL_GAS_KEYGRAPH_NODE_DIAGNOSTIC,ARCHIVED_INTERNAL_EXPLORATION_NOT_GAS_EVIDENCE,antmaze-medium-navigate-v0,44,320,0,24,12,12,pos,,0,,,
stage30_official_gas_keygraph_audit,OFFICIAL_GAS_KEYGRAPH_NODE_DIAGNOSTIC,ARCHIVED_INTERNAL_EXPLORATION_NOT_GAS_EVIDENCE,antmaze-medium-navigate-v0,44,321,0,38,19,19,pos,,0,,,
stage30_official_gas_keygraph_audit,OFFICIAL_GAS_KEYGRAPH_NODE_DIAGNOSTIC,ARCHIVED_INTERNAL_EXPLORATION_NOT_GAS_EVIDENCE,antmaze-medium-navigate-v0,44,322,0,16,8,8,pos,,0,,,
stage30_official_gas_keygraph_audit,OFFICIAL_GAS_KEYGRAPH_NODE_DIAGNOSTIC,ARCHIVED_INTERNAL_EXPLORATION_NOT_GAS_EVIDENCE,antmaze-medium-navigate-v0,44,323,0,28,14,14,pos,,0,,,
stage30_official_gas_keygraph_audit,OFFICIAL_GAS_KEYGRAPH_NODE_DIAGNOSTIC,ARCHIVED_INTERNAL_EXPLORATION_NOT_GAS_EVIDENCE,antmaze-medium-navigate-v0,44,324,0,44,22,22,pos,,0,,,
stage30_official_gas_keygraph_audit,OFFICIAL_GAS_KEYGRAPH_NODE_DIAGNOSTIC,ARCHIVED_INTERNAL_EXPLORATION_NOT_GAS_EVIDENCE,antmaze-medium-navigate-v0,44,325,0,4,2,2,pos,,0,,,
stage30_official_gas_keygraph_audit,OFFICIAL_GAS_KEYGRAPH_NODE_DIAGNOSTIC,ARCHIVED_INTERNAL_EXPLORATION_NOT_GAS_EVIDENCE,antmaze-medium-navigate-v0,44,326,0,4,2,2,pos,,0,,,
stage30_official_gas_keygraph_audit,OFFICIAL_GAS_KEYGRAPH_NODE_DIAGNOSTIC,ARCHIVED_INTERNAL_EXPLORATION_NOT_GAS_EVIDENCE,antmaze-medium-navigate-v0,44,327,0,4,2,2,pos,,0,,,
stage30_official_gas_keygraph_audit,OFFICIAL_GAS_KEYGRAPH_NODE_DIAGNOSTIC,ARCHIVED_INTERNAL_EXPLORATION_NOT_GAS_EVIDENCE,antmaze-medium-navigate-v0,44,328,0,2,1,1,pos,,0,,,
stage30_official_gas_keygraph_audit,OFFICIAL_GAS_KEYGRAPH_NODE_DIAGNOSTIC,ARCHIVED_INTERNAL_EXPLORATION_NOT_GAS_EVIDENCE,antmaze-medium-navigate-v0,44,329,0,20,10,10,pos,,0,,,
stage30_official_gas_keygraph_audit,OFFICIAL_GAS_KEYGRAPH_NODE_DIAGNOSTIC,ARCHIVED_INTERNAL_EXPLORATION_NOT_GAS_EVIDENCE,antmaze-medium-navigate-v0,44,330,0,30,15,15,pos,,0,,,
stage30_official_gas_keygraph_audit,OFFICIAL_GAS_KEYGRAPH_NODE_DIAGNOSTIC,ARCHIVED_INTERNAL_EXPLORATION_NOT_GAS_EVIDENCE,antmaze-medium-navigate-v0,44,331,0,6,3,3,pos,,0,,,
stage30_official_gas_keygraph_audit,OFFICIAL_GAS_KEYGRAPH_NODE_DIAGNOSTIC,ARCHIVED_INTERNAL_EXPLORATION_NOT_GAS_EVIDENCE,antmaze-medium-navigate-v0,44,332,0,54,27,27,pos,,0,,,
stage30_official_gas_keygraph_audit,OFFICIAL_GAS_KEYGRAPH_NODE_DIAGNOSTIC,ARCHIVED_INTERNAL_EXPLORATION_NOT_GAS_EVIDENCE,antmaze-medium-navigate-v0,44,333,0,50,25,25,pos,,0,,,
stage30_official_gas_keygraph_audit,OFFICIAL_GAS_KEYGRAPH_NODE_DIAGNOSTIC,ARCHIVED_INTERNAL_EXPLORATION_NOT_GAS_EVIDENCE,antmaze-medium-navigate-v0,44,334,0,42,21,21,pos,,0,,,
stage30_official_gas_keygraph_audit,OFFICIAL_GAS_KEYGRAPH_NODE_DIAGNOSTIC,ARCHIVED_INTERNAL_EXPLORATION_NOT_GAS_EVIDENCE,antmaze-medium-navigate-v0,44,335,0,38,19,19,pos,,0,,,
stage30_official_gas_keygraph_audit,OFFICIAL_GAS_KEYGRAPH_NODE_DIAGNOSTIC,ARCHIVED_INTERNAL_EXPLORATION_NOT_GAS_EVIDENCE,antmaze-medium-navigate-v0,44,336,0,4,2,2,pos,,0,,,
stage30_official_gas_keygraph_audit,OFFICIAL_GAS_KEYGRAPH_NODE_DIAGNOSTIC,ARCHIVED_INTERNAL_EXPLORATION_NOT_GAS_EVIDENCE,antmaze-medium-navigate-v0,44,337,0,2,1,1,pos,,0,,,
stage30_official_gas_keygraph_audit,OFFICIAL_GAS_KEYGRAPH_NODE_DIAGNOSTIC,ARCHIVED_INTERNAL_EXPLORATION_NOT_GAS_EVIDENCE,antmaze-medium-navigate-v0,44,338,0,2,1,1,pos,,0,,,
stage30_official_gas_keygraph_audit,OFFICIAL_GAS_KEYGRAPH_NODE_DIAGNOSTIC,ARCHIVED_INTERNAL_EXPLORATION_NOT_GAS_EVIDENCE,antmaze-medium-navigate-v0,44,339,0,42,21,21,pos,,0,,,
stage30_official_gas_keygraph_audit,OFFICIAL_GAS_KEYGRAPH_NODE_DIAGNOSTIC,ARCHIVED_INTERNAL_EXPLORATION_NOT_GAS_EVIDENCE,antmaze-medium-navigate-v0,44,340,0,36,18,18,pos,,0,,,
stage30_official_gas_keygraph_audit,OFFICIAL_GAS_KEYGRAPH_NODE_DIAGNOSTIC,ARCHIVED_INTERNAL_EXPLORATION_NOT_GAS_EVIDENCE,antmaze-medium-navigate-v0,44,341,0,26,13,13,pos,,0,,,
stage30_official_gas_keygraph_audit,OFFICIAL_GAS_KEYGRAPH_NODE_DIAGNOSTIC,ARCHIVED_INTERNAL_EXPLORATION_NOT_GAS_EVIDENCE,antmaze-medium-navigate-v0,44,342,0,50,25,25,pos,,0,,,
stage30_official_gas_keygraph_audit,OFFICIAL_GAS_KEYGRAPH_NODE_DIAGNOSTIC,ARCHIVED_INTERNAL_EXPLORATION_NOT_GAS_EVIDENCE,antmaze-medium-navigate-v0,44,343,0,52,26,26,pos,,0,,,
stage30_official_gas_keygraph_audit,OFFICIAL_GAS_KEYGRAPH_NODE_DIAGNOSTIC,ARCHIVED_INTERNAL_EXPLORATION_NOT_GAS_EVIDENCE,antmaze-medium-navigate-v0,44,344,0,10,5,5,pos,,0,,,
stage30_official_gas_keygraph_audit,OFFICIAL_GAS_KEYGRAPH_NODE_DIAGNOSTIC,ARCHIVED_INTERNAL_EXPLORATION_NOT_GAS_EVIDENCE,antmaze-medium-navigate-v0,44,345,0,26,13,13,pos,,0,,,
stage30_official_gas_keygraph_audit,OFFICIAL_GAS_KEYGRAPH_NODE_DIAGNOSTIC,ARCHIVED_INTERNAL_EXPLORATION_NOT_GAS_EVIDENCE,antmaze-medium-navigate-v0,44,346,0,44,22,22,pos,,0,,,
stage30_official_gas_keygraph_audit,OFFICIAL_GAS_KEYGRAPH_NODE_DIAGNOSTIC,ARCHIVED_INTERNAL_EXPLORATION_NOT_GAS_EVIDENCE,antmaze-medium-navigate-v0,44,347,0,28,14,14,pos,,0,,,
stage30_official_gas_keygraph_audit,OFFICIAL_GAS_KEYGRAPH_NODE_DIAGNOSTIC,ARCHIVED_INTERNAL_EXPLORATION_NOT_GAS_EVIDENCE,antmaze-medium-navigate-v0,44,348,0,54,27,27,pos,,0,,,
stage30_official_gas_keygraph_audit,OFFICIAL_GAS_KEYGRAPH_NODE_DIAGNOSTIC,ARCHIVED_INTERNAL_EXPLORATION_NOT_GAS_EVIDENCE,antmaze-medium-navigate-v0,44,349,0,36,18,18,pos,,0,,,
stage30_official_gas_keygraph_audit,OFFICIAL_GAS_KEYGRAPH_NODE_DIAGNOSTIC,ARCHIVED_INTERNAL_EXPLORATION_NOT_GAS_EVIDENCE,antmaze-medium-navigate-v0,44,350,0,4,2,2,pos,,0,,,
stage30_official_gas_keygraph_audit,OFFICIAL_GAS_KEYGRAPH_NODE_DIAGNOSTIC,ARCHIVED_INTERNAL_EXPLORATION_NOT_GAS_EVIDENCE,antmaze-medium-navigate-v0,44,351,0,28,14,14,pos,,0,,,
stage30_official_gas_keygraph_audit,OFFICIAL_GAS_KEYGRAPH_NODE_DIAGNOSTIC,ARCHIVED_INTERNAL_EXPLORATION_NOT_GAS_EVIDENCE,antmaze-medium-navigate-v0,44,352,0,12,6,6,pos,,0,,,
stage30_official_gas_keygraph_audit,OFFICIAL_GAS_KEYGRAPH_NODE_DIAGNOSTIC,ARCHIVED_INTERNAL_EXPLORATION_NOT_GAS_EVIDENCE,antmaze-medium-navigate-v0,44,353,0,62,31,31,pos,,0,,,
stage30_official_gas_keygraph_audit,OFFICIAL_GAS_KEYGRAPH_NODE_DIAGNOSTIC,ARCHIVED_INTERNAL_EXPLORATION_NOT_GAS_EVIDENCE,antmaze-medium-navigate-v0,44,354,0,4,2,2,pos,,0,,,
stage30_official_gas_keygraph_audit,OFFICIAL_GAS_KEYGRAPH_NODE_DIAGNOSTIC,ARCHIVED_INTERNAL_EXPLORATION_NOT_GAS_EVIDENCE,antmaze-medium-navigate-v0,44,355,0,4,2,2,pos,,0,,,
stage30_official_gas_keygraph_audit,OFFICIAL_GAS_KEYGRAPH_NODE_DIAGNOSTIC,ARCHIVED_INTERNAL_EXPLORATION_NOT_GAS_EVIDENCE,antmaze-medium-navigate-v0,44,356,0,4,2,2,pos,,0,,,
stage30_official_gas_keygraph_audit,OFFICIAL_GAS_KEYGRAPH_NODE_DIAGNOSTIC,ARCHIVED_INTERNAL_EXPLORATION_NOT_GAS_EVIDENCE,antmaze-medium-navigate-v0,44,357,0,54,27,27,pos,,0,,,
stage30_official_gas_keygraph_audit,OFFICIAL_GAS_KEYGRAPH_NODE_DIAGNOSTIC,ARCHIVED_INTERNAL_EXPLORATION_NOT_GAS_EVIDENCE,antmaze-medium-navigate-v0,44,358,0,14,7,7,pos,,0,,,
stage30_official_gas_keygraph_audit,OFFICIAL_GAS_KEYGRAPH_NODE_DIAGNOSTIC,ARCHIVED_INTERNAL_EXPLORATION_NOT_GAS_EVIDENCE,antmaze-medium-navigate-v0,44,359,0,34,17,17,pos,,0,,,
stage30_official_gas_keygraph_audit,OFFICIAL_GAS_KEYGRAPH_NODE_DIAGNOSTIC,ARCHIVED_INTERNAL_EXPLORATION_NOT_GAS_EVIDENCE,antmaze-medium-navigate-v0,44,360,0,44,22,22,pos,,0,,,
stage30_official_gas_keygraph_audit,OFFICIAL_GAS_KEYGRAPH_NODE_DIAGNOSTIC,ARCHIVED_INTERNAL_EXPLORATION_NOT_GAS_EVIDENCE,antmaze-medium-navigate-v0,44,361,0,40,20,20,pos,,0,,,
stage30_official_gas_keygraph_audit,OFFICIAL_GAS_KEYGRAPH_NODE_DIAGNOSTIC,ARCHIVED_INTERNAL_EXPLORATION_NOT_GAS_EVIDENCE,antmaze-medium-navigate-v0,44,362,0,38,19,19,pos,,0,,,
stage30_official_gas_keygraph_audit,OFFICIAL_GAS_KEYGRAPH_NODE_DIAGNOSTIC,ARCHIVED_INTERNAL_EXPLORATION_NOT_GAS_EVIDENCE,antmaze-medium-navigate-v0,44,363,0,36,18,18,pos,,0,,,
stage30_official_gas_keygraph_audit,OFFICIAL_GAS_KEYGRAPH_NODE_DIAGNOSTIC,ARCHIVED_INTERNAL_EXPLORATION_NOT_GAS_EVIDENCE,antmaze-medium-navigate-v0,44,364,0,46,23,23,pos,,0,,,
stage30_official_gas_keygraph_audit,OFFICIAL_GAS_KEYGRAPH_NODE_DIAGNOSTIC,ARCHIVED_INTERNAL_EXPLORATION_NOT_GAS_EVIDENCE,antmaze-medium-navigate-v0,44,365,0,28,14,14,pos,,0,,,
stage30_official_gas_keygraph_audit,OFFICIAL_GAS_KEYGRAPH_NODE_DIAGNOSTIC,ARCHIVED_INTERNAL_EXPLORATION_NOT_GAS_EVIDENCE,antmaze-medium-navigate-v0,44,366,0,6,3,3,pos,,0,,,
stage30_official_gas_keygraph_audit,OFFICIAL_GAS_KEYGRAPH_NODE_DIAGNOSTIC,ARCHIVED_INTERNAL_EXPLORATION_NOT_GAS_EVIDENCE,antmaze-medium-navigate-v0,44,367,0,28,14,14,pos,,0,,,
stage30_official_gas_keygraph_audit,OFFICIAL_GAS_KEYGRAPH_NODE_DIAGNOSTIC,ARCHIVED_INTERNAL_EXPLORATION_NOT_GAS_EVIDENCE,antmaze-medium-navigate-v0,44,368,0,24,12,12,pos,,0,,,
stage30_official_gas_keygraph_audit,OFFICIAL_GAS_KEYGRAPH_NODE_DIAGNOSTIC,ARCHIVED_INTERNAL_EXPLORATION_NOT_GAS_EVIDENCE,antmaze-medium-navigate-v0,44,369,0,36,18,18,pos,,0,,,
stage30_official_gas_keygraph_audit,OFFICIAL_GAS_KEYGRAPH_NODE_DIAGNOSTIC,ARCHIVED_INTERNAL_EXPLORATION_NOT_GAS_EVIDENCE,antmaze-medium-navigate-v0,44,370,0,34,17,17,pos,,0,,,
stage30_official_gas_keygraph_audit,OFFICIAL_GAS_KEYGRAPH_NODE_DIAGNOSTIC,ARCHIVED_INTERNAL_EXPLORATION_NOT_GAS_EVIDENCE,antmaze-medium-navigate-v0,44,371,0,42,21,21,pos,,0,,,
stage30_official_gas_keygraph_audit,OFFICIAL_GAS_KEYGRAPH_NODE_DIAGNOSTIC,ARCHIVED_INTERNAL_EXPLORATION_NOT_GAS_EVIDENCE,antmaze-medium-navigate-v0,44,372,0,42,21,21,pos,,0,,,
stage30_official_gas_keygraph_audit,OFFICIAL_GAS_KEYGRAPH_NODE_DIAGNOSTIC,ARCHIVED_INTERNAL_EXPLORATION_NOT_GAS_EVIDENCE,antmaze-medium-navigate-v0,44,373,0,42,21,21,pos,,0,,,
stage30_official_gas_keygraph_audit,OFFICIAL_GAS_KEYGRAPH_NODE_DIAGNOSTIC,ARCHIVED_INTERNAL_EXPLORATION_NOT_GAS_EVIDENCE,antmaze-medium-navigate-v0,44,374,0,12,6,6,pos,,0,,,
stage30_official_gas_keygraph_audit,OFFICIAL_GAS_KEYGRAPH_NODE_DIAGNOSTIC,ARCHIVED_INTERNAL_EXPLORATION_NOT_GAS_EVIDENCE,antmaze-medium-navigate-v0,44,375,0,64,32,32,pos,,0,,,
stage30_official_gas_keygraph_audit,OFFICIAL_GAS_KEYGRAPH_NODE_DIAGNOSTIC,ARCHIVED_INTERNAL_EXPLORATION_NOT_GAS_EVIDENCE,antmaze-medium-navigate-v0,44,376,0,44,22,22,pos,,0,,,
stage30_official_gas_keygraph_audit,OFFICIAL_GAS_KEYGRAPH_NODE_DIAGNOSTIC,ARCHIVED_INTERNAL_EXPLORATION_NOT_GAS_EVIDENCE,antmaze-medium-navigate-v0,44,377,0,30,15,15,pos,,0,,,
stage30_official_gas_keygraph_audit,OFFICIAL_GAS_KEYGRAPH_NODE_DIAGNOSTIC,ARCHIVED_INTERNAL_EXPLORATION_NOT_GAS_EVIDENCE,antmaze-medium-navigate-v0,44,378,0,44,22,22,pos,,0,,,
stage30_official_gas_keygraph_audit,OFFICIAL_GAS_KEYGRAPH_NODE_DIAGNOSTIC,ARCHIVED_INTERNAL_EXPLORATION_NOT_GAS_EVIDENCE,antmaze-medium-navigate-v0,44,379,0,38,19,19,pos,,0,,,
stage30_official_gas_keygraph_audit,OFFICIAL_GAS_KEYGRAPH_NODE_DIAGNOSTIC,ARCHIVED_INTERNAL_EXPLORATION_NOT_GAS_EVIDENCE,antmaze-medium-navigate-v0,44,380,0,24,12,12,pos,,0,,,
stage30_official_gas_keygraph_audit,OFFICIAL_GAS_KEYGRAPH_NODE_DIAGNOSTIC,ARCHIVED_INTERNAL_EXPLORATION_NOT_GAS_EVIDENCE,antmaze-medium-navigate-v0,44,381,0,26,13,13,pos,,0,,,
stage30_official_gas_keygraph_audit,OFFICIAL_GAS_KEYGRAPH_NODE_DIAGNOSTIC,ARCHIVED_INTERNAL_EXPLORATION_NOT_GAS_EVIDENCE,antmaze-medium-navigate-v0,44,382,0,28,14,14,pos,,0,,,
stage30_official_gas_keygraph_audit,OFFICIAL_GAS_KEYGRAPH_NODE_DIAGNOSTIC,ARCHIVED_INTERNAL_EXPLORATION_NOT_GAS_EVIDENCE,antmaze-medium-navigate-v0,44,383,0,32,16,16,pos,,0,,,
stage30_official_gas_keygraph_audit,OFFICIAL_GAS_KEYGRAPH_NODE_DIAGNOSTIC,ARCHIVED_INTERNAL_EXPLORATION_NOT_GAS_EVIDENCE,antmaze-medium-navigate-v0,44,384,0,4,2,2,pos,,0,,,
stage30_official_gas_keygraph_audit,OFFICIAL_GAS_KEYGRAPH_NODE_DIAGNOSTIC,ARCHIVED_INTERNAL_EXPLORATION_NOT_GAS_EVIDENCE,antmaze-medium-navigate-v0,44,385,0,40,20,20,pos,,0,,,
stage30_official_gas_keygraph_audit,OFFICIAL_GAS_KEYGRAPH_NODE_DIAGNOSTIC,ARCHIVED_INTERNAL_EXPLORATION_NOT_GAS_EVIDENCE,antmaze-medium-navigate-v0,44,386,0,46,23,23,pos,,0,,,
stage30_official_gas_keygraph_audit,OFFICIAL_GAS_KEYGRAPH_NODE_DIAGNOSTIC,ARCHIVED_INTERNAL_EXPLORATION_NOT_GAS_EVIDENCE,antmaze-medium-navigate-v0,44,387,0,38,19,19,pos,,0,,,
stage30_official_gas_keygraph_audit,OFFICIAL_GAS_KEYGRAPH_NODE_DIAGNOSTIC,ARCHIVED_INTERNAL_EXPLORATION_NOT_GAS_EVIDENCE,antmaze-medium-navigate-v0,44,388,0,50,25,25,pos,,0,,,
stage30_official_gas_keygraph_audit,OFFICIAL_GAS_KEYGRAPH_NODE_DIAGNOSTIC,ARCHIVED_INTERNAL_EXPLORATION_NOT_GAS_EVIDENCE,antmaze-medium-navigate-v0,44,389,0,42,21,21,pos,,0,,,
stage30_official_gas_keygraph_audit,OFFICIAL_GAS_KEYGRAPH_NODE_DIAGNOSTIC,ARCHIVED_INTERNAL_EXPLORATION_NOT_GAS_EVIDENCE,antmaze-medium-navigate-v0,44,390,0,38,19,19,pos,,0,,,
stage30_official_gas_keygraph_audit,OFFICIAL_GAS_KEYGRAPH_NODE_DIAGNOSTIC,ARCHIVED_INTERNAL_EXPLORATION_NOT_GAS_EVIDENCE,antmaze-medium-navigate-v0,44,391,0,38,19,19,pos,,0,,,
stage30_official_gas_keygraph_audit,OFFICIAL_GAS_KEYGRAPH_NODE_DIAGNOSTIC,ARCHIVED_INTERNAL_EXPLORATION_NOT_GAS_EVIDENCE,antmaze-medium-navigate-v0,44,392,0,54,27,27,pos,,0,,,
stage30_official_gas_keygraph_audit,OFFICIAL_GAS_KEYGRAPH_NODE_DIAGNOSTIC,ARCHIVED_INTERNAL_EXPLORATION_NOT_GAS_EVIDENCE,antmaze-medium-navigate-v0,44,393,0,40,20,20,pos,,0,,,
stage30_official_gas_keygraph_audit,OFFICIAL_GAS_KEYGRAPH_NODE_DIAGNOSTIC,ARCHIVED_INTERNAL_EXPLORATION_NOT_GAS_EVIDENCE,antmaze-medium-navigate-v0,44,394,0,34,17,17,pos,,0,,,
stage30_official_gas_keygraph_audit,OFFICIAL_GAS_KEYGRAPH_NODE_DIAGNOSTIC,ARCHIVED_INTERNAL_EXPLORATION_NOT_GAS_EVIDENCE,antmaze-medium-navigate-v0,44,395,0,54,27,27,pos,,0,,,
stage30_official_gas_keygraph_audit,OFFICIAL_GAS_KEYGRAPH_NODE_DIAGNOSTIC,ARCHIVED_INTERNAL_EXPLORATION_NOT_GAS_EVIDENCE,antmaze-medium-navigate-v0,44,396,0,28,14,14,pos,,0,,,
stage30_official_gas_keygraph_audit,OFFICIAL_GAS_KEYGRAPH_NODE_DIAGNOSTIC,ARCHIVED_INTERNAL_EXPLORATION_NOT_GAS_EVIDENCE,antmaze-medium-navigate-v0,44,397,0,26,13,13,pos,,0,,,
stage30_official_gas_keygraph_audit,OFFICIAL_GAS_KEYGRAPH_NODE_DIAGNOSTIC,ARCHIVED_INTERNAL_EXPLORATION_NOT_GAS_EVIDENCE,antmaze-medium-navigate-v0,44,398,0,36,18,18,pos,,0,,,
stage30_official_gas_keygraph_audit,OFFICIAL_GAS_KEYGRAPH_NODE_DIAGNOSTIC,ARCHIVED_INTERNAL_EXPLORATION_NOT_GAS_EVIDENCE,antmaze-medium-navigate-v0,44,399,0,34,17,17,pos,,0,,,
stage30_official_gas_keygraph_audit,OFFICIAL_GAS_KEYGRAPH_NODE_DIAGNOSTIC,ARCHIVED_INTERNAL_EXPLORATION_NOT_GAS_EVIDENCE,antmaze-medium-navigate-v0,44,400,0,48,24,24,pos,,0,,,
stage30_official_gas_keygraph_audit,OFFICIAL_GAS_KEYGRAPH_NODE_DIAGNOSTIC,ARCHIVED_INTERNAL_EXPLORATION_NOT_GAS_EVIDENCE,antmaze-medium-navigate-v0,44,401,0,2,1,1,pos,,0,,,
stage30_official_gas_keygraph_audit,OFFICIAL_GAS_KEYGRAPH_NODE_DIAGNOSTIC,ARCHIVED_INTERNAL_EXPLORATION_NOT_GAS_EVIDENCE,antmaze-medium-navigate-v0,44,402,0,26,13,13,pos,,0,,,
stage30_official_gas_keygraph_audit,OFFICIAL_GAS_KEYGRAPH_NODE_DIAGNOSTIC,ARCHIVED_INTERNAL_EXPLORATION_NOT_GAS_EVIDENCE,antmaze-medium-navigate-v0,44,403,0,38,19,19,pos,,0,,,
stage30_official_gas_keygraph_audit,OFFICIAL_GAS_KEYGRAPH_NODE_DIAGNOSTIC,ARCHIVED_INTERNAL_EXPLORATION_NOT_GAS_EVIDENCE,antmaze-medium-navigate-v0,44,404,0,56,28,28,pos,,0,,,
stage30_official_gas_keygraph_audit,OFFICIAL_GAS_KEYGRAPH_NODE_DIAGNOSTIC,ARCHIVED_INTERNAL_EXPLORATION_NOT_GAS_EVIDENCE,antmaze-medium-navigate-v0,44,405,0,44,22,22,pos,,0,,,
stage30_official_gas_keygraph_audit,OFFICIAL_GAS_KEYGRAPH_NODE_DIAGNOSTIC,ARCHIVED_INTERNAL_EXPLORATION_NOT_GAS_EVIDENCE,antmaze-medium-navigate-v0,44,406,0,36,18,18,pos,,0,,,
stage30_official_gas_keygraph_audit,OFFICIAL_GAS_KEYGRAPH_NODE_DIAGNOSTIC,ARCHIVED_INTERNAL_EXPLORATION_NOT_GAS_EVIDENCE,antmaze-medium-navigate-v0,44,407,0,46,23,23,pos,,0,,,
stage30_official_gas_keygraph_audit,OFFICIAL_GAS_KEYGRAPH_NODE_DIAGNOSTIC,ARCHIVED_INTERNAL_EXPLORATION_NOT_GAS_EVIDENCE,antmaze-medium-navigate-v0,44,408,0,16,8,8,pos,,0,,,
stage30_official_gas_keygraph_audit,OFFICIAL_GAS_KEYGRAPH_NODE_DIAGNOSTIC,ARCHIVED_INTERNAL_EXPLORATION_NOT_GAS_EVIDENCE,antmaze-medium-navigate-v0,44,409,0,2,1,1,pos,,0,,,
stage30_official_gas_keygraph_audit,OFFICIAL_GAS_KEYGRAPH_NODE_DIAGNOSTIC,ARCHIVED_INTERNAL_EXPLORATION_NOT_GAS_EVIDENCE,antmaze-medium-navigate-v0,44,410,0,46,23,23,pos,,0,,,
stage30_official_gas_keygraph_audit,OFFICIAL_GAS_KEYGRAPH_NODE_DIAGNOSTIC,ARCHIVED_INTERNAL_EXPLORATION_NOT_GAS_EVIDENCE,antmaze-medium-navigate-v0,44,411,0,42,21,21,pos,,0,,,
stage30_official_gas_keygraph_audit,OFFICIAL_GAS_KEYGRAPH_NODE_DIAGNOSTIC,ARCHIVED_INTERNAL_EXPLORATION_NOT_GAS_EVIDENCE,antmaze-medium-navigate-v0,44,412,0,38,19,19,pos,,0,,,
stage30_official_gas_keygraph_audit,OFFICIAL_GAS_KEYGRAPH_NODE_DIAGNOSTIC,ARCHIVED_INTERNAL_EXPLORATION_NOT_GAS_EVIDENCE,antmaze-medium-navigate-v0,44,413,0,32,16,16,pos,,0,,,
stage30_official_gas_keygraph_audit,OFFICIAL_GAS_KEYGRAPH_NODE_DIAGNOSTIC,ARCHIVED_INTERNAL_EXPLORATION_NOT_GAS_EVIDENCE,antmaze-medium-navigate-v0,44,414,0,22,11,11,pos,,0,,,
stage30_official_gas_keygraph_audit,OFFICIAL_GAS_KEYGRAPH_NODE_DIAGNOSTIC,ARCHIVED_INTERNAL_EXPLORATION_NOT_GAS_EVIDENCE,antmaze-medium-navigate-v0,44,415,0,4,2,2,pos,,0,,,
stage30_official_gas_keygraph_audit,OFFICIAL_GAS_KEYGRAPH_NODE_DIAGNOSTIC,ARCHIVED_INTERNAL_EXPLORATION_NOT_GAS_EVIDENCE,antmaze-medium-navigate-v0,44,416,0,2,1,1,pos,,0,,,
stage30_official_gas_keygraph_audit,OFFICIAL_GAS_KEYGRAPH_NODE_DIAGNOSTIC,ARCHIVED_INTERNAL_EXPLORATION_NOT_GAS_EVIDENCE,antmaze-medium-navigate-v0,44,417,0,46,23,23,pos,,0,,,
stage30_official_gas_keygraph_audit,OFFICIAL_GAS_KEYGRAPH_NODE_DIAGNOSTIC,ARCHIVED_INTERNAL_EXPLORATION_NOT_GAS_EVIDENCE,antmaze-medium-navigate-v0,44,418,0,24,12,12,pos,,0,,,
stage30_official_gas_keygraph_audit,OFFICIAL_GAS_KEYGRAPH_NODE_DIAGNOSTIC,ARCHIVED_INTERNAL_EXPLORATION_NOT_GAS_EVIDENCE,antmaze-medium-navigate-v0,44,419,0,4,2,2,pos,,0,,,
stage30_official_gas_keygraph_audit,OFFICIAL_GAS_KEYGRAPH_NODE_DIAGNOSTIC,ARCHIVED_INTERNAL_EXPLORATION_NOT_GAS_EVIDENCE,antmaze-medium-navigate-v0,44,420,0,2,1,1,pos,,0,,,
stage30_official_gas_keygraph_audit,OFFICIAL_GAS_KEYGRAPH_NODE_DIAGNOSTIC,ARCHIVED_INTERNAL_EXPLORATION_NOT_GAS_EVIDENCE,antmaze-medium-navigate-v0,44,421,0,2,1,1,pos,,0,,,
stage30_official_gas_keygraph_audit,OFFICIAL_GAS_KEYGRAPH_NODE_DIAGNOSTIC,ARCHIVED_INTERNAL_EXPLORATION_NOT_GAS_EVIDENCE,antmaze-medium-navigate-v0,44,422,0,2,1,1,pos,,0,,,
stage30_official_gas_keygraph_audit,OFFICIAL_GAS_KEYGRAPH_NODE_DIAGNOSTIC,ARCHIVED_INTERNAL_EXPLORATION_NOT_GAS_EVIDENCE,antmaze-medium-navigate-v0,44,423,0,4,2,2,pos,,0,,,
stage30_official_gas_keygraph_audit,OFFICIAL_GAS_KEYGRAPH_NODE_DIAGNOSTIC,ARCHIVED_INTERNAL_EXPLORATION_NOT_GAS_EVIDENCE,antmaze-medium-navigate-v0,44,424,0,52,26,26,pos,,0,,,
stage30_official_gas_keygraph_audit,OFFICIAL_GAS_KEYGRAPH_NODE_DIAGNOSTIC,ARCHIVED_INTERNAL_EXPLORATION_NOT_GAS_EVIDENCE,antmaze-medium-navigate-v0,44,425,0,28,14,14,pos,,0,,,
stage30_official_gas_keygraph_audit,OFFICIAL_GAS_KEYGRAPH_NODE_DIAGNOSTIC,ARCHIVED_INTERNAL_EXPLORATION_NOT_GAS_EVIDENCE,antmaze-medium-navigate-v0,44,426,0,18,9,9,pos,,0,,,
stage30_official_gas_keygraph_audit,OFFICIAL_GAS_KEYGRAPH_NODE_DIAGNOSTIC,ARCHIVED_INTERNAL_EXPLORATION_NOT_GAS_EVIDENCE,antmaze-medium-navigate-v0,44,427,0,48,24,24,pos,,0,,,
stage30_official_gas_keygraph_audit,OFFICIAL_GAS_KEYGRAPH_NODE_DIAGNOSTIC,ARCHIVED_INTERNAL_EXPLORATION_NOT_GAS_EVIDENCE,antmaze-medium-navigate-v0,44,428,0,30,15,15,pos,,0,,,
stage30_official_gas_keygraph_audit,OFFICIAL_GAS_KEYGRAPH_NODE_DIAGNOSTIC,ARCHIVED_INTERNAL_EXPLORATION_NOT_GAS_EVIDENCE,antmaze-medium-navigate-v0,44,429,0,50,25,25,pos,,0,,,
stage30_official_gas_keygraph_audit,OFFICIAL_GAS_KEYGRAPH_NODE_DIAGNOSTIC,ARCHIVED_INTERNAL_EXPLORATION_NOT_GAS_EVIDENCE,antmaze-medium-navigate-v0,44,430,0,2,1,1,pos,,0,,,
stage30_official_gas_keygraph_audit,OFFICIAL_GAS_KEYGRAPH_NODE_DIAGNOSTIC,ARCHIVED_INTERNAL_EXPLORATION_NOT_GAS_EVIDENCE,antmaze-medium-navigate-v0,44,431,0,10,5,5,pos,,0,,,
stage30_official_gas_keygraph_audit,OFFICIAL_GAS_KEYGRAPH_NODE_DIAGNOSTIC,ARCHIVED_INTERNAL_EXPLORATION_NOT_GAS_EVIDENCE,antmaze-medium-navigate-v0,44,432,0,44,22,22,pos,,0,,,
stage30_official_gas_keygraph_audit,OFFICIAL_GAS_KEYGRAPH_NODE_DIAGNOSTIC,ARCHIVED_INTERNAL_EXPLORATION_NOT_GAS_EVIDENCE,antmaze-medium-navigate-v0,44,433,0,32,16,16,pos,,0,,,
stage30_official_gas_keygraph_audit,OFFICIAL_GAS_KEYGRAPH_NODE_DIAGNOSTIC,ARCHIVED_INTERNAL_EXPLORATION_NOT_GAS_EVIDENCE,antmaze-medium-navigate-v0,44,434,0,32,16,16,pos,,0,,,
stage30_official_gas_keygraph_audit,OFFICIAL_GAS_KEYGRAPH_NODE_DIAGNOSTIC,ARCHIVED_INTERNAL_EXPLORATION_NOT_GAS_EVIDENCE,antmaze-medium-navigate-v0,44,435,0,38,19,19,pos,,0,,,
stage30_official_gas_keygraph_audit,OFFICIAL_GAS_KEYGRAPH_NODE_DIAGNOSTIC,ARCHIVED_INTERNAL_EXPLORATION_NOT_GAS_EVIDENCE,antmaze-medium-navigate-v0,44,436,0,2,1,1,pos,,0,,,
stage30_official_gas_keygraph_audit,OFFICIAL_GAS_KEYGRAPH_NODE_DIAGNOSTIC,ARCHIVED_INTERNAL_EXPLORATION_NOT_GAS_EVIDENCE,antmaze-medium-navigate-v0,44,437,0,20,10,10,pos,,0,,,
stage30_official_gas_keygraph_audit,OFFICIAL_GAS_KEYGRAPH_NODE_DIAGNOSTIC,ARCHIVED_INTERNAL_EXPLORATION_NOT_GAS_EVIDENCE,antmaze-medium-navigate-v0,44,438,0,16,8,8,pos,,0,,,
stage30_official_gas_keygraph_audit,OFFICIAL_GAS_KEYGRAPH_NODE_DIAGNOSTIC,ARCHIVED_INTERNAL_EXPLORATION_NOT_GAS_EVIDENCE,antmaze-medium-navigate-v0,44,439,0,60,30,30,pos,,0,,,
stage30_official_gas_keygraph_audit,OFFICIAL_GAS_KEYGRAPH_NODE_DIAGNOSTIC,ARCHIVED_INTERNAL_EXPLORATION_NOT_GAS_EVIDENCE,antmaze-medium-navigate-v0,44,440,0,34,17,17,pos,,0,,,
stage30_official_gas_keygraph_audit,OFFICIAL_GAS_KEYGRAPH_NODE_DIAGNOSTIC,ARCHIVED_INTERNAL_EXPLORATION_NOT_GAS_EVIDENCE,antmaze-medium-navigate-v0,44,441,0,30,15,15,pos,,0,,,
stage30_official_gas_keygraph_audit,OFFICIAL_GAS_KEYGRAPH_NODE_DIAGNOSTIC,ARCHIVED_INTERNAL_EXPLORATION_NOT_GAS_EVIDENCE,antmaze-medium-navigate-v0,44,442,0,6,3,3,pos,,0,,,
stage30_official_gas_keygraph_audit,OFFICIAL_GAS_KEYGRAPH_NODE_DIAGNOSTIC,ARCHIVED_INTERNAL_EXPLORATION_NOT_GAS_EVIDENCE,antmaze-medium-navigate-v0,44,443,0,4,2,2,pos,,0,,,
stage30_official_gas_keygraph_audit,OFFICIAL_GAS_KEYGRAPH_NODE_DIAGNOSTIC,ARCHIVED_INTERNAL_EXPLORATION_NOT_GAS_EVIDENCE,antmaze-medium-navigate-v0,44,444,0,56,28,28,pos,,0,,,
stage30_official_gas_keygraph_audit,OFFICIAL_GAS_KEYGRAPH_NODE_DIAGNOSTIC,ARCHIVED_INTERNAL_EXPLORATION_NOT_GAS_EVIDENCE,antmaze-medium-navigate-v0,44,445,0,6,3,3,pos,,0,,,
stage30_official_gas_keygraph_audit,OFFICIAL_GAS_KEYGRAPH_NODE_DIAGNOSTIC,ARCHIVED_INTERNAL_EXPLORATION_NOT_GAS_EVIDENCE,antmaze-medium-navigate-v0,44,446,0,50,25,25,pos,,0,,,
stage30_official_gas_keygraph_audit,OFFICIAL_GAS_KEYGRAPH_NODE_DIAGNOSTIC,ARCHIVED_INTERNAL_EXPLORATION_NOT_GAS_EVIDENCE,antmaze-medium-navigate-v0,44,447,0,22,11,11,pos,,0,,,
stage30_official_gas_keygraph_audit,OFFICIAL_GAS_KEYGRAPH_NODE_DIAGNOSTIC,ARCHIVED_INTERNAL_EXPLORATION_NOT_GAS_EVIDENCE,antmaze-medium-navigate-v0,44,448,0,4,2,2,pos,,0,,,
stage30_official_gas_keygraph_audit,OFFICIAL_GAS_KEYGRAPH_NODE_DIAGNOSTIC,ARCHIVED_INTERNAL_EXPLORATION_NOT_GAS_EVIDENCE,antmaze-medium-navigate-v0,44,449,0,58,29,29,pos,,0,,,
stage30_official_gas_keygraph_audit,OFFICIAL_GAS_KEYGRAPH_NODE_DIAGNOSTIC,ARCHIVED_INTERNAL_EXPLORATION_NOT_GAS_EVIDENCE,antmaze-medium-navigate-v0,44,450,0,32,16,16,pos,,0,,,
stage30_official_gas_keygraph_audit,OFFICIAL_GAS_KEYGRAPH_NODE_DIAGNOSTIC,ARCHIVED_INTERNAL_EXPLORATION_NOT_GAS_EVIDENCE,antmaze-medium-navigate-v0,44,451,0,8,4,4,pos,,0,,,
stage30_official_gas_keygraph_audit,OFFICIAL_GAS_KEYGRAPH_NODE_DIAGNOSTIC,ARCHIVED_INTERNAL_EXPLORATION_NOT_GAS_EVIDENCE,antmaze-medium-navigate-v0,44,452,0,40,20,20,pos,,0,,,
stage30_official_gas_keygraph_audit,OFFICIAL_GAS_KEYGRAPH_NODE_DIAGNOSTIC,ARCHIVED_INTERNAL_EXPLORATION_NOT_GAS_EVIDENCE,antmaze-medium-navigate-v0,44,453,0,22,11,11,pos,,0,,,
stage30_official_gas_keygraph_audit,OFFICIAL_GAS_KEYGRAPH_NODE_DIAGNOSTIC,ARCHIVED_INTERNAL_EXPLORATION_NOT_GAS_EVIDENCE,antmaze-medium-navigate-v0,44,454,0,28,14,14,pos,,0,,,
stage30_official_gas_keygraph_audit,OFFICIAL_GAS_KEYGRAPH_NODE_DIAGNOSTIC,ARCHIVED_INTERNAL_EXPLORATION_NOT_GAS_EVIDENCE,antmaze-medium-navigate-v0,44,455,0,30,15,15,pos,,0,,,
stage30_official_gas_keygraph_audit,OFFICIAL_GAS_KEYGRAPH_NODE_DIAGNOSTIC,ARCHIVED_INTERNAL_EXPLORATION_NOT_GAS_EVIDENCE,antmaze-medium-navigate-v0,44,456,0,32,16,16,pos,,0,,,
stage30_official_gas_keygraph_audit,OFFICIAL_GAS_KEYGRAPH_NODE_DIAGNOSTIC,ARCHIVED_INTERNAL_EXPLORATION_NOT_GAS_EVIDENCE,antmaze-medium-navigate-v0,44,457,0,26,13,13,pos,,0,,,
stage30_official_gas_keygraph_audit,OFFICIAL_GAS_KEYGRAPH_NODE_DIAGNOSTIC,ARCHIVED_INTERNAL_EXPLORATION_NOT_GAS_EVIDENCE,antmaze-medium-navigate-v0,44,458,0,38,19,19,pos,,0,,,
stage30_official_gas_keygraph_audit,OFFICIAL_GAS_KEYGRAPH_NODE_DIAGNOSTIC,ARCHIVED_INTERNAL_EXPLORATION_NOT_GAS_EVIDENCE,antmaze-medium-navigate-v0,44,459,0,34,17,17,pos,,0,,,
stage30_official_gas_keygraph_audit,OFFICIAL_GAS_KEYGRAPH_NODE_DIAGNOSTIC,ARCHIVED_INTERNAL_EXPLORATION_NOT_GAS_EVIDENCE,antmaze-medium-navigate-v0,44,460,0,30,15,15,pos,,0,,,
stage30_official_gas_keygraph_audit,OFFICIAL_GAS_KEYGRAPH_NODE_DIAGNOSTIC,ARCHIVED_INTERNAL_EXPLORATION_NOT_GAS_EVIDENCE,antmaze-medium-navigate-v0,44,461,0,52,26,26,pos,,0,,,
stage30_official_gas_keygraph_audit,OFFICIAL_GAS_KEYGRAPH_NODE_DIAGNOSTIC,ARCHIVED_INTERNAL_EXPLORATION_NOT_GAS_EVIDENCE,antmaze-medium-navigate-v0,44,462,0,30,15,15,pos,,0,,,
stage30_official_gas_keygraph_audit,OFFICIAL_GAS_KEYGRAPH_NODE_DIAGNOSTIC,ARCHIVED_INTERNAL_EXPLORATION_NOT_GAS_EVIDENCE,antmaze-medium-navigate-v0,44,463,0,58,29,29,pos,,0,,,
stage30_official_gas_keygraph_audit,OFFICIAL_GAS_KEYGRAPH_NODE_DIAGNOSTIC,ARCHIVED_INTERNAL_EXPLORATION_NOT_GAS_EVIDENCE,antmaze-medium-navigate-v0,44,464,0,30,15,15,pos,,0,,,
stage30_official_gas_keygraph_audit,OFFICIAL_GAS_KEYGRAPH_NODE_DIAGNOSTIC,ARCHIVED_INTERNAL_EXPLORATION_NOT_GAS_EVIDENCE,antmaze-medium-navigate-v0,44,465,0,24,12,12,pos,,0,,,
stage30_official_gas_keygraph_audit,OFFICIAL_GAS_KEYGRAPH_NODE_DIAGNOSTIC,ARCHIVED_INTERNAL_EXPLORATION_NOT_GAS_EVIDENCE,antmaze-medium-navigate-v0,44,466,0,40,20,20,pos,,0,,,
stage30_official_gas_keygraph_audit,OFFICIAL_GAS_KEYGRAPH_NODE_DIAGNOSTIC,ARCHIVED_INTERNAL_EXPLORATION_NOT_GAS_EVIDENCE,antmaze-medium-navigate-v0,44,467,0,2,1,1,pos,,0,,,
stage30_official_gas_keygraph_audit,OFFICIAL_GAS_KEYGRAPH_NODE_DIAGNOSTIC,ARCHIVED_INTERNAL_EXPLORATION_NOT_GAS_EVIDENCE,antmaze-medium-navigate-v0,44,468,0,28,14,14,pos,,0,,,
stage30_official_gas_keygraph_audit,OFFICIAL_GAS_KEYGRAPH_NODE_DIAGNOSTIC,ARCHIVED_INTERNAL_EXPLORATION_NOT_GAS_EVIDENCE,antmaze-medium-navigate-v0,44,469,0,30,15,15,pos,,0,,,
stage30_official_gas_keygraph_audit,OFFICIAL_GAS_KEYGRAPH_NODE_DIAGNOSTIC,ARCHIVED_INTERNAL_EXPLORATION_NOT_GAS_EVIDENCE,antmaze-medium-navigate-v0,44,470,0,2,1,1,pos,,0,,,
stage30_official_gas_keygraph_audit,OFFICIAL_GAS_KEYGRAPH_NODE_DIAGNOSTIC,ARCHIVED_INTERNAL_EXPLORATION_NOT_GAS_EVIDENCE,antmaze-medium-navigate-v0,44,471,0,38,19,19,pos,,0,,,
stage30_official_gas_keygraph_audit,OFFICIAL_GAS_KEYGRAPH_NODE_DIAGNOSTIC,ARCHIVED_INTERNAL_EXPLORATION_NOT_GAS_EVIDENCE,antmaze-medium-navigate-v0,44,472,0,8,4,4,pos,,0,,,
stage30_official_gas_keygraph_audit,OFFICIAL_GAS_KEYGRAPH_NODE_DIAGNOSTIC,ARCHIVED_INTERNAL_EXPLORATION_NOT_GAS_EVIDENCE,antmaze-medium-navigate-v0,44,473,0,66,33,33,pos,,0,,,
stage30_official_gas_keygraph_audit,OFFICIAL_GAS_KEYGRAPH_NODE_DIAGNOSTIC,ARCHIVED_INTERNAL_EXPLORATION_NOT_GAS_EVIDENCE,antmaze-medium-navigate-v0,44,474,0,26,13,13,pos,,0,,,
stage30_official_gas_keygraph_audit,OFFICIAL_GAS_KEYGRAPH_NODE_DIAGNOSTIC,ARCHIVED_INTERNAL_EXPLORATION_NOT_GAS_EVIDENCE,antmaze-medium-navigate-v0,44,475,0,16,8,8,pos,,0,,,
stage30_official_gas_keygraph_audit,OFFICIAL_GAS_KEYGRAPH_NODE_DIAGNOSTIC,ARCHIVED_INTERNAL_EXPLORATION_NOT_GAS_EVIDENCE,antmaze-medium-navigate-v0,44,476,0,4,2,2,pos,,0,,,
stage30_official_gas_keygraph_audit,OFFICIAL_GAS_KEYGRAPH_NODE_DIAGNOSTIC,ARCHIVED_INTERNAL_EXPLORATION_NOT_GAS_EVIDENCE,antmaze-medium-navigate-v0,44,477,0,2,1,1,pos,,0,,,
stage30_official_gas_keygraph_audit,OFFICIAL_GAS_KEYGRAPH_NODE_DIAGNOSTIC,ARCHIVED_INTERNAL_EXPLORATION_NOT_GAS_EVIDENCE,antmaze-medium-navigate-v0,44,478,0,36,18,18,pos,,0,,,
stage30_official_gas_keygraph_audit,OFFICIAL_GAS_KEYGRAPH_NODE_DIAGNOSTIC,ARCHIVED_INTERNAL_EXPLORATION_NOT_GAS_EVIDENCE,antmaze-medium-navigate-v0,44,479,0,38,19,19,pos,,0,,,
stage30_official_gas_keygraph_audit,OFFICIAL_GAS_KEYGRAPH_NODE_DIAGNOSTIC,ARCHIVED_INTERNAL_EXPLORATION_NOT_GAS_EVIDENCE,antmaze-medium-navigate-v0,44,480,0,24,12,12,pos,,0,,,
stage30_official_gas_keygraph_audit,OFFICIAL_GAS_KEYGRAPH_NODE_DIAGNOSTIC,ARCHIVED_INTERNAL_EXPLORATION_NOT_GAS_EVIDENCE,antmaze-medium-navigate-v0,44,481,0,10,5,5,pos,,0,,,
stage30_official_gas_keygraph_audit,OFFICIAL_GAS_KEYGRAPH_NODE_DIAGNOSTIC,ARCHIVED_INTERNAL_EXPLORATION_NOT_GAS_EVIDENCE,antmaze-medium-navigate-v0,44,482,0,22,11,11,pos,,0,,,
stage30_official_gas_keygraph_audit,OFFICIAL_GAS_KEYGRAPH_NODE_DIAGNOSTIC,ARCHIVED_INTERNAL_EXPLORATION_NOT_GAS_EVIDENCE,antmaze-medium-navigate-v0,44,483,0,28,14,14,pos,,0,,,
stage30_official_gas_keygraph_audit,OFFICIAL_GAS_KEYGRAPH_NODE_DIAGNOSTIC,ARCHIVED_INTERNAL_EXPLORATION_NOT_GAS_EVIDENCE,antmaze-medium-navigate-v0,44,484,0,56,28,28,pos,,0,,,
stage30_official_gas_keygraph_audit,OFFICIAL_GAS_KEYGRAPH_NODE_DIAGNOSTIC,ARCHIVED_INTERNAL_EXPLORATION_NOT_GAS_EVIDENCE,antmaze-medium-navigate-v0,44,485,0,40,20,20,pos,,0,,,
stage30_official_gas_keygraph_audit,OFFICIAL_GAS_KEYGRAPH_NODE_DIAGNOSTIC,ARCHIVED_INTERNAL_EXPLORATION_NOT_GAS_EVIDENCE,antmaze-medium-navigate-v0,44,486,0,8,4,4,pos,,0,,,
stage30_official_gas_keygraph_audit,OFFICIAL_GAS_KEYGRAPH_NODE_DIAGNOSTIC,ARCHIVED_INTERNAL_EXPLORATION_NOT_GAS_EVIDENCE,antmaze-medium-navigate-v0,44,487,0,12,6,6,pos,,0,,,
stage30_official_gas_keygraph_audit,OFFICIAL_GAS_KEYGRAPH_NODE_DIAGNOSTIC,ARCHIVED_INTERNAL_EXPLORATION_NOT_GAS_EVIDENCE,antmaze-medium-navigate-v0,44,488,0,24,12,12,pos,,0,,,
stage30_official_gas_keygraph_audit,OFFICIAL_GAS_KEYGRAPH_NODE_DIAGNOSTIC,ARCHIVED_INTERNAL_EXPLORATION_NOT_GAS_EVIDENCE,antmaze-medium-navigate-v0,44,489,0,70,35,35,pos,,0,,,
stage30_official_gas_keygraph_audit,OFFICIAL_GAS_KEYGRAPH_NODE_DIAGNOSTIC,ARCHIVED_INTERNAL_EXPLORATION_NOT_GAS_EVIDENCE,antmaze-medium-navigate-v0,44,490,0,26,13,13,pos,,0,,,
stage30_official_gas_keygraph_audit,OFFICIAL_GAS_KEYGRAPH_NODE_DIAGNOSTIC,ARCHIVED_INTERNAL_EXPLORATION_NOT_GAS_EVIDENCE,antmaze-medium-navigate-v0,44,491,0,40,20,20,pos,,0,,,
stage30_official_gas_keygraph_audit,OFFICIAL_GAS_KEYGRAPH_NODE_DIAGNOSTIC,ARCHIVED_INTERNAL_EXPLORATION_NOT_GAS_EVIDENCE,antmaze-medium-navigate-v0,44,492,0,40,20,20,pos,,0,,,
stage30_official_gas_keygraph_audit,OFFICIAL_GAS_KEYGRAPH_NODE_DIAGNOSTIC,ARCHIVED_INTERNAL_EXPLORATION_NOT_GAS_EVIDENCE,antmaze-medium-navigate-v0,44,493,0,50,25,25,pos,,0,,,
stage30_official_gas_keygraph_audit,OFFICIAL_GAS_KEYGRAPH_NODE_DIAGNOSTIC,ARCHIVED_INTERNAL_EXPLORATION_NOT_GAS_EVIDENCE,antmaze-medium-navigate-v0,44,494,0,22,11,11,pos,,0,,,
stage30_official_gas_keygraph_audit,OFFICIAL_GAS_KEYGRAPH_NODE_DIAGNOSTIC,ARCHIVED_INTERNAL_EXPLORATION_NOT_GAS_EVIDENCE,antmaze-medium-navigate-v0,44,495,0,28,14,14,pos,,0,,,
stage30_official_gas_keygraph_audit,OFFICIAL_GAS_KEYGRAPH_NODE_DIAGNOSTIC,ARCHIVED_INTERNAL_EXPLORATION_NOT_GAS_EVIDENCE,antmaze-medium-navigate-v0,44,496,0,46,23,23,pos,,0,,,
stage30_official_gas_keygraph_audit,OFFICIAL_GAS_KEYGRAPH_NODE_DIAGNOSTIC,ARCHIVED_INTERNAL_EXPLORATION_NOT_GAS_EVIDENCE,antmaze-medium-navigate-v0,44,497,0,52,26,26,pos,,0,,,
stage30_official_gas_keygraph_audit,OFFICIAL_GAS_KEYGRAPH_NODE_DIAGNOSTIC,ARCHIVED_INTERNAL_EXPLORATION_NOT_GAS_EVIDENCE,antmaze-medium-navigate-v0,44,498,0,6,3,3,pos,,0,,,
stage30_official_gas_keygraph_audit,OFFICIAL_GAS_KEYGRAPH_NODE_DIAGNOSTIC,ARCHIVED_INTERNAL_EXPLORATION_NOT_GAS_EVIDENCE,antmaze-medium-navigate-v0,44,499,0,6,3,3,pos,,0,,,
stage30_official_gas_keygraph_audit,OFFICIAL_GAS_KEYGRAPH_NODE_DIAGNOSTIC,ARCHIVED_INTERNAL_EXPLORATION_NOT_GAS_EVIDENCE,antmaze-medium-navigate-v0,44,500,0,44,22,22,pos,,0,,,
stage30_official_gas_keygraph_audit,OFFICIAL_GAS_KEYGRAPH_NODE_DIAGNOSTIC,ARCHIVED_INTERNAL_EXPLORATION_NOT_GAS_EVIDENCE,antmaze-medium-navigate-v0,44,501,0,38,19,19,pos,,0,,,
stage30_official_gas_keygraph_audit,OFFICIAL_GAS_KEYGRAPH_NODE_DIAGNOSTIC,ARCHIVED_INTERNAL_EXPLORATION_NOT_GAS_EVIDENCE,antmaze-medium-navigate-v0,44,502,0,66,33,33,pos,,0,,,
stage30_official_gas_keygraph_audit,OFFICIAL_GAS_KEYGRAPH_NODE_DIAGNOSTIC,ARCHIVED_INTERNAL_EXPLORATION_NOT_GAS_EVIDENCE,antmaze-medium-navigate-v0,44,503,0,16,8,8,pos,,0,,,
stage30_official_gas_keygraph_audit,OFFICIAL_GAS_KEYGRAPH_NODE_DIAGNOSTIC,ARCHIVED_INTERNAL_EXPLORATION_NOT_GAS_EVIDENCE,antmaze-medium-navigate-v0,44,504,0,6,3,3,pos,,0,,,
stage30_official_gas_keygraph_audit,OFFICIAL_GAS_KEYGRAPH_NODE_DIAGNOSTIC,ARCHIVED_INTERNAL_EXPLORATION_NOT_GAS_EVIDENCE,antmaze-medium-navigate-v0,44,505,0,16,8,8,pos,,0,,,
stage30_official_gas_keygraph_audit,OFFICIAL_GAS_KEYGRAPH_NODE_DIAGNOSTIC,ARCHIVED_INTERNAL_EXPLORATION_NOT_GAS_EVIDENCE,antmaze-medium-navigate-v0,44,506,0,6,3,3,pos,,0,,,
stage30_official_gas_keygraph_audit,OFFICIAL_GAS_KEYGRAPH_NODE_DIAGNOSTIC,ARCHIVED_INTERNAL_EXPLORATION_NOT_GAS_EVIDENCE,antmaze-medium-navigate-v0,44,507,0,32,16,16,pos,,0,,,
stage30_official_gas_keygraph_audit,OFFICIAL_GAS_KEYGRAPH_NODE_DIAGNOSTIC,ARCHIVED_INTERNAL_EXPLORATION_NOT_GAS_EVIDENCE,antmaze-medium-navigate-v0,44,508,0,38,19,19,pos,,0,,,
stage30_official_gas_keygraph_audit,OFFICIAL_GAS_KEYGRAPH_NODE_DIAGNOSTIC,ARCHIVED_INTERNAL_EXPLORATION_NOT_GAS_EVIDENCE,antmaze-medium-navigate-v0,44,509,0,24,12,12,pos,,0,,,
stage30_official_gas_keygraph_audit,OFFICIAL_GAS_KEYGRAPH_NODE_DIAGNOSTIC,ARCHIVED_INTERNAL_EXPLORATION_NOT_GAS_EVIDENCE,antmaze-medium-navigate-v0,44,510,0,38,19,19,pos,,0,,,
stage30_official_gas_keygraph_audit,OFFICIAL_GAS_KEYGRAPH_NODE_DIAGNOSTIC,ARCHIVED_INTERNAL_EXPLORATION_NOT_GAS_EVIDENCE,antmaze-medium-navigate-v0,44,511,0,18,9,9,pos,,0,,,
stage30_official_gas_keygraph_audit,OFFICIAL_GAS_KEYGRAPH_NODE_DIAGNOSTIC,ARCHIVED_INTERNAL_EXPLORATION_NOT_GAS_EVIDENCE,antmaze-medium-navigate-v0,44,512,0,4,2,2,pos,,0,,,
stage30_official_gas_keygraph_audit,OFFICIAL_GAS_KEYGRAPH_NODE_DIAGNOSTIC,ARCHIVED_INTERNAL_EXPLORATION_NOT_GAS_EVIDENCE,antmaze-medium-navigate-v0,44,513,0,60,30,30,pos,,0,,,
stage30_official_gas_keygraph_audit,OFFICIAL_GAS_KEYGRAPH_NODE_DIAGNOSTIC,ARCHIVED_INTERNAL_EXPLORATION_NOT_GAS_EVIDENCE,antmaze-medium-navigate-v0,44,514,0,4,2,2,pos,,0,,,
stage30_official_gas_keygraph_audit,OFFICIAL_GAS_KEYGRAPH_NODE_DIAGNOSTIC,ARCHIVED_INTERNAL_EXPLORATION_NOT_GAS_EVIDENCE,antmaze-medium-navigate-v0,44,515,0,6,3,3,pos,,0,,,
stage30_official_gas_keygraph_audit,OFFICIAL_GAS_KEYGRAPH_NODE_DIAGNOSTIC,ARCHIVED_INTERNAL_EXPLORATION_NOT_GAS_EVIDENCE,antmaze-medium-navigate-v0,44,516,0,2,1,1,pos,,0,,,
stage30_official_gas_keygraph_audit,OFFICIAL_GAS_KEYGRAPH_NODE_DIAGNOSTIC,ARCHIVED_INTERNAL_EXPLORATION_NOT_GAS_EVIDENCE,antmaze-medium-navigate-v0,44,517,0,2,1,1,pos,,0,,,
stage30_official_gas_keygraph_audit,OFFICIAL_GAS_KEYGRAPH_NODE_DIAGNOSTIC,ARCHIVED_INTERNAL_EXPLORATION_NOT_GAS_EVIDENCE,antmaze-medium-navigate-v0,44,518,0,30,15,15,pos,,0,,,
stage30_official_gas_keygraph_audit,OFFICIAL_GAS_KEYGRAPH_NODE_DIAGNOSTIC,ARCHIVED_INTERNAL_EXPLORATION_NOT_GAS_EVIDENCE,antmaze-medium-navigate-v0,44,519,0,26,13,13,pos,,0,,,
stage30_official_gas_keygraph_audit,OFFICIAL_GAS_KEYGRAPH_NODE_DIAGNOSTIC,ARCHIVED_INTERNAL_EXPLORATION_NOT_GAS_EVIDENCE,antmaze-medium-navigate-v0,44,520,0,54,27,27,pos,,0,,,
stage30_official_gas_keygraph_audit,OFFICIAL_GAS_KEYGRAPH_NODE_DIAGNOSTIC,ARCHIVED_INTERNAL_EXPLORATION_NOT_GAS_EVIDENCE,antmaze-medium-navigate-v0,44,521,0,14,7,7,pos,,0,,,
stage30_official_gas_keygraph_audit,OFFICIAL_GAS_KEYGRAPH_NODE_DIAGNOSTIC,ARCHIVED_INTERNAL_EXPLORATION_NOT_GAS_EVIDENCE,antmaze-medium-navigate-v0,44,522,0,10,5,5,pos,,0,,,
stage30_official_gas_keygraph_audit,OFFICIAL_GAS_KEYGRAPH_NODE_DIAGNOSTIC,ARCHIVED_INTERNAL_EXPLORATION_NOT_GAS_EVIDENCE,antmaze-medium-navigate-v0,44,523,0,14,7,7,pos,,0,,,
stage30_official_gas_keygraph_audit,OFFICIAL_GAS_KEYGRAPH_NODE_DIAGNOSTIC,ARCHIVED_INTERNAL_EXPLORATION_NOT_GAS_EVIDENCE,antmaze-medium-navigate-v0,44,524,0,16,8,8,pos,,0,,,
stage30_official_gas_keygraph_audit,OFFICIAL_GAS_KEYGRAPH_NODE_DIAGNOSTIC,ARCHIVED_INTERNAL_EXPLORATION_NOT_GAS_EVIDENCE,antmaze-medium-navigate-v0,44,525,0,6,3,3,pos,,0,,,
stage30_official_gas_keygraph_audit,OFFICIAL_GAS_KEYGRAPH_NODE_DIAGNOSTIC,ARCHIVED_INTERNAL_EXPLORATION_NOT_GAS_EVIDENCE,antmaze-medium-navigate-v0,44,526,0,16,8,8,pos,,0,,,
stage30_official_gas_keygraph_audit,OFFICIAL_GAS_KEYGRAPH_NODE_DIAGNOSTIC,ARCHIVED_INTERNAL_EXPLORATION_NOT_GAS_EVIDENCE,antmaze-medium-navigate-v0,44,527,0,6,3,3,pos,,0,,,
stage30_official_gas_keygraph_audit,OFFICIAL_GAS_KEYGRAPH_NODE_DIAGNOSTIC,ARCHIVED_INTERNAL_EXPLORATION_NOT_GAS_EVIDENCE,antmaze-medium-navigate-v0,44,528,0,2,1,1,pos,,0,,,
stage30_official_gas_keygraph_audit,OFFICIAL_GAS_KEYGRAPH_NODE_DIAGNOSTIC,ARCHIVED_INTERNAL_EXPLORATION_NOT_GAS_EVIDENCE,antmaze-medium-navigate-v0,44,529,0,40,20,20,pos,,0,,,
stage30_official_gas_keygraph_audit,OFFICIAL_GAS_KEYGRAPH_NODE_DIAGNOSTIC,ARCHIVED_INTERNAL_EXPLORATION_NOT_GAS_EVIDENCE,antmaze-medium-navigate-v0,44,530,0,20,10,10,pos,,0,,,
stage30_official_gas_keygraph_audit,OFFICIAL_GAS_KEYGRAPH_NODE_DIAGNOSTIC,ARCHIVED_INTERNAL_EXPLORATION_NOT_GAS_EVIDENCE,antmaze-medium-navigate-v0,44,531,0,6,3,3,pos,,0,,,
stage30_official_gas_keygraph_audit,OFFICIAL_GAS_KEYGRAPH_NODE_DIAGNOSTIC,ARCHIVED_INTERNAL_EXPLORATION_NOT_GAS_EVIDENCE,antmaze-medium-navigate-v0,44,532,0,8,4,4,pos,,0,,,
stage30_official_gas_keygraph_audit,OFFICIAL_GAS_KEYGRAPH_NODE_DIAGNOSTIC,ARCHIVED_INTERNAL_EXPLORATION_NOT_GAS_EVIDENCE,antmaze-medium-navigate-v0,44,533,0,8,4,4,pos,,0,,,
stage30_official_gas_keygraph_audit,OFFICIAL_GAS_KEYGRAPH_NODE_DIAGNOSTIC,ARCHIVED_INTERNAL_EXPLORATION_NOT_GAS_EVIDENCE,antmaze-medium-navigate-v0,44,534,0,4,2,2,pos,,0,,,
stage30_official_gas_keygraph_audit,OFFICIAL_GAS_KEYGRAPH_NODE_DIAGNOSTIC,ARCHIVED_INTERNAL_EXPLORATION_NOT_GAS_EVIDENCE,antmaze-medium-navigate-v0,44,535,0,36,18,18,pos,,0,,,
stage30_official_gas_keygraph_audit,OFFICIAL_GAS_KEYGRAPH_NODE_DIAGNOSTIC,ARCHIVED_INTERNAL_EXPLORATION_NOT_GAS_EVIDENCE,antmaze-medium-navigate-v0,44,536,0,50,25,25,pos,,0,,,
stage30_official_gas_keygraph_audit,OFFICIAL_GAS_KEYGRAPH_NODE_DIAGNOSTIC,ARCHIVED_INTERNAL_EXPLORATION_NOT_GAS_EVIDENCE,antmaze-medium-navigate-v0,44,537,0,44,22,22,pos,,0,,,
stage30_official_gas_keygraph_audit,OFFICIAL_GAS_KEYGRAPH_NODE_DIAGNOSTIC,ARCHIVED_INTERNAL_EXPLORATION_NOT_GAS_EVIDENCE,antmaze-medium-navigate-v0,44,538,0,10,5,5,pos,,0,,,
stage30_official_gas_keygraph_audit,OFFICIAL_GAS_KEYGRAPH_NODE_DIAGNOSTIC,ARCHIVED_INTERNAL_EXPLORATION_NOT_GAS_EVIDENCE,antmaze-medium-navigate-v0,44,539,0,22,11,11,pos,,0,,,
stage30_official_gas_keygraph_audit,OFFICIAL_GAS_KEYGRAPH_NODE_DIAGNOSTIC,ARCHIVED_INTERNAL_EXPLORATION_NOT_GAS_EVIDENCE,antmaze-medium-navigate-v0,44,540,0,28,14,14,pos,,0,,,
stage30_official_gas_keygraph_audit,OFFICIAL_GAS_KEYGRAPH_NODE_DIAGNOSTIC,ARCHIVED_INTERNAL_EXPLORATION_NOT_GAS_EVIDENCE,antmaze-medium-navigate-v0,44,541,0,72,36,36,pos,,0,,,
stage30_official_gas_keygraph_audit,OFFICIAL_GAS_KEYGRAPH_NODE_DIAGNOSTIC,ARCHIVED_INTERNAL_EXPLORATION_NOT_GAS_EVIDENCE,antmaze-medium-navigate-v0,44,542,0,10,5,5,pos,,0,,,
stage30_official_gas_keygraph_audit,OFFICIAL_GAS_KEYGRAPH_NODE_DIAGNOSTIC,ARCHIVED_INTERNAL_EXPLORATION_NOT_GAS_EVIDENCE,antmaze-medium-navigate-v0,44,543,0,32,16,16,pos,,0,,,
stage30_official_gas_keygraph_audit,OFFICIAL_GAS_KEYGRAPH_NODE_DIAGNOSTIC,ARCHIVED_INTERNAL_EXPLORATION_NOT_GAS_EVIDENCE,antmaze-medium-navigate-v0,44,544,0,48,24,24,pos,,0,,,
stage30_official_gas_keygraph_audit,OFFICIAL_GAS_KEYGRAPH_NODE_DIAGNOSTIC,ARCHIVED_INTERNAL_EXPLORATION_NOT_GAS_EVIDENCE,antmaze-medium-navigate-v0,44,545,0,50,25,25,pos,,0,,,
stage30_official_gas_keygraph_audit,OFFICIAL_GAS_KEYGRAPH_NODE_DIAGNOSTIC,ARCHIVED_INTERNAL_EXPLORATION_NOT_GAS_EVIDENCE,antmaze-medium-navigate-v0,44,546,0,32,16,16,pos,,0,,,
stage30_official_gas_keygraph_audit,OFFICIAL_GAS_KEYGRAPH_NODE_DIAGNOSTIC,ARCHIVED_INTERNAL_EXPLORATION_NOT_GAS_EVIDENCE,antmaze-medium-navigate-v0,44,547,0,32,16,16,pos,,0,,,
stage30_official_gas_keygraph_audit,OFFICIAL_GAS_KEYGRAPH_NODE_DIAGNOSTIC,ARCHIVED_INTERNAL_EXPLORATION_NOT_GAS_EVIDENCE,antmaze-medium-navigate-v0,44,548,0,6,3,3,pos,,0,,,
stage30_official_gas_keygraph_audit,OFFICIAL_GAS_KEYGRAPH_NODE_DIAGNOSTIC,ARCHIVED_INTERNAL_EXPLORATION_NOT_GAS_EVIDENCE,antmaze-medium-navigate-v0,44,549,0,8,4,4,pos,,0,,,
stage30_official_gas_keygraph_audit,OFFICIAL_GAS_KEYGRAPH_NODE_DIAGNOSTIC,ARCHIVED_INTERNAL_EXPLORATION_NOT_GAS_EVIDENCE,antmaze-medium-navigate-v0,44,550,0,18,9,9,pos,,0,,,
stage30_official_gas_keygraph_audit,OFFICIAL_GAS_KEYGRAPH_NODE_DIAGNOSTIC,ARCHIVED_INTERNAL_EXPLORATION_NOT_GAS_EVIDENCE,antmaze-medium-navigate-v0,44,551,0,44,22,22,pos,,0,,,
stage30_official_gas_keygraph_audit,OFFICIAL_GAS_KEYGRAPH_NODE_DIAGNOSTIC,ARCHIVED_INTERNAL_EXPLORATION_NOT_GAS_EVIDENCE,antmaze-medium-navigate-v0,44,552,0,34,17,17,pos,,0,,,
stage30_official_gas_keygraph_audit,OFFICIAL_GAS_KEYGRAPH_NODE_DIAGNOSTIC,ARCHIVED_INTERNAL_EXPLORATION_NOT_GAS_EVIDENCE,antmaze-medium-navigate-v0,44,553,0,44,22,22,pos,,0,,,
stage30_official_gas_keygraph_audit,OFFICIAL_GAS_KEYGRAPH_NODE_DIAGNOSTIC,ARCHIVED_INTERNAL_EXPLORATION_NOT_GAS_EVIDENCE,antmaze-medium-navigate-v0,44,554,0,2,1,1,pos,,0,,,
stage30_official_gas_keygraph_audit,OFFICIAL_GAS_KEYGRAPH_NODE_DIAGNOSTIC,ARCHIVED_INTERNAL_EXPLORATION_NOT_GAS_EVIDENCE,antmaze-medium-navigate-v0,44,555,0,28,14,14,pos,,0,,,
stage30_official_gas_keygraph_audit,OFFICIAL_GAS_KEYGRAPH_NODE_DIAGNOSTIC,ARCHIVED_INTERNAL_EXPLORATION_NOT_GAS_EVIDENCE,antmaze-medium-navigate-v0,44,556,0,2,1,1,pos,,0,,,
stage30_official_gas_keygraph_audit,OFFICIAL_GAS_KEYGRAPH_NODE_DIAGNOSTIC,ARCHIVED_INTERNAL_EXPLORATION_NOT_GAS_EVIDENCE,antmaze-medium-navigate-v0,44,557,0,30,15,15,pos,,0,,,
stage30_official_gas_keygraph_audit,OFFICIAL_GAS_KEYGRAPH_NODE_DIAGNOSTIC,ARCHIVED_INTERNAL_EXPLORATION_NOT_GAS_EVIDENCE,antmaze-medium-navigate-v0,44,558,0,28,14,14,pos,,0,,,
stage30_official_gas_keygraph_audit,OFFICIAL_GAS_KEYGRAPH_NODE_DIAGNOSTIC,ARCHIVED_INTERNAL_EXPLORATION_NOT_GAS_EVIDENCE,antmaze-medium-navigate-v0,44,559,0,34,17,17,pos,,0,,,
stage30_official_gas_keygraph_audit,OFFICIAL_GAS_KEYGRAPH_NODE_DIAGNOSTIC,ARCHIVED_INTERNAL_EXPLORATION_NOT_GAS_EVIDENCE,antmaze-medium-navigate-v0,44,560,0,38,19,19,pos,,0,,,
stage30_official_gas_keygraph_audit,OFFICIAL_GAS_KEYGRAPH_NODE_DIAGNOSTIC,ARCHIVED_INTERNAL_EXPLORATION_NOT_GAS_EVIDENCE,antmaze-medium-navigate-v0,44,561,0,6,3,3,pos,,0,,,
stage30_official_gas_keygraph_audit,OFFICIAL_GAS_KEYGRAPH_NODE_DIAGNOSTIC,ARCHIVED_INTERNAL_EXPLORATION_NOT_GAS_EVIDENCE,antmaze-medium-navigate-v0,44,562,0,36,18,18,pos,,0,,,
stage30_official_gas_keygraph_audit,OFFICIAL_GAS_KEYGRAPH_NODE_DIAGNOSTIC,ARCHIVED_INTERNAL_EXPLORATION_NOT_GAS_EVIDENCE,antmaze-medium-navigate-v0,44,563,0,40,20,20,pos,,0,,,
stage30_official_gas_keygraph_audit,OFFICIAL_GAS_KEYGRAPH_NODE_DIAGNOSTIC,ARCHIVED_INTERNAL_EXPLORATION_NOT_GAS_EVIDENCE,antmaze-medium-navigate-v0,44,564,0,4,2,2,pos,,0,,,
stage30_official_gas_keygraph_audit,OFFICIAL_GAS_KEYGRAPH_NODE_DIAGNOSTIC,ARCHIVED_INTERNAL_EXPLORATION_NOT_GAS_EVIDENCE,antmaze-medium-navigate-v0,44,565,0,4,2,2,pos,,0,,,
stage30_official_gas_keygraph_audit,OFFICIAL_GAS_KEYGRAPH_NODE_DIAGNOSTIC,ARCHIVED_INTERNAL_EXPLORATION_NOT_GAS_EVIDENCE,antmaze-medium-navigate-v0,44,566,0,2,1,1,pos,,0,,,
stage30_official_gas_keygraph_audit,OFFICIAL_GAS_KEYGRAPH_NODE_DIAGNOSTIC,ARCHIVED_INTERNAL_EXPLORATION_NOT_GAS_EVIDENCE,antmaze-medium-navigate-v0,44,567,0,4,2,2,pos,,0,,,
stage30_official_gas_keygraph_audit,OFFICIAL_GAS_KEYGRAPH_NODE_DIAGNOSTIC,ARCHIVED_INTERNAL_EXPLORATION_NOT_GAS_EVIDENCE,antmaze-medium-navigate-v0,44,568,0,2,1,1,pos,,0,,,
stage30_official_gas_keygraph_audit,OFFICIAL_GAS_KEYGRAPH_NODE_DIAGNOSTIC,ARCHIVED_INTERNAL_EXPLORATION_NOT_GAS_EVIDENCE,antmaze-medium-navigate-v0,44,569,0,16,8,8,pos,,0,,,
stage30_official_gas_keygraph_audit,OFFICIAL_GAS_KEYGRAPH_NODE_DIAGNOSTIC,ARCHIVED_INTERNAL_EXPLORATION_NOT_GAS_EVIDENCE,antmaze-medium-navigate-v0,44,570,0,16,8,8,pos,,0,,,
stage30_official_gas_keygraph_audit,OFFICIAL_GAS_KEYGRAPH_NODE_DIAGNOSTIC,ARCHIVED_INTERNAL_EXPLORATION_NOT_GAS_EVIDENCE,antmaze-medium-navigate-v0,44,571,0,52,26,26,pos,,0,,,
stage30_official_gas_keygraph_audit,OFFICIAL_GAS_KEYGRAPH_NODE_DIAGNOSTIC,ARCHIVED_INTERNAL_EXPLORATION_NOT_GAS_EVIDENCE,antmaze-medium-navigate-v0,44,572,0,38,19,19,pos,,0,,,
stage30_official_gas_keygraph_audit,OFFICIAL_GAS_KEYGRAPH_NODE_DIAGNOSTIC,ARCHIVED_INTERNAL_EXPLORATION_NOT_GAS_EVIDENCE,antmaze-medium-navigate-v0,44,573,0,18,9,9,pos,,0,,,
stage30_official_gas_keygraph_audit,OFFICIAL_GAS_KEYGRAPH_NODE_DIAGNOSTIC,ARCHIVED_INTERNAL_EXPLORATION_NOT_GAS_EVIDENCE,antmaze-medium-navigate-v0,44,574,0,34,17,17,pos,,0,,,
stage30_official_gas_keygraph_audit,OFFICIAL_GAS_KEYGRAPH_NODE_DIAGNOSTIC,ARCHIVED_INTERNAL_EXPLORATION_NOT_GAS_EVIDENCE,antmaze-medium-navigate-v0,44,575,0,4,2,2,pos,,0,,,
stage30_official_gas_keygraph_audit,OFFICIAL_GAS_KEYGRAPH_NODE_DIAGNOSTIC,ARCHIVED_INTERNAL_EXPLORATION_NOT_GAS_EVIDENCE,antmaze-medium-navigate-v0,44,576,0,2,1,1,pos,,0,,,
stage30_official_gas_keygraph_audit,OFFICIAL_GAS_KEYGRAPH_NODE_DIAGNOSTIC,ARCHIVED_INTERNAL_EXPLORATION_NOT_GAS_EVIDENCE,antmaze-medium-navigate-v0,44,577,0,10,5,5,pos,,0,,,
stage30_official_gas_keygraph_audit,OFFICIAL_GAS_KEYGRAPH_NODE_DIAGNOSTIC,ARCHIVED_INTERNAL_EXPLORATION_NOT_GAS_EVIDENCE,antmaze-medium-navigate-v0,44,578,0,16,8,8,pos,,0,,,
stage30_official_gas_keygraph_audit,OFFICIAL_GAS_KEYGRAPH_NODE_DIAGNOSTIC,ARCHIVED_INTERNAL_EXPLORATION_NOT_GAS_EVIDENCE,antmaze-medium-navigate-v0,44,579,0,2,1,1,pos,,0,,,
stage30_official_gas_keygraph_audit,OFFICIAL_GAS_KEYGRAPH_NODE_DIAGNOSTIC,ARCHIVED_INTERNAL_EXPLORATION_NOT_GAS_EVIDENCE,antmaze-medium-navigate-v0,44,580,0,42,21,21,pos,,0,,,
stage30_official_gas_keygraph_audit,OFFICIAL_GAS_KEYGRAPH_NODE_DIAGNOSTIC,ARCHIVED_INTERNAL_EXPLORATION_NOT_GAS_EVIDENCE,antmaze-medium-navigate-v0,44,581,0,2,1,1,pos,,0,,,
stage30_official_gas_keygraph_audit,OFFICIAL_GAS_KEYGRAPH_NODE_DIAGNOSTIC,ARCHIVED_INTERNAL_EXPLORATION_NOT_GAS_EVIDENCE,antmaze-medium-navigate-v0,44,582,0,4,2,2,pos,,0,,,
stage30_official_gas_keygraph_audit,OFFICIAL_GAS_KEYGRAPH_NODE_DIAGNOSTIC,ARCHIVED_INTERNAL_EXPLORATION_NOT_GAS_EVIDENCE,antmaze-medium-navigate-v0,44,583,0,4,2,2,pos,,0,,,
stage30_official_gas_keygraph_audit,OFFICIAL_GAS_KEYGRAPH_NODE_DIAGNOSTIC,ARCHIVED_INTERNAL_EXPLORATION_NOT_GAS_EVIDENCE,antmaze-medium-navigate-v0,44,584,0,52,26,26,pos,,0,,,
stage30_official_gas_keygraph_audit,OFFICIAL_GAS_KEYGRAPH_NODE_DIAGNOSTIC,ARCHIVED_INTERNAL_EXPLORATION_NOT_GAS_EVIDENCE,antmaze-medium-navigate-v0,44,585,0,4,2,2,pos,,0,,,
stage30_official_gas_keygraph_audit,OFFICIAL_GAS_KEYGRAPH_NODE_DIAGNOSTIC,ARCHIVED_INTERNAL_EXPLORATION_NOT_GAS_EVIDENCE,antmaze-medium-navigate-v0,44,586,0,2,1,1,pos,,0,,,
stage30_official_gas_keygraph_audit,OFFICIAL_GAS_KEYGRAPH_NODE_DIAGNOSTIC,ARCHIVED_INTERNAL_EXPLORATION_NOT_GAS_EVIDENCE,antmaze-medium-navigate-v0,44,587,0,4,2,2,pos,,0,,,
stage30_official_gas_keygraph_audit,OFFICIAL_GAS_KEYGRAPH_NODE_DIAGNOSTIC,ARCHIVED_INTERNAL_EXPLORATION_NOT_GAS_EVIDENCE,antmaze-medium-navigate-v0,44,588,0,36,18,18,pos,,0,,,
stage30_official_gas_keygraph_audit,OFFICIAL_GAS_KEYGRAPH_NODE_DIAGNOSTIC,ARCHIVED_INTERNAL_EXPLORATION_NOT_GAS_EVIDENCE,antmaze-medium-navigate-v0,44,589,0,10,5,5,pos,,0,,,
stage30_official_gas_keygraph_audit,OFFICIAL_GAS_KEYGRAPH_NODE_DIAGNOSTIC,ARCHIVED_INTERNAL_EXPLORATION_NOT_GAS_EVIDENCE,antmaze-medium-navigate-v0,44,590,0,40,20,20,pos,,0,,,
stage30_official_gas_keygraph_audit,OFFICIAL_GAS_KEYGRAPH_NODE_DIAGNOSTIC,ARCHIVED_INTERNAL_EXPLORATION_NOT_GAS_EVIDENCE,antmaze-medium-navigate-v0,44,591,0,22,11,11,pos,,0,,,
stage30_official_gas_keygraph_audit,OFFICIAL_GAS_KEYGRAPH_NODE_DIAGNOSTIC,ARCHIVED_INTERNAL_EXPLORATION_NOT_GAS_EVIDENCE,antmaze-medium-navigate-v0,44,592,0,50,25,25,pos,,0,,,
stage30_official_gas_keygraph_audit,OFFICIAL_GAS_KEYGRAPH_NODE_DIAGNOSTIC,ARCHIVED_INTERNAL_EXPLORATION_NOT_GAS_EVIDENCE,antmaze-medium-navigate-v0,44,593,0,4,2,2,pos,,0,,,
stage30_official_gas_keygraph_audit,OFFICIAL_GAS_KEYGRAPH_NODE_DIAGNOSTIC,ARCHIVED_INTERNAL_EXPLORATION_NOT_GAS_EVIDENCE,antmaze-medium-navigate-v0,44,594,0,14,7,7,pos,,0,,,
stage30_official_gas_keygraph_audit,OFFICIAL_GAS_KEYGRAPH_NODE_DIAGNOSTIC,ARCHIVED_INTERNAL_EXPLORATION_NOT_GAS_EVIDENCE,antmaze-medium-navigate-v0,44,595,0,6,3,3,pos,,0,,,
stage30_official_gas_keygraph_audit,OFFICIAL_GAS_KEYGRAPH_NODE_DIAGNOSTIC,ARCHIVED_INTERNAL_EXPLORATION_NOT_GAS_EVIDENCE,antmaze-medium-navigate-v0,44,596,0,32,16,16,pos,,0,,,
stage30_official_gas_keygraph_audit,OFFICIAL_GAS_KEYGRAPH_NODE_DIAGNOSTIC,ARCHIVED_INTERNAL_EXPLORATION_NOT_GAS_EVIDENCE,antmaze-medium-navigate-v0,44,597,0,2,1,1,pos,,0,,,
stage30_official_gas_keygraph_audit,OFFICIAL_GAS_KEYGRAPH_NODE_DIAGNOSTIC,ARCHIVED_INTERNAL_EXPLORATION_NOT_GAS_EVIDENCE,antmaze-medium-navigate-v0,44,598,0,6,3,3,pos,,0,,,
stage30_official_gas_keygraph_audit,OFFICIAL_GAS_KEYGRAPH_NODE_DIAGNOSTIC,ARCHIVED_INTERNAL_EXPLORATION_NOT_GAS_EVIDENCE,antmaze-medium-navigate-v0,44,599,0,4,2,2,pos,,0,,,
stage30_official_gas_keygraph_audit,OFFICIAL_GAS_KEYGRAPH_NODE_DIAGNOSTIC,ARCHIVED_INTERNAL_EXPLORATION_NOT_GAS_EVIDENCE,antmaze-medium-navigate-v0,44,600,0,28,14,14,pos,,0,,,
stage30_official_gas_keygraph_audit,OFFICIAL_GAS_KEYGRAPH_NODE_DIAGNOSTIC,ARCHIVED_INTERNAL_EXPLORATION_NOT_GAS_EVIDENCE,antmaze-medium-navigate-v0,44,601,0,42,21,21,pos,,0,,,
stage30_official_gas_keygraph_audit,OFFICIAL_GAS_KEYGRAPH_NODE_DIAGNOSTIC,ARCHIVED_INTERNAL_EXPLORATION_NOT_GAS_EVIDENCE,antmaze-medium-navigate-v0,44,602,0,24,12,12,pos,,0,,,
stage30_official_gas_keygraph_audit,OFFICIAL_GAS_KEYGRAPH_NODE_DIAGNOSTIC,ARCHIVED_INTERNAL_EXPLORATION_NOT_GAS_EVIDENCE,antmaze-medium-navigate-v0,44,603,0,2,1,1,pos,,0,,,
stage30_official_gas_keygraph_audit,OFFICIAL_GAS_KEYGRAPH_NODE_DIAGNOSTIC,ARCHIVED_INTERNAL_EXPLORATION_NOT_GAS_EVIDENCE,antmaze-medium-navigate-v0,44,604,0,38,19,19,pos,,0,,,
stage30_official_gas_keygraph_audit,OFFICIAL_GAS_KEYGRAPH_NODE_DIAGNOSTIC,ARCHIVED_INTERNAL_EXPLORATION_NOT_GAS_EVIDENCE,antmaze-medium-navigate-v0,44,605,0,32,16,16,pos,,0,,,
stage30_official_gas_keygraph_audit,OFFICIAL_GAS_KEYGRAPH_NODE_DIAGNOSTIC,ARCHIVED_INTERNAL_EXPLORATION_NOT_GAS_EVIDENCE,antmaze-medium-navigate-v0,44,606,0,10,5,5,pos,,0,,,
stage30_official_gas_keygraph_audit,OFFICIAL_GAS_KEYGRAPH_NODE_DIAGNOSTIC,ARCHIVED_INTERNAL_EXPLORATION_NOT_GAS_EVIDENCE,antmaze-medium-navigate-v0,44,607,0,40,20,20,pos,,0,,,
stage30_official_gas_keygraph_audit,OFFICIAL_GAS_KEYGRAPH_NODE_DIAGNOSTIC,ARCHIVED_INTERNAL_EXPLORATION_NOT_GAS_EVIDENCE,antmaze-medium-navigate-v0,44,608,0,12,6,6,pos,,0,,,
stage30_official_gas_keygraph_audit,OFFICIAL_GAS_KEYGRAPH_NODE_DIAGNOSTIC,ARCHIVED_INTERNAL_EXPLORATION_NOT_GAS_EVIDENCE,antmaze-medium-navigate-v0,44,609,0,50,25,25,pos,,0,,,
stage30_official_gas_keygraph_audit,OFFICIAL_GAS_KEYGRAPH_NODE_DIAGNOSTIC,ARCHIVED_INTERNAL_EXPLORATION_NOT_GAS_EVIDENCE,antmaze-medium-navigate-v0,44,610,0,32,16,16,pos,,0,,,
stage30_official_gas_keygraph_audit,OFFICIAL_GAS_KEYGRAPH_NODE_DIAGNOSTIC,ARCHIVED_INTERNAL_EXPLORATION_NOT_GAS_EVIDENCE,antmaze-medium-navigate-v0,44,611,0,2,1,1,pos,,0,,,
stage30_official_gas_keygraph_audit,OFFICIAL_GAS_KEYGRAPH_NODE_DIAGNOSTIC,ARCHIVED_INTERNAL_EXPLORATION_NOT_GAS_EVIDENCE,antmaze-medium-navigate-v0,44,612,0,44,22,22,pos,,0,,,
stage30_official_gas_keygraph_audit,OFFICIAL_GAS_KEYGRAPH_NODE_DIAGNOSTIC,ARCHIVED_INTERNAL_EXPLORATION_NOT_GAS_EVIDENCE,antmaze-medium-navigate-v0,44,613,0,44,22,22,pos,,0,,,
stage30_official_gas_keygraph_audit,OFFICIAL_GAS_KEYGRAPH_NODE_DIAGNOSTIC,ARCHIVED_INTERNAL_EXPLORATION_NOT_GAS_EVIDENCE,antmaze-medium-navigate-v0,44,614,0,4,2,2,pos,,0,,,
stage30_official_gas_keygraph_audit,OFFICIAL_GAS_KEYGRAPH_NODE_DIAGNOSTIC,ARCHIVED_INTERNAL_EXPLORATION_NOT_GAS_EVIDENCE,antmaze-medium-navigate-v0,44,615,0,2,1,1,pos,,0,,,
stage30_official_gas_keygraph_audit,OFFICIAL_GAS_KEYGRAPH_NODE_DIAGNOSTIC,ARCHIVED_INTERNAL_EXPLORATION_NOT_GAS_EVIDENCE,antmaze-medium-navigate-v0,44,616,0,38,19,19,pos,,0,,,
stage30_official_gas_keygraph_audit,OFFICIAL_GAS_KEYGRAPH_NODE_DIAGNOSTIC,ARCHIVED_INTERNAL_EXPLORATION_NOT_GAS_EVIDENCE,antmaze-medium-navigate-v0,44,617,0,2,1,1,pos,,0,,,
stage30_official_gas_keygraph_audit,OFFICIAL_GAS_KEYGRAPH_NODE_DIAGNOSTIC,ARCHIVED_INTERNAL_EXPLORATION_NOT_GAS_EVIDENCE,antmaze-medium-navigate-v0,44,618,0,4,2,2,pos,,0,,,
stage30_official_gas_keygraph_audit,OFFICIAL_GAS_KEYGRAPH_NODE_DIAGNOSTIC,ARCHIVED_INTERNAL_EXPLORATION_NOT_GAS_EVIDENCE,antmaze-medium-navigate-v0,44,619,0,4,2,2,pos,,0,,,
stage30_official_gas_keygraph_audit,OFFICIAL_GAS_KEYGRAPH_NODE_DIAGNOSTIC,ARCHIVED_INTERNAL_EXPLORATION_NOT_GAS_EVIDENCE,antmaze-medium-navigate-v0,44,620,0,4,2,2,pos,,0,,,
stage30_official_gas_keygraph_audit,OFFICIAL_GAS_KEYGRAPH_NODE_DIAGNOSTIC,ARCHIVED_INTERNAL_EXPLORATION_NOT_GAS_EVIDENCE,antmaze-medium-navigate-v0,44,621,0,4,2,2,pos,,0,,,
stage30_official_gas_keygraph_audit,OFFICIAL_GAS_KEYGRAPH_NODE_DIAGNOSTIC,ARCHIVED_INTERNAL_EXPLORATION_NOT_GAS_EVIDENCE,antmaze-medium-navigate-v0,44,622,0,2,1,1,pos,,0,,,
stage30_official_gas_keygraph_audit,OFFICIAL_GAS_KEYGRAPH_NODE_DIAGNOSTIC,ARCHIVED_INTERNAL_EXPLORATION_NOT_GAS_EVIDENCE,antmaze-medium-navigate-v0,44,623,0,4,2,2,pos,,0,,,
stage30_official_gas_keygraph_audit,OFFICIAL_GAS_KEYGRAPH_NODE_DIAGNOSTIC,ARCHIVED_INTERNAL_EXPLORATION_NOT_GAS_EVIDENCE,antmaze-medium-navigate-v0,44,624,0,4,2,2,pos,,0,,,
stage30_official_gas_keygraph_audit,OFFICIAL_GAS_KEYGRAPH_NODE_DIAGNOSTIC,ARCHIVED_INTERNAL_EXPLORATION_NOT_GAS_EVIDENCE,antmaze-medium-navigate-v0,44,625,0,4,2,2,pos,,0,,,
stage30_official_gas_keygraph_audit,OFFICIAL_GAS_KEYGRAPH_NODE_DIAGNOSTIC,ARCHIVED_INTERNAL_EXPLORATION_NOT_GAS_EVIDENCE,antmaze-medium-navigate-v0,44,626,0,14,7,7,pos,,0,,,
stage30_official_gas_keygraph_audit,OFFICIAL_GAS_KEYGRAPH_NODE_DIAGNOSTIC,ARCHIVED_INTERNAL_EXPLORATION_NOT_GAS_EVIDENCE,antmaze-medium-navigate-v0,44,627,0,60,30,30,pos,,0,,,
stage30_official_gas_keygraph_audit,OFFICIAL_GAS_KEYGRAPH_NODE_DIAGNOSTIC,ARCHIVED_INTERNAL_EXPLORATION_NOT_GAS_EVIDENCE,antmaze-medium-navigate-v0,44,628,0,50,25,25,pos,,0,,,
stage30_official_gas_keygraph_audit,OFFICIAL_GAS_KEYGRAPH_NODE_DIAGNOSTIC,ARCHIVED_INTERNAL_EXPLORATION_NOT_GAS_EVIDENCE,antmaze-medium-navigate-v0,44,629,0,6,3,3,pos,,0,,,
stage30_official_gas_keygraph_audit,OFFICIAL_GAS_KEYGRAPH_NODE_DIAGNOSTIC,ARCHIVED_INTERNAL_EXPLORATION_NOT_GAS_EVIDENCE,antmaze-medium-navigate-v0,44,630,0,6,3,3,pos,,0,,,
stage30_official_gas_keygraph_audit,OFFICIAL_GAS_KEYGRAPH_NODE_DIAGNOSTIC,ARCHIVED_INTERNAL_EXPLORATION_NOT_GAS_EVIDENCE,antmaze-medium-navigate-v0,44,631,0,6,3,3,pos,,0,,,
stage30_official_gas_keygraph_audit,OFFICIAL_GAS_KEYGRAPH_NODE_DIAGNOSTIC,ARCHIVED_INTERNAL_EXPLORATION_NOT_GAS_EVIDENCE,antmaze-medium-navigate-v0,44,632,0,6,3,3,pos,,0,,,
stage30_official_gas_keygraph_audit,OFFICIAL_GAS_KEYGRAPH_NODE_DIAGNOSTIC,ARCHIVED_INTERNAL_EXPLORATION_NOT_GAS_EVIDENCE,antmaze-medium-navigate-v0,44,633,0,4,2,2,pos,,0,,,
stage30_official_gas_keygraph_audit,OFFICIAL_GAS_KEYGRAPH_NODE_DIAGNOSTIC,ARCHIVED_INTERNAL_EXPLORATION_NOT_GAS_EVIDENCE,antmaze-medium-navigate-v0,44,634,0,8,4,4,pos,,0,,,
stage30_official_gas_keygraph_audit,OFFICIAL_GAS_KEYGRAPH_NODE_DIAGNOSTIC,ARCHIVED_INTERNAL_EXPLORATION_NOT_GAS_EVIDENCE,antmaze-medium-navigate-v0,44,635,0,4,2,2,pos,,0,,,
stage30_official_gas_keygraph_audit,OFFICIAL_GAS_KEYGRAPH_NODE_DIAGNOSTIC,ARCHIVED_INTERNAL_EXPLORATION_NOT_GAS_EVIDENCE,antmaze-medium-navigate-v0,44,636,0,6,3,3,pos,,0,,,
stage30_official_gas_keygraph_audit,OFFICIAL_GAS_KEYGRAPH_NODE_DIAGNOSTIC,ARCHIVED_INTERNAL_EXPLORATION_NOT_GAS_EVIDENCE,antmaze-medium-navigate-v0,44,637,0,4,2,2,pos,,0,,,
stage30_official_gas_keygraph_audit,OFFICIAL_GAS_KEYGRAPH_NODE_DIAGNOSTIC,ARCHIVED_INTERNAL_EXPLORATION_NOT_GAS_EVIDENCE,antmaze-medium-navigate-v0,44,638,0,20,10,10,pos,,0,,,
stage30_official_gas_keygraph_audit,OFFICIAL_GAS_KEYGRAPH_NODE_DIAGNOSTIC,ARCHIVED_INTERNAL_EXPLORATION_NOT_GAS_EVIDENCE,antmaze-medium-navigate-v0,44,639,0,36,18,18,pos,,0,,,
stage30_official_gas_keygraph_audit,OFFICIAL_GAS_KEYGRAPH_NODE_DIAGNOSTIC,ARCHIVED_INTERNAL_EXPLORATION_NOT_GAS_EVIDENCE,antmaze-medium-navigate-v0,44,640,0,4,2,2,pos,,0,,,
stage30_official_gas_keygraph_audit,OFFICIAL_GAS_KEYGRAPH_NODE_DIAGNOSTIC,ARCHIVED_INTERNAL_EXPLORATION_NOT_GAS_EVIDENCE,antmaze-medium-navigate-v0,44,641,0,4,2,2,pos,,0,,,
stage30_official_gas_keygraph_audit,OFFICIAL_GAS_KEYGRAPH_NODE_DIAGNOSTIC,ARCHIVED_INTERNAL_EXPLORATION_NOT_GAS_EVIDENCE,antmaze-medium-navigate-v0,44,642,0,2,1,1,pos,,0,,,
stage30_official_gas_keygraph_audit,OFFICIAL_GAS_KEYGRAPH_NODE_DIAGNOSTIC,ARCHIVED_INTERNAL_EXPLORATION_NOT_GAS_EVIDENCE,antmaze-medium-navigate-v0,44,643,0,36,18,18,pos,,0,,,
stage30_official_gas_keygraph_audit,OFFICIAL_GAS_KEYGRAPH_NODE_DIAGNOSTIC,ARCHIVED_INTERNAL_EXPLORATION_NOT_GAS_EVIDENCE,antmaze-medium-navigate-v0,44,644,0,22,11,11,pos,,0,,,
stage30_official_gas_keygraph_audit,OFFICIAL_GAS_KEYGRAPH_NODE_DIAGNOSTIC,ARCHIVED_INTERNAL_EXPLORATION_NOT_GAS_EVIDENCE,antmaze-medium-navigate-v0,44,645,0,6,3,3,pos,,0,,,
stage30_official_gas_keygraph_audit,OFFICIAL_GAS_KEYGRAPH_NODE_DIAGNOSTIC,ARCHIVED_INTERNAL_EXPLORATION_NOT_GAS_EVIDENCE,antmaze-medium-navigate-v0,44,646,0,4,2,2,pos,,0,,,
stage30_official_gas_keygraph_audit,OFFICIAL_GAS_KEYGRAPH_NODE_DIAGNOSTIC,ARCHIVED_INTERNAL_EXPLORATION_NOT_GAS_EVIDENCE,antmaze-medium-navigate-v0,44,647,0,38,19,19,pos,,0,,,
stage30_official_gas_keygraph_audit,OFFICIAL_GAS_KEYGRAPH_NODE_DIAGNOSTIC,ARCHIVED_INTERNAL_EXPLORATION_NOT_GAS_EVIDENCE,antmaze-medium-navigate-v0,44,648,0,66,33,33,pos,,0,,,
stage30_official_gas_keygraph_audit,OFFICIAL_GAS_KEYGRAPH_NODE_DIAGNOSTIC,ARCHIVED_INTERNAL_EXPLORATION_NOT_GAS_EVIDENCE,antmaze-medium-navigate-v0,44,649,0,46,23,23,pos,,0,,,
stage30_official_gas_keygraph_audit,OFFICIAL_GAS_KEYGRAPH_NODE_DIAGNOSTIC,ARCHIVED_INTERNAL_EXPLORATION_NOT_GAS_EVIDENCE,antmaze-medium-navigate-v0,44,650,0,6,3,3,pos,,0,,,
stage30_official_gas_keygraph_audit,OFFICIAL_GAS_KEYGRAPH_NODE_DIAGNOSTIC,ARCHIVED_INTERNAL_EXPLORATION_NOT_GAS_EVIDENCE,antmaze-medium-navigate-v0,44,651,0,4,2,2,pos,,0,,,
stage30_official_gas_keygraph_audit,OFFICIAL_GAS_KEYGRAPH_NODE_DIAGNOSTIC,ARCHIVED_INTERNAL_EXPLORATION_NOT_GAS_EVIDENCE,antmaze-medium-navigate-v0,44,652,0,2,1,1,pos,,0,,,
stage30_official_gas_keygraph_audit,OFFICIAL_GAS_KEYGRAPH_NODE_DIAGNOSTIC,ARCHIVED_INTERNAL_EXPLORATION_NOT_GAS_EVIDENCE,antmaze-medium-navigate-v0,44,653,0,2,1,1,pos,,0,,,
stage30_official_gas_keygraph_audit,OFFICIAL_GAS_KEYGRAPH_NODE_DIAGNOSTIC,ARCHIVED_INTERNAL_EXPLORATION_NOT_GAS_EVIDENCE,antmaze-medium-navigate-v0,44,654,0,4,2,2,pos,,0,,,
stage30_official_gas_keygraph_audit,OFFICIAL_GAS_KEYGRAPH_NODE_DIAGNOSTIC,ARCHIVED_INTERNAL_EXPLORATION_NOT_GAS_EVIDENCE,antmaze-medium-navigate-v0,44,655,0,42,21,21,pos,,0,,,
stage30_official_gas_keygraph_audit,OFFICIAL_GAS_KEYGRAPH_NODE_DIAGNOSTIC,ARCHIVED_INTERNAL_EXPLORATION_NOT_GAS_EVIDENCE,antmaze-medium-navigate-v0,44,656,0,46,23,23,pos,,0,,,
stage30_official_gas_keygraph_audit,OFFICIAL_GAS_KEYGRAPH_NODE_DIAGNOSTIC,ARCHIVED_INTERNAL_EXPLORATION_NOT_GAS_EVIDENCE,antmaze-medium-navigate-v0,44,657,0,4,2,2,pos,,0,,,
stage30_official_gas_keygraph_audit,OFFICIAL_GAS_KEYGRAPH_NODE_DIAGNOSTIC,ARCHIVED_INTERNAL_EXPLORATION_NOT_GAS_EVIDENCE,antmaze-medium-navigate-v0,44,658,0,2,1,1,pos,,0,,,
stage30_official_gas_keygraph_audit,OFFICIAL_GAS_KEYGRAPH_NODE_DIAGNOSTIC,ARCHIVED_INTERNAL_EXPLORATION_NOT_GAS_EVIDENCE,antmaze-medium-navigate-v0,44,659,0,4,2,2,pos,,0,,,
stage30_official_gas_keygraph_audit,OFFICIAL_GAS_KEYGRAPH_NODE_DIAGNOSTIC,ARCHIVED_INTERNAL_EXPLORATION_NOT_GAS_EVIDENCE,antmaze-medium-navigate-v0,44,660,0,28,14,14,pos,,0,,,
stage30_official_gas_keygraph_audit,OFFICIAL_GAS_KEYGRAPH_NODE_DIAGNOSTIC,ARCHIVED_INTERNAL_EXPLORATION_NOT_GAS_EVIDENCE,antmaze-medium-navigate-v0,44,661,0,50,25,25,pos,,0,,,
stage30_official_gas_keygraph_audit,OFFICIAL_GAS_KEYGRAPH_NODE_DIAGNOSTIC,ARCHIVED_INTERNAL_EXPLORATION_NOT_GAS_EVIDENCE,antmaze-medium-navigate-v0,44,662,0,32,16,16,pos,,0,,,
stage30_official_gas_keygraph_audit,OFFICIAL_GAS_KEYGRAPH_NODE_DIAGNOSTIC,ARCHIVED_INTERNAL_EXPLORATION_NOT_GAS_EVIDENCE,antmaze-medium-navigate-v0,44,663,0,30,15,15,pos,,0,,,
stage30_official_gas_keygraph_audit,OFFICIAL_GAS_KEYGRAPH_NODE_DIAGNOSTIC,ARCHIVED_INTERNAL_EXPLORATION_NOT_GAS_EVIDENCE,antmaze-medium-navigate-v0,44,664,0,6,3,3,pos,,0,,,
stage30_official_gas_keygraph_audit,OFFICIAL_GAS_KEYGRAPH_NODE_DIAGNOSTIC,ARCHIVED_INTERNAL_EXPLORATION_NOT_GAS_EVIDENCE,antmaze-medium-navigate-v0,44,665,0,6,3,3,pos,,0,,,
stage30_official_gas_keygraph_audit,OFFICIAL_GAS_KEYGRAPH_NODE_DIAGNOSTIC,ARCHIVED_INTERNAL_EXPLORATION_NOT_GAS_EVIDENCE,antmaze-medium-navigate-v0,44,666,0,4,2,2,pos,,0,,,
stage30_official_gas_keygraph_audit,OFFICIAL_GAS_KEYGRAPH_NODE_DIAGNOSTIC,ARCHIVED_INTERNAL_EXPLORATION_NOT_GAS_EVIDENCE,antmaze-medium-navigate-v0,44,667,0,6,3,3,pos,,0,,,
stage30_official_gas_keygraph_audit,OFFICIAL_GAS_KEYGRAPH_NODE_DIAGNOSTIC,ARCHIVED_INTERNAL_EXPLORATION_NOT_GAS_EVIDENCE,antmaze-medium-navigate-v0,44,668,0,4,2,2,pos,,0,,,
stage30_official_gas_keygraph_audit,OFFICIAL_GAS_KEYGRAPH_NODE_DIAGNOSTIC,ARCHIVED_INTERNAL_EXPLORATION_NOT_GAS_EVIDENCE,antmaze-medium-navigate-v0,44,669,0,4,2,2,pos,,0,,,
stage30_official_gas_keygraph_audit,OFFICIAL_GAS_KEYGRAPH_NODE_DIAGNOSTIC,ARCHIVED_INTERNAL_EXPLORATION_NOT_GAS_EVIDENCE,antmaze-medium-navigate-v0,44,670,0,2,1,1,pos,,0,,,
stage30_official_gas_keygraph_audit,OFFICIAL_GAS_KEYGRAPH_NODE_DIAGNOSTIC,ARCHIVED_INTERNAL_EXPLORATION_NOT_GAS_EVIDENCE,antmaze-medium-navigate-v0,44,671,0,10,5,5,pos,,0,,,
stage30_official_gas_keygraph_audit,OFFICIAL_GAS_KEYGRAPH_NODE_DIAGNOSTIC,ARCHIVED_INTERNAL_EXPLORATION_NOT_GAS_EVIDENCE,antmaze-medium-navigate-v0,44,672,0,4,2,2,pos,,0,,,
stage30_official_gas_keygraph_audit,OFFICIAL_GAS_KEYGRAPH_NODE_DIAGNOSTIC,ARCHIVED_INTERNAL_EXPLORATION_NOT_GAS_EVIDENCE,antmaze-medium-navigate-v0,44,673,0,2,1,1,pos,,0,,,
stage30_official_gas_keygraph_audit,OFFICIAL_GAS_KEYGRAPH_NODE_DIAGNOSTIC,ARCHIVED_INTERNAL_EXPLORATION_NOT_GAS_EVIDENCE,antmaze-medium-navigate-v0,44,674,0,52,26,26,pos,,0,,,
stage30_official_gas_keygraph_audit,OFFICIAL_GAS_KEYGRAPH_NODE_DIAGNOSTIC,ARCHIVED_INTERNAL_EXPLORATION_NOT_GAS_EVIDENCE,antmaze-medium-navigate-v0,44,675,0,6,3,3,pos,,0,,,
stage30_official_gas_keygraph_audit,OFFICIAL_GAS_KEYGRAPH_NODE_DIAGNOSTIC,ARCHIVED_INTERNAL_EXPLORATION_NOT_GAS_EVIDENCE,antmaze-medium-navigate-v0,44,676,0,6,3,3,pos,,0,,,
stage30_official_gas_keygraph_audit,OFFICIAL_GAS_KEYGRAPH_NODE_DIAGNOSTIC,ARCHIVED_INTERNAL_EXPLORATION_NOT_GAS_EVIDENCE,antmaze-medium-navigate-v0,44,677,0,16,8,8,pos,,0,,,
stage30_official_gas_keygraph_audit,OFFICIAL_GAS_KEYGRAPH_NODE_DIAGNOSTIC,ARCHIVED_INTERNAL_EXPLORATION_NOT_GAS_EVIDENCE,antmaze-medium-navigate-v0,44,678,0,4,2,2,pos,,0,,,
stage30_official_gas_keygraph_audit,OFFICIAL_GAS_KEYGRAPH_NODE_DIAGNOSTIC,ARCHIVED_INTERNAL_EXPLORATION_NOT_GAS_EVIDENCE,antmaze-medium-navigate-v0,44,679,0,12,6,6,pos,,0,,,
stage30_official_gas_keygraph_audit,OFFICIAL_GAS_KEYGRAPH_NODE_DIAGNOSTIC,ARCHIVED_INTERNAL_EXPLORATION_NOT_GAS_EVIDENCE,antmaze-medium-navigate-v0,44,680,0,2,1,1,pos,,0,,,
stage30_official_gas_keygraph_audit,OFFICIAL_GAS_KEYGRAPH_NODE_DIAGNOSTIC,ARCHIVED_INTERNAL_EXPLORATION_NOT_GAS_EVIDENCE,antmaze-medium-navigate-v0,44,681,0,2,1,1,pos,,0,,,
stage30_official_gas_keygraph_audit,OFFICIAL_GAS_KEYGRAPH_NODE_DIAGNOSTIC,ARCHIVED_INTERNAL_EXPLORATION_NOT_GAS_EVIDENCE,antmaze-medium-navigate-v0,44,682,0,50,25,25,pos,,0,,,
stage30_official_gas_keygraph_audit,OFFICIAL_GAS_KEYGRAPH_NODE_DIAGNOSTIC,ARCHIVED_INTERNAL_EXPLORATION_NOT_GAS_EVIDENCE,antmaze-medium-navigate-v0,44,683,0,60,30,30,pos,,0,,,
stage30_official_gas_keygraph_audit,OFFICIAL_GAS_KEYGRAPH_NODE_DIAGNOSTIC,ARCHIVED_INTERNAL_EXPLORATION_NOT_GAS_EVIDENCE,antmaze-medium-navigate-v0,44,684,0,36,18,18,pos,,0,,,
stage30_official_gas_keygraph_audit,OFFICIAL_GAS_KEYGRAPH_NODE_DIAGNOSTIC,ARCHIVED_INTERNAL_EXPLORATION_NOT_GAS_EVIDENCE,antmaze-medium-navigate-v0,44,685,0,46,23,23,pos,,0,,,
stage30_official_gas_keygraph_audit,OFFICIAL_GAS_KEYGRAPH_NODE_DIAGNOSTIC,ARCHIVED_INTERNAL_EXPLORATION_NOT_GAS_EVIDENCE,antmaze-medium-navigate-v0,44,686,0,8,4,4,pos,,0,,,
stage30_official_gas_keygraph_audit,OFFICIAL_GAS_KEYGRAPH_NODE_DIAGNOSTIC,ARCHIVED_INTERNAL_EXPLORATION_NOT_GAS_EVIDENCE,antmaze-medium-navigate-v0,44,687,0,44,22,22,pos,,0,,,
stage30_official_gas_keygraph_audit,OFFICIAL_GAS_KEYGRAPH_NODE_DIAGNOSTIC,ARCHIVED_INTERNAL_EXPLORATION_NOT_GAS_EVIDENCE,antmaze-medium-navigate-v0,44,688,0,48,24,24,pos,,0,,,
stage30_official_gas_keygraph_audit,OFFICIAL_GAS_KEYGRAPH_NODE_DIAGNOSTIC,ARCHIVED_INTERNAL_EXPLORATION_NOT_GAS_EVIDENCE,antmaze-medium-navigate-v0,44,689,0,2,1,1,pos,,0,,,
stage30_official_gas_keygraph_audit,OFFICIAL_GAS_KEYGRAPH_NODE_DIAGNOSTIC,ARCHIVED_INTERNAL_EXPLORATION_NOT_GAS_EVIDENCE,antmaze-medium-navigate-v0,44,690,0,46,23,23,pos,,0,,,
stage30_official_gas_keygraph_audit,OFFICIAL_GAS_KEYGRAPH_NODE_DIAGNOSTIC,ARCHIVED_INTERNAL_EXPLORATION_NOT_GAS_EVIDENCE,antmaze-medium-navigate-v0,44,691,0,28,14,14,pos,,0,,,
stage30_official_gas_keygraph_audit,OFFICIAL_GAS_KEYGRAPH_NODE_DIAGNOSTIC,ARCHIVED_INTERNAL_EXPLORATION_NOT_GAS_EVIDENCE,antmaze-medium-navigate-v0,44,692,0,4,2,2,pos,,0,,,
stage30_official_gas_keygraph_audit,OFFICIAL_GAS_KEYGRAPH_NODE_DIAGNOSTIC,ARCHIVED_INTERNAL_EXPLORATION_NOT_GAS_EVIDENCE,antmaze-medium-navigate-v0,44,693,0,42,21,21,pos,,0,,,
stage30_official_gas_keygraph_audit,OFFICIAL_GAS_KEYGRAPH_NODE_DIAGNOSTIC,ARCHIVED_INTERNAL_EXPLORATION_NOT_GAS_EVIDENCE,antmaze-medium-navigate-v0,44,694,0,10,5,5,pos,,0,,,
stage30_official_gas_keygraph_audit,OFFICIAL_GAS_KEYGRAPH_NODE_DIAGNOSTIC,ARCHIVED_INTERNAL_EXPLORATION_NOT_GAS_EVIDENCE,antmaze-medium-navigate-v0,44,695,0,10,5,5,pos,,0,,,
stage30_official_gas_keygraph_audit,OFFICIAL_GAS_KEYGRAPH_NODE_DIAGNOSTIC,ARCHIVED_INTERNAL_EXPLORATION_NOT_GAS_EVIDENCE,antmaze-medium-navigate-v0,44,696,0,4,2,2,pos,,0,,,
stage30_official_gas_keygraph_audit,OFFICIAL_GAS_KEYGRAPH_NODE_DIAGNOSTIC,ARCHIVED_INTERNAL_EXPLORATION_NOT_GAS_EVIDENCE,antmaze-medium-navigate-v0,44,697,0,4,2,2,pos,,0,,,
stage30_official_gas_keygraph_audit,OFFICIAL_GAS_KEYGRAPH_NODE_DIAGNOSTIC,ARCHIVED_INTERNAL_EXPLORATION_NOT_GAS_EVIDENCE,antmaze-medium-navigate-v0,44,698,0,4,2,2,pos,,0,,,
stage30_official_gas_keygraph_audit,OFFICIAL_GAS_KEYGRAPH_NODE_DIAGNOSTIC,ARCHIVED_INTERNAL_EXPLORATION_NOT_GAS_EVIDENCE,antmaze-medium-navigate-v0,44,699,0,2,1,1,pos,,0,,,
stage30_official_gas_keygraph_audit,OFFICIAL_GAS_KEYGRAPH_NODE_DIAGNOSTIC,ARCHIVED_INTERNAL_EXPLORATION_NOT_GAS_EVIDENCE,antmaze-medium-navigate-v0,44,700,0,18,9,9,pos,,0,,,
stage30_official_gas_keygraph_audit,OFFICIAL_GAS_KEYGRAPH_NODE_DIAGNOSTIC,ARCHIVED_INTERNAL_EXPLORATION_NOT_GAS_EVIDENCE,antmaze-medium-navigate-v0,44,701,0,2,1,1,pos,,0,,,
stage30_official_gas_keygraph_audit,OFFICIAL_GAS_KEYGRAPH_NODE_DIAGNOSTIC,ARCHIVED_INTERNAL_EXPLORATION_NOT_GAS_EVIDENCE,antmaze-medium-navigate-v0,44,702,0,38,19,19,pos,,0,,,
stage30_official_gas_keygraph_audit,OFFICIAL_GAS_KEYGRAPH_NODE_DIAGNOSTIC,ARCHIVED_INTERNAL_EXPLORATION_NOT_GAS_EVIDENCE,antmaze-medium-navigate-v0,44,703,0,40,20,20,pos,,0,,,
stage30_official_gas_keygraph_audit,OFFICIAL_GAS_KEYGRAPH_NODE_DIAGNOSTIC,ARCHIVED_INTERNAL_EXPLORATION_NOT_GAS_EVIDENCE,antmaze-medium-navigate-v0,44,704,0,42,21,21,pos,,0,,,
stage30_official_gas_keygraph_audit,OFFICIAL_GAS_KEYGRAPH_NODE_DIAGNOSTIC,ARCHIVED_INTERNAL_EXPLORATION_NOT_GAS_EVIDENCE,antmaze-medium-navigate-v0,44,705,0,8,4,4,pos,,0,,,
stage30_official_gas_keygraph_audit,OFFICIAL_GAS_KEYGRAPH_NODE_DIAGNOSTIC,ARCHIVED_INTERNAL_EXPLORATION_NOT_GAS_EVIDENCE,antmaze-medium-navigate-v0,44,706,0,46,23,23,pos,,0,,,
stage30_official_gas_keygraph_audit,OFFICIAL_GAS_KEYGRAPH_NODE_DIAGNOSTIC,ARCHIVED_INTERNAL_EXPLORATION_NOT_GAS_EVIDENCE,antmaze-medium-navigate-v0,44,707,0,2,1,1,pos,,0,,,
stage30_official_gas_keygraph_audit,OFFICIAL_GAS_KEYGRAPH_NODE_DIAGNOSTIC,ARCHIVED_INTERNAL_EXPLORATION_NOT_GAS_EVIDENCE,antmaze-medium-navigate-v0,44,708,0,4,2,2,pos,,0,,,
stage30_official_gas_keygraph_audit,OFFICIAL_GAS_KEYGRAPH_NODE_DIAGNOSTIC,ARCHIVED_INTERNAL_EXPLORATION_NOT_GAS_EVIDENCE,antmaze-medium-navigate-v0,44,709,0,36,18,18,pos,,0,,,
stage30_official_gas_keygraph_audit,OFFICIAL_GAS_KEYGRAPH_NODE_DIAGNOSTIC,ARCHIVED_INTERNAL_EXPLORATION_NOT_GAS_EVIDENCE,antmaze-medium-navigate-v0,44,710,0,4,2,2,pos,,0,,,
stage30_official_gas_keygraph_audit,OFFICIAL_GAS_KEYGRAPH_NODE_DIAGNOSTIC,ARCHIVED_INTERNAL_EXPLORATION_NOT_GAS_EVIDENCE,antmaze-medium-navigate-v0,44,711,0,4,2,2,pos,,0,,,
stage30_official_gas_keygraph_audit,OFFICIAL_GAS_KEYGRAPH_NODE_DIAGNOSTIC,ARCHIVED_INTERNAL_EXPLORATION_NOT_GAS_EVIDENCE,antmaze-medium-navigate-v0,44,712,0,14,7,7,pos,,0,,,
stage30_official_gas_keygraph_audit,OFFICIAL_GAS_KEYGRAPH_NODE_DIAGNOSTIC,ARCHIVED_INTERNAL_EXPLORATION_NOT_GAS_EVIDENCE,antmaze-medium-navigate-v0,44,713,0,10,5,5,pos,,0,,,
stage30_official_gas_keygraph_audit,OFFICIAL_GAS_KEYGRAPH_NODE_DIAGNOSTIC,ARCHIVED_INTERNAL_EXPLORATION_NOT_GAS_EVIDENCE,antmaze-medium-navigate-v0,44,714,0,4,2,2,pos,,0,,,
stage30_official_gas_keygraph_audit,OFFICIAL_GAS_KEYGRAPH_NODE_DIAGNOSTIC,ARCHIVED_INTERNAL_EXPLORATION_NOT_GAS_EVIDENCE,antmaze-medium-navigate-v0,44,715,0,4,2,2,pos,,0,,,
stage30_official_gas_keygraph_audit,OFFICIAL_GAS_KEYGRAPH_NODE_DIAGNOSTIC,ARCHIVED_INTERNAL_EXPLORATION_NOT_GAS_EVIDENCE,antmaze-medium-navigate-v0,44,716,0,6,3,3,pos,,0,,,
stage30_official_gas_keygraph_audit,OFFICIAL_GAS_KEYGRAPH_NODE_DIAGNOSTIC,ARCHIVED_INTERNAL_EXPLORATION_NOT_GAS_EVIDENCE,antmaze-medium-navigate-v0,44,717,0,6,3,3,pos,,0,,,
stage30_official_gas_keygraph_audit,OFFICIAL_GAS_KEYGRAPH_NODE_DIAGNOSTIC,ARCHIVED_INTERNAL_EXPLORATION_NOT_GAS_EVIDENCE,antmaze-medium-navigate-v0,44,718,0,36,18,18,pos,,0,,,
stage30_official_gas_keygraph_audit,OFFICIAL_GAS_KEYGRAPH_NODE_DIAGNOSTIC,ARCHIVED_INTERNAL_EXPLORATION_NOT_GAS_EVIDENCE,antmaze-medium-navigate-v0,44,719,0,40,20,20,pos,,0,,,
stage30_official_gas_keygraph_audit,OFFICIAL_GAS_KEYGRAPH_NODE_DIAGNOSTIC,ARCHIVED_INTERNAL_EXPLORATION_NOT_GAS_EVIDENCE,antmaze-medium-navigate-v0,44,720,0,34,17,17,pos,,0,,,
stage30_official_gas_keygraph_audit,OFFICIAL_GAS_KEYGRAPH_NODE_DIAGNOSTIC,ARCHIVED_INTERNAL_EXPLORATION_NOT_GAS_EVIDENCE,antmaze-medium-navigate-v0,44,721,0,34,17,17,pos,,0,,,
stage30_official_gas_keygraph_audit,OFFICIAL_GAS_KEYGRAPH_NODE_DIAGNOSTIC,ARCHIVED_INTERNAL_EXPLORATION_NOT_GAS_EVIDENCE,antmaze-medium-navigate-v0,44,722,0,2,1,1,pos,,0,,,
stage30_official_gas_keygraph_audit,OFFICIAL_GAS_KEYGRAPH_NODE_DIAGNOSTIC,ARCHIVED_INTERNAL_EXPLORATION_NOT_GAS_EVIDENCE,antmaze-medium-navigate-v0,44,723,0,4,2,2,pos,,0,,,
stage30_official_gas_keygraph_audit,OFFICIAL_GAS_KEYGRAPH_NODE_DIAGNOSTIC,ARCHIVED_INTERNAL_EXPLORATION_NOT_GAS_EVIDENCE,antmaze-medium-navigate-v0,44,724,0,2,1,1,pos,,0,,,
stage30_official_gas_keygraph_audit,OFFICIAL_GAS_KEYGRAPH_NODE_DIAGNOSTIC,ARCHIVED_INTERNAL_EXPLORATION_NOT_GAS_EVIDENCE,antmaze-medium-navigate-v0,44,725,0,24,12,12,pos,,0,,,
stage30_official_gas_keygraph_audit,OFFICIAL_GAS_KEYGRAPH_NODE_DIAGNOSTIC,ARCHIVED_INTERNAL_EXPLORATION_NOT_GAS_EVIDENCE,antmaze-medium-navigate-v0,44,726,0,6,3,3,pos,,0,,,
stage30_official_gas_keygraph_audit,OFFICIAL_GAS_KEYGRAPH_NODE_DIAGNOSTIC,ARCHIVED_INTERNAL_EXPLORATION_NOT_GAS_EVIDENCE,antmaze-medium-navigate-v0,44,727,0,10,5,5,pos,,0,,,
stage30_official_gas_keygraph_audit,OFFICIAL_GAS_KEYGRAPH_NODE_DIAGNOSTIC,ARCHIVED_INTERNAL_EXPLORATION_NOT_GAS_EVIDENCE,antmaze-medium-navigate-v0,44,728,0,26,13,13,pos,,0,,,
stage30_official_gas_keygraph_audit,OFFICIAL_GAS_KEYGRAPH_NODE_DIAGNOSTIC,ARCHIVED_INTERNAL_EXPLORATION_NOT_GAS_EVIDENCE,antmaze-medium-navigate-v0,44,729,0,12,6,6,pos,,0,,,
stage30_official_gas_keygraph_audit,OFFICIAL_GAS_KEYGRAPH_NODE_DIAGNOSTIC,ARCHIVED_INTERNAL_EXPLORATION_NOT_GAS_EVIDENCE,antmaze-medium-navigate-v0,44,730,0,2,1,1,pos,,0,,,
stage30_official_gas_keygraph_audit,OFFICIAL_GAS_KEYGRAPH_NODE_DIAGNOSTIC,ARCHIVED_INTERNAL_EXPLORATION_NOT_GAS_EVIDENCE,antmaze-medium-navigate-v0,44,731,0,2,1,1,pos,,0,,,
stage30_official_gas_keygraph_audit,OFFICIAL_GAS_KEYGRAPH_NODE_DIAGNOSTIC,ARCHIVED_INTERNAL_EXPLORATION_NOT_GAS_EVIDENCE,antmaze-medium-navigate-v0,44,732,0,12,6,6,pos,,0,,,
stage30_official_gas_keygraph_audit,OFFICIAL_GAS_KEYGRAPH_NODE_DIAGNOSTIC,ARCHIVED_INTERNAL_EXPLORATION_NOT_GAS_EVIDENCE,antmaze-medium-navigate-v0,44,733,0,4,2,2,pos,,0,,,
stage30_official_gas_keygraph_audit,OFFICIAL_GAS_KEYGRAPH_NODE_DIAGNOSTIC,ARCHIVED_INTERNAL_EXPLORATION_NOT_GAS_EVIDENCE,antmaze-medium-navigate-v0,44,734,0,4,2,2,pos,,0,,,
stage30_official_gas_keygraph_audit,OFFICIAL_GAS_KEYGRAPH_NODE_DIAGNOSTIC,ARCHIVED_INTERNAL_EXPLORATION_NOT_GAS_EVIDENCE,antmaze-medium-navigate-v0,44,735,0,74,37,37,pos,,0,,,
stage30_official_gas_keygraph_audit,OFFICIAL_GAS_KEYGRAPH_NODE_DIAGNOSTIC,ARCHIVED_INTERNAL_EXPLORATION_NOT_GAS_EVIDENCE,antmaze-medium-navigate-v0,44,736,0,14,7,7,pos,,0,,,
stage30_official_gas_keygraph_audit,OFFICIAL_GAS_KEYGRAPH_NODE_DIAGNOSTIC,ARCHIVED_INTERNAL_EXPLORATION_NOT_GAS_EVIDENCE,antmaze-medium-navigate-v0,44,737,0,16,8,8,pos,,0,,,
stage30_official_gas_keygraph_audit,OFFICIAL_GAS_KEYGRAPH_NODE_DIAGNOSTIC,ARCHIVED_INTERNAL_EXPLORATION_NOT_GAS_EVIDENCE,antmaze-medium-navigate-v0,44,738,0,8,4,4,pos,,0,,,
stage30_official_gas_keygraph_audit,OFFICIAL_GAS_KEYGRAPH_NODE_DIAGNOSTIC,ARCHIVED_INTERNAL_EXPLORATION_NOT_GAS_EVIDENCE,antmaze-medium-navigate-v0,44,739,0,8,4,4,pos,,0,,,
stage30_official_gas_keygraph_audit,OFFICIAL_GAS_KEYGRAPH_NODE_DIAGNOSTIC,ARCHIVED_INTERNAL_EXPLORATION_NOT_GAS_EVIDENCE,antmaze-medium-navigate-v0,44,740,0,2,1,1,pos,,0,,,
stage30_official_gas_keygraph_audit,OFFICIAL_GAS_KEYGRAPH_NODE_DIAGNOSTIC,ARCHIVED_INTERNAL_EXPLORATION_NOT_GAS_EVIDENCE,antmaze-medium-navigate-v0,44,741,0,24,12,12,pos,,0,,,
stage30_official_gas_keygraph_audit,OFFICIAL_GAS_KEYGRAPH_NODE_DIAGNOSTIC,ARCHIVED_INTERNAL_EXPLORATION_NOT_GAS_EVIDENCE,antmaze-medium-navigate-v0,44,742,0,38,19,19,pos,,0,,,
stage30_official_gas_keygraph_audit,OFFICIAL_GAS_KEYGRAPH_NODE_DIAGNOSTIC,ARCHIVED_INTERNAL_EXPLORATION_NOT_GAS_EVIDENCE,antmaze-medium-navigate-v0,44,743,0,4,2,2,pos,,0,,,
stage30_official_gas_keygraph_audit,OFFICIAL_GAS_KEYGRAPH_NODE_DIAGNOSTIC,ARCHIVED_INTERNAL_EXPLORATION_NOT_GAS_EVIDENCE,antmaze-medium-navigate-v0,44,744,0,48,24,24,pos,,0,,,
stage30_official_gas_keygraph_audit,OFFICIAL_GAS_KEYGRAPH_NODE_DIAGNOSTIC,ARCHIVED_INTERNAL_EXPLORATION_NOT_GAS_EVIDENCE,antmaze-medium-navigate-v0,44,745,0,4,2,2,pos,,0,,,
stage30_official_gas_keygraph_audit,OFFICIAL_GAS_KEYGRAPH_NODE_DIAGNOSTIC,ARCHIVED_INTERNAL_EXPLORATION_NOT_GAS_EVIDENCE,antmaze-medium-navigate-v0,44,746,0,4,2,2,pos,,0,,,
stage30_official_gas_keygraph_audit,OFFICIAL_GAS_KEYGRAPH_NODE_DIAGNOSTIC,ARCHIVED_INTERNAL_EXPLORATION_NOT_GAS_EVIDENCE,antmaze-medium-navigate-v0,44,747,0,4,2,2,pos,,0,,,
stage30_official_gas_keygraph_audit,OFFICIAL_GAS_KEYGRAPH_NODE_DIAGNOSTIC,ARCHIVED_INTERNAL_EXPLORATION_NOT_GAS_EVIDENCE,antmaze-medium-navigate-v0,44,748,0,2,1,1,pos,,0,,,
stage30_official_gas_keygraph_audit,OFFICIAL_GAS_KEYGRAPH_NODE_DIAGNOSTIC,ARCHIVED_INTERNAL_EXPLORATION_NOT_GAS_EVIDENCE,antmaze-medium-navigate-v0,44,749,0,8,4,4,pos,,0,,,
stage30_official_gas_keygraph_audit,OFFICIAL_GAS_KEYGRAPH_NODE_DIAGNOSTIC,ARCHIVED_INTERNAL_EXPLORATION_NOT_GAS_EVIDENCE,antmaze-medium-navigate-v0,44,750,0,8,4,4,pos,,0,,,
stage30_official_gas_keygraph_audit,OFFICIAL_GAS_KEYGRAPH_NODE_DIAGNOSTIC,ARCHIVED_INTERNAL_EXPLORATION_NOT_GAS_EVIDENCE,antmaze-medium-navigate-v0,44,751,0,6,3,3,pos,,0,,,
stage30_official_gas_keygraph_audit,OFFICIAL_GAS_KEYGRAPH_NODE_DIAGNOSTIC,ARCHIVED_INTERNAL_EXPLORATION_NOT_GAS_EVIDENCE,antmaze-medium-navigate-v0,44,752,0,2,1,1,pos,,0,,,
stage30_official_gas_keygraph_audit,OFFICIAL_GAS_KEYGRAPH_NODE_DIAGNOSTIC,ARCHIVED_INTERNAL_EXPLORATION_NOT_GAS_EVIDENCE,antmaze-medium-navigate-v0,44,753,0,40,20,20,pos,,0,,,
stage30_official_gas_keygraph_audit,OFFICIAL_GAS_KEYGRAPH_NODE_DIAGNOSTIC,ARCHIVED_INTERNAL_EXPLORATION_NOT_GAS_EVIDENCE,antmaze-medium-navigate-v0,44,754,0,14,7,7,pos,,0,,,
stage30_official_gas_keygraph_audit,OFFICIAL_GAS_KEYGRAPH_NODE_DIAGNOSTIC,ARCHIVED_INTERNAL_EXPLORATION_NOT_GAS_EVIDENCE,antmaze-medium-navigate-v0,44,755,0,4,2,2,pos,,0,,,
stage30_official_gas_keygraph_audit,OFFICIAL_GAS_KEYGRAPH_NODE_DIAGNOSTIC,ARCHIVED_INTERNAL_EXPLORATION_NOT_GAS_EVIDENCE,antmaze-medium-navigate-v0,44,756,0,20,10,10,pos,,0,,,
stage30_official_gas_keygraph_audit,OFFICIAL_GAS_KEYGRAPH_NODE_DIAGNOSTIC,ARCHIVED_INTERNAL_EXPLORATION_NOT_GAS_EVIDENCE,antmaze-medium-navigate-v0,44,757,0,52,26,26,pos,,0,,,
stage30_official_gas_keygraph_audit,OFFICIAL_GAS_KEYGRAPH_NODE_DIAGNOSTIC,ARCHIVED_INTERNAL_EXPLORATION_NOT_GAS_EVIDENCE,antmaze-medium-navigate-v0,44,758,0,26,13,13,pos,,0,,,
stage30_official_gas_keygraph_audit,OFFICIAL_GAS_KEYGRAPH_NODE_DIAGNOSTIC,ARCHIVED_INTERNAL_EXPLORATION_NOT_GAS_EVIDENCE,antmaze-medium-navigate-v0,44,759,0,26,13,13,pos,,0,,,
stage30_official_gas_keygraph_audit,OFFICIAL_GAS_KEYGRAPH_NODE_DIAGNOSTIC,ARCHIVED_INTERNAL_EXPLORATION_NOT_GAS_EVIDENCE,antmaze-medium-navigate-v0,44,760,0,4,2,2,pos,,0,,,
stage30_official_gas_keygraph_audit,OFFICIAL_GAS_KEYGRAPH_NODE_DIAGNOSTIC,ARCHIVED_INTERNAL_EXPLORATION_NOT_GAS_EVIDENCE,antmaze-medium-navigate-v0,44,761,0,2,1,1,pos,,0,,,
stage30_official_gas_keygraph_audit,OFFICIAL_GAS_KEYGRAPH_NODE_DIAGNOSTIC,ARCHIVED_INTERNAL_EXPLORATION_NOT_GAS_EVIDENCE,antmaze-medium-navigate-v0,44,762,0,36,18,18,pos,,0,,,
stage30_official_gas_keygraph_audit,OFFICIAL_GAS_KEYGRAPH_NODE_DIAGNOSTIC,ARCHIVED_INTERNAL_EXPLORATION_NOT_GAS_EVIDENCE,antmaze-medium-navigate-v0,44,763,0,6,3,3,pos,,0,,,
stage30_official_gas_keygraph_audit,OFFICIAL_GAS_KEYGRAPH_NODE_DIAGNOSTIC,ARCHIVED_INTERNAL_EXPLORATION_NOT_GAS_EVIDENCE,antmaze-medium-navigate-v0,44,764,0,2,1,1,pos,,0,,,
stage30_official_gas_keygraph_audit,OFFICIAL_GAS_KEYGRAPH_NODE_DIAGNOSTIC,ARCHIVED_INTERNAL_EXPLORATION_NOT_GAS_EVIDENCE,antmaze-medium-navigate-v0,44,765,0,56,28,28,pos,,0,,,
stage30_official_gas_keygraph_audit,OFFICIAL_GAS_KEYGRAPH_NODE_DIAGNOSTIC,ARCHIVED_INTERNAL_EXPLORATION_NOT_GAS_EVIDENCE,antmaze-medium-navigate-v0,44,766,0,18,9,9,pos,,0,,,
stage30_official_gas_keygraph_audit,OFFICIAL_GAS_KEYGRAPH_NODE_DIAGNOSTIC,ARCHIVED_INTERNAL_EXPLORATION_NOT_GAS_EVIDENCE,antmaze-medium-navigate-v0,44,767,0,4,2,2,pos,,0,,,
stage30_official_gas_keygraph_audit,OFFICIAL_GAS_KEYGRAPH_NODE_DIAGNOSTIC,ARCHIVED_INTERNAL_EXPLORATION_NOT_GAS_EVIDENCE,antmaze-medium-navigate-v0,44,768,0,4,2,2,pos,,0,,,
stage30_official_gas_keygraph_audit,OFFICIAL_GAS_KEYGRAPH_NODE_DIAGNOSTIC,ARCHIVED_INTERNAL_EXPLORATION_NOT_GAS_EVIDENCE,antmaze-medium-navigate-v0,44,769,0,6,3,3,pos,,0,,,
stage30_official_gas_keygraph_audit,OFFICIAL_GAS_KEYGRAPH_NODE_DIAGNOSTIC,ARCHIVED_INTERNAL_EXPLORATION_NOT_GAS_EVIDENCE,antmaze-medium-navigate-v0,44,770,0,2,1,1,pos,,0,,,
stage30_official_gas_keygraph_audit,OFFICIAL_GAS_KEYGRAPH_NODE_DIAGNOSTIC,ARCHIVED_INTERNAL_EXPLORATION_NOT_GAS_EVIDENCE,antmaze-medium-navigate-v0,44,771,0,8,4,4,pos,,0,,,
stage30_official_gas_keygraph_audit,OFFICIAL_GAS_KEYGRAPH_NODE_DIAGNOSTIC,ARCHIVED_INTERNAL_EXPLORATION_NOT_GAS_EVIDENCE,antmaze-medium-navigate-v0,44,772,0,2,1,1,pos,,0,,,
stage30_official_gas_keygraph_audit,OFFICIAL_GAS_KEYGRAPH_NODE_DIAGNOSTIC,ARCHIVED_INTERNAL_EXPLORATION_NOT_GAS_EVIDENCE,antmaze-medium-navigate-v0,44,773,0,4,2,2,pos,,0,,,
stage30_official_gas_keygraph_audit,OFFICIAL_GAS_KEYGRAPH_NODE_DIAGNOSTIC,ARCHIVED_INTERNAL_EXPLORATION_NOT_GAS_EVIDENCE,antmaze-medium-navigate-v0,44,774,0,2,1,1,pos,,0,,,
stage30_official_gas_keygraph_audit,OFFICIAL_GAS_KEYGRAPH_NODE_DIAGNOSTIC,ARCHIVED_INTERNAL_EXPLORATION_NOT_GAS_EVIDENCE,antmaze-medium-navigate-v0,44,775,0,8,4,4,pos,,0,,,
stage30_official_gas_keygraph_audit,OFFICIAL_GAS_KEYGRAPH_NODE_DIAGNOSTIC,ARCHIVED_INTERNAL_EXPLORATION_NOT_GAS_EVIDENCE,antmaze-medium-navigate-v0,44,776,0,4,2,2,pos,,0,,,
stage30_official_gas_keygraph_audit,OFFICIAL_GAS_KEYGRAPH_NODE_DIAGNOSTIC,ARCHIVED_INTERNAL_EXPLORATION_NOT_GAS_EVIDENCE,antmaze-medium-navigate-v0,44,777,0,6,3,3,pos,,0,,,
stage30_official_gas_keygraph_audit,OFFICIAL_GAS_KEYGRAPH_NODE_DIAGNOSTIC,ARCHIVED_INTERNAL_EXPLORATION_NOT_GAS_EVIDENCE,antmaze-medium-navigate-v0,44,778,0,2,1,1,pos,,0,,,
stage30_official_gas_keygraph_audit,OFFICIAL_GAS_KEYGRAPH_NODE_DIAGNOSTIC,ARCHIVED_INTERNAL_EXPLORATION_NOT_GAS_EVIDENCE,antmaze-medium-navigate-v0,44,779,0,2,1,1,pos,,0,,,
stage30_official_gas_keygraph_audit,OFFICIAL_GAS_KEYGRAPH_NODE_DIAGNOSTIC,ARCHIVED_INTERNAL_EXPLORATION_NOT_GAS_EVIDENCE,antmaze-medium-navigate-v0,44,780,0,14,7,7,pos,,0,,,
stage30_official_gas_keygraph_audit,OFFICIAL_GAS_KEYGRAPH_NODE_DIAGNOSTIC,ARCHIVED_INTERNAL_EXPLORATION_NOT_GAS_EVIDENCE,antmaze-medium-navigate-v0,44,781,0,22,11,11,pos,,0,,,
stage30_official_gas_keygraph_audit,OFFICIAL_GAS_KEYGRAPH_NODE_DIAGNOSTIC,ARCHIVED_INTERNAL_EXPLORATION_NOT_GAS_EVIDENCE,antmaze-medium-navigate-v0,44,782,0,14,7,7,pos,,0,,,
stage30_official_gas_keygraph_audit,OFFICIAL_GAS_KEYGRAPH_NODE_DIAGNOSTIC,ARCHIVED_INTERNAL_EXPLORATION_NOT_GAS_EVIDENCE,antmaze-medium-navigate-v0,44,783,0,52,26,26,pos,,0,,,
stage30_official_gas_keygraph_audit,OFFICIAL_GAS_KEYGRAPH_NODE_DIAGNOSTIC,ARCHIVED_INTERNAL_EXPLORATION_NOT_GAS_EVIDENCE,antmaze-medium-navigate-v0,44,784,0,6,3,3,pos,,0,,,
stage30_official_gas_keygraph_audit,OFFICIAL_GAS_KEYGRAPH_NODE_DIAGNOSTIC,ARCHIVED_INTERNAL_EXPLORATION_NOT_GAS_EVIDENCE,antmaze-medium-navigate-v0,44,785,0,6,3,3,pos,,0,,,
stage30_official_gas_keygraph_audit,OFFICIAL_GAS_KEYGRAPH_NODE_DIAGNOSTIC,ARCHIVED_INTERNAL_EXPLORATION_NOT_GAS_EVIDENCE,antmaze-medium-navigate-v0,44,786,0,60,30,30,pos,,0,,,
stage30_official_gas_keygraph_audit,OFFICIAL_GAS_KEYGRAPH_NODE_DIAGNOSTIC,ARCHIVED_INTERNAL_EXPLORATION_NOT_GAS_EVIDENCE,antmaze-medium-navigate-v0,44,787,0,38,19,19,pos,,0,,,
stage30_official_gas_keygraph_audit,OFFICIAL_GAS_KEYGRAPH_NODE_DIAGNOSTIC,ARCHIVED_INTERNAL_EXPLORATION_NOT_GAS_EVIDENCE,antmaze-medium-navigate-v0,44,788,0,2,1,1,pos,,0,,,
stage30_official_gas_keygraph_audit,OFFICIAL_GAS_KEYGRAPH_NODE_DIAGNOSTIC,ARCHIVED_INTERNAL_EXPLORATION_NOT_GAS_EVIDENCE,antmaze-medium-navigate-v0,44,789,0,4,2,2,pos,,0,,,
stage30_official_gas_keygraph_audit,OFFICIAL_GAS_KEYGRAPH_NODE_DIAGNOSTIC,ARCHIVED_INTERNAL_EXPLORATION_NOT_GAS_EVIDENCE,antmaze-medium-navigate-v0,44,790,0,4,2,2,pos,,0,,,
stage30_official_gas_keygraph_audit,OFFICIAL_GAS_KEYGRAPH_NODE_DIAGNOSTIC,ARCHIVED_INTERNAL_EXPLORATION_NOT_GAS_EVIDENCE,antmaze-medium-navigate-v0,44,791,0,32,16,16,pos,,0,,,
stage30_official_gas_keygraph_audit,OFFICIAL_GAS_KEYGRAPH_NODE_DIAGNOSTIC,ARCHIVED_INTERNAL_EXPLORATION_NOT_GAS_EVIDENCE,antmaze-medium-navigate-v0,44,792,0,28,14,14,pos,,0,,,
stage30_official_gas_keygraph_audit,OFFICIAL_GAS_KEYGRAPH_NODE_DIAGNOSTIC,ARCHIVED_INTERNAL_EXPLORATION_NOT_GAS_EVIDENCE,antmaze-medium-navigate-v0,44,793,0,4,2,2,pos,,0,,,
stage30_official_gas_keygraph_audit,OFFICIAL_GAS_KEYGRAPH_NODE_DIAGNOSTIC,ARCHIVED_INTERNAL_EXPLORATION_NOT_GAS_EVIDENCE,antmaze-medium-navigate-v0,44,794,0,46,23,23,pos,,0,,,
stage30_official_gas_keygraph_audit,OFFICIAL_GAS_KEYGRAPH_NODE_DIAGNOSTIC,ARCHIVED_INTERNAL_EXPLORATION_NOT_GAS_EVIDENCE,antmaze-medium-navigate-v0,44,795,0,16,8,8,pos,,0,,,
stage30_official_gas_keygraph_audit,OFFICIAL_GAS_KEYGRAPH_NODE_DIAGNOSTIC,ARCHIVED_INTERNAL_EXPLORATION_NOT_GAS_EVIDENCE,antmaze-medium-navigate-v0,44,796,0,30,15,15,pos,,0,,,
stage30_official_gas_keygraph_audit,OFFICIAL_GAS_KEYGRAPH_NODE_DIAGNOSTIC,ARCHIVED_INTERNAL_EXPLORATION_NOT_GAS_EVIDENCE,antmaze-medium-navigate-v0,44,797,0,36,18,18,pos,,0,,,
stage30_official_gas_keygraph_audit,OFFICIAL_GAS_KEYGRAPH_NODE_DIAGNOSTIC,ARCHIVED_INTERNAL_EXPLORATION_NOT_GAS_EVIDENCE,antmaze-medium-navigate-v0,44,798,0,4,2,2,pos,,0,,,
stage30_official_gas_keygraph_audit,OFFICIAL_GAS_KEYGRAPH_NODE_DIAGNOSTIC,ARCHIVED_INTERNAL_EXPLORATION_NOT_GAS_EVIDENCE,antmaze-medium-navigate-v0,44,799,0,6,3,3,pos,,0,,,
stage30_official_gas_keygraph_audit,OFFICIAL_GAS_KEYGRAPH_NODE_DIAGNOSTIC,ARCHIVED_INTERNAL_EXPLORATION_NOT_GAS_EVIDENCE,antmaze-medium-navigate-v0,44,800,0,4,2,2,pos,,0,,,
stage30_official_gas_keygraph_audit,OFFICIAL_GAS_KEYGRAPH_NODE_DIAGNOSTIC,ARCHIVED_INTERNAL_EXPLORATION_NOT_GAS_EVIDENCE,antmaze-medium-navigate-v0,44,801,0,2,1,1,pos,,0,,,
stage30_official_gas_keygraph_audit,OFFICIAL_GAS_KEYGRAPH_NODE_DIAGNOSTIC,ARCHIVED_INTERNAL_EXPLORATION_NOT_GAS_EVIDENCE,antmaze-medium-navigate-v0,44,802,0,8,4,4,pos,,0,,,
stage30_official_gas_keygraph_audit,OFFICIAL_GAS_KEYGRAPH_NODE_DIAGNOSTIC,ARCHIVED_INTERNAL_EXPLORATION_NOT_GAS_EVIDENCE,antmaze-medium-navigate-v0,44,803,0,4,2,2,pos,,0,,,
stage30_official_gas_keygraph_audit,OFFICIAL_GAS_KEYGRAPH_NODE_DIAGNOSTIC,ARCHIVED_INTERNAL_EXPLORATION_NOT_GAS_EVIDENCE,antmaze-medium-navigate-v0,44,804,0,34,17,17,pos,,0,,,
stage30_official_gas_keygraph_audit,OFFICIAL_GAS_KEYGRAPH_NODE_DIAGNOSTIC,ARCHIVED_INTERNAL_EXPLORATION_NOT_GAS_EVIDENCE,antmaze-medium-navigate-v0,44,805,0,50,25,25,pos,,0,,,
stage30_official_gas_keygraph_audit,OFFICIAL_GAS_KEYGRAPH_NODE_DIAGNOSTIC,ARCHIVED_INTERNAL_EXPLORATION_NOT_GAS_EVIDENCE,antmaze-medium-navigate-v0,44,806,0,10,5,5,pos,,0,,,
stage30_official_gas_keygraph_audit,OFFICIAL_GAS_KEYGRAPH_NODE_DIAGNOSTIC,ARCHIVED_INTERNAL_EXPLORATION_NOT_GAS_EVIDENCE,antmaze-medium-navigate-v0,44,807,0,6,3,3,pos,,0,,,
stage30_official_gas_keygraph_audit,OFFICIAL_GAS_KEYGRAPH_NODE_DIAGNOSTIC,ARCHIVED_INTERNAL_EXPLORATION_NOT_GAS_EVIDENCE,antmaze-medium-navigate-v0,44,808,0,6,3,3,pos,,0,,,
stage30_official_gas_keygraph_audit,OFFICIAL_GAS_KEYGRAPH_NODE_DIAGNOSTIC,ARCHIVED_INTERNAL_EXPLORATION_NOT_GAS_EVIDENCE,antmaze-medium-navigate-v0,44,809,0,8,4,4,pos,,0,,,
stage30_official_gas_keygraph_audit,OFFICIAL_GAS_KEYGRAPH_NODE_DIAGNOSTIC,ARCHIVED_INTERNAL_EXPLORATION_NOT_GAS_EVIDENCE,antmaze-medium-navigate-v0,44,810,0,10,5,5,pos,,0,,,
stage30_official_gas_keygraph_audit,OFFICIAL_GAS_KEYGRAPH_NODE_DIAGNOSTIC,ARCHIVED_INTERNAL_EXPLORATION_NOT_GAS_EVIDENCE,antmaze-medium-navigate-v0,44,811,0,4,2,2,pos,,0,,,
stage30_official_gas_keygraph_audit,OFFICIAL_GAS_KEYGRAPH_NODE_DIAGNOSTIC,ARCHIVED_INTERNAL_EXPLORATION_NOT_GAS_EVIDENCE,antmaze-medium-navigate-v0,44,812,0,30,15,15,pos,,0,,,
stage30_official_gas_keygraph_audit,OFFICIAL_GAS_KEYGRAPH_NODE_DIAGNOSTIC,ARCHIVED_INTERNAL_EXPLORATION_NOT_GAS_EVIDENCE,antmaze-medium-navigate-v0,44,813,0,16,8,8,pos,,0,,,
stage30_official_gas_keygraph_audit,OFFICIAL_GAS_KEYGRAPH_NODE_DIAGNOSTIC,ARCHIVED_INTERNAL_EXPLORATION_NOT_GAS_EVIDENCE,antmaze-medium-navigate-v0,44,814,0,4,2,2,pos,,0,,,
stage30_official_gas_keygraph_audit,OFFICIAL_GAS_KEYGRAPH_NODE_DIAGNOSTIC,ARCHIVED_INTERNAL_EXPLORATION_NOT_GAS_EVIDENCE,antmaze-medium-navigate-v0,44,815,0,4,2,2,pos,,0,,,
stage30_official_gas_keygraph_audit,OFFICIAL_GAS_KEYGRAPH_NODE_DIAGNOSTIC,ARCHIVED_INTERNAL_EXPLORATION_NOT_GAS_EVIDENCE,antmaze-medium-navigate-v0,44,816,0,2,1,1,pos,,0,,,
stage30_official_gas_keygraph_audit,OFFICIAL_GAS_KEYGRAPH_NODE_DIAGNOSTIC,ARCHIVED_INTERNAL_EXPLORATION_NOT_GAS_EVIDENCE,antmaze-medium-navigate-v0,44,817,0,38,19,19,pos,,0,,,
stage30_official_gas_keygraph_audit,OFFICIAL_GAS_KEYGRAPH_NODE_DIAGNOSTIC,ARCHIVED_INTERNAL_EXPLORATION_NOT_GAS_EVIDENCE,antmaze-medium-navigate-v0,44,818,0,4,2,2,pos,,0,,,
stage30_official_gas_keygraph_audit,OFFICIAL_GAS_KEYGRAPH_NODE_DIAGNOSTIC,ARCHIVED_INTERNAL_EXPLORATION_NOT_GAS_EVIDENCE,antmaze-medium-navigate-v0,44,819,0,10,5,5,pos,,0,,,
stage30_official_gas_keygraph_audit,OFFICIAL_GAS_KEYGRAPH_NODE_DIAGNOSTIC,ARCHIVED_INTERNAL_EXPLORATION_NOT_GAS_EVIDENCE,antmaze-medium-navigate-v0,44,820,0,4,2,2,pos,,0,,,
stage30_official_gas_keygraph_audit,OFFICIAL_GAS_KEYGRAPH_NODE_DIAGNOSTIC,ARCHIVED_INTERNAL_EXPLORATION_NOT_GAS_EVIDENCE,antmaze-medium-navigate-v0,44,821,0,8,4,4,pos,,0,,,
stage30_official_gas_keygraph_audit,OFFICIAL_GAS_KEYGRAPH_NODE_DIAGNOSTIC,ARCHIVED_INTERNAL_EXPLORATION_NOT_GAS_EVIDENCE,antmaze-medium-navigate-v0,44,822,0,24,12,12,pos,,0,,,
stage30_official_gas_keygraph_audit,OFFICIAL_GAS_KEYGRAPH_NODE_DIAGNOSTIC,ARCHIVED_INTERNAL_EXPLORATION_NOT_GAS_EVIDENCE,antmaze-medium-navigate-v0,44,823,0,4,2,2,pos,,0,,,
stage30_official_gas_keygraph_audit,OFFICIAL_GAS_KEYGRAPH_NODE_DIAGNOSTIC,ARCHIVED_INTERNAL_EXPLORATION_NOT_GAS_EVIDENCE,antmaze-medium-navigate-v0,44,824,0,4,2,2,pos,,0,,,
stage30_official_gas_keygraph_audit,OFFICIAL_GAS_KEYGRAPH_NODE_DIAGNOSTIC,ARCHIVED_INTERNAL_EXPLORATION_NOT_GAS_EVIDENCE,antmaze-medium-navigate-v0,44,825,0,2,1,1,pos,,0,,,
stage30_official_gas_keygraph_audit,OFFICIAL_GAS_KEYGRAPH_NODE_DIAGNOSTIC,ARCHIVED_INTERNAL_EXPLORATION_NOT_GAS_EVIDENCE,antmaze-medium-navigate-v0,44,826,0,16,8,8,pos,,0,,,
stage30_official_gas_keygraph_audit,OFFICIAL_GAS_KEYGRAPH_NODE_DIAGNOSTIC,ARCHIVED_INTERNAL_EXPLORATION_NOT_GAS_EVIDENCE,antmaze-medium-navigate-v0,44,827,0,16,8,8,pos,,0,,,
stage30_official_gas_keygraph_audit,OFFICIAL_GAS_KEYGRAPH_NODE_DIAGNOSTIC,ARCHIVED_INTERNAL_EXPLORATION_NOT_GAS_EVIDENCE,antmaze-medium-navigate-v0,44,828,0,12,6,6,pos,,0,,,
stage30_official_gas_keygraph_audit,OFFICIAL_GAS_KEYGRAPH_NODE_DIAGNOSTIC,ARCHIVED_INTERNAL_EXPLORATION_NOT_GAS_EVIDENCE,antmaze-medium-navigate-v0,44,829,0,4,2,2,pos,,0,,,
stage30_official_gas_keygraph_audit,OFFICIAL_GAS_KEYGRAPH_NODE_DIAGNOSTIC,ARCHIVED_INTERNAL_EXPLORATION_NOT_GAS_EVIDENCE,antmaze-medium-navigate-v0,44,830,0,20,10,10,pos,,0,,,
stage30_official_gas_keygraph_audit,OFFICIAL_GAS_KEYGRAPH_NODE_DIAGNOSTIC,ARCHIVED_INTERNAL_EXPLORATION_NOT_GAS_EVIDENCE,antmaze-medium-navigate-v0,44,831,0,6,3,3,pos,,0,,,
stage30_official_gas_keygraph_audit,OFFICIAL_GAS_KEYGRAPH_NODE_DIAGNOSTIC,ARCHIVED_INTERNAL_EXPLORATION_NOT_GAS_EVIDENCE,antmaze-medium-navigate-v0,44,832,0,4,2,2,pos,,0,,,
stage30_official_gas_keygraph_audit,OFFICIAL_GAS_KEYGRAPH_NODE_DIAGNOSTIC,ARCHIVED_INTERNAL_EXPLORATION_NOT_GAS_EVIDENCE,antmaze-medium-navigate-v0,44,833,0,2,1,1,pos,,0,,,
stage30_official_gas_keygraph_audit,OFFICIAL_GAS_KEYGRAPH_NODE_DIAGNOSTIC,ARCHIVED_INTERNAL_EXPLORATION_NOT_GAS_EVIDENCE,antmaze-medium-navigate-v0,44,834,0,42,21,21,pos,,0,,,
stage30_official_gas_keygraph_audit,OFFICIAL_GAS_KEYGRAPH_NODE_DIAGNOSTIC,ARCHIVED_INTERNAL_EXPLORATION_NOT_GAS_EVIDENCE,antmaze-medium-navigate-v0,44,835,0,2,1,1,pos,,0,,,
stage30_official_gas_keygraph_audit,OFFICIAL_GAS_KEYGRAPH_NODE_DIAGNOSTIC,ARCHIVED_INTERNAL_EXPLORATION_NOT_GAS_EVIDENCE,antmaze-medium-navigate-v0,44,836,0,2,1,1,pos,,0,,,
stage30_official_gas_keygraph_audit,OFFICIAL_GAS_KEYGRAPH_NODE_DIAGNOSTIC,ARCHIVED_INTERNAL_EXPLORATION_NOT_GAS_EVIDENCE,antmaze-medium-navigate-v0,44,837,0,6,3,3,pos,,0,,,
stage30_official_gas_keygraph_audit,OFFICIAL_GAS_KEYGRAPH_NODE_DIAGNOSTIC,ARCHIVED_INTERNAL_EXPLORATION_NOT_GAS_EVIDENCE,antmaze-medium-navigate-v0,44,838,0,2,1,1,pos,,0,,,
stage30_official_gas_keygraph_audit,OFFICIAL_GAS_KEYGRAPH_NODE_DIAGNOSTIC,ARCHIVED_INTERNAL_EXPLORATION_NOT_GAS_EVIDENCE,antmaze-medium-navigate-v0,44,839,0,8,4,4,pos,,0,,,
stage30_official_gas_keygraph_audit,OFFICIAL_GAS_KEYGRAPH_NODE_DIAGNOSTIC,ARCHIVED_INTERNAL_EXPLORATION_NOT_GAS_EVIDENCE,antmaze-medium-navigate-v0,44,840,0,6,3,3,pos,,0,,,
stage30_official_gas_keygraph_audit,OFFICIAL_GAS_KEYGRAPH_NODE_DIAGNOSTIC,ARCHIVED_INTERNAL_EXPLORATION_NOT_GAS_EVIDENCE,antmaze-medium-navigate-v0,44,841,0,12,6,6,pos,,0,,,
stage30_official_gas_keygraph_audit,OFFICIAL_GAS_KEYGRAPH_NODE_DIAGNOSTIC,ARCHIVED_INTERNAL_EXPLORATION_NOT_GAS_EVIDENCE,antmaze-medium-navigate-v0,44,842,0,8,4,4,pos,,0,,,
stage30_official_gas_keygraph_audit,OFFICIAL_GAS_KEYGRAPH_NODE_DIAGNOSTIC,ARCHIVED_INTERNAL_EXPLORATION_NOT_GAS_EVIDENCE,antmaze-medium-navigate-v0,44,843,0,2,1,1,pos,,0,,,
stage30_official_gas_keygraph_audit,OFFICIAL_GAS_KEYGRAPH_NODE_DIAGNOSTIC,ARCHIVED_INTERNAL_EXPLORATION_NOT_GAS_EVIDENCE,antmaze-medium-navigate-v0,44,844,0,4,2,2,pos,,0,,,
stage30_official_gas_keygraph_audit,OFFICIAL_GAS_KEYGRAPH_NODE_DIAGNOSTIC,ARCHIVED_INTERNAL_EXPLORATION_NOT_GAS_EVIDENCE,antmaze-medium-navigate-v0,44,845,0,30,15,15,pos,,0,,,
stage30_official_gas_keygraph_audit,OFFICIAL_GAS_KEYGRAPH_NODE_DIAGNOSTIC,ARCHIVED_INTERNAL_EXPLORATION_NOT_GAS_EVIDENCE,antmaze-medium-navigate-v0,44,846,0,2,1,1,pos,,0,,,
stage30_official_gas_keygraph_audit,OFFICIAL_GAS_KEYGRAPH_NODE_DIAGNOSTIC,ARCHIVED_INTERNAL_EXPLORATION_NOT_GAS_EVIDENCE,antmaze-medium-navigate-v0,44,847,0,32,16,16,pos,,0,,,
stage30_official_gas_keygraph_audit,OFFICIAL_GAS_KEYGRAPH_NODE_DIAGNOSTIC,ARCHIVED_INTERNAL_EXPLORATION_NOT_GAS_EVIDENCE,antmaze-medium-navigate-v0,44,848,0,18,9,9,pos,,0,,,
stage30_official_gas_keygraph_audit,OFFICIAL_GAS_KEYGRAPH_NODE_DIAGNOSTIC,ARCHIVED_INTERNAL_EXPLORATION_NOT_GAS_EVIDENCE,antmaze-medium-navigate-v0,44,849,0,2,1,1,pos,,0,,,
stage30_official_gas_keygraph_audit,OFFICIAL_GAS_KEYGRAPH_NODE_DIAGNOSTIC,ARCHIVED_INTERNAL_EXPLORATION_NOT_GAS_EVIDENCE,antmaze-medium-navigate-v0,44,850,0,2,1,1,pos,,0,,,
stage30_official_gas_keygraph_audit,OFFICIAL_GAS_KEYGRAPH_NODE_DIAGNOSTIC,ARCHIVED_INTERNAL_EXPLORATION_NOT_GAS_EVIDENCE,antmaze-medium-navigate-v0,44,851,0,6,3,3,pos,,0,,,
stage30_official_gas_keygraph_audit,OFFICIAL_GAS_KEYGRAPH_NODE_DIAGNOSTIC,ARCHIVED_INTERNAL_EXPLORATION_NOT_GAS_EVIDENCE,antmaze-medium-navigate-v0,44,852,0,4,2,2,pos,,0,,,
stage30_official_gas_keygraph_audit,OFFICIAL_GAS_KEYGRAPH_NODE_DIAGNOSTIC,ARCHIVED_INTERNAL_EXPLORATION_NOT_GAS_EVIDENCE,antmaze-medium-navigate-v0,44,853,0,6,3,3,pos,,0,,,
stage30_official_gas_keygraph_audit,OFFICIAL_GAS_KEYGRAPH_NODE_DIAGNOSTIC,ARCHIVED_INTERNAL_EXPLORATION_NOT_GAS_EVIDENCE,antmaze-medium-navigate-v0,44,854,0,4,2,2,pos,,0,,,
stage30_official_gas_keygraph_audit,OFFICIAL_GAS_KEYGRAPH_NODE_DIAGNOSTIC,ARCHIVED_INTERNAL_EXPLORATION_NOT_GAS_EVIDENCE,antmaze-medium-navigate-v0,44,855,0,4,2,2,pos,,0,,,
stage30_official_gas_keygraph_audit,OFFICIAL_GAS_KEYGRAPH_NODE_DIAGNOSTIC,ARCHIVED_INTERNAL_EXPLORATION_NOT_GAS_EVIDENCE,antmaze-medium-navigate-v0,44,856,0,24,12,12,pos,,0,,,
stage30_official_gas_keygraph_audit,OFFICIAL_GAS_KEYGRAPH_NODE_DIAGNOSTIC,ARCHIVED_INTERNAL_EXPLORATION_NOT_GAS_EVIDENCE,antmaze-medium-navigate-v0,44,857,0,12,6,6,pos,,0,,,
stage30_official_gas_keygraph_audit,OFFICIAL_GAS_KEYGRAPH_NODE_DIAGNOSTIC,ARCHIVED_INTERNAL_EXPLORATION_NOT_GAS_EVIDENCE,antmaze-medium-navigate-v0,44,858,0,10,5,5,pos,,0,,,
stage30_official_gas_keygraph_audit,OFFICIAL_GAS_KEYGRAPH_NODE_DIAGNOSTIC,ARCHIVED_INTERNAL_EXPLORATION_NOT_GAS_EVIDENCE,antmaze-medium-navigate-v0,44,859,0,6,3,3,pos,,0,,,
stage30_official_gas_keygraph_audit,OFFICIAL_GAS_KEYGRAPH_NODE_DIAGNOSTIC,ARCHIVED_INTERNAL_EXPLORATION_NOT_GAS_EVIDENCE,antmaze-medium-navigate-v0,44,860,0,4,2,2,pos,,0,,,
stage30_official_gas_keygraph_audit,OFFICIAL_GAS_KEYGRAPH_NODE_DIAGNOSTIC,ARCHIVED_INTERNAL_EXPLORATION_NOT_GAS_EVIDENCE,antmaze-medium-navigate-v0,44,861,0,4,2,2,pos,,0,,,
stage30_official_gas_keygraph_audit,OFFICIAL_GAS_KEYGRAPH_NODE_DIAGNOSTIC,ARCHIVED_INTERNAL_EXPLORATION_NOT_GAS_EVIDENCE,antmaze-medium-navigate-v0,44,862,0,2,1,1,pos,,0,,,
stage30_official_gas_keygraph_audit,OFFICIAL_GAS_KEYGRAPH_NODE_DIAGNOSTIC,ARCHIVED_INTERNAL_EXPLORATION_NOT_GAS_EVIDENCE,antmaze-medium-navigate-v0,44,863,0,6,3,3,pos,,0,,,
stage30_official_gas_keygraph_audit,OFFICIAL_GAS_KEYGRAPH_NODE_DIAGNOSTIC,ARCHIVED_INTERNAL_EXPLORATION_NOT_GAS_EVIDENCE,antmaze-medium-navigate-v0,44,864,0,4,2,2,pos,,0,,,
stage30_official_gas_keygraph_audit,OFFICIAL_GAS_KEYGRAPH_NODE_DIAGNOSTIC,ARCHIVED_INTERNAL_EXPLORATION_NOT_GAS_EVIDENCE,antmaze-medium-navigate-v0,44,865,0,24,12,12,pos,,0,,,
stage30_official_gas_keygraph_audit,OFFICIAL_GAS_KEYGRAPH_NODE_DIAGNOSTIC,ARCHIVED_INTERNAL_EXPLORATION_NOT_GAS_EVIDENCE,antmaze-medium-navigate-v0,44,866,0,60,30,30,pos,,0,,,
stage30_official_gas_keygraph_audit,OFFICIAL_GAS_KEYGRAPH_NODE_DIAGNOSTIC,ARCHIVED_INTERNAL_EXPLORATION_NOT_GAS_EVIDENCE,antmaze-medium-navigate-v0,44,867,0,6,3,3,pos,,0,,,
stage30_official_gas_keygraph_audit,OFFICIAL_GAS_KEYGRAPH_NODE_DIAGNOSTIC,ARCHIVED_INTERNAL_EXPLORATION_NOT_GAS_EVIDENCE,antmaze-medium-navigate-v0,44,868,0,44,22,22,pos,,0,,,
stage30_official_gas_keygraph_audit,OFFICIAL_GAS_KEYGRAPH_NODE_DIAGNOSTIC,ARCHIVED_INTERNAL_EXPLORATION_NOT_GAS_EVIDENCE,antmaze-medium-navigate-v0,44,869,0,4,2,2,pos,,0,,,
stage30_official_gas_keygraph_audit,OFFICIAL_GAS_KEYGRAPH_NODE_DIAGNOSTIC,ARCHIVED_INTERNAL_EXPLORATION_NOT_GAS_EVIDENCE,antmaze-medium-navigate-v0,44,870,0,2,1,1,pos,,0,,,
stage30_official_gas_keygraph_audit,OFFICIAL_GAS_KEYGRAPH_NODE_DIAGNOSTIC,ARCHIVED_INTERNAL_EXPLORATION_NOT_GAS_EVIDENCE,antmaze-medium-navigate-v0,44,871,0,10,5,5,pos,,0,,,
stage30_official_gas_keygraph_audit,OFFICIAL_GAS_KEYGRAPH_NODE_DIAGNOSTIC,ARCHIVED_INTERNAL_EXPLORATION_NOT_GAS_EVIDENCE,antmaze-medium-navigate-v0,44,872,0,6,3,3,pos,,0,,,
stage30_official_gas_keygraph_audit,OFFICIAL_GAS_KEYGRAPH_NODE_DIAGNOSTIC,ARCHIVED_INTERNAL_EXPLORATION_NOT_GAS_EVIDENCE,antmaze-medium-navigate-v0,44,873,0,44,22,22,pos,,0,,,
stage30_official_gas_keygraph_audit,OFFICIAL_GAS_KEYGRAPH_NODE_DIAGNOSTIC,ARCHIVED_INTERNAL_EXPLORATION_NOT_GAS_EVIDENCE,antmaze-medium-navigate-v0,44,874,0,46,23,23,pos,,0,,,
stage30_official_gas_keygraph_audit,OFFICIAL_GAS_KEYGRAPH_NODE_DIAGNOSTIC,ARCHIVED_INTERNAL_EXPLORATION_NOT_GAS_EVIDENCE,antmaze-medium-navigate-v0,44,875,0,12,6,6,pos,,0,,,
stage30_official_gas_keygraph_audit,OFFICIAL_GAS_KEYGRAPH_NODE_DIAGNOSTIC,ARCHIVED_INTERNAL_EXPLORATION_NOT_GAS_EVIDENCE,antmaze-medium-navigate-v0,44,876,0,4,2,2,pos,,0,,,
stage30_official_gas_keygraph_audit,OFFICIAL_GAS_KEYGRAPH_NODE_DIAGNOSTIC,ARCHIVED_INTERNAL_EXPLORATION_NOT_GAS_EVIDENCE,antmaze-medium-navigate-v0,44,877,0,42,21,21,pos,,0,,,
stage30_official_gas_keygraph_audit,OFFICIAL_GAS_KEYGRAPH_NODE_DIAGNOSTIC,ARCHIVED_INTERNAL_EXPLORATION_NOT_GAS_EVIDENCE,antmaze-medium-navigate-v0,44,878,0,8,4,4,pos,,0,,,
stage30_official_gas_keygraph_audit,OFFICIAL_GAS_KEYGRAPH_NODE_DIAGNOSTIC,ARCHIVED_INTERNAL_EXPLORATION_NOT_GAS_EVIDENCE,antmaze-medium-navigate-v0,44,879,0,2,1,1,pos,,0,,,
stage30_official_gas_keygraph_audit,OFFICIAL_GAS_KEYGRAPH_NODE_DIAGNOSTIC,ARCHIVED_INTERNAL_EXPLORATION_NOT_GAS_EVIDENCE,antmaze-medium-navigate-v0,44,880,0,38,19,19,pos,,0,,,
stage30_official_gas_keygraph_audit,OFFICIAL_GAS_KEYGRAPH_NODE_DIAGNOSTIC,ARCHIVED_INTERNAL_EXPLORATION_NOT_GAS_EVIDENCE,antmaze-medium-navigate-v0,44,881,0,4,2,2,pos,,0,,,
stage30_official_gas_keygraph_audit,OFFICIAL_GAS_KEYGRAPH_NODE_DIAGNOSTIC,ARCHIVED_INTERNAL_EXPLORATION_NOT_GAS_EVIDENCE,antmaze-medium-navigate-v0,44,882,0,4,2,2,pos,,0,,,
stage30_official_gas_keygraph_audit,OFFICIAL_GAS_KEYGRAPH_NODE_DIAGNOSTIC,ARCHIVED_INTERNAL_EXPLORATION_NOT_GAS_EVIDENCE,antmaze-medium-navigate-v0,44,883,0,2,1,1,pos,,0,,,
stage30_official_gas_keygraph_audit,OFFICIAL_GAS_KEYGRAPH_NODE_DIAGNOSTIC,ARCHIVED_INTERNAL_EXPLORATION_NOT_GAS_EVIDENCE,antmaze-medium-navigate-v0,44,884,0,6,3,3,pos,,0,,,
stage30_official_gas_keygraph_audit,OFFICIAL_GAS_KEYGRAPH_NODE_DIAGNOSTIC,ARCHIVED_INTERNAL_EXPLORATION_NOT_GAS_EVIDENCE,antmaze-medium-navigate-v0,44,885,0,40,20,20,pos,,0,,,
stage30_official_gas_keygraph_audit,OFFICIAL_GAS_KEYGRAPH_NODE_DIAGNOSTIC,ARCHIVED_INTERNAL_EXPLORATION_NOT_GAS_EVIDENCE,antmaze-medium-navigate-v0,44,886,0,2,1,1,pos,,0,,,
stage30_official_gas_keygraph_audit,OFFICIAL_GAS_KEYGRAPH_NODE_DIAGNOSTIC,ARCHIVED_INTERNAL_EXPLORATION_NOT_GAS_EVIDENCE,antmaze-medium-navigate-v0,44,887,0,4,2,2,pos,,0,,,
stage30_official_gas_keygraph_audit,OFFICIAL_GAS_KEYGRAPH_NODE_DIAGNOSTIC,ARCHIVED_INTERNAL_EXPLORATION_NOT_GAS_EVIDENCE,antmaze-medium-navigate-v0,44,888,0,2,1,1,pos,,0,,,
stage30_official_gas_keygraph_audit,OFFICIAL_GAS_KEYGRAPH_NODE_DIAGNOSTIC,ARCHIVED_INTERNAL_EXPLORATION_NOT_GAS_EVIDENCE,antmaze-medium-navigate-v0,44,889,0,2,1,1,pos,,0,,,
stage30_official_gas_keygraph_audit,OFFICIAL_GAS_KEYGRAPH_NODE_DIAGNOSTIC,ARCHIVED_INTERNAL_EXPLORATION_NOT_GAS_EVIDENCE,antmaze-medium-navigate-v0,44,890,0,32,16,16,pos,,0,,,
stage30_official_gas_keygraph_audit,OFFICIAL_GAS_KEYGRAPH_NODE_DIAGNOSTIC,ARCHIVED_INTERNAL_EXPLORATION_NOT_GAS_EVIDENCE,antmaze-medium-navigate-v0,44,891,0,4,2,2,pos,,0,,,
stage30_official_gas_keygraph_audit,OFFICIAL_GAS_KEYGRAPH_NODE_DIAGNOSTIC,ARCHIVED_INTERNAL_EXPLORATION_NOT_GAS_EVIDENCE,antmaze-medium-navigate-v0,44,892,0,2,1,1,pos,,0,,,
stage30_official_gas_keygraph_audit,OFFICIAL_GAS_KEYGRAPH_NODE_DIAGNOSTIC,ARCHIVED_INTERNAL_EXPLORATION_NOT_GAS_EVIDENCE,antmaze-medium-navigate-v0,44,893,0,24,12,12,pos,,0,,,
stage30_official_gas_keygraph_audit,OFFICIAL_GAS_KEYGRAPH_NODE_DIAGNOSTIC,ARCHIVED_INTERNAL_EXPLORATION_NOT_GAS_EVIDENCE,antmaze-medium-navigate-v0,44,894,0,6,3,3,pos,,0,,,
stage30_official_gas_keygraph_audit,OFFICIAL_GAS_KEYGRAPH_NODE_DIAGNOSTIC,ARCHIVED_INTERNAL_EXPLORATION_NOT_GAS_EVIDENCE,antmaze-medium-navigate-v0,44,895,0,12,6,6,pos,,0,,,
stage30_official_gas_keygraph_audit,OFFICIAL_GAS_KEYGRAPH_NODE_DIAGNOSTIC,ARCHIVED_INTERNAL_EXPLORATION_NOT_GAS_EVIDENCE,antmaze-medium-navigate-v0,44,896,0,28,14,14,pos,,0,,,
stage30_official_gas_keygraph_audit,OFFICIAL_GAS_KEYGRAPH_NODE_DIAGNOSTIC,ARCHIVED_INTERNAL_EXPLORATION_NOT_GAS_EVIDENCE,antmaze-medium-navigate-v0,44,897,0,8,4,4,pos,,0,,,
stage30_official_gas_keygraph_audit,OFFICIAL_GAS_KEYGRAPH_NODE_DIAGNOSTIC,ARCHIVED_INTERNAL_EXPLORATION_NOT_GAS_EVIDENCE,antmaze-medium-navigate-v0,44,898,0,8,4,4,pos,,0,,,
stage30_official_gas_keygraph_audit,OFFICIAL_GAS_KEYGRAPH_NODE_DIAGNOSTIC,ARCHIVED_INTERNAL_EXPLORATION_NOT_GAS_EVIDENCE,antmaze-medium-navigate-v0,44,899,0,32,16,16,pos,,0,,,
stage30_official_gas_keygraph_audit,OFFICIAL_GAS_KEYGRAPH_NODE_DIAGNOSTIC,ARCHIVED_INTERNAL_EXPLORATION_NOT_GAS_EVIDENCE,antmaze-medium-navigate-v0,44,900,0,54,27,27,pos,,0,,,
stage30_official_gas_keygraph_audit,OFFICIAL_GAS_KEYGRAPH_NODE_DIAGNOSTIC,ARCHIVED_INTERNAL_EXPLORATION_NOT_GAS_EVIDENCE,antmaze-medium-navigate-v0,44,901,0,24,12,12,pos,,0,,,
stage30_official_gas_keygraph_audit,OFFICIAL_GAS_KEYGRAPH_NODE_DIAGNOSTIC,ARCHIVED_INTERNAL_EXPLORATION_NOT_GAS_EVIDENCE,antmaze-medium-navigate-v0,44,902,0,2,1,1,pos,,0,,,
stage30_official_gas_keygraph_audit,OFFICIAL_GAS_KEYGRAPH_NODE_DIAGNOSTIC,ARCHIVED_INTERNAL_EXPLORATION_NOT_GAS_EVIDENCE,antmaze-medium-navigate-v0,44,903,0,8,4,4,pos,,0,,,
stage30_official_gas_keygraph_audit,OFFICIAL_GAS_KEYGRAPH_NODE_DIAGNOSTIC,ARCHIVED_INTERNAL_EXPLORATION_NOT_GAS_EVIDENCE,antmaze-medium-navigate-v0,44,904,0,20,10,10,pos,,0,,,
stage30_official_gas_keygraph_audit,OFFICIAL_GAS_KEYGRAPH_NODE_DIAGNOSTIC,ARCHIVED_INTERNAL_EXPLORATION_NOT_GAS_EVIDENCE,antmaze-medium-navigate-v0,44,905,0,20,10,10,pos,,0,,,
stage30_official_gas_keygraph_audit,OFFICIAL_GAS_KEYGRAPH_NODE_DIAGNOSTIC,ARCHIVED_INTERNAL_EXPLORATION_NOT_GAS_EVIDENCE,antmaze-medium-navigate-v0,44,906,0,4,2,2,pos,,0,,,
stage30_official_gas_keygraph_audit,OFFICIAL_GAS_KEYGRAPH_NODE_DIAGNOSTIC,ARCHIVED_INTERNAL_EXPLORATION_NOT_GAS_EVIDENCE,antmaze-medium-navigate-v0,44,907,0,4,2,2,pos,,0,,,
stage30_official_gas_keygraph_audit,OFFICIAL_GAS_KEYGRAPH_NODE_DIAGNOSTIC,ARCHIVED_INTERNAL_EXPLORATION_NOT_GAS_EVIDENCE,antmaze-medium-navigate-v0,44,908,0,4,2,2,pos,,0,,,
stage30_official_gas_keygraph_audit,OFFICIAL_GAS_KEYGRAPH_NODE_DIAGNOSTIC,ARCHIVED_INTERNAL_EXPLORATION_NOT_GAS_EVIDENCE,antmaze-medium-navigate-v0,44,909,0,4,2,2,pos,,0,,,
stage30_official_gas_keygraph_audit,OFFICIAL_GAS_KEYGRAPH_NODE_DIAGNOSTIC,ARCHIVED_INTERNAL_EXPLORATION_NOT_GAS_EVIDENCE,antmaze-medium-navigate-v0,44,910,0,4,2,2,pos,,0,,,
stage30_official_gas_keygraph_audit,OFFICIAL_GAS_KEYGRAPH_NODE_DIAGNOSTIC,ARCHIVED_INTERNAL_EXPLORATION_NOT_GAS_EVIDENCE,antmaze-medium-navigate-v0,44,911,0,2,1,1,pos,,0,,,
stage30_official_gas_keygraph_audit,OFFICIAL_GAS_KEYGRAPH_NODE_DIAGNOSTIC,ARCHIVED_INTERNAL_EXPLORATION_NOT_GAS_EVIDENCE,antmaze-medium-navigate-v0,44,912,0,38,19,19,pos,,0,,,
stage30_official_gas_keygraph_audit,OFFICIAL_GAS_KEYGRAPH_NODE_DIAGNOSTIC,ARCHIVED_INTERNAL_EXPLORATION_NOT_GAS_EVIDENCE,antmaze-medium-navigate-v0,44,913,0,2,1,1,pos,,0,,,
stage30_official_gas_keygraph_audit,OFFICIAL_GAS_KEYGRAPH_NODE_DIAGNOSTIC,ARCHIVED_INTERNAL_EXPLORATION_NOT_GAS_EVIDENCE,antmaze-medium-navigate-v0,44,914,0,6,3,3,pos,,0,,,
stage30_official_gas_keygraph_audit,OFFICIAL_GAS_KEYGRAPH_NODE_DIAGNOSTIC,ARCHIVED_INTERNAL_EXPLORATION_NOT_GAS_EVIDENCE,antmaze-medium-navigate-v0,44,915,0,34,17,17,pos,,0,,,
stage30_official_gas_keygraph_audit,OFFICIAL_GAS_KEYGRAPH_NODE_DIAGNOSTIC,ARCHIVED_INTERNAL_EXPLORATION_NOT_GAS_EVIDENCE,antmaze-medium-navigate-v0,44,916,0,6,3,3,pos,,0,,,
stage30_official_gas_keygraph_audit,OFFICIAL_GAS_KEYGRAPH_NODE_DIAGNOSTIC,ARCHIVED_INTERNAL_EXPLORATION_NOT_GAS_EVIDENCE,antmaze-medium-navigate-v0,44,917,0,4,2,2,pos,,0,,,
stage30_official_gas_keygraph_audit,OFFICIAL_GAS_KEYGRAPH_NODE_DIAGNOSTIC,ARCHIVED_INTERNAL_EXPLORATION_NOT_GAS_EVIDENCE,antmaze-medium-navigate-v0,44,918,0,52,26,26,pos,,0,,,
stage30_official_gas_keygraph_audit,OFFICIAL_GAS_KEYGRAPH_NODE_DIAGNOSTIC,ARCHIVED_INTERNAL_EXPLORATION_NOT_GAS_EVIDENCE,antmaze-medium-navigate-v0,44,919,0,36,18,18,pos,,0,,,
stage30_official_gas_keygraph_audit,OFFICIAL_GAS_KEYGRAPH_NODE_DIAGNOSTIC,ARCHIVED_INTERNAL_EXPLORATION_NOT_GAS_EVIDENCE,antmaze-medium-navigate-v0,44,920,0,4,2,2,pos,,0,,,
stage30_official_gas_keygraph_audit,OFFICIAL_GAS_KEYGRAPH_NODE_DIAGNOSTIC,ARCHIVED_INTERNAL_EXPLORATION_NOT_GAS_EVIDENCE,antmaze-medium-navigate-v0,44,921,0,68,34,34,pos,,0,,,
stage30_official_gas_keygraph_audit,OFFICIAL_GAS_KEYGRAPH_NODE_DIAGNOSTIC,ARCHIVED_INTERNAL_EXPLORATION_NOT_GAS_EVIDENCE,antmaze-medium-navigate-v0,44,922,1,20,10,10,pos,,0,,,
stage30_official_gas_keygraph_audit,OFFICIAL_GAS_KEYGRAPH_NODE_DIAGNOSTIC,ARCHIVED_INTERNAL_EXPLORATION_NOT_GAS_EVIDENCE,antmaze-medium-navigate-v0,44,923,1,22,11,11,pos,,0,,,
stage30_official_gas_keygraph_audit,OFFICIAL_GAS_KEYGRAPH_NODE_DIAGNOSTIC,ARCHIVED_INTERNAL_EXPLORATION_NOT_GAS_EVIDENCE,antmaze-medium-navigate-v0,44,924,1,32,16,16,pos,,0,,,
stage30_official_gas_keygraph_audit,OFFICIAL_GAS_KEYGRAPH_NODE_DIAGNOSTIC,ARCHIVED_INTERNAL_EXPLORATION_NOT_GAS_EVIDENCE,antmaze-medium-navigate-v0,44,925,1,46,23,23,pos,,0,,,
stage30_official_gas_keygraph_audit,OFFICIAL_GAS_KEYGRAPH_NODE_DIAGNOSTIC,ARCHIVED_INTERNAL_EXPLORATION_NOT_GAS_EVIDENCE,antmaze-medium-navigate-v0,44,926,1,30,15,15,pos,,0,,,
