edge_id,bank_edge_id,src,dst,repair_score,repair_reason,edge_action_mse,num_policy_eval_samples,edge_action_mse_ucb,direct_edge_policy_support_score,src_edge,dst_edge,is_repair_edge,num_unique_starts,num_unique_episodes,edge_bottleneck_score,median_h,num_segments,repair_reason_edge,planner_usage_count,used_by_planner,mean_endpoint_compatibility,support_group,bottleneck_group,horizon_group,compatibility_group,planner_usage_group
2743,250,9,179,4.614562773144822,low_compatibility_junction,0.0055310656818368,29,0.0325993967918414,0.8952777142059192,9,179,True,104,82,0.3901730212642237,1.0,104,low_compatibility_junction,0.0,False,,high_support,low_bottleneck,short_horizon,unknown,not_planner_used
2744,10736,498,179,4.607762622481107,low_compatibility_junction,0.005131809724844,28,0.0316663964796553,0.9024552319464784,498,179,True,96,73,0.3901730212642237,1.0,97,low_compatibility_junction,2.0,True,,high_support,low_bottleneck,short_horizon,unknown,planner_used
2745,4226,198,179,4.606598244333849,low_compatibility_junction,0.005842088527354,31,0.0327487175742489,0.8897259628785137,198,179,True,93,76,0.3901730212642237,1.0,93,low_compatibility_junction,0.0,False,,high_support,low_bottleneck,short_horizon,unknown,not_planner_used
2746,10441,483,179,4.556642730889783,low_compatibility_junction,0.0041610094957009,21,0.031750633216952,0.9201485174894816,483,179,True,52,35,0.3901730212642237,1.0,52,low_compatibility_junction,0.0,False,,high_support,low_bottleneck,short_horizon,unknown,not_planner_used
2747,1316,61,21,4.521547175684097,low_compatibility_junction,0.0055066582625096,44,0.0274333845764571,0.895714849262323,61,21,True,123,75,0.4564190951629047,1.0,124,low_compatibility_junction,2.0,True,,high_support,low_bottleneck,short_horizon,unknown,planner_used
2748,3826,179,43,4.503223756266469,low_compatibility_junction,0.0067343322651963,137,0.0204761143694688,0.8739897375720678,179,43,True,77,65,0.3901730212642237,2.0,232,low_compatibility_junction,0.0,False,,high_support,low_bottleneck,short_horizon,unknown,not_planner_used
2749,6606,302,21,4.500788208674888,low_compatibility_junction,0.0054653827052485,12,0.0472942146680655,0.8964545771381245,302,21,True,88,68,0.4564190951629047,1.0,89,low_compatibility_junction,0.0,False,,high_support,low_bottleneck,short_horizon,unknown,not_planner_used
2750,9051,418,179,4.490951657800575,low_compatibility_junction,0.0046253154287114,6,0.0590443864592151,0.911643459775884,418,179,True,20,19,0.3901730212642237,1.0,20,low_compatibility_junction,0.0,False,,high_support,low_bottleneck,short_horizon,unknown,not_planner_used
2751,3846,179,253,4.48066922243868,low_compatibility_junction,0.0063192072367101,101,0.0218225976421928,0.8812762441228066,179,253,True,58,52,0.3901730212642237,2.0,166,low_compatibility_junction,0.0,False,,high_support,low_bottleneck,short_horizon,unknown,not_planner_used
2752,3832,179,129,4.4769263050221815,low_compatibility_junction,0.0068345482276259,85,0.0244097983626538,0.8722397374832678,179,129,True,63,41,0.3901730212642237,2.0,165,low_compatibility_junction,1.0,True,,high_support,low_bottleneck,short_horizon,unknown,planner_used
2753,4153,195,21,4.47278101677828,low_compatibility_junction,0.0077050661377143,20,0.0461756926432986,0.8571851642494736,195,21,True,64,44,0.4564190951629047,1.0,64,low_compatibility_junction,0.0,False,,high_support,low_bottleneck,short_horizon,unknown,not_planner_used
2754,3856,179,313,4.471475776721903,low_compatibility_junction,0.0070169187769911,104,0.0231164276006291,0.8690641156008819,179,313,True,57,37,0.3901730212642237,2.0,161,low_compatibility_junction,0.0,False,,high_support,low_bottleneck,short_horizon,unknown,not_planner_used
2755,3842,179,245,4.449913810174477,low_compatibility_junction,0.0068002159289103,49,0.0298899740226316,0.872838863057688,179,245,True,43,36,0.3901730212642237,2.0,103,low_compatibility_junction,0.0,False,,high_support,low_bottleneck,short_horizon,unknown,not_planner_used
2756,3877,179,488,4.449828743983498,low_compatibility_junction,0.0064942012506245,67,0.0257908344440853,0.8781972739327014,179,488,True,45,26,0.3901730212642237,2.0,125,low_compatibility_junction,0.0,False,,high_support,low_bottleneck,short_horizon,unknown,not_planner_used
2757,3823,179,13,4.442951477379996,low_compatibility_junction,0.0077643328156889,176,0.0207825588819913,0.8561697158490169,179,13,True,120,83,0.3901730212642237,4.0,152,low_compatibility_junction,0.0,False,,high_support,low_bottleneck,short_horizon,unknown,not_planner_used
2758,3844,179,250,4.433097946339322,low_compatibility_junction,0.0064331068036456,3,0.0971954762028728,0.8792709893153721,179,250,True,9,9,0.3901730212642237,1.0,9,low_compatibility_junction,0.0,False,,low_support,low_bottleneck,short_horizon,unknown,not_planner_used
2759,3824,179,34,4.428809860546299,low_compatibility_junction,0.0066250419001341,294,0.0159291922730458,0.8759022000975023,179,34,True,123,98,0.3901730212642237,6.0,163,low_compatibility_junction,0.0,False,,high_support,low_bottleneck,short_horizon,unknown,not_planner_used
2760,3847,179,256,4.427320917521282,low_compatibility_junction,0.0063477657594289,274,0.0157816650587957,0.8807730288945365,179,256,True,117,95,0.3901730212642237,6.0,165,low_compatibility_junction,0.0,False,,high_support,low_bottleneck,short_horizon,unknown,not_planner_used
2761,3859,179,333,4.4196833409602005,low_compatibility_junction,0.0078972690398051,204,0.0200922030457114,0.8538964198374703,179,333,True,89,71,0.3901730212642237,5.0,151,low_compatibility_junction,0.0,False,,high_support,low_bottleneck,short_horizon,unknown,not_planner_used
2762,3864,179,392,4.415331566843526,low_compatibility_junction,0.0072838669490792,121,0.0224908964435643,0.8644365781778484,179,392,True,84,62,0.3901730212642237,4.0,103,low_compatibility_junction,0.0,False,,high_support,low_bottleneck,short_horizon,unknown,not_planner_used
2763,3873,179,472,4.408167927081979,low_compatibility_junction,0.0082663439443913,148,0.0229144659752954,0.8476165908306316,179,472,True,88,68,0.3901730212642237,5.0,110,low_compatibility_junction,0.0,False,,high_support,low_bottleneck,short_horizon,unknown,not_planner_used
2764,3858,179,322,4.402409983729413,low_compatibility_junction,0.0070796194630619,179,0.019405969974201,0.8679749803131523,179,322,True,77,53,0.3901730212642237,5.0,121,low_compatibility_junction,0.0,False,,high_support,low_bottleneck,short_horizon,unknown,not_planner_used
2765,3835,179,158,4.390752049287623,low_compatibility_junction,0.0068415622079265,138,0.0206420414523803,0.8721173886182711,179,158,True,67,48,0.3901730212642237,5.0,100,low_compatibility_junction,0.0,False,,high_support,low_bottleneck,short_horizon,unknown,not_planner_used
2766,516,21,141,4.387280020508721,low_compatibility_junction,0.0068280130005326,81,0.0248233809720469,0.8723537506294083,21,141,True,74,57,0.4564190951629047,2.0,163,low_compatibility_junction,0.0,False,,high_support,low_bottleneck,short_horizon,unknown,not_planner_used
2767,505,21,31,4.383516928981619,low_compatibility_junction,0.0058010216148215,63,0.0246088233713446,0.8904570290296219,21,31,True,72,57,0.4564190951629047,2.0,148,low_compatibility_junction,0.0,False,,high_support,low_bottleneck,short_horizon,unknown,not_planner_used
2768,3861,179,353,4.380526239692448,low_compatibility_junction,0.0075924075315652,174,0.0205394687907324,0.859118727473146,179,353,True,69,39,0.3901730212642237,6.0,107,low_compatibility_junction,0.0,False,,high_support,low_bottleneck,short_horizon,unknown,not_planner_used
2769,545,21,381,4.368233482356548,low_compatibility_junction,0.008070198746035,59,0.0309932370805926,0.8509482399144979,21,381,True,66,42,0.4564190951629047,2.0,122,low_compatibility_junction,0.0,False,,high_support,low_bottleneck,short_horizon,unknown,not_planner_used
2770,539,21,319,4.36349736095323,low_compatibility_junction,0.007767465436261,58,0.0304494859705128,0.856116076432051,21,319,True,57,42,0.4564190951629047,2.0,117,low_compatibility_junction,1.0,True,,high_support,low_bottleneck,short_horizon,unknown,planner_used
2771,7714,354,179,4.356689558497088,low_compatibility_junction,0.0066020334321265,73,0.0252415009243943,0.8763053562054063,354,179,True,62,13,0.3901730212642237,4.0,62,low_compatibility_junction,0.0,False,,high_support,low_bottleneck,short_horizon,unknown,not_planner_used
2772,509,21,74,4.353341636189724,low_compatibility_junction,0.006381525080845,108,0.0214478189401014,0.8801785436157752,21,74,True,105,77,0.4564190951629047,3.0,130,low_compatibility_junction,2.0,True,,high_support,low_bottleneck,short_horizon,unknown,planner_used
2773,3216,155,179,4.350522722550125,low_compatibility_junction,0.0067057215125875,170,0.0190156170448905,0.8744899907679093,155,179,True,90,13,0.3901730212642237,7.0,90,low_compatibility_junction,0.0,False,,high_support,low_bottleneck,long_horizon,unknown,not_planner_used
2774,547,21,409,4.3401391842900585,low_compatibility_junction,0.0060573638960098,6,0.0683335888176058,0.885903475962998,21,409,True,10,10,0.4564190951629047,1.0,10,low_compatibility_junction,0.0,False,,low_support,low_bottleneck,short_horizon,unknown,not_planner_used
2775,5566,257,179,4.334520208871834,low_compatibility_junction,0.0080636602690888,134,0.0232680776578717,0.8510595252996905,257,179,True,73,8,0.3901730212642237,6.0,73,low_compatibility_junction,0.0,False,,high_support,low_bottleneck,short_horizon,unknown,not_planner_used
2776,521,21,186,4.332560268644118,low_compatibility_junction,0.0023737007286399,1,0.0978661544574203,0.9536352534301158,21,186,True,9,9,0.4564190951629047,1.0,9,low_compatibility_junction,0.0,False,,low_support,low_bottleneck,short_horizon,unknown,not_planner_used
2777,10107,471,179,4.329193287703847,low_compatibility_junction,0.0074563722897293,101,0.0242970349457915,0.8614593185352097,471,179,True,57,8,0.3901730212642237,5.0,57,low_compatibility_junction,0.0,False,,high_support,low_bottleneck,short_horizon,unknown,not_planner_used
2778,3977,186,21,4.324182166092817,low_compatibility_junction,0.0087834497680887,2,0.1386728269878787,0.8388956157255266,186,21,True,8,8,0.4564190951629047,1.0,8,low_compatibility_junction,0.0,False,,low_support,low_bottleneck,short_horizon,unknown,not_planner_used
2779,5341,249,179,4.321376730016854,low_compatibility_junction,0.0092216103255529,68,0.0320463061313489,0.8315763134481118,249,179,True,52,7,0.3901730212642237,5.0,52,low_compatibility_junction,0.0,False,,high_support,low_bottleneck,short_horizon,unknown,not_planner_used
2780,518,21,156,4.320825323455551,low_compatibility_junction,0.0055162185297096,78,0.0219989620714638,0.8955436001688365,21,156,True,70,53,0.4564190951629047,3.0,83,low_compatibility_junction,1.0,True,,high_support,low_bottleneck,short_horizon,unknown,planner_used
2781,554,21,449,4.311124626065976,low_compatibility_junction,0.0067522195313358,136,0.0205627351730861,0.8736771277519696,21,449,True,78,54,0.4564190951629047,4.0,107,low_compatibility_junction,0.0,False,,high_support,low_bottleneck,short_horizon,unknown,not_planner_used
2782,4997,236,179,4.303030909794025,low_compatibility_junction,0.0091296256878965,59,0.0335109084653669,0.8331075664512884,236,179,True,49,5,0.3901730212642237,6.0,49,low_compatibility_junction,0.0,False,,high_support,low_bottleneck,short_horizon,unknown,not_planner_used
2783,4125,194,179,4.300741959513678,low_compatibility_junction,0.0081283614442994,75,0.028532907775749,0.8499589465114556,194,179,True,47,5,0.3901730212642237,6.0,47,low_compatibility_junction,0.0,False,,high_support,low_bottleneck,short_horizon,unknown,not_planner_used
2784,3872,179,471,4.293862596094396,low_compatibility_junction,0.0083186682374951,95,0.0266595905299684,0.8467300360163137,179,471,True,20,17,0.3901730212642237,8.0,43,low_compatibility_junction,0.0,False,,high_support,low_bottleneck,long_horizon,unknown,not_planner_used
2785,10039,467,179,4.291368916612115,low_compatibility_junction,0.0077482176177641,85,0.0264613941017924,0.8564457072117432,467,179,True,42,5,0.3901730212642237,6.5,42,low_compatibility_junction,0.0,False,,high_support,low_bottleneck,long_horizon,unknown,not_planner_used
2786,10867,506,179,4.266457318854401,low_compatibility_junction,0.0089308319911651,32,0.0416744784059947,0.8364264905493795,506,179,True,23,2,0.3901730212642237,4.0,23,low_compatibility_junction,0.0,False,,high_support,low_bottleneck,short_horizon,unknown,not_planner_used
2787,9691,446,179,4.262991531207003,low_compatibility_junction,0.0092032401378012,44,0.0375497836634144,0.8318818938405246,446,179,True,24,3,0.3901730212642237,5.0,24,low_compatibility_junction,0.0,False,,high_support,low_bottleneck,short_horizon,unknown,not_planner_used
2788,9004,416,179,4.254267444664918,low_compatibility_junction,0.0113069781446424,46,0.0420361199712745,0.7976067775882636,416,179,True,27,2,0.3901730212642237,6.0,27,low_compatibility_junction,0.0,False,,high_support,low_bottleneck,short_horizon,unknown,not_planner_used
2789,3840,179,236,4.250173561392115,low_compatibility_junction,0.0073094813047819,63,0.0284214666845091,0.863993851869105,179,236,True,10,9,0.3901730212642237,8.0,27,low_compatibility_junction,0.0,False,,low_support,low_bottleneck,long_horizon,unknown,not_planner_used
2790,10812,504,179,4.244850812067993,low_compatibility_junction,0.0057974580675363,45,0.0280443129824564,0.8905204950058025,504,179,True,19,6,0.3901730212642237,8.0,19,low_compatibility_junction,0.0,False,,high_support,low_bottleneck,long_horizon,unknown,not_planner_used
2791,3177,153,179,4.244395050504502,low_compatibility_junction,0.0051008222438949,42,0.0267007113155604,0.903014701580265,153,179,True,18,8,0.3901730212642237,9.0,18,low_compatibility_junction,0.0,False,,high_support,low_bottleneck,long_horizon,unknown,not_planner_used
2792,504,21,12,4.241832364300108,low_compatibility_junction,0.0062301429426768,89,0.0226288675877255,0.8828474480196387,21,12,True,37,26,0.4564190951629047,6.0,68,low_compatibility_junction,0.0,False,,high_support,low_bottleneck,short_horizon,unknown,not_planner_used
2793,10030,467,21,4.239575311566864,low_compatibility_junction,0.0073834735283691,176,0.0200783973319338,0.862716220924502,467,21,True,86,9,0.4564190951629047,7.0,86,low_compatibility_junction,0.0,False,,high_support,low_bottleneck,long_horizon,unknown,not_planner_used
2794,1581,75,179,4.236238483574368,low_compatibility_junction,0.0073640288527323,28,0.0391499496132651,0.8630517909124188,75,179,True,17,3,0.3901730212642237,6.0,17,low_compatibility_junction,0.0,False,,high_support,low_bottleneck,short_horizon,unknown,not_planner_used
2795,9151,423,179,4.234866244362878,low_compatibility_junction,0.0053383759655324,35,0.0295445765343297,0.8987345871414739,423,179,True,15,4,0.3901730212642237,6.0,15,low_compatibility_junction,0.0,False,,high_support,low_bottleneck,short_horizon,unknown,not_planner_used
2796,10099,471,21,4.2330269015855535,low_compatibility_junction,0.0066424412828099,93,0.0232069461607082,0.8755974499738969,471,21,True,59,9,0.4564190951629047,5.0,59,low_compatibility_junction,2.0,True,,high_support,low_bottleneck,short_horizon,unknown,planner_used
2797,3830,179,108,4.231774331067211,low_compatibility_junction,0.0101897240198344,44,0.0400168180919406,0.8156299819133894,179,108,True,8,8,0.3901730212642237,8.5,20,low_compatibility_junction,0.0,False,,low_support,low_bottleneck,long_horizon,unknown,not_planner_used
2798,3213,155,21,4.222792657551404,low_compatibility_junction,0.007074015768012,98,0.0237263855124679,0.8680722631064947,155,21,True,57,9,0.4564190951629047,6.0,57,low_compatibility_junction,0.0,False,,high_support,low_bottleneck,short_horizon,unknown,not_planner_used
2799,3829,179,75,4.222046753102874,low_compatibility_junction,0.0102199198786522,58,0.0362374352672722,0.8151375576644578,179,75,True,8,4,0.3901730212642237,9.0,24,low_compatibility_junction,0.0,False,,low_support,low_bottleneck,long_horizon,unknown,not_planner_used
2800,3870,179,446,4.221351863300145,low_compatibility_junction,0.0099489251340462,37,0.0420887340753341,0.819567511647853,179,446,True,7,7,0.3901730212642237,9.0,18,low_compatibility_junction,0.0,False,,low_support,low_bottleneck,long_horizon,unknown,not_planner_used
2801,4985,236,21,4.220295572348957,low_compatibility_junction,0.0077796991161526,47,0.0329964160151059,0.8559066330551462,236,21,True,41,7,0.4564190951629047,4.0,41,low_compatibility_junction,0.0,False,,high_support,low_bottleneck,short_horizon,unknown,not_planner_used
2802,7701,354,21,4.217708150800921,low_compatibility_junction,0.0070240433164144,80,0.0253896241690371,0.8689402907919793,354,21,True,52,6,0.4564190951629047,5.0,52,low_compatibility_junction,0.0,False,,high_support,low_bottleneck,short_horizon,unknown,not_planner_used
2803,3848,179,257,4.217112004898811,low_compatibility_junction,0.0095604002093231,35,0.0419540651297254,0.8259607669846661,179,257,True,7,7,0.3901730212642237,8.0,14,low_compatibility_junction,0.0,False,,low_support,low_bottleneck,long_horizon,unknown,not_planner_used
2804,2019,96,179,4.215745323736591,low_compatibility_junction,0.0121454130459919,38,0.0471859229698391,0.7843434654191641,96,179,True,15,3,0.3901730212642237,9.0,15,low_compatibility_junction,0.0,False,,high_support,low_bottleneck,long_horizon,unknown,not_planner_used
2805,3869,179,444,4.215745323736591,low_compatibility_junction,0.0117876229697786,36,0.0472540908579676,0.7899762009176281,179,444,True,7,7,0.3901730212642237,9.0,15,low_compatibility_junction,0.0,False,,low_support,low_bottleneck,long_horizon,unknown,not_planner_used
2806,10346,480,179,4.213490050598884,low_compatibility_junction,0.0065593267953954,25,0.0383072777952261,0.8770541570377935,480,179,True,13,4,0.3901730212642237,9.0,13,low_compatibility_junction,0.0,False,,high_support,low_bottleneck,long_horizon,unknown,not_planner_used
2807,5123,242,179,4.211730241083708,low_compatibility_junction,0.0054103024602817,37,0.0291112648831046,0.8974426600308881,242,179,True,13,3,0.3901730212642237,8.0,13,low_compatibility_junction,0.0,False,,high_support,low_bottleneck,long_horizon,unknown,not_planner_used
2808,3854,179,300,4.211716704107826,low_compatibility_junction,0.0106381105688342,32,0.0463747188828383,0.8083483304015517,179,300,True,8,8,0.3901730212642237,10.0,12,low_compatibility_junction,1.0,True,,low_support,low_bottleneck,long_horizon,unknown,planner_used
2809,7074,323,179,4.209121472651194,low_compatibility_junction,0.0063897843239828,30,0.0349945598338009,0.8800331634514786,323,179,True,11,5,0.3901730212642237,9.0,11,low_compatibility_junction,0.0,False,,low_support,low_bottleneck,long_horizon,unknown,not_planner_used
2810,3853,179,292,4.206193402385219,low_compatibility_junction,0.0104292311227402,37,0.0433357055867702,0.8117323410127298,179,292,True,7,7,0.3901730212642237,10.0,12,low_compatibility_junction,0.0,False,,low_support,low_bottleneck,long_horizon,unknown,not_planner_used
2811,3875,179,479,4.203582044012114,low_compatibility_junction,0.0096152148390602,36,0.0416472341174037,0.8250557684744947,179,479,True,7,7,0.3901730212642237,10.0,11,low_compatibility_junction,0.0,False,,low_support,low_bottleneck,long_horizon,unknown,not_planner_used
2812,10860,506,21,4.201050310276702,low_compatibility_junction,0.0090626132815876,56,0.0339964311023088,0.8342248858815157,506,21,True,41,5,0.4564190951629047,5.0,41,low_compatibility_junction,0.0,False,,high_support,low_bottleneck,short_horizon,unknown,not_planner_used
2813,3104,149,278,4.200582768938834,low_compatibility_junction,0.0077424448420177,498,0.0154706823402775,0.8565445943002976,149,278,True,112,22,0.5869552819932353,5.0,365,low_compatibility_junction,0.0,False,,high_support,high_bottleneck,short_horizon,unknown,not_planner_used
2814,3852,179,286,4.195480656018487,low_compatibility_junction,0.0073680785672667,26,0.0403629561557255,0.8629818914755522,179,286,True,5,5,0.3901730212642237,9.0,12,low_compatibility_junction,0.0,False,,low_support,low_bottleneck,long_horizon,unknown,not_planner_used
2815,5555,257,21,4.195153669977323,low_compatibility_junction,0.0052533625257349,63,0.0231513616507871,0.9002639773345984,257,21,True,40,5,0.4564190951629047,5.5,40,low_compatibility_junction,0.0,False,,high_support,low_bottleneck,short_horizon,unknown,not_planner_used
2816,4118,194,21,4.189317394340232,low_compatibility_junction,0.0081494323011221,70,0.0292975018273362,0.8496008347086377,194,21,True,42,6,0.4564190951629047,7.5,42,low_compatibility_junction,0.0,False,,high_support,low_bottleneck,long_horizon,unknown,not_planner_used
2817,3867,179,423,4.184293719979682,low_compatibility_junction,0.0094058155457699,31,0.0435465966660693,0.8285183359021968,179,423,True,5,4,0.3901730212642237,9.5,10,low_compatibility_junction,0.0,False,,low_support,low_bottleneck,long_horizon,unknown,not_planner_used
2818,3865,179,416,4.183332848816873,low_compatibility_junction,0.0107699727009543,34,0.0456537828375586,0.8062193282962136,179,416,True,4,3,0.3901730212642237,8.5,12,low_compatibility_junction,0.0,False,,low_support,low_bottleneck,long_horizon,unknown,not_planner_used
2819,5332,249,21,4.181858878255886,low_compatibility_junction,0.0102829924055739,69,0.0342101595572076,0.8141099502276871,249,21,True,40,3,0.4564190951629047,6.0,40,low_compatibility_junction,0.0,False,,high_support,low_bottleneck,short_horizon,unknown,not_planner_used
2820,542,21,354,4.181470599886541,low_compatibility_junction,0.0080417120415303,108,0.0249546265073786,0.851433192269509,21,354,True,15,12,0.4564190951629047,8.0,46,low_compatibility_junction,0.0,False,,high_support,low_bottleneck,long_horizon,unknown,not_planner_used
2821,3879,179,506,4.179087503515663,low_compatibility_junction,0.0108745460997202,28,0.049500803035665,0.8045349084590773,179,506,True,4,3,0.3901730212642237,9.0,11,low_compatibility_junction,1.0,True,,low_support,low_bottleneck,long_horizon,unknown,planner_used
2822,1576,75,21,4.1765936788613205,low_compatibility_junction,0.0093102286209944,55,0.0348110928738754,0.830103761275675,75,21,True,33,4,0.4564190951629047,6.0,33,low_compatibility_junction,0.0,False,,high_support,low_bottleneck,short_horizon,unknown,not_planner_used
2823,10337,480,21,4.176559493117523,low_compatibility_junction,0.0075357996163443,71,0.027728368255713,0.8600919366844276,480,21,True,31,8,0.4564190951629047,8.0,31,low_compatibility_junction,1.0,True,,high_support,low_bottleneck,long_horizon,unknown,planner_used
2824,522,21,193,4.173993749051386,low_compatibility_junction,0.0054981378950576,41,0.0281953207747559,0.8958674986612032,21,193,True,6,3,0.4564190951629047,3.0,31,low_compatibility_junction,0.0,False,,low_support,low_bottleneck,short_horizon,unknown,not_planner_used
2825,3866,179,422,4.171091413218776,low_compatibility_junction,0.0117650573189497,22,0.0570904687127991,0.7903328079245288,179,422,True,4,4,0.3901730212642237,9.0,7,low_compatibility_junction,0.0,False,,low_support,low_bottleneck,long_horizon,unknown,not_planner_used
2826,3862,179,354,4.169702001568964,low_compatibility_junction,0.0100981129022936,18,0.0565218320107234,0.8171257672834901,179,354,True,4,3,0.3901730212642237,9.0,8,low_compatibility_junction,0.0,False,,low_support,low_bottleneck,long_horizon,unknown,not_planner_used
2827,9711,447,149,4.166602104052633,low_compatibility_junction,0.0144079727936092,477,0.0251800218293092,0.7496420478816976,447,149,True,82,14,0.5869552819932353,6.0,282,low_compatibility_junction,0.0,False,,high_support,high_bottleneck,short_horizon,unknown,not_planner_used
2828,535,21,286,4.165909747714469,low_compatibility_junction,0.0090809590343771,87,0.0291054877361833,0.8339188523585587,21,286,True,14,11,0.4564190951629047,9.0,35,low_compatibility_junction,0.0,False,,high_support,low_bottleneck,long_horizon,unknown,not_planner_used
2829,524,21,235,4.163571278125477,low_compatibility_junction,0.0083184928404197,31,0.0404253316736513,0.8467330063009638,21,235,True,7,3,0.4564190951629047,4.0,39,low_compatibility_junction,0.0,False,,low_support,low_bottleneck,short_horizon,unknown,not_planner_used
2830,3838,179,194,4.160627349743981,low_compatibility_junction,0.0089493881844516,21,0.0494109923527947,0.8361161303114164,179,194,True,3,3,0.3901730212642237,9.0,7,low_compatibility_junction,1.0,True,,low_support,low_bottleneck,long_horizon,unknown,planner_used
2831,3118,149,457,4.156462474117117,low_compatibility_junction,0.0088561068831134,390,0.0181960706729416,0.8376774663071979,149,457,True,80,19,0.5869552819932353,7.0,205,low_compatibility_junction,2.0,True,,high_support,high_bottleneck,long_horizon,unknown,planner_used
2832,10231,475,179,4.154003498658585,low_compatibility_junction,0.0122637018328532,10,0.0809020562428251,0.7824900778930792,475,179,True,5,2,0.3901730212642237,9.0,5,low_compatibility_junction,0.0,False,,low_support,low_bottleneck,long_horizon,unknown,not_planner_used
2833,4360,202,21,4.153729766969714,low_compatibility_junction,0.0100664268166088,57,0.036113343076381,0.8176437617398694,202,21,True,27,2,0.4564190951629047,6.0,27,low_compatibility_junction,0.0,False,,high_support,low_bottleneck,short_horizon,unknown,not_planner_used
2834,8162,377,21,4.153729766969714,low_compatibility_junction,0.0096461944142356,50,0.0368700150357897,0.8245447292645529,377,21,True,27,2,0.4564190951629047,6.0,27,low_compatibility_junction,0.0,False,,high_support,low_bottleneck,short_horizon,unknown,not_planner_used
2835,4894,231,149,4.146217577586297,low_compatibility_junction,0.0120559509540454,308,0.0243185195374697,0.7857481018059481,231,149,True,44,16,0.5869552819932353,6.0,214,low_compatibility_junction,2.0,True,,high_support,high_bottleneck,short_horizon,unknown,planner_used
2836,511,21,108,4.146163661474689,low_compatibility_junction,0.0080181622117489,66,0.0296215331442281,0.8518343088593311,21,108,True,10,9,0.4564190951629047,9.0,27,low_compatibility_junction,0.0,False,,low_support,low_bottleneck,long_horizon,unknown,not_planner_used
2837,550,21,423,4.14497718296995,low_compatibility_junction,0.0099366511411582,56,0.0360451606406194,0.8197687236597749,21,423,True,10,9,0.4564190951629047,9.0,26,low_compatibility_junction,0.0,False,,low_support,low_bottleneck,long_horizon,unknown,not_planner_used
2838,3843,179,249,4.142780422245095,low_compatibility_junction,0.0122487987225343,14,0.0702235377858833,0.7827233433742508,179,249,True,2,2,0.3901730212642237,9.0,6,low_compatibility_junction,0.0,False,,low_support,low_bottleneck,long_horizon,unknown,not_planner_used
2839,9141,423,21,4.139125537153796,low_compatibility_junction,0.0071865851604478,47,0.0314230029634753,0.8661200941308712,423,21,True,16,3,0.4564190951629047,7.0,24,low_compatibility_junction,0.0,False,,high_support,low_bottleneck,long_horizon,unknown,not_planner_used
2840,552,21,444,4.137511342721203,low_compatibility_junction,0.0072854362067529,51,0.0307114698779897,0.8644094481289173,21,444,True,9,9,0.4564190951629047,9.0,22,low_compatibility_junction,0.0,False,,low_support,low_bottleneck,long_horizon,unknown,not_planner_used
2841,8999,416,21,4.131987173758816,low_compatibility_junction,0.0102891251954133,32,0.0454346722776451,0.8140101010467344,416,21,True,18,2,0.4564190951629047,6.0,18,low_compatibility_junction,0.0,False,,high_support,low_bottleneck,short_horizon,unknown,not_planner_used
2842,3878,179,492,4.130341174201091,low_compatibility_junction,0.0267961985830749,7,0.1480634809901263,0.5851283982405662,179,492,True,2,2,0.3901730212642237,9.5,4,low_compatibility_junction,0.0,False,,low_support,low_bottleneck,long_horizon,unknown,not_planner_used
2843,562,21,506,4.129005348313223,low_compatibility_junction,0.0104714507711226,60,0.0363645403519177,0.8110472092333019,21,506,True,7,5,0.4564190951629047,8.0,26,low_compatibility_junction,0.0,False,,low_support,low_bottleneck,long_horizon,unknown,not_planner_used
2844,9685,446,21,4.127065834796495,low_compatibility_junction,0.0102347014549498,30,0.0464367405822952,0.8148966129216102,446,21,True,14,2,0.4564190951629047,5.0,14,low_compatibility_junction,0.0,False,,high_support,low_bottleneck,short_horizon,unknown,not_planner_used
2845,531,21,257,4.110312524162151,low_compatibility_junction,0.0090179895297765,33,0.0414186575819939,0.8349697431005569,21,257,True,6,6,0.4564190951629047,8.0,14,low_compatibility_junction,0.0,False,,low_support,low_bottleneck,long_horizon,unknown,not_planner_used
2846,10805,504,21,4.108583794955991,low_compatibility_junction,0.0086763116198458,35,0.0395358638426874,0.8406950974251389,504,21,True,11,5,0.4564190951629047,9.0,11,low_compatibility_junction,0.0,False,,low_support,low_bottleneck,long_horizon,unknown,not_planner_used
2847,510,21,75,4.104722201587414,low_compatibility_junction,0.0091975257660333,65,0.0325124978400508,0.8319769729217603,21,75,True,5,4,0.4564190951629047,9.0,19,low_compatibility_junction,0.0,False,,low_support,low_bottleneck,long_horizon,unknown,not_planner_used
2848,2009,96,21,4.103564996342231,low_compatibility_junction,0.0063573203691648,33,0.0335615323481857,0.880604736123627,96,21,True,12,3,0.4564190951629047,9.0,12,low_compatibility_junction,0.0,False,,low_support,low_bottleneck,long_horizon,unknown,not_planner_used
2849,529,21,249,4.088504908004711,low_compatibility_junction,0.0253937318905771,38,0.0760610057753725,0.6017732066398093,21,249,True,4,2,0.4564190951629047,8.0,17,low_compatibility_junction,0.0,False,,low_support,low_bottleneck,long_horizon,unknown,not_planner_used
2850,549,21,422,4.088056738754017,low_compatibility_junction,0.0088580948192559,28,0.0437196869974958,0.8376441619830493,21,422,True,5,4,0.4564190951629047,9.0,11,low_compatibility_junction,0.0,False,,low_support,low_bottleneck,long_horizon,unknown,not_planner_used
2851,3109,149,327,4.0877115640007,low_compatibility_junction,0.082377807544121,121,0.133518723338393,0.1925198235872297,149,327,True,24,6,0.5869552819932353,5.0,79,low_compatibility_junction,0.0,False,,high_support,high_bottleneck,short_horizon,unknown,not_planner_used
2852,10000,464,21,4.087452761920472,low_compatibility_junction,0.0077771073832225,19,0.0474312275802381,0.8559509998331241,464,21,True,10,2,0.4564190951629047,9.0,10,low_compatibility_junction,0.0,False,,low_support,low_bottleneck,long_horizon,unknown,not_planner_used
2853,1399,64,21,4.085580799828652,low_compatibility_junction,0.0085362101610946,19,0.0500805459931852,0.8430540530031825,64,21,True,9,2,0.4564190951629047,8.0,9,low_compatibility_junction,1.0,True,,low_support,low_bottleneck,long_horizon,unknown,planner_used
2854,1170,54,149,4.079265273517148,low_compatibility_junction,0.0297995050448662,160,0.0565480772708232,0.5510167335355642,54,149,True,28,6,0.5869552819932353,7.0,85,low_compatibility_junction,0.0,False,,high_support,high_bottleneck,long_horizon,unknown,not_planner_used
2855,553,21,446,4.077563139384271,low_compatibility_junction,0.0104052259775926,32,0.0457485050927228,0.8121221496327072,21,446,True,3,3,0.4564190951629047,8.5,12,low_compatibility_junction,0.0,False,,low_support,low_bottleneck,long_horizon,unknown,not_planner_used
2856,8617,401,149,4.076739681583835,low_compatibility_junction,0.022181597391819,244,0.0408693711345821,0.6417015570158943,401,149,True,28,3,0.5869552819932353,7.0,118,low_compatibility_junction,2.0,True,,high_support,high_bottleneck,long_horizon,unknown,planner_used
2857,3099,149,231,4.075496809803047,low_compatibility_junction,0.0173090836202215,62,0.050058024907084,0.707383963286774,149,231,True,15,9,0.5869552819932353,4.0,39,low_compatibility_junction,1.0,True,,high_support,high_bottleneck,short_horizon,unknown,planner_used
2858,557,21,468,4.072656112606134,low_compatibility_junction,0.0080810338957235,25,0.0433197057287035,0.8507638568622665,21,468,True,3,2,0.4564190951629047,8.0,12,low_compatibility_junction,0.0,False,,low_support,low_bottleneck,long_horizon,unknown,not_planner_used
2859,525,21,236,4.070841855157696,low_compatibility_junction,0.0089441058924421,20,0.0503926747437341,0.8362044671686276,21,236,True,3,3,0.4564190951629047,8.0,9,low_compatibility_junction,0.0,False,,low_support,low_bottleneck,long_horizon,unknown,not_planner_used
2860,544,21,377,4.070817877312016,low_compatibility_junction,0.0084310190084025,23,0.0459570115206538,0.8448295565733202,21,377,True,3,2,0.4564190951629047,8.5,12,low_compatibility_junction,0.0,False,,low_support,low_bottleneck,long_horizon,unknown,not_planner_used
2861,7140,327,149,4.066213372977041,low_compatibility_junction,0.0337221185521533,3,0.2415256240005713,0.5094404201471131,327,149,True,7,4,0.5869552819932353,2.0,11,low_compatibility_junction,4.0,True,,low_support,high_bottleneck,short_horizon,unknown,planner_used
2862,538,21,310,4.057187030064108,low_compatibility_junction,0.0096734121034387,24,0.0490230096959228,0.8240960073638622,21,310,True,3,2,0.4564190951629047,9.0,8,low_compatibility_junction,0.0,False,,low_support,low_bottleneck,long_horizon,unknown,not_planner_used
2863,5116,242,21,4.053465820963381,low_compatibility_junction,0.0079931607802531,7,0.0742249253362645,0.8522603569109405,242,21,True,5,2,0.4564190951629047,9.0,5,low_compatibility_junction,0.0,False,,low_support,low_bottleneck,long_horizon,unknown,not_planner_used
2864,8914,412,21,4.053465820963381,low_compatibility_junction,0.0073774703566662,11,0.0581365180250098,0.8628198078149787,412,21,True,5,2,0.4564190951629047,9.0,5,low_compatibility_junction,0.0,False,,low_support,low_bottleneck,long_horizon,unknown,not_planner_used
2865,523,21,202,4.05007137012649,low_compatibility_junction,0.0098761489175053,18,0.055786819234672,0.8207612806709793,21,202,True,2,2,0.4564190951629047,8.0,7,low_compatibility_junction,0.0,False,,low_support,low_bottleneck,long_horizon,unknown,not_planner_used
2866,4307,200,149,4.049859132850534,low_compatibility_junction,0.0294582626229384,34,0.0871508714094761,0.5547902012548094,200,149,True,15,4,0.5869552819932353,4.0,29,low_compatibility_junction,0.0,False,,high_support,high_bottleneck,short_horizon,unknown,not_planner_used
2867,560,21,479,4.0479263923243005,low_compatibility_junction,0.0079861019145358,11,0.0607974377456044,0.8523806852328673,21,479,True,3,3,0.4564190951629047,10.0,5,low_compatibility_junction,0.0,False,,low_support,low_bottleneck,long_horizon,unknown,not_planner_used
2868,548,21,416,4.045714966772113,low_compatibility_junction,0.0062820631465001,14,0.0478007110941349,0.8819311714457159,21,416,True,2,2,0.4564190951629047,8.0,6,low_compatibility_junction,0.0,False,,low_support,low_bottleneck,long_horizon,unknown,not_planner_used
2869,558,21,471,4.045714966772113,low_compatibility_junction,0.0095818563796845,14,0.0608581802590877,0.8256064039242794,21,471,True,2,2,0.4564190951629047,8.0,6,low_compatibility_junction,0.0,False,,low_support,low_bottleneck,long_horizon,unknown,not_planner_used
2870,3114,149,394,4.026781437642274,low_compatibility_junction,0.0135328374979927,13,0.0767709397734948,0.7628783094791745,149,394,True,10,3,0.5869552819932353,3.0,11,low_compatibility_junction,0.0,False,,low_support,high_bottleneck,short_horizon,unknown,not_planner_used
2871,3111,149,376,4.02487719311415,low_compatibility_junction,,0,,0.0,149,376,True,5,2,0.5869552819932353,2.0,5,low_compatibility_junction,0.0,False,,low_support,high_bottleneck,short_horizon,unknown,not_planner_used
2872,6357,292,149,4.022612228081992,low_compatibility_junction,0.0084777761076111,8,0.0722823847724628,0.844039890268104,292,149,True,8,2,0.5869552819932353,2.5,8,low_compatibility_junction,0.0,False,,low_support,high_bottleneck,short_horizon,unknown,not_planner_used
2873,8450,391,149,4.021415804789646,low_compatibility_junction,0.0119620249347968,9,0.0834177726932797,0.7872255328903808,391,149,True,6,4,0.5869552819932353,3.0,11,low_compatibility_junction,0.0,False,,low_support,high_bottleneck,short_horizon,unknown,not_planner_used
2874,536,21,292,4.021207746145507,low_compatibility_junction,0.0060752401594072,5,0.0743960167890371,0.885586799698634,21,292,True,2,2,0.4564190951629047,10.0,3,low_compatibility_junction,0.0,False,,low_support,low_bottleneck,long_horizon,unknown,not_planner_used
2875,3113,149,391,4.017819811210906,low_compatibility_junction,0.0219110530994618,74,0.0556375968176406,0.6451831416228886,149,391,True,10,3,0.5869552819932353,8.0,44,low_compatibility_junction,0.0,False,,low_support,high_bottleneck,long_horizon,unknown,not_planner_used
2876,3080,149,14,4.015383185822063,low_compatibility_junction,0.0161640239963069,39,0.0560663774338124,0.7237708227091995,149,14,True,15,9,0.5869552819932353,10.0,19,low_compatibility_junction,0.0,False,,high_support,high_bottleneck,long_horizon,unknown,not_planner_used
2877,2656,130,149,4.011489764430598,low_compatibility_junction,0.0265508711544639,71,0.0644532339755648,0.5880064139355895,130,149,True,12,4,0.5869552819932353,8.0,27,low_compatibility_junction,0.0,False,,low_support,high_bottleneck,long_horizon,unknown,not_planner_used
2878,3088,149,102,4.0098375121907965,low_compatibility_junction,0.0086696749270634,61,0.0320361154831071,0.8408066935329728,149,102,True,13,6,0.5869552819932353,10.0,23,low_compatibility_junction,0.0,False,,high_support,high_bottleneck,long_horizon,unknown,not_planner_used
2879,7465,343,149,4.009055974890908,low_compatibility_junction,0.0139488768127193,64,0.0428846907926903,0.7565568981258627,343,149,True,10,3,0.5869552819932353,7.0,29,low_compatibility_junction,0.0,False,,low_support,high_bottleneck,long_horizon,unknown,not_planner_used
2880,5526,256,149,4.007189039088845,low_compatibility_junction,0.0076061966870578,56,0.0304488124026927,0.8588818297064544,256,149,True,10,5,0.5869552819932353,9.0,26,low_compatibility_junction,0.0,False,,low_support,high_bottleneck,long_horizon,unknown,not_planner_used
2881,3083,149,48,3.996317237494909,low_compatibility_junction,0.0092442671635321,7,0.0804710445674441,0.8311995810141932,149,48,True,3,2,0.5869552819932353,3.0,11,low_compatibility_junction,0.0,False,,low_support,high_bottleneck,short_horizon,unknown,not_planner_used
2882,1087,48,149,3.992163767285607,low_compatibility_junction,0.006047182410839,8,0.0599346298701953,0.8860838905933291,48,149,True,4,2,0.5869552819932353,3.0,8,low_compatibility_junction,0.0,False,,low_support,high_bottleneck,short_horizon,unknown,not_planner_used
2883,1887,89,149,3.990748037721741,low_compatibility_junction,0.0077854002759392,21,0.0455240969123074,0.85580904540933,89,149,True,5,2,0.5869552819932353,5.0,20,low_compatibility_junction,0.0,False,,low_support,high_bottleneck,short_horizon,unknown,not_planner_used
2884,10892,507,149,3.9797488919130086,low_compatibility_junction,0.0436025916443516,45,0.1046132858000015,0.4180928119747828,507,149,True,8,3,0.5869552819932353,9.0,17,low_compatibility_junction,0.0,False,,low_support,high_bottleneck,long_horizon,unknown,not_planner_used
2885,3102,149,269,3.978730669628579,low_compatibility_junction,0.0125960100097775,24,0.0574981406448049,0.7773067645218691,149,269,True,10,6,0.5869552819932353,10.0,10,low_compatibility_junction,0.0,False,,low_support,high_bottleneck,long_horizon,unknown,not_planner_used
2886,10607,491,149,3.973515732910672,low_compatibility_junction,0.0126614088367205,44,0.045909808725473,0.776290730129805,491,149,True,5,2,0.5869552819932353,8.0,21,low_compatibility_junction,0.0,False,,low_support,high_bottleneck,long_horizon,unknown,not_planner_used
2887,5913,271,14,3.971807310371943,low_compatibility_junction,0.0092228162691407,210,0.0222118906119675,0.8315562570075232,271,14,True,125,65,0.4491434403004862,2.0,241,low_compatibility_junction,1.0,True,,high_support,low_bottleneck,short_horizon,unknown,planner_used
2888,3115,149,395,3.966627864637894,low_compatibility_junction,0.0563367392113875,21,0.1578545578102416,0.3240897536130637,149,395,True,4,3,0.5869552819932353,6.0,11,low_compatibility_junction,2.0,True,,low_support,high_bottleneck,short_horizon,unknown,planner_used
2889,3089,149,104,3.9633746648115946,low_compatibility_junction,0.013218211941421,28,0.0558038747678109,0.7676938648116746,149,104,True,7,4,0.5869552819932353,10.0,10,low_compatibility_junction,0.0,False,,low_support,high_bottleneck,long_horizon,unknown,not_planner_used
2890,9881,457,271,3.9356567194399807,low_compatibility_junction,0.0082327631875774,556,0.0157748493088086,0.8481860541714883,457,271,True,263,44,0.4491434403004862,4.0,419,low_compatibility_junction,1.0,True,,high_support,low_bottleneck,short_horizon,unknown,planner_used
2891,3119,149,510,3.9242605200550367,low_compatibility_junction,0.0075038662269854,13,0.0545936760813702,0.860641425150013,149,510,True,2,2,0.5869552819932353,8.0,7,low_compatibility_junction,0.0,False,,low_support,high_bottleneck,long_horizon,unknown,not_planner_used
2892,8477,392,149,3.915370280180592,low_compatibility_junction,0.0076391309308486,14,0.053423162289226,0.8583162835139229,392,149,True,3,2,0.5869552819932353,10.0,5,low_compatibility_junction,0.0,False,,low_support,high_bottleneck,long_horizon,unknown,not_planner_used
2893,1731,82,271,3.9085691225890207,low_compatibility_junction,0.0093867242279265,497,0.0179046706976085,0.8288347464430897,82,271,True,214,32,0.4491434403004862,5.0,388,low_compatibility_junction,0.0,False,,high_support,low_bottleneck,short_horizon,unknown,not_planner_used
2894,4776,226,259,3.90171592161158,low_compatibility_junction,0.0240777220131586,23,0.0874938689371463,0.617822277178899,226,259,True,68,46,1.265261094679104,1.0,69,low_compatibility_junction,0.0,False,,high_support,high_bottleneck,short_horizon,unknown,not_planner_used
2895,9606,442,271,3.893787901607129,low_compatibility_junction,0.0076667516072856,131,0.0226610489900971,0.8578422689250625,442,271,True,131,26,0.4491434403004862,3.0,145,low_compatibility_junction,0.0,False,,high_support,low_bottleneck,short_horizon,unknown,not_planner_used
2896,5960,271,442,3.892679890441264,low_compatibility_junction,0.0089087909824835,339,0.0189564666317924,0.8367952855003289,271,442,True,72,37,0.4491434403004862,4.0,319,low_compatibility_junction,0.0,False,,high_support,low_bottleneck,short_horizon,unknown,not_planner_used
2897,7917,363,271,3.886612915958645,low_compatibility_junction,0.0104180366489539,445,0.0199015444613808,0.8119140996871569,363,271,True,216,26,0.4491434403004862,6.0,293,low_compatibility_junction,0.0,False,,high_support,low_bottleneck,short_horizon,unknown,not_planner_used
2898,5924,271,104,3.881913272406442,low_compatibility_junction,0.0079093345452442,283,0.018271077783202,0.8536903908589487,271,104,True,59,34,0.4491434403004862,4.0,280,low_compatibility_junction,0.0,False,,high_support,low_bottleneck,short_horizon,unknown,not_planner_used
2899,425,14,271,3.880802321796888,low_compatibility_junction,0.0065791420337311,171,0.0187365963775289,0.8767066451595493,14,271,True,140,52,0.4491434403004862,5.0,159,low_compatibility_junction,0.0,False,,high_support,low_bottleneck,short_horizon,unknown,not_planner_used
2900,2156,104,271,3.879009083533124,low_compatibility_junction,0.0067781567549385,106,0.0224514024934249,0.8732240301026992,104,271,True,114,22,0.4491434403004862,3.0,114,low_compatibility_junction,0.0,False,,high_support,low_bottleneck,short_horizon,unknown,not_planner_used
2901,5943,271,269,3.875688180007994,low_compatibility_junction,0.0099283653361701,220,0.0230952674145965,0.8199045837921609,271,269,True,66,33,0.4491434403004862,4.0,218,low_compatibility_junction,0.0,False,,high_support,low_bottleneck,short_horizon,unknown,not_planner_used
2902,5888,269,271,3.87563882855321,low_compatibility_junction,0.0059340028543019,82,0.022607358759314,0.8880918940211522,269,271,True,103,24,0.4491434403004862,3.0,104,low_compatibility_junction,0.0,False,,high_support,low_bottleneck,short_horizon,unknown,not_planner_used
2903,5948,271,359,3.8551618999243815,low_compatibility_junction,0.0089897405040943,219,0.0215473678722149,0.8354416180224062,271,359,True,42,28,0.4491434403004862,4.0,179,low_compatibility_junction,0.0,False,,high_support,low_bottleneck,short_horizon,unknown,not_planner_used
2904,4271,199,278,3.850170556114398,low_compatibility_junction,0.0093521815176755,869,0.0157820582467143,0.8294075482514246,199,278,True,99,15,0.6037988148838994,6.0,497,low_compatibility_junction,0.0,False,,high_support,high_bottleneck,short_horizon,unknown,not_planner_used
2905,5936,271,192,3.8469810060758673,low_compatibility_junction,0.0098761797943301,94,0.0299664898058909,0.8207607738210906,271,192,True,62,40,0.4491434403004862,4.0,82,low_compatibility_junction,2.0,True,,high_support,low_bottleneck,short_horizon,unknown,planner_used
2906,2795,136,271,3.843624938185749,low_compatibility_junction,0.0141272917896618,85,0.0393955942162118,0.7538620873006439,136,271,True,50,18,0.4491434403004862,3.0,79,low_compatibility_junction,0.0,False,,high_support,low_bottleneck,short_horizon,unknown,not_planner_used
2907,8147,376,271,3.839881935588682,low_compatibility_junction,0.0087948928067977,272,0.0199400678718259,0.8387036473933038,376,271,True,134,19,0.4491434403004862,7.0,146,low_compatibility_junction,0.0,False,,high_support,low_bottleneck,long_horizon,unknown,not_planner_used
2908,5963,271,511,3.8233801653859896,low_compatibility_junction,0.0109738628503644,153,0.0275731760745938,0.8029384187079792,271,511,True,26,19,0.4491434403004862,4.0,123,low_compatibility_junction,0.0,False,,high_support,low_bottleneck,short_horizon,unknown,not_planner_used
2909,6072,278,271,3.820182268820077,low_compatibility_junction,0.0100154498196878,208,0.0236160988474903,0.8184778073095004,278,271,True,82,19,0.4491434403004862,7.0,113,low_compatibility_junction,0.0,False,,high_support,low_bottleneck,long_horizon,unknown,not_planner_used
2910,4100,192,271,3.820036098730901,low_compatibility_junction,0.0087771244785364,17,0.0533127687600923,0.8390017475920047,192,271,True,30,20,0.4491434403004862,2.5,30,low_compatibility_junction,1.0,True,,high_support,low_bottleneck,short_horizon,unknown,planner_used
2911,8703,404,421,3.814549952339052,low_compatibility_junction,0.017640817716879,658,0.0277893323147303,0.7027062304795089,404,421,True,83,11,0.4954000961047544,6.0,369,low_compatibility_junction,0.0,False,,high_support,low_bottleneck,short_horizon,unknown,not_planner_used
2912,4684,219,404,3.8065507993707857,low_compatibility_junction,0.0100627546859186,512,0.0187519494847929,0.8177038138400561,219,404,True,76,12,0.4954000961047544,6.0,290,low_compatibility_junction,0.0,False,,high_support,low_bottleneck,short_horizon,unknown,not_planner_used
2913,7287,333,199,3.8029299023015626,low_compatibility_junction,0.0098665015384332,438,0.0191690214884357,0.820919659853974,333,199,True,49,25,0.6037988148838994,8.0,186,low_compatibility_junction,0.0,False,,high_support,high_bottleneck,long_horizon,unknown,not_planner_used
2914,11010,511,271,3.798956834079759,low_compatibility_junction,0.0063318626036764,18,0.0430927138952665,0.8810532148638089,511,271,True,20,6,0.4491434403004862,2.0,21,low_compatibility_junction,0.0,False,,high_support,low_bottleneck,short_horizon,unknown,not_planner_used
2915,9272,427,404,3.7989208587478567,low_compatibility_junction,0.0098685572953531,498,0.0185936135034813,0.8208859083223999,427,404,True,94,10,0.4954000961047544,7.0,267,low_compatibility_junction,0.0,False,,high_support,low_bottleneck,long_horizon,unknown,not_planner_used
2916,4281,199,372,3.7983125753500016,low_compatibility_junction,0.0180772826454272,158,0.0390422457334639,0.6965987935885474,199,372,True,42,11,0.6037988148838994,4.0,120,low_compatibility_junction,0.0,False,,high_support,high_bottleneck,short_horizon,unknown,not_planner_used
2917,7807,359,271,3.7962190074873634,low_compatibility_junction,0.0060267799987438,48,0.0279890952812028,0.8864455293450755,359,271,True,49,11,0.4491434403004862,4.0,49,low_compatibility_junction,0.0,False,,high_support,low_bottleneck,short_horizon,unknown,not_planner_used
2918,5923,271,102,3.7868849143652463,low_compatibility_junction,0.0076037588375832,77,0.0270808849324428,0.8589237072197038,271,102,True,16,13,0.4491434403004862,4.0,72,low_compatibility_junction,0.0,False,,high_support,low_bottleneck,short_horizon,unknown,not_planner_used
2919,5926,271,136,3.785270788466311,low_compatibility_junction,0.0092899708771382,79,0.0305444125936045,0.8304401500032407,271,136,True,45,18,0.4491434403004862,7.0,61,low_compatibility_junction,0.0,False,,high_support,low_bottleneck,long_horizon,unknown,not_planner_used
2920,9467,436,271,3.7777639723283936,low_compatibility_junction,0.0105156087580447,150,0.0269263293607289,0.8103312411957404,436,271,True,50,15,0.4491434403004862,9.0,65,low_compatibility_junction,1.0,True,,high_support,low_bottleneck,long_horizon,unknown,planner_used
2921,7214,330,259,3.776289562627303,low_compatibility_junction,0.0535190378101255,146,0.0910451689477758,0.3428779396589089,330,259,True,125,48,1.265261094679104,3.0,155,low_compatibility_junction,0.0,False,,high_support,high_bottleneck,short_horizon,unknown,not_planner_used
2922,9132,422,199,3.7717199662957226,low_compatibility_junction,0.0131207003902421,176,0.0300437351591791,0.7691925060767901,422,199,True,29,9,0.6037988148838994,5.0,115,low_compatibility_junction,0.0,False,,high_support,high_bottleneck,short_horizon,unknown,not_planner_used
2923,5530,256,199,3.768421212963583,low_compatibility_junction,0.0071468003505722,243,0.0177762005726595,0.8668095368534617,256,199,True,26,24,0.6037988148838994,8.0,103,low_compatibility_junction,0.0,False,,high_support,high_bottleneck,long_horizon,unknown,not_planner_used
2924,659,25,271,3.766248725827329,low_compatibility_junction,0.0061963663261849,20,0.040695613331498,0.883444041499495,25,271,True,21,6,0.4491434403004862,3.0,27,low_compatibility_junction,0.0,False,,high_support,low_bottleneck,short_horizon,unknown,not_planner_used
2925,5654,259,211,3.764236523576969,low_compatibility_junction,,0,,0.0,259,211,True,10,10,1.265261094679104,1.0,10,low_compatibility_junction,0.0,False,,low_support,high_bottleneck,short_horizon,unknown,not_planner_used
2926,2177,106,259,3.761125690284824,low_compatibility_junction,0.0270671449047354,176,0.0513735628593471,0.5819662060779489,106,259,True,155,43,1.265261094679104,4.0,171,low_compatibility_junction,0.0,False,,high_support,high_bottleneck,short_horizon,unknown,not_planner_used
2927,5925,271,130,3.753528338042897,low_compatibility_junction,0.010557256454523,124,0.0286423502086156,0.8096565536349729,271,130,True,26,19,0.4491434403004862,10.0,45,low_compatibility_junction,0.0,False,,high_support,low_bottleneck,long_horizon,unknown,not_planner_used
2928,4293,199,482,3.75015436961276,low_compatibility_junction,0.0282832801874194,28,0.0905766670090874,0.5679819699853239,199,482,True,20,6,0.6037988148838994,3.0,35,low_compatibility_junction,0.0,False,,high_support,high_bottleneck,short_horizon,unknown,not_planner_used
2929,8073,372,199,3.74996081654164,low_compatibility_junction,0.005207063566724,11,0.0478508901453283,0.9010979891134898,372,199,True,9,5,0.6037988148838994,2.0,18,low_compatibility_junction,0.0,False,,low_support,high_bottleneck,short_horizon,unknown,not_planner_used
2930,480,18,404,3.747289438086398,low_compatibility_junction,0.0125899743328898,145,0.0308534946713489,0.7774006016349259,18,404,True,37,6,0.4954000961047544,5.0,94,low_compatibility_junction,0.0,False,,high_support,low_bottleneck,short_horizon,unknown,not_planner_used
2931,1431,65,259,3.745884316553698,low_compatibility_junction,0.087552108638245,207,0.1278613109383517,0.1735929353165885,65,259,True,101,35,1.265261094679104,4.0,168,low_compatibility_junction,3.0,True,,high_support,high_bottleneck,short_horizon,unknown,planner_used
2932,6329,291,271,3.742416550321205,low_compatibility_junction,0.0114853225594119,89,0.0337508335382494,0.7947668711344424,291,271,True,29,13,0.4491434403004862,9.0,35,low_compatibility_junction,0.0,False,,high_support,low_bottleneck,long_horizon,unknown,not_planner_used
2933,8696,404,345,3.7419662758497982,low_compatibility_junction,0.0215758520694943,149,0.045161451320193,0.6495229936692992,404,345,True,28,6,0.4954000961047544,5.0,97,low_compatibility_junction,0.0,False,,high_support,low_bottleneck,short_horizon,unknown,not_planner_used
2934,8685,404,242,3.73891342352922,low_compatibility_junction,0.0237657202386363,169,0.0470085076124393,0.6216895635687402,404,242,True,32,6,0.4954000961047544,6.0,104,low_compatibility_junction,0.0,False,,high_support,low_bottleneck,short_horizon,unknown,not_planner_used
2935,8549,395,271,3.737734810313579,low_compatibility_junction,0.0112120067020512,102,0.031761336385933,0.799123214640248,395,271,True,20,6,0.4491434403004862,7.0,51,low_compatibility_junction,1.0,True,,high_support,low_bottleneck,long_horizon,unknown,planner_used
2936,8708,404,482,3.735888306558912,low_compatibility_junction,0.0172958056130683,295,0.0323035512791177,0.7075718412186064,404,482,True,30,4,0.4954000961047544,7.0,152,low_compatibility_junction,0.0,False,,high_support,low_bottleneck,long_horizon,unknown,not_planner_used
2937,18,0,404,3.731553152964081,low_compatibility_junction,0.0066002213675852,36,0.0331391918772774,0.8763371152181639,0,404,True,14,5,0.4954000961047544,3.0,45,low_compatibility_junction,0.0,False,,high_support,low_bottleneck,short_horizon,unknown,not_planner_used
2938,377,13,199,3.728673972849842,low_compatibility_junction,0.0088656827984022,118,0.0258548136802791,0.8375170510997778,13,199,True,19,16,0.6037988148838994,9.0,55,low_compatibility_junction,0.0,False,,high_support,high_bottleneck,long_horizon,unknown,not_planner_used
2939,5944,271,293,3.724458105280189,low_compatibility_junction,0.008258917883429,31,0.0402505795697342,0.8477424892292155,271,293,True,8,6,0.4491434403004862,4.0,27,low_compatibility_junction,1.0,True,,low_support,low_bottleneck,short_horizon,unknown,planner_used
2940,8691,404,308,3.7240568213992384,low_compatibility_junction,0.0271610928102372,195,0.0502930502960882,0.5808737426232163,404,308,True,24,5,0.4954000961047544,7.0,108,low_compatibility_junction,0.0,False,,high_support,low_bottleneck,long_horizon,unknown,not_planner_used
2941,4269,199,242,3.723476793476906,low_compatibility_junction,0.0268318602328281,131,0.0548826966180715,0.5847112141530061,199,242,True,18,4,0.6037988148838994,6.0,77,low_compatibility_junction,0.0,False,,high_support,high_bottleneck,short_horizon,unknown,not_planner_used
2942,5914,271,25,3.723282866914539,low_compatibility_junction,0.0071919104694167,42,0.0328399138537475,0.866027851901035,271,25,True,18,13,0.4491434403004862,8.0,24,low_compatibility_junction,0.0,False,,high_support,low_bottleneck,long_horizon,unknown,not_planner_used
2943,8795,408,271,3.7224606767974087,low_compatibility_junction,0.0103946518555114,22,0.0529985860358473,0.8122939173700988,408,271,True,10,3,0.4491434403004862,3.0,17,low_compatibility_junction,0.0,False,,low_support,low_bottleneck,short_horizon,unknown,not_planner_used
2944,1096,48,271,3.720932343577995,low_compatibility_junction,0.0110998125344422,81,0.0340439314001208,0.8009183672211977,48,271,True,27,5,0.4491434403004862,9.0,35,low_compatibility_junction,0.0,False,,high_support,low_bottleneck,long_horizon,unknown,not_planner_used
2945,3195,153,404,3.720127244403781,low_compatibility_junction,0.0025090391652404,11,0.0321105207884598,0.9510574736451112,153,404,True,7,3,0.4954000961047544,2.0,18,low_compatibility_junction,0.0,False,,low_support,low_bottleneck,short_horizon,unknown,not_planner_used
2946,2636,129,199,3.717750906587222,low_compatibility_junction,0.0104299041198409,113,0.0292601940820272,0.8117214152160181,129,199,True,23,13,0.6037988148838994,10.0,43,low_compatibility_junction,0.0,False,,high_support,high_bottleneck,long_horizon,unknown,not_planner_used
2947,4279,199,334,3.717526517462293,low_compatibility_junction,0.0216583782132468,68,0.0566379574963609,0.6484518253474615,199,334,True,13,5,0.6037988148838994,5.0,54,low_compatibility_junction,0.0,False,,high_support,high_bottleneck,short_horizon,unknown,not_planner_used
2948,8517,394,271,3.717152072976912,low_compatibility_junction,0.008904155633788,57,0.0334012747922926,0.8368728658550938,394,271,True,22,7,0.4491434403004862,8.0,26,low_compatibility_junction,0.0,False,,high_support,low_bottleneck,long_horizon,unknown,not_planner_used
2949,4290,199,457,3.7136412839634407,low_compatibility_junction,0.0119863992319248,96,0.0338874435585665,0.7868418650334137,199,457,True,26,7,0.6037988148838994,8.0,43,low_compatibility_junction,0.0,False,,high_support,high_bottleneck,long_horizon,unknown,not_planner_used
2950,4591,215,271,3.7134806833932537,low_compatibility_junction,0.0078886757837608,6,0.0789580513859329,0.8540431874606464,215,271,True,9,2,0.4491434403004862,3.0,17,low_compatibility_junction,0.0,False,,low_support,low_bottleneck,short_horizon,unknown,not_planner_used
2951,10414,482,199,3.712560456555,low_compatibility_junction,0.0329194444450823,17,0.1191691973109613,0.5176847105633515,482,199,True,12,3,0.6037988148838994,3.0,23,low_compatibility_junction,0.0,False,,low_support,high_bottleneck,short_horizon,unknown,not_planner_used
2952,8084,372,404,3.7115723835443832,low_compatibility_junction,0.0105104555611263,91,0.0315747125856656,0.8104147614287289,372,404,True,14,6,0.4954000961047544,5.0,61,low_compatibility_junction,1.0,True,,high_support,low_bottleneck,short_horizon,unknown,planner_used
2953,1444,66,404,3.707572444059232,low_compatibility_junction,0.0077156948968614,121,0.0233670126709122,0.8570029673223265,66,404,True,19,2,0.4954000961047544,5.0,81,low_compatibility_junction,0.0,False,,high_support,low_bottleneck,short_horizon,unknown,not_planner_used
2954,8669,404,18,3.707179387846108,low_compatibility_junction,0.0144094378516382,49,0.0480204468749989,0.7496200828214787,404,18,True,16,4,0.4954000961047544,4.0,42,low_compatibility_junction,0.0,False,,high_support,low_bottleneck,short_horizon,unknown,not_planner_used
2955,4287,199,420,3.706814260847642,low_compatibility_junction,0.0065106353358714,32,0.034467777036542,0.8779086739867915,199,420,True,20,3,0.6037988148838994,4.0,26,low_compatibility_junction,0.0,False,,high_support,high_bottleneck,short_horizon,unknown,not_planner_used
2956,4255,199,97,3.706782890421164,low_compatibility_junction,0.0082421915001708,141,0.0232275751276056,0.8480261299849933,199,97,True,14,2,0.6037988148838994,6.0,79,low_compatibility_junction,0.0,False,,high_support,high_bottleneck,short_horizon,unknown,not_planner_used
2957,4280,199,363,3.702177879545464,low_compatibility_junction,0.0106225777381601,130,0.0283399517923555,0.8085994881662787,199,363,True,13,2,0.6037988148838994,6.0,72,low_compatibility_junction,0.0,False,,high_support,high_bottleneck,short_horizon,unknown,not_planner_used
2958,9116,421,199,3.701391963680957,low_compatibility_junction,0.0098080941250373,40,0.0404996134710811,0.8218791760522149,421,199,True,10,4,0.6037988148838994,4.0,30,low_compatibility_junction,0.0,False,,low_support,high_bottleneck,short_horizon,unknown,not_planner_used
2959,7325,334,404,3.7011515916825775,low_compatibility_junction,0.0062749106178267,9,0.0580282751133335,0.882057341229666,334,404,True,8,2,0.4954000961047544,2.0,11,low_compatibility_junction,0.0,False,,low_support,low_bottleneck,short_horizon,unknown,not_planner_used
2960,767,31,199,3.699264906982288,low_compatibility_junction,0.0101429280382581,75,0.0329362230616554,0.8163937033607234,31,199,True,20,9,0.6037988148838994,10.0,34,low_compatibility_junction,0.0,False,,high_support,high_bottleneck,long_horizon,unknown,not_planner_used
2961,1503,69,404,3.698789057954284,low_compatibility_junction,0.00958231998991,85,0.0303927926004345,0.8255987487683488,69,404,True,30,3,0.4954000961047544,6.0,47,low_compatibility_junction,0.0,False,,high_support,low_bottleneck,short_horizon,unknown,not_planner_used
2962,1468,68,271,3.6978213973014418,low_compatibility_junction,0.004978817460748,3,0.0848258068784456,0.9052208343300154,68,271,True,3,2,0.4491434403004862,2.0,5,low_compatibility_junction,0.0,False,,low_support,low_bottleneck,short_horizon,unknown,not_planner_used
2963,8195,380,271,3.696722344888514,low_compatibility_junction,0.0143222370692952,33,0.0551546016559748,0.7509285726568357,380,271,True,20,2,0.4491434403004862,6.5,24,low_compatibility_junction,0.0,False,,high_support,low_bottleneck,long_horizon,unknown,not_planner_used
2964,7223,330,404,3.6962782109310286,low_compatibility_junction,0.0186622366140526,107,0.0445471090006877,0.6884967148523767,330,404,True,18,8,0.4954000961047544,9.0,53,low_compatibility_junction,0.0,False,,high_support,low_bottleneck,long_horizon,unknown,not_planner_used
2965,5953,271,408,3.694298856936656,low_compatibility_junction,0.010741492715897,50,0.0394693601680383,0.8066786813959441,271,408,True,10,5,0.4491434403004862,8.0,27,low_compatibility_junction,0.0,False,,low_support,low_bottleneck,long_horizon,unknown,not_planner_used
2966,6219,286,199,3.69421916473192,low_compatibility_junction,0.0057532380343656,54,0.0259841454639045,0.8913084202918354,286,199,True,12,3,0.6037988148838994,5.0,37,low_compatibility_junction,0.0,False,,low_support,high_bottleneck,short_horizon,unknown,not_planner_used
2967,5938,271,201,3.6920822475470416,low_compatibility_junction,0.0881588979804467,31,0.1926810398670846,0.1714989800526089,271,201,True,6,3,0.4491434403004862,4.5,22,low_compatibility_junction,0.0,False,,low_support,low_bottleneck,short_horizon,unknown,not_planner_used
2968,5652,259,201,3.691075570463623,low_compatibility_junction,0.0133851381251588,4,0.126765412667967,0.7651351741702185,259,201,True,3,3,1.265261094679104,1.0,4,low_compatibility_junction,0.0,False,,low_support,high_bottleneck,short_horizon,unknown,not_planner_used
2969,2188,106,404,3.689763396271334,low_compatibility_junction,0.0195859281799608,95,0.047728666178681,0.6758943084570247,106,404,True,18,9,0.4954000961047544,9.0,40,low_compatibility_junction,0.0,False,,high_support,low_bottleneck,long_horizon,unknown,not_planner_used
2970,633,23,474,3.687139338694639,low_compatibility_junction,0.0255958869344201,887,0.0361246984952304,0.5993450887308314,23,474,True,115,20,0.4843299268618116,8.0,412,low_compatibility_junction,0.0,False,,high_support,low_bottleneck,long_horizon,unknown,not_planner_used
2971,5655,259,219,3.686230911767056,low_compatibility_junction,0.0118988488102331,77,0.0362636673869805,0.7882208387201266,259,219,True,21,14,1.265261094679104,3.0,80,low_compatibility_junction,0.0,False,,high_support,high_bottleneck,short_horizon,unknown,not_planner_used
2972,3180,153,199,3.685265746695427,low_compatibility_junction,0.0320111712191386,70,0.0739250481157743,0.5271746272184968,153,199,True,13,3,0.6037988148838994,6.5,38,low_compatibility_junction,0.0,False,,high_support,high_bottleneck,long_horizon,unknown,not_planner_used
2973,1549,74,199,3.680746139504061,low_compatibility_junction,0.010415183548742,76,0.0333599023313104,0.8119604304548047,74,199,True,10,9,0.6037988148838994,9.0,28,low_compatibility_junction,0.0,False,,low_support,high_bottleneck,long_horizon,unknown,not_planner_used
2974,4049,189,199,3.679504223406832,low_compatibility_junction,0.0138549487957931,102,0.0366982280008973,0.7579794716852988,189,199,True,10,2,0.6037988148838994,7.0,51,low_compatibility_junction,0.0,False,,low_support,high_bottleneck,long_horizon,unknown,not_planner_used
2975,9120,421,404,3.678742179712261,low_compatibility_junction,0.005959112991524,17,0.042655425090441,0.8876460038076733,421,404,True,8,4,0.4954000961047544,3.0,14,low_compatibility_junction,1.0,True,,low_support,low_bottleneck,short_horizon,unknown,planner_used
2976,4288,199,421,3.6760165446352513,low_compatibility_junction,0.0187008309698689,72,0.0502886961359085,0.6879654781623047,199,421,True,10,3,0.6037988148838994,7.0,37,low_compatibility_junction,0.0,False,,low_support,high_bottleneck,long_horizon,unknown,not_planner_used
2977,4278,199,327,3.67110177221132,low_compatibility_junction,0.0116019279230386,5,0.1060158742542296,0.7929155491141445,199,327,True,9,2,0.6037988148838994,3.0,9,low_compatibility_junction,0.0,False,,low_support,high_bottleneck,short_horizon,unknown,not_planner_used
2978,4268,199,241,3.6710515650832978,low_compatibility_junction,0.0106300710758659,84,0.0326788484539793,0.8084783150657426,199,241,True,13,3,0.6037988148838994,9.0,34,low_compatibility_junction,0.0,False,,high_support,high_bottleneck,long_horizon,unknown,not_planner_used
2979,5226,245,199,3.669995985919545,low_compatibility_junction,0.0080510395972216,53,0.0322081018157908,0.8512743712737203,245,199,True,12,6,0.6037988148838994,9.5,24,low_compatibility_junction,0.0,False,,low_support,high_bottleneck,long_horizon,unknown,not_planner_used
2980,5934,271,177,3.668717011570055,low_compatibility_junction,0.0124528033431323,44,0.0454261704620446,0.7795362660066901,271,177,True,7,6,0.4491434403004862,9.0,15,low_compatibility_junction,0.0,False,,low_support,low_bottleneck,long_horizon,unknown,not_planner_used
2981,4790,226,404,3.668004694251882,low_compatibility_junction,0.0126119581260423,79,0.037376698867926,0.7770588724850009,226,404,True,8,7,0.4954000961047544,8.0,37,low_compatibility_junction,0.0,False,,low_support,low_bottleneck,long_horizon,unknown,not_planner_used
2982,4275,199,308,3.665837370809325,low_compatibility_junction,0.0177196992137598,72,0.0484677787607413,0.7015984941217309,199,308,True,7,2,0.6037988148838994,7.0,42,low_compatibility_junction,1.0,True,,low_support,high_bottleneck,long_horizon,unknown,planner_used
2983,8673,404,85,3.663639716381371,low_compatibility_junction,0.0214406639012546,96,0.0507320261169069,0.6512815264010722,404,85,True,12,3,0.4954000961047544,8.0,41,low_compatibility_junction,0.0,False,,low_support,low_bottleneck,long_horizon,unknown,not_planner_used
2984,3207,154,259,3.6609507299975736,low_compatibility_junction,0.0841373896300055,101,0.1407078745351419,0.185862561958889,154,259,True,54,11,1.265261094679104,5.0,62,low_compatibility_junction,0.0,False,,high_support,high_bottleneck,short_horizon,unknown,not_planner_used
2985,10315,479,199,3.660797758353095,low_compatibility_junction,0.0058163584261718,9,0.0556428602209908,0.8901839354862086,479,199,True,4,2,0.6037988148838994,3.0,11,low_compatibility_junction,0.0,False,,low_support,high_bottleneck,short_horizon,unknown,not_planner_used
2986,8770,407,271,3.660205263391627,low_compatibility_junction,0.0086058120230316,27,0.0435979209047221,0.8418813068096932,407,271,True,12,3,0.4491434403004862,9.0,12,low_compatibility_junction,0.0,False,,low_support,low_bottleneck,long_horizon,unknown,not_planner_used
2987,8697,404,372,3.6592316868365415,low_compatibility_junction,0.0120903307312498,48,0.0431970738832475,0.7852080106157984,404,372,True,7,2,0.4954000961047544,5.0,35,low_compatibility_junction,0.0,False,,low_support,low_bottleneck,short_horizon,unknown,not_planner_used
2988,8667,404,0,3.656897886240481,low_compatibility_junction,0.0259666462349364,41,0.0752922118062509,0.5949172702509492,404,0,True,6,3,0.4954000961047544,5.0,29,low_compatibility_junction,0.0,False,,low_support,low_bottleneck,short_horizon,unknown,not_planner_used
2989,4260,199,153,3.652764858935827,low_compatibility_junction,0.0446618292325486,30,0.1202865348914268,0.4093287792356018,199,153,True,7,2,0.6037988148838994,6.0,23,low_compatibility_junction,0.0,False,,low_support,high_bottleneck,short_horizon,unknown,not_planner_used
2990,5920,271,68,3.6525655202086553,low_compatibility_junction,0.0120324292608226,12,0.0740967643282724,0.7861178312817843,271,68,True,8,5,0.4491434403004862,8.0,8,low_compatibility_junction,0.0,False,,low_support,low_bottleneck,long_horizon,unknown,not_planner_used
2991,5946,271,343,3.651976966690111,low_compatibility_junction,0.01462694131104,35,0.0546950468102992,0.7463662658918714,271,343,True,5,4,0.4491434403004862,9.0,14,low_compatibility_junction,0.0,False,,low_support,low_bottleneck,long_horizon,unknown,not_planner_used
2992,5921,271,91,3.6494065276233183,low_compatibility_junction,0.015452009664538,39,0.0544656300104453,0.7341512614781301,271,91,True,3,2,0.4491434403004862,7.0,20,low_compatibility_junction,0.0,False,,low_support,low_bottleneck,long_horizon,unknown,not_planner_used
2993,7653,352,404,3.649118062855558,low_compatibility_junction,0.0075589717113568,24,0.0423431549742209,0.859693426393218,352,404,True,7,2,0.4954000961047544,4.0,17,low_compatibility_junction,3.0,True,,low_support,low_bottleneck,short_horizon,unknown,planner_used
2994,4345,201,271,3.638952161320396,low_compatibility_junction,0.0071929009398445,10,0.0597592858740463,0.866010696571414,201,271,True,3,3,0.4491434403004862,5.0,7,low_compatibility_junction,0.0,False,,low_support,low_bottleneck,short_horizon,unknown,not_planner_used
2995,8706,404,473,3.633322302977135,low_compatibility_junction,0.0362273006721807,64,0.0828593038765,0.4845444957167147,404,473,True,5,2,0.4954000961047544,7.0,30,low_compatibility_junction,0.0,False,,low_support,low_bottleneck,long_horizon,unknown,not_planner_used
2996,7504,345,199,3.6310111841816375,low_compatibility_junction,0.0081229221541434,8,0.0705779237026158,0.8500514150076091,345,199,True,5,2,0.6037988148838994,4.0,7,low_compatibility_junction,0.0,False,,low_support,high_bottleneck,short_horizon,unknown,not_planner_used
2997,6557,300,199,3.628435071474911,low_compatibility_junction,0.0190223806892477,21,0.0780124434745992,0.6835553719169597,300,199,True,5,2,0.6037988148838994,6.0,13,low_compatibility_junction,0.0,False,,low_support,high_bottleneck,short_horizon,unknown,not_planner_used
2998,4259,199,136,3.627625699816998,low_compatibility_junction,0.0155232410033931,48,0.0507706057508212,0.7331061145814771,199,136,True,7,2,0.6037988148838994,9.0,16,low_compatibility_junction,0.0,False,,low_support,high_bottleneck,long_horizon,unknown,not_planner_used
2999,8695,404,334,3.626917726702158,low_compatibility_junction,0.014569500926882,13,0.080185044794,0.7472241898930682,404,334,True,3,2,0.4954000961047544,4.0,14,low_compatibility_junction,0.0,False,,low_support,low_bottleneck,short_horizon,unknown,not_planner_used
3000,5662,259,280,3.626622162456196,low_compatibility_junction,0.0106503753257649,7,0.0871024909196436,0.8081500708028496,259,280,True,7,6,1.265261094679104,2.0,12,low_compatibility_junction,0.0,False,,low_support,high_bottleneck,short_horizon,unknown,not_planner_used
3001,5126,242,199,3.625176293880757,low_compatibility_junction,0.0236651748185977,35,0.0746307473954783,0.6229409821571669,242,199,True,7,2,0.6037988148838994,8.5,14,low_compatibility_junction,0.0,False,,low_support,high_bottleneck,long_horizon,unknown,not_planner_used
3002,5676,259,349,3.622147273265413,low_compatibility_junction,0.0132597771523331,158,0.0312152001384437,0.767055942853882,259,349,True,14,7,1.265261094679104,6.5,92,low_compatibility_junction,1.0,True,,high_support,high_bottleneck,long_horizon,unknown,planner_used
3003,5624,259,0,3.621362099128578,low_compatibility_junction,0.0148113309305835,134,0.0354176639853063,0.7436188910433926,259,0,True,15,10,1.265261094679104,7.0,74,low_compatibility_junction,0.0,False,,high_support,high_bottleneck,long_horizon,unknown,not_planner_used
3004,5917,271,48,3.6205725591857583,low_compatibility_junction,0.0124864274561828,22,0.0591807232513147,0.7790122179222556,271,48,True,3,3,0.4491434403004862,9.0,8,low_compatibility_junction,0.0,False,,low_support,low_bottleneck,long_horizon,unknown,not_planner_used
3005,10427,482,404,3.6193653568652793,low_compatibility_junction,0.0144826739434274,23,0.0636658454295959,0.7485229016463988,482,404,True,9,2,0.4954000961047544,7.0,13,low_compatibility_junction,0.0,False,,low_support,low_bottleneck,long_horizon,unknown,not_planner_used
3006,10179,473,259,3.618286942093085,low_compatibility_junction,0.0128651289066866,92,0.0360427697458397,0.7731342448533627,473,259,True,32,7,1.265261094679104,7.0,50,low_compatibility_junction,0.0,False,,high_support,high_bottleneck,long_horizon,unknown,not_planner_used
3007,5677,259,351,3.617716986838554,low_compatibility_junction,0.109885011282232,18,0.2630251539515137,0.1110582738660335,259,351,True,11,11,1.265261094679104,3.0,17,low_compatibility_junction,0.0,False,,low_support,high_bottleneck,short_horizon,unknown,not_planner_used
3008,8678,404,153,3.610696517601432,low_compatibility_junction,0.0145228752993385,11,0.0857402619341019,0.7479213108149438,404,153,True,5,2,0.4954000961047544,5.0,9,low_compatibility_junction,0.0,False,,low_support,low_bottleneck,short_horizon,unknown,not_planner_used
3009,5705,259,510,3.6077422371302896,low_compatibility_junction,0.0095306085422635,1,0.2008752864822561,0.8264530485924856,259,510,True,3,3,1.265261094679104,1.5,4,low_compatibility_junction,0.0,False,,low_support,high_bottleneck,short_horizon,unknown,not_planner_used
3010,8928,412,474,3.6075510514000273,low_compatibility_junction,0.0166113351994378,96,0.0423936986202759,0.717324684052599,412,474,True,25,7,0.4843299268618116,4.0,80,low_compatibility_junction,0.0,False,,high_support,low_bottleneck,short_horizon,unknown,not_planner_used
3011,3376,161,271,3.605831206816617,low_compatibility_junction,0.011685200210195,8,0.0865933649249686,0.7915960903366969,161,271,True,4,2,0.4491434403004862,9.0,5,low_compatibility_junction,0.0,False,,low_support,low_bottleneck,long_horizon,unknown,not_planner_used
3012,1608,76,259,3.604090695720736,low_compatibility_junction,0.0212171238887569,69,0.0555867479755907,0.6541997946484285,76,259,True,30,6,1.265261094679104,7.0,37,low_compatibility_junction,0.0,False,,high_support,high_bottleneck,long_horizon,unknown,not_planner_used
3013,5961,271,457,3.6040713973014418,low_compatibility_junction,0.0114602638142449,7,0.0907659557994841,0.7951652881742326,271,457,True,3,2,0.4491434403004862,8.0,5,low_compatibility_junction,0.0,False,,low_support,low_bottleneck,long_horizon,unknown,not_planner_used
3014,4292,199,467,3.602403494632093,low_compatibility_junction,0.0106389569850372,35,0.0448110496730434,0.8083346465348841,199,467,True,4,2,0.6037988148838994,9.0,10,low_compatibility_junction,1.0,True,,low_support,high_bottleneck,long_horizon,unknown,planner_used
3015,10987,510,259,3.601566586137541,low_compatibility_junction,0.0172729645093733,55,0.0520072337962707,0.707895149496101,510,259,True,31,5,1.265261094679104,6.0,31,low_compatibility_junction,0.0,False,,high_support,high_bottleneck,short_horizon,unknown,not_planner_used
3016,10224,474,471,3.600955934736765,low_compatibility_junction,0.0121226334365503,308,0.0244190679068078,0.784700887588563,474,471,True,26,5,0.4843299268618116,7.0,179,low_compatibility_junction,1.0,True,,high_support,low_bottleneck,long_horizon,unknown,planner_used
3017,5627,259,17,3.597807729899733,low_compatibility_junction,0.0578726772218942,30,0.1439586181599338,0.3142854767653679,259,17,True,8,8,1.265261094679104,4.0,27,low_compatibility_junction,0.0,False,,low_support,high_bottleneck,short_horizon,unknown,not_planner_used
3018,8329,384,474,3.595834847205724,low_compatibility_junction,0.0185449838971307,301,0.033929578398476,0.6901131716592871,384,474,True,39,5,0.4843299268618116,8.0,132,low_compatibility_junction,0.0,False,,high_support,low_bottleneck,long_horizon,unknown,not_planner_used
3019,5633,259,65,3.586517751636028,low_compatibility_junction,0.116047300864011,24,0.2523385501244314,0.0981806610552353,259,65,True,9,6,1.265261094679104,4.0,21,low_compatibility_junction,3.0,True,,low_support,high_bottleneck,short_horizon,unknown,planner_used
3020,5678,259,352,3.585776029587452,low_compatibility_junction,0.0120501793760307,71,0.0375844615210492,0.7858388071703671,259,352,True,9,7,1.265261094679104,6.0,36,low_compatibility_junction,0.0,False,,low_support,high_bottleneck,short_horizon,unknown,not_planner_used
3021,8681,404,198,3.585735565457823,low_compatibility_junction,0.0080111046370707,19,0.048257359496355,0.8519545550305604,404,198,True,6,3,0.4954000961047544,9.5,6,low_compatibility_junction,0.0,False,,low_support,low_bottleneck,long_horizon,unknown,not_planner_used
3022,1968,94,259,3.585551212457981,low_compatibility_junction,0.0110961206773936,64,0.036903961417381,0.8009775069269127,94,259,True,24,4,1.265261094679104,7.0,31,low_compatibility_junction,0.0,False,,high_support,high_bottleneck,long_horizon,unknown,not_planner_used
3023,8690,404,302,3.585283229773848,low_compatibility_junction,0.0053460447505737,15,0.042348175782722,0.898596753664738,404,302,True,5,5,0.4954000961047544,10.0,5,low_compatibility_junction,0.0,False,,low_support,low_bottleneck,long_horizon,unknown,not_planner_used
3024,5661,259,270,3.585235774259112,low_compatibility_junction,0.0952767942100763,50,0.1808355848323647,0.148742912284152,259,270,True,9,9,1.265261094679104,6.0,30,low_compatibility_junction,0.0,False,,low_support,high_bottleneck,short_horizon,unknown,not_planner_used
3025,5673,259,338,3.5847969413328045,low_compatibility_junction,0.0162286306731402,48,0.052267934331882,0.7228362181033283,259,338,True,11,5,1.265261094679104,5.0,29,low_compatibility_junction,0.0,False,,low_support,high_bottleneck,short_horizon,unknown,not_planner_used
3026,9275,427,474,3.582786660930024,low_compatibility_junction,0.0109801171791789,207,0.025255060287695,0.8028379881715983,427,474,True,24,5,0.4843299268618116,7.0,108,low_compatibility_junction,0.0,False,,high_support,low_bottleneck,long_horizon,unknown,not_planner_used
3027,4265,199,211,3.5806479019634447,low_compatibility_junction,0.0275353547608987,11,0.1255983302824151,0.5765419961273005,199,211,True,4,3,0.6037988148838994,10.0,4,low_compatibility_junction,0.0,False,,low_support,high_bottleneck,long_horizon,unknown,not_planner_used
3028,9202,424,474,3.576859120660679,low_compatibility_junction,0.0259235985917005,137,0.052885060186224,0.5954296865305225,424,474,True,17,8,0.4843299268618116,7.0,85,low_compatibility_junction,0.0,False,,high_support,low_bottleneck,long_horizon,unknown,not_planner_used
3029,5681,259,366,3.568681455777622,low_compatibility_junction,0.0226918363384902,25,0.0817419704544917,0.6351864337207517,259,366,True,7,3,1.265261094679104,3.5,16,low_compatibility_junction,0.0,False,,low_support,high_bottleneck,short_horizon,unknown,not_planner_used
3030,8866,410,136,3.568322685188683,low_compatibility_junction,0.0057963484765163,7,0.0621970226206449,0.8905402574959723,410,136,True,13,8,0.5045878099035421,1.0,13,low_compatibility_junction,0.0,False,,high_support,high_bottleneck,short_horizon,unknown,not_planner_used
3031,5699,259,445,3.567709633596483,low_compatibility_junction,0.0092743259156122,12,0.0637630483247923,0.8307000347439165,259,445,True,5,4,1.265261094679104,3.0,11,low_compatibility_junction,0.0,False,,low_support,high_bottleneck,short_horizon,unknown,not_planner_used
3032,2133,102,410,3.5658042183125875,low_compatibility_junction,0.0066655296264004,275,0.0163150795193945,0.8751932214153177,102,410,True,176,29,0.5045878099035421,4.0,275,low_compatibility_junction,0.0,False,,high_support,high_bottleneck,short_horizon,unknown,not_planner_used
3033,7659,352,474,3.563373312993385,low_compatibility_junction,0.0184451895107545,122,0.0425452269273153,0.6914919355404593,352,474,True,16,6,0.4843299268618116,7.0,70,low_compatibility_junction,2.0,True,,high_support,low_bottleneck,long_horizon,unknown,planner_used
3034,9026,417,199,3.5632411355552223,low_compatibility_junction,0.0227605019152785,15,0.0991091513937222,0.6343147235657697,417,199,True,2,2,0.6037988148838994,9.5,4,low_compatibility_junction,0.0,False,,low_support,high_bottleneck,long_horizon,unknown,not_planner_used
3035,9510,438,259,3.5631404678930574,low_compatibility_junction,0.0174401862119945,24,0.0702757090446487,0.7055315954310069,438,259,True,14,4,1.265261094679104,5.0,14,low_compatibility_junction,0.0,False,,high_support,high_bottleneck,short_horizon,unknown,not_planner_used
3036,5695,259,419,3.5629025111851265,low_compatibility_junction,0.0142457249628093,65,0.0432620007714305,0.7520785548463174,259,419,True,6,5,1.265261094679104,7.0,34,low_compatibility_junction,0.0,False,,low_support,high_bottleneck,long_horizon,unknown,not_planner_used
3037,8864,410,130,3.562583177881666,low_compatibility_junction,0.0088476984370526,706,0.015786250905853,0.837818349468786,410,130,True,92,36,0.5045878099035421,5.0,500,low_compatibility_junction,0.0,False,,high_support,high_bottleneck,short_horizon,unknown,not_planner_used
3038,10215,474,337,3.562390351645467,low_compatibility_junction,0.0141032113995189,122,0.0351766382436283,0.7542252406058806,474,337,True,22,11,0.4843299268618116,9.0,47,low_compatibility_junction,0.0,False,,high_support,low_bottleneck,long_horizon,unknown,not_planner_used
3039,5639,259,110,3.5601114315984272,low_compatibility_junction,0.0190606586684501,99,0.0462568085632083,0.6830322698092258,259,110,True,6,3,1.265261094679104,7.0,42,low_compatibility_junction,0.0,False,,low_support,high_bottleneck,long_horizon,unknown,not_planner_used
3040,9735,448,259,3.5596811058064515,low_compatibility_junction,0.0115314695839991,21,0.0574606560478689,0.7940336870022822,448,259,True,10,5,1.265261094679104,5.5,16,low_compatibility_junction,0.0,False,,low_support,high_bottleneck,short_horizon,unknown,not_planner_used
3041,5649,259,177,3.558737419477368,low_compatibility_junction,0.0094882788835093,8,0.0769884382897002,0.8271530143542626,259,177,True,4,2,1.265261094679104,3.0,14,low_compatibility_junction,0.0,False,,low_support,high_bottleneck,short_horizon,unknown,not_planner_used
3042,5656,259,231,3.558533207466701,low_compatibility_junction,0.0183595390990376,5,0.1371282263889652,0.6926774820555847,259,231,True,2,2,1.265261094679104,2.0,5,low_compatibility_junction,0.0,False,,low_support,high_bottleneck,short_horizon,unknown,not_planner_used
3043,7263,331,474,3.5582970777938607,low_compatibility_junction,0.0438788736990483,110,0.0830248802528654,0.415788952164997,331,474,True,24,5,0.4843299268618116,8.0,58,low_compatibility_junction,0.0,False,,high_support,low_bottleneck,long_horizon,unknown,not_planner_used
3044,7915,363,259,3.5558768875507565,low_compatibility_junction,0.0224615155193195,27,0.0789934330916793,0.6381191163083926,363,259,True,14,5,1.265261094679104,6.5,14,low_compatibility_junction,0.0,False,,high_support,high_bottleneck,long_horizon,unknown,not_planner_used
3045,5629,259,44,3.5558295411012733,low_compatibility_junction,0.0170956662623211,16,0.0811633606923794,0.7104097766331011,259,44,True,4,4,1.265261094679104,4.0,17,low_compatibility_junction,0.0,False,,low_support,high_bottleneck,short_horizon,unknown,not_planner_used
3046,9932,461,259,3.5546212285889007,low_compatibility_junction,0.0165412153583019,42,0.0554381282363101,0.7183313636275015,461,259,True,18,2,1.265261094679104,8.0,24,low_compatibility_junction,0.0,False,,high_support,high_bottleneck,long_horizon,unknown,not_planner_used
3047,5689,259,401,3.5528100611201023,low_compatibility_junction,0.0251937617406087,46,0.0710632256531551,0.6041847593785693,259,401,True,5,3,1.265261094679104,6.0,31,low_compatibility_junction,0.0,False,,low_support,high_bottleneck,short_horizon,unknown,not_planner_used
3048,5630,259,45,3.5483252317424148,low_compatibility_junction,0.0479570452410441,26,0.1321344643303597,0.3832219687440421,259,45,True,10,10,1.265261094679104,8.0,11,low_compatibility_junction,1.0,True,,low_support,high_bottleneck,long_horizon,unknown,planner_used
3049,3915,181,474,3.546277382606794,low_compatibility_junction,0.0218922328582943,86,0.053163960513847,0.6454260373800395,181,474,True,20,3,0.4843299268618116,7.0,53,low_compatibility_junction,0.0,False,,high_support,low_bottleneck,long_horizon,unknown,not_planner_used
3050,5634,259,66,3.5457668478306434,low_compatibility_junction,0.0138469802515924,38,0.0512616408085528,0.7581002811702678,259,66,True,4,2,1.265261094679104,5.0,27,low_compatibility_junction,0.0,False,,low_support,high_bottleneck,short_horizon,unknown,not_planner_used
3051,7392,338,259,3.544575142307196,low_compatibility_junction,0.0126872165265547,34,0.0505488885198752,0.7758901481119748,338,259,True,9,3,1.265261094679104,6.5,18,low_compatibility_junction,1.0,True,,low_support,high_bottleneck,long_horizon,unknown,planner_used
3052,6391,293,410,3.543548994035208,low_compatibility_junction,0.0083213843078025,111,0.025291795748783,0.8466840416993798,293,410,True,92,29,0.5045878099035421,3.0,116,low_compatibility_junction,0.0,False,,high_support,high_bottleneck,short_horizon,unknown,not_planner_used
3053,4899,231,259,3.542636216427153,low_compatibility_junction,0.0283936518857157,38,0.0819702210682677,0.5667295700963261,231,259,True,17,2,1.265261094679104,8.0,17,low_compatibility_junction,0.0,False,,high_support,high_bottleneck,long_horizon,unknown,not_planner_used
3054,6451,295,404,3.542328535505716,low_compatibility_junction,0.0090932334876722,9,0.0713940857791866,0.8337141595244086,295,404,True,2,2,0.4954000961047544,9.0,3,low_compatibility_junction,0.0,False,,low_support,low_bottleneck,long_horizon,unknown,not_planner_used
3055,5626,259,15,3.5419369014394992,low_compatibility_junction,0.0171497634749997,27,0.0665470686067573,0.709641568511712,259,15,True,4,2,1.265261094679104,4.5,20,low_compatibility_junction,0.0,False,,low_support,high_bottleneck,short_horizon,unknown,not_planner_used
3056,9293,428,474,3.540416379565688,low_compatibility_junction,0.0338512601181264,64,0.078928104379793,0.5081263192555591,428,474,True,8,7,0.4843299268618116,6.0,41,low_compatibility_junction,1.0,True,,low_support,low_bottleneck,short_horizon,unknown,planner_used
3057,7491,344,259,3.5403934403011204,low_compatibility_junction,0.0284166062095512,12,0.123795340044114,0.5664694519276781,344,259,True,7,4,1.265261094679104,4.0,7,low_compatibility_junction,0.0,False,,low_support,high_bottleneck,short_horizon,unknown,not_planner_used
3058,5631,259,54,3.5400835365941266,low_compatibility_junction,0.035848995328861,47,0.0899799438163615,0.4882245153080711,259,54,True,5,3,1.265261094679104,7.0,25,low_compatibility_junction,0.0,False,,low_support,high_bottleneck,long_horizon,unknown,not_planner_used
3059,1041,45,404,3.539550757727938,low_compatibility_junction,0.0222342550405301,8,0.1255632890554794,0.6410261028532711,45,404,True,2,2,0.4954000961047544,10.0,3,low_compatibility_junction,0.0,False,,low_support,low_bottleneck,long_horizon,unknown,not_planner_used
3060,4059,190,259,3.538961307269826,low_compatibility_junction,0.017018684082561,18,0.0772861328106941,0.7115043969420038,190,259,True,13,2,1.265261094679104,6.0,13,low_compatibility_junction,0.0,False,,high_support,high_bottleneck,short_horizon,unknown,not_planner_used
3061,5641,259,123,3.538562306059024,low_compatibility_junction,0.0133712751790881,5,0.1147291468299716,0.7653473441349938,259,123,True,2,2,1.265261094679104,2.5,6,low_compatibility_junction,0.0,False,,low_support,high_bottleneck,short_horizon,unknown,not_planner_used
3062,5666,259,295,3.5375448386909465,low_compatibility_junction,0.0461648693494498,25,0.1303900347319759,0.3972071337054067,259,295,True,9,9,1.265261094679104,9.0,10,low_compatibility_junction,0.0,False,,low_support,high_bottleneck,long_horizon,unknown,not_planner_used
3063,21,0,474,3.535693558104724,low_compatibility_junction,0.0078843650241781,49,0.0327466701847131,0.8541168221319021,0,474,True,5,4,0.4843299268618116,4.0,35,low_compatibility_junction,1.0,True,,low_support,low_bottleneck,short_horizon,unknown,planner_used
3064,5679,259,360,3.5352899026754145,low_compatibility_junction,0.0106279177438969,26,0.0502551271241633,0.8085131342595527,259,360,True,7,6,1.265261094679104,8.0,13,low_compatibility_junction,0.0,False,,low_support,high_bottleneck,long_horizon,unknown,not_planner_used
3065,10226,474,498,3.534363265331339,low_compatibility_junction,0.0060340692117196,44,0.0289868271583755,0.8863163089593564,474,498,True,22,8,0.4843299268618116,9.0,24,low_compatibility_junction,2.0,True,,high_support,low_bottleneck,long_horizon,unknown,planner_used
3066,5674,259,345,3.5329973048189887,low_compatibility_junction,0.0231917011551558,9,0.122686669848523,0.6288679233519135,259,345,True,3,2,1.265261094679104,3.0,7,low_compatibility_junction,0.0,False,,low_support,high_bottleneck,short_horizon,unknown,not_planner_used
3067,5104,241,259,3.5318784752689627,low_compatibility_junction,0.0146087161498144,20,0.0675808050085365,0.7466383683905634,241,259,True,11,4,1.265261094679104,8.0,11,low_compatibility_junction,0.0,False,,low_support,high_bottleneck,long_horizon,unknown,not_planner_used
3068,10189,474,9,3.531077834390072,low_compatibility_junction,0.0073355757744021,62,0.0286550912529729,0.8635430602846172,474,9,True,21,10,0.4843299268618116,10.0,21,low_compatibility_junction,0.0,False,,high_support,low_bottleneck,long_horizon,unknown,not_planner_used
3069,5645,259,152,3.5303570649445435,low_compatibility_junction,0.0212737603578716,4,0.1642119268764748,0.6534591828546973,259,152,True,3,3,1.265261094679104,3.0,5,low_compatibility_junction,0.0,False,,low_support,high_bottleneck,short_horizon,unknown,not_planner_used
3070,2540,123,259,3.529226868884149,low_compatibility_junction,0.0114055005354149,17,0.0621733521374405,0.7960366824590484,123,259,True,10,2,1.265261094679104,5.5,10,low_compatibility_junction,0.0,False,,low_support,high_bottleneck,short_horizon,unknown,not_planner_used
3071,10417,482,259,3.5284062530467404,low_compatibility_junction,0.0136006058691519,29,0.0560465501971354,0.7618450294658684,482,259,True,11,4,1.265261094679104,9.0,11,low_compatibility_junction,0.0,False,,low_support,high_bottleneck,long_horizon,unknown,not_planner_used
3072,9879,457,259,3.528239833642067,low_compatibility_junction,0.0169508420543647,38,0.0583469882124081,0.7124704502111084,457,259,True,9,5,1.265261094679104,10.0,12,low_compatibility_junction,0.0,False,,low_support,high_bottleneck,long_horizon,unknown,not_planner_used
3073,5698,259,438,3.527804269520854,low_compatibility_junction,0.0331459594657644,20,0.1129374119790759,0.5153447476744135,259,438,True,3,3,1.265261094679104,4.5,12,low_compatibility_junction,0.0,False,,low_support,high_bottleneck,short_horizon,unknown,not_planner_used
3074,4588,215,259,3.526231871216144,low_compatibility_junction,0.0161477170186117,20,0.071840207400484,0.7240069114993001,215,259,True,10,3,1.265261094679104,7.0,10,low_compatibility_junction,0.0,False,,low_support,high_bottleneck,long_horizon,unknown,not_planner_used
3075,5692,259,408,3.525926792334382,low_compatibility_junction,0.0113957557516793,15,0.0654191675257434,0.7961918416848115,259,408,True,2,2,1.265261094679104,4.0,14,low_compatibility_junction,0.0,False,,low_support,high_bottleneck,short_horizon,unknown,not_planner_used
3076,1730,82,259,3.525379416746292,low_compatibility_junction,0.0161986761908654,23,0.0682140729310233,0.7232693915388886,82,259,True,10,3,1.265261094679104,8.5,12,low_compatibility_junction,0.0,False,,low_support,high_bottleneck,long_horizon,unknown,not_planner_used
3077,2793,136,259,3.522520417440356,low_compatibility_junction,0.0210753049524057,21,0.0831669773888935,0.6560579870521248,136,259,True,8,2,1.265261094679104,5.0,8,low_compatibility_junction,0.0,False,,low_support,high_bottleneck,short_horizon,unknown,not_planner_used
3078,5665,259,289,3.5223718619334368,low_compatibility_junction,0.0145327544829342,20,0.0673669430456633,0.7477735483742544,259,289,True,3,3,1.265261094679104,5.5,14,low_compatibility_junction,0.0,False,,low_support,high_bottleneck,short_horizon,unknown,not_planner_used
3079,5650,259,185,3.521220003215209,low_compatibility_junction,0.0197053478927849,43,0.0616632627058845,0.6742819326337685,259,185,True,3,2,1.265261094679104,7.0,23,low_compatibility_junction,1.0,True,,low_support,high_bottleneck,long_horizon,unknown,planner_used
3080,5680,259,365,3.5181899009295567,low_compatibility_junction,0.0568145813420414,10,0.2045504590710435,0.3210072318940879,259,365,True,2,2,1.265261094679104,3.5,8,low_compatibility_junction,0.0,False,,low_support,high_bottleneck,short_horizon,unknown,not_planner_used
3081,5648,259,168,3.51796273043578,low_compatibility_junction,0.0183449485197254,41,0.0598042892347126,0.6928796428653775,259,168,True,3,3,1.265261094679104,7.5,18,low_compatibility_junction,0.0,False,,low_support,high_bottleneck,long_horizon,unknown,not_planner_used
3082,8897,410,457,3.516417134875017,low_compatibility_junction,0.009360765106976,1,0.1989928173422432,0.8292651745974055,410,457,True,5,4,0.5045878099035421,1.0,7,low_compatibility_junction,0.0,False,,low_support,high_bottleneck,short_horizon,unknown,not_planner_used
3083,5694,259,417,3.5153788549404297,low_compatibility_junction,0.0368185594068983,26,0.1105754828935318,0.4788484173442476,259,417,True,3,3,1.265261094679104,6.5,14,low_compatibility_junction,0.0,False,,low_support,high_bottleneck,long_horizon,unknown,not_planner_used
3084,6561,300,259,3.514142424829848,low_compatibility_junction,0.0601297463925386,22,0.1625980194737878,0.3004136478549293,300,259,True,9,2,1.265261094679104,7.0,9,low_compatibility_junction,0.0,False,,low_support,high_bottleneck,long_horizon,unknown,not_planner_used
3085,3016,145,474,3.512873802625502,low_compatibility_junction,0.0429461564441832,60,0.0953837311713408,0.4236180187900734,145,474,True,15,2,0.4843299268618116,7.0,28,low_compatibility_junction,0.0,False,,high_support,low_bottleneck,long_horizon,unknown,not_planner_used
3086,5700,259,447,3.512820812341713,low_compatibility_junction,0.0124232099818376,33,0.0504523070819439,0.7799977845393091,259,447,True,4,2,1.265261094679104,7.5,16,low_compatibility_junction,0.0,False,,low_support,high_bottleneck,long_horizon,unknown,not_planner_used
3087,5683,259,372,3.510814079036029,low_compatibility_junction,0.0099189048140453,26,0.0482014900965088,0.820059732978726,259,372,True,4,3,1.265261094679104,7.5,12,low_compatibility_junction,0.0,False,,low_support,high_bottleneck,long_horizon,unknown,not_planner_used
3088,5668,259,308,3.5107102524268368,low_compatibility_junction,0.0202281392359344,22,0.0796604612076014,0.6672684870704645,259,308,True,3,3,1.265261094679104,6.5,12,low_compatibility_junction,0.0,False,,low_support,high_bottleneck,long_horizon,unknown,not_planner_used
3089,5635,259,67,3.5105364068550564,low_compatibility_junction,0.0164598724437191,19,0.0741488050591247,0.7195009380705604,259,67,True,6,3,1.265261094679104,9.0,11,low_compatibility_junction,1.0,True,,low_support,high_bottleneck,long_horizon,unknown,planner_used
3090,5685,259,379,3.508881337788928,low_compatibility_junction,0.0107949696791668,15,0.0633750391095048,0.8058163680928022,259,379,True,2,2,1.265261094679104,5.5,14,low_compatibility_junction,0.0,False,,low_support,high_bottleneck,short_horizon,unknown,not_planner_used
3091,8865,410,132,3.5085602516438588,low_compatibility_junction,0.0111921536769057,611,0.0195808080018441,0.7994405779077812,410,132,True,73,29,0.5045878099035421,9.0,258,low_compatibility_junction,0.0,False,,high_support,high_bottleneck,long_horizon,unknown,not_planner_used
3092,8010,370,410,3.5070316329283178,low_compatibility_junction,0.0135627659037709,1,0.2418229715812529,0.7624218114832683,370,410,True,5,4,0.5045878099035421,1.0,5,low_compatibility_junction,0.0,False,,low_support,high_bottleneck,short_horizon,unknown,not_planner_used
3093,5670,259,327,3.500973885155943,low_compatibility_junction,0.0197498690762111,23,0.0771845567632106,0.6736818032660411,259,327,True,5,3,1.265261094679104,9.0,9,low_compatibility_junction,0.0,False,,low_support,high_bottleneck,long_horizon,unknown,not_planner_used
3094,5636,259,69,3.4980759002245763,low_compatibility_junction,0.0986065784236416,8,0.3162091495459349,0.1391599109690179,259,69,True,3,3,1.265261094679104,6.0,7,low_compatibility_junction,0.0,False,,low_support,high_bottleneck,short_horizon,unknown,not_planner_used
3095,8871,410,177,3.491108746971832,low_compatibility_junction,0.0090228763566177,301,0.0197540031581473,0.8348881400373783,410,177,True,32,17,0.5045878099035421,5.0,197,low_compatibility_junction,0.0,False,,high_support,high_bottleneck,short_horizon,unknown,not_planner_used
3096,6207,284,474,3.4879717195942463,low_compatibility_junction,0.028239303196852,39,0.0809805941685343,0.5684817524971437,284,474,True,4,4,0.4843299268618116,6.0,17,low_compatibility_junction,0.0,False,,low_support,low_bottleneck,short_horizon,unknown,not_planner_used
3097,667,25,410,3.480981477160955,low_compatibility_junction,0.0104418541784441,324,0.021568707888885,0.811527436027943,25,410,True,68,18,0.5045878099035421,8.0,145,low_compatibility_junction,0.0,False,,high_support,high_bottleneck,long_horizon,unknown,not_planner_used
3098,10225,474,479,3.4788155456110483,low_compatibility_junction,0.0265146470850422,21,0.0961595519483825,0.5884325679904667,474,479,True,7,2,0.4843299268618116,6.0,13,low_compatibility_junction,0.0,False,,low_support,low_bottleneck,short_horizon,unknown,not_planner_used
3099,6736,307,259,3.477563160250291,low_compatibility_junction,0.0134685178795321,11,0.0820520159517299,0.7638603017934193,307,259,True,5,2,1.265261094679104,9.0,5,low_compatibility_junction,0.0,False,,low_support,high_bottleneck,long_horizon,unknown,not_planner_used
3100,5696,259,426,3.477023844520562,low_compatibility_junction,0.011310458499273,14,0.0670203302654197,0.7975512604316449,259,426,True,2,2,1.265261094679104,6.5,6,low_compatibility_junction,0.0,False,,low_support,high_bottleneck,long_horizon,unknown,not_planner_used
3101,10221,474,424,3.475253107292945,low_compatibility_junction,0.0167570010396755,18,0.0765593120290314,0.7152379311581489,474,424,True,3,2,0.4843299268618116,5.0,15,low_compatibility_junction,0.0,False,,low_support,low_bottleneck,short_horizon,unknown,not_planner_used
3102,5701,259,477,3.4751998741333674,low_compatibility_junction,0.0144266411662101,2,0.1808919298964932,0.7493622081851228,259,477,True,2,2,1.265261094679104,6.0,5,low_compatibility_junction,0.0,False,,low_support,high_bottleneck,short_horizon,unknown,not_planner_used
3103,5646,259,162,3.4730395917736594,low_compatibility_junction,0.0191537756472826,4,0.1547829986475276,0.6817614155294515,259,162,True,2,2,1.265261094679104,5.5,4,low_compatibility_junction,0.0,False,,low_support,high_bottleneck,short_horizon,unknown,not_planner_used
3104,8883,410,343,3.472121296586158,low_compatibility_junction,0.01091244378114,363,0.0216588627541178,0.8039253393477815,410,343,True,42,23,0.5045878099035421,9.0,146,low_compatibility_junction,0.0,False,,high_support,high_bottleneck,long_horizon,unknown,not_planner_used
3105,5663,259,287,3.47202373161121,low_compatibility_junction,0.0264963494458546,18,0.1016954836131496,0.5886479459334485,259,287,True,3,3,1.265261094679104,10.0,5,low_compatibility_junction,0.0,False,,low_support,high_bottleneck,long_horizon,unknown,not_planner_used
3106,5632,259,62,3.471895639392357,low_compatibility_junction,0.0313569713299247,22,0.1053535747719497,0.5341175000934458,259,62,True,2,2,1.265261094679104,7.5,6,low_compatibility_junction,0.0,False,,low_support,high_bottleneck,long_horizon,unknown,not_planner_used
3107,5657,259,233,3.4715284695389554,low_compatibility_junction,0.0258077612379565,12,0.1167028910908691,0.596810745679745,259,233,True,3,2,1.265261094679104,8.0,5,low_compatibility_junction,0.0,False,,low_support,high_bottleneck,long_horizon,unknown,not_planner_used
3108,5684,259,373,3.4706964871911783,low_compatibility_junction,0.0062074535843831,11,0.0527678285533574,0.8832481637739311,259,373,True,2,2,1.265261094679104,9.0,7,low_compatibility_junction,0.0,False,,low_support,high_bottleneck,long_horizon,unknown,not_planner_used
3109,5637,259,76,3.4692517129857805,low_compatibility_junction,0.0111938721189896,6,0.0958523813706793,0.7994131025332791,259,76,True,2,2,1.265261094679104,6.0,4,low_compatibility_junction,0.0,False,,low_support,high_bottleneck,short_horizon,unknown,not_planner_used
3110,10223,474,428,3.4673416785938964,low_compatibility_junction,0.0201901061744946,36,0.066606791356998,0.6677762454293418,474,428,True,4,2,0.4843299268618116,8.0,18,low_compatibility_junction,0.0,False,,low_support,low_bottleneck,long_horizon,unknown,not_planner_used
3111,10200,474,129,3.466476400797418,low_compatibility_junction,0.0074977737761312,31,0.0379796286316318,0.8607462998510388,474,129,True,7,3,0.4843299268618116,10.0,12,low_compatibility_junction,0.0,False,,low_support,low_bottleneck,long_horizon,unknown,not_planner_used
3112,5702,259,482,3.4663400838368013,low_compatibility_junction,0.0086735051341487,14,0.0574588493351527,0.8407422867248183,259,482,True,2,2,1.265261094679104,9.0,6,low_compatibility_junction,0.0,False,,low_support,high_bottleneck,long_horizon,unknown,not_planner_used
3113,5651,259,189,3.4660465847806523,low_compatibility_junction,0.0298032109470417,6,0.1679408326473804,0.5509758947667971,259,189,True,2,2,1.265261094679104,6.5,4,low_compatibility_junction,0.0,False,,low_support,high_bottleneck,long_horizon,unknown,not_planner_used
3114,8896,410,445,3.465574042078569,low_compatibility_junction,,0,,0.0,410,445,True,2,2,0.5045878099035421,1.0,3,low_compatibility_junction,0.0,False,,low_support,high_bottleneck,short_horizon,unknown,not_planner_used
3115,5672,259,330,3.4627646332189568,low_compatibility_junction,0.0827163581270724,8,0.282016120225827,0.1912206728629432,259,330,True,3,2,1.265261094679104,7.0,3,low_compatibility_junction,0.0,False,,low_support,high_bottleneck,long_horizon,unknown,not_planner_used
3116,10191,474,35,3.459711572215012,low_compatibility_junction,0.0102382766720103,19,0.0557363180776258,0.8148383463593302,474,35,True,7,4,0.4843299268618116,10.0,8,low_compatibility_junction,0.0,False,,low_support,low_bottleneck,long_horizon,unknown,not_planner_used
3117,6070,278,259,3.4593303083913685,low_compatibility_junction,0.0089136572244266,15,0.0566928058099463,0.8367138484969932,278,259,True,3,2,1.265261094679104,10.0,4,low_compatibility_junction,0.0,False,,low_support,high_bottleneck,long_horizon,unknown,not_planner_used
3118,9639,443,474,3.455292396882847,low_compatibility_junction,0.0042520635373269,9,0.0468545247142683,0.9184743774960034,443,474,True,2,2,0.4843299268618116,4.5,8,low_compatibility_junction,0.0,False,,low_support,low_bottleneck,short_horizon,unknown,not_planner_used
3119,9889,457,410,3.4540908254204448,low_compatibility_junction,0.0101217737074324,254,0.0224945603741255,0.8167391816888959,457,410,True,39,13,0.5045878099035421,8.0,117,low_compatibility_junction,0.0,False,,high_support,high_bottleneck,long_horizon,unknown,not_planner_used
3120,10208,474,250,3.453414698167807,low_compatibility_junction,0.0069233084795996,21,0.0425112825420283,0.8706927066603845,474,250,True,7,3,0.4843299268618116,9.0,7,low_compatibility_junction,0.0,False,,low_support,low_bottleneck,long_horizon,unknown,not_planner_used
3121,10204,474,195,3.4496974367260056,low_compatibility_junction,0.006970933250462,9,0.0615191149850786,0.8698637706889877,474,195,True,6,4,0.4843299268618116,9.5,6,low_compatibility_junction,0.0,False,,low_support,low_bottleneck,long_horizon,unknown,not_planner_used
3122,7122,325,474,3.449123690055172,low_compatibility_junction,0.015512069127345,21,0.0687818965380126,0.7332699362955998,325,474,True,5,4,0.4843299268618116,10.0,7,low_compatibility_junction,0.0,False,,low_support,low_bottleneck,long_horizon,unknown,not_planner_used
3123,4521,208,474,3.4396167771216137,low_compatibility_junction,0.034034242246138,23,0.1094305704385823,0.506270157068336,208,474,True,4,3,0.4843299268618116,10.0,7,low_compatibility_junction,0.0,False,,low_support,low_bottleneck,long_horizon,unknown,not_planner_used
3124,8891,410,408,3.436012876068581,low_compatibility_junction,0.0099376900548425,105,0.0290056462503338,0.8197516904578357,410,408,True,13,8,0.5045878099035421,4.0,75,low_compatibility_junction,0.0,False,,high_support,high_bottleneck,short_horizon,unknown,not_planner_used
3125,6081,278,410,3.430305859983532,low_compatibility_junction,0.0087629764754334,96,0.0274890307481643,0.8392391851696636,278,410,True,41,10,0.5045878099035421,7.0,56,low_compatibility_junction,0.0,False,,high_support,high_bottleneck,long_horizon,unknown,not_planner_used
3126,2802,136,410,3.416555282958425,low_compatibility_junction,0.0094798685319902,90,0.0295956066913116,0.8272921590087045,136,410,True,26,15,0.5045878099035421,8.0,44,low_compatibility_junction,0.0,False,,high_support,high_bottleneck,long_horizon,unknown,not_planner_used
3127,10220,474,409,3.411771121403232,low_compatibility_junction,0.0042456893948838,5,0.0613600315155554,0.9185914746900374,474,409,True,3,3,0.4843299268618116,10.0,3,low_compatibility_junction,0.0,False,,low_support,low_bottleneck,long_horizon,unknown,not_planner_used
3128,1738,82,410,3.411026213897664,low_compatibility_junction,0.0086484688746627,93,0.0275494439956943,0.8411633729812942,82,410,True,26,6,0.5045878099035421,6.0,49,low_compatibility_junction,0.0,False,,high_support,high_bottleneck,short_horizon,unknown,not_planner_used
3129,8863,410,102,3.4106375804509867,low_compatibility_junction,0.0052290565072325,16,0.0406620420910998,0.9007017203816856,410,102,True,7,7,0.5045878099035421,3.0,29,low_compatibility_junction,0.0,False,,low_support,high_bottleneck,short_horizon,unknown,not_planner_used
3130,6476,297,104,3.390322335352397,low_compatibility_junction,0.0098132110577231,300,0.0210230923534594,0.821795070347525,297,104,True,51,26,0.4066056211942844,5.0,227,low_compatibility_junction,0.0,False,,high_support,low_bottleneck,short_horizon,unknown,not_planner_used
3131,6480,297,130,3.381887949657433,low_compatibility_junction,0.0109910184196794,463,0.0205406044092626,0.8026629686517495,297,130,True,56,19,0.4066056211942844,6.0,263,low_compatibility_junction,1.0,True,,high_support,low_bottleneck,short_horizon,unknown,planner_used
3132,8860,410,90,3.3814570572701568,low_compatibility_junction,0.009987661592216,120,0.0278688902908302,0.818932814686076,410,90,True,14,2,0.5045878099035421,7.0,67,low_compatibility_junction,0.0,False,,high_support,high_bottleneck,long_horizon,unknown,not_planner_used
3133,8887,410,373,3.3789836733803003,low_compatibility_junction,0.0068689704004304,147,0.0202670707557513,0.8716394563973573,410,373,True,11,2,0.5045878099035421,7.0,73,low_compatibility_junction,0.0,False,,low_support,high_bottleneck,long_horizon,unknown,not_planner_used
3134,6469,297,14,3.373423083069988,low_compatibility_junction,0.0134872755006654,72,0.0403130294932158,0.7635737914964998,297,14,True,39,18,0.4066056211942844,3.0,75,low_compatibility_junction,0.0,False,,high_support,low_bottleneck,short_horizon,unknown,not_planner_used
3135,8551,395,297,3.368329402649512,low_compatibility_junction,0.0120949033896392,507,0.0216680187753762,0.7851362041393694,395,297,True,58,12,0.4066056211942844,7.0,277,low_compatibility_junction,0.0,False,,high_support,low_bottleneck,long_horizon,unknown,not_planner_used
3136,8157,376,410,3.365534495805757,low_compatibility_junction,0.0091115480575423,39,0.0390700334433502,0.8334088331225132,376,410,True,19,3,0.5045878099035421,6.0,22,low_compatibility_junction,0.0,False,,high_support,high_bottleneck,short_horizon,unknown,not_planner_used
3137,8881,410,293,3.3625369813558508,low_compatibility_junction,0.0098942608587564,31,0.0449102906050526,0.8204640229114469,410,293,True,7,6,0.5045878099035421,5.0,20,low_compatibility_junction,0.0,False,,low_support,high_bottleneck,short_horizon,unknown,not_planner_used
3138,8861,410,91,3.361396596089732,low_compatibility_junction,0.014583402283218,60,0.0451403431781032,0.747016470175732,410,91,True,5,4,0.5045878099035421,6.0,40,low_compatibility_junction,0.0,False,,low_support,high_bottleneck,short_horizon,unknown,not_planner_used
3139,324,11,410,3.3604430603347697,low_compatibility_junction,0.0117788325063884,5,0.1069098610475976,0.7901150982644574,11,410,True,6,3,0.5045878099035421,2.5,6,low_compatibility_junction,0.0,False,,low_support,high_bottleneck,short_horizon,unknown,not_planner_used
3140,2127,102,297,3.3600843223731056,low_compatibility_junction,0.0110273249896029,144,0.0281791332195233,0.8020803414253838,102,297,True,65,14,0.4066056211942844,5.0,115,low_compatibility_junction,0.0,False,,high_support,low_bottleneck,short_horizon,unknown,not_planner_used
3141,1551,74,248,3.354324108207978,low_compatibility_junction,0.0040723073833813,85,0.0176387781819858,0.9217823486467072,74,248,True,201,104,0.4030767285678711,1.0,219,low_compatibility_junction,2.0,True,,high_support,low_bottleneck,short_horizon,unknown,planner_used
3142,1732,82,297,3.349377591929364,low_compatibility_junction,0.0094536664546467,275,0.0209455141662236,0.8277258080865683,82,297,True,52,9,0.4066056211942844,6.0,168,low_compatibility_junction,0.0,False,,high_support,low_bottleneck,short_horizon,unknown,not_planner_used
3143,8894,410,434,3.3454009374062337,low_compatibility_junction,0.0245087524277291,7,0.1404846263513074,0.6125191642051154,410,434,True,3,3,0.5045878099035421,3.0,10,low_compatibility_junction,0.0,False,,low_support,high_bottleneck,short_horizon,unknown,not_planner_used
3144,220,8,231,3.34193139459945,low_compatibility_junction,0.0210380883753572,588,0.0327619462750561,0.6565464934874133,8,231,True,132,22,0.5520708483104224,5.0,391,low_compatibility_junction,0.0,False,,high_support,high_bottleneck,short_horizon,unknown,not_planner_used
3145,4323,200,410,3.3378211892450915,low_compatibility_junction,0.008567523676902,32,0.0406382457986768,0.842526238569385,200,410,True,14,4,0.5045878099035421,8.5,14,low_compatibility_junction,0.0,False,,high_support,high_bottleneck,long_horizon,unknown,not_planner_used
3146,4062,190,410,3.3305588593215667,low_compatibility_junction,0.0139169288158882,32,0.0547914600590399,0.7570404621461067,190,410,True,13,3,0.5045878099035421,8.0,13,low_compatibility_junction,0.0,False,,high_support,high_bottleneck,long_horizon,unknown,not_planner_used
3147,9882,457,297,3.32924231886308,low_compatibility_junction,0.0120475997230695,85,0.0353820123553988,0.7858793520443947,457,297,True,21,12,0.4066056211942844,4.0,74,low_compatibility_junction,1.0,True,,high_support,low_bottleneck,short_horizon,unknown,planner_used
3148,8862,410,96,3.328540398469051,low_compatibility_junction,0.0118905231855543,56,0.0404508083824677,0.7883520982653446,410,96,True,6,5,0.5045878099035421,9.0,17,low_compatibility_junction,0.0,False,,low_support,high_bottleneck,long_horizon,unknown,not_planner_used
3149,2657,130,151,3.3284951222116925,low_compatibility_junction,0.0108337495936936,615,0.0190601133637101,0.8051916206030847,130,151,True,104,15,0.4166024875931544,6.0,432,low_compatibility_junction,1.0,True,,high_support,low_bottleneck,short_horizon,unknown,planner_used
3150,8885,410,359,3.326422544326507,low_compatibility_junction,0.0119411304073694,26,0.0539452724068614,0.7875545757473119,410,359,True,4,4,0.5045878099035421,6.0,15,low_compatibility_junction,0.0,False,,low_support,high_bottleneck,short_horizon,unknown,not_planner_used
3151,1474,68,410,3.324209908507335,low_compatibility_junction,0.0131116729602217,25,0.0579981087037681,0.7693313952449518,68,410,True,8,4,0.5045878099035421,9.0,14,low_compatibility_junction,0.0,False,,low_support,high_bottleneck,long_horizon,unknown,not_planner_used
3152,6333,291,410,3.3236752096928925,low_compatibility_junction,0.013290244289824,31,0.0538730161246756,0.7665886852508731,291,410,True,11,4,0.5045878099035421,9.0,11,low_compatibility_junction,0.0,False,,low_support,high_bottleneck,long_horizon,unknown,not_planner_used
3153,8898,410,477,3.323285838546538,low_compatibility_junction,0.0164858584145182,38,0.0573102814726818,0.7191270966179737,410,477,True,4,4,0.5045878099035421,8.0,19,low_compatibility_junction,1.0,True,,low_support,high_bottleneck,long_horizon,unknown,planner_used
3154,3139,151,231,3.318625709800289,low_compatibility_junction,0.0192847059351962,549,0.0309012357005732,0.6799784865738027,151,231,True,86,19,0.4166024875931544,6.0,311,low_compatibility_junction,0.0,False,,high_support,low_bottleneck,short_horizon,unknown,not_planner_used
3155,8200,380,410,3.318443177955495,low_compatibility_junction,0.011851626745839,27,0.0529158083566241,0.7889656186692898,380,410,True,11,3,0.5045878099035421,9.0,11,low_compatibility_junction,0.0,False,,low_support,high_bottleneck,long_horizon,unknown,not_planner_used
3156,2157,104,297,3.314661132605907,low_compatibility_junction,0.0075908377160774,49,0.0319859535579928,0.8591457010542651,104,297,True,36,8,0.4066056211942844,4.0,42,low_compatibility_junction,0.0,False,,high_support,low_bottleneck,short_horizon,unknown,not_planner_used
3157,4792,226,410,3.313915788093837,low_compatibility_junction,0.0047720799510202,17,0.0376107429063911,0.9089714449264056,226,410,True,2,2,0.5045878099035421,4.0,11,low_compatibility_junction,0.0,False,,low_support,high_bottleneck,short_horizon,unknown,not_planner_used
3158,8527,394,410,3.313452167349144,low_compatibility_junction,0.0073256610582272,21,0.0439331411169761,0.8637143129502227,394,410,True,9,4,0.5045878099035421,9.0,9,low_compatibility_junction,1.0,True,,low_support,high_bottleneck,long_horizon,unknown,planner_used
3159,8873,410,183,3.3067366987690665,low_compatibility_junction,0.0072666022238799,38,0.0343703886670948,0.8647351149159191,410,183,True,6,4,0.5045878099035421,9.5,10,low_compatibility_junction,0.0,False,,low_support,high_bottleneck,long_horizon,unknown,not_planner_used
3160,1147,52,410,3.3049470957617144,low_compatibility_junction,0.0187054781592451,20,0.0786466847272463,0.6879015390164984,52,410,True,9,2,0.5045878099035421,8.0,9,low_compatibility_junction,0.0,False,,low_support,high_bottleneck,long_horizon,unknown,not_planner_used
3161,3385,161,410,3.3023124139365407,low_compatibility_junction,0.0134155542279283,18,0.0669242207752007,0.7646698671110389,161,410,True,8,3,0.5045878099035421,9.0,8,low_compatibility_junction,1.0,True,,low_support,high_bottleneck,long_horizon,unknown,planner_used
3162,8561,395,410,3.302005017034857,low_compatibility_junction,0.0120030113567526,13,0.0715595574854277,0.7865804861507705,395,410,True,7,4,0.5045878099035421,10.0,8,low_compatibility_junction,0.0,False,,low_support,high_bottleneck,long_horizon,unknown,not_planner_used
3163,6073,278,297,3.2999301308283115,low_compatibility_junction,0.0124124025159372,176,0.0288723203442876,0.7801663987507514,278,297,True,31,6,0.4066056211942844,7.5,88,low_compatibility_junction,0.0,False,,high_support,low_bottleneck,long_horizon,unknown,not_planner_used
3164,8607,400,410,3.299180365209875,low_compatibility_junction,0.0177442470449022,12,0.0931135043981144,0.7012541242367163,400,410,True,7,3,0.5045878099035421,8.0,7,low_compatibility_junction,0.0,False,,low_support,high_bottleneck,long_horizon,unknown,not_planner_used
3165,8857,410,14,3.292030286147137,low_compatibility_junction,0.0064128223573789,10,0.0560469823362752,0.8796277721846424,410,14,True,2,2,0.5045878099035421,5.0,8,low_compatibility_junction,0.0,False,,low_support,high_bottleneck,short_horizon,unknown,not_planner_used
3166,2190,106,410,3.286599594798474,low_compatibility_junction,0.0222514114866498,6,0.1416115265217222,0.6408061859894476,106,410,True,3,2,0.5045878099035421,6.0,7,low_compatibility_junction,0.0,False,,low_support,high_bottleneck,short_horizon,unknown,not_planner_used
3167,1078,48,8,3.286435607508,low_compatibility_junction,0.0122585304510315,394,0.0231912237696837,0.7825710131777698,48,8,True,53,12,0.5520708483104224,6.0,265,low_compatibility_junction,0.0,False,,high_support,high_bottleneck,short_horizon,unknown,not_planner_used
3168,6477,297,106,3.2817085505614094,low_compatibility_junction,0.0245987575529425,66,0.0624378480938152,0.6114175587225785,297,106,True,22,6,0.4066056211942844,6.0,49,low_compatibility_junction,1.0,True,,high_support,low_bottleneck,short_horizon,unknown,planner_used
3169,11016,511,410,3.281181912660536,low_compatibility_junction,0.0099382264169809,17,0.0573281549843054,0.8197428968296088,511,410,True,2,2,0.5045878099035421,7.0,9,low_compatibility_junction,0.0,False,,low_support,high_bottleneck,long_horizon,unknown,not_planner_used
3170,7811,359,410,3.2767176269462497,low_compatibility_junction,0.0063352640718221,12,0.0513700195930785,0.8809932794136157,359,410,True,2,2,0.5045878099035421,8.0,9,low_compatibility_junction,0.0,False,,low_support,high_bottleneck,long_horizon,unknown,not_planner_used
3171,8874,410,192,3.268308548419812,low_compatibility_junction,0.0096973681356757,8,0.0779372111802748,0.8237012605267168,410,192,True,2,2,0.5045878099035421,5.5,4,low_compatibility_junction,0.0,False,,low_support,high_bottleneck,short_horizon,unknown,not_planner_used
3172,5874,269,8,3.267811247782844,low_compatibility_junction,0.0117357851466208,315,0.0236992470094629,0.7907956385549041,269,8,True,68,28,0.5520708483104224,10.0,117,low_compatibility_junction,0.0,False,,high_support,high_bottleneck,long_horizon,unknown,not_planner_used
3173,8858,410,52,3.267164596038509,low_compatibility_junction,0.0273168083513155,8,0.1418486003145155,0.5790675352460483,410,52,True,2,2,0.5045878099035421,7.5,6,low_compatibility_junction,0.0,False,,low_support,high_bottleneck,long_horizon,unknown,not_planner_used
3174,9609,442,410,3.267164596038509,low_compatibility_junction,0.007945166376885,12,0.0583784152918629,0.8530788242134804,442,410,True,2,2,0.5045878099035421,7.5,6,low_compatibility_junction,0.0,False,,low_support,high_bottleneck,long_horizon,unknown,not_planner_used
3175,3251,156,248,3.264803753587417,low_compatibility_junction,0.003504667681409,20,0.0294503141032087,0.9323067816226996,156,248,True,61,40,0.4030767285678711,1.0,64,low_compatibility_junction,1.0,True,,high_support,low_bottleneck,short_horizon,unknown,planner_used
3176,2904,141,248,3.2615609244298898,low_compatibility_junction,0.0055742039283702,265,0.014563476741159,0.8945056331010369,141,248,True,327,99,0.4030767285678711,2.0,431,low_compatibility_junction,0.0,False,,high_support,low_bottleneck,short_horizon,unknown,not_planner_used
3177,7147,327,297,3.2563840889041127,low_compatibility_junction,0.0404141171122455,107,0.0785058500071708,0.4456228367492877,327,297,True,17,6,0.4066056211942844,9.0,41,low_compatibility_junction,0.0,False,,high_support,low_bottleneck,long_horizon,unknown,not_planner_used
3178,3146,151,343,3.249771080786365,low_compatibility_junction,0.0044777878266315,42,0.0247155823344965,0.9143372834264568,151,343,True,27,7,0.4166024875931544,3.0,45,low_compatibility_junction,1.0,True,,high_support,low_bottleneck,short_horizon,unknown,planner_used
3179,2125,102,151,3.2488271945795724,low_compatibility_junction,0.0153514176335637,274,0.0300222594114292,0.7356297435432745,102,151,True,47,14,0.4166024875931544,9.0,105,low_compatibility_junction,0.0,False,,high_support,low_bottleneck,long_horizon,unknown,not_planner_used
3180,204,8,48,3.2484185291400047,low_compatibility_junction,0.0158690886427573,187,0.0339246610461159,0.7280527512843625,8,48,True,33,7,0.5520708483104224,5.0,126,low_compatibility_junction,1.0,True,,high_support,high_bottleneck,short_horizon,unknown,planner_used
3181,231,8,391,3.2475491342040863,low_compatibility_junction,0.0216843055360576,280,0.0389327452322942,0.6481156601175778,8,391,True,44,9,0.5520708483104224,8.0,152,low_compatibility_junction,0.0,False,,high_support,high_bottleneck,long_horizon,unknown,not_planner_used
3182,6498,297,343,3.246470828254639,low_compatibility_junction,0.0350281785438327,95,0.0726641426842506,0.4963055216223643,297,343,True,14,4,0.4066056211942844,9.0,44,low_compatibility_junction,0.0,False,,high_support,low_bottleneck,long_horizon,unknown,not_planner_used
3183,8196,380,297,3.2464151419367067,low_compatibility_junction,0.015589069592318,81,0.0427799744228732,0.7321415628504959,380,297,True,17,2,0.4066056211942844,6.5,40,low_compatibility_junction,0.0,False,,high_support,low_bottleneck,long_horizon,unknown,not_planner_used
3184,6481,297,132,3.2452854181773443,low_compatibility_junction,0.0136030207037577,91,0.0375666754947151,0.7618082357595535,297,132,True,13,5,0.4066056211942844,9.0,39,low_compatibility_junction,0.0,False,,high_support,low_bottleneck,long_horizon,unknown,not_planner_used
3185,6497,297,330,3.2452074846449883,low_compatibility_junction,0.0167772962119091,44,0.0550501388052458,0.714947672530605,297,330,True,15,4,0.4066056211942844,6.0,26,low_compatibility_junction,0.0,False,,high_support,low_bottleneck,short_horizon,unknown,not_planner_used
3186,7918,363,297,3.2431581594551364,low_compatibility_junction,0.0098441927138165,88,0.0305744546101026,0.8212860166321091,363,297,True,12,2,0.4066056211942844,7.0,50,low_compatibility_junction,0.0,False,,low_support,low_bottleneck,long_horizon,unknown,not_planner_used
3187,9706,447,8,3.2393982093457896,low_compatibility_junction,0.0155240094242729,208,0.0324567148348271,0.733094847987142,447,8,True,43,7,0.5520708483104224,7.0,123,low_compatibility_junction,0.0,False,,high_support,high_bottleneck,long_horizon,unknown,not_planner_used
3188,405,14,8,3.237432875128869,low_compatibility_junction,0.0100596924728181,224,0.0231945212082388,0.8177538950402548,14,8,True,34,17,0.5520708483104224,9.0,97,low_compatibility_junction,1.0,True,,high_support,high_bottleneck,long_horizon,unknown,planner_used
3189,8008,370,297,3.23327314262756,low_compatibility_junction,0.0261311224894598,4,0.1845493349490037,0.5929634902297239,370,297,True,2,2,0.4066056211942844,2.0,6,low_compatibility_junction,0.0,False,,low_support,low_bottleneck,short_horizon,unknown,not_planner_used
3190,3158,151,510,3.2246410331130884,low_compatibility_junction,0.008041762979172,220,0.0198918179580983,0.851432324869974,151,510,True,17,5,0.4166024875931544,6.0,128,low_compatibility_junction,0.0,False,,high_support,low_bottleneck,short_horizon,unknown,not_planner_used
3191,426,14,297,3.2197353350039526,low_compatibility_junction,0.0065843614429468,16,0.0463449598093136,0.8766151321212078,14,297,True,10,5,0.4066056211942844,5.0,10,low_compatibility_junction,0.0,False,,low_support,low_bottleneck,short_horizon,unknown,not_planner_used
3192,6488,297,201,3.2196018845322865,low_compatibility_junction,0.021800627106462,22,0.0834997832419114,0.6466096160232099,297,201,True,5,2,0.4066056211942844,4.0,18,low_compatibility_junction,0.0,False,,low_support,low_bottleneck,short_horizon,unknown,not_planner_used
3193,6506,297,442,3.215127820963936,low_compatibility_junction,0.0084111348198922,19,0.0496499869174102,0.8451655983913196,297,442,True,4,3,0.4066056211942844,4.5,18,low_compatibility_junction,0.0,False,,low_support,low_bottleneck,short_horizon,unknown,not_planner_used
3194,768,31,248,3.2141076754420648,low_compatibility_junction,0.0052981476924932,275,0.0139011839800715,0.8994579689136725,31,248,True,299,100,0.4030767285678711,3.0,382,low_compatibility_junction,0.0,False,,high_support,low_bottleneck,short_horizon,unknown,not_planner_used
3195,3151,151,394,3.2101068535329578,low_compatibility_junction,0.0222986227251745,107,0.0505931995083098,0.6402014064843783,151,394,True,17,5,0.4166024875931544,5.0,63,low_compatibility_junction,0.0,False,,high_support,low_bottleneck,short_horizon,unknown,not_planner_used
3196,6475,297,102,3.209128153047427,low_compatibility_junction,0.0055386050371453,18,0.0399197247838718,0.8951427280475182,297,102,True,3,3,0.4066056211942844,4.0,14,low_compatibility_junction,0.0,False,,low_support,low_bottleneck,short_horizon,unknown,not_planner_used
3197,2797,136,297,3.2066428598901515,low_compatibility_junction,0.0111204362280356,12,0.0707863588120518,0.800588077443855,136,297,True,3,2,0.4066056211942844,3.5,12,low_compatibility_junction,0.0,False,,low_support,low_bottleneck,short_horizon,unknown,not_planner_used
3198,6490,297,226,3.2050007392439506,low_compatibility_junction,0.0260240068503965,24,0.0905652806978616,0.5942351651700423,297,226,True,13,3,0.4066056211942844,8.0,13,low_compatibility_junction,0.0,False,,high_support,low_bottleneck,long_horizon,unknown,not_planner_used
3199,6474,297,91,3.203049111090408,low_compatibility_junction,0.0134432414496267,37,0.0508032708034862,0.7642465526431352,297,91,True,5,2,0.4066056211942844,7.0,25,low_compatibility_junction,0.0,False,,low_support,low_bottleneck,long_horizon,unknown,not_planner_used
3200,8150,376,297,3.195149826664806,low_compatibility_junction,0.0072438633845498,12,0.0553998820271578,0.8651284658093914,376,297,True,10,2,0.4066056211942844,6.0,10,low_compatibility_junction,0.0,False,,low_support,low_bottleneck,short_horizon,unknown,not_planner_used
3201,8520,394,297,3.18473315999814,low_compatibility_junction,0.0102474216912542,31,0.045882894761489,0.8146893257405473,394,297,True,10,2,0.4066056211942844,8.0,10,low_compatibility_junction,0.0,False,,low_support,low_bottleneck,long_horizon,unknown,not_planner_used
3202,4885,231,8,3.183576625849128,low_compatibility_junction,0.0054416860220953,5,0.0701020000059937,0.8968795378332731,231,8,True,7,2,0.5520708483104224,2.0,9,low_compatibility_junction,0.0,False,,low_support,high_bottleneck,short_horizon,unknown,not_planner_used
3203,5289,248,12,3.183039818240592,low_compatibility_junction,0.0033917569671757,10,0.0394885346143596,0.9344145090690628,248,12,True,21,11,0.4030767285678711,1.0,26,low_compatibility_junction,0.0,False,,high_support,low_bottleneck,short_horizon,unknown,not_planner_used
3204,232,8,420,3.182571973022415,low_compatibility_junction,0.0314152407498127,131,0.0617674718088833,0.5334954083154734,8,420,True,14,4,0.5520708483104224,7.0,65,low_compatibility_junction,0.0,False,,high_support,high_bottleneck,long_horizon,unknown,not_planner_used
3205,1331,61,248,3.1818455152335807,low_compatibility_junction,0.0068628924333264,579,0.0136108195853865,0.8717454187564356,61,248,True,281,124,0.4030767285678711,5.0,354,low_compatibility_junction,0.0,False,,high_support,low_bottleneck,short_horizon,unknown,not_planner_used
3206,2180,106,297,3.177721337844889,low_compatibility_junction,0.020278559376796,9,0.1133150598017486,0.6665959507989775,106,297,True,4,2,0.4066056211942844,4.0,5,low_compatibility_junction,0.0,False,,low_support,low_bottleneck,short_horizon,unknown,not_planner_used
3207,2150,104,151,3.175630725008561,low_compatibility_junction,0.0099740649444963,96,0.0299522738781218,0.8191555397875999,104,151,True,16,6,0.4166024875931544,9.0,40,low_compatibility_junction,0.0,False,,high_support,low_bottleneck,long_horizon,unknown,not_planner_used
3208,1470,68,297,3.1755645873422256,low_compatibility_junction,0.0069340742683332,19,0.0443773223486149,0.8705052529673419,68,297,True,8,2,0.4066056211942844,7.5,8,low_compatibility_junction,0.0,False,,low_support,low_bottleneck,long_horizon,unknown,not_planner_used
3209,9468,436,297,3.174916719392134,low_compatibility_junction,0.0095280475714909,28,0.0456839340467048,0.8264953801186217,436,297,True,5,2,0.4066056211942844,9.0,13,low_compatibility_junction,1.0,True,,low_support,low_bottleneck,long_horizon,unknown,planner_used
3210,415,14,151,3.170863219685621,low_compatibility_junction,0.0134502947606588,78,0.039188287318939,0.7641387508740881,14,151,True,13,8,0.4166024875931544,9.0,33,low_compatibility_junction,0.0,False,,high_support,low_bottleneck,long_horizon,unknown,not_planner_used
3211,3128,151,48,3.17048353806459,low_compatibility_junction,0.0224217713041881,83,0.0546363150230442,0.6386265488255062,151,48,True,12,2,0.4166024875931544,6.0,50,low_compatibility_junction,0.0,False,,low_support,low_bottleneck,short_horizon,unknown,not_planner_used
3212,3727,175,61,3.1684081760946743,low_compatibility_junction,0.0056152167552879,230,0.0152996768953703,0.893772209845623,175,61,True,184,26,0.7906895530825655,3.0,195,low_compatibility_junction,2.0,True,,high_support,high_bottleneck,short_horizon,unknown,planner_used
3213,5883,269,151,3.16746451556887,low_compatibility_junction,0.0102729102911646,85,0.0318202349987331,0.8142741257726956,269,151,True,16,7,0.4166024875931544,9.0,28,low_compatibility_junction,0.0,False,,high_support,low_bottleneck,long_horizon,unknown,not_planner_used
3214,3145,151,327,3.1669861140297586,low_compatibility_junction,0.072410330819043,121,0.1203575751468633,0.2349913400469901,151,327,True,10,2,0.4166024875931544,7.0,61,low_compatibility_junction,0.0,False,,low_support,low_bottleneck,long_horizon,unknown,not_planner_used
3215,2781,136,8,3.166946844756057,low_compatibility_junction,0.0091679438645279,104,0.027570382339541,0.8324693477785979,136,8,True,10,6,0.5520708483104224,8.0,45,low_compatibility_junction,0.0,False,,low_support,high_bottleneck,long_horizon,unknown,not_planner_used
3216,7466,343,151,3.1665454910349515,low_compatibility_junction,0.0266741161047648,61,0.0676601761956245,0.5865588223268364,343,151,True,15,3,0.4166024875931544,7.0,37,low_compatibility_junction,0.0,False,,high_support,low_bottleneck,long_horizon,unknown,not_planner_used
3217,3150,151,391,3.166421523534608,low_compatibility_junction,0.0212966568372697,48,0.0625815503885776,0.6531600130649201,151,391,True,18,5,0.4166024875931544,7.0,24,low_compatibility_junction,0.0,False,,high_support,low_bottleneck,long_horizon,unknown,not_planner_used
3218,7459,343,8,3.1646449941503043,low_compatibility_junction,0.0022149721044115,12,0.0288436484332422,0.956667448080306,343,8,True,8,3,0.5520708483104224,3.0,14,low_compatibility_junction,0.0,False,,low_support,high_bottleneck,short_horizon,unknown,not_planner_used
3219,2923,142,297,3.1642413436115304,low_compatibility_junction,0.05620484595949,22,0.1552724391008252,0.3249457871974293,142,297,True,6,3,0.4066056211942844,10.0,7,low_compatibility_junction,0.0,False,,low_support,low_bottleneck,long_horizon,unknown,not_planner_used
3220,3725,175,43,3.1618735528819224,low_compatibility_junction,0.0072682494875779,965,0.0126473211211257,0.8647066264499381,175,43,True,183,30,0.7906895530825655,6.0,522,low_compatibility_junction,0.0,False,,high_support,high_bottleneck,short_horizon,unknown,not_planner_used
3221,8510,394,151,3.16142000097238,low_compatibility_junction,0.0049004862545013,31,0.029543556336655,0.906640086554584,394,151,True,10,2,0.4166024875931544,4.0,22,low_compatibility_junction,0.0,False,,low_support,low_bottleneck,short_horizon,unknown,not_planner_used
3222,7141,327,151,3.1604867910002734,low_compatibility_junction,0.024930544445912,15,0.104835980032158,0.607373783634282,327,151,True,10,2,0.4166024875931544,3.5,16,low_compatibility_junction,0.0,False,,low_support,low_bottleneck,short_horizon,unknown,not_planner_used
3223,3997,186,248,3.160185115469716,low_compatibility_junction,0.0065182771909192,232,0.0169073907024014,0.8777745072232472,186,248,True,168,96,0.4030767285678711,4.0,215,low_compatibility_junction,0.0,False,,high_support,low_bottleneck,short_horizon,unknown,not_planner_used
3224,3723,175,31,3.158223255799756,low_compatibility_junction,0.0074380010598584,679,0.0139250817827779,0.8617758980344999,175,31,True,219,31,0.7906895530825655,6.0,401,low_compatibility_junction,0.0,False,,high_support,high_bottleneck,short_horizon,unknown,not_planner_used
3225,5480,253,175,3.1569731114780057,low_compatibility_junction,0.0083244874593869,1143,0.0136139519730808,0.8466314955514741,253,175,True,141,36,0.7906895530825655,7.0,572,low_compatibility_junction,0.0,False,,high_support,high_bottleneck,long_horizon,unknown,not_planner_used
3226,8993,415,394,3.156290408522389,low_compatibility_junction,0.0257688687554028,939,0.0360365162928842,0.5972751553070463,415,394,True,147,19,0.4019911247264064,6.0,559,low_compatibility_junction,0.0,False,,high_support,low_bottleneck,short_horizon,unknown,not_planner_used
3227,3603,171,102,3.156022797253901,low_compatibility_junction,0.007624244618525,1040,0.0129311068421107,0.8585718648440465,171,102,True,101,17,0.6420139129410399,7.0,500,low_compatibility_junction,0.0,False,,high_support,high_bottleneck,long_horizon,unknown,not_planner_used
3228,234,8,475,3.1496195998437315,low_compatibility_junction,0.0273061932487663,82,0.063072963489718,0.5791904855222758,8,475,True,6,2,0.5520708483104224,6.0,49,low_compatibility_junction,0.0,False,,low_support,high_bottleneck,short_horizon,unknown,not_planner_used
3229,3152,151,401,3.1470891638104126,low_compatibility_junction,0.0207021945217788,34,0.0690664832659684,0.6609719402829014,151,401,True,15,3,0.4166024875931544,8.0,23,low_compatibility_junction,0.0,False,,high_support,low_bottleneck,long_horizon,unknown,not_planner_used
3230,5528,256,175,3.1459161831129028,low_compatibility_junction,0.0082394129770341,437,0.01675007782945,0.848073256498856,256,175,True,66,30,0.7906895530825655,4.0,349,low_compatibility_junction,0.0,False,,high_support,high_bottleneck,short_horizon,unknown,not_planner_used
3231,2903,141,175,3.1415129585982,low_compatibility_junction,0.0090523508472836,864,0.0153965950138532,0.8343961270161463,141,175,True,108,35,0.7906895530825655,7.0,439,low_compatibility_junction,0.0,False,,high_support,high_bottleneck,long_horizon,unknown,not_planner_used
3232,229,8,372,3.141112858257794,low_compatibility_junction,0.0066392358728787,9,0.0598738200047622,0.8756535847484632,8,372,True,5,2,0.5520708483104224,3.0,11,low_compatibility_junction,0.0,False,,low_support,high_bottleneck,short_horizon,unknown,not_planner_used
3233,10995,511,8,3.139011753871792,low_compatibility_junction,0.0078975004206378,56,0.0311734220749086,0.8538924683413206,511,8,True,9,5,0.5520708483104224,9.0,25,low_compatibility_junction,0.0,False,,low_support,high_bottleneck,long_horizon,unknown,not_planner_used
3234,3607,171,136,3.138310732279223,low_compatibility_junction,0.0073038531806586,175,0.0199661667536916,0.864091110635649,171,136,True,87,15,0.6420139129410399,4.0,154,low_compatibility_junction,0.0,False,,high_support,high_bottleneck,short_horizon,unknown,not_planner_used
3235,1088,48,151,3.1379164917982147,low_compatibility_junction,0.0066718048341995,11,0.0549422601789274,0.8750833879211671,48,151,True,4,2,0.4166024875931544,3.5,14,low_compatibility_junction,0.0,False,,low_support,low_bottleneck,short_horizon,unknown,not_planner_used
3236,1091,48,171,3.1374691082700763,low_compatibility_junction,0.0091954727548845,645,0.0165960099378973,0.8320111347831214,48,171,True,75,12,0.6420139129410399,6.0,368,low_compatibility_junction,1.0,True,,high_support,high_bottleneck,short_horizon,unknown,planner_used
3237,2145,104,8,3.133549918365331,low_compatibility_junction,0.0104642250799395,68,0.0347781544775382,0.8111644252361406,104,8,True,11,4,0.5520708483104224,9.5,22,low_compatibility_junction,0.0,False,,low_support,high_bottleneck,long_horizon,unknown,not_planner_used
3238,205,8,61,3.129323910607257,low_compatibility_junction,0.0095739208817005,43,0.0388199400738003,0.8257374462819471,8,61,True,12,5,0.5520708483104224,9.0,15,low_compatibility_junction,0.0,False,,low_support,high_bottleneck,long_horizon,unknown,not_planner_used
3239,3728,175,74,3.128366950822542,low_compatibility_junction,0.006902867872674,463,0.014470854503261,0.8710487291759861,175,74,True,174,30,0.7906895530825655,7.0,232,low_compatibility_junction,0.0,False,,high_support,high_bottleneck,long_horizon,unknown,not_planner_used
3240,6473,297,68,3.124538961850985,low_compatibility_junction,0.0198221447256704,9,0.1118056886513431,0.6727086909615244,297,68,True,3,2,0.4066056211942844,9.0,3,low_compatibility_junction,0.0,False,,low_support,low_bottleneck,long_horizon,unknown,not_planner_used
3241,454,17,151,3.123381155371426,low_compatibility_junction,0.0421721184136882,59,0.0945735044249258,0.430226971750387,17,151,True,8,2,0.4166024875931544,9.0,23,low_compatibility_junction,0.0,False,,low_support,low_bottleneck,long_horizon,unknown,not_planner_used
3242,233,8,457,3.1215384753620574,low_compatibility_junction,0.0132056918373564,44,0.0471612061044852,0.7678861210228918,8,457,True,8,6,0.5520708483104224,10.0,15,low_compatibility_junction,0.0,False,,low_support,high_bottleneck,long_horizon,unknown,not_planner_used
