edge_id,src,dst,heldout_support_lcb,edge_action_mse,edge_action_mse_ucb,edge_policy_support_score,obs_goal_knn_distance,action_residual_score,low_support_flag,edge_ood_score,outgoing_mean_termination_bridge_coverage,incoming_mean_termination_bridge_coverage,outgoing_incompatible_fraction,incoming_incompatible_fraction,edge_proxy_score,certified_offline_binary,edge_bottleneck_score,num_unique_starts,num_unique_episodes,median_h,num_segments,num_episodes,train_num_segments,train_num_unique_starts,train_num_unique_terminations,train_num_episodes,heldout_num_segments,heldout_num_unique_starts,heldout_num_unique_terminations,heldout_num_episodes,heldout_support_binary,heldout_support_rate,num_policy_eval_samples,obs_goal_knn_distance_norm,edge_proxy_score_original,certified_offline_binary_original,support_reliability,policy_reliability,behavior_reliability,compatibility_reliability,diversity_reliability,calibrated_edge_reliability_score,calibrated_edge_risk_score,calibrated_edge_ood_score,calibrated_certified_binary,edge_proxy_score_calibrated_input,edge_ood_score_calibrated_input
175,127,106,0.6853073044604219,0.0032108305410171,0.0485516263845903,0.9378018395024198,8.811985969543457,0.0,1.0,0.33333333333333326,0.1666666666666666,0.0010178117048346,0.8333333333333334,0.8,0.4041610980536303,True,1.181694780615308,4,3,7.5,14,3,1,1,1,1,13,3,12,2,True,0.9285714285714286,6.0,0.0,0.5388985881387115,True,0.6853073044604219,0.9378018395024198,0.6666666666666667,0.12398014834663765,0.06013745704467354,0.4041610980536303,0.5958389019463697,0.33333333333333326,True,0.4041610980536303,0.33333333333333326
427,273,292,0.5747514992528577,0.0089768327117148,0.0363571654443628,0.835657320002585,8.906688690185547,0.1040649179314528,1.0,0.36802163931048426,0.356060606060606,0.1394271204047477,0.3333333333333333,0.4,0.5590825986510394,True,1.1119155647980608,43,12,8.0,132,12,45,19,17,6,87,24,23,6,True,0.6590909090909091,46.0,0.0,0.4933444044174055,True,0.5747514992528577,0.835657320002585,0.6319783606895157,0.3961116594017761,0.359106529209622,0.5590825986510394,0.4409174013489606,0.36802163931048426,True,0.5590825986510394,0.36802163931048426
546,372,390,0.5699064013154177,0.0058575022034347,0.0729427918945656,0.889451726194793,10.87969970703125,0.0433452497251078,1.0,0.5327014193582463,0.296875,0.0365534311854447,0.5,0.6,0.45573016244501696,True,0.8635553308620566,10,5,10.0,16,5,3,2,2,1,13,8,8,4,True,0.8125,5.0,0.5547590083496311,0.4748707795673249,True,0.5699064013154177,0.889451726194793,0.46729858064175367,0.2739003413957804,0.1610824742268041,0.45573016244501696,0.544269837554983,0.5327014193582463,True,0.45573016244501696,0.5327014193582463
250,208,187,0.4270961903790706,0.0026525820372626,0.0477971479435775,0.9483310386962034,8.992640495300293,0.0,1.0,0.33333333333333326,0.475,0.0194962953938238,0.4,0.5714285714285714,0.463319290966587,True,1.141922868998979,10,3,9.0,24,3,9,5,5,2,15,5,5,1,True,0.625,5.0,0.0,0.4714540839665383,True,0.4270961903790706,0.9483310386962034,0.6666666666666667,0.35658966648534013,0.11512027491408935,0.463319290966587,0.5366807090334129,0.33333333333333326,True,0.463319290966587,0.33333333333333326
322,222,204,0.4868654966809702,0.0029535962094087,0.0562136544098663,0.9426389681763362,10.568825721740724,0.0,1.0,0.48432099950945773,0.3095238095238095,0.0280390107976314,0.5,0.8333333333333334,0.40382528609402496,True,0.9050989791035348,5,3,10.0,7,3,1,1,1,1,6,4,4,2,True,0.8571428571428571,4.0,0.4529629985283731,0.4628620712064872,True,0.4868654966809702,0.9426389681763362,0.5156790004905423,0.23719289629660806,0.07517182130584193,0.40382528609402496,0.596174713905975,0.48432099950945773,True,0.40382528609402496,0.48432099950945773
137,86,67,0.4649956625382886,0.0048909324853281,0.0415252316320848,0.906813339708464,8.86882209777832,0.0245303814622103,1.0,0.34151012715407014,0.2819672131147541,0.0250164191674966,0.6,0.6,0.47356480632799386,True,1.1216278354671452,24,7,9.0,61,7,25,13,12,5,36,11,11,2,True,0.5901639344262295,14.0,0.0,0.4545896174406727,True,0.4649956625382886,0.906813339708464,0.6584898728459299,0.2477836283059277,0.25773195876288657,0.47356480632799386,0.5264351936720062,0.34151012715407014,True,0.47356480632799386,0.34151012715407014
407,252,231,0.4798069406075242,0.0040795178086097,0.0375372476581157,0.9216494293769466,9.890509605407717,0.0087357005788225,1.0,0.4131944604340223,0.1468253968253968,0.0681423018105269,0.625,0.3333333333333333,0.4574955830531367,True,1.1940024538182468,19,6,9.0,63,6,25,9,10,3,38,10,10,3,True,0.6031746031746031,14.0,0.2308476807232444,0.4485949288762838,True,0.4798069406075242,0.9216494293769466,0.5868055395659777,0.2366034055540448,0.22207903780068727,0.4574955830531367,0.5425044169468634,0.4131944604340223,True,0.4574955830531367,0.4131944604340223
441,293,272,0.4659835342166253,0.006943252564977,0.0341631386031986,0.8703454725240792,9.651592254638672,0.0644800418007695,1.0,0.40569799583947086,0.2522935779816513,0.0238054677268544,0.5,0.6666666666666666,0.46020248304699807,True,0.680761705411858,34,6,8.0,109,6,48,17,11,3,61,17,14,3,True,0.5596330275229358,36.0,0.1526139457176428,0.4345371604307775,True,0.4659835342166253,0.8703454725240792,0.5943020041605291,0.23983459826014544,0.27362542955326463,0.46020248304699807,0.5397975169530019,0.40569799583947086,True,0.46020248304699807,0.40569799583947086
152,106,146,0.3755282641185388,0.0012500604110149,0.0412593596423805,0.975308733639812,8.461675643920898,0.0,1.0,0.33333333333333326,0.1714285714285714,0.0165755571864888,0.7142857142857143,0.4,0.37571416608658625,True,1.2918859947622392,4,3,10.0,5,3,1,1,1,1,4,3,3,2,True,0.8,3.0,0.0,0.4282710052675318,True,0.3755282641185388,0.975308733639812,0.6666666666666667,0.20403305031760463,0.06013745704467354,0.37571416608658625,0.6242858339134137,0.33333333333333326,True,0.37571416608658625,0.33333333333333326
73,27,46,0.4333332433899832,0.0077640754683732,0.0302481460326799,0.8561741225199198,8.905067443847656,0.0804578595466252,1.0,0.36015261984887514,0.2063142437591777,0.100104512561576,0.5,0.375,0.4965005547073476,True,1.2483050882681392,70,16,8.0,227,16,114,42,41,12,113,28,23,4,True,0.4977973568281938,59.0,0.0,0.424812147759157,True,0.4333332433899832,0.8561741225199198,0.6398473801511249,0.2935647717543983,0.4325601374570447,0.4965005547073476,0.5034994452926524,0.36015261984887514,True,0.4965005547073476,0.36015261984887514
437,292,273,0.46138519294934,0.0057874641031958,0.0330106907664926,0.8906985093973367,10.444758415222168,0.04198191544648,1.0,0.4847729818046026,0.2,0.0150011804246408,0.4,0.5714285714285714,0.44104865903483004,True,1.1119155647980608,25,6,8.0,110,6,49,13,19,4,61,12,13,2,True,0.5545454545454546,30.0,0.4123370299673279,0.4247864498609409,True,0.46138519294934,0.8906985093973367,0.5152270181953974,0.23512978931534614,0.24355670103092783,0.44104865903483004,0.55895134096517,0.4847729818046026,True,0.44104865903483004,0.4847729818046026
434,281,303,0.3006360524426366,0.0016839067102409,0.0585561144133967,0.9668826610160568,10.65827178955078,0.0,1.0,0.49408406882167033,0.5833333333333334,0.013732833957553,0.3333333333333333,0.8,0.3331096388510276,True,0.934839852702454,3,2,10.0,4,2,1,1,1,1,3,2,2,1,True,0.75,2.0,0.4822522064650112,0.4206174291287933,True,0.3006360524426366,0.9668826610160568,0.5059159311783297,0.35967254030070006,0.019759450171821305,0.3331096388510276,0.6668903611489724,0.49408406882167033,True,0.3331096388510276,0.49408406882167033
94,32,53,0.3993718014219609,0.0079641036400399,0.0317668814671857,0.8527557858282515,9.457529067993164,0.0843515297374821,1.0,0.3911397610480931,0.2424836601307189,0.1675836987019867,0.2,0.1428571428571428,0.5157168802961821,True,0.6145816993069612,85,17,8.0,306,17,167,49,53,12,139,36,29,5,True,0.4542483660130719,54.0,0.0890677534067975,0.417468216095721,True,0.3993718014219609,0.8527557858282515,0.6088602389519069,0.41217114001257266,0.45618556701030927,0.5157168802961821,0.4842831197038179,0.3911397610480931,True,0.5157168802961821,0.3911397610480931
255,208,227,0.2818221256950916,0.004814538045875,0.0344917935320561,0.9081999086357984,10.019367218017578,0.0230433171693779,1.0,0.4320285190552102,0.274,0.4575569358178054,0.4,0.4285714285714285,0.445907242373245,True,0.901984607927955,25,6,8.0,100,6,63,16,20,4,37,9,9,2,True,0.37,21.0,0.2730422399962528,0.4151416645450356,True,0.2818221256950916,0.9081999086357984,0.5679714809447898,0.4628624785624006,0.24355670103092783,0.445907242373245,0.5540927576267549,0.4320285190552102,True,0.445907242373245,0.4320285190552102
266,210,212,0.4582997758222724,0.0072668170452945,0.0629606271553793,0.8647313996514872,10.60009765625,0.0707784214806683,1.0,0.5113271491632755,0.1632653061224489,0.0532189974105362,0.5714285714285714,0.4285714285714285,0.4341250263831971,True,0.665031004775942,17,9,10.0,28,9,10,8,8,6,18,9,9,3,True,0.6428571428571429,9.0,0.4632030260091581,0.4132550456613261,True,0.4582997758222724,0.8647313996514872,0.4886728508367245,0.23263936873032964,0.2555841924398625,0.4341250263831971,0.565874973616803,0.5113271491632755,True,0.4341250263831971,0.5113271491632755
132,67,86,0.3710794280084891,0.0159933704180993,0.0458335562876128,0.7262453247472868,9.19466781616211,0.2406460978859547,0.0,0.08121322032683653,0.2918781725888325,0.1807100297914597,0.3333333333333333,0.5,0.5282473350103489,True,1.1216278354671452,122,25,8.0,394,25,229,86,74,19,165,36,45,6,True,0.4187817258883248,69.0,0.0029935630945548,0.4054428668329272,True,0.3710794280084891,0.7262453247472868,0.9187867796731635,0.3712657076734288,0.5395189003436426,0.5282473350103489,0.47175266498965107,0.08121322032683653,True,0.5282473350103489,0.08121322032683653
258,209,208,0.3496794568776001,0.0066143878033025,0.0277280452212946,0.8760888589207049,10.05887222290039,0.0580784889160627,1.0,0.4480188946166913,0.2513457556935817,0.2136914359473208,0.4285714285714285,0.3333333333333333,0.46763847871815584,True,1.2040851850136032,66,8,7.0,345,8,207,41,37,5,138,25,25,3,True,0.4,57.0,0.2859781949340112,0.4044002701296725,True,0.3496794568776001,0.8760888589207049,0.5519811053833087,0.3793943635940656,0.3475085910652921,0.46763847871815584,0.5323615212818442,0.4480188946166913,True,0.46763847871815584,0.4480188946166913
513,340,361,0.4078290315736252,0.0085342821651412,0.0395870353658055,0.8430865617259987,10.075843811035156,0.0954504020021028,1.0,0.46232865370762477,0.198076923076923,0.0694646680942184,0.5,0.3333333333333333,0.45392852939389433,True,0.3811421748763997,40,11,8.0,130,11,66,24,21,7,64,16,19,4,True,0.4923076923076923,34.0,0.2915355591207712,0.3965788748936013,True,0.4078290315736252,0.8430865617259987,0.5376713462923752,0.2793438098322261,0.34149484536082475,0.45392852939389433,0.5460714706061056,0.46232865370762477,True,0.45392852939389433,0.46232865370762477
155,107,106,0.2959004289790373,0.0109493884187291,0.0383561037550262,0.8033315441440662,10.103010177612305,0.1424619161753094,0.0,0.1476310434291057,0.2224546722454672,0.2564119688611984,0.0,0.1666666666666666,0.5233132138839852,True,0.8814227627528947,137,29,5.0,478,29,317,98,92,22,161,39,38,7,True,0.3368200836820084,56.0,0.3004312141120078,0.3924831946025908,True,0.2959004289790373,0.8033315441440662,0.8523689565708943,0.4684875066002882,0.5777491408934707,0.5233132138839852,0.4766867861160148,0.1476310434291057,True,0.5233132138839852,0.1476310434291057
232,205,226,0.3576589345942301,0.0091962111817503,0.0492689659681794,0.8319988472863652,9.961913108825684,0.1083352534655722,1.0,0.454188028549773,0.2821428571428571,0.0928295062363892,0.2,0.5,0.4429710802407317,True,0.5395771851089068,27,6,8.0,112,6,62,13,14,3,50,14,15,3,True,0.4464285714285714,22.0,0.2542288321837467,0.3847416615065489,True,0.3576589345942301,0.8319988472863652,0.545811971450227,0.349093136710327,0.25300687285223367,0.4429710802407317,0.5570289197592684,0.454188028549773,True,0.4429710802407317,0.454188028549773
102,41,81,0.230719932208837,0.0039720111526548,0.1274988424244033,0.923633230293002,10.274343490600586,0.0066430180425453,1.0,0.4543925012317185,0.6,0.0,0.0,1.0,0.3506914215640033,True,0.3837797313718477,4,3,10.0,5,3,2,2,2,2,3,2,2,1,True,0.6,1.0,0.3565344856526103,0.3839386918482635,True,0.230719932208837,0.923633230293002,0.5456074987682815,0.3872983346207417,0.06013745704467354,0.3506914215640033,0.6493085784359967,0.4543925012317185,True,0.3506914215640033,0.4543925012317185
460,304,306,0.3072180469247956,0.0034209139218243,0.0502215245340809,0.9338697742832952,10.850303649902344,0.0,1.0,0.5150444129560453,0.2954545454545454,0.0188841201716738,0.25,0.6666666666666666,0.3994882996946785,True,0.4805973720292605,13,6,9.5,22,6,11,8,6,4,11,5,5,2,True,0.5,6.0,0.5451332388681357,0.3829775763219242,True,0.3072180469247956,0.9338697742832952,0.4849555870439547,0.29177626463970824,0.20446735395189003,0.3994882996946785,0.6005117003053215,0.5150444129560453,True,0.3994882996946785,0.5150444129560453
144,87,106,0.238031274793403,0.012341686946063,0.0376537459704489,0.7812705776227656,9.540983200073242,0.1695638550046472,0.0,0.09531958358704329,0.2890295358649788,0.3163944888138899,0.0,0.0,0.5147221210770183,True,0.9820359200257924,175,34,8.0,474,34,343,126,99,24,131,49,33,10,True,0.2763713080168776,74.0,0.1163948957564827,0.3806041273133734,True,0.238031274793403,0.7812705776227656,0.9046804164129567,0.5501927047312009,0.6400343642611683,0.5147221210770183,0.4852778789229817,0.09531958358704329,True,0.5147221210770183,0.09531958358704329
324,222,223,0.2696009844408479,0.0130416082059868,0.0357682767868575,0.770410211240856,9.975669860839844,0.1831882486238323,0.0,0.14730724785430604,0.3075575575575576,0.2505524435993627,0.3333333333333333,0.6666666666666666,0.47278727402016274,True,0.9050989791035348,129,16,7.0,666,16,464,93,82,12,202,36,33,4,True,0.3033033033033033,97.0,0.2587334949390857,0.3800437324788575,True,0.2696009844408479,0.770410211240856,0.852692752145694,0.3735338007319151,0.4729381443298969,0.47278727402016274,0.5272127259798373,0.14730724785430604,True,0.47278727402016274,0.14730724785430604
251,208,207,0.2402503921127128,0.0077452136486369,0.0343615408757731,0.8564971634867307,10.216191291809082,0.0800907027374588,1.0,0.47252773013736427,0.1635135135135135,0.5540486694735296,0.25,0.2857142857142857,0.4448370423364091,True,1.3972225133438927,74,13,7.0,370,13,265,56,61,11,105,18,18,2,True,0.2837837837837837,42.0,0.337492487674634,0.3775527511760722,True,0.2402503921127128,0.8564971634867307,0.5274722698626357,0.512522207728504,0.40807560137457044,0.4448370423364091,0.5551629576635909,0.47252773013736427,True,0.4448370423364091,0.47252773013736427
172,126,124,0.3349821795314731,0.0060728620155714,0.0600746058751673,0.8856289217561247,12.142468452453612,0.0475373596356199,1.0,0.6719304356902708,0.4,0.0452951489772043,0.5,0.3333333333333333,0.4029203286936551,True,0.6901232461389545,17,11,10.0,25,11,12,10,10,8,13,7,7,3,True,0.52,8.0,0.9682539474351928,0.37701801966812,True,0.3349821795314731,0.8856289217561247,0.3280695643097292,0.36038555990080673,0.27362542955326463,0.4029203286936551,0.5970796713063449,0.6719304356902708,True,0.4029203286936551,0.6719304356902708
328,223,204,0.355143625579132,0.0297827168211999,0.050522175139936,0.5512017764425725,9.207581520080566,0.509064124175917,0.0,0.1720954310166748,0.2695578231292517,0.596333885972271,0.1666666666666666,0.0,0.5538528263565697,True,0.7820937747631929,371,32,8.0,1372,32,850,252,224,24,522,119,123,8,True,0.380466472303207,266.0,0.0072221688741074,0.3767976109729093,True,0.355143625579132,0.5512017764425725,0.8279045689833252,0.629973835439376,0.7336769759450172,0.5538528263565697,0.44614717364343026,0.1720954310166748,True,0.5538528263565697,0.1720954310166748
424,273,233,0.3006360524426366,0.0026644053480898,0.0610755332411603,0.9481068169549296,13.393413543701172,0.0,1.0,0.6666666666666666,0.1944444444444444,0.0756327074054537,0.7777777777777778,0.4,0.28048150360684215,True,1.1619791581108354,3,2,10.0,4,2,1,1,1,1,3,2,2,1,True,0.75,3.0,1.0,0.3650275145818566,True,0.3006360524426366,0.9481068169549296,0.33333333333333337,0.2356180362182996,0.019759450171821305,0.28048150360684215,0.7195184963931578,0.6666666666666666,True,0.28048150360684215,0.6666666666666666
287,214,216,0.3074295064970908,0.005932594067417,0.0814154619405137,0.8881169170179284,11.070536613464355,0.0448069585930534,1.0,0.5540185701474489,0.2407407407407407,0.0691633885422188,0.1666666666666666,0.75,0.39787919966123725,True,0.4161509650168041,18,9,10.0,27,9,14,9,8,4,13,9,9,5,True,0.4814814814814814,4.0,0.6172487518492935,0.3649954336177659,True,0.3074295064970908,0.8881169170179284,0.44598142985255107,0.28971083574396767,0.2598797250859106,0.39787919966123725,0.6021208003387628,0.5540185701474489,True,0.39787919966123725,0.5540185701474489
72,27,26,0.254574060278072,0.013426730397623,0.0350810659902744,0.7644989646081988,10.158095359802246,0.1906848866469518,0.0,0.16971793365359056,0.1766093229744728,0.3296254279278729,0.125,0.0,0.49988680251713474,True,1.2483050882681392,190,29,6.0,901,29,646,132,122,21,255,58,47,8,True,0.2830188679245283,110.0,0.3184689143138199,0.364830995218564,True,0.254574060278072,0.7644989646081988,0.8302820663464094,0.4871319528479676,0.6176975945017182,0.49988680251713474,0.5001131974828652,0.16971793365359056,True,0.49988680251713474,0.16971793365359056
92,32,33,0.3091247143245724,0.0076198192344656,0.0313459398496162,0.8586478584118961,10.113733291625977,0.0776498240927616,1.0,0.46053077768052764,0.2078410311493018,0.0673912863726488,0.2857142857142857,0.1428571428571428,0.4369606292200569,True,0.586989255123132,70,10,7.0,266,10,169,46,37,7,97,24,19,3,True,0.3646616541353383,52.0,0.3039425089488212,0.36271439723754,True,0.3091247143245724,0.8586478584118961,0.5394692223194724,0.32882667453177133,0.3702749140893471,0.4369606292200569,0.563039370779943,0.46053077768052764,True,0.4369606292200569,0.46053077768052764
403,241,222,0.2374733903986321,0.0049779252440202,0.0538696392882072,0.9052369875375508,9.41964054107666,0.026223748494052,1.0,0.36762828811814874,0.2540983606557377,0.0663501196846729,0.5,0.4,0.3933655745737383,True,1.1119894608452026,22,6,9.0,61,6,40,16,14,5,21,6,6,1,True,0.3442622950819672,8.0,0.0766611158603944,0.3618424716429442,True,0.2374733903986321,0.9052369875375508,0.6323717118818513,0.29685574290151934,0.22938144329896906,0.3933655745737383,0.6066344254262617,0.36762828811814874,True,0.3933655745737383,0.36762828811814874
82,31,10,0.1675221913510248,0.0108564642897403,0.0358060233189744,0.8048259100209937,10.236623764038086,0.1406530914080769,0.0,0.16161207112192355,0.2457599999999999,0.4377501140725086,0.4,0.1666666666666666,0.44597120546879665,True,0.7038170681089723,158,29,8.0,625,29,502,128,126,24,123,30,31,5,True,0.1968,67.0,0.3441831219576939,0.3606464538417665,True,0.1675221913510248,0.8048259100209937,0.8383879288780764,0.4948984315419164,0.5936426116838488,0.44597120546879665,0.5540287945312034,0.16161207112192355,True,0.44597120546879665,0.16161207112192355
301,216,218,0.3072180469247956,0.006028151634382,0.0598307390705851,0.8864212120730329,10.833284378051758,0.0466670448344178,1.0,0.5287424351444843,0.1590909090909091,0.0518047203000181,0.6666666666666666,0.5,0.3666686942160086,True,0.8816696613244259,12,6,10.0,22,6,11,7,7,4,11,5,5,2,True,0.5,8.0,0.5395602605990348,0.3570289018164724,True,0.3072180469247956,0.8864212120730329,0.47125756485551573,0.2096105661851119,0.19759450171821305,0.3666686942160086,0.6333313057839913,0.5287424351444843,True,0.3666686942160086,0.5287424351444843
386,233,273,0.2076549551264878,0.0024780267849564,0.0714692860033846,0.95164754774311,14.565711975097656,0.0,1.0,0.6666666666666666,0.5333333333333333,0.0082551960728234,0.2,0.7777777777777778,0.2752277015133891,True,1.1619791581108354,3,2,10.0,3,2,1,1,1,1,2,2,1,1,True,0.6666666666666666,2.0,1.0,0.3560484326474771,True,0.2076549551264878,0.95164754774311,0.33333333333333337,0.37202951161824077,0.019759450171821305,0.2752277015133891,0.724772298486611,0.6666666666666666,True,0.2752277015133891,0.6666666666666666
452,301,303,0.2309836333518552,0.003544890275225,0.0557331082584145,0.9315570872698616,11.453353881835938,0.0,1.0,0.5808675548477175,0.375,0.0298306704081816,0.3333333333333333,0.6666666666666666,0.37368089400664933,True,0.752293892421816,14,12,10.0,16,12,9,8,8,7,7,6,6,5,True,0.4375,5.0,0.7426026645431523,0.354256891077747,True,0.2309836333518552,0.9315570872698616,0.41913244515228254,0.31813152563373126,0.27920962199312716,0.37368089400664933,0.6263191059933506,0.5808675548477175,True,0.37368089400664933,0.5808675548477175
101,33,54,0.1976871950548004,0.0031322287924757,0.0362062094050559,0.9392772561892904,9.332338333129885,0.0,1.0,0.3493579723552671,0.1941176470588235,0.0888967615474129,0.75,0.5,0.34817031233689105,True,0.586989255123132,18,4,8.0,85,4,61,13,14,3,24,5,8,1,True,0.2823529411764706,11.0,0.0480739170658015,0.3542236985038042,True,0.1976871950548004,0.9392772561892904,0.6506420276447329,0.2303588539945216,0.17096219931271478,0.34817031233689105,0.6518296876631089,0.3493579723552671,True,0.34817031233689105,0.3493579723552671
203,186,187,0.3651615890075435,0.0316652491203664,0.0541786914956822,0.5308344999983101,10.328287124633787,0.5457087619562667,0.0,0.3066357155598163,0.3404047452896022,0.4531549391612658,0.0,0.0,0.5424179710538575,True,1.2843709165327069,392,45,6.0,1433,45,874,250,229,32,559,142,107,13,True,0.3900907187718074,240.0,0.3741983847231822,0.3540073824916156,True,0.3651615890075435,0.5308344999983101,0.6933642844401837,0.6299046294681712,0.8423539518900344,0.5424179710538575,0.4575820289461425,0.3066357155598163,True,0.5424179710538575,0.3066357155598163
399,238,217,0.2855100076999257,0.0078110988430965,0.0417834390149977,0.8553692971034794,10.079792976379396,0.0813731981757194,1.0,0.4580673051986537,0.2857142857142857,0.0,0.4285714285714285,1.0,0.35750840531769074,True,0.5697363003069251,24,3,7.5,114,3,72,15,14,2,42,9,7,1,True,0.3684210526315789,26.0,0.2928287174202415,0.3535794902625773,True,0.2855100076999257,0.8553692971034794,0.5419326948013463,0.20203050891044216,0.16709621993127147,0.35750840531769074,0.6424915946823093,0.4580673051986537,True,0.35750840531769074,0.4580673051986537
202,186,167,0.3617322759120094,0.0301806495013785,0.0559940808181888,0.5468323628261617,9.227069854736328,0.5168101261608856,0.0,0.1768045901625679,0.3372168284789644,0.2607723271827513,0.2,0.1666666666666666,0.5228278130393391,True,1.3357884073864643,263,28,8.0,927,28,563,162,180,19,364,101,106,9,True,0.3926645091693635,174.0,0.0136036443268182,0.350861075762567,True,0.3617322759120094,0.5468323628261617,0.8231954098374321,0.49414461975066964,0.6516323024054983,0.5228278130393391,0.4771721869606609,0.1768045901625679,True,0.5228278130393391,0.1768045901625679
574,390,388,0.2764736658122867,0.0086004677162106,0.0571799730793594,0.8419712970591713,11.23179054260254,0.0967387440647095,1.0,0.5889300875764647,0.2810810810810811,0.1745345744680851,0.2,0.5,0.4153509903297754,True,0.7425888616027709,39,18,10.0,74,18,46,25,25,13,28,14,14,5,True,0.3783783783783784,14.0,0.6700515186646844,0.3498494122399362,False,0.2764736658122867,0.8419712970591713,0.4110699124235353,0.3848052599087999,0.40764604810996563,0.4153509903297754,0.5846490096702246,0.5889300875764647,True,0.4153509903297754,0.5889300875764647
304,217,198,0.2960785403200812,0.0125735448523154,0.052046904551695,0.7776560893695973,9.686734199523926,0.1740771103654666,1.0,0.44606610749555964,0.3039215686274509,0.1146779126670431,0.3333333333333333,0.3333333333333333,0.4349274553987284,True,0.6242252993529385,53,11,9.0,170,11,108,38,35,9,62,15,14,2,True,0.3647058823529411,31.0,0.1641212121212122,0.3489815803188051,False,0.2960785403200812,0.7776560893695973,0.5539338925044404,0.37354137713444546,0.3603951890034364,0.4349274553987284,0.5650725446012717,0.44606610749555964,True,0.4349274553987284,0.44606610749555964
76,29,8,0.2452996401082145,0.0101129720834168,0.0398275206916683,0.8168829669678849,10.642287254333496,0.1261805627798555,1.0,0.5343995388541876,0.2548849326964829,0.3273005586250748,0.4285714285714285,0.2,0.42372130440642974,True,0.6535390451973578,81,15,8.0,329,15,233,62,63,12,96,19,21,3,True,0.2917933130699088,44.0,0.477018053782707,0.3479633413803882,False,0.2452996401082145,0.8168829669678849,0.46560046114581244,0.4467733812207159,0.4377147766323024,0.42372130440642974,0.5762786955935703,0.5343995388541876,True,0.42372130440642974,0.5343995388541876
443,293,292,0.2289229492892246,0.0151177432122401,0.0424045208696495,0.7390757467918904,10.029123306274414,0.2236014810134913,0.0,0.16661278741889496,0.2385402759234535,0.2718969012177849,0.1666666666666666,0.1666666666666666,0.47864766166231854,True,1.1119155647980608,189,34,5.0,749,34,555,129,126,22,194,60,45,12,True,0.2590120160213618,78.0,0.2762368812431934,0.3476743427254913,False,0.2289229492892246,0.7390757467918904,0.833387212581105,0.46117475770274186,0.6520618556701031,0.47864766166231854,0.5213523383376815,0.16661278741889496,True,0.47864766166231854,0.16661278741889496
122,53,54,0.2414712898878577,0.019094139099734,0.0441329200914598,0.6825750586031123,9.93399429321289,0.3010044488313594,0.0,0.18203041193484348,0.25970066518847,0.3822284428150723,0.25,0.4,0.46587170332264877,True,0.6145816993069612,156,18,7.0,902,18,659,113,117,13,243,43,47,5,True,0.2694013303769401,117.0,0.2450867869731712,0.3473509031429467,False,0.2414712898878577,0.6825750586031123,0.8179695880651565,0.4654579185610613,0.5064432989690721,0.46587170332264877,0.5341282966773513,0.18203041193484348,True,0.46587170332264877,0.18203041193484348
85,31,32,0.2590480916198159,0.0166493063156401,0.0466633816855754,0.7167801384701473,10.143159866333008,0.2534142896365826,0.0,0.18899752035986572,0.1955804749340369,0.2775764452914343,0.25,0.3333333333333333,0.4640874176659362,True,0.7038170681089723,144,15,7.0,758,15,538,100,104,11,220,44,38,4,True,0.2902374670184696,71.0,0.3135782714430147,0.3470692181755311,False,0.2590480916198159,0.7167801384701473,0.8110024796401343,0.40936097670212906,0.47079037800687284,0.4640874176659362,0.5359125823340638,0.18899752035986572,True,0.4640874176659362,0.18899752035986572
444,293,312,0.276303883550187,0.0259047673165599,0.0534667383131342,0.5956539827707922,9.749752044677734,0.4335774751601552,0.0,0.20611131540713512,0.3656716417910448,0.3989105839048742,0.0,0.0,0.5102378610691722,True,1.0306249533555365,191,35,8.0,804,35,557,135,162,25,247,56,72,10,True,0.3072139303482587,131.0,0.1847564710612502,0.3450648392801908,False,0.276303883550187,0.5956539827707922,0.7938886845928649,0.6182969455269527,0.6632302405498282,0.5102378610691722,0.48976213893082776,0.20611131540713512,True,0.5102378610691722,0.20611131540713512
30,8,27,0.2645165388882693,0.0177587643991755,0.0448432735844105,0.7010505467010765,9.845260620117188,0.2750105669602893,0.0,0.16368047346233172,0.2083249141240654,0.2435503545070349,0.1428571428571428,0.5714285714285714,0.47352726655550864,True,1.2483050882681392,174,31,8.0,707,31,497,126,130,23,210,48,48,8,True,0.297029702970297,93.0,0.2160308534267057,0.3449412590825076,False,0.2645165388882693,0.7010505467010765,0.8363195265376683,0.3811110363922784,0.6134020618556701,0.47352726655550864,0.5264727334444914,0.16368047346233172,True,0.47352726655550864,0.16368047346233172
531,353,372,0.2909994295180443,0.0134498643821903,0.0518719558737947,0.7641453282797014,9.138769149780272,0.1911352037465635,1.0,0.3970450679155211,0.2346368715083799,0.1529366486583367,0.5,0.25,0.43712888317413173,True,0.8635553308620566,61,14,8.0,179,14,115,46,36,11,64,15,16,3,True,0.3575418994413408,35.0,0.0,0.3446962155162477,False,0.2909994295180443,0.7641453282797014,0.6029549320844789,0.34801828264058043,0.4020618556701031,0.43712888317413173,0.5628711168258682,0.3970450679155211,True,0.43712888317413173,0.3970450679155211
163,123,121,0.2480051371130184,0.0043191528413444,0.0450529932634172,0.9172428077974354,9.838909149169922,0.0134003424433648,1.0,0.4091171333674225,0.0576923076923076,0.0508012274122059,0.5,0.6666666666666666,0.3548189049949554,True,0.6495529827524277,27,11,10.0,52,11,33,18,18,8,19,9,9,3,True,0.3653846153846153,10.0,0.2139510576589027,0.344312537358147,False,0.2480051371130184,0.9172428077974354,0.5908828666325775,0.15034234205120098,0.3122852233676976,0.3548189049949554,0.6451810950050446,0.4091171333674225,True,0.3548189049949554,0.4091171333674225
153,107,86,0.3184917723729031,0.0265758774346775,0.0586889810179199,0.5877124103979807,9.301012992858888,0.446641042356339,0.0,0.16148581472304457,0.2097831568330811,0.3569148390297246,0.5,0.1666666666666666,0.49149093977491076,True,1.1216278354671452,159,24,8.0,661,24,427,97,147,18,234,62,67,6,True,0.3540090771558245,99.0,0.0378164018127948,0.3442316501825316,False,0.3184917723729031,0.5877124103979807,0.8385141852769554,0.4346255077124082,0.5549828178694158,0.49149093977491076,0.5085090602250892,0.16148581472304457,True,0.49149093977491076,0.16148581472304457
286,214,215,0.3111880948595486,0.0247226150424562,0.0470802815654447,0.6099048602091485,11.36660385131836,0.4105661611418388,0.0,0.37492081265463506,0.2352278545826933,0.493755676657584,0.4285714285714285,0.5,0.47312866294525097,True,0.6704601283040799,244,31,7.0,1395,31,927,164,184,21,468,80,86,10,True,0.3354838709677419,190.0,0.7141962768220665,0.3428529678651282,False,0.3111880948595486,0.6099048602091485,0.6250791873453649,0.4418862363413591,0.6572164948453608,0.47312866294525097,0.5268713370547491,0.37492081265463506,True,0.47312866294525097,0.37492081265463506
310,217,238,0.2213433317104915,0.0039705286268144,0.0430258519166946,0.9236606169016328,9.914548873901367,0.0066141597741132,1.0,0.4151111746562268,0.1666666666666666,0.0194082125603864,0.6666666666666666,0.5,0.3409682501490126,True,0.5697363003069251,12,5,8.5,40,5,26,7,22,4,14,5,4,1,True,0.35,10.0,0.2387193641945672,0.3427318882117691,False,0.2213433317104915,0.9236606169016328,0.5848888253437732,0.19688981649381815,0.17310996563573883,0.3409682501490126,0.6590317498509874,0.4151111746562268,True,0.3409682501490126,0.4151111746562268
542,367,389,0.261648011960881,0.0059315260965377,0.0734393784582582,0.8881358868806174,11.672492980957031,0.0447861698894269,1.0,0.6197153867882792,0.2941176470588235,0.032462025071613,0.6666666666666666,0.2,0.3664043991132463,True,0.7088659022355741,12,8,10.0,17,8,9,7,7,5,8,5,5,3,True,0.4705882352941176,5.0,0.8143599904754106,0.3417863993827533,False,0.261648011960881,0.8881358868806174,0.3802846132117208,0.3041889332366049,0.2306701030927835,0.3664043991132463,0.6335956008867537,0.6197153867882792,True,0.3664043991132463,0.6197153867882792
70,27,7,0.1038930917742593,0.0083407410351997,0.0390393665844398,0.8463563244950632,10.003726959228516,0.0916830060294313,0.0,0.11986794233929365,0.2010117145899893,0.3749236143844779,0.3333333333333333,0.125,0.38721077247126573,True,1.2483050882681392,152,24,6.0,626,24,546,132,127,21,80,20,17,3,True,0.1277955271565495,34.0,0.2679208209884496,0.3410708727217401,False,0.1038930917742593,0.8463563244950632,0.8801320576607063,0.4711423083410247,0.5485395189003437,0.38721077247126573,0.6127892275287343,0.11986794233929365,True,0.38721077247126573,0.11986794233929365
49,11,32,0.3023212445984327,0.0114179432361585,0.0382333934975609,0.7958386101811963,9.646923065185549,0.1515826210750547,1.0,0.4342225452832934,0.1641522988505747,0.078698152478471,0.5,0.5714285714285714,0.4113707593700511,True,0.5472985106568845,85,15,8.0,348,15,226,57,61,10,122,28,33,5,True,0.3505747126436782,61.0,0.1510850147748254,0.3405428714983072,False,0.3023212445984327,0.7958386101811963,0.5657774547167066,0.2374363022580099,0.43943298969072164,0.4113707593700511,0.5886292406299489,0.4342225452832934,True,0.4113707593700511,0.4342225452832934
29,8,26,0.2563436833219865,0.0041223965701647,0.0439176207358164,0.9208593844644498,11.224047660827637,0.0095703617882723,1.0,0.5590288219208158,0.1195652173913043,0.0287475019607377,0.625,0.5714285714285714,0.32780380251689173,True,0.6157022221184753,12,5,10.0,23,5,13,8,8,4,10,4,4,1,True,0.4347826086956521,10.0,0.6675161039741749,0.3377236784112521,False,0.2563436833219865,0.9208593844644498,0.4409711780791842,0.17261218364083816,0.17310996563573883,0.32780380251689173,0.6721961974831083,0.5590288219208158,True,0.32780380251689173,0.5590288219208158
83,31,11,0.1077248397142279,0.0114604374766349,0.0534253831385756,0.7951625263729406,9.623920440673828,0.1524097973475151,0.0,0.0986541929337027,0.2019867549668874,0.4541137469569481,0.5714285714285714,0.1666666666666666,0.38599681534426145,True,0.7038170681089723,144,25,6.0,604,25,524,119,128,21,80,25,13,4,True,0.1324503311258278,25.0,0.143552781453593,0.3373833246965866,False,0.1077248397142279,0.7951625263729406,0.9013458070662973,0.4549550383460415,0.552405498281787,0.38599681534426145,0.6140031846557386,0.0986541929337027,True,0.38599681534426145,0.0986541929337027
168,124,126,0.2973756704771892,0.0147676403419329,0.0808278501378046,0.7442689579617204,9.18537712097168,0.2167865154089447,1.0,0.4055955051363149,0.2290909090909091,0.126473106365834,0.2,0.5,0.4278735448384501,True,0.6901232461389545,30,13,10.0,55,13,32,19,19,9,23,11,11,4,True,0.4181818181818181,13.0,0.0,0.3372278066114346,False,0.2973756704771892,0.7442689579617204,0.5944044948636851,0.3399386783280795,0.34579037800687284,0.4278735448384501,0.5721264551615499,0.4055955051363149,True,0.4278735448384501,0.4055955051363149
140,86,107,0.2492903136859914,0.0223326229902564,0.0488509439814419,0.6397662141171816,9.574585914611816,0.3640435101947331,0.0,0.16381388325894064,0.3245657568238213,0.2821827585820667,0.0,0.0,0.5000530528051467,True,1.1216278354671452,260,38,8.0,806,38,581,188,142,30,225,72,54,8,True,0.2791563275434243,122.0,0.1273981395820891,0.3359394529242458,False,0.2492903136859914,0.6397662141171816,0.8361861167410594,0.5507942063084397,0.7268041237113403,0.5000530528051467,0.49994694719485333,0.16381388325894064,True,0.5000530528051467,0.16381388325894064
133,67,87,0.320044998676071,0.0294051462741092,0.0523269354334078,0.5553798830139113,9.741621017456056,0.5017144835132878,0.0,0.2279361470845913,0.3640718562874251,0.2752537791018427,0.2,0.5,0.4954575920139674,True,0.9820359200257924,265,36,7.0,1336,36,875,171,184,24,461,94,94,12,True,0.3450598802395209,215.0,0.1820939577404862,0.3357709132050694,False,0.320044998676071,0.5553798830139113,0.7720638529154087,0.45582982734954064,0.7117697594501718,0.4954575920139674,0.5045424079860326,0.2279361470845913,True,0.4954575920139674,0.2279361470845913
149,106,107,0.1995573133054456,0.0139494183568809,0.0510176456666963,0.7565487039908166,10.822505950927734,0.2008593261227768,0.0,0.24563005984982755,0.324297520661157,0.2083864548100514,0.0,0.2,0.4551649025267077,True,0.8814227627528947,160,32,5.0,605,32,465,125,113,25,140,35,38,7,True,0.2314049586776859,39.0,0.5360308534267061,0.3354929280815613,False,0.1995573133054456,0.7565487039908166,0.7543699401501724,0.48959962108037197,0.6151202749140894,0.4551649025267077,0.5448350974732923,0.24563005984982755,True,0.4551649025267077,0.24563005984982755
206,187,166,0.3191599821313231,0.0328644500913087,0.0601967327867193,0.5182544185354538,9.75829029083252,0.5690519392422445,0.0,0.2522014226291499,0.3426067907995619,0.4261898697406415,0.2,0.0,0.5060235393235188,True,1.141922868998979,243,30,8.0,913,30,594,159,180,21,319,84,89,9,True,0.3493975903614458,169.0,0.1875523286452052,0.3347998422042708,False,0.3191599821313231,0.5182544185354538,0.7477985773708501,0.5881823673343937,0.6516323024054983,0.5060235393235188,0.49397646067648115,0.2522014226291499,True,0.5060235393235188,0.2522014226291499
78,29,10,0.2076657721738633,0.0070996975886042,0.0423095866026442,0.8676265040728859,10.514078140258787,0.0675253394702423,1.0,0.5008537284999256,0.2196319018404907,0.1951225112541164,0.4,0.4,0.3823080260401223,True,0.6535390451973578,32,10,7.0,163,10,119,23,52,9,44,9,8,1,True,0.2699386503067484,22.0,0.4350358460295344,0.3347443285508793,False,0.2076657721738633,0.8676265040728859,0.4991462715000744,0.35274115712287124,0.31915807560137455,0.3823080260401223,0.6176919739598776,0.5008537284999256,True,0.3823080260401223,0.5008537284999256
556,384,386,0.1914927237627383,0.0064268839545547,0.0766971015432569,0.8793804275389365,10.947107315063477,0.0544286122988998,1.0,0.5437534373362896,0.4210526315789473,0.0478108581436077,0.25,0.5,0.35951176332237206,True,0.3912138693458273,12,7,10.0,19,7,12,8,8,5,7,4,4,2,True,0.3684210526315789,5.0,0.576831699709969,0.3329222230054028,False,0.1914927237627383,0.8793804275389365,0.45624656266371044,0.38277910149105376,0.21778350515463918,0.35951176332237206,0.6404882366776279,0.5437534373362896,True,0.35951176332237206,0.5437534373362896
194,167,166,0.2990820198331548,0.0314979431818106,0.0563446670375524,0.5326137103476057,10.34284496307373,0.5424520499627494,0.0,0.30713913800819914,0.3464200477326969,0.4917463155499011,0.0,0.0,0.5092053367858699,True,1.3357884073864643,377,36,6.0,1676,36,1138,257,266,27,538,120,122,9,True,0.3210023866348448,196.0,0.3789653640618477,0.3325196435649836,False,0.2990820198331548,0.5326137103476057,0.6928608619918009,0.6473663426849584,0.7676116838487973,0.5092053367858699,0.4907946632141301,0.30713913800819914,True,0.5092053367858699,0.30713913800819914
189,166,167,0.2702518939543891,0.0284560220556393,0.0550129182900657,0.5660230704412189,9.754938125610352,0.4832392025261923,0.0,0.22323128706094486,0.373134328358209,0.3806534010563673,0.2,0.0,0.5004094604247808,True,1.3357884073864643,319,38,6.0,1340,38,946,234,242,27,394,85,116,11,True,0.2940298507462686,155.0,0.1864546586566425,0.3309633229494845,False,0.2702518939543891,0.5660230704412189,0.7767687129390551,0.5824126357116227,0.7607388316151202,0.5004094604247808,0.49959053957521915,0.22323128706094486,True,0.5004094604247808,0.22323128706094486
541,367,388,0.2029029010933238,0.016600391162898,0.0506517060998332,0.7174817097879892,9.963630676269531,0.2524621263961446,0.0,0.16908445927526972,0.2268343815513627,0.2764891425775655,0.6,0.2,0.43663580450780604,True,0.4336919767195041,130,27,8.0,477,27,363,98,104,21,114,32,28,6,True,0.2389937106918239,55.0,0.2547912514296646,0.3298295798590921,False,0.2029029010933238,0.7174817097879892,0.8309155407247303,0.3885833980481905,0.5618556701030928,0.43663580450780604,0.563364195492194,0.16908445927526972,True,0.43663580450780604,0.16908445927526972
561,387,367,0.295116932834165,0.0221564319462147,0.0489008099723506,0.6420246124199518,10.298869132995604,0.3606138442113616,0.0,0.24172642565839053,0.1681213632585203,0.2649307942529889,0.0,0.0,0.48793262612164745,True,0.4438264341470948,171,26,7.0,802,26,540,116,122,18,262,55,53,8,True,0.3266832917705736,119.0,0.36456543276381,0.3297867300449634,False,0.295116932834165,0.6420246124199518,0.7582735743416095,0.4653236279792319,0.5798969072164948,0.48793262612164745,0.5120673738783525,0.24172642565839053,True,0.48793262612164745,0.24172642565839053
440,292,313,0.3186296960224608,0.029660522117142,0.0602213807445224,0.5525505026021976,9.551170349121094,0.5066855298373978,0.0,0.20880540604839415,0.1906016688625384,0.3792053438148041,0.0,0.0,0.51353987554447,True,1.1119155647980608,208,40,8.0,759,40,492,131,168,29,267,77,69,11,True,0.3517786561264822,122.0,0.1197306883077848,0.3293171898525385,False,0.3186296960224608,0.5525505026021976,0.7911945939516059,0.5337635303565346,0.7242268041237113,0.51353987554447,0.48646012445553,0.20880540604839415,True,0.51353987554447,0.20880540604839415
127,54,55,0.239188707499438,0.022550785926618,0.0516939584051706,0.6369808296955072,10.458574295043944,0.3682901846255557,0.0,0.2617170796034417,0.0,0.6844169818703535,1.0,0.25,0.4266142527253003,True,0.5797911426204267,168,18,7.0,950,18,697,121,127,13,253,47,43,5,True,0.2663157894736842,102.0,0.4168610541847696,0.3290397221351185,False,0.239188707499438,0.6369808296955072,0.7382829203965583,0.3582292340118144,0.5141752577319587,0.4266142527253003,0.5733857472746997,0.2617170796034417,True,0.4266142527253003,0.2617170796034417
464,305,307,0.1932574619052465,0.0086161666549742,0.0773806361159527,0.8417069774400536,9.91310691833496,0.0970443334693543,1.0,0.44509717593797804,0.3333333333333333,0.0977227722772277,0.6666666666666666,0.6,0.34261729772716426,True,0.4571170268146547,9,6,10.0,12,6,7,5,5,3,5,4,4,3,True,0.4166666666666667,7.0,0.2382471943445795,0.328410970961373,False,0.1932574619052465,0.8417069774400536,0.554902824062022,0.2811173290554489,0.17912371134020616,0.34261729772716426,0.6573827022728358,0.44509717593797804,True,0.34261729772716426,0.44509717593797804
145,87,107,0.2627213039981444,0.0319946151325191,0.054347159366045,0.5273492150976593,9.86875057220459,0.5521200719868236,0.0,0.2586142448854284,0.3537197626654496,0.5359638202934984,0.0,0.0,0.5069813128008859,True,0.9820359200257924,480,55,7.0,2191,55,1575,340,308,41,616,140,117,14,True,0.2811501597444089,246.0,0.2237226626694617,0.3264002199359075,False,0.2627213039981444,0.5273492150976593,0.7413857551145716,0.6669646103651032,0.9097938144329897,0.5069813128008859,0.4930186871991141,0.2586142448854284,True,0.5069813128008859,0.2586142448854284
8,5,3,0.1071850142576424,0.0037356711857553,0.049014102549292,0.9280093937097544,11.401330947875977,0.0020425166413798,1.0,0.5758700724502167,0.1868686868686868,0.4339777256102206,0.3333333333333333,0.3333333333333333,0.3322623413498355,True,0.4477987774953572,39,19,10.0,66,19,54,33,33,17,12,6,6,2,True,0.1818181818181818,7.0,0.7255677007092705,0.3257744578188523,False,0.1071850142576424,0.9280093937097544,0.4241299275497833,0.4549162606014824,0.41537800687285226,0.3322623413498355,0.6677376586501644,0.5758700724502167,True,0.3322623413498355,0.5758700724502167
264,210,208,0.0889400396289613,0.0010948911658488,0.0469540990892573,0.9783401935002524,9.990433692932127,0.0,1.0,0.42118930903782137,0.3333333333333333,0.0456027432282482,0.5714285714285714,0.7142857142857143,0.2657586801047032,True,0.901984607927955,7,4,10.0,12,4,9,5,6,3,3,2,2,1,True,0.25,2.0,0.2635679271134638,0.3248527506540363,False,0.0889400396289613,0.9783401935002524,0.5788106909621786,0.2601291151118111,0.11512027491408935,0.2657586801047032,0.7342413198952968,0.42118930903782137,True,0.2657586801047032,0.42118930903782137
279,213,214,0.3327479660798453,0.0243563825211136,0.0469682754087591,0.614388600974446,10.19947624206543,0.4034372220559457,0.0,0.24515211643560453,0.2029323991176852,0.1124467928599416,0.4285714285714285,0.5,0.4563731189312846,True,0.4101470785549331,196,24,7.0,1101,24,704,121,142,16,397,75,66,8,True,0.3605812897366031,183.0,0.3320191272508678,0.3244384742784742,False,0.3327479660798453,0.614388600974446,0.7548478835643955,0.29064853221669895,0.5854810996563574,0.4563731189312846,0.5436268810687154,0.24515211643560453,True,0.4563731189312846,0.24515211643560453
71,27,8,0.1829219184671583,0.0059110141139374,0.0414292033665364,0.888500310183119,10.062469482421877,0.0443868916550625,1.0,0.4438476709869561,0.1648351648351648,0.1258411375059099,0.7142857142857143,0.375,0.3578272212086031,True,1.2483050882681392,43,11,8.0,156,11,118,32,37,8,38,11,13,3,True,0.2435897435897435,18.0,0.2871561213058059,0.3244017235772109,False,0.1829219184671583,0.888500310183119,0.5561523290130439,0.25725622492984573,0.3479381443298969,0.3578272212086031,0.6421727787913969,0.4438476709869561,True,0.3578272212086031,0.4438476709869561
323,222,221,0.0371397913775243,0.0120194184066923,0.0613164759420001,0.7863224191879038,10.299993515014648,0.163290701604587,0.0,0.17607477147666484,0.1961734693877551,0.7095983007006184,0.25,0.0,0.29341152419680006,True,0.9050989791035348,159,24,7.0,980,24,932,152,199,23,48,7,9,1,True,0.0489795918367346,19.0,0.3649336128254075,0.3237223421685517,False,0.0371397913775243,0.7863224191879038,0.8239252285233352,0.6295038915000156,0.5549828178694158,0.29341152419680006,0.7065884758032,0.17607477147666484,True,0.29341152419680006,0.17607477147666484
474,312,293,0.3436828464018747,0.0291411818032807,0.062433877760708,0.5583196472577929,9.507915496826172,0.4965762543181378,0.0,0.20071436541762622,0.2681396617566831,0.1197939934513978,0.1666666666666666,0.2,0.48710223667154057,True,1.0306249533555365,198,24,8.0,611,24,378,126,89,16,233,72,53,8,True,0.381342062193126,101.0,0.1055668419347409,0.3236909617171332,False,0.3436828464018747,0.5583196472577929,0.7992856345823738,0.39800281725548087,0.5871993127147767,0.48710223667154057,0.5128977633284595,0.20071436541762622,True,0.48710223667154057,0.20071436541762622
293,215,216,0.2718802047296263,0.0262121219630734,0.0496696161031077,0.5920036732746997,10.25172519683838,0.4395603205522814,0.0,0.2628961407957755,0.2328971533516988,0.4021590688761774,0.1666666666666666,0.1428571428571428,0.4940053141107131,True,0.6704601283040799,353,47,7.0,1452,47,1024,256,226,36,428,97,76,11,True,0.2947658402203856,183.0,0.3491281018350453,0.3235691920174705,False,0.2718802047296263,0.5920036732746997,0.7371038592042245,0.5180606680906159,0.8427835051546392,0.4940053141107131,0.505994685889287,0.2628961407957755,True,0.4940053141107131,0.2628961407957755
195,167,186,0.2506803670891109,0.0363980185614956,0.0632449143779315,0.4828929086041095,9.203547477722168,0.6378350016733068,0.0,0.2145787397271257,0.3205629397967162,0.6780138394958602,0.0,0.0,0.49617888535848725,True,1.3357884073864643,385,39,8.0,1279,39,928,271,258,29,351,114,96,10,True,0.2744331508991399,194.0,0.0059012175080704,0.3235398233734223,False,0.2506803670891109,0.4828929086041095,0.7854212602728743,0.7066034175167059,0.7993986254295533,0.49617888535848725,0.5038211146415128,0.2145787397271257,True,0.49617888535848725,0.2145787397271257
160,122,121,0.186045993730606,0.0190246207985446,0.0515700145730486,0.683524747828106,10.270624160766602,0.2996512327578201,0.0,0.21832260666261427,0.026283618581907,0.6302613366443371,0.5,0.0,0.4332308887688888,True,0.6495529827524277,145,20,7.0,818,20,644,112,131,16,174,33,35,4,True,0.2127139364303178,69.0,0.3553165872300231,0.3232980566970372,False,0.186045993730606,0.683524747828106,0.7816773933373857,0.4961898408974548,0.5146048109965635,0.4332308887688888,0.5667691112311112,0.21832260666261427,True,0.4332308887688888,0.21832260666261427
1,3,1,0.2510788529834986,0.0067306450711419,0.0513283736311854,0.8740541913438536,10.262269973754885,0.0603415074423301,1.0,0.47097416914874457,0.0,0.0769552321993749,1.0,0.3333333333333333,0.32778766228765155,True,0.4477987774953572,26,13,10.0,45,13,28,17,17,9,17,9,9,4,True,0.3777777777777777,13.0,0.3525810000039038,0.3232459049016186,False,0.2510788529834986,0.8740541913438536,0.5290258308512554,0.11325136658437793,0.3298969072164949,0.32778766228765155,0.6722123377123485,0.47097416914874457,True,0.32778766228765155,0.47097416914874457
24,7,27,0.2552298869708072,0.0192274932306082,0.0457504999542784,0.6807570000630523,9.58283233642578,0.3036002682096315,0.0,0.14456623573058314,0.2148008241758241,0.0970759159853132,0.1428571428571428,0.2857142857142857,0.4603359312477546,True,1.2483050882681392,183,31,6.0,832,31,595,143,157,24,237,40,62,7,True,0.2848557692307692,105.0,0.130098438982118,0.3230501052502939,False,0.2552298869708072,0.6807570000630523,0.8554337642694169,0.35003286283334023,0.6185567010309279,0.4603359312477546,0.5396640687522454,0.14456623573058314,True,0.4603359312477546,0.14456623573058314
567,388,387,0.2781016264982877,0.0259476993260357,0.0501625078397991,0.595142749836121,10.302495956420898,0.4344131728728162,0.0,0.26672207091315747,0.2632252559726962,0.335381343079218,0.25,0.4,0.4660538841318814,True,0.4438264341470948,210,23,7.0,1172,23,816,149,140,16,356,61,62,7,True,0.3037542662116041,170.0,0.365753039866656,0.322971928364027,False,0.2781016264982877,0.595142749836121,0.7332779290868425,0.4494771709219736,0.5841924398625429,0.4660538841318814,0.5339461158681186,0.26672207091315747,True,0.4660538841318814,0.26672207091315747
154,107,87,0.201413648451495,0.0227529002133081,0.0505650929713914,0.6344111683267072,10.479141235351562,0.3722244623159145,0.0,0.26527339416531515,0.2173410404624277,0.5666773927841863,0.2,0.1666666666666666,0.4552405875376448,True,0.9820359200257924,259,32,6.0,1384,32,1076,188,246,25,308,71,75,7,True,0.222543352601156,113.0,0.4235957201800307,0.32276331378674,False,0.201413648451495,0.6344111683267072,0.7347266058346849,0.5658099152916706,0.6726804123711341,0.4552405875376448,0.5447594124623552,0.26527339416531515,True,0.4552405875376448,0.26527339416531515
64,26,8,0.1876128068994087,0.0015001222491264,0.0774136891014626,0.9704431608290344,13.047279357910156,0.0,1.0,0.6666666666666666,0.2142857142857142,0.0121681415929203,0.7142857142857143,0.875,0.23924075865600608,False,0.6157022221184753,4,2,10.0,6,2,3,2,2,1,3,2,2,1,True,0.5,1.0,1.0,0.3221567899296705,False,0.1876128068994087,0.9704431608290344,0.33333333333333337,0.15248592858395094,0.03823024054982818,0.23924075865600608,0.7607592413439939,0.6666666666666666,False,0.23924075865600608,0.6666666666666666
48,11,31,0.2353848825553344,0.0181595688974041,0.0469779244642059,0.6954533263320324,9.682098388671877,0.2828124706327122,0.0,0.14847189388958193,0.1520282186948853,0.1901103302150913,0.0,0.1428571428571428,0.46275810484640983,True,0.7038170681089723,206,27,7.0,945,27,697,156,135,20,248,50,46,7,True,0.2624338624338624,84.0,0.1626032110360334,0.3221566164237829,False,0.2353848825553344,0.6954533263320324,0.8515281061104181,0.39855995855748766,0.6198453608247423,0.46275810484640983,0.5372418951535902,0.14847189388958193,True,0.46275810484640983,0.14847189388958193
532,358,378,0.2846464093366608,0.0093711745468209,0.0351911725884866,0.8290925488483929,9.520744323730469,0.1117410219300403,1.0,0.40716955885925565,0.0,0.0,1.0,1.0,0.24197973965800645,False,1.2567413729599697,60,6,7.0,330,6,220,40,40,4,110,20,20,2,True,0.3333333333333333,54.0,0.1097676546477268,0.3218693725032566,False,0.2846464093366608,0.8290925488483929,0.5928304411407443,1e-09,0.3088487972508591,0.24197973965800645,0.7580202603419935,0.40716955885925565,False,0.24197973965800645,0.40716955885925565
164,123,122,0.234678531662162,0.016479933517985,0.0434557235584416,0.7192123167399112,10.837564468383787,0.2501173449718549,0.0,0.2636930418672685,0.3088172043010752,0.0764859643141266,0.6666666666666666,0.6666666666666666,0.4040873641556246,True,0.4773171113225932,145,18,7.0,775,18,570,101,99,13,205,44,32,5,True,0.2645161290322581,87.0,0.5409617806299507,0.3217961203616315,False,0.234678531662162,0.7192123167399112,0.7363069581327315,0.253411118085218,0.49871134020618557,0.4040873641556246,0.5959126358443754,0.2636930418672685,True,0.4040873641556246,0.2636930418672685
253,208,210,0.1115312782346759,0.0029559984104707,0.0562377107836306,0.9425936810976216,9.738666534423828,0.0,1.0,0.3937088363995487,0.1948051948051948,0.1371386758316219,0.2857142857142857,0.5714285714285714,0.33020995902524125,True,0.901984607927955,28,15,10.0,44,15,35,23,23,13,9,5,5,2,True,0.2045454545454545,4.0,0.1811265091986463,0.3212141190468836,False,0.1115312782346759,0.9425936810976216,0.6062911636004513,0.30796283200450236,0.3586769759450172,0.33020995902524125,0.6697900409747588,0.3937088363995487,True,0.33020995902524125,0.3937088363995487
319,221,223,0.1681775812035096,0.0051118255748103,0.086018333611744,0.9028160000531948,11.451960563659668,0.0288301999863537,1.0,0.5903255403478354,0.35,0.0697100467596032,0.3333333333333333,0.5,0.3332698849764495,True,0.5931135772653867,9,8,10.0,10,8,6,5,5,4,4,4,4,4,True,0.4,3.0,0.7421464210571522,0.3210542831385391,False,0.1681775812035096,0.9028160000531948,0.40967445965216465,0.34987916529122487,0.2121993127147766,0.3332698849764495,0.6667301150235505,0.5903255403478354,True,0.3332698849764495,0.5903255403478354
300,216,217,0.3567064069409019,0.0274348692367812,0.0524074925500825,0.5777018437089755,10.141563415527344,0.4633618409627242,0.0,0.2588057843096556,0.134187370600414,0.173648394241983,0.4285714285714285,0.3333333333333333,0.463617908787238,True,0.5697363003069251,215,22,7.0,1104,22,679,138,124,16,425,77,75,6,True,0.384963768115942,169.0,0.3130555119662426,0.3208961139423276,False,0.3567064069409019,0.5777018437089755,0.7411942156903444,0.30867863327689904,0.5786082474226804,0.463617908787238,0.5363820912127619,0.2588057843096556,True,0.463617908787238,0.2588057843096556
496,321,301,0.2444919738544578,0.0206315229900296,0.047115456793776,0.6619068388236371,9.551605224609377,0.3309305626165897,0.0,0.1502678837851077,0.1798264642082429,0.2099673202614378,0.4,0.5,0.44120466694262506,True,0.752293892421816,195,22,7.0,922,22,671,141,127,16,251,54,44,6,True,0.272234273318872,113.0,0.1198730887387335,0.3203214312573316,False,0.2444919738544578,0.6619068388236371,0.8497321162148923,0.32740386486595147,0.5640034364261168,0.44120466694262506,0.5587953330573749,0.1502678837851077,True,0.44120466694262506,0.1502678837851077
341,226,207,0.2720110544228621,0.0308597391490942,0.0597537628397528,0.5394556070740057,9.632534980773926,0.5300290197607156,0.0,0.22546754711000294,0.2213903743315508,0.4983575161842777,0.25,0.0,0.48861252568824454,True,1.3972225133438927,305,32,8.0,935,32,654,215,174,24,281,90,79,8,True,0.3005347593582887,142.0,0.1463736215692934,0.320069138231929,False,0.2720110544228621,0.5394556070740057,0.7745324528899971,0.5611503382344833,0.7010309278350515,0.48861252568824454,0.5113874743117555,0.22546754711000294,True,0.48861252568824454,0.22546754711000294
148,106,87,0.1952578771439043,0.0175217794659998,0.0504713176184693,0.7043812019562716,9.774650573730469,0.2703975108977352,0.0,0.15443567706469685,0.2339222614840989,0.2236085003730036,0.2,0.2,0.4416163334275344,True,0.9820359200257924,155,28,8.0,566,28,437,124,142,21,129,31,38,7,True,0.2279151943462897,62.0,0.1929095202963553,0.3197270199236838,False,0.1952578771439043,0.7043812019562716,0.8455643229353031,0.42779937440679017,0.5837628865979382,0.4416163334275344,0.5583836665724655,0.15443567706469685,True,0.4416163334275344,0.15443567706469685
292,215,214,0.1895946207539191,0.0131659451359882,0.0449710688849733,0.7684967825152748,10.894453048706056,0.1856085426950899,0.0,0.24839951604032784,0.2278672032193159,0.1525155137215604,0.5714285714285714,0.4285714285714285,0.39950193936030204,True,0.6704601283040799,126,17,7.0,568,17,442,94,81,13,126,32,20,4,True,0.2218309859154929,50.0,0.5595900054258941,0.3195852031462049,False,0.1895946207539191,0.7684967825152748,0.7516004839596722,0.30837587330272626,0.4789518900343642,0.39950193936030204,0.6004980606396979,0.24839951604032784,True,0.39950193936030204,0.24839951604032784
570,389,387,0.1999912993167356,0.0068101555807515,0.057958854175159,0.8726653660150151,10.606207847595217,0.0618892279386344,1.0,0.5090310141529836,0.2670454545454546,0.0198096885813148,0.5,0.75,0.34681044967606045,True,0.7088659022355741,26,12,10.0,44,12,30,17,17,7,14,9,9,5,True,0.3181818181818182,10.0,0.4652038145203163,0.3195785424285773,False,0.1999912993167356,0.8726653660150151,0.4909689858470164,0.23191666463682437,0.31872852233676974,0.34681044967606045,0.6531895503239395,0.5090310141529836,True,0.34681044967606045,0.5090310141529836
537,367,346,0.1013690052864238,0.0051381847394319,0.0456956033939374,0.902340175976097,9.2965087890625,0.0293432971800549,1.0,0.35522826425831067,0.3333333333333333,0.0955039936390906,0.3333333333333333,0.6,0.308852506745639,True,0.4287786546538285,25,4,8.5,92,4,77,20,20,3,15,5,5,1,True,0.1630434782608695,12.0,0.0363414955948769,0.3186105611788099,False,0.1013690052864238,0.902340175976097,0.6447717357416893,0.33816655737369966,0.1958762886597938,0.308852506745639,0.691147493254361,0.35522826425831067,True,0.308852506745639,0.35522826425831067
560,386,388,0.0924468910478808,0.0042749983258545,0.1324266021730276,0.9180531737932496,9.946063041687012,0.0125408479065583,1.0,0.42052651970673405,0.3083333333333333,0.1710526315789473,0.6,0.75,0.29251597663853296,True,0.4336919767195041,17,10,10.0,24,10,19,13,12,7,5,4,4,3,True,0.2083333333333333,1.0,0.2490387112136437,0.3182806530776818,False,0.0924468910478808,0.9180531737932496,0.579473480293266,0.27910610759753285,0.2633161512027491,0.29251597663853296,0.707484023361467,0.42052651970673405,True,0.29251597663853296,0.42052651970673405
363,231,210,0.1921103855057392,0.0105254605171337,0.0485266865888112,0.8101715931609859,9.771589279174805,0.1342099013727872,1.0,0.44203899919428635,0.3033075299085151,0.115365097698124,0.4285714285714285,0.4444444444444444,0.37798838052762795,True,1.1411627055128797,57,9,8.0,203,9,153,40,35,6,50,17,15,3,True,0.2463054187192118,28.0,0.1919070962100719,0.3175589949918267,False,0.1921103855057392,0.8101715931609859,0.5579610008057136,0.34345210936731,0.3483676975945017,0.37798838052762795,0.622011619472372,0.44203899919428635,True,0.37798838052762795,0.44203899919428635
366,231,230,0.228435212028818,0.0243047300917918,0.0490080747253132,0.61502362219762,10.648944854736328,0.4024317760597141,0.0,0.2938766226729508,0.2431202840656902,0.4568761492846219,0.3333333333333333,0.4444444444444444,0.4512003120322225,True,1.1411627055128797,278,37,7.0,1502,37,1127,213,212,29,375,65,65,8,True,0.2496671105193076,153.0,0.4791980919591384,0.3164931525385493,False,0.228435212028818,0.61502362219762,0.7061233773270492,0.46248005262850206,0.727233676975945,0.4512003120322225,0.5487996879677774,0.2938766226729508,True,0.4512003120322225,0.2938766226729508
461,305,303,0.1151300188547089,0.0051967654144391,0.0758435877352438,0.9012836011137496,11.855912208557127,0.0304836056982758,1.0,0.6349681376748014,0.2121212121212121,0.4232695245247546,0.3333333333333333,0.4,0.32982038073402986,True,0.5022402655473627,49,23,10.0,88,23,72,42,41,21,16,7,7,2,True,0.1818181818181818,4.0,0.8744208073261284,0.316479347773125,False,0.1151300188547089,0.9012836011137496,0.3650318623251986,0.4485611068790473,0.45833333333333337,0.32982038073402986,0.6701796192659701,0.6349681376748014,True,0.32982038073402986,0.6349681376748014
535,361,381,0.285185554454967,0.0304218282528174,0.0688841220383004,0.5442010272201782,10.03566074371338,0.521504817450223,0.0,0.26662746312744967,0.2244201909959072,0.4274017014997022,0.0,0.0,0.48400304187742,True,0.3811421748763997,188,25,6.0,733,25,500,125,100,15,233,63,65,10,True,0.3178717598908595,79.0,0.2783775719321258,0.3158539728848563,False,0.285185554454967,0.5442010272201782,0.7333725368725503,0.5708861061961525,0.5859106529209621,0.48400304187742,0.5159969581225801,0.26662746312744967,True,0.48400304187742,0.26662746312744967
183,146,167,0.1817065672523353,0.0196355128335574,0.0542379684995556,0.6752243610000016,9.486003875732422,0.3115426182898796,0.0,0.13664482570244907,0.3906873614190688,0.150129565362524,0.4,0.3333333333333333,0.4215321093584035,True,1.3357884073864643,123,21,8.0,451,21,353,91,82,16,98,32,24,5,True,0.2172949002217294,63.0,0.0983918588174674,0.315667145308849,False,0.1817065672523353,0.6752243610000016,0.8633551742975509,0.413834137645552,0.5073024054982818,0.4215321093584035,0.5784678906415965,0.13664482570244907,True,0.4215321093584035,0.13664482570244907
492,317,318,0.1986614846076166,0.0202491125662107,0.0600929379999078,0.6669886489187006,9.764822006225586,0.3234867108056661,0.0,0.17105928548330762,0.0257633587786259,0.5056410010973929,0.5,0.0,0.43119396316112596,True,0.5899983588744228,121,16,7.0,524,16,402,87,77,12,122,34,19,4,True,0.232824427480916,49.0,0.1896911456442566,0.3155956959579279,False,0.1986614846076166,0.6669886489187006,0.8289407145166924,0.44640411619238796,0.4652061855670103,0.43119396316112596,0.5688060368388741,0.17105928548330762,True,0.43119396316112596,0.17105928548330762
169,124,146,0.1205815986827429,0.0022033667191863,0.0942058318406498,0.9568895237373932,9.750114440917969,0.0,1.0,0.3949583793623469,0.1904761904761904,0.0070633561643835,0.5714285714285714,0.75,0.2523925638887453,True,1.2918859947622392,5,2,10.0,9,2,6,3,3,1,3,2,2,1,True,0.3333333333333333,1.0,0.1848751380870408,0.3155576133221378,False,0.1205815986827429,0.9568895237373932,0.6050416206376531,0.18306057219076874,0.05326460481099657,0.2523925638887453,0.7476074361112547,0.3949583793623469,True,0.2523925638887453,0.3949583793623469
249,207,227,0.3149145937131585,0.0351488558464387,0.0628472973659865,0.4951091097683395,10.181594848632812,0.6135192886083862,0.0,0.3132277116604767,0.3524083393242271,0.3694305267534237,0.0,0.1,0.4964787475546052,True,1.3972225133438927,345,33,6.0,1391,33,919,226,237,25,472,119,99,8,True,0.3393242271746944,176.0,0.3261638463730441,0.3153596858574827,False,0.3149145937131585,0.4951091097683395,0.6867722883395233,0.5855539782008864,0.7349656357388317,0.4964787475546052,0.5035212524453948,0.3132277116604767,True,0.4964787475546052,0.3132277116604767
112,47,67,0.2468986280884741,0.0316161473447851,0.0540654070189008,0.5313560543786512,9.171442031860352,0.5447529659885976,0.0,0.18158432199619923,0.2968553459119497,0.4554837697809304,0.0,0.0,0.4980746305620158,True,0.658386063454484,425,49,7.0,1908,49,1400,313,262,36,508,112,98,13,True,0.2662473794549266,241.0,0.0,0.3152417469186531,False,0.2468986280884741,0.5313560543786512,0.8184156780038008,0.6133266322657447,0.8775773195876289,0.4980746305620158,0.5019253694379842,0.18158432199619923,True,0.4980746305620158,0.18158432199619923
9,5,4,0.1235323026283552,0.0185240781445625,0.0499623109281917,0.6904017786947709,10.649986267089844,0.2899078651370304,0.0,0.2564823228848311,0.2433219178082191,0.598161792712549,0.75,0.3333333333333333,0.3806968829612038,True,0.5708371775563242,262,31,7.0,1460,31,1255,224,222,27,205,38,33,4,True,0.1404109589041096,72.0,0.4795391035174628,0.315033593423367,False,0.1235323026283552,0.6904017786947709,0.7435176771151689,0.43913553374139824,0.6675257731958764,0.3806968829612038,0.6193031170387961,0.2564823228848311,True,0.3806968829612038,0.2564823228848311
578,392,390,0.2216726071376219,0.0095836027991026,0.0702600961989628,0.8255775673267803,12.07755184173584,0.1158760672424749,1.0,0.6876243343262721,0.377659574468085,0.0897767435068044,0.5,0.3333333333333333,0.36232208180506426,True,0.7425888616027709,31,18,10.0,47,18,31,21,21,12,16,10,11,6,True,0.3404255319148936,10.0,0.9469969357363416,0.3143235114179446,False,0.2216726071376219,0.8255775673267803,0.3123756656737279,0.36923649974328926,0.39475945017182135,0.36232208180506426,0.6376779181949357,0.6876243343262721,True,0.36232208180506426,0.6876243343262721
433,281,301,0.203125033322944,0.0265600751363882,0.056878681299522,0.5878981838892647,10.191329002380373,0.4463334409955728,0.0,0.2585615820458935,0.2045270816491511,0.618665837391136,0.2,0.0,0.45524639567358643,True,0.934839852702454,248,29,7.0,1237,29,958,199,212,24,279,49,63,5,True,0.2255456750202102,111.0,0.3293513051421079,0.3140826021953963,False,0.203125033322944,0.5878981838892647,0.7414384179541065,0.6086352056594567,0.6481958762886597,0.45524639567358643,0.5447536043264136,0.2585615820458935,True,0.45524639567358643,0.2585615820458935
463,305,306,0.2297511129906318,0.0252464395340626,0.0500222344432092,0.6035485521780812,9.961748123168944,0.4207627239120443,0.0,0.22497917712363047,0.288965768390386,0.3465934905596863,0.25,0.2,0.46492580671957784,True,0.4805973720292605,300,35,7.0,1373,35,1027,238,196,28,346,62,63,7,True,0.2520029133284778,158.0,0.2541748074588473,0.3140230190323212,False,0.2297511129906318,0.6035485521780812,0.7750208228763695,0.4962652645946047,0.7220790378006873,0.46492580671957784,0.5350741932804222,0.22497917712363047,True,0.46492580671957784,0.22497917712363047
86,31,52,0.1634540351951745,0.0051194497823922,0.0518656656530532,0.9026783454166832,9.576281547546388,0.0289786098305434,1.0,0.385643995393558,0.1344827586206896,0.0232523530928874,0.2,0.5,0.3331805816996721,True,0.7038170681089723,20,7,9.0,58,7,43,15,18,6,15,5,5,1,True,0.2586206896551724,9.0,0.1279533763501302,0.3133942293350767,False,0.1634540351951745,0.9026783454166832,0.614356004606442,0.22641535130576398,0.2448453608247423,0.3331805816996721,0.666819418300328,0.385643995393558,True,0.3331805816996721,0.385643995393558
558,386,384,0.0688415452945541,0.003513129428029,0.1196855788758927,0.9321490160976308,12.620461463928224,0.0,1.0,0.6666666666666666,0.5,0.2205210792803127,0.5,0.25,0.27160095364785297,True,0.3912138693458273,24,12,10.0,41,12,35,20,20,10,6,4,4,2,True,0.1463414634146341,1.0,1.0,0.3125667642084755,False,0.0688415452945541,0.9321490160976308,0.33333333333333337,0.47451326353970097,0.3079896907216495,0.27160095364785297,0.728399046352147,0.6666666666666666,True,0.27160095364785297,0.6666666666666666
309,217,236,0.2263937574438375,0.0185197765727765,0.0472821497812088,0.6904611775060611,10.805431365966797,0.2898241324222968,0.0,0.27342129841479546,0.2262421611191509,0.1953589619209313,0.3333333333333333,0.5,0.4344795894090027,True,0.6119887066641122,178,37,8.0,691,37,513,135,139,28,178,43,49,9,True,0.2575976845151954,86.0,0.5304397628220897,0.312513838691882,False,0.2263937574438375,0.6904611775060611,0.7265787015852045,0.35066649999682603,0.6675257731958764,0.4344795894090027,0.5655204105909972,0.27342129841479546,True,0.4344795894090027,0.27342129841479546
47,11,29,0.1914927237627383,0.004305629277951,0.0686105774432689,0.9174909291759424,13.276625633239746,0.0131370980452369,1.0,0.6710456993484124,0.2280701754385965,0.0472259676817586,0.3333333333333333,0.5714285714285714,0.3092277447708028,True,0.6535390451973578,11,5,10.0,19,5,12,7,7,3,7,4,4,2,True,0.3684210526315789,4.0,1.0,0.3122694126350723,False,0.1914927237627383,0.9174909291759424,0.3289543006515876,0.27455182726469507,0.16580756013745704,0.3092277447708028,0.6907722552291973,0.6710456993484124,True,0.3092277447708028,0.6710456993484124
285,214,213,0.1301061349838427,0.0109244333531629,0.0527411480981421,0.8037325880436187,10.113859176635742,0.1419761506249059,1.0,0.48198662691703564,0.3073192239858907,0.364990871152843,0.3333333333333333,0.5,0.3519168063689727,True,0.4101470785549331,78,11,7.0,378,11,316,62,56,8,62,16,13,3,True,0.164021164021164,24.0,0.303983730126201,0.3121945772287925,False,0.1301061349838427,0.8037325880436187,0.5180133730829644,0.44282100719756284,0.38917525773195877,0.3519168063689727,0.6480831936310273,0.48198662691703564,True,0.3519168063689727,0.48198662691703564
224,204,223,0.2593075659935059,0.0344245924929005,0.061161095985896,0.5023330917943146,9.150575637817385,0.5994210613111777,0.0,0.19980702043705922,0.2910836762688614,0.4805024885191245,0.0,0.1666666666666666,0.48384238246678196,True,0.7820937747631929,316,32,8.0,1215,32,870,229,263,26,345,87,86,6,True,0.2839506172839506,185.0,0.0,0.3116008683707895,False,0.2593075659935059,0.5023330917943146,0.8001929795629408,0.5946794589198119,0.7057560137457044,0.48384238246678196,0.5161576175332181,0.19980702043705922,True,0.48384238246678196,0.19980702043705922
401,238,236,0.3170500778685361,0.0133756759683959,0.0762455029005273,0.7652799844512178,11.797301292419434,0.1896910810867836,1.0,0.6816398943209387,0.2007575757575757,0.0220282626766417,0.5,0.6666666666666666,0.3512061262992332,True,0.6119887066641122,25,13,10.0,44,13,24,13,14,6,20,12,14,7,True,0.4545454545454545,13.0,0.8552286018760329,0.3105186208941076,False,0.3170500778685361,0.7652799844512178,0.31836010567906126,0.21543842818880285,0.32517182130584193,0.3512061262992332,0.6487938737007668,0.6816398943209387,True,0.3512061262992332,0.6816398943209387
176,127,107,0.1690960392457526,0.0073043778372396,0.0438586414147263,0.8640820436614636,10.60348129272461,0.0715095651726937,1.0,0.5119401888215865,0.3370212765957446,0.0102472832581221,0.4,0.6,0.3378403978454591,True,1.181694780615308,41,5,7.0,235,5,184,32,40,4,51,9,8,1,True,0.2170212765957447,21.0,0.4643110012920657,0.3103958658999681,False,0.1690960392457526,0.8640820436614636,0.48805981117841346,0.2946474842306763,0.2594501718213058,0.3378403978454591,0.6621596021545408,0.5119401888215865,True,0.3378403978454591,0.5119401888215865
281,213,231,0.1982422808259466,0.0065893144346773,0.0667242939536805,0.8765282990721074,11.608684539794922,0.0575904205245621,1.0,0.6170187568582411,0.15,0.145393112508148,0.375,0.3333333333333333,0.3245103927729316,True,1.1411627055128797,9,5,10.0,15,5,9,6,6,4,6,3,3,1,True,0.4,7.0,0.793465850050161,0.3100928376170015,False,0.1982422808259466,0.8765282990721074,0.38298124314175885,0.30884844057793587,0.15463917525773196,0.3245103927729316,0.6754896072270684,0.6170187568582411,True,0.3245103927729316,0.6170187568582411
159,121,123,0.1171619297483959,0.0041557806544005,0.0935001899980895,0.9202447487325868,10.334383010864258,0.0102202033208685,1.0,0.4621382307768356,0.3333333333333333,0.0,0.6666666666666666,1.0,0.2828835895878301,True,0.6495529827524277,22,12,10.0,36,12,28,17,17,9,8,5,5,3,True,0.2222222222222222,2.0,0.3761944890096381,0.3100577067747841,False,0.1171619297483959,0.9202447487325868,0.5378617692231644,0.1666666666666667,0.29982817869415807,0.2828835895878301,0.7171164104121699,0.4621382307768356,True,0.2828835895878301,0.4621382307768356
476,312,332,0.3159263638196475,0.027750455826107,0.055851615826096,0.5740670276778127,9.69887638092041,0.4695049261354456,0.0,0.21253403606131172,0.2677025527192008,0.0589850518882552,0.6,0.4,0.44203907669911435,True,1.119329782732733,169,22,7.0,901,22,589,109,132,16,312,60,53,6,True,0.3462819089900111,135.0,0.1680971820484896,0.3100060106858172,False,0.3159263638196475,0.5740670276778127,0.7874659639386883,0.28578296161924,0.5412371134020618,0.44203907669911435,0.5579609233008856,0.21253403606131172,True,0.44203907669911435,0.21253403606131172
393,236,214,0.1205815986827429,0.0016350952209904,0.0808902641436356,0.9678270215497912,11.537914276123049,0.0,1.0,0.5900973512010484,0.2857142857142857,0.0061411092525419,0.5714285714285714,0.7142857142857143,0.24458050966179432,False,0.6119887066641122,5,2,10.0,9,2,6,3,3,1,3,2,2,1,True,0.3333333333333333,1.0,0.7702920536031455,0.3087565503146123,False,0.1205815986827429,0.9678270215497912,0.40990264879895155,0.22829155660143224,0.05326460481099657,0.24458050966179432,0.7554194903382057,0.5900973512010484,False,0.24458050966179432,0.5900973512010484
438,292,293,0.2336353472648775,0.0249644396854342,0.0587535953661236,0.6069621815660354,9.92604923248291,0.4152734251033733,0.0,0.21925286455896986,0.2050147492625369,0.3350345398890551,0.1666666666666666,0.0,0.46203544648734945,True,1.1119155647980608,163,33,6.0,678,33,498,111,142,24,180,52,37,9,True,0.2654867256637168,84.0,0.2424851685735366,0.3076224358350239,False,0.2336353472648775,0.6069621815660354,0.7807471354410301,0.49751642270496593,0.6254295532646048,0.46203544648734945,0.5379645535126505,0.21925286455896986,True,0.46203544648734945,0.21925286455896986
27,8,9,0.1795597983565658,0.0278564972032495,0.0513430056858028,0.5728508206526154,9.24776840209961,0.4715690861271959,0.0,0.16398349710551197,0.2319142372358476,0.5714285714285714,0.5,0.4285714285714285,0.4341640984436866,True,0.8979178206761399,394,43,7.0,2161,43,1738,319,305,35,423,75,74,8,True,0.1957427117075428,194.0,0.0203814051893401,0.3076150966943016,False,0.1795597983565658,0.5728508206526154,0.836016502894488,0.4638761790216045,0.8329037800687284,0.4341640984436866,0.5658359015563135,0.16398349710551197,True,0.4341640984436866,0.16398349710551197
573,390,372,0.1627855436366285,0.0065426331479102,0.0774428158007242,0.8773470305848113,10.144750595092772,0.0566817408458871,1.0,0.4569269660252644,0.2407407407407407,0.0045778585406765,0.5,0.75,0.31060892606315277,True,0.8635553308620566,10,6,10.0,18,6,12,7,9,5,6,3,3,1,True,0.3333333333333333,5.0,0.3140991572299059,0.3071574899557101,False,0.1627855436366285,0.8773470305848113,0.5430730339747356,0.21446966537313786,0.18556701030927836,0.31060892606315277,0.6893910739368472,0.4569269660252644,True,0.31060892606315277,0.4569269660252644
208,187,186,0.2096498737032187,0.0283355828562454,0.0585802400134899,0.5673881411702864,9.944242477416992,0.480894780155165,0.0,0.2431124485683448,0.3192217898832685,0.4523783330164168,0.0,0.0,0.4718629914209714,True,1.2843709165327069,340,47,6.0,1285,47,987,256,273,36,298,84,63,11,True,0.2319066147859922,119.0,0.2484425655498696,0.3069251592655074,False,0.2096498737032187,0.5673881411702864,0.7568875514316552,0.6211280555971068,0.8346219931271478,0.4718629914209714,0.5281370085790287,0.2431124485683448,True,0.4718629914209714,0.2431124485683448
123,53,55,0.1454752739689938,0.0044433895964175,0.0697689693366648,0.9149665315392244,9.43793773651123,0.0158186865486289,1.0,0.3661570793616198,0.0,0.1043668314652632,1.0,0.4,0.2821999854033761,True,0.6145816993069612,12,6,10.0,20,6,14,9,9,5,6,3,3,1,True,0.3,4.0,0.0826525515362305,0.3065010442597292,False,0.1454752739689938,0.9149665315392244,0.6338429206383802,0.12512004123956114,0.19759450171821305,0.2821999854033761,0.7178000145966239,0.3661570793616198,True,0.2821999854033761,0.3661570793616198
495,321,300,0.1483354872733899,0.0120262257821325,0.0694718205185192,0.7862153706367768,9.439760208129885,0.1634232113136375,1.0,0.4155575110256453,0.3925549915397631,0.1312872975277067,0.3333333333333333,0.5,0.36631788757423744,True,0.54501111574303,70,14,8.0,197,14,158,57,44,11,39,13,8,3,True,0.1979695431472081,14.0,0.0832493217632983,0.3060272839045714,False,0.1483354872733899,0.7862153706367768,0.5844424889743547,0.39088020455293637,0.41323024054982815,0.36631788757423744,0.6336821124257626,0.4155575110256453,True,0.36631788757423744,0.4155575110256453
422,272,292,0.3398060906966397,0.0327994863913405,0.054523194674612,0.5189282106520156,9.480549812316896,0.5677873812555042,0.0,0.22146443377827463,0.2584654531219417,0.1069789144606811,0.3333333333333333,0.25,0.48159528780570143,True,1.1119155647980608,370,41,7.0,1703,41,1086,242,198,28,617,128,109,13,True,0.3623018203170875,267.0,0.0966059200793195,0.3059988928546954,False,0.3398060906966397,0.5189282106520156,0.7785355662217254,0.3597613285483107,0.8097079037800687,0.48159528780570143,0.5184047121942985,0.22146443377827463,True,0.48159528780570143,0.22146443377827463
378,233,212,0.3532713301835795,0.0404190556947504,0.0628720256163843,0.4455788240200207,9.954784393310549,0.7161069385291556,0.0,0.3226671551343143,0.2151185849131434,0.4176813745423249,0.1428571428571428,0.0,0.5040557537901823,True,1.1619791581108354,483,50,8.0,1801,50,1125,314,330,38,676,169,158,12,True,0.3753470294280955,308.0,0.2518945268737876,0.3059954597115534,False,0.3532713301835795,0.4455788240200207,0.6773328448656857,0.5420331919502284,0.8973367697594501,0.5040557537901823,0.4959442462098177,0.3226671551343143,True,0.5040557537901823,0.3226671551343143
312,218,198,0.1775361390170394,0.0211427308939164,0.0530060944565704,0.6551738767565433,10.370407104492188,0.3408815358225616,0.0,0.24295738391969157,0.2878942014242115,0.3374706385697771,0.3333333333333333,0.2,0.4218734361940208,True,0.8816696613244259,190,23,7.0,983,23,785,155,165,19,198,35,36,4,True,0.2014242115971515,80.0,0.3879906159365134,0.3058073642412084,False,0.1775361390170394,0.6551738767565433,0.7570426160803084,0.4788532565735866,0.5657216494845361,0.4218734361940208,0.5781265638059792,0.24295738391969157,True,0.4218734361940208,0.24295738391969157
306,217,216,0.1650097740986801,0.0180367566119398,0.0514669931188827,0.6971636301842171,10.081260681152344,0.2804218546959728,0.0,0.19124372452355531,0.2803379416282642,0.2139246374468194,0.1666666666666666,0.3333333333333333,0.41861090900243314,True,0.5697363003069251,243,26,7.0,1085,26,882,195,145,23,203,48,30,3,True,0.1870967741935484,62.0,0.2933093188746933,0.30545488414989,False,0.1650097740986801,0.6971636301842171,0.8087562754764447,0.43052115761383475,0.6241408934707904,0.41861090900243314,0.5813890909975669,0.19124372452355531,True,0.41861090900243314,0.19124372452355531
318,221,222,0.2333885367938947,0.0207763600233237,0.0486133446876152,0.6599922407524375,10.675942420959473,0.3337499036842516,0.0,0.27392945892771325,0.2753396029258098,0.1336822095005025,0.0,0.5,0.4387702076827298,True,0.9050989791035348,203,24,7.0,957,24,708,160,126,19,249,43,46,5,True,0.2601880877742947,103.0,0.4880384730988883,0.304862322293149,False,0.2333885367938947,0.6599922407524375,0.7260705410722867,0.3916416469936096,0.5906357388316151,0.4387702076827298,0.5612297923172702,0.27392945892771325,True,0.4387702076827298,0.27392945892771325
44,11,10,0.1082681071662544,0.0208428107552367,0.0479460354182053,0.6591156840107303,10.729633331298828,0.33504340765349,0.0,0.28022100839551456,0.3060348681269557,0.6113734408246455,0.4,0.2857142857142857,0.38765219713460936,True,0.6435638621308869,406,56,7.0,2237,56,1966,357,368,48,271,49,61,8,True,0.1211443898077782,109.0,0.5056196175330535,0.3047606781253296,False,0.1082681071662544,0.6591156840107303,0.7197789916044854,0.5490301983092789,0.8900343642611683,0.38765219713460936,0.6123478028653906,0.28022100839551456,True,0.38765219713460936,0.28022100839551456
375,232,231,0.2686302558540451,0.0214190954982482,0.0415521011746704,0.6515625290531413,11.01799201965332,0.3462611411687915,0.0,0.315434703707798,0.2180851063829787,0.1152347776869008,0.25,0.2857142857142857,0.4511223203309928,True,1.1411627055128797,285,38,7.0,1598,38,1134,204,212,26,464,81,86,12,True,0.2903629536921151,203.0,0.6000429699546026,0.3047093790937686,False,0.2686302558540451,0.6515625290531413,0.684565296292202,0.34931201830558845,0.7418384879725086,0.4511223203309928,0.5488776796690071,0.315434703707798,True,0.4511223203309928,0.315434703707798
385,233,252,0.2946966662578781,0.0193487183360213,0.0561108619968481,0.6791085024816339,9.204472541809082,0.305959988719986,1.0,0.4373880398084897,0.2153493699885452,0.0484024017860278,0.5,0.4444444444444444,0.40329511574004473,True,1.1940024538182468,81,15,8.0,291,15,190,50,50,9,101,31,30,6,True,0.3470790378006873,55.0,0.0062041307054831,0.3042475904442497,False,0.2946966662578781,0.6791085024816339,0.5626119601915103,0.2638203214236308,0.4377147766323024,0.40329511574004473,0.5967048842599553,0.4373880398084897,True,0.40329511574004473,0.4373880398084897
466,306,304,0.0900397235406843,0.0034747488874321,0.0506421728965919,0.9328648184543922,11.610251426696776,0.0,1.0,0.5979929762652939,0.3333333333333333,0.1459677204584649,0.6666666666666666,0.5,0.2900179799614824,True,0.4805973720292605,36,19,10.0,62,19,52,32,32,18,10,4,4,1,True,0.1612903225806451,6.0,0.7939789287958818,0.3040061427052418,False,0.0900397235406843,0.9328648184543922,0.4020070237347061,0.3159974465191525,0.4106529209621993,0.2900179799614824,0.7099820200385176,0.5979929762652939,True,0.2900179799614824,0.5979929762652939
447,300,281,0.1942834999419296,0.0214721487815647,0.0629267943694586,0.6508715450786108,9.642725944519045,0.347293855641235,0.0,0.1656681729628059,0.1987829614604462,0.2747020540157487,0.1666666666666666,0.0,0.43724588098996814,True,0.934839852702454,145,24,8.0,493,24,380,107,101,21,113,38,21,3,True,0.22920892494929,48.0,0.1497106632471826,0.303756547751694,False,0.1942834999419296,0.6508715450786108,0.8343318270371941,0.46584757746132943,0.5442439862542956,0.43724588098996814,0.5627541190100318,0.1656681729628059,True,0.43724588098996814,0.1656681729628059
553,383,381,0.1994551216773149,0.0103217625938769,0.0766978653724438,0.8134789309852585,11.587634086608888,0.1302447972321266,1.0,0.6389392181640301,0.34375,0.0845502645502645,0.5,0.6666666666666666,0.3448292646496322,True,0.4182303580580847,32,17,10.0,48,17,33,24,21,14,15,8,8,3,True,0.3125,9.0,0.7865728572599635,0.3027618326051269,False,0.1994551216773149,0.8134789309852585,0.3610607818359699,0.2987126073357218,0.3891752577319587,0.3448292646496322,0.6551707353503677,0.6389392181640301,True,0.3448292646496322,0.6389392181640301
63,26,7,0.1321191689190291,0.0089064708293375,0.0474760569201507,0.8368341162655405,9.912010192871094,0.102695281036297,1.0,0.44686111716234556,0.2408568443051201,0.1942008728692085,0.1666666666666666,0.125,0.3646499653061448,True,0.6157022221184753,80,17,8.0,319,17,265,66,69,14,54,14,16,3,True,0.1692789968652037,23.0,0.2378880704507396,0.3027175624484721,False,0.1321191689190291,0.8368341162655405,0.5531388828376544,0.4310520850700097,0.4527491408934708,0.3646499653061448,0.6353500346938552,0.44686111716234556,True,0.3646499653061448,0.44686111716234556
571,389,388,0.2350425420951608,0.0185937884037972,0.0419447282858289,0.6894398876479452,11.024166107177734,0.2912648177908378,0.0,0.29777649970897846,0.2660030627871362,0.049163142248028,0.2,0.5,0.42497901790510895,True,0.7088659022355741,215,26,7.0,1306,26,969,162,179,19,337,53,61,7,True,0.2580398162327718,131.0,0.6020646813360976,0.3025879536650665,False,0.2350425420951608,0.6894398876479452,0.7022235002910215,0.320045335283032,0.6164089347079038,0.42497901790510895,0.575020982094891,0.29777649970897846,True,0.42497901790510895,0.29777649970897846
329,223,205,0.2076549551264878,0.0079674050211906,0.182917635456609,0.8526994822495173,11.523914337158203,0.0844157931323239,1.0,0.616707850720064,0.1904761904761904,0.0622246957960272,0.5714285714285714,0.3333333333333333,0.2780047917892016,True,0.5395771851089068,3,3,10.0,3,3,1,1,1,1,2,2,2,2,True,0.6666666666666666,1.0,0.765707759027868,0.3024711302806657,False,0.2076549551264878,0.8526994822495173,0.38329214927993605,0.2630435502658078,0.04166666666666667,0.2780047917892016,0.7219952082107983,0.616707850720064,True,0.2780047917892016,0.616707850720064
350,229,208,0.1550905445826906,0.0062669199625296,0.0649123432744664,0.8821983168175598,11.108190536499023,0.0513148157662951,1.0,0.5602977946256249,0.2987012987012987,0.0148482603292319,0.4285714285714285,0.4,0.32126546379078613,True,0.901984607927955,21,6,8.0,66,6,50,18,14,4,16,3,9,2,True,0.2424242424242424,7.0,0.6295785681105796,0.3020208893188347,False,0.1550905445826906,0.8821983168175598,0.4397022053743751,0.3030267776976125,0.22723367697594501,0.32126546379078613,0.6787345362092139,0.5602977946256249,True,0.32126546379078613,0.5602977946256249
353,229,227,0.1019127634820017,0.004120152676478,0.060383779509376,0.9209007116029624,12.205033302307127,0.0095266830309928,1.0,0.6660891852079952,0.4,0.1143903298989841,0.2,0.2,0.30679117366196246,True,0.6570534259161989,28,15,10.0,48,15,39,24,23,13,9,4,4,2,True,0.1875,5.0,0.9887408725929928,0.3018654333427883,False,0.1019127634820017,0.9209007116029624,0.3339108147920048,0.4536034964146481,0.3586769759450172,0.30679117366196246,0.6932088263380376,0.6660891852079952,True,0.30679117366196246,0.6660891852079952
394,236,215,0.240106888406537,0.0306545889234257,0.0609864344008166,0.5416735428533368,9.802276611328123,0.5260356456690692,0.0,0.242663780236809,0.2507122507122507,0.4230317206220184,0.1428571428571428,0.0,0.47177608596972853,True,0.6704601283040799,300,38,8.0,1053,38,773,226,231,27,280,74,60,11,True,0.2659069325735992,128.0,0.2019556950413579,0.3016528373283618,False,0.240106888406537,0.5416735428533368,0.757336219763191,0.5592939307525381,0.7495704467353952,0.47177608596972853,0.5282239140302715,0.242663780236809,True,0.47177608596972853,0.242663780236809
568,388,389,0.2190397491013911,0.0335033446025302,0.0565176046858221,0.5116743496952685,9.834102630615234,0.5814884100289244,0.0,0.2646218560626227,0.2949729954299958,0.5691045430840923,0.3333333333333333,0.0,0.46667138164735195,True,0.7088659022355741,439,67,7.0,2407,67,1840,337,383,52,567,102,105,15,True,0.2355629414208558,243.0,0.2123771581589436,0.3010637727942835,False,0.2190397491013911,0.5116743496952685,0.7353781439373773,0.6000269224911523,0.9145189003436426,0.46667138164735195,0.533328618352648,0.2646218560626227,True,0.46667138164735195,0.2646218560626227
462,305,304,0.0534495592058394,0.0158173651182772,0.0563422956627177,0.7288062900600547,10.462791442871094,0.2372200475269462,0.0,0.21848733705131385,0.3333333333333333,0.4942786641531412,0.6666666666666666,0.4,0.30264758848173956,True,0.4571170268146547,260,32,7.0,1462,32,1367,242,234,29,95,18,19,3,True,0.0649794801641586,37.0,0.4182419636269955,0.3009341767438682,False,0.0534495592058394,0.7288062900600547,0.7815126629486862,0.4394422215492924,0.6739690721649485,0.30264758848173956,0.6973524115182604,0.21848733705131385,True,0.30264758848173956,0.21848733705131385
327,223,203,0.1700303318767594,0.0210127614703852,0.0643402393151293,0.656879143543269,10.005449295043944,0.3383516018342149,0.0,0.20227880115893881,0.3237428719543805,0.235971063207028,0.0,0.0,0.43393640426954666,True,0.4482084322085275,222,27,5.0,643,27,515,163,146,21,128,59,26,6,True,0.1990668740279937,43.0,0.2684848016426016,0.3008193892139315,False,0.1700303318767594,0.656879143543269,0.7977211988410612,0.5290150920160068,0.6267182130584192,0.43393640426954666,0.5660635957304534,0.20227880115893881,True,0.43393640426954666,0.20227880115893881
439,292,312,0.2984779760543103,0.042694441186199,0.0616182694950332,0.4257560183233501,10.083856582641602,0.7603987029688483,0.0,0.351519350828726,0.2544473607465733,0.6322251394233006,0.0,0.0,0.4934205727539213,True,1.1119155647980608,611,67,7.0,3429,67,2353,407,584,46,1076,204,265,21,True,0.3137941090696996,458.0,0.2941593495173299,0.3006333108528439,False,0.2984779760543103,0.4257560183233501,0.648480649171274,0.6658350021476319,0.9518900343642611,0.4934205727539213,0.5065794272460786,0.351519350828726,True,0.4934205727539213,0.351519350828726
151,106,127,0.1350825415016757,0.0104090564193264,0.0463244727967542,0.8120599362842862,9.750874519348145,0.1319440247117676,1.0,0.4390226837571072,0.3216145833333333,0.1401923893776942,0.5,0.4,0.3535649426839388,True,1.181694780615308,98,18,8.0,384,18,319,82,75,15,65,16,14,3,True,0.1692708333333333,31.0,0.1851240265595541,0.2999294263813482,False,0.1350825415016757,0.8120599362842862,0.5609773162428928,0.3563662687398073,0.4699312714776632,0.3535649426839388,0.6464350573160612,0.4390226837571072,True,0.3535649426839388,0.4390226837571072
382,233,231,0.2828839329710102,0.0132490558933247,0.0679662825171201,0.7672204365977977,13.026629447937012,0.187226344206168,1.0,0.7290754480687228,0.2309782608695652,0.0633528398370204,0.5,0.6666666666666666,0.34172766674755134,True,1.1619791581108354,29,15,10.0,46,15,27,17,17,9,19,12,12,6,True,0.4130434782608695,17.0,1.0,0.2998452694315296,False,0.2828839329710102,0.7672204365977977,0.2709245519312772,0.24762669345987723,0.36211340206185566,0.34172766674755134,0.6582723332524487,0.7290754480687228,True,0.34172766674755134,0.7290754480687228
435,292,252,0.1176182311592532,0.002897182945162,0.0774955006277162,0.9437031152075448,13.063255310058594,0.0,1.0,0.6666666666666666,0.3,0.0613667343919178,0.3333333333333333,0.5714285714285714,0.26825727292393686,True,1.1940024538182468,5,5,10.0,5,5,3,3,3,3,2,2,2,2,True,0.4,2.0,1.0,0.2996282337984898,False,0.1176182311592532,0.9437031152075448,0.33333333333333337,0.314556280281373,0.1211340206185567,0.26825727292393686,0.7317427270760631,0.6666666666666666,True,0.26825727292393686,0.6666666666666666
32,9,7,0.1492121185502459,0.0086657725559133,0.0516712191430071,0.8408723188895566,11.385286331176758,0.0980099425441561,1.0,0.6061079389424576,0.2578125,0.2187960064036425,0.3333333333333333,0.3333333333333333,0.35649336932290165,True,0.8979178206761399,72,34,10.0,128,34,101,57,58,27,27,15,16,7,True,0.2109375,18.0,0.7203138742832168,0.2989965998330838,False,0.1492121185502459,0.8408723188895566,0.3938920610575424,0.3985843726672529,0.572594501718213,0.35649336932290165,0.6435066306770983,0.6061079389424576,True,0.35649336932290165,0.6061079389424576
28,8,10,0.0831418420862506,0.005018881522119,0.1438732485955839,0.9044957883904408,10.730377197265623,0.0270209873921173,1.0,0.5109613948698961,0.2298507462686567,0.2240041810221509,0.4,0.4285714285714285,0.3013507859877551,True,0.6435638621308869,38,19,10.0,67,19,57,32,32,16,10,6,6,3,True,0.1492537313432835,1.0,0.505863197217571,0.2988948265937236,False,0.0831418420862506,0.9044957883904408,0.4890386051301039,0.3645746251153832,0.41323024054982815,0.3013507859877551,0.6986492140122449,0.5109613948698961,True,0.3013507859877551,0.5109613948698961
459,304,305,0.2581590386042485,0.0236457404733466,0.0498785958561179,0.6231831582218167,10.405107498168944,0.3896041417717781,0.0,0.2629858125697948,0.2364356435643564,0.1024320457796852,0.4,0.6666666666666666,0.41894059353829766,True,0.4571170268146547,185,25,7.0,1010,25,722,135,142,19,288,50,55,6,True,0.2851485148514851,132.0,0.3993532959376065,0.2978067505856691,False,0.2581590386042485,0.6231831582218167,0.7370141874302052,0.2811923318897756,0.5803264604810996,0.41894059353829766,0.5810594064617023,0.2629858125697948,True,0.41894059353829766,0.2629858125697948
157,107,127,0.1695356619202812,0.0203973496470927,0.0497415477190541,0.6650141283307245,10.141045570373535,0.3263722358704644,0.0,0.21308605963416172,0.2634742951907131,0.2544532712999822,0.5,0.3333333333333333,0.409571532330973,True,1.181694780615308,252,31,7.0,1206,31,976,202,179,25,230,50,36,6,True,0.1907131011608623,91.0,0.3128859430320208,0.2978026539529831,False,0.1695356619202812,0.6650141283307245,0.7869139403658383,0.3886672187014483,0.6589347079037801,0.409571532330973,0.590428467669027,0.21308605963416172,True,0.409571532330973,0.21308605963416172
100,33,53,0.2214733215069304,0.0158081585723266,0.0593715541769832,0.7289404981875788,10.4996337890625,0.2370408365026696,1.0,0.5557822882365032,0.2620408163265306,0.1937501817723395,0.4,0.3333333333333333,0.3714461431289766,True,0.6145816993069612,41,7,6.0,245,7,178,29,41,5,67,12,21,2,True,0.273469387755102,32.0,0.4303060282068401,0.2972723490452825,False,0.2214733215069304,0.7289404981875788,0.4442177117634968,0.37991290589376164,0.3041237113402062,0.3714461431289766,0.6285538568710234,0.5557822882365032,True,0.3714461431289766,0.5557822882365032
580,393,372,0.3373335240953189,0.0214507149367202,0.0579077303908278,0.6511506184847154,9.966819763183594,0.3468766327968182,1.0,0.5342373846844799,0.1608265947888589,0.0418157580860169,0.5,0.6666666666666666,0.38322524486256376,True,0.8635553308620566,109,16,7.0,371,16,228,69,46,10,143,40,35,6,True,0.38544474393531,62.0,0.2558355212566215,0.2971190920025818,False,0.3373335240953189,0.6511506184847154,0.4657626153155201,0.20546814071513,0.4583333333333333,0.38322524486256376,0.6167747551374363,0.5342373846844799,True,0.38322524486256376,0.5342373846844799
150,106,126,0.2417623938089372,0.0279739388126741,0.0561880255678381,0.5715068691819817,9.269891738891602,0.4738551585837555,0.0,0.16716029113865416,0.1821150855365474,0.2734250197170842,0.2,0.2,0.4568059753415769,True,0.8607825119832312,253,33,7.0,1286,33,945,192,202,26,341,61,65,7,True,0.2651632970451011,135.0,0.027625714832207,0.2969949996896671,False,0.2417623938089372,0.5715068691819817,0.8328397088613458,0.4268677103054911,0.6782646048109966,0.4568059753415769,0.543194024658423,0.16716029113865416,True,0.4568059753415769,0.16716029113865416
425,273,252,0.3104242781619853,0.0360167703013224,0.0705533606914011,0.4865890236960075,9.516284942626951,0.6304137720855759,0.0,0.24624039925092833,0.2154213036565977,0.2987348590117277,0.5,0.0,0.46489589850001417,True,1.1940024538182468,202,26,8.0,629,26,411,139,115,20,218,63,52,6,True,0.3465818759936407,116.0,0.1083074256672092,0.2969379947153361,False,0.3104242781619853,0.4865890236960075,0.7537596007490717,0.4390997164661144,0.6078178694158076,0.46489589850001417,0.5351041014999858,0.24624039925092833,True,0.46489589850001417,0.24624039925092833
538,367,347,0.2430209730402695,0.0127050701262695,0.0500481885962011,0.7756131489267034,10.489387512207031,0.1766373299299034,1.0,0.5345294013744463,0.0962379702537182,0.1085633246643169,0.6666666666666666,0.4,0.3532530193339134,True,0.4416835907527695,69,7,7.0,381,7,272,50,48,5,109,19,20,2,True,0.2860892388451443,35.0,0.4269508741934354,0.2969195232484777,False,0.2430209730402695,0.7756131489267034,0.46547059862555373,0.21860230743111608,0.3384879725085911,0.3532530193339134,0.6467469806660866,0.5345294013744463,True,0.3532530193339134,0.5345294013744463
369,231,252,0.1877103701085032,0.0102780448635005,0.0765134307968213,0.8141905110780263,9.530689239501951,0.1293938049835827,1.0,0.41413931088143996,0.1757575757575757,0.0027812543457099,0.3333333333333333,0.8888888888888888,0.3204622383265209,True,1.1940024538182468,18,6,9.0,55,6,39,14,16,4,16,4,9,2,True,0.2909090909090909,9.0,0.1130241276607372,0.2957812532889937,False,0.1877103701085032,0.8141905110780263,0.58586068911856,0.18632198912418907,0.2186426116838488,0.3204622383265209,0.6795377616734791,0.41413931088143996,True,0.3204622383265209,0.41413931088143996
547,372,392,0.255074967836489,0.0400061443087381,0.0698116413360157,0.4492737511921334,10.167943954467772,0.7080693669121884,0.0,0.3432544045975634,0.2959326788218794,0.6291486486574961,0.0,0.0,0.46819192668238513,True,0.8635553308620566,298,39,7.0,1426,39,1030,227,247,31,396,71,95,8,True,0.2776998597475456,173.0,0.3216938468805018,0.2949948047804168,False,0.255074967836489,0.4492737511921334,0.6567455954024366,0.6801034213556698,0.7573024054982818,0.46819192668238513,0.5318080733176149,0.3432544045975634,True,0.46819192668238513,0.3432544045975634
380,233,214,0.1749290686164959,0.0116544673626776,0.0451103344940429,0.7920827999398867,9.656177520751951,0.1561867072553797,1.0,0.43676736771030655,0.2038030229156509,0.1031742284815607,0.4285714285714285,0.4444444444444444,0.36089708468678927,True,1.1619791581108354,73,13,8.0,293,13,229,57,58,10,64,16,16,3,True,0.2184300341296928,40.0,0.1541153958755402,0.2946174557972548,False,0.1749290686164959,0.7920827999398867,0.5632326322896934,0.29409118044828947,0.406786941580756,0.36089708468678927,0.6391029153132107,0.43676736771030655,True,0.36089708468678927,0.43676736771030655
46,11,13,0.0757124833691637,0.0049083996564149,0.1422259444934962,0.906496605761176,9.982086181640623,0.0248703905859881,1.0,0.42856830548162006,0.3035714285714285,0.0469734297764416,0.5,0.7142857142857143,0.26137331849182716,True,0.4773074013808554,10,6,10.0,14,6,11,8,8,5,3,2,2,1,True,0.2142857142857142,1.0,0.2608345258588723,0.2944316303626433,False,0.0757124833691637,0.906496605761176,0.5714316945183799,0.2624062227671117,0.18556701030927836,0.26137331849182716,0.7386266815081728,0.42856830548162006,True,0.26137331849182716,0.42856830548162006
0,1,3,0.1038257450594295,0.0080137569457292,0.0957429548827808,0.8519093633003352,11.448175430297852,0.0853180615746192,1.0,0.6087416789251846,0.5802469135802469,0.0,0.3333333333333333,1.0,0.2939041659141311,True,0.4477987774953572,33,18,10.0,54,18,44,27,28,15,10,6,6,3,True,0.1851851851851851,4.0,0.7409069752009345,0.2942536304793786,False,0.1038257450594295,0.8519093633003352,0.3912583210748154,0.3109788078471605,0.39991408934707906,0.2939041659141311,0.706095834085869,0.6087416789251846,True,0.2939041659141311,0.6087416789251846
257,209,207,0.0513666006710006,0.0037644610274583,0.12402066038152,0.9274752026463986,10.136470794677734,0.0026029284448996,1.0,0.437996952139046,0.2045454545454545,0.1874104541647894,0.625,0.3333333333333333,0.23100332141532354,False,1.3972225133438927,7,4,9.0,11,4,9,5,4,2,2,2,2,2,True,0.1818181818181818,1.0,0.3113879279722384,0.2941850967194396,False,0.0513666006710006,0.9274752026463986,0.562003047860954,0.3194868561093336,0.11512027491408935,0.23100332141532354,0.7689966785846765,0.437996952139046,False,0.23100332141532354,0.437996952139046
207,187,167,0.2093421125228527,0.0360539416437067,0.0659467417498131,0.4862274147835446,10.2640380859375,0.6311373349047016,0.0,0.32809910169393497,0.3158262606090863,0.6539560236768537,0.2,0.0,0.44936336434063173,True,1.3357884073864643,412,36,7.0,2003,36,1548,309,329,28,455,103,110,8,True,0.2271592611083375,155.0,0.353159970177103,0.293773387703405,False,0.2093421125228527,0.4862274147835446,0.671900898306065,0.660607317495555,0.7856529209621994,0.44936336434063173,0.5506366356593683,0.32809910169393497,True,0.44936336434063173,0.32809910169393497
533,361,340,0.1331305984193165,0.0096633287400684,0.0677562352761015,0.8242622173127372,8.747175216674805,0.1174279812413383,1.0,0.3724759937471127,0.1136363636363636,0.1878582202111614,0.25,0.6,0.33725970316959186,True,0.3811421748763997,43,11,9.0,143,11,116,37,39,10,27,6,7,1,True,0.1888111888111888,11.0,0.0,0.293432763571589,False,0.1331305984193165,0.8242622173127372,0.6275240062528873,0.29441415192915477,0.3479381443298969,0.33725970316959186,0.6627402968304081,0.3724759937471127,True,0.33725970316959186,0.3724759937471127
74,27,47,0.2143085453105884,0.0291159732462973,0.0575856269125546,0.5586012068818046,9.689889907836914,0.4960855544029054,0.0,0.22041336883114526,0.2685761047463175,0.3502910099570373,0.4,0.25,0.43557858857165693,True,1.2483050882681392,241,27,7.0,1222,27,932,178,174,20,290,63,53,7,True,0.2373158756137479,138.0,0.1651545520905305,0.2931491547759977,False,0.2143085453105884,0.5586012068818046,0.7795866311688547,0.45702040568489094,0.6305841924398625,0.43557858857165693,0.564421411428343,0.22041336883114526,True,0.43557858857165693,0.22041336883114526
131,67,47,0.0829678575981806,0.022043830600901,0.0620163635374868,0.6434720983985384,9.466341018676758,0.3584219904437379,0.0,0.15012507542237563,0.2168880455407969,0.5995914793911398,0.2,0.0,0.35929614506700386,True,0.658386063454484,186,24,7.0,1054,24,949,165,233,22,105,21,18,2,True,0.0996204933586337,53.0,0.0919532358233891,0.2928642175097899,False,0.0829678575981806,0.6434720983985384,0.8498749245776244,0.6061483203139075,0.5713058419243986,0.35929614506700386,0.6407038549329962,0.15012507542237563,True,0.35929614506700386,0.15012507542237563
214,203,204,0.2470449452427247,0.0352297908956966,0.0622043672080446,0.4943083244554353,10.02286148071289,0.6150947386365759,0.0,0.29642705952892245,0.2310045391750542,0.5198553954753972,0.1666666666666666,0.1666666666666666,0.46544382043029514,True,0.7820937747631929,337,48,7.0,1689,48,1237,259,268,36,452,78,115,12,True,0.2676139727649497,186.0,0.2741864399501912,0.2925537629458734,False,0.2470449452427247,0.4943083244554353,0.7035729404710775,0.5593373812864243,0.836340206185567,0.46544382043029514,0.5345561795697049,0.29642705952892245,True,0.46544382043029514,0.29642705952892245
291,215,213,0.076674406151773,0.0043677889043465,0.0959628156660043,0.9163510200184536,11.017634391784668,0.0143470730320307,1.0,0.5380909791230256,0.3253968253968254,0.0803424135169123,0.3333333333333333,0.4285714285714285,0.2742755605748074,True,0.6704601283040799,13,8,10.0,21,8,17,10,11,6,4,3,3,2,True,0.1904761904761904,2.0,0.5999258643370462,0.2923398944453165,False,0.076674406151773,0.9163510200184536,0.4619090208769744,0.3543810871108547,0.23754295532646047,0.2742755605748074,0.7257244394251926,0.5380909791230256,True,0.2742755605748074,0.5380909791230256
411,252,273,0.2908237613216455,0.0338697799662542,0.0763802601640115,0.5079381456619276,9.444509506225586,0.5886212975653133,0.0,0.22447526064325385,0.2775330396475771,0.1794033769561911,0.2,0.1666666666666666,0.4589368766751249,True,1.1940024538182468,144,29,8.0,454,29,303,90,107,19,151,54,53,10,True,0.3325991189427312,72.0,0.0848044843644482,0.2919570638232879,False,0.2908237613216455,0.5079381456619276,0.7755247393567462,0.4319518145733449,0.5820446735395188,0.4589368766751249,0.541063123324875,0.22447526064325385,True,0.4589368766751249,0.22447526064325385
26,8,7,0.1204161228961381,0.018128555138241,0.0429540803657885,0.6958848325839484,10.701534271240234,0.2822087689213297,0.0,0.25954244000418636,0.260858189429618,0.3485572328079431,0.3333333333333333,0.5714285714285714,0.38222483056733864,True,0.5426091782944411,382,50,7.0,1911,50,1653,325,285,41,258,57,49,9,True,0.1350078492935635,113.0,0.4964185510912296,0.2919191971569773,False,0.1204161228961381,0.6958848325839484,0.7404575599958136,0.4084895917462849,0.8603951890034365,0.38222483056733864,0.6177751694326614,0.25954244000418636,True,0.38222483056733864,0.25954244000418636
307,217,218,0.160713026178076,0.0239718460347276,0.0574838103574648,0.6191319140422423,10.35244846343994,0.3959519851422508,0.0,0.2593540084625161,0.1875427789185489,0.4895027665960345,0.3333333333333333,0.1666666666666666,0.4077639629779758,True,0.8816696613244259,187,24,7.0,974,24,795,152,164,20,179,35,30,4,True,0.1837782340862423,82.0,0.3821100402452975,0.2917939383891098,False,0.160713026178076,0.6191319140422423,0.7406459915374839,0.5038770480662607,0.5734536082474226,0.4077639629779758,0.5922360370220242,0.2593540084625161,True,0.4077639629779758,0.2593540084625161
33,9,8,0.163369708323357,0.0226322783999675,0.0442526790484435,0.6359434924111873,9.975086212158203,0.3698764852531945,0.0,0.20947295460814264,0.2570964184129564,0.3075018113919931,0.4285714285714285,0.3333333333333333,0.4212701955339959,True,0.8979178206761399,466,59,7.0,2461,59,2023,371,363,47,438,95,76,12,True,0.1779764323445753,186.0,0.2585423785712336,0.2916434585723797,False,0.163369708323357,0.6359434924111873,0.7905270453918574,0.41803898734403616,0.9140893470790379,0.4212701955339959,0.5787298044660041,0.20947295460814264,True,0.4212701955339959,0.20947295460814264
409,252,233,0.1745011376529218,0.012596743258958,0.0575001808146421,0.7772953654144917,9.410049438476562,0.1745286814800113,1.0,0.41601639360612164,0.1655235482395976,0.1367243356018349,0.4444444444444444,0.5,0.3592669793331393,True,1.1940024538182468,69,14,8.0,243,14,189,55,53,11,54,14,14,3,True,0.2222222222222222,24.0,0.0735204993383532,0.2916122137090473,False,0.1745011376529218,0.7772953654144917,0.5839836063938784,0.2824178787469617,0.4102233676975945,0.3592669793331393,0.6407330206668607,0.41601639360612164,True,0.3592669793331393,0.41601639360612164
198,178,158,0.1382674366230085,0.0157917621063775,0.0481330545196856,0.729179578347283,10.267026901245115,0.2367216693065209,0.0,0.19695344338824972,0.0254110612855007,0.3464929340075198,0.5,0.3333333333333333,0.3671542378749741,True,0.5668323279398094,128,14,7.0,669,14,559,108,95,12,110,20,20,2,True,0.1644245142002989,58.0,0.3541386608582283,0.2915559033438653,False,0.1382674366230085,0.729179578347283,0.8030465566117503,0.3293508746415151,0.45274914089347074,0.3671542378749741,0.6328457621250259,0.19695344338824972,True,0.3671542378749741,0.19695344338824972
14,6,5,0.1328681191836827,0.0192069248736111,0.047839719318378,0.6810370987309076,10.35824203491211,0.3031998926132985,0.0,0.2290690146210036,0.3024577572964669,0.2527138165814739,0.4,0.1666666666666666,0.3916043198820221,True,0.4942256235210543,222,32,7.0,1302,32,1105,191,227,28,197,31,38,4,True,0.151305683563748,90.0,0.3840071512497124,0.2900686332184391,False,0.1328681191836827,0.6810370987309076,0.7709309853789964,0.4460229597673145,0.6593642611683849,0.3916043198820221,0.608395680117978,0.2290690146210036,True,0.3916043198820221,0.2290690146210036
215,203,205,0.1034939602235132,0.0057068755850195,0.1104053312742303,0.8921352684093817,10.327083587646484,0.0404132108568533,1.0,0.47140583204725073,0.1890756302521008,0.0904913722876397,0.5714285714285714,0.5,0.2896586353182844,True,0.5395771851089068,18,9,10.0,34,9,27,14,14,6,7,4,5,3,True,0.2058823529411764,2.0,0.3738042852848988,0.2898542816614688,False,0.1034939602235132,0.8921352684093817,0.5285941679527493,0.25475376882872564,0.2598797250859106,0.2896586353182844,0.7103413646817156,0.47140583204725073,True,0.2896586353182844,0.47140583204725073
504,326,347,0.1278015041834678,0.0130001340562907,0.0749810957676511,0.7710495185200261,9.667242050170898,0.1823809290397093,1.0,0.4467064721938745,0.3911290322580645,0.1253665296305168,0.0,0.2,0.3624297516039931,True,0.4416835907527695,79,16,8.0,248,16,206,62,61,13,42,17,16,3,True,0.1693548387096774,13.0,0.1577384875419141,0.2894143661988656,False,0.1278015041834678,0.7710495185200261,0.5532935278061255,0.4821026891128711,0.4428694158075601,0.3624297516039931,0.6375702483960068,0.4467064721938745,True,0.3624297516039931,0.4467064721938745
81,31,9,0.2161078603913138,0.0120094108860939,0.1638898784584888,0.7864798176952066,11.044685363769531,0.1630958991209481,1.0,0.5906265441233219,0.2058823529411765,0.0469454011806236,0.5,0.5,0.32797564534546836,True,0.8979178206761399,12,7,10.0,17,7,10,7,7,4,7,5,5,3,True,0.4117647058823529,2.0,0.6087837332490179,0.2886072104649353,False,0.2161078603913138,0.7864798176952066,0.40937345587667806,0.25140990141688935,0.21778350515463918,0.32797564534546836,0.6720243546545317,0.5906265441233219,True,0.32797564534546836,0.5906265441233219
231,205,224,0.13161806468061,0.015190709235511,0.0655617795209607,0.7379979850202759,9.988715171813965,0.2250218090972215,1.0,0.49600900156104033,0.2619047619047619,0.3791689905186838,0.3333333333333333,0.5,0.34629776796792633,True,0.6191565157353949,69,15,8.0,287,15,238,56,71,13,49,13,13,2,True,0.1707317073170731,23.0,0.2630051955858991,0.2885530964645673,False,0.13161806468061,0.7379979850202759,0.5039909984389597,0.4324116608705625,0.42053264604810997,0.34629776796792633,0.6537022320320737,0.49600900156104033,True,0.34629776796792633,0.49600900156104033
320,221,241,0.1252090263318243,0.0257475807164342,0.0613579915537616,0.5975295057850573,9.764249801635742,0.4305177422524747,0.0,0.20667383963621355,0.2695780903034789,0.5219137655062025,0.4,0.25,0.3882849029107434,True,1.1119894608452026,267,29,7.0,1351,29,1158,230,215,25,193,37,34,4,True,0.1428571428571428,78.0,0.1895037766561663,0.2878242638855937,False,0.1252090263318243,0.5975295057850573,0.7933261603637864,0.5168447555463511,0.6610824742268041,0.3882849029107434,0.6117150970892566,0.20667383963621355,True,0.3882849029107434,0.20667383963621355
106,46,67,0.1724924916302856,0.0223617811608029,0.0651141653191163,0.6393932346341237,9.868160247802734,0.3646110917435256,0.0,0.1960468173578691,0.2894736842105263,0.1756517235284085,0.2,0.2,0.4175112392719268,True,1.1664980998843535,185,33,8.0,570,33,454,154,107,27,116,31,35,6,True,0.2035087719298245,47.0,0.2235293603300818,0.2877228260804579,False,0.1724924916302856,0.6393932346341237,0.8039531826421309,0.4313353255827465,0.6378865979381443,0.4175112392719268,0.5824887607280732,0.1960468173578691,True,0.4175112392719268,0.1960468173578691
260,209,227,0.0513666006710006,0.0033252453431487,0.1163485283880155,0.9356583246978768,11.398122787475586,0.0,1.0,0.5748390617497924,0.2909090909090909,0.1476658463415126,0.4,0.3333333333333333,0.22569304407506327,False,1.2040851850136032,7,4,10.0,11,4,9,5,5,2,2,2,2,2,True,0.1818181818181818,1.0,0.7245171852493771,0.2876177252278444,False,0.0513666006710006,0.9356583246978768,0.4251609382502076,0.3726688388672859,0.11512027491408935,0.22569304407506327,0.7743069559249367,0.5748390617497924,False,0.22569304407506327,0.5748390617497924
357,230,209,0.2592286941445761,0.0356340761319166,0.0614752294389181,0.4903276084360246,9.457347869873049,0.6229643969939835,0.0,0.23732427229596187,0.2094985306664138,0.3956397669907363,0.1428571428571428,0.1666666666666666,0.46851008472439665,True,1.2040851850136032,425,39,8.0,1507,39,1083,303,299,31,424,122,91,8,True,0.2813536828135368,205.0,0.0890084198939022,0.2875711627247567,False,0.2592286941445761,0.4903276084360246,0.7626757277040381,0.5057103627904777,0.8178694158075601,0.46851008472439665,0.5314899152756034,0.23732427229596187,True,0.46851008472439665,0.23732427229596187
87,32,10,0.1198958012424731,0.0068201816757209,0.0640482450771781,0.8724903950416345,11.602954864501951,0.0620843919837168,1.0,0.6178913512999332,0.3191489361702128,0.0733278223364012,0.4,0.5714285714285714,0.3051504379191253,True,0.6435638621308869,29,15,10.0,47,15,37,23,22,12,10,6,6,3,True,0.2127659574468085,8.0,0.7915896619160829,0.2871639797301477,False,0.1198958012424731,0.8724903950416345,0.3821086487000668,0.3176831677073211,0.36211340206185566,0.3051504379191253,0.6948495620808748,0.6178913512999332,True,0.3051504379191253,0.6178913512999332
191,166,187,0.1830647960994073,0.0309669345746094,0.0665416351029193,0.5383003024832558,9.470732688903809,0.5321156440069252,0.0,0.20850231227130256,0.3321223709369024,0.396122068685424,0.0,0.0,0.4410773174007788,True,1.141922868998979,282,32,8.0,1046,32,830,215,209,24,216,67,63,8,True,0.2065009560229445,94.0,0.0933912928069826,0.286690221919842,False,0.1830647960994073,0.5383003024832558,0.7914976877286974,0.6034254053411765,0.6872852233676976,0.4410773174007788,0.5589226825992212,0.20850231227130256,True,0.4410773174007788,0.20850231227130256
110,47,27,0.0882815121330476,0.007807464764008,0.0439191012345861,0.855431468956337,9.142610549926758,0.081302458612886,1.0,0.36043415287096203,0.2561576354679803,0.0513298956458136,0.4285714285714285,0.5,0.3036630238502006,True,1.2483050882681392,80,11,7.0,435,11,385,70,81,10,50,10,8,1,True,0.1149425287356321,23.0,0.0,0.2866473833644033,False,0.0882815121330476,0.855431468956337,0.639565847129038,0.28698907914472577,0.3930412371134021,0.3036630238502006,0.6963369761497994,0.36043415287096203,True,0.3036630238502006,0.36043415287096203
265,210,209,0.1535876568612831,0.0248312857381046,0.0581360565555644,0.6085807239696845,9.98519515991211,0.4126815024197209,0.0,0.22484468881573916,0.19577947188156,0.4543532275860557,0.1428571428571428,0.1428571428571428,0.4188473942739383,True,1.2040851850136032,300,37,6.0,1293,37,1069,243,255,29,224,57,55,8,True,0.1732405259087393,86.0,0.2618525640274965,0.2865380810006063,False,0.1535876568612831,0.6085807239696845,0.7751553111842608,0.5278525360096655,0.7396907216494846,0.4188473942739383,0.5811526057260616,0.22484468881573916,True,0.4188473942739383,0.22484468881573916
445,293,313,0.1814151960120733,0.0247618825939883,0.0659767481881837,0.6094260588367756,9.85006332397461,0.4113305279487455,0.0,0.20964467724960767,0.1438467807660961,0.3728844569397182,0.0,0.1666666666666666,0.43141975153412254,True,1.0310349539355537,191,37,6.0,818,37,648,144,173,27,170,47,53,10,True,0.2078239608801956,56.0,0.2176035038000774,0.2861025521014827,False,0.1814151960120733,0.6094260588367756,0.7903553227503923,0.4866571181182547,0.6808419243986255,0.43141975153412254,0.5685802484658775,0.20964467724960767,True,0.43141975153412254,0.20964467724960767
489,316,318,0.0974588057392146,0.0030025728046894,0.1104022175270758,0.9417160753068298,9.674420356750488,0.0,1.0,0.3866963438325025,0.0,0.0317829457364341,1.0,0.6666666666666666,0.2032221474072678,False,0.3489044765671307,8,5,10.0,11,5,8,6,6,4,3,2,2,1,True,0.2727272727272727,1.0,0.1600890314975076,0.2860070050781279,False,0.0974588057392146,0.9417160753068298,0.6133036561674975,0.05146434504945642,0.14690721649484534,0.2032221474072678,0.7967778525927323,0.3866963438325025,False,0.2032221474072678,0.3866963438325025
426,273,272,0.3161907680879152,0.0529309002305602,0.0749341113774707,0.346934941664744,9.871784210205078,0.9596576128956926,0.0,0.39479121449456,0.2719798657718121,0.6773052659901818,0.0,0.0,0.4741441656490917,True,0.8389728572309009,593,41,7.0,2980,41,1988,406,403,26,992,187,229,15,True,0.3328859060402684,420.0,0.2247160305879874,0.2860061814613327,False,0.3161907680879152,0.346934941664744,0.60520878550544,0.688943078839607,0.868127147766323,0.4741441656490917,0.5258558343509083,0.39479121449456,True,0.4741441656490917,0.39479121449456
142,87,67,0.0851463924739848,0.0060109626090921,0.0428665743288897,0.8867259987925354,10.26806640625,0.0463324499879828,1.0,0.4669371659470807,0.2454183266932271,0.0794923362613831,0.6,0.5,0.2905516292100198,True,0.9820359200257924,101,13,7.0,502,13,447,94,84,11,55,7,18,2,True,0.1095617529880478,17.0,0.3544790478532592,0.2858737063281075,False,0.0851463924739848,0.8867259987925354,0.5330628340529193,0.2703791766478833,0.42525773195876293,0.2905516292100198,0.7094483707899801,0.4669371659470807,True,0.2905516292100198,0.4669371659470807
430,281,260,0.2198888525551793,0.013803654682124,0.0502138592362211,0.7587574683871688,9.501893997192385,0.1980219474146591,1.0,0.4338723476771319,0.0888157894736842,0.0443003111653942,0.3333333333333333,0.6,0.3531979751043008,True,0.934839852702454,79,15,8.0,304,15,223,62,61,13,81,17,17,2,True,0.2664473684210526,40.0,0.1035950956167367,0.2855071568344171,False,0.2198888525551793,0.7587574683871688,0.5661276523228681,0.18840813898844064,0.4338487972508591,0.3531979751043008,0.6468020248956992,0.4338723476771319,True,0.3531979751043008,0.4338723476771319
21,7,8,0.1735397030207567,0.0233788732260179,0.0464317169948204,0.6265181939028988,10.537221908569336,0.3844094082640827,0.0,0.2756745684328594,0.2151529868868382,0.3413659694995003,0.5714285714285714,0.4285714285714285,0.405981264161104,True,0.5426091782944411,347,42,7.0,2059,42,1668,281,317,34,391,66,75,8,True,0.1898980087421078,169.0,0.4426142970344958,0.2854557781745203,False,0.1735397030207567,0.6265181939028988,0.7243254315671406,0.3730009907447762,0.8122852233676976,0.405981264161104,0.594018735838896,0.2756745684328594,True,0.405981264161104,0.2756745684328594
491,317,316,0.2048332371005536,0.0297890899068527,0.0533016282195101,0.5511315237972637,9.865550994873049,0.5091881801697475,0.0,0.24395437930471242,0.3226726726726727,0.2959198079909643,0.6666666666666666,0.6666666666666666,0.40997504698536164,True,0.5899983588744228,413,48,7.0,2220,48,1728,324,295,37,492,89,89,11,True,0.2216216216216216,207.0,0.2226749577443898,0.2847365621152929,False,0.2048332371005536,0.5511315237972637,0.7560456206952876,0.3210899356524163,0.8719931271477663,0.40997504698536164,0.5900249530146384,0.24395437930471242,True,0.40997504698536164,0.24395437930471242
308,217,235,0.1102369693153185,0.0049745053402148,0.0740940751359124,0.9052989061234534,11.176048278808594,0.0261571779835482,1.0,0.5593186114639211,0.1510416666666666,0.0986743741073112,0.6666666666666666,0.5,0.2783514607439018,True,0.7237432083932548,18,8,10.0,32,8,25,14,14,6,7,4,4,2,True,0.21875,4.0,0.6517986564082152,0.2847242024941691,False,0.1102369693153185,0.9052989061234534,0.44068138853607886,0.22808808640796077,0.25171821305841924,0.2783514607439018,0.7216485392560982,0.5593186114639211,True,0.2783514607439018,0.5593186114639211
457,303,305,0.0523677919594958,0.0090454760938882,0.1954565834943895,0.8345108602557385,9.145870208740234,0.1054011031734682,1.0,0.368467034391156,0.22,0.28125,0.4,0.5,0.25930900054146055,True,0.5022402655473627,14,9,10.0,20,9,17,11,11,6,3,3,3,3,True,0.15,1.0,0.0,0.2845786714214043,False,0.0523677919594958,0.8345108602557385,0.631532965608844,0.3712731474265275,0.25,0.25930900054146055,0.7406909994585394,0.368467034391156,True,0.25930900054146055,0.368467034391156
374,232,230,0.210157827254603,0.01219654464736,0.0546475326386254,0.7835417806550977,11.491654396057127,0.1667385717598754,1.0,0.6406275931736186,0.2403846153846154,0.0537153691493464,0.3333333333333333,0.4285714285714285,0.3542323551450438,True,1.0962254186468878,54,23,10.0,104,23,74,39,40,17,30,15,15,6,True,0.2884615384615384,26.0,0.7551442077609803,0.2844729042344048,False,0.210157827254603,0.7835417806550977,0.3593724068263814,0.3017133533568664,0.4643470790378007,0.3542323551450438,0.6457676448549562,0.6406275931736186,True,0.3542323551450438,0.6406275931736186
248,207,226,0.2547263473479613,0.0388701519415039,0.0709609257470357,0.45959802104822,9.489479064941406,0.6859565835952868,0.0,0.2618287989112521,0.3059485530546624,0.4025815155275385,0.0,0.1,0.46594972610915664,True,1.3972225133438927,324,37,8.0,1244,37,897,235,264,29,347,89,103,8,True,0.2789389067524115,145.0,0.0995298131384695,0.2844400722207454,False,0.2547263473479613,0.45959802104822,0.7381712010887479,0.5801308322926351,0.7534364261168385,0.46594972610915664,0.5340502738908434,0.2618287989112521,True,0.46594972610915664,0.2618287989112521
96,33,12,0.0354734213784425,0.0172590278334131,0.0763318113630466,0.7080924911039306,9.344878196716309,0.2652828903376539,0.0,0.10582099959248525,0.2289855072463768,0.4541886776478752,0.0,0.0,0.286640540789576,True,0.586989255123132,173,31,8.0,690,31,656,163,160,29,34,10,10,2,True,0.0492753623188405,19.0,0.0521801084398018,0.2843524344127328,False,0.0354734213784425,0.7080924911039306,0.8941790004075147,0.5844545255596247,0.6125429553264605,0.286640540789576,0.713359459210424,0.10582099959248525,True,0.286640540789576,0.10582099959248525
267,210,229,0.205192053758121,0.036431723052547,0.0697598306522875,0.48256750509769,9.586376190185549,0.6384910801197156,0.0,0.2565833192338022,0.2189998806540159,0.6105493524198498,0.1428571428571428,0.0,0.44999877305276065,True,0.665031004775942,313,43,8.0,1197,43,924,240,311,34,273,73,88,9,True,0.2280701754385964,126.0,0.1312588775816909,0.2841436644165617,False,0.205192053758121,0.48256750509769,0.7434166807661978,0.620602818405513,0.7951030927835052,0.44999877305276065,0.5500012269472394,0.2565833192338022,True,0.44999877305276065,0.2565833192338022
346,227,207,0.1984009639123377,0.0308815627933371,0.0586368257348729,0.5392202007069193,10.147899627685549,0.5304538302878338,0.0,0.28186138050517684,0.2170206819452207,0.4948487016150829,0.0,0.0,0.4528118729423749,True,1.3972225133438927,455,46,6.0,1789,46,1401,340,294,35,388,115,86,11,True,0.2168809390721073,154.0,0.3151303112276965,0.2841272460825235,False,0.1984009639123377,0.5392202007069193,0.7181386194948232,0.5966026246842632,0.8694158075601375,0.4528118729423749,0.5471881270576251,0.28186138050517684,True,0.4528118729423749,0.28186138050517684
205,186,207,0.1461858926200788,0.0211614152416586,0.0596070540278617,0.6549290925648223,9.448707580566406,0.3412452380312725,0.0,0.14247479540167007,0.174757281553398,0.2584613703258463,0.375,0.1666666666666666,0.39201327599337493,True,1.3972225133438927,125,26,8.0,515,26,424,96,117,19,91,29,37,7,True,0.1766990291262136,55.0,0.0861791481737378,0.2840274704652357,False,0.1461858926200788,0.6549290925648223,0.8575252045983299,0.3974220680388897,0.5506872852233677,0.39201327599337493,0.607986724006625,0.14247479540167007,True,0.39201327599337493,0.14247479540167007
88,32,11,0.0377863042089369,0.0135488590274594,0.0658884871860887,0.7626338990932522,9.42149257659912,0.1930621948105071,0.0,0.09010992054300693,0.2383997077091706,0.2451194596068946,0.4285714285714285,0.2857142857142857,0.2811134302474708,True,0.5472985106568845,228,45,8.0,782,45,742,210,201,42,40,18,10,3,True,0.0511508951406649,19.0,0.0772675668185135,0.2832456160888563,False,0.0377863042089369,0.7626338990932522,0.9098900794569931,0.3942294702438356,0.7633161512027491,0.2811134302474708,0.7188865697525292,0.09010992054300693,True,0.2811134302474708,0.09010992054300693
284,214,212,0.0889400396289613,0.0060330424457788,0.113681860041942,0.8863345099342134,11.35037899017334,0.0467622474570585,1.0,0.5852152255406077,0.2023809523809523,0.2002265910276473,0.4285714285714285,0.5,0.2601232025326717,True,0.5858748306458231,7,5,10.0,12,5,9,6,6,4,3,1,3,1,True,0.25,2.0,0.7088834291647644,0.2832156006186477,False,0.0889400396289613,0.8863345099342134,0.4147847744593923,0.32839200092292237,0.13831615120274915,0.2601232025326717,0.7398767974673284,0.5852152255406077,True,0.2601232025326717,0.5852152255406077
520,346,367,0.190204594837192,0.0147716198241271,0.0597901297935857,0.7442097242176299,9.26845359802246,0.2168639784536025,1.0,0.4146729241874697,0.17578125,0.0773557095925517,0.3333333333333333,0.3333333333333333,0.3640083152308228,True,0.4287786546538285,62,11,8.0,256,11,195,49,52,9,61,13,13,2,True,0.23828125,28.0,0.0271547941088066,0.2831911587406739,False,0.190204594837192,0.7442097242176299,0.5853270758125303,0.2904806130034336,0.3707044673539519,0.3640083152308228,0.6359916847691772,0.4146729241874697,True,0.3640083152308228,0.4146729241874697
395,236,216,0.089582005777902,0.0183946401812136,0.0715603621156142,0.6921913781189094,9.893882751464844,0.2873882763448236,0.0,0.17311349908428686,0.2838574423480083,0.2842938824673001,0.5,0.0,0.35519430901675897,True,0.6119887066641122,211,29,5.0,795,29,708,179,165,23,87,32,18,6,True,0.1094339622641509,25.0,0.2319522209080371,0.2829939983199357,False,0.089582005777902,0.6921913781189094,0.8268865009157131,0.4615807045422725,0.6370274914089347,0.35519430901675897,0.644805690983241,0.17311349908428686,True,0.35519430901675897,0.17311349908428686
280,213,215,0.1807467091569529,0.0127252096509827,0.0962931165079771,0.7753008022324528,10.38330364227295,0.1770293580446448,1.0,0.523080986230356,0.25,0.0509844960022439,0.4285714285714285,0.5,0.34129511192369594,True,0.6704601283040799,24,14,10.0,40,14,28,15,15,8,12,9,9,6,True,0.3,7.0,0.3922136006464233,0.2826792753097058,False,0.1807467091569529,0.7753008022324528,0.47691901376964396,0.28393810442323203,0.32946735395189003,0.34129511192369594,0.658704888076304,0.523080986230356,True,0.34129511192369594,0.523080986230356
565,388,367,0.1023826859303499,0.0093832135666161,0.0694219953976233,0.828892943647714,9.715837478637695,0.1119753687828518,1.0,0.4285421599733288,0.2536231884057971,0.1011050867099871,0.3333333333333333,0.6,0.2960725926462036,True,0.4336919767195041,21,6,9.0,69,6,57,15,15,4,12,6,6,2,True,0.1739130434782608,10.0,0.1736511111371346,0.2822395689806997,False,0.1023826859303499,0.828892943647714,0.5714578400266712,0.30756171201491006,0.22723367697594501,0.2960725926462036,0.7039274073537964,0.4285421599733288,True,0.2960725926462036,0.4285421599733288
11,5,7,0.1170566853105123,0.0098960797768086,0.0894958914082733,0.820434176317886,9.611099243164062,0.1219586219310732,1.0,0.420437696308285,0.2539682539682539,0.0562860457226654,0.5,0.6666666666666666,0.30820034662527085,True,0.5426091782944411,26,13,10.0,42,13,33,21,20,11,9,5,5,2,True,0.2142857142857142,6.0,0.1393544669937817,0.2819345873578342,False,0.1170566853105123,0.820434176317886,0.579562303691715,0.25423672519053614,0.3298969072164949,0.30820034662527085,0.6917996533747292,0.420437696308285,True,0.30820034662527085,0.420437696308285
509,332,353,0.2089257844535967,0.0322039268910884,0.0819461836844438,0.5251462216074374,9.140804290771484,0.5561944528510124,0.0,0.18539815095033751,0.291015625,0.3009218016100748,0.0,0.2,0.4414225760056785,True,1.119329782732733,150,35,8.0,512,35,387,117,133,28,125,33,43,7,True,0.244140625,50.0,0.0,0.2817681078296436,False,0.2089257844535967,0.5251462216074374,0.8146018490496625,0.5161122377686211,0.631872852233677,0.4414225760056785,0.5585774239943215,0.18539815095033751,True,0.4414225760056785,0.18539815095033751
545,372,353,0.1201932950917325,0.0114079306035169,0.0905323409659967,0.7959979949321876,9.834884643554688,0.1513877190823822,1.0,0.45467364939723875,0.375,0.0264150943396226,0.3333333333333333,0.8,0.3143572524198928,True,0.8635553308620566,40,10,9.0,104,10,85,31,26,7,19,9,9,3,True,0.1826923076923076,7.0,0.2126332291093338,0.2815508610105877,False,0.1201932950917325,0.7959979949321876,0.5453263506027612,0.29491230974690014,0.33118556701030927,0.3143572524198928,0.6856427475801072,0.45467364939723875,True,0.3143572524198928,0.45467364939723875
222,204,206,0.2030499192693116,0.0123553373074779,0.1381385685698465,0.7810573142203668,11.401751518249512,0.1698295676034927,1.0,0.6318449948396698,0.1790123456790123,0.1122213073675719,0.5555555555555556,0.5,0.3227573898376275,True,1.067174264901552,14,10,10.0,18,10,11,9,9,7,7,5,5,3,True,0.3888888888888889,3.0,0.7257054169155168,0.2814760277945261,False,0.2030499192693116,0.7810573142203668,0.3681550051603302,0.2622279569645022,0.25773195876288657,0.3227573898376275,0.6772426101623725,0.6318449948396698,True,0.3227573898376275,0.6318449948396698
418,261,281,0.1770603187249757,0.0210049765504313,0.0521851212049442,0.6569814265367493,9.425551414489746,0.3382000636258203,0.0,0.13893223371106267,0.1631294215563878,0.1063156133693654,0.3333333333333333,0.0,0.3983014204386541,True,0.934839852702454,153,18,7.0,801,18,638,125,125,15,163,28,30,3,True,0.2034956304619226,83.0,0.0785966375073678,0.2809698355724841,False,0.1770603187249757,0.6569814265367493,0.8610677662889373,0.335065313860443,0.5038659793814433,0.3983014204386541,0.6016985795613459,0.13893223371106267,True,0.3983014204386541,0.13893223371106267
488,316,317,0.2446460235284735,0.0191176625372221,0.0504103480303726,0.6822540038976975,10.298614501953123,0.3014623468692743,1.0,0.5553148001444613,0.2657103825136612,0.073953488372093,0.6666666666666666,0.6666666666666666,0.35731129902450975,True,0.5899983588744228,98,15,7.0,488,15,350,64,74,10,138,34,33,5,True,0.2827868852459016,75.0,0.3644820535641098,0.2809695176548279,False,0.2446460235284735,0.6822540038976975,0.44468519985553867,0.23792991646202397,0.44458762886597936,0.35731129902450975,0.6426887009754902,0.5553148001444613,True,0.35731129902450975,0.5553148001444613
147,106,86,0.1174170366764775,0.0239085719334862,0.0553347390215362,0.6199159103124259,9.912635803222656,0.3947203162237984,0.0,0.21093774781161667,0.1295116772823779,0.5607107272168224,0.1666666666666666,0.0,0.3978149184946401,True,1.1216278354671452,337,43,7.0,1727,43,1498,299,306,35,229,38,59,8,True,0.1325998841922409,93.0,0.2380929272110518,0.2808700534330771,False,0.1174170366764775,0.6199159103124259,0.7890622521883833,0.5624517182794153,0.8101374570446735,0.3978149184946401,0.6021850815053599,0.21093774781161667,True,0.3978149184946401,0.21093774781161667
221,204,205,0.277635662428834,0.0333542961034163,0.0586027002114862,0.5132019112487975,10.222208976745604,0.5785870902140396,0.0,0.30601669169336354,0.1774507316247991,0.2835002309493005,0.5714285714285714,0.3333333333333333,0.43548742925350625,True,0.7820937747631929,301,34,7.0,1689,34,1184,211,219,24,505,90,90,10,True,0.2989934872705743,201.0,0.339462984866051,0.2805082654342465,False,0.277635662428834,0.5132019112487975,0.6939833083066365,0.35526435729180017,0.7160652920962199,0.43548742925350625,0.5645125707464937,0.30601669169336354,True,0.43548742925350625,0.30601669169336354
37,9,29,0.0982383943362373,0.0120977058541029,0.0743301644328877,0.7850921990463822,10.370397567749023,0.1648146144502679,0.0,0.18426736919010445,0.1977401129943502,0.041172176501082,0.0,0.3333333333333333,0.337872121226896,True,0.8979178206761399,139,19,5.0,295,19,256,114,55,16,39,25,5,3,True,0.1322033898305084,12.0,0.3879874931200453,0.2802875094789424,False,0.0982383943362373,0.7850921990463822,0.8157326308098956,0.31551036003555166,0.5008591065292096,0.337872121226896,0.662127878773104,0.18426736919010445,True,0.337872121226896,0.18426736919010445
548,372,393,0.0805209190098304,0.0165105282583019,0.0924452163174809,0.7187723690732161,9.482751846313477,0.2507128902261886,1.0,0.449346622876003,0.5,0.2729685633524296,0.5,0.0,0.3174919037303024,True,0.8635553308620566,75,16,8.0,234,16,207,63,65,13,27,12,8,3,True,0.1153846153846153,11.0,0.0973269784018206,0.2802022723735397,False,0.0805209190098304,0.7187723690732161,0.550653377123997,0.5383894605739985,0.43900343642611683,0.3174919037303024,0.6825080962696977,0.449346622876003,True,0.3174919037303024,0.449346622876003
118,52,54,0.0104601306451642,0.0026137824170291,0.1028191042979509,0.94906722197872,10.112667083740234,0.0,1.0,0.43453112602255994,0.25,0.0965951966928048,0.75,0.5,0.1759845697157035,False,0.5797911426204267,11,6,10.0,17,6,16,10,10,5,1,1,1,1,True,0.0588235294117647,1.0,0.3035933780676795,0.2801106259187061,False,0.0104601306451642,0.94906722197872,0.5654688739774401,0.25492469354674313,0.19029209621993126,0.1759845697157035,0.8240154302842965,0.43453112602255994,False,0.1759845697157035,0.43453112602255994
453,301,321,0.1933804547287873,0.0244312110785559,0.0532509039032165,0.6134698124077641,10.218295097351074,0.4048938055017192,0.0,0.247691728829744,0.2844133099824869,0.1419442206414328,0.4,0.3333333333333333,0.4071989769635597,True,0.752293892421816,205,25,7.0,1142,25,895,158,176,20,247,47,42,5,True,0.2162872154115586,113.0,0.3381813809875129,0.2792597057932617,False,0.1933804547287873,0.6134698124077641,0.752308271170256,0.36744144843894233,0.6026632302405498,0.4071989769635597,0.5928010230364402,0.247691728829744,True,0.4071989769635597,0.247691728829744
410,252,272,0.2984637066791721,0.0526452490493916,0.0717002101288096,0.3489226617216992,10.101024627685549,0.95409723867524,0.0,0.4179594274661914,0.287997159090909,0.6818081238101077,0.0,0.0,0.46897233295964935,True,1.1940024538182468,748,64,7.0,4224,64,2905,519,639,45,1319,229,284,19,True,0.3122632575757575,557.0,0.2997810437233343,0.2792468667316611,False,0.2984637066791721,0.3489226617216992,0.5820405725338086,0.6963495109860481,0.9677835051546392,0.46897233295964935,0.5310276670403506,0.4179594274661914,True,0.46897233295964935,0.4179594274661914
515,341,321,0.1985292564151525,0.0297670344220156,0.0561729926645216,0.5513746868834457,9.188350677490234,0.5087588567242567,0.0,0.1698946220634313,0.2276688453159041,0.285745009643433,0.2,0.25,0.43858601718080287,True,0.54501111574303,402,39,7.0,1836,39,1438,325,237,31,398,77,67,8,True,0.2167755991285403,164.0,0.0009250094660373,0.2791760319206853,False,0.1985292564151525,0.5513746868834457,0.8301053779365687,0.44603572591973295,0.8075601374570447,0.43858601718080287,0.5614139828191971,0.1698946220634313,True,0.43858601718080287,0.1698946220634313
575,390,389,0.3547933077346572,0.068683567257802,0.0863126066366222,0.253175755629194,9.902019500732422,1.0,0.0,0.4115388693062273,0.28719723183391,0.7334089589471194,0.0,0.0,0.4669489819245156,True,0.7425888616027709,1058,60,7.0,5780,60,3658,672,699,42,2122,386,413,18,True,0.3671280276816609,849.0,0.234616607918682,0.2787767819301013,False,0.3547933077346572,0.253175755629194,0.5884611306937727,0.7143550205538663,0.9742268041237113,0.4669489819245156,0.5330510180754844,0.4115388693062273,True,0.4669489819245156,0.4115388693062273
225,204,224,0.2144344212851839,0.0361171955230167,0.0667355765861489,0.485612688299639,10.414796829223633,0.6323686101909446,0.0,0.3449648958867382,0.3099434290687554,0.5020068591493171,0.0,0.0,0.4421958611538566,True,0.7820937747631929,316,32,6.0,1532,32,1172,240,323,25,360,76,77,7,True,0.2349869451697128,148.0,0.4025260774692699,0.2781561142370987,False,0.2144344212851839,0.485612688299639,0.6550351041132618,0.6371617880170124,0.7057560137457044,0.4421958611538566,0.5578041388461434,0.3449648958867382,True,0.4421958611538566,0.3449648958867382
347,227,208,0.0860093268134127,0.0062015559100969,0.0527398072194214,0.8833523521181765,10.477118492126465,0.0500424646749951,1.0,0.49099194516070876,0.2579365079365079,0.0197489031889956,0.5714285714285714,0.5,0.2677682584769963,True,0.901984607927955,27,5,8.0,108,5,93,22,25,4,15,5,5,1,True,0.1388888888888889,11.0,0.4229333708071313,0.2780787829572975,False,0.0860093268134127,0.8833523521181765,0.5090080548392912,0.2538950269807648,0.22852233676975944,0.2677682584769963,0.7322317415230037,0.49099194516070876,True,0.2677682584769963,0.49099194516070876
303,216,236,0.1447792721097225,0.0236483607130746,0.0786779111126394,0.6231505012921343,10.382364273071287,0.3896551463339694,0.0,0.2605203831860925,0.1976796073181615,0.3948024958814693,0.1666666666666666,0.0,0.40423721029037907,True,0.6119887066641122,194,35,5.0,747,35,620,167,188,30,127,27,41,5,True,0.1700133868808567,30.0,0.3919060032243083,0.2780530312328831,False,0.1447792721097225,0.6231505012921343,0.7394796168139075,0.5211087192705864,0.6658075601374571,0.40423721029037907,0.5957627897096209,0.2605203831860925,True,0.40423721029037907,0.2605203831860925
358,230,210,0.2472873580619079,0.0322567430214407,0.0604408338228547,0.5245917906620738,10.059089660644531,0.5572225509965656,0.0,0.2810906487153504,0.2318530408418048,0.2643035923819776,0.1428571428571428,0.1666666666666666,0.4541573631900806,True,0.6928147497270761,410,41,6.0,1602,41,1172,294,276,32,430,116,90,9,True,0.2684144818976279,156.0,0.2860493951494855,0.2777990788742286,False,0.2472873580619079,0.5245917906620738,0.7189093512846496,0.45791401354720307,0.8277491408934707,0.4541573631900806,0.5458426368099194,0.2810906487153504,True,0.4541573631900806,0.2810906487153504
456,303,304,0.2703771756590929,0.0452305682073849,0.070231125814511,0.4046991351378485,10.094112396240234,0.8097659600923834,0.0,0.3690945288131954,0.2492131616595136,0.5996666787107964,0.0,0.0,0.46158807144947417,True,0.5022402655473627,472,36,7.0,2330,36,1658,348,330,28,672,124,136,8,True,0.2884120171673819,278.0,0.2975176263472027,0.2775391419607032,False,0.2703771756590929,0.4046991351378485,0.6309054711868046,0.6514905372951744,0.8028350515463918,0.46158807144947417,0.5384119285505258,0.3690945288131954,True,0.46158807144947417,0.3690945288131954
379,233,213,0.1924261278025854,0.0299780794452315,0.061902186073961,0.5490522939542413,10.37410831451416,0.5128669766404549,0.0,0.30068985254942215,0.2891241178912412,0.3698045567275929,0.0,0.0,0.44459857628150823,True,1.1619791581108354,399,51,6.0,1606,51,1266,304,313,39,340,95,82,12,True,0.211706102117061,113.0,0.3892025810078113,0.2775100215142477,False,0.1924261278025854,0.5490522939542413,0.6993101474505778,0.5739898407719575,0.8719931271477663,0.44459857628150823,0.5554014237184918,0.30068985254942215,True,0.44459857628150823,0.30068985254942215
412,252,292,0.0455860626446362,0.0012545369099825,0.0706766442922063,0.9752214181777604,12.655738830566406,0.0,1.0,0.6666666666666666,0.2916666666666667,0.0386808503470116,0.5,0.6666666666666666,0.18865852488133442,False,1.1940024538182468,4,4,10.0,4,4,3,3,3,3,1,1,1,1,True,0.25,1.0,1.0,0.2771689355458837,False,0.0455860626446362,0.9752214181777604,0.33333333333333337,0.26234023591102,0.08290378006872852,0.18865852488133442,0.8113414751186656,0.6666666666666666,False,0.18865852488133442,0.6666666666666666
90,32,13,0.0773062534421607,0.0076853225473314,0.0845279345511259,0.8575237093413348,10.007364273071287,0.0789248859732109,1.0,0.44934558305420724,0.2578534031413612,0.0804225836041897,0.5,0.1428571428571428,0.2898461516472879,True,0.5472985106568845,47,11,8.0,191,11,169,43,57,10,22,4,7,1,True,0.1151832460732984,5.0,0.2691118631894107,0.2770726545483991,False,0.0773062534421607,0.8575237093413348,0.5506544169457928,0.3387804743320799,0.3539518900343643,0.2898461516472879,0.7101538483527121,0.44934558305420724,True,0.2898461516472879,0.44934558305420724
201,186,166,0.1871459946859018,0.0339310506368102,0.059524462568465,0.5073160926601004,9.62771224975586,0.5898139684852653,0.0,0.24486946058886794,0.271434839842036,0.4692517608967881,0.2,0.1666666666666666,0.4367114334382428,True,1.2843709165327069,451,46,7.0,2279,46,1816,347,384,35,463,104,107,11,True,0.2031592803861342,199.0,0.1447944132813385,0.2766349396873864,False,0.1871459946859018,0.5073160926601004,0.7551305394111321,0.5499518421053063,0.8672680412371134,0.4367114334382428,0.5632885665617572,0.24486946058886794,True,0.4367114334382428,0.24486946058886794
340,226,206,0.270722867159072,0.0424812585066723,0.0686122451526645,0.4275751698597332,9.892196655273438,0.7562489722705964,0.0,0.3292163597423535,0.181573214080954,0.5467014497100539,0.1111111111111111,0.0,0.4650894444737942,True,1.067174264901552,464,41,7.0,1938,41,1375,333,278,32,563,131,126,9,True,0.2905056759545923,239.0,0.2314001069564641,0.2764675282264142,False,0.270722867159072,0.4275751698597332,0.6707836402576465,0.5864362541005897,0.8436426116838488,0.4650894444737942,0.5349105555262058,0.3292163597423535,True,0.4650894444737942,0.3292163597423535
61,26,5,0.0607391332108153,0.0093162508215755,0.0691404174736606,0.830003786269422,9.655231475830078,0.1106718981662366,1.0,0.42149250354937795,0.3324074074074074,0.1203040935930318,0.6,0.25,0.27697770517160697,True,0.6157022221184753,65,13,8.0,216,13,196,54,56,11,20,11,6,2,True,0.0925925925925925,10.0,0.1538056124818974,0.2764186889102589,False,0.0607391332108153,0.830003786269422,0.578507496450622,0.3607693952341665,0.39518900343642616,0.27697770517160697,0.7230222948283931,0.42149250354937795,True,0.27697770517160697,0.42149250354937795
238,206,208,0.0706109170850743,0.006182518787682,0.0690988179143251,0.8836887458910618,10.071836471557615,0.0496718954924202,1.0,0.4466317490444217,0.175,0.100533189929318,0.5714285714285714,0.5,0.26278820745070336,True,1.067174264901552,23,11,10.0,40,11,34,20,20,10,6,3,3,1,True,0.15,6.0,0.2902233516408451,0.2762411346898379,False,0.0706109170850743,0.8836887458910618,0.5533682509555783,0.2529091970409091,0.2916666666666667,0.26278820745070336,0.7372117925492967,0.4466317490444217,True,0.26278820745070336,0.4466317490444217
442,293,273,0.3066047149509762,0.034134505036007,0.0616660019273317,0.5052559730898253,9.720130920410156,0.5937743322817783,0.0,0.25627711179762813,0.1107876712328767,0.1646329710375918,0.4,0.1666666666666666,0.43465598321755955,True,0.8389728572309009,221,24,7.0,1168,24,779,149,146,16,389,72,71,8,True,0.3330479452054795,173.0,0.175057003111106,0.2761330309546221,False,0.3066047149509762,0.5052559730898253,0.7437228882023719,0.3141534606105502,0.5992268041237114,0.43465598321755955,0.5653440167824404,0.25627711179762813,True,0.43465598321755955,0.25627711179762813
190,166,186,0.2160575962905548,0.0402152758186051,0.0663031486391874,0.4473985296464781,9.759282112121582,0.7121402391256038,0.0,0.300005780227833,0.3057904085257549,0.549102161995675,0.0,0.0,0.45671415755656325,True,1.2843709165327069,622,54,7.0,2815,54,2164,495,410,43,651,127,139,11,True,0.2312611012433392,227.0,0.1878771015578951,0.2761312764395251,False,0.2160575962905548,0.4473985296464781,0.699994219772167,0.653793763552938,0.9338487972508591,0.45671415755656325,0.5432858424434368,0.300005780227833,True,0.45671415755656325,0.300005780227833
97,33,13,0.0487225193056137,0.0181517595913083,0.075776076402038,0.6955619549729674,9.72243881225586,0.2826604577332143,0.0,0.15282439414320603,0.27088772845953,0.3572947869496104,0.25,0.0,0.30001341188416863,True,0.586989255123132,176,20,7.0,766,20,717,166,123,19,49,10,7,1,True,0.0639686684073107,21.0,0.1758127246964037,0.2756934063407291,False,0.0487225193056137,0.6955619549729674,0.847175605856794,0.5242421677922322,0.5352233676975945,0.30001341188416863,0.6999865881158314,0.15282439414320603,True,0.30001341188416863,0.15282439414320603
577,392,372,0.2521642691150544,0.0334513019828957,0.061880461618634,0.5122072044298829,9.939918518066406,0.580475368740607,0.0,0.27583401643460226,0.1957547169811321,0.2878004874369121,0.1666666666666666,0.0,0.4565656529898213,True,0.8635553308620566,276,49,7.0,1484,49,1077,190,305,38,407,86,88,11,True,0.2742587601078167,159.0,0.2470266805632001,0.2752999877733307,False,0.2521642691150544,0.5122072044298829,0.7241659835653977,0.47077539091545945,0.8049828178694158,0.4565656529898213,0.5434343470101787,0.27583401643460226,True,0.4565656529898213,0.27583401643460226
388,235,214,0.1308428085307454,0.0099299207504373,0.0789831461954517,0.8198790783631317,10.270610809326172,0.122617357093974,1.0,0.49264319079364727,0.2526455026455027,0.0087463474742473,0.5714285714285714,0.5,0.3010368032382972,True,0.7237432083932548,29,6,8.0,108,6,87,23,26,5,21,6,5,1,True,0.1944444444444444,8.0,0.3553122152869676,0.2751757128538479,False,0.1308428085307454,0.8198790783631317,0.5073568092063527,0.24633361711438462,0.2598797250859106,0.3010368032382972,0.6989631967617028,0.49264319079364727,True,0.3010368032382972,0.49264319079364727
178,127,146,0.1177447295356239,0.0267221134198321,0.0699247376906346,0.5859960275244348,9.634411811828612,0.4494876148740141,0.0,0.19882526890808128,0.1955174927113702,0.525170406101268,0.2857142857142857,0.0,0.3902449584775192,True,1.2918859947622392,296,37,8.0,784,37,674,254,188,31,110,42,31,6,True,0.1403061224489795,55.0,0.1469881918502297,0.2750829630620357,False,0.1177447295356239,0.5859960275244348,0.8011747310919187,0.55575735923897,0.7371134020618557,0.3902449584775192,0.6097550415224808,0.19882526890808128,True,0.3902449584775192,0.19882526890808128
12,5,26,0.139415771876399,0.0130223886561438,0.051957769567474,0.7707064069137733,9.12058448791504,0.1828141283802601,1.0,0.39427137612675334,0.1681654676258993,0.1068460667506555,0.5,0.5,0.33860675114069755,True,0.6157022221184753,103,20,8.0,417,20,345,83,88,16,72,20,20,4,True,0.1726618705035971,33.0,0.0,0.2750522466496717,False,0.139415771876399,0.7707064069137733,0.6057286238732467,0.2622077107831474,0.48797250859106533,0.33860675114069755,0.6613932488593024,0.39427137612675334,True,0.33860675114069755,0.39427137612675334
446,293,315,0.0455860626446362,0.0015505272895097,0.0787289286423542,0.969465349243942,10.030191421508787,0.0,1.0,0.4255288788958762,0.0625,0.0217809103320121,0.75,0.5,0.16785082317169073,False,0.6637254553314909,4,2,9.5,4,2,3,3,1,1,1,1,1,1,True,0.25,1.0,0.2765866366876288,0.2749492329746507,False,0.0455860626446362,0.969465349243942,0.5744711211041238,0.1257086738743682,0.03823024054982818,0.16785082317169073,0.8321491768283092,0.4255288788958762,False,0.16785082317169073,0.4255288788958762
372,232,213,0.2105089763713429,0.0339177119621151,0.0604566463664405,0.5074514492006185,9.541723251342772,0.5895543230582572,0.0,0.23539718312422342,0.3114457831325301,0.306479508116757,0.0,0.0,0.4544300780593021,True,1.0962254186468878,514,42,8.0,1660,42,1278,402,304,33,382,112,82,9,True,0.2301204819277108,185.0,0.1166372263144129,0.2746918361212291,False,0.2105089763713429,0.5074514492006185,0.7646028168757766,0.5558440839162035,0.8655498281786942,0.4544300780593021,0.545569921940698,0.23539718312422342,True,0.4544300780593021,0.23539718312422342
17,6,26,0.094845247433676,0.0139730230260353,0.0510725997935492,0.7561916266472354,9.977763175964355,0.2013188053845525,0.0,0.15357925284613394,0.1565113500597371,0.0929951923657209,0.125,0.0,0.3438570382903093,True,0.6157022221184753,148,26,7.0,837,26,741,132,165,22,96,16,29,4,True,0.1146953405017921,39.0,0.2594189531538496,0.2743883159255734,False,0.094845247433676,0.7561916266472354,0.8464207471538661,0.34198858425674594,0.5652920962199313,0.3438570382903093,0.6561429617096908,0.15357925284613394,True,0.3438570382903093,0.15357925284613394
53,12,31,0.1145037949448029,0.0085360200610011,0.0569331677531816,0.8430572583023604,10.22089385986328,0.0954842312035015,1.0,0.4781721932261971,0.1724422442244224,0.0616032970592417,0.1666666666666666,0.0,0.32235734036314956,True,0.7038170681089723,69,12,8.0,202,12,170,58,37,10,32,11,8,2,True,0.1584158415841584,14.0,0.3390323484750899,0.2743060302743759,False,0.1145037949448029,0.8430572583023604,0.5218278067738029,0.3275223245648242,0.38874570446735396,0.32235734036314956,0.6776426596368504,0.4781721932261971,True,0.32235734036314956,0.4781721932261971
487,316,315,0.2626783826164783,0.0491579888840245,0.0692456881699096,0.3741270708357869,10.742541313171388,0.8862155956020806,0.0,0.4653539817416019,0.1601441812564366,0.8668335777638103,0.25,0.0,0.44605819718966594,True,0.6423751221008027,690,66,7.0,3884,66,2810,498,549,48,1074,192,213,18,True,0.276519052523172,468.0,0.5098463496227252,0.2734718520251918,False,0.2626783826164783,0.3741270708357869,0.5346460182583981,0.6703005069156356,0.9570446735395188,0.44605819718966594,0.553941802810334,0.4653539817416019,True,0.44605819718966594,0.4653539817416019
233,206,186,0.1761264590945297,0.0250619963146022,0.0556355055412006,0.6057790724534177,9.35690689086914,0.4171724243080701,0.0,0.15776378038639272,0.2896551724137931,0.0789250293064222,0.0,0.5,0.4032062683162168,True,1.2843709165327069,202,23,7.0,1044,23,836,157,161,18,208,45,35,5,True,0.1992337164750957,103.0,0.0561189168511079,0.2732659475072194,False,0.1761264590945297,0.6057790724534177,0.8422362196136073,0.3717762440569337,0.5777491408934707,0.4032062683162168,0.5967937316837832,0.15776378038639272,True,0.4032062683162168,0.15776378038639272
211,198,178,0.2049276229586855,0.0380009590359576,0.0679277084871582,0.4676574569175425,9.404145240783691,0.6690372142972955,0.0,0.24687479265340095,0.2942434850252819,0.4614375723548121,0.3333333333333333,0.25,0.42236338870299023,True,0.6242252993529385,324,22,7.0,1714,22,1330,249,252,18,384,75,78,4,True,0.2240373395565927,163.0,0.0715871636629075,0.2731489127314063,False,0.2049276229586855,0.4676574569175425,0.753125207346599,0.5173364873614175,0.6323024054982818,0.42236338870299023,0.5776366112970097,0.24687479265340095,True,0.42236338870299023,0.24687479265340095
196,167,187,0.1861603625572702,0.0410298434060973,0.0702189052623459,0.4401688533281532,9.604655265808104,0.7279962933375183,0.0,0.28841355774791855,0.3906784049715173,0.5605981022552992,0.0,0.0,0.43739650094971294,True,1.3357884073864643,464,42,7.0,1931,42,1538,378,299,33,393,86,80,9,True,0.2035214914552045,185.0,0.1372443799062374,0.2728010959692438,False,0.1861603625572702,0.4401688533281532,0.7115864422520815,0.6896653200019617,0.8513745704467355,0.43739650094971294,0.5626034990502871,0.28841355774791855,True,0.43739650094971294,0.28841355774791855
268,210,230,0.2100871451023291,0.0336434564545567,0.0661916177830775,0.5102425239743535,9.86768627166748,0.5842157725652897,0.0,0.26919664297230117,0.2901760363429869,0.3340674032591298,0.1666666666666666,0.0,0.4378134955457209,True,0.6928147497270761,278,34,6.0,1174,34,900,219,221,27,274,59,62,7,True,0.2333901192504258,122.0,0.2233741563516136,0.2726122948962193,False,0.2100871451023291,0.5102425239743535,0.7308033570276988,0.5348939862106356,0.7014604810996563,0.4378134955457209,0.5621865044542791,0.26919664297230117,True,0.4378134955457209,0.26919664297230117
321,222,203,0.1179285376204559,0.0144052835017004,0.0714601266224838,0.749682369091921,10.105152130126951,0.2097330188163862,1.0,0.5036218725023819,0.3571428571428571,0.1511611308106503,0.3333333333333333,0.6666666666666666,0.3182226089770266,True,0.9050989791035348,50,12,8.0,175,12,146,39,39,9,29,11,9,3,True,0.1657142857142857,17.0,0.3011325986907594,0.2725443373208711,False,0.1179285376204559,0.749682369091921,0.4963781274976181,0.3564772040234506,0.36898625429553267,0.3182226089770266,0.6817773910229734,0.5036218725023819,True,0.3182226089770266,0.5036218725023819
36,9,27,0.0806563532711999,0.0047802544043709,0.083018832526743,0.9088228501800714,11.973848342895508,0.0223759652066716,1.0,0.6451383607954857,0.2714285714285714,0.0400791969256927,0.1428571428571428,0.5,0.2584650405569593,True,1.2483050882681392,12,8,10.0,20,8,16,9,10,6,4,3,3,2,True,0.2,3.0,0.9130391171797854,0.2715463371183793,False,0.0806563532711999,0.9088228501800714,0.3548616392045143,0.3251001933121931,0.2306701030927835,0.2584650405569593,0.7415349594430407,0.6451383607954857,True,0.2584650405569593,0.6451383607954857
77,29,9,0.078314384605971,0.0119665990350767,0.0797684329727742,0.7871535192138008,10.058465957641602,0.1622625403658684,1.0,0.48270256777277853,0.1769087523277467,0.346118598645503,0.0,0.0,0.31651512461268994,True,0.8979178206761399,94,20,6.0,358,20,320,80,97,18,38,14,6,2,True,0.106145251396648,10.0,0.285845162952467,0.2715042879265757,False,0.078314384605971,0.7871535192138008,0.5172974322272215,0.5113840782490445,0.4845360824742268,0.31651512461268994,0.6834848753873101,0.48270256777277853,True,0.31651512461268994,0.48270256777277853
277,212,233,0.2914719612903776,0.0447796085677844,0.0748694166231797,0.4083657045536596,9.631139755249023,0.8009877560456146,0.0,0.3156348365218714,0.204409014860742,0.4334370124572931,0.4444444444444444,0.0,0.4565920824776746,True,1.1619791581108354,343,44,8.0,1129,44,770,231,230,32,359,112,100,12,True,0.3179805137289637,190.0,0.1459167535199997,0.2713196149618653,False,0.2914719612903776,0.4083657045536596,0.6843651634781286,0.49804742027833304,0.8208762886597938,0.4565920824776746,0.5434079175223254,0.3156348365218714,True,0.4565920824776746,0.3156348365218714
478,313,293,0.3396389696111316,0.0409421039547927,0.0654434815880291,0.4409419349007524,10.085399627685549,0.726288391479194,0.0,0.34031767090035814,0.2128065395095368,0.1563464115450936,0.1666666666666666,0.0,0.46645530564787,True,1.0310349539355537,386,52,6.0,1835,52,1172,256,222,32,663,130,146,20,True,0.3613079019073569,262.0,0.2946646212218802,0.2710216963301056,False,0.3396389696111316,0.4409419349007524,0.6596823290996419,0.41133332294710284,0.8694158075601375,0.46645530564787,0.53354469435213,0.34031767090035814,True,0.46645530564787,0.34031767090035814
93,32,52,0.1371470640793517,0.0233391007167045,0.0566093167585751,0.6270167561813785,10.07839584350586,0.3836352121464129,0.0,0.22533547898468897,0.2175071360608944,0.2871444258228747,0.2,0.1428571428571428,0.38830888693759863,True,0.5689117131441633,227,25,7.0,1051,25,885,192,154,21,166,35,30,4,True,0.1579448144624167,81.0,0.2923712248076542,0.2708954607760622,False,0.1371470640793517,0.6270167561813785,0.774664521015311,0.45724165687349466,0.6125429553264605,0.38830888693759863,0.6116911130624014,0.22533547898468897,True,0.38830888693759863,0.22533547898468897
272,212,213,0.2390807682744679,0.0325106003876673,0.0617583286040069,0.5219351107401825,10.264692306518556,0.5621640392447974,0.0,0.3051794115438723,0.2710064635272391,0.2183120552138989,0.1666666666666666,0.1666666666666666,0.442846797268606,True,0.5858748306458231,330,41,7.0,1444,41,1067,250,218,29,377,80,81,12,True,0.2610803324099723,146.0,0.3533741953868197,0.2706267512515685,False,0.2390807682744679,0.5219351107401825,0.6948205884561277,0.45153373754586806,0.7916666666666666,0.442846797268606,0.557153202731394,0.3051794115438723,True,0.442846797268606,0.3051794115438723
563,387,388,0.2142351306625958,0.0291904093605558,0.0540126207672414,0.5577702235217954,10.310026168823242,0.497534498703084,0.0,0.288584438151003,0.2464611872146118,0.2170681038049596,0.2,0.25,0.43245050956139564,True,0.4438264341470948,357,43,7.0,1752,43,1343,273,239,33,409,84,73,10,True,0.2334474885844749,182.0,0.3682188157499251,0.2705196046084338,False,0.2142351306625958,0.5577702235217954,0.711415561848997,0.4238131667021259,0.822594501718213,0.43245050956139564,0.5675494904386044,0.288584438151003,True,0.43245050956139564,0.288584438151003
91,32,31,0.165446084819402,0.0244151478156793,0.0513795561469722,0.6136669306069543,10.665544509887695,0.404581124306319,0.0,0.2964049302033196,0.2530977046516351,0.2450808605900971,0.0,0.1428571428571428,0.4161257446920843,True,0.7038170681089723,346,40,7.0,1641,40,1340,286,224,33,301,60,52,7,True,0.1834247410115783,129.0,0.4846336663036397,0.2704558766136884,False,0.165446084819402,0.6136669306069543,0.7035950697966804,0.480933665909437,0.7972508591065293,0.4161257446920843,0.5838742553079157,0.2964049302033196,True,0.4161257446920843,0.2964049302033196
69,27,6,0.0209855423770922,0.0067054557614028,0.0784824421191556,0.874494638715282,10.087949752807615,0.0598511821864305,1.0,0.4517836148439667,0.1838905775075987,0.2625687194022536,0.1666666666666666,0.125,0.21290620185715206,False,1.2483050882681392,76,20,8.0,329,20,317,72,106,19,12,4,3,1,True,0.0364741641337386,5.0,0.2954996623454696,0.27021017677201,False,0.0209855423770922,0.874494638715282,0.5482163851560333,0.436663857815043,0.4725085910652921,0.21290620185715206,0.787093798142848,0.4517836148439667,False,0.21290620185715206,0.4517836148439667
527,352,372,0.1856261401461792,0.0239652964530863,0.0541569422148483,0.6192130204546124,9.69785976409912,0.3958244935465075,0.0,0.1878629277864966,0.1690821256038647,0.1187025004295207,0.5,0.3333333333333333,0.38815087547252775,True,0.8635553308620566,195,23,7.0,966,23,763,148,141,17,203,47,44,6,True,0.2101449275362318,101.0,0.1677642898129824,0.2700065320195443,False,0.1856261401461792,0.6192130204546124,0.8121370722135034,0.28971914433304324,0.5717353951890034,0.38815087547252775,0.6118491245274722,0.1878629277864966,True,0.38815087547252775,0.1878629277864966
362,231,209,0.0455860626446362,0.0066119544208049,0.1659872476847372,0.8761314971441594,13.756685256958008,0.0580311216436696,1.0,0.6860103738812232,0.5357142857142857,0.0307208224108742,0.4285714285714285,0.5555555555555556,0.17038937220887168,False,1.2040851850136032,3,2,10.0,4,2,3,2,2,1,1,1,1,1,True,0.25,1.0,1.0,0.2691163476254959,False,0.0455860626446362,0.8761314971441594,0.3139896261187768,0.37928424090234225,0.019759450171821305,0.17038937220887168,0.8296106277911284,0.6860103738812232,False,0.17038937220887168,0.6860103738812232
397,236,235,0.2387142818048358,0.0447244875236723,0.0632063087608884,0.4088161436750787,10.666224479675291,0.7999147913498916,0.0,0.428257038155904,0.1971231115396978,0.7386610586907911,0.0,0.0,0.4500856596522636,True,0.7237432083932548,791,77,7.0,4148,77,3104,594,643,55,1044,197,201,22,True,0.2516875602700096,503.0,0.4848563231178204,0.2688832690319164,False,0.2387142818048358,0.4088161436750787,0.571742961844096,0.684026377499614,0.9810996563573884,0.4500856596522636,0.5499143403477365,0.428257038155904,True,0.4500856596522636,0.428257038155904
283,213,233,0.1744109851791301,0.0269447583743355,0.0681382211238129,0.5833924473885447,10.552218437194824,0.45382153451779,0.0,0.3004488201494957,0.1543605064731825,0.3820869958410558,0.3333333333333333,0.0,0.4113768427022228,True,1.1619791581108354,194,39,6.0,781,39,624,162,196,30,157,32,52,9,True,0.2010243277848911,61.0,0.4475249259306973,0.2683819965046897,False,0.1744109851791301,0.5833924473885447,0.6995511798505043,0.47277879883824386,0.7027491408934707,0.4113768427022228,0.5886231572977771,0.3004488201494957,True,0.4113768427022228,0.3004488201494957
498,321,341,0.1533246694601061,0.0314950877201553,0.0657686203466091,0.532644128376712,10.180319786071776,0.542396466662479,0.0,0.28938093082457605,0.2588980150581793,0.5028438833506109,0.25,0.0,0.4054999061725116,True,0.54501111574303,285,33,7.0,1461,33,1210,243,261,28,251,42,50,5,True,0.1718001368925393,103.0,0.3257463258112494,0.2683592030554775,False,0.1533246694601061,0.532644128376712,0.710619069175424,0.5772885591745655,0.6984536082474226,0.4054999061725116,0.5945000938274885,0.28938093082457605,True,0.4054999061725116,0.28938093082457605
116,52,33,0.0500734647505455,0.0077761299908161,0.1299906564856628,0.855967731996813,10.157180786132812,0.0806925081679155,1.0,0.466287314794146,0.2137718396711202,0.1656685535245997,0.2857142857142857,0.0,0.25968636878467755,True,0.586989255123132,42,9,8.0,139,9,127,38,39,8,12,4,6,1,True,0.0863309352517985,2.0,0.3181694362145221,0.2681350133394194,False,0.0500734647505455,0.855967731996813,0.533712685205854,0.403258368009387,0.3273195876288659,0.25968636878467755,0.7403136312153225,0.466287314794146,True,0.25968636878467755,0.466287314794146
365,231,229,0.1579807839393745,0.0132071410438844,0.0734071369113417,0.7678638648338447,11.54302978515625,0.1864104461331102,1.0,0.6527925261632611,0.1936507936507936,0.203969654033454,0.2857142857142857,0.4444444444444444,0.3320109471218438,True,1.1411627055128797,50,23,10.0,90,23,69,39,40,18,21,11,11,5,True,0.2333333333333333,14.0,0.7719671323566732,0.2680342651780019,False,0.1579807839393745,0.7678638648338447,0.3472074738367389,0.3552868046389491,0.4600515463917526,0.3320109471218438,0.6679890528781562,0.6527925261632611,True,0.3320109471218438,0.6527925261632611
252,208,209,0.2067321960167182,0.0342758037575167,0.0587962199750986,0.5038301482503419,9.701879501342772,0.59652479795551,0.0,0.2552017849699424,0.2019727260691116,0.394014388101525,0.4285714285714285,0.5714285714285714,0.4167355482820579,True,1.2040851850136032,402,46,7.0,2158,46,1675,315,300,37,483,87,85,9,True,0.2238183503243744,219.0,0.1690805569543171,0.2679204558018593,False,0.2067321960167182,0.5038301482503419,0.7447982150300576,0.38600100847362967,0.852233676975945,0.4167355482820579,0.5832644517179422,0.2552017849699424,True,0.4167355482820579,0.2552017849699424
10,5,6,0.1260509003104934,0.0221044443931211,0.0509577640411599,0.6426925053534864,9.975014686584473,0.3596018748268015,0.0,0.2060402774248412,0.2261085626911315,0.2253885915857746,0.1666666666666666,0.6666666666666666,0.37329004041040353,True,0.4942256235210543,340,37,7.0,1744,37,1497,285,252,31,247,55,38,6,True,0.1416284403669724,102.0,0.2585189574477223,0.2677737994154497,False,0.1260509003104934,0.6426925053534864,0.7939597225751588,0.3628865800734865,0.7650343642611683,0.37329004041040353,0.6267099595895964,0.2060402774248412,True,0.37329004041040353,0.2060402774248412
345,227,206,0.2579076439166337,0.0414860083275001,0.0776292399673,0.4361713245720918,9.905183792114258,0.7368758213649038,0.0,0.3241761932625752,0.1820087669144273,0.4783486356861344,0.2222222222222222,0.0,0.4494276348223137,True,1.067174264901552,345,37,8.0,1166,37,836,256,212,29,330,89,80,8,True,0.2830188679245283,122.0,0.2356527584228217,0.2676325758720796,False,0.2579076439166337,0.4361713245720918,0.6758238067374248,0.5417491845250743,0.7684707903780068,0.4494276348223137,0.5505723651776864,0.3241761932625752,True,0.4494276348223137,0.3241761932625752
134,67,107,0.0162317522628259,0.004443070385605,0.1350895368259208,0.9149723729020688,11.19204807281494,0.0158124729157457,1.0,0.5576167595042048,0.3818181818181818,0.0357704402515723,0.2,0.75,0.17078213460136293,False,0.8814227627528947,8,5,10.0,11,5,10,7,7,4,1,1,1,1,True,0.0909090909090909,1.0,0.6570378055968684,0.2669815990323059,False,0.0162317522628259,0.9149723729020688,0.44238324049579525,0.33108460141376317,0.14690721649484534,0.17078213460136293,0.8292178653986371,0.5576167595042048,False,0.17078213460136293,0.5576167595042048
288,214,233,0.1282115543848239,0.0132881428891172,0.0716249407230931,0.7666209041280174,10.231803894042969,0.1879871963856342,1.0,0.5101973489667713,0.1105383734249713,0.2552311554512259,0.3333333333333333,0.5,0.32088656515268266,True,1.1619791581108354,47,12,8.0,194,12,160,34,45,8,34,13,12,4,True,0.1752577319587628,15.0,0.3426048505146795,0.2668281109832774,False,0.1282115543848239,0.7666209041280174,0.48980265103322873,0.3266232987028903,0.3651202749140894,0.32088656515268266,0.6791134348473173,0.5101973489667713,True,0.32088656515268266,0.5101973489667713
348,227,226,0.1992375545089367,0.0430290137620075,0.0698375344117309,0.422916603068462,10.118328094482422,0.7669113619320805,0.0,0.3574528146184224,0.3139739823751574,0.6444252038954339,0.0,0.0,0.4345882086550998,True,0.4615167349457846,516,41,7.0,2383,41,1870,398,416,32,513,118,136,9,True,0.2152748636172891,230.0,0.3054470819231867,0.2666646398893302,False,0.1992375545089367,0.422916603068462,0.6425471853815776,0.6922424381207032,0.8586769759450172,0.4345882086550998,0.5654117913449002,0.3574528146184224,True,0.4345882086550998,0.3574528146184224
470,307,305,0.0659147877358676,0.0079703611942629,0.1089966606808823,0.852649069194866,10.959850311279297,0.0844733368416652,1.0,0.5551592479721355,0.4,0.0,0.6,1.0,0.21556074666960356,False,0.4571170268146547,9,4,9.0,16,4,13,7,6,3,3,2,2,1,True,0.1875,3.0,0.5810044070747412,0.2666447110555933,False,0.0659147877358676,0.852649069194866,0.44484075202786455,0.19999999999999998,0.13144329896907214,0.21556074666960356,0.7844392533303964,0.5551592479721355,False,0.21556074666960356,0.5551592479721355
99,33,32,0.1133657983262146,0.0238063255574826,0.0572023929945885,0.6211848904615582,10.676506042480469,0.3927300282406044,0.0,0.2936510199309206,0.2395038167938931,0.4013342651043928,0.0,0.0,0.3839846919846763,True,0.586989255123132,286,42,7.0,1310,42,1139,256,250,38,171,30,32,4,True,0.1305343511450381,82.0,0.4882230315521573,0.2664204926656898,False,0.1133657983262146,0.6211848904615582,0.7063489800690794,0.5660556871449512,0.7753436426116839,0.3839846919846763,0.6160153080153237,0.2936510199309206,True,0.3839846919846763,0.2936510199309206
45,11,12,0.0885203540044304,0.0175135464338149,0.0553485859123655,0.7044971953679064,10.062824249267578,0.2702372499118382,0.0,0.18583651333008666,0.1813549160671462,0.1963998581082796,0.1666666666666666,0.5714285714285714,0.33363754016377106,True,0.4773074013808554,253,26,7.0,1112,26,995,211,166,22,117,42,16,4,True,0.1052158273381295,47.0,0.2872722900784219,0.265949126296678,False,0.0885203540044304,0.7044971953679064,0.8141634866699133,0.3452139004893299,0.6284364261168385,0.33363754016377106,0.666362459836229,0.18583651333008666,True,0.33363754016377106,0.18583651333008666
130,67,46,0.0408866047948995,0.0098262945190072,0.0967155263308008,0.8215800599998216,9.014439582824709,0.1206002093844872,1.0,0.3735334031281624,0.1008771929824561,0.300817483877057,0.5,0.0,0.25509635147703696,True,1.1664980998843535,46,19,8.0,152,19,141,43,70,17,11,3,11,2,True,0.0723684210526315,5.0,0.0,0.2656447872910414,False,0.0408866047948995,0.8215800599998216,0.6264665968718376,0.38811789938408847,0.4278350515463918,0.25509635147703696,0.744903648522963,0.3735334031281624,True,0.25509635147703696,0.3735334031281624
423,272,293,0.1843125950229057,0.017209541470481,0.0583821532636596,0.7087936564680166,10.046443939208984,0.264319608142965,1.0,0.5154093828852179,0.2501960784313725,0.0524738788895668,0.3333333333333333,0.5,0.3562955750920134,True,0.680761705411858,118,22,8.0,425,22,331,91,89,16,94,27,25,6,True,0.2211764705882353,39.0,0.2819085405126886,0.2650891923931394,False,0.1843125950229057,0.7087936564680166,0.48459061711478213,0.2971173800906649,0.5055841924398625,0.3562955750920134,0.6437044249079866,0.5154093828852179,True,0.3562955750920134,0.5154093828852179
51,12,11,0.1575773833204992,0.0240767126573896,0.0517246019024598,0.6178347493543812,10.792158126831056,0.3979932778225403,0.0,0.30802890156140905,0.2393707482993197,0.2356977256310362,0.1428571428571428,0.2,0.4032182867299026,True,0.4773074013808554,303,46,7.0,1680,46,1386,240,307,39,294,63,46,7,True,0.175,121.0,0.526093426861687,0.2650853353714087,False,0.1575773833204992,0.6178347493543812,0.691971098438591,0.4436373316762936,0.8071305841924399,0.4032182867299026,0.5967817132700974,0.30802890156140905,True,0.4032182867299026,0.30802890156140905
352,229,210,0.1992381418545853,0.0373039665835676,0.0672316834639356,0.4742221805975387,9.523977279663086,0.6554698317005802,0.0,0.25543204037700584,0.2175095708240983,0.4690334549453425,0.2857142857142857,0.0,0.4346708318211686,True,0.665031004775942,448,40,8.0,1418,40,1106,358,282,33,312,90,71,7,True,0.2200282087447108,160.0,0.1108262894304373,0.2650730094603392,False,0.1992381418545853,0.4742221805975387,0.7445679596229942,0.5424322310941343,0.8298969072164948,0.4346708318211686,0.5653291681788314,0.25543204037700584,True,0.4346708318211686,0.25543204037700584
405,241,261,0.1293535837581006,0.0362948398880617,0.066681994820052,0.4838904224661088,9.443934440612791,0.6358265659528062,0.0,0.24014758149474114,0.2851281024819856,0.6327177295384854,0.0,0.0,0.403676441846533,True,1.1119894608452026,461,43,7.0,2498,43,2142,394,449,36,356,67,69,7,True,0.1425140112089671,151.0,0.0846161785314174,0.2646783852956458,False,0.1293535837581006,0.4838904224661088,0.7598524185052589,0.6774384961088612,0.8556701030927835,0.403676441846533,0.5963235581534669,0.24014758149474114,True,0.403676441846533,0.24014758149474114
54,12,32,0.0860750053595792,0.0196836387920306,0.0626290570102547,0.674574757287014,9.41562271118164,0.3124794193832078,0.0,0.1292749642218537,0.1961969339622641,0.2062156402114883,0.125,0.0,0.3476363289245295,True,0.5472985106568845,199,28,7.0,848,28,759,181,166,24,89,18,34,4,True,0.1049528301886792,41.0,0.0753454732823533,0.2641161903251258,False,0.0860750053595792,0.674574757287014,0.8707250357781463,0.4343165828562691,0.6211340206185567,0.3476363289245295,0.6523636710754706,0.1292749642218537,True,0.3476363289245295,0.1292749642218537
262,209,230,0.1795730505791717,0.0348426057437879,0.0692595384750947,0.4981509602425928,9.524794578552246,0.6075579438352847,0.0,0.23955061954568135,0.2947333987569512,0.3677253823454085,0.1666666666666666,0.1666666666666666,0.42061199418675144,True,1.2040851850136032,291,39,8.0,1019,39,812,241,251,31,207,50,74,8,True,0.2031403336604514,113.0,0.1110939148017597,0.2635653244601144,False,0.1795730505791717,0.4981509602425928,0.7604493804543186,0.52538033092797,0.7555841924398625,0.42061199418675144,0.5793880058132486,0.23955061954568135,True,0.42061199418675144,0.23955061954568135
210,187,207,0.1645583250591251,0.0246239981081868,0.0613849150741345,0.611108986241173,9.819297790527344,0.408646522452553,0.0,0.2053919401087685,0.216824644549763,0.1320984717965578,0.25,0.4285714285714285,0.38560528010424394,True,1.3972225133438927,180,28,7.0,844,28,684,149,145,22,160,31,44,6,True,0.1895734597156398,70.0,0.2075292978737524,0.2635091435197572,False,0.1645583250591251,0.611108986241173,0.7946080598912315,0.3395132453866579,0.600085910652921,0.38560528010424394,0.614394719895756,0.2053919401087685,True,0.38560528010424394,0.2053919401087685
402,241,221,0.0587897148098749,0.0164444807349987,0.0688530417646507,0.7197224591419454,9.540529251098633,0.2494272349581182,0.0,0.1218911615502386,0.1972698072805139,0.1651635756827794,0.5,0.4,0.29284580313245706,True,1.1119894608452026,187,24,7.0,934,24,865,171,168,21,69,16,21,3,True,0.0738758029978586,23.0,0.1162462496925977,0.263486845807839,False,0.0587897148098749,0.7197224591419454,0.8781088384497614,0.3157042608437613,0.5734536082474226,0.29284580313245706,0.707154196867543,0.1218911615502386,True,0.29284580313245706,0.1218911615502386
294,215,217,0.0162317522628259,0.0040188040584325,0.1282711186077986,0.9227692449855268,9.640636444091797,0.0075538704532438,1.0,0.38552677487075004,0.1168831168831169,0.0696453537863754,0.7142857142857143,0.5714285714285714,0.16217661707809838,False,0.6704601283040799,8,5,10.0,11,5,10,7,7,4,1,1,1,1,True,0.0909090909090909,1.0,0.149026454159006,0.2634236439806626,False,0.0162317522628259,0.9227692449855268,0.61447322512925,0.1825065902281204,0.14690721649484534,0.16217661707809838,0.8378233829219016,0.38552677487075004,False,0.16217661707809838,0.38552677487075004
228,205,206,0.2406762698201709,0.0385568445717535,0.0657030283562917,0.4624869718334944,10.072025299072266,0.6798578648197849,0.0,0.3233810160755666,0.1521589271166259,0.4516385694363662,0.3333333333333333,0.25,0.4306595917922837,True,1.067174264901552,320,37,7.0,1773,37,1311,233,241,27,462,87,83,10,True,0.260575296108291,201.0,0.2902851834069149,0.2630582475258592,False,0.2406762698201709,0.4624869718334944,0.6766189839244334,0.46243372140864836,0.7517182130584192,0.4306595917922837,0.5693404082077163,0.3233810160755666,True,0.4306595917922837,0.3233810160755666
236,206,205,0.1024866851174789,0.0183190516226233,0.0659650813842669,0.6932386044735791,10.706314086914062,0.2859168990138191,0.0,0.261300201906299,0.2736634531113058,0.124058066716606,0.2857142857142857,0.25,0.33987495664793665,True,1.067174264901552,146,18,7.0,652,18,570,126,101,16,82,20,13,2,True,0.1257668711656441,31.0,0.4979837067050778,0.2626083871812266,False,0.1024866851174789,0.6932386044735791,0.738699798093701,0.3815684538022024,0.5004295532646048,0.33987495664793665,0.6601250433520633,0.261300201906299,True,0.33987495664793665,0.261300201906299
3,3,5,0.088772132993116,0.0126365725882351,0.0860794129888291,0.7766764289043884,10.392836570739746,0.1753039836328822,1.0,0.5235463838736303,0.2169014084507042,0.2469135802469135,0.4,0.6666666666666666,0.2923472423361178,True,0.4477987774953572,42,22,10.0,71,22,60,35,35,18,11,7,7,4,True,0.1549295774647887,9.0,0.3953351679880087,0.2625386423509617,False,0.088772132993116,0.7766764289043884,0.4764536161263697,0.3289733991719961,0.43986254295532645,0.2923472423361178,0.7076527576638822,0.5235463838736303,True,0.2923472423361178,0.5235463838736303
13,6,4,0.013820377146101,0.0051808473654091,0.1462579299796868,0.9015705803238664,10.6173095703125,0.0301737511788433,1.0,0.49967094544991975,0.24375,0.1205988146806322,0.75,0.3333333333333333,0.18501556275544964,False,0.5708371775563242,25,15,10.0,40,15,38,23,24,13,2,2,2,2,True,0.05,1.0,0.4688390851709161,0.2624671118786716,False,0.013820377146101,0.9015705803238664,0.5003290545500803,0.2889577882049756,0.34579037800687284,0.18501556275544964,0.8149844372445504,0.49967094544991975,False,0.18501556275544964,0.49967094544991975
330,223,221,0.0550499876417276,0.0060913057532161,0.1142586764838462,0.8853022958521846,10.300969123840332,0.0478963782222359,1.0,0.4710498183907792,0.1568627450980392,0.0617122301313507,0.75,0.3333333333333333,0.23803768691832078,False,0.5931135772653867,26,12,10.0,51,12,45,23,26,11,6,3,3,1,True,0.1176470588235294,2.0,0.3652530769501016,0.2623631994962074,False,0.0550499876417276,0.8853022958521846,0.5289501816092208,0.22380817342105386,0.31872852233676974,0.23803768691832078,0.7619623130816793,0.4710498183907792,False,0.23803768691832078,0.4710498183907792
220,204,203,0.1504233615771362,0.026077995829216,0.0610311402108712,0.5935938684669693,10.697816848754885,0.4369494736657443,0.0,0.31071691696589343,0.2386880856760375,0.307279740299668,0.1666666666666666,0.1666666666666666,0.3957628011471293,True,0.7820937747631929,308,35,6.0,1245,35,1033,241,239,29,212,67,36,6,True,0.1702811244979919,82.0,0.4952012772319359,0.2617725960719264,False,0.1504233615771362,0.5935938684669693,0.6892830830341066,0.4769555473590217,0.727233676975945,0.3957628011471293,0.6042371988528707,0.31071691696589343,True,0.3957628011471293,0.31071691696589343
65,26,27,0.0535794239860458,0.015670805670587,0.1084077354883149,0.7309456929722441,10.714731216430664,0.2343671786140082,0.0,0.24503569437796502,0.2130885873902633,0.2404061067726898,0.1428571428571428,0.25,0.288905838435304,True,1.2483050882681392,122,17,6.0,537,17,498,108,85,14,39,14,12,3,True,0.0726256983240223,7.0,0.5007399045198869,0.2615613774645903,False,0.0535794239860458,0.7309456929722441,0.754964305622035,0.42685792673797646,0.47465635738831613,0.288905838435304,0.711094161564696,0.24503569437796502,True,0.288905838435304,0.24503569437796502
161,122,123,0.182966284667123,0.0337343252966492,0.0611039620806037,0.509316063146779,10.109936714172363,0.5859845899212919,0.0,0.2962279685447111,0.3267025089605734,0.3114785252755606,0.6666666666666666,0.6666666666666666,0.3799538163077046,True,0.4773171113225932,333,36,7.0,1860,36,1487,268,263,29,373,65,66,7,True,0.2005376344086021,173.0,0.3026993157128416,0.2601766393800252,False,0.182966284667123,0.509316063146779,0.7037720314552889,0.32613418359016333,0.7491408934707904,0.3799538163077046,0.6200461836922955,0.2962279685447111,True,0.3799538163077046,0.2962279685447111
337,224,223,0.1460784422962128,0.0405645544776013,0.0730133491165599,0.4442840852316677,9.862858772277832,0.7189391609549871,0.0,0.31357751587013727,0.3021785496648385,0.6955393321616672,0.1666666666666666,0.0,0.4038812647659896,True,0.6191565157353949,512,43,7.0,2188,43,1836,433,373,37,352,79,76,6,True,0.1608775137111517,148.0,0.2217933866554246,0.2601306390836223,False,0.1460784422962128,0.4442840852316677,0.6864224841298627,0.6762302584947048,0.8711340206185567,0.4038812647659896,0.5961187352340104,0.31357751587013727,True,0.4038812647659896,0.31357751587013727
273,212,214,0.0162317522628259,0.0018929967773146,0.0621928160959997,0.9628477921970582,11.100835800170898,0.0,1.0,0.5423900840167749,0.1818181818181818,0.0,0.7142857142857143,1.0,0.13695746885331284,False,0.5858748306458231,7,4,10.0,11,4,10,6,6,3,1,1,1,1,True,0.0909090909090909,2.0,0.6271702520503248,0.2592898483443885,False,0.0162317522628259,0.9628477921970582,0.4576099159832251,0.11396057645963792,0.11512027491408935,0.13695746885331284,0.8630425311466872,0.5423900840167749,False,0.13695746885331284,0.5423900840167749
156,107,126,0.1702778642820286,0.0183534566187173,0.0620064615140386,0.6927617511241879,9.584056854248049,0.2865866132175314,1.0,0.47236200727805433,0.1344827586206896,0.1667279434952038,0.4,0.3333333333333333,0.3551146821630346,True,0.8814227627528947,107,23,8.0,348,23,275,83,83,16,73,24,27,7,True,0.2097701149425287,37.0,0.1304994086166313,0.2588245405338517,False,0.1702778642820286,0.6927617511241879,0.5276379927219457,0.30884201301533803,0.506872852233677,0.3551146821630346,0.6448853178369653,0.47236200727805433,True,0.3551146821630346,0.47236200727805433
278,213,212,0.1778152358925847,0.0375157090343741,0.0691516972249587,0.4722181676038229,10.064849853515623,0.6595915274696055,0.0,0.31584236792195575,0.1939138644781756,0.5771678568931482,0.1428571428571428,0.0,0.4218764854538914,True,0.5858748306458231,412,44,6.0,1967,44,1584,331,359,36,383,81,100,8,True,0.1947127605490594,144.0,0.2879355762962618,0.2583154799831176,False,0.1778152358925847,0.4722181676038229,0.6841576320780443,0.5983328737246042,0.850085910652921,0.4218764854538914,0.5781235145461086,0.31584236792195575,True,0.4218764854538914,0.31584236792195575
302,216,235,0.1347491652902238,0.0335675225995311,0.071847738653228,0.5110180063158111,10.153559684753418,0.5827376738288645,0.0,0.29990712554347376,0.209993961352657,0.597709382587759,0.1666666666666666,0.0,0.3939717565055073,True,0.7237432083932548,261,45,8.0,1104,45,933,216,297,35,171,45,68,10,True,0.154891304347826,88.0,0.3169837028015569,0.2579846898505271,False,0.1347491652902238,0.5110180063158111,0.7000928744565262,0.6084384652310295,0.7770618556701031,0.3939717565055073,0.6060282434944927,0.29990712554347376,True,0.3939717565055073,0.29990712554347376
377,232,252,0.1922897113407024,0.0285359603803954,0.0578008798389658,0.5651188547282273,9.515275955200195,0.4847952507048874,0.0,0.197590760796588,0.2025735294117646,0.1019603765431094,0.1666666666666666,0.2857142857142857,0.4031303629599235,True,1.1940024538182468,255,30,7.0,1360,30,1070,205,208,24,290,50,60,6,True,0.213235294117647,128.0,0.1079770316848766,0.2571458554705778,False,0.1922897113407024,0.5651188547282273,0.802409239203412,0.3432573646338818,0.6580756013745704,0.4031303629599235,0.5968696370400766,0.197590760796588,True,0.4031303629599235,0.197590760796588
185,146,187,0.0822171657090155,0.0105974534526467,0.2123675631906544,0.8090058999539187,10.947687149047852,0.1356112877106399,1.0,0.5708776182206247,0.3714285714285714,0.0136000466176318,0.0,0.6666666666666666,0.2540261711502917,True,1.2918859947622392,6,5,10.0,7,5,5,4,4,3,2,2,2,2,True,0.2857142857142857,1.0,0.5770215669512339,0.2570037362523396,False,0.0822171657090155,0.8090058999539187,0.42912238177937534,0.35824973507606084,0.1301546391752577,0.2540261711502917,0.7459738288497083,0.5708776182206247,True,0.2540261711502917,0.5708776182206247
428,273,293,0.1915916204394974,0.0220437707491861,0.0602544728314818,0.6434728686571709,9.593769073486328,0.3584208253936541,1.0,0.49736683676715754,0.2066431510875955,0.1635089676753297,0.1666666666666666,0.4,0.36770501449488163,True,0.8389728572309009,118,16,7.0,567,16,440,90,87,11,127,28,34,5,True,0.2239858906525573,58.0,0.1336796849078184,0.256957036972527,False,0.1915916204394974,0.6434728686571709,0.5026331632328425,0.3641947865589441,0.4630584192439863,0.36770501449488163,0.6322949855051183,0.49736683676715754,True,0.36770501449488163,0.49736683676715754
517,341,361,0.2210703193412041,0.0320988224673489,0.0673913713119015,0.5262512864926183,9.559707641601562,0.5541485312279129,0.0,0.2255582549460019,0.1527504911591355,0.1771533990237794,0.5,0.25,0.401065120652311,True,0.4920301440106474,206,23,7.0,1018,23,767,155,137,17,251,51,51,6,True,0.2465618860510805,99.0,0.1225262336100929,0.2567380772079585,False,0.2210703193412041,0.5262512864926183,0.7744417450539981,0.3210840476918168,0.5820446735395188,0.401065120652311,0.598934879347689,0.2255582549460019,True,0.401065120652311,0.2255582549460019
139,86,106,0.2318751969640556,0.0369489936612893,0.0626433740123354,0.4776008805414048,9.878047943115234,0.6485600675682557,0.0,0.29177572133751295,0.2786098310291858,0.2201740855710052,0.0,0.2,0.4384711356981423,True,1.1216278354671452,382,42,7.0,1736,42,1299,283,233,31,437,99,77,11,True,0.2517281105990783,215.0,0.2267670964442832,0.2567311624743115,False,0.2318751969640556,0.4776008805414048,0.708224278662487,0.47376445885068874,0.820446735395189,0.4384711356981423,0.5615288643018577,0.29177572133751295,True,0.4384711356981423,0.29177572133751295
259,209,210,0.2244316389862505,0.0357546274719676,0.0593841337008153,0.4891468394356469,10.029670715332031,0.6253110022512008,0.0,0.30057571105322256,0.1319154167691172,0.3698318943531912,0.1428571428571428,0.1666666666666666,0.43732200500076934,True,1.2040851850136032,461,60,7.0,2324,60,1763,357,345,47,561,104,104,13,True,0.241394148020654,246.0,0.2764161309084665,0.2566338674321028,False,0.2244316389862505,0.4891468394356469,0.6994242889467774,0.4604866673117996,0.9119415807560137,0.43732200500076934,0.5626779949992307,0.30057571105322256,True,0.43732200500076934,0.30057571105322256
564,387,389,0.1079593064852107,0.0122178810545139,0.0844337702410519,0.7832074926561359,10.552875518798828,0.1671538979203004,1.0,0.5382979953018849,0.2564102564102564,0.0662346084633588,0.6666666666666666,0.5,0.29066224174638666,True,0.7088659022355741,32,17,10.0,52,17,42,25,26,13,10,7,7,4,True,0.1923076923076923,9.0,0.4477400879853544,0.256580657348098,False,0.1079593064852107,0.7832074926561359,0.46170200469811506,0.2592637270849958,0.3891752577319587,0.29066224174638666,0.7093377582536133,0.5382979953018849,True,0.29066224174638666,0.5382979953018849
19,7,5,0.0474473265131824,0.0080141568556427,0.08648349478663,0.8519025495875875,11.263419151306152,0.0853258460646558,1.0,0.5885780618486782,0.3050847457627118,0.1029653276145623,0.6,0.5714285714285714,0.22843079134969424,False,0.5426091782944411,31,13,10.0,59,13,53,27,27,11,6,4,4,2,True,0.1016949152542373,5.0,0.6804083394813789,0.2564968966344088,False,0.0474473265131824,0.8519025495875875,0.4114219381513218,0.2907312471282044,0.3487972508591065,0.22843079134969424,0.7715692086503058,0.5885780618486782,False,0.22843079134969424,0.5885780618486782
559,386,387,0.3190145535959495,0.0633934754178967,0.0841364070832408,0.2814305690008802,9.959062576293944,1.0,0.0,0.4177651407804699,0.2760169043845747,0.5859805285095291,0.0,0.0,0.45105730273708394,True,0.4438264341470948,725,48,7.0,3786,48,2522,501,476,36,1264,224,237,12,True,0.3338615953512942,566.0,0.2532954223414099,0.2564582213500073,False,0.3190145535959495,0.2814305690008802,0.5822348592195301,0.6565049249221607,0.9278350515463918,0.45105730273708394,0.5489426972629161,0.4177651407804699,True,0.45105730273708394,0.4177651407804699
334,224,204,0.1838889980934859,0.0403130686421307,0.0719222429428251,0.4465243375132172,9.58241367340088,0.7140438359973291,0.0,0.2813350611121648,0.3060220525869381,0.463298159777664,0.1666666666666666,0.0,0.42218810679379526,True,0.7820937747631929,512,34,6.0,1965,34,1570,432,308,26,395,80,113,8,True,0.2010178117048346,155.0,0.1299613473391652,0.2563114156166033,False,0.1838889980934859,0.4465243375132172,0.7186649388878352,0.5938056056772923,0.7968213058419245,0.42218810679379526,0.5778118932062047,0.2813350611121648,True,0.42218810679379526,0.2813350611121648
22,7,9,0.0975297201945334,0.0128064304590225,0.1696458120750262,0.7740424134300936,10.457907676696776,0.1786103705415694,1.0,0.5317510466184046,0.2175925925925926,0.1649471981825428,0.6666666666666666,0.4285714285714285,0.2845022727447542,True,0.8979178206761399,24,14,10.0,36,14,29,19,19,11,7,5,5,3,True,0.1944444444444444,2.0,0.4166427693136443,0.2563034865225145,False,0.0975297201945334,0.7740424134300936,0.46824895338159545,0.2941544788665184,0.32946735395189003,0.2845022727447542,0.7154977272552459,0.5317510466184046,True,0.2845022727447542,0.5317510466184046
166,124,122,0.0134806622825735,0.0072638220153748,0.1743108173617869,0.8647831991311703,11.498357772827148,0.0707201213991258,1.0,0.6093531189518616,0.3170731707317073,0.2,0.6666666666666666,0.5,0.1782855810418568,False,0.6901232461389545,26,13,10.0,41,13,39,24,23,11,2,2,2,2,True,0.048780487804878,1.0,0.757339235456459,0.2555992298303651,False,0.0134806622825735,0.8647831991311703,0.3906468810481384,0.3282127012103163,0.3298969072164949,0.1782855810418568,0.8217144189581432,0.6093531189518616,False,0.1782855810418568,0.6093531189518616
550,381,361,0.1799276594453248,0.0375783035516246,0.0721190700904589,0.4716273721218013,9.867685317993164,0.6608099678717668,0.0,0.2947279373139112,0.209841628959276,0.5054143929058663,0.25,0.0,0.4143520491813921,True,0.3811421748763997,263,39,6.0,1326,39,1060,208,234,30,266,55,59,9,True,0.200603318250377,121.0,0.2233738440699668,0.2555120838697934,False,0.1799276594453248,0.4716273721218013,0.7052720626860888,0.5593965584145113,0.7396907216494846,0.4143520491813921,0.5856479508186079,0.2947279373139112,True,0.4143520491813921,0.2947279373139112
158,121,122,0.1864481242829082,0.0322301752105551,0.0627415364729065,0.5248706098413948,9.800236701965332,0.5567053923762594,0.0,0.25266437232502503,0.4308247814519195,0.0559839508494765,0.0,0.3333333333333333,0.4149799814169422,True,0.6495529827524277,316,37,7.0,1754,37,1395,252,262,29,359,64,68,8,True,0.2046750285062713,133.0,0.2012877245988157,0.2554548686632188,False,0.1864481242829082,0.5248706098413948,0.747335627674975,0.45037425747065996,0.7487113402061856,0.4149799814169422,0.5850200185830579,0.25266437232502503,True,0.4149799814169422,0.25266437232502503
297,215,236,0.1283231328007626,0.0305593370809219,0.0688667693444641,0.5427064344490817,9.53438949584961,0.5241815105405472,0.0,0.21280576366364512,0.2678640401699497,0.3580551557010837,0.1666666666666666,0.1428571428571428,0.3851005735942836,True,0.6704601283040799,254,36,8.0,863,36,733,210,205,29,130,44,47,7,True,0.1506373117033603,80.0,0.1142357804503882,0.2554525266757684,False,0.1283231328007626,0.5427064344490817,0.7871942363363549,0.5143203033572525,0.7031786941580755,0.3851005735942836,0.6148994264057164,0.21280576366364512,True,0.3851005735942836,0.21280576366364512
25,8,6,0.0714512975220205,0.0094692370621487,0.0769016301476965,0.8274680843442633,11.34881591796875,0.1136498685169527,1.0,0.6073404893541946,0.2397959183673469,0.1518752216118095,0.3333333333333333,0.5714285714285714,0.26925552235192335,True,0.4942256235210543,53,25,10.0,98,25,86,46,48,22,12,7,7,3,True,0.1224489795918367,8.0,0.7083715995456309,0.2552540093745834,False,0.0714512975220205,0.8274680843442633,0.3926595106458054,0.3274802105893212,0.48496563573883156,0.26925552235192335,0.7307444776480767,0.6073404893541946,True,0.26925552235192335,0.6073404893541946
391,235,233,0.2179694115452436,0.0196220160207965,0.07815714018705,0.6754066531379638,11.487885475158691,0.3112798946091056,1.0,0.6883966551006214,0.1427203065134099,0.1996428413034031,0.4444444444444444,0.3333333333333333,0.34887678911339487,True,1.1619791581108354,67,33,10.0,116,33,82,48,50,24,34,19,19,9,True,0.293103448275862,22.0,0.7539100706927585,0.2552064098311057,False,0.2179694115452436,0.6754066531379638,0.3116033448993786,0.32343617891775045,0.5567010309278351,0.34887678911339487,0.6511232108866052,0.6883966551006214,True,0.34887678911339487,0.6883966551006214
120,53,33,0.0863621859250538,0.0248248604845932,0.0600176844353839,0.6086589347034874,9.614524841308594,0.4125564309467508,0.0,0.18434420453863343,0.232745443856555,0.3257906655891193,0.0,0.0,0.3640154622316859,True,0.6145816993069612,508,57,7.0,2430,57,2193,457,393,50,237,51,44,7,True,0.0975308641975308,77.0,0.1404761826691493,0.2545617452717718,False,0.0863621859250538,0.6086589347034874,0.8156557954613666,0.5284581863523709,0.9213917525773196,0.3640154622316859,0.6359845377683141,0.18434420453863343,True,0.3640154622316859,0.18434420453863343
6,4,6,0.0833732136208769,0.0106768028012343,0.0872237124535347,0.8077230363437824,10.299753189086914,0.137155871109495,1.0,0.5006702629866349,0.2566666666666666,0.0295234806629834,0.3333333333333333,0.75,0.2738146892835525,True,0.5708371775563242,30,17,10.0,50,17,42,25,25,14,8,5,5,3,True,0.16,7.0,0.3648549178504096,0.254218184785787,False,0.0833732136208769,0.8077230363437824,0.49932973701336514,0.2560961579102235,0.3831615120274914,0.2738146892835525,0.7261853107164475,0.5006702629866349,True,0.2738146892835525,0.5006702629866349
555,384,383,0.1789936562400814,0.0487711204404241,0.0752611112209116,0.3770330578368469,9.796046257019045,0.8786849657209033,0.0,0.35953350825453456,0.2457142857142857,0.8080560420315237,0.0,0.0,0.4148736130497376,True,0.4182303580580847,611,39,7.0,3150,39,2544,506,448,31,606,105,111,8,True,0.1923809523809523,267.0,0.1999155590427007,0.2541310617962141,False,0.1789936562400814,0.3770330578368469,0.6404664917454654,0.7258685582616902,0.8573883161512027,0.4148736130497376,0.5851263869502624,0.35953350825453456,True,0.4148736130497376,0.35953350825453456
66,26,46,0.2077281868156958,0.0348822351436441,0.0647713183823812,0.4977562881975733,9.36361312866211,0.6083293542402075,0.0,0.22221474521057805,0.1561443066516347,0.2762984611961281,0.1666666666666666,0.25,0.4215997620435394,True,1.1664980998843535,348,37,7.0,1774,37,1372,267,252,29,402,81,83,8,True,0.2266065388951522,150.0,0.0583148813915269,0.2534409634492687,False,0.2077281868156958,0.4977562881975733,0.777785254789422,0.4137333226524941,0.7714776632302405,0.4215997620435394,0.5784002379564606,0.22221474521057805,True,0.4215997620435394,0.22221474521057805
436,292,272,0.1689953632810791,0.0301150869720825,0.0606598872412525,0.5475498673936549,9.92154598236084,0.5155339115965565,0.0,0.252181495411274,0.2458386683738796,0.2191926808288267,0.25,0.1428571428571428,0.4004801488362665,True,1.1119155647980608,290,33,7.0,1562,33,1269,240,232,25,293,50,68,8,True,0.1875800256081946,124.0,0.2410105746372655,0.2531480909096713,False,0.1689953632810791,0.5475498673936549,0.747818504588726,0.43225334331229737,0.7018900343642611,0.4004801488362665,0.5995198511637335,0.252181495411274,True,0.4004801488362665,0.252181495411274
193,167,146,0.0659561691620608,0.0101605863310396,0.1089443254399157,0.8161054318867612,8.45831298828125,0.1271074031098166,1.0,0.3757024677032722,0.1428571428571428,0.0407227162806001,0.7142857142857143,0.25,0.2501154170792354,True,1.3357884073864643,24,8,8.0,106,8,94,22,28,6,12,2,12,2,True,0.1132075471698113,4.0,0.0,0.2520018363742998,False,0.0659561691620608,0.8161054318867612,0.6242975322967278,0.2180230966425212,0.2706185567010309,0.2501154170792354,0.7498845829207645,0.3757024677032722,True,0.2501154170792354,0.3757024677032722
332,223,224,0.1484038949228243,0.0431571505167989,0.0727748655633465,0.4218341674374786,9.928237915039062,0.7694056219071993,0.0,0.33753582562006046,0.3012672811059908,0.6932338894755045,0.1666666666666666,0.0,0.3961957985843513,True,0.6191565157353949,557,36,7.0,2604,36,2182,438,480,28,422,119,85,8,True,0.1620583717357911,189.0,0.2432018549529822,0.2516083426965168,False,0.1484038949228243,0.4218341674374786,0.6624641743799395,0.6751392719406261,0.8191580756013745,0.3961957985843513,0.6038042014156487,0.33753582562006046,True,0.3961957985843513,0.33753582562006046
468,306,307,0.251650128705082,0.0515826071748572,0.0726848059911653,0.3564176208117853,9.245464324951172,0.933412267373668,0.0,0.3176797333680992,0.2619666762977944,0.4917039237827386,0.3333333333333333,0.0,0.43285152776723995,True,0.4805973720292605,702,28,7.0,3461,28,2540,505,513,21,921,197,180,7,True,0.2661080612539728,445.0,0.0196269327306296,0.2511844243968118,False,0.251650128705082,0.3564176208117853,0.6823202666319008,0.5603832766064867,0.7800687285223368,0.43285152776723995,0.56714847223276,0.3176797333680992,True,0.43285152776723995,0.3176797333680992
42,10,29,0.1011796519469114,0.0125659954130903,0.0594088312769602,0.7777735155820886,10.024991035461426,0.1739301559328815,1.0,0.4829379736001387,0.1818181818181818,0.0728780085422585,0.3333333333333333,0.2857142857142857,0.30256055108373314,True,0.6535390451973578,73,16,8.0,253,16,218,66,59,14,35,7,11,2,True,0.1383399209486166,22.0,0.2748837648675342,0.2509797371294213,False,0.1011796519469114,0.7777735155820886,0.5170620263998613,0.2965313265482042,0.436426116838488,0.30256055108373314,0.6974394489162669,0.4829379736001387,True,0.30256055108373314,0.4829379736001387
458,304,303,0.1620707776578004,0.0461068994784467,0.0775635527289581,0.397667921698044,9.993223190307615,0.8268242820228331,0.0,0.36376854431774586,0.2348966613672496,0.7945636623748212,0.3333333333333333,0.0,0.3978950544714786,True,0.5022402655473627,484,41,7.0,2516,41,2072,398,386,36,444,86,92,5,True,0.1764705882352941,179.0,0.2644813509304043,0.2506978655149658,False,0.1620707776578004,0.397667921698044,0.6362314556822541,0.6549364866604976,0.8509450171821306,0.3978950544714786,0.6021049455285215,0.36376854431774586,True,0.3978950544714786,0.36376854431774586
109,47,26,0.0140378274609748,0.0076696391915902,0.0934945859122452,0.857792728518166,9.254039764404297,0.0786195999015875,1.0,0.367018189733466,0.2205882352941176,0.0206595026394436,0.375,0.5,0.18600067649159652,False,0.658386063454484,37,8,8.0,153,8,148,34,37,7,5,3,2,1,True,0.0326797385620915,4.0,0.0224349692988105,0.2503759043598492,False,0.0140378274609748,0.857792728518166,0.632981810266534,0.2604821035960323,0.30970790378006874,0.18600067649159652,0.8139993235084035,0.367018189733466,False,0.18600067649159652,0.367018189733466
473,312,292,0.2510137003063071,0.0489558178611683,0.0727564879625645,0.3756428863621196,9.553014755249023,0.8822802135076909,0.0,0.33420495150680685,0.2383820998278829,0.4650521253450323,0.0,0.0,0.44937999317302474,True,1.1119155647980608,704,68,7.0,2905,68,2130,513,409,51,775,191,149,17,True,0.2667814113597246,332.0,0.1203346410127294,0.2500212733977696,False,0.2510137003063071,0.3756428863621196,0.6657950484931932,0.5930574277306183,0.9652061855670103,0.44937999317302474,0.5506200068269753,0.33420495150680685,True,0.44937999317302474,0.33420495150680685
143,87,86,0.279289928372175,0.0503343192341175,0.0714421355495917,0.3654278629423048,10.002010345458984,0.9091135823236218,0.0,0.39215743211593357,0.2265234030026494,0.4368082725460963,0.1666666666666666,0.1666666666666666,0.43890874803892194,True,1.1216278354671452,685,43,7.0,3397,43,2397,494,484,31,1000,191,226,12,True,0.2943773918163085,434.0,0.2673587140241786,0.2484617545748426,False,0.279289928372175,0.3654278629423048,0.6078425678840664,0.5257263529111992,0.893041237113402,0.43890874803892194,0.561091251961078,0.39215743211593357,True,0.43890874803892194,0.39215743211593357
359,230,229,0.1772065415441385,0.0485458653600001,0.0753796736589756,0.3787354619445762,10.326854705810549,0.8743002383863581,0.0,0.4160098586920069,0.2302999491611591,0.8224312006023192,0.1428571428571428,0.0,0.40692089559360334,True,0.6928147497270761,705,51,7.0,3372,51,2731,545,580,43,641,160,133,8,True,0.1900948991696322,259.0,0.3737293376896626,0.2481753843081754,False,0.1772065415441385,0.3787354619445762,0.5839901413079931,0.699119470347349,0.9355670103092784,0.40692089559360334,0.5930791044063967,0.4160098586920069,True,0.40692089559360334,0.4160098586920069
237,206,207,0.2138134828073143,0.0419221076960438,0.0680450219283382,0.4323835861032232,10.174171447753906,0.7453647611847409,0.0,0.35636593573965314,0.1700487012987013,0.5148673441666572,0.125,0.0,0.4326863399704015,True,1.3972225133438927,530,75,7.0,2772,75,2137,398,479,58,635,132,144,17,True,0.229076479076479,236.0,0.3237330460342185,0.2480954799264633,False,0.2138134828073143,0.4323835861032232,0.6436340642603469,0.5666166219869364,0.9463058419243986,0.4326863399704015,0.5673136600295985,0.35636593573965314,True,0.4326863399704015,0.35636593573965314
486,315,317,0.0127218861122916,0.0074937406461685,0.1274686423263142,0.8608157326851619,10.345314979553224,0.0751956275820045,1.0,0.48498993370303634,0.2380952380952381,0.0916666666666666,0.6666666666666666,0.75,0.16565142023426982,False,0.6423751221008027,10,7,10.0,14,7,13,9,9,6,1,1,1,1,True,0.0714285714285714,2.0,0.3797741735271044,0.247810671356352,False,0.0127218861122916,0.8608157326851619,0.5150100662969637,0.21929495611567945,0.20575601374570446,0.16565142023426982,0.8343485797657302,0.48498993370303634,False,0.16565142023426982,0.48498993370303634
315,218,236,0.1634622339549132,0.013276433439127,0.0986351276148987,0.7668004593348899,12.604193687438965,0.1877592648098059,1.0,0.7292530882699353,0.2121212121212121,0.0359288779889638,0.3333333333333333,0.8,0.289424890001292,True,0.8816696613244259,30,20,10.0,44,20,32,21,21,13,12,9,9,7,True,0.2727272727272727,7.0,1.0,0.2473047315664563,False,0.1634622339549132,0.7668004593348899,0.2707469117300647,0.2318279236643811,0.40764604810996563,0.289424890001292,0.710575109998708,0.7292530882699353,True,0.289424890001292,0.7292530882699353
349,229,207,0.0198903713271305,0.0033937289845198,0.1175749413923911,0.934377656163444,12.720318794250488,0.0,1.0,0.6666666666666666,0.2361111111111111,0.0174919194768396,0.625,0.2,0.15105117406123347,False,1.3972225133438927,6,4,10.0,9,4,8,5,5,3,1,1,1,1,True,0.1111111111111111,1.0,1.0,0.2469630817720138,False,0.0198903713271305,0.934377656163444,0.33333333333333337,0.2729393526687028,0.10695876288659793,0.15105117406123347,0.8489488259387665,0.6666666666666666,False,0.15105117406123347,0.6666666666666666
299,216,215,0.1008733463476595,0.026994252949953,0.0749991420834893,0.5828152378910301,10.280732154846191,0.4547849765774021,0.0,0.27113714566068037,0.2064602064602065,0.3735133607826473,0.1428571428571428,0.0,0.36005059455445554,True,0.6704601283040799,270,38,6.0,1287,38,1136,240,241,31,151,30,36,7,True,0.1173271173271173,45.0,0.3586264604046392,0.2460775520645901,False,0.1008733463476595,0.5828152378910301,0.7288628543393196,0.5189156404794348,0.734106529209622,0.36005059455445554,0.6399494054455445,0.27113714566068037,True,0.36005059455445554,0.27113714566068037
420,272,252,0.2442872095937293,0.0495707922335464,0.0721659087576017,0.3710509684028278,10.057576179504396,0.8942510642229596,0.0,0.3932682894663153,0.2312307528937028,0.5267332433372501,0.1666666666666666,0.0,0.4347362491183858,True,1.1940024538182468,673,55,7.0,3139,55,2325,497,410,41,814,176,160,14,True,0.2593182542210895,373.0,0.2855538041759865,0.2454997450348038,False,0.2442872095937293,0.3710509684028278,0.6067317105336847,0.5894066210513645,0.9394329896907216,0.4347362491183858,0.5652637508816142,0.3932682894663153,True,0.4347362491183858,0.3932682894663153
212,198,217,0.0451112577973331,0.0070316514465957,0.1232486729994698,0.8688080806339125,10.19663906097412,0.0662007798717932,1.0,0.46576362307445995,0.1152073732718893,0.0080666490346469,0.4285714285714285,0.75,0.20587447015958615,False,0.6242252993529385,27,7,9.0,62,7,56,24,18,6,6,3,3,1,True,0.0967741935483871,2.0,0.3310900893515864,0.2444379672323147,False,0.0451112577973331,0.8688080806339125,0.53423637692554,0.15910751399408507,0.2731958762886598,0.20587447015958615,0.7941255298404138,0.46576362307445995,False,0.20587447015958615,0.46576362307445995
282,213,232,0.1434027405700776,0.0362088724214118,0.0714503866348281,0.4847231147805771,9.876137733459473,0.6341531568550307,0.0,0.28676491772024626,0.2162809257781324,0.4862131598291888,0.25,0.0,0.3931931262601296,True,1.0962254186468878,328,45,8.0,1253,45,1049,269,320,35,204,59,74,10,True,0.1628092577813248,112.0,0.2261415963057082,0.2443509474509116,False,0.1434027405700776,0.4847231147805771,0.7132350822797537,0.5543835878281418,0.8152920962199313,0.3931931262601296,0.6068068737398704,0.28676491772024626,True,0.3931931262601296,0.28676491772024626
421,272,273,0.3094319324083661,0.0552049598697986,0.076913912136641,0.3315093722873074,9.77139377593994,1.0,0.0,0.3972810261574915,0.2329548762736535,0.3719232345307541,0.0,0.0,0.4470314093877168,True,0.8389728572309009,743,41,7.0,3435,41,2319,506,426,27,1116,237,207,14,True,0.3248908296943231,450.0,0.1918430784724744,0.2439852931142302,False,0.3094319324083661,0.3315093722873074,0.6027189738425085,0.5499445930293376,0.890893470790378,0.4470314093877168,0.5529685906122832,0.3972810261574915,True,0.4470314093877168,0.3972810261574915
333,224,203,0.0941440416845884,0.0294134035596952,0.0764833413275437,0.5552881719809057,10.176000595092772,0.5018752166064113,0.0,0.2754024062797418,0.2924731182795699,0.3768330297835738,0.1666666666666666,0.0,0.3515127592112861,True,0.6191565157353949,328,29,8.0,1085,29,964,291,212,24,121,37,27,5,True,0.1115207373271889,51.0,0.324332002232814,0.2436344424464473,False,0.0941440416845884,0.5552881719809057,0.7245975937202582,0.5538639885949205,0.6950171821305842,0.3515127592112861,0.6484872407887139,0.2754024062797418,True,0.3515127592112861,0.2754024062797418
383,233,232,0.2231794819074928,0.0432575552967538,0.0648025079408368,0.4209879340454396,10.363967895507812,0.7713600621016602,0.0,0.38574738411962106,0.2088084795321637,0.4563727488064326,0.125,0.2222222222222222,0.4262124695845862,True,1.1619791581108354,720,69,7.0,3420,69,2609,525,569,49,811,195,181,20,True,0.2371345029239766,358.0,0.3858820902572033,0.2435115573985265,False,0.2231794819074928,0.4209879340454396,0.6142526158803789,0.5242606108589882,0.968213058419244,0.4262124695845862,0.5737875304154139,0.38574738411962106,True,0.4262124695845862,0.38574738411962106
182,146,166,0.1669600032379407,0.0365330707119009,0.0678609604342141,0.481590354009564,9.82137680053711,0.6404638740359484,0.0,0.28289131529992084,0.273650454302512,0.3309421213007908,0.0,0.1666666666666666,0.40784072006064176,True,1.2918859947622392,398,42,7.0,1871,42,1527,320,287,33,344,78,59,9,True,0.1838588989845002,143.0,0.2082100718638141,0.2434312335283837,False,0.1669600032379407,0.481590354009564,0.7171086847000792,0.526407570694844,0.8277491408934707,0.40784072006064176,0.5921592799393582,0.28289131529992084,True,0.40784072006064176,0.28289131529992084
40,10,11,0.2002021646686057,0.0362377665883126,0.0626868267710689,0.4844430822898418,9.45651912689209,0.6347155994120675,0.0,0.24115088218496183,0.2045998694043387,0.2162534567521239,0.4285714285714285,0.5714285714285714,0.3925544657888484,True,0.6435638621308869,337,37,7.0,1969,37,1540,264,278,29,429,73,80,8,True,0.217877094972067,199.0,0.088737047142818,0.2433840349515449,False,0.2002021646686057,0.4844430822898418,0.7588491178150382,0.3243660456014403,0.7615979381443299,0.3925544657888484,0.6074455342111515,0.24115088218496183,True,0.3925544657888484,0.24115088218496183
275,212,231,0.0176777707669518,0.0087171662598848,0.1381155161411209,0.8400084520780702,10.39702033996582,0.0990103522938634,1.0,0.4985718332888198,0.1955958549222798,0.1446632594511064,0.375,0.3333333333333333,0.18901713578208418,False,1.1411627055128797,54,12,8.0,193,12,186,52,50,11,7,2,4,1,True,0.0362694300518134,2.0,0.396705147572596,0.2432423720386584,False,0.0176777707669518,0.8400084520780702,0.5014281667111802,0.3314744922560497,0.37328178694158076,0.18901713578208418,0.8109828642179158,0.4985718332888198,False,0.18901713578208418,0.4985718332888198
581,393,392,0.1843083360867601,0.0630183330175163,0.0869982943728551,0.2835500408799091,9.58009910583496,1.0,0.0,0.3764011465941133,0.2491548343475321,0.970111555462008,0.0,0.0,0.40175335596018763,True,0.42516877339884,869,44,7.0,4930,44,3968,707,813,33,962,162,210,11,True,0.195131845841785,421.0,0.1292034397823397,0.2430748710202195,False,0.1843083360867601,0.2835500408799091,0.6235988534058867,0.7807901093794478,0.9179553264604812,0.40175335596018763,0.5982466440398124,0.3764011465941133,True,0.40175335596018763,0.3764011465941133
240,206,226,0.2417137619293954,0.0478797206470637,0.0773350541838448,0.3838150769070626,9.90433120727539,0.8613333258262608,0.0,0.3655689681522759,0.3338551859099804,0.3414455511936015,0.0,0.125,0.43069564311001723,True,1.067174264901552,488,38,6.0,2044,38,1512,370,322,30,532,118,111,8,True,0.2602739726027397,212.0,0.235373578630567,0.2428032047390075,False,0.2417137619293954,0.3838150769070626,0.6344310318477241,0.5626252931723777,0.8286082474226804,0.43069564311001723,0.5693043568899827,0.3655689681522759,True,0.43069564311001723,0.3655689681522759
521,347,326,0.1045920806760183,0.0266077402979135,0.0849790503535863,0.5873380057036145,9.553658485412598,0.4472612723956564,0.0,0.18926890117332906,0.2870445344129554,0.1415471365506019,0.2,0.3333333333333333,0.3385063003096745,True,0.4416835907527695,139,17,8.0,494,17,429,113,90,15,65,26,10,2,True,0.131578947368421,30.0,0.120545431124331,0.2419705109605145,False,0.1045920806760183,0.5873380057036145,0.8107310988266709,0.3964218452019318,0.4845360824742268,0.3385063003096745,0.6614936996903256,0.18926890117332906,True,0.3385063003096745,0.18926890117332906
245,207,206,0.1553430424785854,0.0314834017106997,0.0666138635217751,0.5327686326121363,10.016082763671877,0.5421689913709318,0.0,0.2713785777918486,0.1789169787765293,0.2923713952594083,0.1111111111111111,0.2,0.3948966769366144,True,1.3972225133438927,310,48,6.0,1424,48,1176,265,274,37,248,45,96,11,True,0.1741573033707865,98.0,0.2719667420046142,0.2419587863994839,False,0.1553430424785854,0.5327686326121363,0.7286214222081514,0.44608118610063735,0.820446735395189,0.3948966769366144,0.6051033230633855,0.2713785777918486,True,0.3948966769366144,0.2713785777918486
296,215,235,0.2342755773057727,0.0546695453810467,0.077274721323868,0.3350783454043752,9.949228286743164,0.9935013996909282,0.0,0.4145255245634527,0.2564807541241162,0.6325797682076326,0.0,0.0,0.42762839174223627,True,0.7237432083932548,754,47,7.0,3819,47,2873,571,644,37,946,183,184,10,True,0.2477088242995548,411.0,0.2500751739994302,0.2416872343204512,False,0.2342755773057727,0.3350783454043752,0.5854744754365473,0.6667310261011365,0.929553264604811,0.42762839174223627,0.5723716082577637,0.4145255245634527,True,0.42762839174223627,0.4145255245634527
506,332,312,0.1840131086055271,0.0375512071852633,0.0626498525255327,0.4718830291505301,10.080172538757324,0.6602825205972032,0.0,0.31774517537095925,0.2818997146351406,0.3003295310519645,0.25,0.4,0.4040415739242985,True,1.119329782732733,501,54,7.0,2453,54,1964,409,345,43,489,92,90,11,True,0.1993477374643294,229.0,0.2929530055156748,0.2416185592189845,False,0.1840131086055271,0.4718830291505301,0.6822548246290407,0.4432858788856216,0.913659793814433,0.4040415739242985,0.5959584260757015,0.31774517537095925,True,0.4040415739242985,0.31774517537095925
343,226,227,0.2002039781822061,0.0455967092255386,0.0744092524196405,0.4017464203646885,9.906356811523438,0.8168931180129725,0.0,0.3509766609537931,0.3527225583405359,0.4073571422174692,0.2,0.1666666666666666,0.40945329531902336,True,0.4615167349457846,483,33,6.0,2314,33,1813,368,409,25,501,115,105,8,True,0.2165082108902333,211.0,0.2360368648484069,0.2415158213427101,False,0.2002039781822061,0.4017464203646885,0.6490233390462069,0.5571049072911242,0.7822164948453608,0.40945329531902336,0.5905467046809767,0.3509766609537931,True,0.40945329531902336,0.3509766609537931
62,26,6,0.0530924316763048,0.0228179579367861,0.0890212309714169,0.633586238196647,9.946122169494627,0.3734908505275385,0.0,0.2075163077344283,0.1796757164404223,0.3294567755952088,0.0,0.25,0.2958711279890464,True,0.6157022221184753,196,27,6.0,884,27,824,184,163,24,60,12,14,3,True,0.0678733031674208,20.0,0.2490580726757464,0.2414744625596362,False,0.0530924316763048,0.633586238196647,0.7924836922655717,0.47195917754143585,0.6116838487972509,0.2958711279890464,0.7041288720109535,0.2075163077344283,True,0.2958711279890464,0.2075163077344283
239,206,224,0.0098749358309245,0.0063585909083485,0.0965937703627642,0.8805823595514788,11.412367820739746,0.0530992465598619,1.0,0.5940936609225829,0.287037037037037,0.0367416395471116,0.3333333333333333,0.375,0.17245847063678146,False,1.067174264901552,12,7,10.0,18,7,17,11,11,6,1,1,1,1,True,0.0555555555555555,3.0,0.7291817362078866,0.24109318376397,False,0.0098749358309245,0.8805823595514788,0.40590633907741713,0.32334738437213,0.21778350515463918,0.17245847063678146,0.8275415293632186,0.5940936609225829,False,0.17245847063678146,0.5940936609225829
549,378,358,0.1890922466888448,0.0236193114554786,0.0546882031434142,0.6235126476714433,10.03537368774414,0.3890896848420941,0.0,0.22245775333284257,0.0,0.0,1.0,1.0,0.22615826988230187,False,1.2567413729599697,192,20,7.0,1033,20,813,152,148,16,220,40,40,4,True,0.2129719264278799,94.0,0.2782835751564338,0.2404449176436866,False,0.1890922466888448,0.6235126476714433,0.7775422466671574,1e-09,0.5506872852233677,0.22615826988230187,0.7738417301176981,0.22245775333284257,False,0.22615826988230187,0.22245775333284257
566,388,386,0.0324009626263195,0.0069281614851206,0.1222867874331604,0.8706082012312536,11.834698677062988,0.0641862847399765,1.0,0.6438868997047672,0.203125,0.1025267426901612,0.5,0.4,0.19230781605542982,False,0.4336919767195041,18,8,10.0,32,8,29,16,16,7,3,2,2,1,True,0.09375,2.0,0.867474414374325,0.2403193297184433,False,0.0324009626263195,0.8706082012312536,0.3561131002952328,0.28992107415604396,0.25171821305841924,0.19230781605542982,0.8076921839445702,0.6438868997047672,False,0.19230781605542982,0.6438868997047672
338,224,226,0.0118665886061948,0.0128056043758988,0.234602831072837,0.7740552020032326,9.02083683013916,0.1785942903304318,1.0,0.3928647634434772,0.3866666666666666,0.0397150967244749,0.6,0.4285714285714285,0.1719793783043253,False,0.6191565157353949,8,4,10.0,15,4,14,7,7,3,1,1,1,1,True,0.0666666666666666,1.0,0.0,0.2403148960382141,False,0.0118665886061948,0.7740552020032326,0.6071352365565228,0.3217916357265411,0.12371134020618556,0.1719793783043253,0.8280206216956747,0.3928647634434772,False,0.1719793783043253,0.3928647634434772
138,86,87,0.2672098126887802,0.0659709889707997,0.0919330188982288,0.2672903443418046,10.018182754516602,1.0,0.0,0.42421812873030196,0.2617997616209774,0.6932585584242018,0.0,0.0,0.4263112002277568,True,1.1216278354671452,735,46,7.0,3356,46,2409,520,509,35,947,215,177,11,True,0.2821811680572109,376.0,0.2726543861909057,0.2401550475095411,False,0.2672098126887802,0.2672903443418046,0.575781871269698,0.6910348471839822,0.9188144329896908,0.4263112002277568,0.5736887997722432,0.42421812873030196,True,0.4263112002277568,0.42421812873030196
390,235,216,0.10503156956526,0.0282520235367965,0.0688037065379574,0.5683371452695736,9.861175537109377,0.4792682471093683,0.0,0.23350348555272005,0.2932508104921897,0.2161630436192478,0.1666666666666666,0.1666666666666666,0.35988706958661176,True,0.7237432083932548,337,39,8.0,1131,39,992,293,226,32,139,44,28,7,True,0.1229000884173298,66.0,0.2212422095487922,0.2401048082628478,False,0.10503156956526,0.5683371452695736,0.76649651444728,0.46071224484099865,0.7809278350515464,0.35988706958661176,0.6401129304133882,0.23350348555272005,True,0.35988706958661176,0.23350348555272005
234,206,187,0.047198771362706,0.013325990310737,0.098843845069451,0.766040831206736,9.831415176391602,0.1887239194988547,1.0,0.46674035599235575,0.3619631901840491,0.0186769381693346,0.4,0.625,0.23383670086747915,False,1.141922868998979,39,7,8.0,163,7,150,33,30,5,13,6,6,2,True,0.0797546012269938,7.0,0.2114971484782126,0.240081735143206,False,0.047198771362706,0.766040831206736,0.5332596440076443,0.3045997887165014,0.30025773195876293,0.23383670086747915,0.7661632991325209,0.46674035599235575,False,0.23383670086747915,0.46674035599235575
43,11,9,0.0354664950863103,0.0134450699357936,0.1062266958694387,0.7642186048691664,12.174118041992188,0.1910418769273415,1.0,0.7232198384584864,0.2814814814814815,0.407916826070736,0.1666666666666666,0.2857142857142857,0.2232198063723986,False,0.8979178206761399,75,34,10.0,135,34,126,70,70,31,9,5,6,3,True,0.0666666666666666,6.0,0.9786176384481172,0.2400700264046471,False,0.0354664950863103,0.7642186048691664,0.27678016154151364,0.5164605387065274,0.5768900343642612,0.2232198063723986,0.7767801936276014,0.7232198384584864,False,0.2232198063723986,0.7232198384584864
360,230,231,0.1153831208288042,0.0147599499587985,0.0655276131464296,0.7443834410345169,10.351112365722656,0.216636817417321,1.0,0.5327697836918092,0.1989247311827957,0.039432597115832,0.625,0.5,0.2854490805316091,True,1.1411627055128797,62,11,7.0,372,11,317,52,78,10,55,10,10,1,True,0.1478494623655914,22.0,0.3816725336581065,0.2400270351025586,False,0.1153831208288042,0.7443834410345169,0.46723021630819084,0.22834330637293662,0.3707044673539519,0.2854490805316091,0.7145509194683909,0.5327697836918092,True,0.2854490805316091,0.5327697836918092
451,301,300,0.2094902876307024,0.0466176245863798,0.0772382782782675,0.3936266169492243,9.888042449951172,0.8367658573115134,0.0,0.35560188847148044,0.3242737992522289,0.4069620656603296,0.0,0.0,0.4184540102252237,True,0.752293892421816,558,28,7.0,2318,28,1794,436,340,22,524,122,82,6,True,0.2260569456427955,191.0,0.2300398081029281,0.239447497781156,False,0.2094902876307024,0.3936266169492243,0.6443981115285196,0.6046634869547518,0.761168384879725,0.4184540102252237,0.5815459897747763,0.35560188847148044,True,0.4184540102252237,0.35560188847148044
572,389,390,0.2920906031418496,0.0724767443787871,0.089489234018695,0.23467941502533,10.112136840820312,1.0,0.0,0.43447324982401647,0.1736091696952753,0.7805507672203964,0.25,0.0,0.42292514070795906,True,0.7425888616027709,1413,89,7.0,7154,89,4989,964,921,69,2165,449,371,20,True,0.3026279004752586,962.0,0.3034197494720491,0.2392087344735044,False,0.2920906031418496,0.23467941502533,0.5655267501759835,0.6460998161279775,0.9991408934707904,0.42292514070795906,0.5770748592920409,0.43447324982401647,True,0.42292514070795906,0.43447324982401647
218,203,223,0.1843792425971643,0.0416975902721473,0.073438033571105,0.4343295047376874,10.292940139770508,0.74099439278378,0.0,0.3678727901831089,0.2522439820481436,0.4594870952759488,0.0,0.0,0.4072383312248916,True,0.4482084322085275,339,35,6.0,1634,35,1302,279,309,29,332,60,91,6,True,0.2031823745410036,159.0,0.362623977765547,0.2384363771742703,False,0.1843792425971643,0.4343295047376874,0.6321272098168911,0.5965446661081182,0.7461340206185567,0.4072383312248916,0.5927616687751084,0.3678727901831089,True,0.4072383312248916,0.3678727901831089
276,212,232,0.2311002688196296,0.0555250764675682,0.0771294936023263,0.3293937190235373,10.123051643371582,1.0,0.0,0.4356646043066241,0.2241426687183996,0.6812370196099282,0.125,0.0,0.4211549941116045,True,1.0962254186468878,902,60,7.0,4549,60,3442,675,753,47,1107,227,228,13,True,0.2433501868542537,457.0,0.3069938129198726,0.2382297316370834,False,0.2311002688196296,0.3293937190235373,0.5643353956933759,0.6514573884022682,0.9699312714776632,0.4211549941116045,0.5788450058883955,0.4356646043066241,True,0.4211549941116045,0.4356646043066241
471,307,306,0.2086030409473541,0.0569098184559622,0.0843666660146958,0.3203963777923226,9.524205207824709,1.0,0.0,0.37030030824800897,0.2151180387409201,0.7408477532719081,0.0,0.0,0.4140061622116035,True,0.4805973720292605,699,36,7.0,3304,36,2569,532,483,28,735,167,152,8,True,0.222457627118644,290.0,0.1109009247440266,0.2381266780931204,False,0.2086030409473541,0.3203963777923226,0.629699691751991,0.6913630710461863,0.8376288659793815,0.4140061622116035,0.5859938377883964,0.37030030824800897,True,0.4140061622116035,0.37030030824800897
35,9,11,0.0908568356888925,0.0144111417699605,0.1196364640298427,0.749594537428876,10.588476181030272,0.2098470535761116,1.0,0.5564148718123848,0.1832298136645962,0.140370393349823,0.4285714285714285,0.5,0.27934109039971183,True,0.8979178206761399,31,19,10.0,46,19,38,26,26,16,8,5,5,3,True,0.1739130434782608,5.0,0.4593975618610429,0.2379396290244232,False,0.0908568356888925,0.749594537428876,0.4435851281876152,0.2944123415872071,0.4024914089347079,0.27934109039971183,0.7206589096002882,0.5564148718123848,True,0.27934109039971183,0.5564148718123848
503,326,346,0.1528330673085365,0.0395919574004721,0.0692427636211396,0.4530108746173404,10.336174964904783,0.7000069664776843,0.0,0.35892941090056407,0.2052781526465736,0.5621305697645333,0.0,0.0,0.39618642770990553,True,0.389921676410541,405,41,7.0,2223,41,1850,336,360,32,373,69,84,9,True,0.1677912730544309,173.0,0.3767812662240077,0.237884420459671,False,0.1528330673085365,0.4530108746173404,0.6410705890994359,0.6194387469359286,0.8247422680412371,0.39618642770990553,0.6038135722900945,0.35892941090056407,True,0.39618642770990553,0.35892941090056407
507,332,313,0.0569646046611764,0.0228221408490623,0.1019574392245832,0.6335332357006493,9.861953735351562,0.3735722734626447,0.0,0.19835643494507993,0.1771300448430493,0.2711101559486416,0.3333333333333333,0.4,0.2848310409541269,True,1.119329782732733,123,23,8.0,446,23,411,108,99,19,35,15,12,4,True,0.0784753363228699,14.0,0.221497031372595,0.2378341891593264,False,0.0569646046611764,0.6335332357006493,0.8016435650549201,0.3767528768977114,0.5193298969072164,0.2848310409541269,0.7151689590458731,0.19835643494507993,True,0.2848310409541269,0.19835643494507993
562,387,386,0.3232101730804294,0.0654090033828056,0.0862232569289143,0.2703115577462828,10.298582077026367,1.0,0.0,0.4548238119960393,0.1938273340832396,0.533121859058925,0.25,0.0,0.4270740902119012,True,0.4438264341470948,691,39,7.0,3556,39,2352,456,438,28,1204,235,214,11,True,0.3385826771653543,580.0,0.364471435988118,0.2375900746706691,False,0.3232101730804294,0.2703115577462828,0.5451761880039607,0.5639505935804102,0.8655498281786942,0.4270740902119012,0.5729259097880988,0.4548238119960393,True,0.4270740902119012,0.4548238119960393
38,10,8,0.0679147921771958,0.0126279015094041,0.0958756783467529,0.7768111330351757,12.335445404052734,0.1751351958022213,1.0,0.7250450652674072,0.260748959778086,0.2373746039498338,0.4285714285714285,0.4285714285714285,0.25271246786175083,True,0.6435638621308869,60,29,10.0,103,29,91,52,51,24,12,8,8,5,True,0.116504854368932,7.0,1.0,0.2375171066274823,False,0.0679147921771958,0.7768111330351757,0.2749549347325928,0.37725458010205404,0.5223367697594501,0.25271246786175083,0.7472875321382492,0.7250450652674072,True,0.25271246786175083,0.7250450652674072
354,229,230,0.1994103997776072,0.047608629091462,0.0737321380839615,0.3859017090041217,10.847085952758787,0.856056363585171,0.0,0.46671198805898184,0.3150451887293993,0.5677152337809979,0.1666666666666666,0.0,0.40497658686855986,True,0.6928147497270761,730,39,7.0,3135,39,2466,585,458,32,669,145,150,7,True,0.2133971291866028,268.0,0.5440796005917743,0.2371395160574209,False,0.1994103997776072,0.3859017090041217,0.5332880119410182,0.6360805978678583,0.8732817869415808,0.40497658686855986,0.5950234131314401,0.46671198805898184,True,0.40497658686855986,0.46671198805898184
295,215,233,0.0432572631827379,0.0059890745130057,0.0935630977717376,0.8871142586463023,12.981348991394045,0.0459063848664747,1.0,0.6819687949554916,0.1538461538461538,0.0629004183500842,0.4444444444444444,0.4285714285714285,0.19266546857888683,False,1.1619791581108354,9,6,10.0,13,6,11,7,7,4,2,2,2,2,True,0.1538461538461538,3.0,1.0,0.2369149605910605,False,0.0432572631827379,0.8871142586463023,0.31803120504450844,0.24711836558791989,0.17912371134020616,0.19266546857888683,0.8073345314211131,0.6819687949554916,False,0.19266546857888683,0.6819687949554916
450,301,281,0.1289974132272689,0.0337475772354413,0.0627622055106048,0.5091810925279004,10.267245292663574,0.5862425469811186,0.0,0.31348424011215603,0.2036789793799139,0.4333278581664452,0.1666666666666666,0.0,0.3845894258736112,True,0.934839852702454,527,56,7.0,2247,56,1926,448,356,47,321,79,56,9,True,0.1428571428571428,154.0,0.3542101733553495,0.236705552792698,False,0.1289974132272689,0.5091810925279004,0.686515759887844,0.5403345882032242,0.9243986254295533,0.3845894258736112,0.6154105741263888,0.31348424011215603,True,0.3845894258736112,0.31348424011215603
119,53,32,0.0318841866275303,0.0209029898461368,0.0876949245692085,0.6583228615665415,8.959782600402832,0.3362148303106004,0.0,0.11207161010353339,0.2047908232118758,0.1538943635735222,0.25,0.4,0.24983483510727386,False,0.6145816993069612,196,39,8.0,741,39,708,182,194,34,33,14,16,5,True,0.0445344129554655,18.0,0.0,0.234911890789161,False,0.0318841866275303,0.6583228615665415,0.8879283898964666,0.3479313876902626,0.706615120274914,0.24983483510727386,0.7501651648927261,0.11207161010353339,False,0.24983483510727386,0.11207161010353339
477,313,292,0.1844039755275425,0.0357044174419611,0.0749618636039025,0.4896382877003825,9.588750839233398,0.624333633436151,0.0,0.2521233641061389,0.1992481203007519,0.1734286480130234,0.0,0.0,0.4056146614006376,True,1.1119155647980608,301,40,7.0,1064,40,843,235,198,29,221,66,62,11,True,0.2077067669172932,89.0,0.1320364588822659,0.2327084169418954,False,0.1844039755275425,0.4896382877003825,0.7478766358938611,0.4316692995301932,0.7693298969072164,0.4056146614006376,0.5943853385993624,0.2521233641061389,True,0.4056146614006376,0.2521233641061389
241,206,227,0.1637591075619349,0.0396222202963698,0.0814500998910308,0.4527367691591764,9.603096961975098,0.7005960521782839,0.0,0.27911005462454064,0.3409266409266409,0.2518019818295207,0.2,0.125,0.3894663567161301,True,1.067174264901552,288,32,8.0,1036,32,843,227,251,24,193,61,66,8,True,0.1862934362934362,87.0,0.136734111695338,0.232686530585689,False,0.1637591075619349,0.4527367691591764,0.7208899453754594,0.4982018775347426,0.6915807560137457,0.3894663567161301,0.6105336432838699,0.27911005462454064,True,0.3894663567161301,0.27911005462454064
246,207,208,0.180018009854433,0.0363867294122522,0.0604701993816749,0.4830019499157584,9.920428276062012,0.6376152515075041,0.0,0.29275327735156664,0.1835964865010508,0.2568645380582429,0.2857142857142857,0.3,0.39620125093131503,True,1.3972225133438927,480,51,7.0,2651,51,2135,388,383,41,516,92,93,10,True,0.1946435307431158,241.0,0.2406445805471956,0.2316785636372734,False,0.180018009854433,0.4830019499157584,0.7072467226484334,0.39463202313479906,0.8990549828178694,0.39620125093131503,0.6037987490686849,0.29275327735156664,True,0.39620125093131503,0.29275327735156664
404,241,260,0.0988475870252231,0.0335565419691438,0.0925826039245535,0.5111302446368075,10.151250839233398,0.5825239291705013,0.0,0.29958386603503784,0.4106211474632527,0.2731209427812257,0.0,0.0,0.34821848870215283,True,1.1119894608452026,187,30,8.0,703,30,618,167,193,26,85,20,27,4,True,0.1209103840682788,37.0,0.3162276689346124,0.2312939306220754,False,0.0988475870252231,0.5111302446368075,0.7004161339649622,0.5846973961992983,0.6194158075601375,0.34821848870215283,0.6517815112978471,0.29958386603503784,True,0.34821848870215283,0.29958386603503784
165,123,124,0.141154003293284,0.0486016074246435,0.0756076784349934,0.3783134672847701,9.453367233276367,0.8753852916249615,0.0,0.32103008264168276,0.1131563926940639,0.81846293628186,0.25,0.0,0.3848359603424863,True,0.6901232461389545,645,57,7.0,3504,57,2969,538,601,47,535,107,106,10,True,0.1526826484018265,256.0,0.087704956300087,0.2310145661361687,False,0.141154003293284,0.3783134672847701,0.6789699173583172,0.6384226315122035,0.9420103092783505,0.3848359603424863,0.6151640396575138,0.32103008264168276,True,0.3848359603424863,0.32103008264168276
261,209,229,0.1616525363944992,0.0461837760579598,0.0774060907485586,0.3970569645093473,10.254982948303224,0.8283207314655844,0.0,0.39283852913538575,0.2477449129431508,0.614826423779063,0.0,0.0,0.3959618033785927,True,1.2040851850136032,563,46,6.0,2724,46,2246,446,521,36,478,117,97,10,True,0.1754772393538913,182.0,0.3501948559405731,0.2307513846692866,False,0.1616525363944992,0.3970569645093473,0.6071614708646142,0.6567234336926824,0.8947594501718212,0.3959618033785927,0.6040381966214072,0.39283852913538575,True,0.3959618033785927,0.39283852913538575
494,318,317,0.2250024186929811,0.0417605001172978,0.0681136739612139,0.4337833763405158,10.40444564819336,0.7422189712355697,0.0,0.38045184790342823,0.4589863052378936,0.0257633587786259,0.0,0.5,0.4092607225172675,True,0.5899983588744228,405,53,7.0,2361,53,1790,309,346,41,571,96,110,12,True,0.2418466751376535,231.0,0.3991365724747153,0.2305657619906563,False,0.2250024186929811,0.4337833763405158,0.6195481520965718,0.4263579763604697,0.8814432989690721,0.4092607225172675,0.5907392774827325,0.38045184790342823,True,0.4092607225172675,0.38045184790342823
534,361,341,0.170934058746356,0.0374164720600138,0.07079695643253,0.4731563283420075,9.40825080871582,0.6576598193223077,0.0,0.24353045182492106,0.2761379800853485,0.1682503770739065,0.25,0.6,0.37446763356404533,True,0.4920301440106474,257,31,7.0,1406,31,1138,209,222,25,268,48,54,6,True,0.1906116642958748,129.0,0.0729315361524558,0.230406312534578,False,0.170934058746356,0.4731563283420075,0.7564695481750789,0.3574376206882619,0.6632302405498283,0.37446763356404533,0.6255323664359547,0.24353045182492106,True,0.37446763356404533,0.24353045182492106
455,303,301,0.0679799614586809,0.015607452020049,0.2604698372085884,0.7318724415371982,10.419269561767578,0.2331339612200463,1.0,0.5457082132042964,0.2,0.1730967264055499,0.4,0.5,0.2609343383239674,True,0.752293892421816,36,19,10.0,61,19,53,30,31,15,8,6,6,4,True,0.1311475409836065,1.0,0.4039906783928428,0.2294925683647572,False,0.0679799614586809,0.7318724415371982,0.4542917867957036,0.32031484474111754,0.4106529209621993,0.2609343383239674,0.7390656616760326,0.5457082132042964,True,0.2609343383239674,0.5457082132042964
508,332,352,0.1600405146088789,0.0475679142400622,0.0815761875581813,0.3862160755953823,8.890876770019531,0.8552638242048431,0.0,0.2850879414016143,0.2237121831561734,0.5565311939560765,0.2,0.2,0.39243825835559853,True,1.119329782732733,433,52,7.0,2446,52,2019,356,484,40,427,77,120,12,True,0.1745707277187244,158.0,0.0,0.2293965720932299,False,0.1600405146088789,0.3862160755953823,0.7149120585983857,0.5586567379392287,0.8883161512027491,0.39243825835559853,0.6075617416444015,0.2850879414016143,True,0.39243825835559853,0.2850879414016143
376,232,233,0.2131594786099466,0.0507034345855339,0.0756894764776627,0.3627400954304429,9.970909118652344,0.9162986374527208,0.0,0.3911577408036315,0.186663047412233,0.554955408532517,0.2222222222222222,0.0,0.4149920617085262,True,1.1619791581108354,906,62,6.0,3684,62,2850,704,529,48,834,202,178,14,True,0.2263843648208469,312.0,0.2571745849581739,0.2291318915872234,False,0.2131594786099466,0.3627400954304429,0.6088422591963685,0.5741151475463011,0.9729381443298969,0.4149920617085262,0.5850079382914738,0.3911577408036315,True,0.4149920617085262,0.3911577408036315
529,353,332,0.0188086176814787,0.0204971681038538,0.1825073745598721,0.663687838972501,10.00937843322754,0.3283152629268515,0.0,0.19936222165144668,0.2429657794676805,0.1806676938734913,0.2,0.25,0.2138362151584898,False,1.119329782732733,165,22,7.0,526,22,510,157,106,21,16,8,2,1,True,0.0304182509505703,3.0,0.2697714020274888,0.2290569239333143,False,0.0188086176814787,0.663687838972501,0.8006377783485533,0.4051641283723228,0.5390893470790378,0.2138362151584898,0.7861637848415102,0.19936222165144668,False,0.2138362151584898,0.19936222165144668
188,166,146,0.1544158575771376,0.0331513614833561,0.0674909334993993,0.5152890726541872,9.291540145874023,0.5746368442349978,0.0,0.20311711748331884,0.1224489795918367,0.192123813987718,0.4285714285714285,0.0,0.3733337287051008,True,1.2918859947622392,279,32,7.0,1463,32,1210,231,234,27,253,48,44,5,True,0.1729323308270676,108.0,0.0347145082149589,0.2274986324367348,False,0.1544158575771376,0.5152890726541872,0.7968828825166812,0.35154255632320486,0.6855670103092784,0.3733337287051008,0.6266662712948992,0.20311711748331884,True,0.3733337287051008,0.20311711748331884
408,252,232,0.1606236890910085,0.0334139114012941,0.0692416774549028,0.5125903821899023,10.29330062866211,0.5797475382965857,0.0,0.3141631861748765,0.168972706595906,0.2355735431825138,0.125,0.3333333333333333,0.374878363254834,True,1.1940024538182468,281,32,7.0,1319,32,1081,221,204,26,238,60,36,6,True,0.180439727065959,100.0,0.3627420202280439,0.2270648966537283,False,0.1606236890910085,0.5125903821899023,0.6858368138251235,0.3948656317053933,0.686426116838488,0.374878363254834,0.625121636745166,0.3141631861748765,True,0.374878363254834,0.3141631861748765
469,306,326,0.1439746776247167,0.0340499275009192,0.0662701766658503,0.5061113624489442,9.732845306396484,0.592127979048412,0.0,0.2571161070249619,0.2282085561497326,0.2031716404005855,0.2,0.0,0.3768703499189539,True,0.4805973720292605,269,35,7.0,1496,35,1254,225,271,30,242,44,47,5,True,0.1617647058823529,126.0,0.1792203420264737,0.2268496887371055,False,0.1439746776247167,0.5061113624489442,0.7428838929750381,0.44059174804760376,0.7057560137457044,0.3768703499189539,0.6231296500810461,0.2571161070249619,True,0.3768703499189539,0.2571161070249619
177,127,126,0.1605612316197783,0.0434713208496637,0.0708369260972245,0.419191921667106,10.366205215454102,0.7755211387853208,0.0,0.3873786139286526,0.2231467000312793,0.5302993724380991,0.2,0.0,0.391340220782978,True,1.181694780615308,604,48,7.0,3197,48,2643,502,576,38,554,102,127,10,True,0.1732874569909289,223.0,0.3866147030006366,0.2265888150021157,False,0.1605612316197783,0.419191921667106,0.6126213860713474,0.5822806304619966,0.9102233676975945,0.391340220782978,0.6086597792170221,0.3873786139286526,True,0.391340220782978,0.3873786139286526
392,235,236,0.1584843727286946,0.0466314706431898,0.0766347751197295,0.3935176285105176,9.475580215454102,0.8370353792404144,0.0,0.3106713332193898,0.2973333333333333,0.4600100457057441,0.1666666666666666,0.0,0.39283750289605546,True,0.7237432083932548,583,40,7.0,2500,40,2068,484,378,32,432,99,83,8,True,0.1728,199.0,0.0949786204177547,0.2261162422266019,False,0.1584843727286946,0.3935176285105176,0.6893286667806102,0.5891652700159018,0.8608247422680413,0.39283750289605546,0.6071624971039445,0.3106713332193898,True,0.39283750289605546,0.3106713332193898
544,372,352,0.2222044249120579,0.0452098403469738,0.0686166879172138,0.404866940861614,9.406675338745115,0.8093624796649492,0.0,0.29392604217895424,0.223002421307506,0.2251123090745732,0.4,0.4,0.4032866368289911,True,0.8635553308620566,604,64,7.0,3304,64,2523,463,461,49,781,141,141,15,True,0.2363801452784503,317.0,0.0724156468719137,0.2257607210436199,False,0.2222044249120579,0.404866940861614,0.7060739578210458,0.3666529955075013,0.9441580756013745,0.4032866368289911,0.5967133631710089,0.29392604217895424,True,0.4032866368289911,0.29392604217895424
485,315,316,0.2251355344214688,0.0474492239399661,0.0753594079318458,0.3871339666502938,10.42600440979004,0.8529534452238364,0.0,0.4197164855355009,0.330077519379845,0.2826210092687951,0.0,0.25,0.4028100457549047,True,0.6423751221008027,453,27,7.0,2150,27,1628,351,288,19,522,102,97,8,True,0.2427906976744186,234.0,0.4061960113826663,0.2254926080749896,False,0.2251355344214688,0.3871339666502938,0.5802835144644991,0.5177408678902796,0.7285223367697594,0.4028100457549047,0.5971899542450954,0.4197164855355009,True,0.4028100457549047,0.4197164855355009
335,224,205,0.0604439225715255,0.0139225981353471,0.0910120505027464,0.7569546289278932,10.125773429870604,0.2003372541754703,1.0,0.5027407729717864,0.1765145848915482,0.0663566275426928,0.4285714285714285,0.4285714285714285,0.24278468513206983,False,0.6191565157353949,47,8,8.0,191,8,173,41,38,6,18,6,8,2,True,0.094240837696335,9.0,0.3078850647398891,0.2252770016532236,False,0.0604439225715255,0.7569546289278932,0.49725922702821357,0.26342318611164756,0.3277491408934708,0.24278468513206983,0.7572153148679301,0.5027407729717864,False,0.24278468513206983,0.5027407729717864
417,261,260,0.0946328923425636,0.0414664494003065,0.0885033013854223,0.4363419788116786,9.748730659484863,0.7364950949345008,0.0,0.3069723707840032,0.4221282593375616,0.4398130459490513,0.0,0.0,0.35047399531937035,True,0.524234110076884,528,38,7.0,1892,38,1688,468,334,32,204,60,36,6,True,0.1078224101479915,72.0,0.1844220174175089,0.22425264403079,False,0.0946328923425636,0.4363419788116786,0.6930276292159968,0.6564835509312525,0.8371993127147767,0.35047399531937035,0.6495260046806297,0.3069723707840032,True,0.35047399531937035,0.3069723707840032
219,203,224,0.0560075904890309,0.0318704930444558,0.1143439521016922,0.5286599550566734,10.01352310180664,0.5497039599447439,0.0,0.27361084600310015,0.2858166189111747,0.4178314215937453,0.1666666666666666,0.0,0.2947935538759726,True,0.6191565157353949,180,27,8.0,698,27,647,166,228,23,51,14,25,4,True,0.0730659025787965,18.0,0.2711285780645566,0.2240047421627964,False,0.0560075904890309,0.5286599550566734,0.7263891539968999,0.5678955466440007,0.593213058419244,0.2947935538759726,0.7052064461240274,0.27361084600310015,True,0.2947935538759726,0.27361084600310015
209,187,206,0.1519841545434787,0.0221480677636074,0.0772726076452875,0.6421320216255372,10.250844955444336,0.360451030302612,1.0,0.569763632059215,0.1562410739788632,0.1147899463345746,0.3333333333333333,0.4285714285714285,0.32129255346401037,True,1.141922868998979,110,24,7.0,389,24,316,88,89,19,73,22,21,5,True,0.1876606683804627,28.0,0.3488398658750329,0.2235600071304749,False,0.1519841545434787,0.6421320216255372,0.430236367940785,0.2896386609321005,0.5214776632302406,0.32129255346401037,0.6787074465359897,0.569763632059215,True,0.32129255346401037,0.569763632059215
523,347,367,0.1073768974428054,0.0330477534250045,0.0844765572783045,0.516357941712351,9.479883193969728,0.5726200502755523,0.0,0.22300256182791545,0.2342657342657342,0.238515943208128,0.3333333333333333,0.3333333333333333,0.32987488064982085,True,0.4416835907527695,142,17,7.0,715,17,622,122,125,15,93,20,15,2,True,0.13006993006993,48.0,0.0963876352081942,0.2228360530554222,False,0.1073768974428054,0.516357941712351,0.7769974381720846,0.39698097245496217,0.48582474226804123,0.32987488064982085,0.6701251193501792,0.22300256182791545,True,0.32987488064982085,0.22300256182791545
314,218,217,0.133090991390344,0.0308808994479477,0.0605247187799254,0.5392273545390536,10.794047355651855,0.5304409178658122,0.0,0.3523843248899481,0.2283673469387755,0.1995889474129011,0.0,0.2,0.37177434230372386,True,0.8816696613244259,487,54,7.0,2100,54,1790,414,292,46,310,73,46,8,True,0.1476190476190476,135.0,0.5267120568040321,0.2225617998640265,False,0.133090991390344,0.5392273545390536,0.6476156751100519,0.4388397571531714,0.9110824742268041,0.37177434230372386,0.6282256576962761,0.3523843248899481,True,0.37177434230372386,0.3523843248899481
126,54,53,0.0823344584495338,0.0300317856777263,0.0648803464513838,0.5484628599706801,10.021102905273438,0.5139124011663395,0.0,0.2625076645865999,0.2703255813953488,0.2346242904430525,0.4,0.5,0.3188829427108563,True,0.6145816993069612,349,51,7.0,2150,51,1948,319,428,47,202,30,40,4,True,0.093953488372093,95.0,0.2736105925934602,0.2217168620961976,False,0.0823344584495338,0.5484628599706801,0.7374923354134001,0.3726408656542655,0.8573883161512028,0.3188829427108563,0.6811170572891436,0.2625076645865999,True,0.3188829427108563,0.2625076645865999
5,4,5,0.1493984511626385,0.0332145487833666,0.0596200676019297,0.5146382894486171,9.908973693847656,0.5758668235146235,0.0,0.27092019640063225,0.2479409479409479,0.0946132596685082,0.4,0.75,0.35357058009473114,True,0.5708371775563242,462,51,7.0,2574,51,2154,390,379,43,420,72,75,8,True,0.1631701631701631,183.0,0.2368937656872735,0.2213142684205229,False,0.1493984511626385,0.5146382894486171,0.7290798035993677,0.26980135121420246,0.8934707903780069,0.35357058009473114,0.6464294199052689,0.27092019640063225,True,0.35357058009473114,0.27092019640063225
4,4,3,0.0621879422461456,0.0465517978720486,0.0832207483630941,0.3941451811654504,9.724143981933594,0.8354845002245697,0.0,0.33728519483516095,0.2508576016349171,0.8645322078634678,0.3333333333333333,0.0,0.30474692928255226,True,0.5708371775563242,895,42,7.0,4567,42,4251,837,740,37,316,58,67,5,True,0.0691920297788482,133.0,0.176371084280913,0.2209291927144157,False,0.0621879422461456,0.3941451811654504,0.662714805164839,0.6817226371169293,0.9059278350515464,0.30474692928255226,0.6952530707174478,0.33728519483516095,True,0.30474692928255226,0.33728519483516095
115,52,32,0.067629123763847,0.0310778672552921,0.0776686846978137,0.5371073244637788,10.048479080200195,0.534275016201188,0.0,0.27228332191606164,0.2178792569659442,0.3805961533447096,0.0,0.0,0.31814648085672514,True,0.5689117131441633,285,39,7.0,1615,39,1486,260,332,36,129,25,23,3,True,0.079876160990712,55.0,0.2825749495469966,0.2208030556841317,False,0.067629123763847,0.5371073244637788,0.7277166780839384,0.5470262380867364,0.7512886597938144,0.31814648085672514,0.6818535191432749,0.27228332191606164,True,0.31814648085672514,0.27228332191606164
167,124,123,0.208615755280928,0.053057295939423,0.0813850256055116,0.3460590274915023,10.523451805114746,0.9621179823514088,0.0,0.46674108156250327,0.2857142857142857,0.5105022831050228,0.0,0.25,0.39602352828706183,True,0.6901232461389545,579,43,7.0,2933,43,2278,451,424,33,655,128,120,10,True,0.2233208319127173,254.0,0.4381052623361013,0.2202115590855024,False,0.208615755280928,0.3460590274915023,0.5332589184374967,0.5902073778414223,0.8810137457044673,0.39602352828706183,0.6039764717129381,0.46674108156250327,True,0.39602352828706183,0.46674108156250327
540,367,387,0.1301924558269241,0.0427177129063888,0.0968512062850566,0.4255579029332353,9.886126518249512,0.7608517011762397,0.0,0.33008804515023726,0.2750677506775068,0.4478619308850853,0.0,0.0,0.35931133521282005,True,0.4438264341470948,158,24,7.0,738,24,624,130,132,19,114,28,27,5,True,0.1544715447154471,56.0,0.2294124342744723,0.2190285168519756,False,0.1301924558269241,0.4255579029332353,0.6699119548497627,0.6012194614126326,0.5532646048109966,0.35931133521282005,0.6406886647871799,0.33008804515023726,True,0.35931133521282005,0.33008804515023726
213,198,218,0.1942706806413606,0.0506573828644079,0.0758346308797962,0.3630743454490199,9.415091514587402,0.9154022126526952,0.0,0.3301912483525904,0.2062640506846515,0.4475789761572223,0.1666666666666666,0.0,0.4068470460130888,True,0.8816696613244259,622,68,7.0,3262,68,2584,498,488,55,678,124,127,13,True,0.2078479460453709,307.0,0.0751715324050761,0.2189957537401786,False,0.1942706806413606,0.3630743454490199,0.6698087516474096,0.547428583441888,0.9561855670103093,0.4068470460130888,0.5931529539869111,0.3301912483525904,True,0.4068470460130888,0.3301912483525904
57,13,12,0.110023174718859,0.0538117566371939,0.081380070469638,0.3408764674947493,9.609674453735352,0.9768040193461324,0.0,0.37189731251985636,0.1258130890747378,0.9523798289941938,0.0,0.0,0.3535282724254677,True,0.4343780295618495,865,46,7.0,5022,46,4426,757,921,40,596,108,111,6,True,0.1186778176025487,272.0,0.1388879182134367,0.2169017706908759,False,0.110023174718859,0.3408764674947493,0.6281026874801436,0.7342318836951075,0.9265463917525774,0.3535282724254677,0.6464717275745323,0.37189731251985636,True,0.3535282724254677,0.37189731251985636
229,205,207,0.0385964597529614,0.014073827676475,0.1180603810398273,0.7546686097831449,10.203025817871094,0.2032810293015455,1.0,0.5121541562806224,0.1920731707317073,0.0699445113337756,0.5,0.625,0.20413887589312066,False,1.3972225133438927,23,10,10.0,41,10,37,20,20,8,4,3,3,2,True,0.0975609756097561,5.0,0.3331814395403217,0.216825519414614,False,0.0385964597529614,0.7546686097831449,0.48784584371937756,0.23940837068035944,0.2813573883161512,0.20413887589312066,0.7958611241068794,0.5121541562806224,False,0.20413887589312066,0.5121541562806224
511,340,321,0.0025628586443303,0.0126566309481859,0.2331599494051901,0.7763649142857647,9.803339958190918,0.1756944318260896,1.0,0.4593327736345496,0.2,0.0827006859706192,0.2,0.0,0.18823380809512272,False,0.54501111574303,32,9,8.0,69,9,68,31,23,8,1,1,1,1,True,0.0144927536231884,1.0,0.2023038890775591,0.2162714089770685,False,0.0025628586443303,0.7763649142857647,0.5406672263654504,0.3566725510699956,0.311426116838488,0.18823380809512272,0.8117661919048773,0.4593327736345496,False,0.18823380809512272,0.4593327736345496
243,207,187,0.0746189437490814,0.0273262168199795,0.0948850139286217,0.5789585827219396,9.592784881591797,0.4612468554937265,0.0,0.1982014219140098,0.2195804195804195,0.1035675568561176,0.4,0.5,0.28520633810034457,True,1.3972225133438927,122,14,7.0,572,14,517,112,99,13,55,10,10,1,True,0.0961538461538461,23.0,0.1333574102483029,0.2160298077684671,False,0.0746189437490814,0.5789585827219396,0.8017985780859902,0.2981034946458154,0.447594501718213,0.28520633810034457,0.7147936618996554,0.1982014219140098,True,0.28520633810034457,0.1982014219140098
484,315,313,0.1750755777987683,0.0302347201785003,0.0958231397293256,0.5462413305363194,10.510690689086914,0.5178626448234036,1.0,0.6505964221478143,0.1732026143790849,0.2770846110230389,0.3333333333333333,0.5,0.3337508924719225,True,1.0310349539355537,86,44,10.0,153,44,117,66,69,34,36,20,20,10,True,0.2352941176470588,27.0,0.4339266216200395,0.2138717106058341,False,0.1750755777987683,0.5462413305363194,0.3494035778521857,0.3624000194200042,0.6679553264604812,0.3337508924719225,0.6662491075280774,0.6505964221478143,True,0.3337508924719225,0.6505964221478143
67,26,47,0.0214724589524071,0.0172996584326028,0.1325891790619187,0.7075173203869836,9.321378707885742,0.2660737896973971,1.0,0.4368529886926582,0.2495495495495495,0.1157962106977146,0.4,0.5,0.18974842105206516,False,0.658386063454484,63,12,8.0,222,12,213,58,54,10,9,5,4,2,True,0.0405405405405405,5.0,0.0444851763805775,0.2136934568525184,False,0.0214724589524071,0.7075173203869836,0.5631470113073418,0.3169701627409079,0.3831615120274914,0.18974842105206516,0.8102515789479349,0.4368529886926582,False,0.18974842105206516,0.4368529886926582
331,223,222,0.0514982022985323,0.0234868442307093,0.0802529875597511,0.6251667376319135,10.677278518676758,0.3865111296313332,0.0,0.29166236977247073,0.1993103448275862,0.1452546676238863,0.6666666666666666,0.3333333333333333,0.2543386138786137,True,0.9050989791035348,133,18,7.0,725,18,676,123,125,17,49,10,7,1,True,0.0675862068965517,28.0,0.4884759796860793,0.2134395664768871,False,0.0514982022985323,0.6251667376319135,0.7083376302275293,0.293498301720586,0.490979381443299,0.2543386138786137,0.7456613861213863,0.29166236977247073,True,0.2543386138786137,0.29166236977247073
522,347,346,0.1189655137850003,0.0450829847999927,0.0833938004618266,0.405895437359527,9.778666496276855,0.8068931591801904,0.0,0.3337058991637645,0.2975378787878788,0.4717753535486312,0.0,0.0,0.3556463811605453,True,0.4416835907527695,397,24,7.0,1760,24,1524,340,273,21,236,57,52,3,True,0.1340909090909091,118.0,0.1942245383111029,0.2129155700391328,False,0.1189655137850003,0.405895437359527,0.6662941008362355,0.6202069139958495,0.6834192439862543,0.3556463811605453,0.6443536188394547,0.3337058991637645,True,0.3556463811605453,0.3337058991637645
525,352,332,0.1886831839662383,0.0490957775129542,0.0743810206732202,0.3745928597099659,10.18007755279541,0.8850046133736736,0.0,0.40355720654887706,0.2772753623188406,0.3721973668928795,0.0,0.0,0.4006589460960668,True,1.119329782732733,777,75,7.0,3450,75,2754,595,507,60,696,182,116,15,True,0.2017391304347826,295.0,0.3256670062729578,0.2124426837657694,False,0.1886831839662383,0.3745928597099659,0.5964427934511229,0.569856442102623,0.9789518900343643,0.4006589460960668,0.5993410539039332,0.40355720654887706,True,0.4006589460960668,0.40355720654887706
576,390,392,0.0539689575608272,0.018607210367918,0.2859673782115851,0.6892548397374124,10.256814002990724,0.2915260844972429,1.0,0.5474401737332351,0.3333333333333333,0.054212095797223,0.3333333333333333,0.5,0.23929436439797133,False,0.7425888616027709,30,14,10.0,52,14,46,27,26,13,6,3,3,1,True,0.1153846153846153,1.0,0.3507944367024622,0.2123745604852867,False,0.0539689575608272,0.6892548397374124,0.45255982626676494,0.3362054186006113,0.35609965635738833,0.23929436439797133,0.7607056356020286,0.5474401737332351,False,0.23929436439797133,0.5474401737332351
174,126,146,0.1243767591726689,0.0387279922845652,0.0698099383493041,0.4609066063871644,10.14157485961914,0.683189359289067,0.0,0.33208287287835714,0.1919610483787423,0.3714006017793882,0.1428571428571428,0.0,0.3674784628081772,True,1.2918859947622392,621,59,7.0,2758,59,2381,529,455,50,377,92,66,9,True,0.136693255982596,154.0,0.3130592593460044,0.2111505633131942,False,0.1243767591726689,0.4609066063871644,0.6679171271216429,0.5114301185351194,0.9415807560137457,0.3674784628081772,0.6325215371918228,0.33208287287835714,True,0.3674784628081772,0.33208287287835714
227,205,204,0.027943931630439,0.0195398014504462,0.1061793427996675,0.6765181320411325,10.588597297668455,0.3096795379235462,1.0,0.5897055865179116,0.2815829528158295,0.2781344722606808,0.5,0.375,0.20115180672190905,False,0.7820937747631929,89,12,6.0,438,12,419,82,70,11,19,7,3,1,True,0.0433789954337899,10.0,0.4594372216301887,0.2111341961203752,False,0.027943931630439,0.6765181320411325,0.4102944134820884,0.3967625559484772,0.4097938144329897,0.20115180672190905,0.798848193278091,0.5897055865179116,False,0.20115180672190905,0.5897055865179116
128,55,53,0.1112769598406149,0.0189348211173306,0.1002535033073514,0.6847534569638531,11.117475509643556,0.297903227269503,1.0,0.6435073898311652,0.2514285714285714,0.0,0.4,1.0,0.2631040966036107,True,0.6145816993069612,57,28,10.0,105,28,87,47,51,24,18,10,10,4,True,0.1714285714285714,11.0,0.6326189422239924,0.2107289391851425,False,0.1112769598406149,0.6847534569638531,0.3564926101688348,0.1942016624910449,0.5133161512027491,0.2631040966036107,0.7368959033963893,0.6435073898311652,True,0.2631040966036107,0.6435073898311652
465,305,326,0.0928168049351604,0.0200467459271075,0.07345349371605,0.66969364425837,9.833159446716309,0.3195475209218869,1.0,0.5105386108440427,0.127114967462039,0.1096165836639758,0.2,0.2,0.28867555365670616,True,0.4571170268146547,116,20,8.0,461,20,406,103,116,17,55,13,20,3,True,0.1193058568329718,27.0,0.2120683116102414,0.2106541092797723,False,0.0928168049351604,0.66969364425837,0.48946138915595727,0.3077216606779671,0.49398625429553267,0.28867555365670616,0.7113244463432938,0.5105386108440427,True,0.28867555365670616,0.5105386108440427
367,231,232,0.1151849177089227,0.0400409939404773,0.1036643681461015,0.4489607197995108,9.545709609985352,0.7087477362195447,0.0,0.2755634332725513,0.1578787878787878,0.4122031241571859,0.375,0.2222222222222222,0.33499439948502685,True,1.1411627055128797,155,24,7.0,825,24,712,133,150,20,113,22,29,4,True,0.1369696969696969,38.0,0.1179425635981091,0.2102140308997646,False,0.1151849177089227,0.4489607197995108,0.7244365667274487,0.4471292424224593,0.5506872852233677,0.33499439948502685,0.6650056005149731,0.2755634332725513,True,0.33499439948502685,0.2755634332725513
389,235,215,0.2305171405185454,0.0518150586907107,0.0765631886568148,0.3547644702381889,10.345925331115724,0.9379370777069164,0.0,0.43930370382932793,0.2300830946903901,0.3210922653885104,0.0,0.1666666666666666,0.40344035431881836,True,0.7237432083932548,744,48,7.0,3043,48,2296,576,464,38,747,168,155,10,True,0.2454814327965823,325.0,0.3799740337810675,0.2098233629038321,False,0.2305171405185454,0.3547644702381889,0.5606962961706721,0.5026152007611416,0.9329896907216495,0.40344035431881836,0.5965596456811817,0.43930370382932793,True,0.40344035431881836,0.43930370382932793
554,383,384,0.1646787135333178,0.0610248653024468,0.0932322356007254,0.2950833836772978,9.704427719116213,1.0,0.0,0.3899716578382042,0.3558669001751313,0.5695502645502646,0.0,0.0,0.37319643668113095,True,0.4182303580580847,525,32,7.0,2855,32,2346,425,475,27,509,100,89,5,True,0.1782837127845884,226.0,0.1699149735146129,0.2079410512052356,False,0.1646787135333178,0.2950833836772978,0.6100283421617958,0.6802268609535336,0.7826460481099656,0.37319643668113095,0.6268035633188691,0.3899716578382042,True,0.37319643668113095,0.3899716578382042
351,229,209,0.1482010231189745,0.0457519088737532,0.0855442225334424,0.4005013356691899,10.66950798034668,0.8199141736915282,0.0,0.4352818941731136,0.2581709375479515,0.4591358009126563,0.0,0.0,0.37268266782595955,True,1.2040851850136032,465,44,6.0,1862,44,1556,392,345,35,306,73,89,9,True,0.1643394199785177,111.0,0.4859315088278123,0.2076332943770962,False,0.1482010231189745,0.4005013356691899,0.5647181058268864,0.5988767562949023,0.8655498281786942,0.37268266782595955,0.6273173321740404,0.4352818941731136,True,0.37268266782595955,0.4352818941731136
204,186,206,0.0832987395715834,0.0289474852010607,0.0761077776404414,0.5604867344944819,10.074411392211914,0.4928058319828724,0.0,0.261290781356708,0.157166622887663,0.1593848612829589,0.2222222222222222,0.1666666666666666,0.31346512699589457,True,1.2843709165327069,272,37,7.0,1269,37,1144,238,226,31,125,34,27,6,True,0.0985027580772261,50.0,0.2910665120872517,0.2069915864583693,False,0.0832987395715834,0.5604867344944819,0.738709218643292,0.35707128608514643,0.7250859106529209,0.31346512699589457,0.6865348730041054,0.261290781356708,True,0.31346512699589457,0.261290781356708
416,261,241,0.1193742081891821,0.0493593864383236,0.0843357857570037,0.3726231362154308,9.97120761871338,0.8901359216599143,0.0,0.38246941692451397,0.2194216351303106,0.6038986163034028,0.2,0.0,0.35306980015590356,True,1.1119894608452026,699,44,7.0,2801,44,2433,608,441,40,368,91,67,4,True,0.1313816494109246,155.0,0.2572723291136277,0.203621707591222,False,0.1193742081891821,0.3726231362154308,0.617530583075486,0.6086822760235188,0.9020618556701031,0.35306980015590356,0.6469301998440964,0.38246941692451397,True,0.35306980015590356,0.38246941692451397
170,126,106,0.0872929172521086,0.0328500638958454,0.0747157229638493,0.518403554176665,9.599164009094238,0.5687719031854808,0.0,0.23473938845644815,0.2289881680946552,0.1346658801268223,0.3333333333333333,0.3333333333333333,0.313513321807941,True,0.8607825119832312,316,34,7.0,1634,34,1469,285,273,30,165,31,33,4,True,0.1009791921664626,72.0,0.1354462621838636,0.2033296991303458,False,0.0872929172521086,0.518403554176665,0.7652606115435518,0.3481637776590578,0.722938144329897,0.313513321807941,0.686486678192059,0.23473938845644815,True,0.313513321807941,0.23473938845644815
479,313,312,0.2198686806036232,0.0715940815721632,0.0930759228099577,0.2388590544264533,9.718368530273438,1.0,0.0,0.3914933022092626,0.2617978445460483,0.5636303691937993,0.0,0.0,0.39435348178462193,True,1.0310349539355537,1172,62,7.0,6124,62,4714,910,976,49,1410,262,307,13,True,0.2302416721097322,596.0,0.1744799066277877,0.2029986797224438,False,0.2198686806036232,0.2388590544264533,0.6085066977907374,0.6424282892820986,0.9815292096219932,0.39435348178462193,0.6056465182153781,0.3914933022092626,True,0.39435348178462193,0.3914933022092626
313,218,216,0.0287480892712917,0.0140899862162768,0.1304172090066122,0.7544247623320871,12.376049041748049,0.2035955651203252,1.0,0.7345318550401084,0.3657407407407407,0.0204169221336603,0.3333333333333333,0.8,0.17372306435939644,False,0.8816696613244259,23,13,10.0,36,13,33,21,21,12,3,2,2,1,True,0.0833333333333333,4.0,1.0,0.202989245191572,False,0.0287480892712917,0.7544247623320871,0.26546814495989157,0.2892533381359442,0.31400343642611683,0.17372306435939644,0.8262769356406036,0.7345318550401084,False,0.17372306435939644,0.7345318550401084
526,352,353,0.1437831176443391,0.0568622872330403,0.0823598456265629,0.3207010992403301,9.800491333007812,1.0,0.0,0.4004570345995053,0.3538850198006281,0.5109821959906573,0.0,0.0,0.36812522413831583,True,0.6701754396575299,1113,53,7.0,4882,53,4132,916,712,41,750,197,125,12,True,0.1536255632937321,336.0,0.201371103798516,0.2001645949490126,False,0.1437831176443391,0.3207010992403301,0.5995429654004947,0.6575968429787682,0.9617697594501718,0.36812522413831583,0.6318747758616842,0.4004570345995053,True,0.36812522413831583,0.4004570345995053
516,341,340,0.1578040669667531,0.053001184657796,0.0879184822414757,0.3464476017957669,10.202884674072266,0.9610257420793432,0.0,0.4313869879786454,0.2253747323340471,0.532966917477246,0.0,0.0,0.3688372754642717,True,0.4920301440106474,564,34,7.0,2335,34,1932,469,376,29,403,95,70,5,True,0.1725910064239828,167.0,0.3331352218565927,0.1997513735086961,False,0.1578040669667531,0.3464476017957669,0.5686130120213546,0.6157684832026129,0.8058419243986255,0.3688372754642717,0.6311627245357283,0.4313869879786454,True,0.3688372754642717,0.4313869879786454
518,346,326,0.0681700587291389,0.0301624236938854,0.110395406265626,0.5470317283874558,9.140050888061523,0.5164553497174015,1.0,0.5054851165724671,0.2411657559198542,0.3390557610666306,0.0,0.0,0.28153825124692217,True,0.389921676410541,108,17,7.0,549,17,500,101,131,16,49,7,10,1,True,0.0892531876138433,18.0,0.0,0.198851182049294,False,0.0681700587291389,0.5470317283874558,0.4945148834275329,0.5386193075756219,0.4652061855670103,0.28153825124692217,0.7184617487530778,0.5054851165724671,True,0.28153825124692217,0.5054851165724671
23,7,26,0.0198519174050503,0.0148284968713091,0.0943864097962981,0.7433636365066204,10.417173385620115,0.2179711248185931,1.0,0.5404251360505773,0.1526041666666666,0.0638014579831068,0.375,0.2857142857142857,0.17608326705739805,False,0.6157022221184753,79,14,8.0,240,14,231,74,51,12,9,5,5,2,True,0.0375,9.0,0.4033042833331385,0.1985479067739258,False,0.0198519174050503,0.7433636365066204,0.4595748639494227,0.26917882605459426,0.42353951890034364,0.17608326705739805,0.8239167329426019,0.5404251360505773,False,0.17608326705739805,0.5404251360505773
414,260,261,0.0914888455483395,0.0492316296052498,0.0936172771883377,0.3735764566650407,10.096620559692385,0.8876490570924238,0.0,0.39532932805691856,0.2931194793119479,0.5956388958224944,0.0,0.0,0.32562819815020133,True,0.524234110076884,455,33,7.0,2151,33,1928,410,439,28,223,45,46,5,True,0.103672710367271,96.0,0.2983389270783322,0.1980113799266004,False,0.0914888455483395,0.3735764566650407,0.6046706719430814,0.6666177222120795,0.7719072164948453,0.32562819815020133,0.6743718018497986,0.39532932805691856,True,0.32562819815020133,0.39532932805691856
180,146,126,0.0602369225708214,0.0407458325085992,0.0940936091794962,0.442676222810753,9.743380546569824,0.7224678482377462,0.0,0.3017126552055367,0.2272626931567329,0.4838431373470184,0.0,0.1666666666666666,0.297907343579717,True,1.2918859947622392,362,41,7.0,1812,41,1683,338,374,38,129,24,37,3,True,0.0711920529801324,55.0,0.1826701173788641,0.1978369534013759,False,0.0602369225708214,0.442676222810753,0.6982873447944633,0.5708971060073371,0.8088487972508591,0.297907343579717,0.702092656420283,0.3017126552055367,True,0.297907343579717,0.3017126552055367
413,260,241,0.039986183392998,0.0336829597452798,0.1334505582150263,0.5098395580048558,9.72928237915039,0.5849847281791306,0.0,0.25434612865769823,0.2612813370473538,0.2766353827400339,0.2,0.0,0.257422657522586,True,1.1119894608452026,186,24,8.0,718,24,679,180,183,23,39,6,9,1,True,0.0543175487465181,13.0,0.1780536577939644,0.1973033998716249,False,0.039986183392998,0.5098395580048558,0.7456538713423018,0.49199849990048194,0.5713058419243986,0.257422657522586,0.742577342477414,0.25434612865769823,True,0.257422657522586,0.25434612865769823
467,306,305,0.0969957883915027,0.041684488488716,0.0853464926443196,0.4344433294722842,10.472949981689451,0.7407393585895041,0.0,0.38743591543946576,0.3244471010161386,0.3415725946979269,0.2,0.0,0.33041446191406465,True,0.4805973720292605,333,42,7.0,1673,42,1487,287,287,37,186,46,31,5,True,0.1111775254034668,84.0,0.421568387728893,0.1969896922257463,False,0.0969957883915027,0.4344433294722842,0.6125640845605342,0.5474567225556094,0.8006872852233677,0.33041446191406465,0.6695855380859354,0.38743591543946576,True,0.33041446191406465,0.38743591543946576
579,392,393,0.1424503759023652,0.0635246136409354,0.0930996294798933,0.2806934100260801,10.357297897338867,1.0,0.0,0.4612326641397877,0.5178909703220375,0.5008436155590282,0.0,0.0,0.35129758323212396,True,0.42516877339884,1009,35,7.0,4751,35,4027,843,700,29,724,166,114,6,True,0.1523889707430014,279.0,0.3836979924193633,0.1969383655428979,False,0.1424503759023652,0.2806934100260801,0.5387673358602123,0.7136997218302196,0.8500859106529209,0.35129758323212396,0.6487024167678761,0.4612326641397877,True,0.35129758323212396,0.4612326641397877
129,55,54,0.0959363429627443,0.0299181940172275,0.0645191535018437,0.5497102925532609,10.470571517944336,0.5117012703104755,0.0,0.31083027587073553,0.2456720977596741,0.0,0.25,1.0,0.29505086215731513,True,0.5797911426204267,388,48,7.0,1964,48,1750,346,307,43,214,42,33,5,True,0.1089613034623217,96.0,0.4207895573017308,0.1967718071399698,False,0.0959363429627443,0.5497102925532609,0.6891697241292645,0.21462413268302075,0.8565292096219932,0.29505086215731513,0.7049491378426849,0.31083027587073553,True,0.29505086215731513,0.31083027587073553
186,158,178,0.1003000327380498,0.0385819833133031,0.0796219509579919,0.462254503468914,9.340139389038086,0.680347205735074,0.0,0.24365852889061357,0.372139303482587,0.0508221225710014,0.3333333333333333,0.0,0.3354971897731239,True,0.5668323279398094,344,46,7.0,2010,46,1782,305,367,41,228,39,50,5,True,0.1134328358208955,88.0,0.0506283809367668,0.1967266538521916,False,0.1003000327380498,0.462254503468914,0.7563414711093864,0.4198022481149053,0.8311855670103092,0.3354971897731239,0.6645028102268761,0.24365852889061357,True,0.3354971897731239,0.24365852889061357
117,52,53,0.1240037876429364,0.0451990177300536,0.085864499349607,0.4049545847427252,10.258419036865234,0.8091518108349636,0.0,0.3868239391830064,0.2151708164447018,0.4187372086371786,0.0,0.0,0.3511531004048769,True,0.6145816993069612,391,35,7.0,1727,35,1486,328,297,29,241,63,44,6,True,0.1395483497394325,105.0,0.3513200067140557,0.1957962990698796,False,0.1240037876429364,0.4049545847427252,0.6131760608169936,0.5629866894882508,0.7650343642611683,0.3511531004048769,0.6488468995951231,0.3868239391830064,True,0.3511531004048769,0.3868239391830064
242,207,186,0.0110446266306315,0.018311458453536,0.1369245258576834,0.6933438900267199,9.080972671508787,0.2857690933528302,1.0,0.4285896977842767,0.236,0.0246596960633721,0.4,0.6,0.176250933442427,False,1.3972225133438927,55,10,8.0,250,10,244,52,55,9,6,3,3,1,True,0.024,5.0,0.0,0.1956280174881781,False,0.0110446266306315,0.6933438900267199,0.5714103022157233,0.25527421337816913,0.3535223367697594,0.176250933442427,0.823749066557573,0.4285896977842767,False,0.176250933442427,0.4285896977842767
173,126,127,0.1389065773031459,0.0497748357166225,0.0896929820589584,0.369539843212592,10.085052490234377,0.8982228948959717,0.0,0.3975912818661368,0.2735368956743003,0.4153296300188824,0.0,0.0,0.3601255956308236,True,1.181694780615308,491,35,7.0,1965,35,1662,403,358,29,303,88,59,6,True,0.1541984732824427,120.0,0.2945509507024387,0.1955521082677405,False,0.1389065773031459,0.369539843212592,0.6024087181338632,0.5868843692300821,0.8019759450171822,0.3601255956308236,0.6398744043691764,0.3975912818661368,True,0.3601255956308236,0.3975912818661368
475,312,313,0.232764188030171,0.06746639152894,0.0856252498211148,0.2594145725988608,10.228436470031738,1.0,0.0,0.44716739467325595,0.1998273629693569,0.4872220786903602,0.0,0.2,0.38934788302728757,True,1.0310349539355537,1469,79,7.0,6951,79,5264,1094,959,62,1687,375,302,17,True,0.24269889224572,786.0,0.3415021840197677,0.1949182516903728,False,0.232764188030171,0.2594145725988608,0.552832605326744,0.5560325968384162,0.9982817869415808,0.38934788302728757,0.6106521169727124,0.44716739467325595,True,0.38934788302728757,0.44716739467325595
431,281,261,0.1048204964167607,0.0386161508099378,0.0787717997372893,0.46193872978933,9.81235122680664,0.6810122968671604,0.0,0.295422311741832,0.2958950969213227,0.1421282810391148,0.25,0.4,0.3260755864988297,True,0.934839852702454,324,37,7.0,1754,37,1545,290,284,32,209,34,50,5,True,0.1191562143671607,92.0,0.2052546383583355,0.1947699241253638,False,0.1048204964167607,0.46193872978933,0.704577688258168,0.38449042908978587,0.7534364261168385,0.3260755864988297,0.6739244135011704,0.295422311741832,True,0.3260755864988297,0.295422311741832
519,346,347,0.1372231541857819,0.0537005745720538,0.0918160521199507,0.3416352978576176,10.01503086090088,0.9746397927315162,0.0,0.4154206960265636,0.3644714307955783,0.4197378941086034,0.0,0.0,0.34872030287951405,True,0.4416835907527695,403,20,7.0,2141,20,1816,347,337,16,325,56,71,4,True,0.1517982251284446,142.0,0.2716222953481747,0.1942587139193598,False,0.1372231541857819,0.3416352978576176,0.5845793039734364,0.6261826111064495,0.6580756013745704,0.34872030287951405,0.651279697120486,0.4154206960265636,True,0.34872030287951405,0.4154206960265636
512,340,341,0.1410875098038953,0.052869097160913,0.0897892834923415,0.3473640396931198,10.142684936523438,0.9584545785031668,0.0,0.4239591112286888,0.2307439824945295,0.5239486281028037,0.25,0.0,0.3480133686335559,True,0.4920301440106474,409,25,7.0,2285,25,1930,350,446,21,355,59,76,4,True,0.1553610503282275,149.0,0.3134227551828997,0.1937175657663585,False,0.1410875098038953,0.3473640396931198,0.5760408887713112,0.5746111877925223,0.7018900343642611,0.3480133686335559,0.6519866313664441,0.4239591112286888,True,0.3480133686335559,0.4239591112286888
247,207,209,0.0234589701728401,0.0183276440172145,0.1715241161877919,0.6931194831165397,10.550470352172852,0.2860841552078292,1.0,0.5776788896266368,0.25,0.0707548302517961,0.4285714285714285,0.5,0.1784693997965744,False,1.3972225133438927,27,14,10.0,44,14,41,24,24,11,3,3,3,3,True,0.0681818181818181,3.0,0.4469525136720813,0.1916270270666138,False,0.0234589701728401,0.6931194831165397,0.4223211103733632,0.2931151179807585,0.3449312714776632,0.1784693997965744,0.8215306002034256,0.5776788896266368,False,0.1784693997965744,0.5776788896266368
181,146,127,0.0636521583615736,0.0379140532597722,0.0968026945371342,0.4684710064198842,9.29128646850586,0.6673455404329246,0.0,0.23399232724327668,0.287292817679558,0.1822155892813978,0.25,0.5,0.280643511619272,True,1.2918859947622392,230,26,8.0,905,26,833,212,253,22,72,18,30,4,True,0.0795580110497237,42.0,0.0346314412969056,0.1895537732423626,False,0.0636521583615736,0.4684710064198842,0.7660076727567233,0.38304226552078907,0.6219931271477663,0.280643511619272,0.719356488380728,0.23399232724327668,True,0.280643511619272,0.23399232724327668
162,122,124,0.0304653903043101,0.013963608071208,0.1777357008806251,0.7563340302541645,11.86458969116211,0.2011355375545554,1.0,0.6927992651950247,0.0808823529411764,0.1149752945648042,0.75,0.6666666666666666,0.16484215619605305,False,0.6901232461389545,24,15,10.0,34,15,31,21,21,12,3,3,3,3,True,0.088235294117647,2.0,0.8772622580305186,0.1893922034290689,False,0.0304653903043101,0.7563340302541645,0.30720073480497534,0.16900465554126662,0.3397766323024055,0.16484215619605305,0.835157843803947,0.6927992651950247,False,0.16484215619605305,0.6927992651950247
199,178,198,0.1386794110122168,0.0573463796210935,0.0875807238055998,0.3176111025967387,9.796096801757812,1.0,0.0,0.399977369989994,0.2976284933439125,0.486556521167016,0.0,0.3333333333333333,0.3535419679629735,True,0.6242252993529385,724,66,7.0,3781,66,3215,606,600,57,566,118,107,9,True,0.1496958476593493,241.0,0.199932109969982,0.1891758596360018,False,0.1386794110122168,0.3176111025967387,0.600022630010006,0.5716150418299192,0.9639175257731958,0.3535419679629735,0.6464580320370266,0.399977369989994,True,0.3535419679629735,0.399977369989994
2,3,4,0.0793645302642725,0.0555484915544808,0.0878912548717748,0.3292394994858068,9.67475414276123,1.0,0.0,0.3867327766912979,0.2599706491712707,0.6941043896375624,0.0,0.0,0.31465352438538735,True,0.5708371775563242,1015,65,7.0,5792,65,5292,927,989,58,500,88,87,7,True,0.0863259668508287,204.0,0.1601983300738937,0.1872518881632045,False,0.0793645302642725,0.3292394994858068,0.6132672233087021,0.6906790277722471,0.9785223367697594,0.31465352438538735,0.6853464756146126,0.3867327766912979,True,0.31465352438538735,0.3867327766912979
530,353,352,0.1408367448199522,0.0619520605950552,0.0920913704732054,0.2896618091375222,9.911795616149902,1.0,0.0,0.412605935693402,0.1712230215827338,0.681321141068643,0.4,0.0,0.3472825102293248,True,0.6701754396575299,742,47,7.0,4031,47,3420,629,805,36,611,113,151,11,True,0.1515752914909451,262.0,0.2378178070802058,0.187227063365035,False,0.1408367448199522,0.2896618091375222,0.587394064306598,0.5839671780678695,0.9252577319587629,0.3472825102293248,0.6527174897706751,0.412605935693402,True,0.3472825102293248,0.412605935693402
89,32,12,0.0208627813863114,0.0358918175916187,0.1671749117336114,0.4878065567433479,9.873409271240234,0.6279814914873658,0.0,0.2844098833338433,0.2044460641399416,0.4046196969290088,0.0,0.1428571428571428,0.21936676542452588,False,0.5472985106568845,327,47,6.0,1372,47,1333,320,296,46,39,7,13,1,True,0.0284256559766763,8.0,0.225248158514164,0.1871526673510397,False,0.0208627813863114,0.4878065567433479,0.7155901166661567,0.5317711273892838,0.8247422680412371,0.21936676542452588,0.7806332345754741,0.2844098833338433,False,0.21936676542452588,0.2844098833338433
497,321,340,0.0197218324711774,0.0263255292549729,0.168545185551776,0.5906624442336156,9.99302101135254,0.441767862561067,1.0,0.5687276699274487,0.2111764705882353,0.3636615536507927,0.25,0.0,0.19061217656895957,False,0.54501111574303,113,19,8.0,425,19,411,109,122,18,14,4,5,1,True,0.0329411764705882,5.0,0.264415147221279,0.1856985016897135,False,0.0197218324711774,0.5906624442336156,0.4312723300725513,0.5014894172408574,0.48496563573883167,0.19061217656895957,0.8093878234310404,0.5687276699274487,False,0.19061217656895957,0.5687276699274487
103,46,26,0.0969101696936436,0.0385999100851929,0.0910024500616733,0.4620887985554557,9.851434707641602,0.6806961612684089,0.0,0.2995829086922033,0.1986725663716814,0.1798566920385915,0.125,0.2,0.31210441062445793,True,1.1664980998843535,205,23,7.0,1130,23,1001,185,190,21,129,20,37,2,True,0.1141592920353982,54.0,0.2180525648082006,0.1852853424159011,False,0.0969101696936436,0.4620887985554557,0.7004170913077967,0.3981320471392648,0.5803264604810996,0.31210441062445793,0.6878955893755421,0.2995829086922033,True,0.31210441062445793,0.2995829086922033
371,232,212,0.1690790291453041,0.0547570395513099,0.0854701371459502,0.3344925100895265,10.11160945892334,0.995204527004392,0.0,0.4328171949085837,0.231937984496124,0.3630550142923784,0.2857142857142857,0.0,0.36461098321660707,True,1.0962254186468878,743,49,7.0,3225,49,2638,595,543,38,587,148,148,11,True,0.182015503875969,223.0,0.3032470577213591,0.1841969450729714,False,0.1690790291453041,0.3344925100895265,0.5671828050914163,0.5049722759526376,0.9359965635738832,0.36461098321660707,0.6353890167833929,0.4328171949085837,True,0.36461098321660707,0.4328171949085837
400,238,218,0.0464127503434668,0.0463504032128387,0.1092541584412193,0.3957359574419933,9.73798942565918,0.8315642305214092,0.0,0.3374896732502717,0.1391347099311701,0.6549103431896449,0.5,0.0,0.2618356009267868,True,0.8816696613244259,446,29,7.0,2034,29,1921,422,354,26,113,24,21,3,True,0.0555555555555555,45.0,0.1809047892294061,0.182941425357039,False,0.0464127503434668,0.3957359574419933,0.6625103267497283,0.545680213055509,0.7401202749140894,0.2618356009267868,0.7381643990732132,0.3374896732502717,True,0.2618356009267868,0.3374896732502717
448,300,301,0.1102803280730871,0.0630223550010623,0.0979903547280913,0.2835272331252682,10.375470161437988,1.0,0.0,0.46321617306648877,0.1721883656509695,0.8266797720080432,0.2,0.0,0.3244341746794534,True,0.752293892421816,608,52,7.0,3610,52,3175,537,711,45,435,71,114,7,True,0.1204986149584487,198.0,0.3896485191994663,0.1827354976260677,False,0.1102803280730871,0.2835272331252682,0.5367838269335112,0.670440647594219,0.9252577319587629,0.3244341746794534,0.6755658253205465,0.46321617306648877,True,0.3244341746794534,0.46321617306648877
481,313,332,0.0884215861375203,0.032338852654337,0.0902840589147767,0.5237310168467039,9.217251777648926,0.5588208650106714,1.0,0.523069856594502,0.3149779735682819,0.086975663694342,0.6,0.2,0.27618959378449515,True,1.119329782732733,120,20,8.0,454,20,402,100,96,16,52,20,15,4,True,0.1145374449339207,37.0,0.0103887047728345,0.1803763175758315,False,0.0884215861375203,0.5237310168467039,0.476930143405498,0.3472550808538115,0.4965635738831615,0.27618959378449515,0.7238104062155049,0.523069856594502,True,0.27618959378449515,0.523069856594502
557,386,367,0.0627850946391288,0.0220190106137167,0.0854856239491489,0.6437915970762219,10.160256385803224,0.3579388542763094,1.0,0.5590384662672724,0.091324200913242,0.0830249837191403,0.1666666666666666,0.5,0.23706725775073584,False,0.4287786546538285,90,20,8.0,365,20,333,82,97,17,32,8,16,3,True,0.0876712328767123,21.0,0.3191765445255078,0.1797825888150291,False,0.0627850946391288,0.6437915970762219,0.4409615337327276,0.2410734221714637,0.4836769759450172,0.23706725775073584,0.7629327422492642,0.5590384662672724,False,0.23706725775073584,0.5590384662672724
121,53,52,0.1031633337982078,0.0437212080327332,0.0829756582308146,0.41710213435812,10.16945457458496,0.7803853450003155,0.0,0.36752461533645864,0.206830738322451,0.2751691422828944,0.2,0.2,0.3212856372679326,True,0.6145816993069612,412,37,7.0,1991,37,1759,370,328,33,232,42,49,4,True,0.1165243596182822,109.0,0.3221885010090603,0.1778435003536078,False,0.1031633337982078,0.41710213435812,0.6324753846635414,0.43908991361922467,0.79553264604811,0.3212856372679326,0.6787143627320674,0.36752461533645864,True,0.3212856372679326,0.36752461533645864
501,326,306,0.0505866732438133,0.0444331199396401,0.1368166340425691,0.4112054139147331,9.825165748596191,0.7942431438660623,0.0,0.3345646369042271,0.3828775267538644,0.2767775951864878,0.0,0.2,0.26224991665315267,True,0.4805973720292605,165,21,7.0,841,21,786,155,142,20,55,10,10,1,True,0.065398335315101,20.0,0.2094507668466191,0.1761053419755577,False,0.0505866732438133,0.4112054139147331,0.6654353630957729,0.544834658289245,0.5347938144329897,0.26224991665315267,0.7377500833468473,0.3345646369042271,True,0.26224991665315267,0.3345646369042271
490,317,315,0.0873937756418257,0.0251878261566162,0.164300408594911,0.6042564874236891,12.41168975830078,0.4196217788209252,1.0,0.8065405929403084,0.196629213483146,0.1612311167584356,0.5,0.6666666666666666,0.22567586786388147,False,0.6423751221008027,55,27,10.0,89,27,76,47,45,23,13,8,8,4,True,0.146067415730337,5.0,1.0,0.1713664302139643,False,0.0873937756418257,0.6042564874236891,0.19345940705969156,0.2730462148922709,0.5038659793814433,0.22567586786388147,0.7743241321361185,0.8065405929403084,False,0.22567586786388147,0.8065405929403084
15,6,7,0.1064733159929475,0.060245612673268,0.0885445327527786,0.2997182976014286,10.005651473999023,1.0,0.0,0.42285033511724235,0.1772663196703534,0.611052767558148,0.1666666666666666,0.0,0.3239690024386392,True,0.5426091782944411,1131,59,7.0,6148,59,5446,1017,1015,52,702,114,134,7,True,0.1141834743005855,289.0,0.2685510053517269,0.1690516908887335,False,0.1064733159929475,0.2997182976014286,0.5771496648827577,0.6010931000932632,0.9759450171821307,0.3239690024386392,0.6760309975613608,0.42285033511724235,True,0.3239690024386392,0.42285033511724235
200,178,218,0.0148647094507734,0.0201846100389957,0.2170871213558985,0.6678496532384172,9.94049072265625,0.3222311298274493,1.0,0.5231483931262466,0.0833333333333333,0.0555555555555555,0.6666666666666666,0.6666666666666666,0.14365690828683242,False,0.8816696613244259,9,7,10.0,12,7,11,8,8,6,1,1,1,1,True,0.0833333333333333,2.0,0.2472140495512904,0.1678748293280987,False,0.0148647094507734,0.6678496532384172,0.4768516068737534,0.1521451548625461,0.19931271477663232,0.14365690828683242,0.8563430917131676,0.5231483931262466,False,0.14365690828683242,0.5231483931262466
432,281,300,0.0268506944908015,0.0347835348386849,0.1324800135865659,0.4987398325883136,9.180910110473633,0.6064080926896677,1.0,0.5354693642298892,0.3773195876288659,0.2189244057012561,0.0,0.2,0.20617596656874762,False,0.934839852702454,110,21,7.0,485,21,465,102,141,19,20,8,5,2,True,0.0412371134020618,14.0,0.0,0.1664396904828379,False,0.0268506944908015,0.4987398325883136,0.4645306357701108,0.5179862903577226,0.49785223367697595,0.20617596656874762,0.7938240334312524,0.5354693642298892,False,0.20617596656874762,0.5354693642298892
111,47,46,0.134486039936493,0.0696755277100377,0.0978164193939542,0.2482024452811448,9.652606964111328,1.0,0.0,0.3843154044632855,0.1475578255254197,0.6051794381510711,0.3333333333333333,0.0,0.3334689143760481,True,1.1664980998843535,1122,50,7.0,5678,50,4864,952,918,41,814,170,156,9,True,0.1433603381472349,338.0,0.1529462133898563,0.1650973354802612,False,0.134486039936493,0.2482024452811448,0.6156845955367145,0.5600361832345042,0.95446735395189,0.3334689143760481,0.6665310856239519,0.3843154044632855,True,0.3334689143760481,0.3843154044632855
39,10,9,0.1259041276754398,0.0722917139348221,0.0964461473993359,0.2355494806457155,10.091385841369627,1.0,0.0,0.43220827103965065,0.1759576524336672,0.6955482086792196,0.1666666666666666,0.0,0.3275663885449024,True,0.8979178206761399,1341,80,7.0,7588,80,6576,1168,1270,68,1012,173,201,12,True,0.1333684765419082,476.0,0.2966248131189522,0.1649562542712142,False,0.1259041276754398,0.2355494806457155,0.5677917289603494,0.632012805521697,0.9974226804123711,0.3275663885449024,0.6724336114550976,0.43220827103965065,True,0.3275663885449024,0.43220827103965065
20,7,6,0.0976263733956148,0.0582264043704801,0.0876710413592713,0.3120698970023756,10.012947082519531,1.0,0.0,0.4236466533166263,0.1622268956653814,0.5775550257511662,0.1666666666666666,0.0,0.31585219231207684,True,0.5426091782944411,1096,56,7.0,5706,56,5105,986,960,50,601,110,102,6,True,0.1053277252015422,258.0,0.270939959949879,0.1642850452689507,False,0.0976263733956148,0.3120698970023756,0.5763533466833737,0.582294353383737,0.968213058419244,0.31585219231207684,0.6841478076879232,0.4236466533166263,True,0.31585219231207684,0.4236466533166263
493,318,316,0.0952697004292219,0.0270815463071422,0.1489927952276569,0.5817986076252171,12.25738525390625,0.4564841949420728,1.0,0.8188280649806909,0.3198198198198198,0.0,0.6666666666666666,1.0,0.20352906140131333,False,0.3489044765671307,46,25,10.0,74,25,62,38,38,20,12,8,8,5,True,0.1621621621621621,7.0,1.0,0.1627466379431668,False,0.0952697004292219,0.5817986076252171,0.18117193501930906,0.1632533358055867,0.47637457044673537,0.20352906140131333,0.7964709385986867,0.8188280649806909,False,0.20352906140131333,0.8188280649806909
50,12,10,0.033549838417288,0.0249996725469827,0.3349008536620101,0.6065346319315319,11.86786937713623,0.4159592542123777,1.0,0.764765149608767,0.272289156626506,0.1526939991102149,0.4,0.4,0.18514253843792983,False,0.6435638621308869,45,26,10.0,83,26,77,40,48,22,6,5,5,4,True,0.072289156626506,1.0,0.8783361946139232,0.1614021255591701,False,0.033549838417288,0.6065346319315319,0.23523485039123304,0.3570643453511093,0.48281786941580757,0.18514253843792983,0.8148574615620702,0.764765149608767,False,0.18514253843792983,0.764765149608767
105,46,47,0.1325616338593754,0.0649419996631659,0.091451694191029,0.2728481151823326,10.30683422088623,1.0,0.0,0.4557245363593425,0.1994299964374777,0.5207236840750642,0.2,0.0,0.33158820735595956,True,1.1664980998843535,1117,54,7.0,5614,54,4820,969,950,47,794,148,150,7,True,0.1414321339508372,355.0,0.3671736090780277,0.1613220025137698,False,0.1325616338593754,0.2728481151823326,0.5442754636406575,0.5692707231455381,0.9652061855670103,0.33158820735595956,0.6684117926440405,0.4557245363593425,True,0.33158820735595956,0.4557245363593425
316,218,238,0.1175934724574265,0.0521699655492899,0.0865053477162884,0.3522552194035498,10.04660987854004,0.9448455558691004,0.0,0.4089361444627784,0.2007481296758105,0.2884615903260486,0.3333333333333333,0.2,0.3189674913821093,True,0.8816696613244259,669,39,7.0,3208,39,2795,549,550,29,413,120,63,10,True,0.1287406483790523,170.0,0.2819628775192348,0.1607413123579436,False,0.1175934724574265,0.3522552194035498,0.5910638555372216,0.4235290985682271,0.8621134020618557,0.3189674913821093,0.6810325086178908,0.4089361444627784,True,0.3189674913821093,0.4089361444627784
34,9,10,0.1244896551678459,0.0688319195639984,0.09531572184041,0.2524256847824433,9.867197036743164,1.0,0.0,0.40773798528893224,0.2022608954335862,0.5418174844402787,0.2,0.0,0.327634244787815,True,0.8979178206761399,1315,66,7.0,6723,66,5833,1136,1029,56,890,179,150,10,True,0.132381377361297,377.0,0.2232139558667964,0.1591576069603646,False,0.1244896551678459,0.2524256847824433,0.5922620147110678,0.5786495234105349,0.9871134020618557,0.327634244787815,0.672365755212185,0.40773798528893224,True,0.327634244787815,0.40773798528893224
52,12,13,0.096297650072374,0.0600413292435751,0.093182784396135,0.3009453521992573,9.677693367004396,1.0,0.0,0.38705359403646145,0.2336337269525585,0.4181481876671958,0.25,0.0,0.30765273100190044,True,0.4343780295618495,970,38,7.0,4827,38,4322,879,743,35,505,91,91,3,True,0.1046198466956701,210.0,0.1611607821093845,0.155275497747056,False,0.096297650072374,0.3009453521992573,0.6129464059635386,0.533998677569657,0.8767182130584192,0.30765273100190044,0.6923472689980996,0.38705359403646145,True,0.30765273100190044,0.38705359403646145
113,47,87,0.0614903152761605,0.0362972617149353,0.4097133307372732,0.4838669850571471,11.307257652282717,0.6358737082879404,1.0,0.7768790035034051,0.3333333333333333,0.0354020141254183,0.6,0.5,0.15745770132886713,False,0.9820359200257924,3,3,10.0,3,3,2,2,2,2,1,1,1,1,True,0.3333333333333333,1.0,0.694763302222275,0.128941856023143,False,0.0614903152761605,0.4838669850571471,0.2231209964965949,0.2880372426930572,0.04166666666666667,0.15745770132886713,0.8425422986711328,0.7768790035034051,False,0.15745770132886713,0.7768790035034051
342,226,224,0.0049202802955696,0.0327700115740299,0.3875788001669752,0.5192342071191793,11.415727615356444,0.5672136359845911,1.0,0.7658318468114049,0.324074074074074,0.0245449171167757,0.3333333333333333,0.5,0.14342394483179927,False,0.6191565157353949,20,13,10.0,36,13,35,19,24,12,1,1,1,1,True,0.0277777777777777,1.0,0.7302819044496238,0.1160170886919261,False,0.0049202802955696,0.5192342071191793,0.23416815318859507,0.3188738607934667,0.30627147766323026,0.14342394483179927,0.8565760551682007,0.7658318468114049,False,0.14342394483179927,0.7658318468114049
569,388,390,0.0528927152780349,0.0445699922740459,0.2296213809853846,0.4100813003187699,9.786425590515137,0.7969074472188766,1.0,0.664557569669495,0.1185897435897435,0.2205953304040665,0.5,0.4,0.2047638065902923,False,0.7425888616027709,49,27,10.0,78,27,70,43,45,23,8,6,6,4,True,0.1025641025641025,5.0,0.1967652617896081,0.1116442266392764,False,0.0528927152780349,0.4100813003187699,0.335442430330505,0.3054110268937547,0.4961340206185567,0.2047638065902923,0.7952361934097076,0.664557569669495,False,0.2047638065902923,0.664557569669495
539,367,386,0.0017498662017618,0.0472299754619598,0.4731861630384111,0.3888352646536857,9.855926513671877,0.8486856400637376,1.0,0.6894030171428159,0.2425742574257425,0.1468584673742809,0.5,0.0,0.14514696316299341,False,0.4287786546538285,25,6,8.0,101,6,100,24,26,5,1,1,1,1,True,0.0099009900990099,1.0,0.2195234113647099,0.0873534966425311,False,0.0017498662017618,0.3888352646536857,0.31059698285718407,0.3821482327579297,0.24355670103092783,0.14514696316299341,0.8548530368370066,0.6894030171428159,False,0.14514696316299341,0.6894030171428159
370,232,210,0.3006360524426366,,,0.0,10.003782272338867,1.0,1.0,0.7559796444413216,0.2857142857142857,0.0049761941432458,0.5714285714285714,0.7142857142857143,0.12098479865536005,False,1.0962254186468878,3,2,10.0,4,2,1,1,1,1,3,2,2,1,True,0.75,,0.267938933323965,0.0737255045186756,False,0.3006360524426366,0.0,0.2440203555586784,0.2278354982443989,0.019759450171821305,0.12098479865536005,0.87901520134464,0.7559796444413216,False,0.12098479865536005,0.7559796444413216
107,46,86,0.3006360524426366,,,0.0,10.912402153015137,1.0,1.0,0.8551558194335472,0.2083333333333333,0.0468629096742472,0.6666666666666666,0.6,0.10787308476793969,False,1.1664980998843535,3,2,10.0,4,2,1,1,1,1,3,2,2,1,True,0.75,,0.5654674583006419,0.0602584633344579,False,0.3006360524426366,0.0,0.14484418056645276,0.21630066547452667,0.019759450171821305,0.10787308476793969,0.8921269152320603,0.8551558194335472,False,0.10787308476793969,0.8551558194335472
454,301,341,0.230719932208837,,,0.0,9.466846466064451,1.0,1.0,0.6973729150320674,0.25,0.0072756669361358,0.5,0.8333333333333334,0.1277768992309134,False,0.752293892421816,4,3,10.0,5,3,2,2,2,2,3,2,2,1,True,0.6,,0.0921187450962022,0.0482782480739416,False,0.230719932208837,0.0,0.30262708496793256,0.20707312192240038,0.06013745704467354,0.1277768992309134,0.8722231007690866,0.6973729150320674,False,0.1277768992309134,0.6973729150320674
179,146,124,0.230719932208837,,,0.0,11.221574783325195,1.0,1.0,0.888902119221326,0.25,0.0160639592119234,0.5,0.6666666666666666,0.10729060046538495,False,1.2918859947622392,4,3,10.0,5,3,2,2,2,2,3,2,2,1,True,0.6,,0.6667063576639778,0.0300041568825945,False,0.230719932208837,0.0,0.111097880778674,0.23543574814051507,0.06013745704467354,0.10729060046538495,0.892709399534615,0.888902119221326,False,0.10729060046538495,0.888902119221326
135,81,121,0.0614903152761605,,,0.0,11.151318550109863,1.0,1.0,0.881233627008199,0.0,0.6,1.0,0.0,0.07787081419029036,False,0.6495529827524277,3,3,10.0,3,3,2,2,2,2,1,1,1,1,True,0.3333333333333333,,0.6437008810245967,-0.0035272365903556,False,0.0614903152761605,0.0,0.11876637299180104,0.3872983346207417,0.04166666666666667,0.07787081419029036,0.9221291858097096,0.881233627008199,False,0.07787081419029036,0.881233627008199
68,27,5,0.0714776888580276,,,0.0,9.976648330688477,1.0,1.0,0.7530179653029068,0.3,0.0283504243281471,0.6,0.625,0.08871397165157245,False,1.2483050882681392,5,2,9.5,8,2,6,3,3,1,2,2,1,1,True,0.25,,0.2590538959087202,-0.0138756785542649,False,0.0714776888580276,0.0,0.24698203469709323,0.25222588034057586,0.05326460481099657,0.08871397165157245,0.9112860283484275,0.7530179653029068,False,0.08871397165157245,0.7530179653029068
79,29,27,0.0822171657090155,,,0.0,10.371175765991213,1.0,1.0,0.7960807716479494,0.183673469387755,0.1352205999019791,0.5714285714285714,0.4,0.09986526098094246,False,1.2483050882681392,6,5,10.0,7,5,5,4,4,3,2,2,2,2,True,0.2857142857142857,,0.3882423149438482,-0.0148318039522153,False,0.0822171657090155,0.0,0.20391922835205056,0.2863587472089415,0.1301546391752577,0.09986526098094246,0.9001347390190575,0.7960807716479494,False,0.09986526098094246,0.7960807716479494
254,208,226,0.0300525858717302,,,0.0,10.142342567443848,1.0,1.0,0.7711035486905642,0.1666666666666666,0.2385657820440429,0.4,0.4285714285714285,0.07258533316331038,False,0.901984607927955,4,3,10.0,6,3,5,3,4,2,1,1,1,1,True,0.1666666666666666,,0.3133106460716923,-0.0245660756492933,False,0.0300525858717302,0.0,0.2288964513094358,0.3444926953106874,0.06013745704467354,0.07258533316331038,0.9274146668366896,0.7711035486905642,False,0.07258533316331038,0.7711035486905642
256,208,229,0.0,,,0.0,9.359795570373535,1.0,1.0,0.6856882726531058,0.3158953722334004,0.0800450164558048,0.4285714285714285,0.5714285714285714,0.08139882937854724,False,0.901984607927955,68,14,8.0,213,14,213,68,54,14,0,0,0,0,False,0.0,,0.0570648179593174,-0.02897478839639,False,0.0,0.0,0.31431172734689417,0.31461897141193074,0.40807560137457044,0.08139882937854724,0.9186011706214527,0.6856882726531058,False,0.08139882937854724,0.6856882726531058
364,231,212,0.0,,,0.0,9.999481201171877,1.0,1.0,0.7555101810322732,0.2894248608534323,0.1710305823209049,0.5714285714285714,0.5555555555555556,0.07264939461265152,False,1.1411627055128797,24,5,8.0,77,5,77,24,24,5,0,0,0,0,False,0.0,,0.2665305430968192,-0.0295054737857936,False,0.0,0.0,0.2444898189677268,0.3170113999163731,0.21305841924398625,0.07264939461265152,0.9273506053873485,0.7555101810322732,False,0.07264939461265152,0.7555101810322732
500,326,305,0.0,,,0.0,9.58531665802002,1.0,1.0,0.7103039775573589,0.2905982905982906,0.1156161321134987,0.2,0.2,0.0826132007798208,False,0.4571170268146547,44,10,9.0,117,10,117,44,47,10,0,0,0,0,False,0.0,,0.1309119326720769,-0.0304089554845569,False,0.0,0.0,0.28969602244264114,0.403095235750456,0.3393470790378007,0.0826132007798208,0.9173867992201792,0.7103039775573589,False,0.0826132007798208,0.7103039775573589
528,352,393,0.0,,,0.0,10.58070182800293,1.0,1.0,0.8189506139587296,0.5,0.0130825838103025,0.5,0.6666666666666666,0.05433404176593065,False,0.6701754396575299,3,2,10.0,4,2,4,3,3,2,0,0,0,0,False,0.0,,0.4568518418761885,-0.0305868030148427,False,0.0,0.0,0.1810493860412704,0.3269437336308492,0.019759450171821305,0.05433404176593065,0.9456659582340694,0.8189506139587296,False,0.05433404176593065,0.8189506139587296
184,146,186,0.0,,,0.0,10.11573314666748,1.0,1.0,0.768199121187399,0.45,0.00700991056321,0.4,0.8333333333333334,0.06247406142342411,False,1.2918859947622392,4,3,10.0,4,3,4,4,3,3,0,0,0,0,False,0.0,,0.3045973635621969,-0.0311189210624188,False,0.0,0.0,0.23180087881260103,0.29596210262680916,0.06013745704467354,0.06247406142342411,0.9375259385765758,0.768199121187399,False,0.06247406142342411,0.768199121187399
368,231,233,0.0,,,0.0,9.542088508605955,1.0,1.0,0.7055856100617147,0.1851851851851852,0.1953055904668807,0.6666666666666666,0.5555555555555556,0.07003385959769635,False,1.1619791581108354,7,5,10.0,9,5,9,7,7,5,0,0,0,0,False,0.0,,0.116756830185144,-0.0325094834409648,False,0.0,0.0,0.2944143899382853,0.27200058361684026,0.13831615120274915,0.07003385959769635,0.9299661404023036,0.7055856100617147,False,0.07003385959769635,0.7055856100617147
55,12,33,0.0,,,0.0,9.273670196533203,1.0,1.0,0.6762876582389657,0.2857142857142857,0.0614194656840777,0.5714285714285714,0.0,0.07631072146698793,False,0.586989255123132,14,4,9.0,24,4,24,14,8,4,0,0,0,0,False,0.0,,0.028862974716897,-0.0329153906840602,False,0.0,0.0,0.32371234176103425,0.3521027403828743,0.1610824742268041,0.07631072146698793,0.9236892785330121,0.6762876582389657,False,0.07631072146698793,0.6762876582389657
325,222,224,0.0,,,0.0,8.990792274475098,1.0,1.0,0.6666666666666666,0.2807017543859649,0.0471960989202368,0.1666666666666666,0.8333333333333334,0.07386165558045964,False,0.9050989791035348,11,5,10.0,19,5,19,11,11,5,0,0,0,0,False,0.0,,0.0,-0.0338768813360464,False,0.0,0.0,0.33333333333333337,0.28631182882750483,0.16580756013745704,0.07386165558045964,0.9261383444195403,0.6666666666666666,False,0.07386165558045964,0.6666666666666666
355,229,231,0.0,,,0.0,8.882573127746582,1.0,1.0,0.6666666666666666,0.25,0.0466122727554755,0.625,0.6,0.06440926386726653,False,1.1411627055128797,4,3,10.0,6,3,6,4,5,3,0,0,0,0,False,0.0,,0.0,-0.0370054393911191,False,0.0,0.0,0.33333333333333337,0.23972615177817663,0.06013745704467354,0.06440926386726653,0.9355907361327335,0.6666666666666666,False,0.06440926386726653,0.6666666666666666
551,381,383,0.0,,,0.0,9.805962562561035,1.0,1.0,0.7343875545354356,0.2888888888888889,0.0627557980900409,0.6666666666666666,0.5,0.07108933712044019,False,0.4182303580580847,9,7,10.0,15,7,15,9,11,7,0,0,0,0,False,0.0,,0.2031626636063066,-0.0382742867556505,False,0.0,0.0,0.2656124454645644,0.27066457061698534,0.19931271477663232,0.07108933712044019,0.9289106628795598,0.7343875545354356,False,0.07108933712044019,0.7343875545354356
289,214,235,0.0015638358136017,,,0.0,8.799899101257324,1.0,1.0,0.6666666666666666,0.2138643067846607,0.0611807715491769,0.5,0.625,0.0739467015115345,False,0.7237432083932548,27,5,8.0,113,5,112,26,23,4,1,1,1,1,True,0.0088495575221238,,0.0,-0.0385366245078421,False,0.0015638358136017,0.0,0.33333333333333337,0.2452878123460825,0.22852233676975944,0.0739467015115345,0.9260532984884655,0.6666666666666666,False,0.0739467015115345,0.6666666666666666
505,332,292,0.0,,,0.0,9.785797119140623,1.0,1.0,0.7321864893947853,0.3333333333333333,0.0073623188405797,0.1666666666666666,0.8,0.062017616916008496,False,1.119329782732733,3,3,10.0,3,3,3,3,3,3,0,0,0,0,False,0.0,,0.1965594681843555,-0.0391490837220872,False,0.0,0.0,0.26781351060521474,0.2966699234473573,0.04166666666666667,0.062017616916008496,0.9379823830839915,0.7321864893947853,False,0.062017616916008496,0.7321864893947853
269,210,231,0.0,,,0.0,9.517749786376951,1.0,1.0,0.7029290300922403,0.2088744588744588,0.0984642638382001,0.625,0.4285714285714285,0.07776607681084576,False,1.1411627055128797,72,12,8.0,231,12,231,72,52,12,0,0,0,0,False,0.0,,0.1087870902767205,-0.0395590307379581,False,0.0,0.0,0.2970709699077597,0.26966374815760075,0.39390034364261167,0.07776607681084576,0.9222339231891542,0.7029290300922403,False,0.07776607681084576,0.7029290300922403
398,236,238,0.0,,,0.0,9.72523593902588,1.0,1.0,0.7255762155888396,0.3095238095238095,0.0114680690427105,0.6666666666666666,0.5714285714285714,0.06506963493027598,False,0.6119887066641122,7,3,9.5,14,3,14,7,7,3,0,0,0,0,False,0.0,,0.1767286467665188,-0.0404584337022319,False,0.0,0.0,0.27442378441116044,0.24726768936346427,0.09235395189003437,0.06506963493027598,0.934930365069724,0.7255762155888396,False,0.06506963493027598,0.7255762155888396
146,87,127,0.0455860626446362,,,0.0,10.407404899597168,1.0,1.0,0.8000351941415964,0.1875,0.0150646264086844,0.5,0.6666666666666666,0.07454800188054968,False,1.181694780615308,4,4,10.0,4,4,3,3,3,3,1,1,1,1,True,0.25,,0.4001055824247893,-0.0415126317154367,False,0.0455860626446362,0.0,0.1999648058584036,0.20542873176637827,0.08290378006872852,0.07454800188054968,0.9254519981194503,0.8000351941415964,False,0.07454800188054968,0.8000351941415964
217,203,222,0.0,,,0.0,10.317258834838867,1.0,1.0,0.7901957199197959,0.2262521588946459,0.1479557615441743,0.6666666666666666,0.3333333333333333,0.0734920683573384,False,0.9050989791035348,51,10,8.0,193,10,193,51,45,10,0,0,0,0,False,0.0,,0.3705871597593873,-0.0415987799480975,False,0.0,0.0,0.20980428008020413,0.30586268178662307,0.3487972508591065,0.0734920683573384,0.9265079316426617,0.7901957199197959,False,0.0734920683573384,0.7901957199197959
104,46,27,0.0,,,0.0,9.730384826660156,1.0,1.0,0.7261382184592285,0.2587601078167116,0.0408453680873547,0.4285714285714285,0.6,0.07339873689915966,False,1.2483050882681392,29,6,8.5,106,6,106,29,32,6,0,0,0,0,False,0.0,,0.1784146553776852,-0.0426532742555162,False,0.0,0.0,0.27386178154077145,0.26974308121324647,0.2598797250859106,0.07339873689915966,0.9266012631008403,0.7261382184592285,False,0.07339873689915966,0.7261382184592285
187,158,198,0.0,,,0.0,10.090611457824709,1.0,1.0,0.7654570801405788,0.3333333333333333,0.0,0.6666666666666666,1.0,0.06135658304746438,False,0.6242252993529385,6,6,10.0,6,6,6,6,6,6,0,0,0,0,False,0.0,,0.2963712404217365,-0.0432123746807245,False,0.0,0.0,0.23454291985942122,0.1666666666666667,0.15463917525773196,0.06135658304746438,0.9386434169525356,0.7654570801405788,False,0.06135658304746438,0.7654570801405788
16,6,8,0.0053692720896517,,,0.0,10.657212257385254,1.0,1.0,0.827301753851799,0.2294372294372294,0.1425384684572488,0.5714285714285714,0.5,0.06932264606877511,False,0.4942256235210543,22,13,10.0,33,13,32,21,21,12,1,1,1,1,True,0.0303030303030303,,0.4819052615553972,-0.0433848967598713,False,0.0053692720896517,0.0,0.17269824614820095,0.2938562595843969,0.31099656357388317,0.06932264606877511,0.9306773539312249,0.827301753851799,False,0.06932264606877511,0.827301753851799
339,226,205,0.0,,,0.0,8.804195404052734,1.0,1.0,0.6666666666666666,0.2181818181818182,0.0140839012847488,0.4285714285714285,0.3333333333333333,0.07791558949362304,False,0.5395771851089068,34,10,7.0,110,10,110,34,31,10,0,0,0,0,False,0.0,,0.0,-0.0434400947200099,False,0.0,0.0,0.33333333333333337,0.26812640733631643,0.322594501718213,0.07791558949362304,0.922084410506377,0.6666666666666666,False,0.07791558949362304,0.6666666666666666
406,241,281,0.0300525858717302,,,0.0,10.131104469299316,1.0,1.0,0.7698769063818659,0.1388888888888889,0.0700715519368369,0.8333333333333334,0.6,0.06640349775784732,False,1.1119894608452026,5,4,10.0,6,4,5,4,4,3,1,1,1,1,True,0.1666666666666666,,0.3096307191455976,-0.0440706122069219,False,0.0300525858717302,0.0,0.2301230936181341,0.17205443649315708,0.0979381443298969,0.06640349775784732,0.9335965022421526,0.7698769063818659,False,0.06640349775784732,0.7698769063818659
136,86,46,0.0,,,0.0,9.161992073059082,1.0,1.0,0.6666666666666666,0.2,0.0179502026635784,0.5,0.8,0.06182224692933998,False,1.1664980998843535,4,3,10.0,5,3,5,4,4,3,0,0,0,0,False,0.0,,0.0,-0.0448716464003088,False,0.0,0.0,0.33333333333333337,0.19529794025059818,0.06013745704467354,0.06182224692933998,0.93817775307066,0.6666666666666666,False,0.06182224692933998,0.6666666666666666
31,8,29,0.0,,,0.0,9.36758041381836,1.0,1.0,0.6865379910140956,0.2058823529411765,0.0282783429942244,0.5,0.7142857142857143,0.06762560068712191,False,0.6535390451973578,14,3,8.0,51,3,51,14,12,3,0,0,0,0,False,0.0,,0.0596139730422867,-0.0452377295078694,False,0.0,0.0,0.3134620089859044,0.21446643324145362,0.13831615120274915,0.06762560068712191,0.9323743993128781,0.6865379910140956,False,0.06762560068712191,0.6865379910140956
480,313,315,0.0059084379948573,,,0.0,10.523093223571776,1.0,1.0,0.8126626148122993,0.2666666666666666,0.0693364694047413,0.5,0.2,0.07141482729303206,False,1.0310349539355537,19,11,10.0,30,11,29,18,18,10,1,1,1,1,True,0.0333333333333333,,0.437987844436898,-0.0453025726761461,False,0.0059084379948573,0.0,0.1873373851877007,0.3304557749884356,0.2813573883161512,0.07141482729303206,0.9285851727069679,0.8126626148122993,False,0.07141482729303206,0.8126626148122993
141,86,126,0.0300525858717302,,,0.0,10.569916725158691,1.0,1.0,0.8177734162441107,0.2,0.0406536672399803,0.6,0.6,0.06653196263309036,False,1.1216278354671452,5,4,10.0,6,4,5,4,4,3,1,1,1,1,True,0.1666666666666666,,0.4533202487323321,-0.0456909405517209,False,0.0300525858717302,0.0,0.1822265837558893,0.2193871770363894,0.0979381443298969,0.06653196263309036,0.9334680373669096,0.8177734162441107,False,0.06653196263309036,0.8177734162441107
415,260,281,0.0,,,0.0,9.398563385009766,1.0,1.0,0.6899197930613621,0.1815181518151815,0.0492909177119703,0.6666666666666666,0.3333333333333333,0.07407225338805551,False,0.934839852702454,29,7,8.0,101,7,101,29,29,7,0,0,0,0,False,0.0,,0.069759379184086,-0.045911072353421,False,0.0,0.0,0.3100802069386379,0.24021296255986677,0.2800687285223368,0.07407225338805551,0.9259277466119444,0.6899197930613621,False,0.07407225338805551,0.6899197930613621
514,341,301,0.0614903152761605,,,0.0,13.507705688476562,1.0,1.0,1.0,0.2666666666666666,0.0199146514935988,0.6,0.75,0.048511311304307414,False,0.752293892421816,3,3,10.0,3,3,2,2,2,2,1,1,1,1,True,0.3333333333333333,,1.0,-0.0467457420735092,False,0.0614903152761605,0.0,0.0,0.21579959268043838,0.04166666666666667,0.048511311304307414,0.9514886886956926,1.0,False,0.048511311304307414,1.0
361,230,232,0.0,,,0.0,8.154426574707031,1.0,1.0,0.6666666666666666,0.1785714285714285,0.019060010696955,0.625,0.5,0.06908376299522143,False,1.0962254186468878,10,5,9.0,21,5,21,10,12,5,0,0,0,0,False,0.0,,0.0,-0.0469035227398283,False,0.0,0.0,0.33333333333333337,0.20792276772869028,0.1610824742268041,0.06908376299522143,0.9309162370047785,0.6666666666666666,False,0.06908376299522143,0.6666666666666666
59,13,33,0.0,,,0.0,10.07188606262207,1.0,1.0,0.7634131967621599,0.224,0.0653282133238628,0.4285714285714285,0.5,0.07337842448920487,False,0.586989255123132,56,7,7.0,250,7,250,56,41,7,0,0,0,0,False,0.0,,0.2902395902864796,-0.0474084983438297,False,0.0,0.0,0.2365868032378401,0.27838575496762014,0.32603092783505155,0.07337842448920487,0.9266215755107952,0.7634131967621599,False,0.07337842448920487,0.7634131967621599
311,218,178,0.0614903152761605,,,0.0,13.925541877746582,1.0,1.0,1.0,0.2222222222222222,0.0485719619189845,0.6666666666666666,0.6,0.04882260709992334,False,0.8816696613244259,3,3,10.0,3,3,2,2,2,2,1,1,1,1,True,0.3333333333333333,,1.0,-0.0483244554754151,False,0.0614903152761605,0.0,0.0,0.22281292697213037,0.04166666666666667,0.04882260709992334,0.9511773929000766,1.0,False,0.04882260709992334,1.0
263,209,231,0.0,,,0.0,9.468360900878906,1.0,1.0,0.697538216117116,0.1875,0.0251738402612576,0.625,0.5,0.06184859227008882,False,1.2040851850136032,4,3,10.0,4,3,4,4,3,3,0,0,0,0,False,0.0,,0.092614648351348,-0.0484864375855858,False,0.0,0.0,0.302461783882884,0.21569052495914165,0.06013745704467354,0.06184859227008882,0.9381514077299111,0.697538216117116,False,0.06184859227008882,0.697538216117116
552,383,361,0.0455860626446362,,,0.0,14.985995292663574,1.0,1.0,1.0,0.3125,0.0055026455026455,0.25,0.6666666666666666,0.043820558409268115,False,0.4182303580580847,3,2,10.0,4,2,3,2,2,1,1,1,1,1,True,0.25,,1.0,-0.0499653103918809,False,0.0455860626446362,0.0,0.0,0.29347183253303855,0.019759450171821305,0.043820558409268115,0.9561794415907319,1.0,False,0.043820558409268115,1.0
510,340,300,0.0,,,0.0,11.76642894744873,1.0,1.0,0.948373140135088,0.3888888888888888,0.0574694399105534,0.3333333333333333,0.3333333333333333,0.051220234899781905,False,0.4116628089621737,5,4,10.0,6,4,6,5,5,4,0,0,0,0,False,0.0,,0.8451194204052643,-0.0502014811335645,False,0.0,0.0,0.051626859864912,0.38572802542700224,0.0979381443298969,0.051220234899781905,0.9487797651002181,0.948373140135088,False,0.051220234899781905,0.948373140135088
449,300,321,0.0,,,0.0,10.269158363342283,1.0,1.0,0.7849455367796216,0.2705882352941177,0.0108961244585182,0.6,0.5,0.06719371649771724,False,0.54501111574303,20,5,8.0,68,5,68,20,20,5,0,0,0,0,False,0.0,,0.3548366103388649,-0.0503461177026985,False,0.0,0.0,0.21505446322037836,0.2516624345116749,0.20017182130584193,0.06719371649771724,0.9328062835022828,0.7849455367796216,False,0.06719371649771724,0.7849455367796216
223,204,222,0.0,,,0.0,9.26072120666504,1.0,1.0,0.6748742715054709,0.1666666666666666,0.0020356234096692,0.8333333333333334,0.8333333333333334,0.049868033006880974,False,0.9050989791035348,3,2,10.0,4,2,4,3,3,2,0,0,0,0,False,0.0,,0.0246228145164122,-0.0506171981429135,False,0.0,0.0,0.32512572849452914,0.11856864751285637,0.019759450171821305,0.049868033006880974,0.950131966993119,0.6748742715054709,False,0.049868033006880974,0.6748742715054709
18,6,27,0.0,,,0.0,9.775278091430664,1.0,1.0,0.7310383338733204,0.19,0.0284652776953237,0.1428571428571428,0.1666666666666666,0.07645164028238899,False,1.2483050882681392,42,8,8.0,100,8,100,42,25,8,0,0,0,0,False,0.0,,0.1931150016199611,-0.0512573056177996,False,0.0,0.0,0.2689616661266796,0.30385455006866113,0.31915807560137455,0.07645164028238899,0.9235483597176111,0.7310383338733204,False,0.07645164028238899,0.7310383338733204
384,233,235,0.0084557694719232,,,0.0,9.977678298950195,1.0,1.0,0.7531303866957609,0.1825396825396825,0.0240214980734544,0.5,0.7777777777777778,0.06627143166515162,False,1.1619791581108354,13,7,10.0,21,7,20,12,12,6,1,1,1,1,True,0.0476190476190476,,0.2593911600872829,-0.051274612819493,False,0.0084557694719232,0.0,0.24686961330423907,0.1931211244836162,0.22465635738831616,0.06627143166515162,0.9337285683348484,0.7531303866957609,False,0.06627143166515162,0.7531303866957609
326,222,241,0.0084557694719232,,,0.0,11.627384185791016,1.0,1.0,0.9331963561936512,0.2571428571428571,0.125596339618137,0.4,0.3333333333333333,0.05690636053988847,False,1.1119894608452026,10,7,9.0,21,7,20,9,17,6,1,1,1,1,True,0.0476190476190476,,0.799589068580954,-0.0516634081544963,False,0.0084557694719232,0.0,0.06680364380634884,0.34813897460781584,0.20575601374570446,0.05690636053988847,0.9430936394601115,0.9331963561936512,False,0.05690636053988847,0.9331963561936512
171,126,107,0.0,,,0.0,9.929222106933594,1.0,1.0,0.7478413765374992,0.2,0.0300571944611679,0.8,0.6666666666666666,0.06666829506630455,False,0.8814227627528947,38,6,8.0,156,6,156,38,37,6,0,0,0,0,False,0.0,,0.2435241296124976,-0.0517784182076331,False,0.0,0.0,0.25215862346250084,0.17514077935998337,0.2779209621993127,0.06666829506630455,0.9333317049336954,0.7478413765374992,False,0.06666829506630455,0.7478413765374992
499,321,361,0.0,,,0.0,8.669953346252441,1.0,1.0,0.6666666666666666,0.125,0.0205779334500875,0.75,0.75,0.05486962679284925,False,0.54501111574303,4,2,10.0,6,2,6,4,4,2,0,0,0,0,False,0.0,,0.0,-0.0521088733216579,False,0.0,0.0,0.33333333333333337,0.1348971522355492,0.03823024054982818,0.05486962679284925,0.9451303732071508,0.6666666666666666,False,0.05486962679284925,0.6666666666666666
472,307,326,0.0,,,0.0,9.724403381347656,1.0,1.0,0.7254853416296158,0.2,0.0026004045073678,0.8,0.6666666666666666,0.06294630696776557,False,0.389921676410541,12,4,8.0,49,4,49,12,23,4,0,0,0,0,False,0.0,,0.1764560248888473,-0.0522884937122247,False,0.0,0.0,0.27451465837038425,0.16435749836149563,0.14991408934707903,0.06294630696776557,0.9370536930322344,0.7254853416296158,False,0.06294630696776557,0.7254853416296158
80,29,31,0.0,,,0.0,10.903578758239746,1.0,1.0,0.8541927428347629,0.1666666666666666,0.1644666001994018,0.8333333333333334,0.6,0.05112561884018035,False,0.7038170681089723,4,2,10.0,7,2,7,4,4,2,0,0,0,0,False,0.0,,0.5625782285042885,-0.0523059475968694,False,0.0,0.0,0.14580725716523713,0.2165884256818902,0.03823024054982818,0.05112561884018035,0.9488743811598197,0.8541927428347629,False,0.05112561884018035,0.8541927428347629
95,33,11,0.0,,,0.0,10.920806884765623,1.0,1.0,0.8560731988180142,0.253968253968254,0.0762590632961003,0.5714285714285714,0.6666666666666666,0.06222630754503116,False,0.586989255123132,14,6,10.0,27,6,27,14,14,6,0,0,0,0,False,0.0,,0.5682195964540424,-0.0525845881553659,False,0.0,0.0,0.14392680118198575,0.2507996040341502,0.20876288659793812,0.06222630754503116,0.9377736924549689,0.8560731988180142,False,0.06222630754503116,0.8560731988180142
124,54,33,0.0,,,0.0,9.924235343933104,1.0,1.0,0.7472970696270966,0.1938775510204081,0.0226843719094476,0.4285714285714285,0.5,0.06822334642404423,False,0.586989255123132,14,5,9.0,28,5,28,14,13,5,0,0,0,0,False,0.0,,0.2418912088812902,-0.053073514669724,False,0.0,0.0,0.25270293037290337,0.24084778995797312,0.18427835051546393,0.06822334642404423,0.9317766535759557,0.7472970696270966,False,0.06822334642404423,0.7472970696270966
230,205,223,0.0,,,0.0,11.630913734436035,1.0,1.0,0.9335816076519416,0.2916666666666667,0.1090052585451358,0.1666666666666666,0.75,0.05265545981203876,False,0.5395771851089068,6,4,10.0,8,4,8,6,6,4,0,0,0,0,False,0.0,,0.8007448229558247,-0.0532909682440139,False,0.0,0.0,0.06641839234805835,0.32941662538219973,0.10695876288659793,0.05265545981203876,0.9473445401879612,0.9335816076519416,False,0.05265545981203876,0.9335816076519416
271,212,210,0.0,,,0.0,10.86876392364502,1.0,1.0,0.8503926915685258,0.2857142857142857,0.0267950197632896,0.5714285714285714,0.5,0.05862906065662821,False,0.665031004775942,7,3,10.0,13,3,13,7,7,3,0,0,0,0,False,0.0,,0.5511780747055774,-0.053788338609095,False,0.0,0.0,0.14960730843147418,0.2693451374302017,0.09235395189003437,0.05862906065662821,0.9413709393433718,0.8503926915685258,False,0.05862906065662821,0.8503926915685258
84,31,29,0.0053692720896517,,,0.0,10.937533378601074,1.0,1.0,0.8578989014191901,0.2171717171717171,0.0761779702244041,0.3333333333333333,0.5,0.06475639960731061,False,0.7038170681089723,17,7,9.0,33,7,32,16,16,6,1,1,1,1,True,0.0303030303030303,,0.5736967042575705,-0.0543072125664461,False,0.0053692720896517,0.0,0.14210109858080988,0.2925069665675253,0.2345360824742268,0.06475639960731061,0.9352436003926894,0.8578989014191901,False,0.06475639960731061,0.8578989014191901
41,10,12,0.0,,,0.0,10.505695343017578,1.0,1.0,0.8107636301180036,0.2058823529411765,0.060071796695427,0.3333333333333333,0.5714285714285714,0.06697981596577028,False,0.6435638621308869,12,7,10.0,17,7,17,12,12,7,0,0,0,0,False,0.0,,0.4322908903540107,-0.05448094804814,False,0.0,0.0,0.18923636988199644,0.2698532546907027,0.21778350515463918,0.06697981596577028,0.9330201840342297,0.8107636301180036,False,0.06697981596577028,0.8107636301180036
396,236,217,0.0,,,0.0,10.159239768981934,1.0,1.0,0.7729478840966669,0.2024844720496894,0.0238309569126807,0.5714285714285714,0.5714285714285714,0.06788722969376046,False,0.6119887066641122,29,6,8.0,115,6,115,29,31,6,0,0,0,0,False,0.0,,0.3188436522900006,-0.0546632455134296,False,0.0,0.0,0.22705211590333307,0.22021844461597515,0.2598797250859106,0.06788722969376046,0.9321127703062395,0.7729478840966669,False,0.06788722969376046,0.7729478840966669
387,235,213,0.0455860626446362,,,0.0,12.947948455810549,1.0,1.0,1.0,0.25,0.0053889395163282,0.5,0.6666666666666666,0.04661999406166748,False,0.7237432083932548,4,3,10.0,4,3,3,3,2,2,1,1,1,1,True,0.25,,1.0,-0.0562266809905126,False,0.0455860626446362,0.0,0.0,0.2306643211810221,0.06013745704467354,0.04661999406166748,0.9533800059383325,1.0,False,0.04661999406166748,1.0
114,52,31,0.0148647094507734,,,0.0,11.301247596740724,1.0,1.0,0.8975984344280109,0.2638888888888889,0.0119286790557508,0.6666666666666666,0.75,0.053669617839952714,False,0.7038170681089723,8,5,10.0,12,5,11,7,7,4,1,1,1,1,True,0.0833333333333333,,0.6927953032840326,-0.0562322028680277,False,0.0148647094507734,0.0,0.1024015655719891,0.20055771071005962,0.14690721649484534,0.053669617839952714,0.9463303821600473,0.8975984344280109,False,0.053669617839952714,0.8975984344280109
75,29,7,0.0469641476148222,,,0.0,13.465633392333984,1.0,1.0,1.0,0.1805555555555555,0.0685901798107515,0.5,0.2,0.053638907842722766,False,0.6535390451973578,8,5,10.0,12,5,10,6,6,3,2,2,2,2,True,0.1666666666666666,,1.0,-0.0562997674174404,False,0.0469641476148222,0.0,0.0,0.2845564337597198,0.14690721649484534,0.053638907842722766,0.9463610921572773,1.0,False,0.053638907842722766,1.0
244,207,205,0.0,,,0.0,12.991372108459473,1.0,1.0,1.0,0.3061224489795918,0.116797888094437,0.5714285714285714,0.7,0.04002300614050095,False,1.3972225133438927,6,4,10.0,7,4,7,6,5,4,0,0,0,0,False,0.0,,1.0,-0.0577079662925971,False,0.0,0.0,0.0,0.2775462457654288,0.10695876288659793,0.04002300614050095,0.9599769938594991,1.0,False,0.04002300614050095,1.0
56,13,11,0.0362231609697874,,,0.0,12.473828315734863,1.0,1.0,1.0,0.2571428571428572,0.0176240208877284,0.5714285714285714,0.75,0.042941024695106585,False,0.4773074013808554,4,3,10.0,5,3,4,3,3,2,1,1,1,1,True,0.2,,1.0,-0.0580340478090264,False,0.0362231609697874,0.0,0.0,0.2158986758582171,0.06013745704467354,0.042941024695106585,0.9570589753048934,1.0,False,0.042941024695106585,1.0
216,203,221,0.0,,,0.0,11.034112930297852,1.0,1.0,0.8684405929708006,0.175,0.1116822971323499,0.75,0.3333333333333333,0.05998671014099956,False,0.5931135772653867,11,5,10.0,20,5,20,11,11,5,0,0,0,0,False,0.0,,0.6053217789124017,-0.058175829583845,False,0.0,0.0,0.13155940702919944,0.25631626250818246,0.16580756013745704,0.05998671014099956,0.9400132898590005,0.8684405929708006,False,0.05998671014099956,0.8684405929708006
344,227,205,0.0,,,0.0,10.07954216003418,1.0,1.0,0.7642488624490428,0.1428571428571428,0.0384340801980988,0.8571428571428571,0.6666666666666666,0.05383433806437078,False,0.5395771851089068,5,2,9.5,8,2,8,5,4,2,0,0,0,0,False,0.0,,0.2927465873471286,-0.0582957639393801,False,0.0,0.0,0.23575113755095722,0.14690911632351933,0.05326460481099657,0.05383433806437078,0.9461656619356292,0.7642488624490428,False,0.05383433806437078,0.7642488624490428
317,221,203,0.0224169088632961,,,0.0,11.934283256530762,1.0,1.0,0.9666944961660926,0.2916666666666667,0.0,0.3333333333333333,1.0,0.04567947425244018,False,0.5931135772653867,7,6,10.0,8,6,7,6,6,5,1,1,1,1,True,0.125,,0.9000834884982776,-0.0585360194046241,False,0.0224169088632961,0.0,0.0333055038339074,0.22047927592204924,0.16280068728522337,0.04567947425244018,0.9543205257475598,0.9666944961660926,False,0.04567947425244018,0.9666944961660926
381,233,215,0.0178757495157211,,,0.0,12.200780868530272,1.0,1.0,0.9957828029099448,0.3285714285714285,0.0066257360726825,0.5714285714285714,0.7777777777777778,0.04053109660888151,False,1.1619791581108354,8,6,10.0,10,6,9,7,7,5,1,1,1,1,True,0.1,,0.9873484087298344,-0.0589082640202949,False,0.0178757495157211,0.0,0.004217197090055191,0.23352954123323533,0.1713917525773196,0.04053109660888151,0.9594689033911185,0.9957828029099448,False,0.04053109660888151,0.9957828029099448
290,214,236,0.0,,,0.0,11.716835975646973,1.0,1.0,0.9429600500691576,0.3333333333333333,0.0158845666210984,0.5,0.75,0.04381282984045016,False,0.6119887066641122,4,2,10.0,7,2,7,4,4,2,0,0,0,0,False,0.0,,0.828880150207473,-0.0593742150114725,False,0.0,0.0,0.05703994993084238,0.25588738976638914,0.03823024054982818,0.04381282984045016,0.9561871701595498,0.9429600500691576,False,0.04381282984045016,0.9429600500691576
197,167,207,0.0,,,0.0,10.818768501281738,1.0,1.0,0.8449356738842764,0.25,0.0,0.75,1.0,0.046370318907318894,False,1.3972225133438927,4,2,10.0,6,2,6,4,4,2,0,0,0,0,False,0.0,,0.5348070216528292,-0.0594935673884276,False,0.0,0.0,0.15506432611572363,0.125,0.03823024054982818,0.046370318907318894,0.9536296810926811,0.8449356738842764,False,0.046370318907318894,0.8449356738842764
482,313,353,0.0,,,0.0,11.690805435180664,1.0,1.0,0.940118807552532,0.3333333333333333,0.0118126043331513,0.3333333333333333,0.4,0.050314253184062636,False,1.0310349539355537,4,4,10.0,4,4,4,4,4,4,0,0,0,0,False,0.0,,0.8203564226575957,-0.0594972869886047,False,0.0,0.0,0.059881192447468035,0.3305997785758284,0.08290378006872852,0.050314253184062636,0.9496857468159373,0.940118807552532,False,0.050314253184062636,0.940118807552532
298,216,214,0.0,,,0.0,11.114688873291016,1.0,1.0,0.8772354850839975,0.1714285714285714,0.1053464755077658,0.5714285714285714,0.6666666666666666,0.05889844334928905,False,0.4161509650168041,12,6,10.0,20,6,20,12,12,6,0,0,0,0,False,0.0,,0.6317064552519924,-0.060046043814766,False,0.0,0.0,0.12276451491600249,0.22960630775155616,0.19759450171821305,0.05889844334928905,0.9411015566507109,0.8772354850839975,False,0.05889844334928905,0.8772354850839975
356,230,208,0.0,,,0.0,14.095550537109377,1.0,1.0,1.0,0.3809523809523809,0.0092590221584895,0.5714285714285714,0.6666666666666666,0.033723920889414664,False,0.901984607927955,3,2,10.0,3,2,3,3,2,2,0,0,0,0,False,0.0,,1.0,-0.0609788596889129,False,0.0,0.0,0.0,0.27262791776508816,0.019759450171821305,0.033723920889414664,0.9662760791105853,1.0,False,0.033723920889414664,1.0
502,326,307,0.0,,,0.0,10.066285133361816,1.0,1.0,0.7628018533915739,0.1481481481481481,0.0036429872495446,0.6666666666666666,0.8,0.048557774089056975,False,0.389921676410541,3,2,6.5,18,2,18,3,10,2,0,0,0,0,False,0.0,,0.2884055601747218,-0.0611010717993881,False,0.0,0.0,0.23719814660842609,0.14226319992543993,0.019759450171821305,0.048557774089056975,0.9514422259109431,0.7628018533915739,False,0.048557774089056975,0.7628018533915739
305,217,215,0.0,,,0.0,12.24122714996338,1.0,1.0,1.0,0.2571428571428572,0.1317710944026733,0.4285714285714285,0.6666666666666666,0.044067569079149334,False,0.6704601283040799,15,8,10.0,20,8,20,15,13,8,0,0,0,0,False,0.0,,1.0,-0.0611086048454469,False,0.0,0.0,0.0,0.29659506384497253,0.24527491408934707,0.044067569079149334,0.9559324309208507,1.0,False,0.044067569079149334,1.0
419,261,301,0.0,,,0.0,10.65572452545166,1.0,1.0,0.827139367395454,0.2,0.015496295998522,0.4,0.3333333333333333,0.05539075812391264,False,0.752293892421816,3,3,10.0,3,3,3,3,3,3,0,0,0,0,False,0.0,,0.4814181021863623,-0.0611643071396932,False,0.0,0.0,0.17286063260454598,0.26122881489771627,0.04166666666666667,0.05539075812391264,0.9446092418760874,0.827139367395454,False,0.05539075812391264,0.827139367395454
524,352,312,0.0,,,0.0,11.136140823364258,1.0,1.0,0.8795769728718333,0.25,0.0149313962873284,0.75,0.6666666666666666,0.0521450829020096,False,1.0306249533555365,4,4,10.0,4,4,4,4,4,4,0,0,0,0,False,0.0,,0.6387309186154999,-0.0614645576584504,False,0.0,0.0,0.12042302712816666,0.19655998734542948,0.08290378006872852,0.0521450829020096,0.9478549170979904,0.8795769728718333,False,0.0521450829020096,0.8795769728718333
98,33,31,0.0137100663796963,,,0.0,12.446365356445312,1.0,1.0,1.0,0.3076923076923077,0.0125514403292181,0.5,0.8333333333333334,0.039146675793020426,False,0.7038170681089723,8,4,10.0,13,4,12,7,7,3,1,1,1,1,True,0.0769230769230769,,1.0,-0.0624915986459689,False,0.0137100663796963,0.0,0.0,0.2310280459242722,0.12371134020618556,0.039146675793020426,0.9608533242069796,1.0,False,0.039146675793020426,1.0
543,372,332,0.0,,,0.0,11.974024772644045,1.0,1.0,0.9710322964281488,0.3333333333333333,0.0110512129380053,0.6,0.8,0.03768687946021229,False,1.119329782732733,3,3,10.0,3,3,3,3,3,3,0,0,0,0,False,0.0,,0.9130968892844464,-0.062664775015681,False,0.0,0.0,0.02896770357185119,0.22728326366167131,0.04166666666666667,0.03768687946021229,0.9623131205397877,0.9710322964281488,False,0.03768687946021229,0.9710322964281488
58,13,32,0.0,,,0.0,10.786989212036133,1.0,1.0,0.8414669534453125,0.15625,0.0306142239190932,0.375,0.25,0.06330764230149628,False,0.5472985106568845,20,5,8.0,40,5,40,20,11,5,0,0,0,0,False,0.0,,0.5244008603359375,-0.0654602729526219,False,0.0,0.0,0.15853304655468747,0.2534454122137315,0.20017182130584193,0.06330764230149628,0.9366923576985037,0.8414669534453125,False,0.06330764230149628,0.8414669534453125
235,206,204,0.0,,,0.0,12.01170825958252,1.0,1.0,0.9751454620922614,0.2898550724637681,0.0246629297547624,0.5,0.375,0.04506583538569017,False,1.067174264901552,12,6,10.0,23,6,23,12,14,6,0,0,0,0,False,0.0,,0.925436386276784,-0.066062745987373,False,0.0,0.0,0.024854537907738616,0.29741921276871425,0.19759450171821305,0.04506583538569017,0.9549341646143098,0.9751454620922614,False,0.04506583538569017,0.9751454620922614
270,210,232,0.0,,,0.0,11.125761985778809,1.0,1.0,0.8784441191510625,0.1607142857142857,0.0545633368352817,0.5,0.7142857142857143,0.05514885660759441,False,1.0962254186468878,6,5,10.0,7,5,7,6,6,5,0,0,0,0,False,0.0,,0.6353323574531876,-0.0663166496601495,False,0.0,0.0,0.12155588084893754,0.20563724336304146,0.1301546391752577,0.05514885660759441,0.9448511433924056,0.8784441191510625,False,0.05514885660759441,0.8784441191510625
274,212,230,2.0571321944528758e-17,,,0.0,10.810407638549805,1.0,1.0,0.844023082818394,0.1666666666666666,0.0076041122894731,0.8333333333333334,0.5,0.055150515769018346,False,0.6928147497270761,7,4,10.0,11,4,11,7,7,4,0,0,0,0,False,0.0,,0.5320692484551822,-0.0669752303862254,False,2.0571321944528758e-17,0.0,0.155976917181606,0.1704263178796728,0.11512027491408935,0.055150515769018346,0.9448494842309817,0.844023082818394,False,0.055150515769018346,0.844023082818394
226,205,203,0.0,,,0.0,13.986754417419434,1.0,1.0,1.0,0.2435897435897436,0.0843279419966536,0.3333333333333333,0.75,0.040755523015043246,False,0.5395771851089068,9,4,10.0,13,4,13,9,7,4,0,0,0,0,False,0.0,,1.0,-0.0672082314413602,False,0.0,0.0,0.0,0.2741309959615707,0.13144329896907214,0.040755523015043246,0.9592444769849567,1.0,False,0.040755523015043246,1.0
108,46,87,0.0,,,0.0,11.680731773376465,1.0,1.0,0.9390192638740884,0.25,0.0091319052987598,0.4,0.8,0.04065478028619501,False,1.1664980998843535,3,2,10.0,4,2,4,3,3,2,0,0,0,0,False,0.0,,0.817057791622265,-0.0679887358575328,False,0.0,0.0,0.060980736125911594,0.227654082018645,0.019759450171821305,0.04065478028619501,0.959345219713805,0.9390192638740884,False,0.04065478028619501,0.9390192638740884
336,224,222,0.0,,,0.0,12.120440483093262,1.0,1.0,0.9870136219856692,0.1904761904761904,0.1160391452851492,0.6666666666666666,0.4285714285714285,0.04362540599340726,False,0.9050989791035348,23,10,10.0,42,10,42,23,22,10,0,0,0,0,False,0.0,,0.9610408659570076,-0.0680498286224329,False,0.0,0.0,0.01298637801433078,0.2633075193676419,0.2813573883161512,0.04362540599340726,0.9563745940065927,0.9870136219856692,False,0.04362540599340726,0.9870136219856692
125,54,52,0.0,,,0.0,12.436280250549316,1.0,1.0,1.0,0.3,0.007764765784114,0.4,0.75,0.04064275069545528,False,0.5797911426204267,8,5,10.0,12,5,12,8,8,5,0,0,0,0,False,0.0,,1.0,-0.0692235234215886,False,0.0,0.0,0.0,0.2557342619382945,0.14690721649484534,0.04064275069545528,0.9593572493045447,1.0,False,0.04064275069545528,1.0
429,281,241,0.0,,,0.0,11.544727325439451,1.0,1.0,0.924174331229336,0.2,0.0254464144665278,0.2,0.6,0.05221813054987545,False,1.1119894608452026,5,5,10.0,5,5,5,5,5,5,0,0,0,0,False,0.0,,0.772522993688008,-0.0698727916762808,False,0.0,0.0,0.07582566877066399,0.2600652309324688,0.1211340206185567,0.05221813054987545,0.9477818694501245,0.924174331229336,False,0.05221813054987545,0.924174331229336
60,26,4,0.0,,,0.0,12.82481575012207,1.0,1.0,1.0,0.25,0.029085664066977,0.75,0.5,0.038504945597604964,False,0.6157022221184753,6,4,10.0,8,4,8,6,6,4,0,0,0,0,False,0.0,,1.0,-0.0720914335933023,False,0.0,0.0,0.0,0.22875437047750188,0.10695876288659793,0.038504945597604964,0.961495054402395,1.0,False,0.038504945597604964,1.0
7,4,26,0.0,,,0.0,11.227689743041992,1.0,1.0,0.8895695691944567,0.125,0.0083736187845303,0.75,0.75,0.049042397953670575,False,0.6157022221184753,8,4,10.0,13,4,13,8,8,4,0,0,0,0,False,0.0,,0.6687087075833701,-0.0756195950409926,False,0.0,0.0,0.11043043080554327,0.12911894651082886,0.12371134020618556,0.049042397953670575,0.9509576020463294,0.8895695691944567,False,0.049042397953670575,0.8895695691944567
536,361,383,0.0,,,0.0,11.37934398651123,1.0,1.0,0.9061226824472994,0.125,0.0150249357714976,0.6666666666666666,0.6,0.047697885133820284,False,0.4182303580580847,6,3,10.0,8,3,8,6,5,3,0,0,0,0,False,0.0,,0.7183680473418984,-0.0766097746675801,False,0.0,0.0,0.09387731755270057,0.16022246479434324,0.08419243986254296,0.047697885133820284,0.9523021148661797,0.9061226824472994,False,0.047697885133820284,0.9061226824472994
373,232,214,0.0,,,0.0,11.524749755859377,1.0,1.0,0.9219937725834934,0.1428571428571428,0.0029025318661494,0.8571428571428571,0.7142857142857143,0.04177772483163809,False,1.0962254186468878,5,2,10.0,9,2,9,5,5,2,0,0,0,0,False,0.0,,0.76598131775048,-0.0776234097860201,False,0.0,0.0,0.07800622741650665,0.12496842803711272,0.05326460481099657,0.04177772483163809,0.9582222751683619,0.9219937725834934,False,0.04177772483163809,0.9219937725834934
483,315,293,0.0,,,0.0,11.96389389038086,1.0,1.0,0.969926507116769,0.1111111111111111,0.0345677744477487,0.6666666666666666,0.5,0.03689870976569107,False,0.6637254553314909,5,2,10.0,9,2,9,5,5,2,0,0,0,0,False,0.0,,0.9097795213503068,-0.0824247621557909,False,0.0,0.0,0.030073492883231023,0.17421184754419677,0.05326460481099657,0.03689870976569107,0.9631012902343089,0.969926507116769,False,0.03689870976569107,0.969926507116769
192,166,206,0.0,,,0.0,13.179807662963867,1.0,1.0,1.0,0.1388888888888889,0.0246387201208241,0.6666666666666666,0.5,0.03595948101994189,False,1.067174264901552,4,4,10.0,4,4,4,4,4,4,0,0,0,0,False,0.0,,1.0,-0.0836472390990287,False,0.0,0.0,0.0,0.18457587024587896,0.08290378006872852,0.03595948101994189,0.9640405189800582,1.0,False,0.03595948101994189,1.0
