edge_id,bank_edge_id,src,dst,repair_score,repair_reason,edge_action_mse,num_policy_eval_samples,edge_action_mse_ucb,direct_edge_policy_support_score,src_edge,dst_edge,is_repair_edge,num_unique_starts,num_unique_episodes,edge_bottleneck_score,median_h,num_segments,repair_reason_edge,planner_usage_count,used_by_planner,mean_endpoint_compatibility,support_group,bottleneck_group,horizon_group,compatibility_group,planner_usage_group
2743,250,9,179,4.614562773144822,low_compatibility_junction,0.005179358178187006,36,0.028688825761200357,0.9015974328715106,9,179,True,104,82,0.3901730212642237,1.0,104,low_compatibility_junction,0.0,False,,high_support,low_bottleneck,short_horizon,unknown,not_planner_used
2744,10736,498,179,4.607762622481107,low_compatibility_junction,0.00508289463808372,24,0.03360660410469998,0.9033385374650498,498,179,True,96,73,0.3901730212642237,1.0,97,low_compatibility_junction,2.0,True,,high_support,low_bottleneck,short_horizon,unknown,planner_used
2745,4226,198,179,4.606598244333849,low_compatibility_junction,0.004362038662197608,38,0.0253615422432339,0.9164564108837376,198,179,True,93,76,0.3901730212642237,1.0,93,low_compatibility_junction,0.0,False,,high_support,low_bottleneck,short_horizon,unknown,not_planner_used
2746,10441,483,179,4.556642730889783,low_compatibility_junction,0.003490750228853098,14,0.03444009372426977,0.9325663244507902,483,179,True,52,35,0.3901730212642237,1.0,52,low_compatibility_junction,0.0,False,,high_support,low_bottleneck,short_horizon,unknown,not_planner_used
2747,1316,61,21,4.521547175684097,low_compatibility_junction,0.004679606137373908,33,0.028019762025648466,0.9106541216022174,61,21,True,123,75,0.4564190951629047,1.0,124,low_compatibility_junction,2.0,True,,high_support,low_bottleneck,short_horizon,unknown,planner_used
2748,3826,179,43,4.503223756266469,low_compatibility_junction,0.007045098620107059,132,0.021364097140562765,0.868574451791631,179,43,True,77,65,0.3901730212642237,2.0,232,low_compatibility_junction,0.0,False,,high_support,low_bottleneck,short_horizon,unknown,not_planner_used
2749,6606,302,21,4.500788208674888,low_compatibility_junction,0.0031004901672713457,25,0.0249278519195213,0.9398736728396527,302,21,True,88,68,0.4564190951629047,1.0,89,low_compatibility_junction,0.0,False,,high_support,low_bottleneck,short_horizon,unknown,not_planner_used
2750,9051,418,179,4.490951657800575,low_compatibility_junction,0.004518882837146521,7,0.05431810874504604,0.9135860981628743,418,179,True,20,19,0.3901730212642237,1.0,20,low_compatibility_junction,0.0,False,,high_support,low_bottleneck,short_horizon,unknown,not_planner_used
2751,3846,179,253,4.48066922243868,low_compatibility_junction,0.007759357508297803,90,0.02595836474736226,0.8562549142381344,179,253,True,58,52,0.3901730212642237,2.0,166,low_compatibility_junction,0.0,False,,high_support,low_bottleneck,short_horizon,unknown,not_planner_used
2752,3832,179,129,4.4769263050221815,low_compatibility_junction,0.008500842063757324,87,0.0278752044550842,0.8436506083247189,179,129,True,63,41,0.3901730212642237,2.0,165,low_compatibility_junction,1.0,True,,high_support,low_bottleneck,short_horizon,unknown,planner_used
2753,4153,195,21,4.47278101677828,low_compatibility_junction,0.005224878380041835,14,0.04308919703868773,0.9007769884534115,195,21,True,64,44,0.4564190951629047,1.0,64,low_compatibility_junction,0.0,False,,high_support,low_bottleneck,short_horizon,unknown,not_planner_used
2754,3856,179,313,4.471475776721903,low_compatibility_junction,0.008786094777443555,85,0.02871321543277367,0.8388512391642753,179,313,True,57,37,0.3901730212642237,2.0,161,low_compatibility_junction,0.0,False,,high_support,low_bottleneck,short_horizon,unknown,not_planner_used
2755,3842,179,245,4.449913810174477,low_compatibility_junction,0.007422442844836041,55,0.030191663070523546,0.8620440936532423,179,245,True,43,36,0.3901730212642237,2.0,103,low_compatibility_junction,0.0,False,,high_support,low_bottleneck,short_horizon,unknown,not_planner_used
2756,3877,179,488,4.449828743983498,low_compatibility_junction,0.006690250433635928,62,0.027050421097195868,0.8747606187086036,179,488,True,45,26,0.3901730212642237,2.0,125,low_compatibility_junction,0.0,False,,high_support,low_bottleneck,short_horizon,unknown,not_planner_used
2757,3823,179,13,4.442951477379996,low_compatibility_junction,0.008141079416441826,156,0.022300150687910573,0.8497427789206767,179,13,True,120,83,0.3901730212642237,4.0,152,low_compatibility_junction,0.0,False,,high_support,low_bottleneck,short_horizon,unknown,not_planner_used
2758,3844,179,250,4.433097946339322,low_compatibility_junction,0.008587098214775324,2,0.13701644941978783,0.8421964618905359,179,250,True,9,9,0.3901730212642237,1.0,9,low_compatibility_junction,0.0,False,,low_support,low_bottleneck,short_horizon,unknown,not_planner_used
2759,3824,179,34,4.428809860546299,low_compatibility_junction,0.007365257375888322,301,0.01706068095214147,0.8630305855907328,179,34,True,123,98,0.3901730212642237,6.0,163,low_compatibility_junction,0.0,False,,high_support,low_bottleneck,short_horizon,unknown,not_planner_used
2760,3847,179,256,4.427320917521282,low_compatibility_junction,0.007626076206879559,313,0.01730070861956596,0.8585404144155098,179,256,True,117,95,0.3901730212642237,6.0,165,low_compatibility_junction,0.0,False,,high_support,low_bottleneck,short_horizon,unknown,not_planner_used
2761,3859,179,333,4.4196833409602005,low_compatibility_junction,0.007938260024757652,230,0.019453017986515476,0.8531966656068831,179,333,True,89,71,0.3901730212642237,5.0,151,low_compatibility_junction,0.0,False,,high_support,low_bottleneck,short_horizon,unknown,not_planner_used
2762,3864,179,392,4.415331566843526,low_compatibility_junction,0.007525476925701906,130,0.022438009640934946,0.8602695242753441,179,392,True,84,62,0.3901730212642237,4.0,103,low_compatibility_junction,0.0,False,,high_support,low_bottleneck,short_horizon,unknown,not_planner_used
2763,3873,179,472,4.408167927081979,low_compatibility_junction,0.007902588848446612,160,0.02167724522351467,0.8538055733593517,179,472,True,88,68,0.3901730212642237,5.0,110,low_compatibility_junction,0.0,False,,high_support,low_bottleneck,short_horizon,unknown,not_planner_used
2764,3858,179,322,4.402409983729413,low_compatibility_junction,0.007920617087553936,164,0.021541763354714617,0.8534977766324625,179,322,True,77,53,0.3901730212642237,5.0,121,low_compatibility_junction,0.0,False,,high_support,low_bottleneck,short_horizon,unknown,not_planner_used
2765,3835,179,158,4.390752049287623,low_compatibility_junction,0.007712815991269324,148,0.021862009911595724,0.8570523133556399,179,158,True,67,48,0.3901730212642237,5.0,100,low_compatibility_junction,0.0,False,,high_support,low_bottleneck,short_horizon,unknown,not_planner_used
2766,516,21,141,4.387280020508721,low_compatibility_junction,0.007833410148583582,81,0.02710817085606963,0.8549876941365768,21,141,True,74,57,0.4564190951629047,2.0,163,low_compatibility_junction,0.0,False,,high_support,low_bottleneck,short_horizon,unknown,not_planner_used
2767,505,21,31,4.383516928981619,low_compatibility_junction,0.0074388602012980054,66,0.02824719381350165,0.8617610904140067,21,31,True,72,57,0.4564190951629047,2.0,148,low_compatibility_junction,0.0,False,,high_support,low_bottleneck,short_horizon,unknown,not_planner_used
2768,3861,179,353,4.380526239692448,low_compatibility_junction,0.0075053498377931896,183,0.02005743845350794,0.8606158883904825,179,353,True,69,39,0.3901730212642237,6.0,107,low_compatibility_junction,0.0,False,,high_support,low_bottleneck,short_horizon,unknown,not_planner_used
2769,545,21,381,4.368233482356548,low_compatibility_junction,0.007546919943563932,51,0.03138964303090263,0.8599006678794364,21,381,True,66,42,0.4564190951629047,2.0,122,low_compatibility_junction,0.0,False,,high_support,low_bottleneck,short_horizon,unknown,not_planner_used
2770,539,21,319,4.36349736095323,low_compatibility_junction,0.0072882942913565785,56,0.029648459505125936,0.8643600384344023,21,319,True,57,42,0.4564190951629047,2.0,117,low_compatibility_junction,1.0,True,,high_support,low_bottleneck,short_horizon,unknown,planner_used
2771,7714,354,179,4.356689558497088,low_compatibility_junction,0.007097059031807337,66,0.027421720114594615,0.8676722909171777,354,179,True,62,13,0.3901730212642237,4.0,62,low_compatibility_junction,0.0,False,,high_support,low_bottleneck,short_horizon,unknown,not_planner_used
2772,509,21,74,4.353341636189724,low_compatibility_junction,0.006146725281079885,113,0.02060241278590431,0.8843215787563159,21,74,True,105,77,0.4564190951629047,3.0,130,low_compatibility_junction,2.0,True,,high_support,low_bottleneck,short_horizon,unknown,planner_used
2773,3216,155,179,4.350522722550125,low_compatibility_junction,0.006536648913606768,160,0.019064415690478793,0.877452041872737,155,179,True,90,13,0.3901730212642237,7.0,90,low_compatibility_junction,0.0,False,,high_support,low_bottleneck,long_horizon,unknown,not_planner_used
2774,547,21,409,4.3401391842900585,low_compatibility_junction,0.003574552790572246,3,0.0712305503080684,0.9310046046383519,21,409,True,10,10,0.4564190951629047,1.0,10,low_compatibility_junction,0.0,False,,low_support,low_bottleneck,short_horizon,unknown,not_planner_used
2775,5566,257,179,4.334520208871834,low_compatibility_junction,0.007441329713460178,124,0.0226247810793676,0.8617185288752044,257,179,True,73,8,0.3901730212642237,6.0,73,low_compatibility_junction,0.0,False,,high_support,low_bottleneck,short_horizon,unknown,not_planner_used
2776,521,21,186,4.332560268644118,low_compatibility_junction,0.006824059411883354,3,0.10030365903428064,0.872422731914342,21,186,True,9,9,0.4564190951629047,1.0,9,low_compatibility_junction,0.0,False,,low_support,low_bottleneck,short_horizon,unknown,not_planner_used
2777,10107,471,179,4.329193287703847,low_compatibility_junction,0.006158559896099125,69,0.02467558054137573,0.8841122914168882,471,179,True,57,8,0.3901730212642237,5.0,57,low_compatibility_junction,0.0,False,,high_support,low_bottleneck,short_horizon,unknown,not_planner_used
2778,3977,186,21,4.324182166092817,low_compatibility_junction,0.0026784378569573164,1,0.10411554581695007,0.9478407679437022,186,21,True,8,8,0.4564190951629047,1.0,8,low_compatibility_junction,0.0,False,,low_support,low_bottleneck,short_horizon,unknown,not_planner_used
2779,5341,249,179,4.321376730016854,low_compatibility_junction,0.009428445582873084,72,0.03185744360105297,0.8281434327356805,249,179,True,52,7,0.3901730212642237,5.0,52,low_compatibility_junction,0.0,False,,high_support,low_bottleneck,short_horizon,unknown,not_planner_used
2780,518,21,156,4.320825323455551,low_compatibility_junction,0.006234676620650095,93,0.02228270055216072,0.8827674007282034,21,156,True,70,53,0.4564190951629047,3.0,83,low_compatibility_junction,1.0,True,,high_support,low_bottleneck,short_horizon,unknown,planner_used
2781,554,21,449,4.311124626065976,low_compatibility_junction,0.005886416056590086,135,0.01882881148516526,0.8889375253523988,21,449,True,78,54,0.4564190951629047,4.0,107,low_compatibility_junction,0.0,False,,high_support,low_bottleneck,short_horizon,unknown,not_planner_used
2782,4997,236,179,4.303030909794025,low_compatibility_junction,0.007727689391590263,57,0.030549151884024094,0.8567974056279158,236,179,True,49,5,0.3901730212642237,6.0,49,low_compatibility_junction,0.0,False,,high_support,low_bottleneck,short_horizon,unknown,not_planner_used
2783,4125,194,179,4.300741959513678,low_compatibility_junction,0.007326164686805512,83,0.025740471022949428,0.8637056131698079,194,179,True,47,5,0.3901730212642237,6.0,47,low_compatibility_junction,0.0,False,,high_support,low_bottleneck,short_horizon,unknown,not_planner_used
2784,3872,179,471,4.293862596094396,low_compatibility_junction,0.007653132551625939,118,0.023437772696218717,0.8580759607823968,179,471,True,20,17,0.3901730212642237,8.0,43,low_compatibility_junction,0.0,False,,high_support,low_bottleneck,long_horizon,unknown,not_planner_used
2785,10039,467,179,4.291368916612115,low_compatibility_junction,0.009012218212915792,90,0.028625517976862056,0.835066126162153,467,179,True,42,5,0.3901730212642237,6.5,42,low_compatibility_junction,0.0,False,,high_support,low_bottleneck,long_horizon,unknown,not_planner_used
2786,10867,506,179,4.266457318854401,low_compatibility_junction,0.008571961726244939,28,0.04286588464038245,0.8424514584278248,506,179,True,23,2,0.3901730212642237,4.0,23,low_compatibility_junction,0.0,False,,high_support,low_bottleneck,short_horizon,unknown,not_planner_used
2787,9691,446,179,4.262991531207003,low_compatibility_junction,0.011421616415719728,37,0.045858115603170074,0.7957801471663353,446,179,True,24,3,0.3901730212642237,5.0,24,low_compatibility_junction,0.0,False,,high_support,low_bottleneck,short_horizon,unknown,not_planner_used
2788,9004,416,179,4.254267444664918,low_compatibility_junction,0.007506343259199246,37,0.03542338652038689,0.860598789475429,416,179,True,27,2,0.3901730212642237,6.0,27,low_compatibility_junction,0.0,False,,high_support,low_bottleneck,short_horizon,unknown,not_planner_used
2789,3840,179,236,4.250173561392115,low_compatibility_junction,0.0074946091065860605,55,0.030374250848799127,0.8608007811271992,179,236,True,10,9,0.3901730212642237,8.0,27,low_compatibility_junction,0.0,False,,low_support,low_bottleneck,long_horizon,unknown,not_planner_used
2790,10812,504,179,4.244850812067993,low_compatibility_junction,0.007107308997279581,34,0.035445310008159384,0.8674944369273107,504,179,True,19,6,0.3901730212642237,8.0,19,low_compatibility_junction,0.0,False,,high_support,low_bottleneck,long_horizon,unknown,not_planner_used
2791,3177,153,179,4.244395050504502,low_compatibility_junction,0.006649476693982774,47,0.029962622317969173,0.8754742548797319,153,179,True,18,8,0.3901730212642237,9.0,18,low_compatibility_junction,0.0,False,,high_support,low_bottleneck,long_horizon,unknown,not_planner_used
2792,504,21,12,4.241832364300108,low_compatibility_junction,0.006466513113217785,94,0.022723019756790568,0.878683721544371,21,12,True,37,26,0.4564190951629047,6.0,68,low_compatibility_junction,0.0,False,,high_support,low_bottleneck,short_horizon,unknown,not_planner_used
2793,10030,467,21,4.239575311566864,low_compatibility_junction,0.006821369476368433,154,0.019865991441396773,0.8724696683947039,467,21,True,86,9,0.4564190951629047,7.0,86,low_compatibility_junction,0.0,False,,high_support,low_bottleneck,long_horizon,unknown,not_planner_used
2794,1581,75,179,4.236238483574368,low_compatibility_junction,0.006920523493765638,26,0.03889760847038485,0.8707412053481302,75,179,True,17,3,0.3901730212642237,6.0,17,low_compatibility_junction,0.0,False,,high_support,low_bottleneck,short_horizon,unknown,not_planner_used
2795,9151,423,179,4.234866244362878,low_compatibility_junction,0.006256422119271332,29,0.03504499217717904,0.8823835598564569,423,179,True,15,4,0.3901730212642237,6.0,15,low_compatibility_junction,0.0,False,,high_support,low_bottleneck,short_horizon,unknown,not_planner_used
2796,10099,471,21,4.2330269015855535,low_compatibility_junction,0.007314112361897021,94,0.024603235141368952,0.8639138314774508,471,21,True,59,9,0.4564190951629047,5.0,59,low_compatibility_junction,2.0,True,,high_support,low_bottleneck,short_horizon,unknown,planner_used
2797,3830,179,108,4.231774331067211,low_compatibility_junction,0.007432999594187849,47,0.03208142591356893,0.8618621051974453,179,108,True,8,8,0.3901730212642237,8.5,20,low_compatibility_junction,0.0,False,,low_support,low_bottleneck,long_horizon,unknown,not_planner_used
2798,3213,155,21,4.222792657551404,low_compatibility_junction,0.006333808800533276,108,0.021343669722276686,0.8810189214712801,155,21,True,57,9,0.4564190951629047,6.0,57,low_compatibility_junction,0.0,False,,high_support,low_bottleneck,short_horizon,unknown,not_planner_used
2799,3829,179,75,4.222046753102874,low_compatibility_junction,0.009364599977040066,53,0.03541790066671009,0.8292015745525515,179,75,True,8,4,0.3901730212642237,9.0,24,low_compatibility_junction,0.0,False,,low_support,low_bottleneck,long_horizon,unknown,not_planner_used
2800,3870,179,446,4.221351863300145,low_compatibility_junction,0.008179669456231355,53,0.03252894327557561,0.8490871997884791,179,446,True,7,7,0.3901730212642237,9.0,18,low_compatibility_junction,0.0,False,,low_support,low_bottleneck,long_horizon,unknown,not_planner_used
2801,4985,236,21,4.220295572348957,low_compatibility_junction,0.006921438396804863,54,0.0291114418790061,0.8707252726183966,236,21,True,41,7,0.4564190951629047,4.0,41,low_compatibility_junction,0.0,False,,high_support,low_bottleneck,short_horizon,unknown,not_planner_used
2802,7701,354,21,4.217708150800921,low_compatibility_junction,0.00689998184715938,81,0.024989938908184205,0.8710990080041701,354,21,True,52,6,0.4564190951629047,5.0,52,low_compatibility_junction,0.0,False,,high_support,low_bottleneck,short_horizon,unknown,not_planner_used
2803,3848,179,257,4.217112004898811,low_compatibility_junction,0.008113016777168658,31,0.03982083877496961,0.8502198332837955,179,257,True,7,7,0.3901730212642237,8.0,14,low_compatibility_junction,0.0,False,,low_support,low_bottleneck,long_horizon,unknown,not_planner_used
2804,2019,96,179,4.215745323736591,low_compatibility_junction,0.009189498014520944,41,0.0385328712110507,0.8321105617337051,96,179,True,15,3,0.3901730212642237,9.0,15,low_compatibility_junction,0.0,False,,high_support,low_bottleneck,long_horizon,unknown,not_planner_used
2805,3869,179,444,4.215745323736591,low_compatibility_junction,0.012534786808268668,39,0.047673207960811356,0.7782591316460926,179,444,True,7,7,0.3901730212642237,9.0,15,low_compatibility_junction,0.0,False,,low_support,low_bottleneck,long_horizon,unknown,not_planner_used
2806,10346,480,179,4.213490050598884,low_compatibility_junction,0.006438672990594624,33,0.0338163935061217,0.8791731110294555,480,179,True,13,4,0.3901730212642237,9.0,13,low_compatibility_junction,0.0,False,,high_support,low_bottleneck,long_horizon,unknown,not_planner_used
2807,5123,242,179,4.211730241083708,low_compatibility_junction,0.00772485911147669,30,0.039176313112126035,0.8568459065337847,242,179,True,13,3,0.3901730212642237,8.0,13,low_compatibility_junction,0.0,False,,high_support,low_bottleneck,long_horizon,unknown,not_planner_used
2808,3854,179,300,4.211716704107826,low_compatibility_junction,0.013477793964557349,30,0.05502146307480145,0.7637186022758572,179,300,True,8,8,0.3901730212642237,10.0,12,low_compatibility_junction,1.0,True,,low_support,low_bottleneck,long_horizon,unknown,planner_used
2809,7074,323,179,4.209121472651194,low_compatibility_junction,0.007297440588570617,29,0.03838898937102079,0.8642019390188564,323,179,True,11,5,0.3901730212642237,9.0,11,low_compatibility_junction,0.0,False,,low_support,low_bottleneck,long_horizon,unknown,not_planner_used
2810,3853,179,292,4.206193402385219,low_compatibility_junction,0.009683977559043636,31,0.044325910097897714,0.8239218867655453,179,292,True,7,7,0.3901730212642237,10.0,12,low_compatibility_junction,0.0,False,,low_support,low_bottleneck,long_horizon,unknown,not_planner_used
2811,3875,179,479,4.203582044012114,low_compatibility_junction,0.008415956160336333,28,0.04239637971858741,0.845084105698794,179,479,True,7,7,0.3901730212642237,10.0,11,low_compatibility_junction,0.0,False,,low_support,low_bottleneck,long_horizon,unknown,not_planner_used
2812,10860,506,21,4.201050310276702,low_compatibility_junction,0.008391737582331355,55,0.0326020656174655,0.8454935395565399,506,21,True,41,5,0.4564190951629047,5.0,41,low_compatibility_junction,0.0,False,,high_support,low_bottleneck,short_horizon,unknown,not_planner_used
2813,3104,149,278,4.200582768938834,low_compatibility_junction,0.006983876502582277,527,0.014118959663427869,0.8696386225098552,149,278,True,112,22,0.5869552819932353,5.0,365,low_compatibility_junction,0.0,False,,high_support,high_bottleneck,short_horizon,unknown,not_planner_used
2814,3852,179,286,4.195480656018487,low_compatibility_junction,0.008076135180090205,32,0.03921357290977228,0.8508472139497439,179,286,True,5,5,0.3901730212642237,9.0,12,low_compatibility_junction,0.0,False,,low_support,low_bottleneck,long_horizon,unknown,not_planner_used
2815,5555,257,21,4.195153669977323,low_compatibility_junction,0.00577633609028646,66,0.024112578032194534,0.8908967655487069,257,21,True,40,5,0.4564190951629047,5.5,40,low_compatibility_junction,0.0,False,,high_support,low_bottleneck,short_horizon,unknown,not_planner_used
2816,4118,194,21,4.189317394340232,low_compatibility_junction,0.007911443347385264,85,0.026820700577117454,0.8536543863357376,194,21,True,42,6,0.4564190951629047,7.5,42,low_compatibility_junction,0.0,False,,high_support,low_bottleneck,long_horizon,unknown,not_planner_used
2817,3867,179,423,4.184293719979682,low_compatibility_junction,0.0072475479128548785,21,0.043659333068098036,0.8650647163518912,179,423,True,5,4,0.3901730212642237,9.5,10,low_compatibility_junction,0.0,False,,low_support,low_bottleneck,long_horizon,unknown,not_planner_used
2818,3865,179,416,4.183332848816873,low_compatibility_junction,0.011354053468112984,31,0.0488643668039371,0.796856179049255,179,416,True,4,3,0.3901730212642237,8.5,12,low_compatibility_junction,0.0,False,,low_support,low_bottleneck,long_horizon,unknown,not_planner_used
2819,5332,249,21,4.181858878255886,low_compatibility_junction,0.012266266499719923,63,0.03961530072001592,0.7824499423949045,249,21,True,40,3,0.4564190951629047,6.0,40,low_compatibility_junction,0.0,False,,high_support,low_bottleneck,short_horizon,unknown,not_planner_used
2820,542,21,354,4.181470599886541,low_compatibility_junction,0.008058579100434783,114,0.024537656071751512,0.8511460172340707,21,354,True,15,12,0.4564190951629047,8.0,46,low_compatibility_junction,0.0,False,,high_support,low_bottleneck,long_horizon,unknown,not_planner_used
2821,3879,179,506,4.179087503515663,low_compatibility_junction,0.006787028927356005,25,0.039081332033217155,0.8730690959660471,179,506,True,4,3,0.3901730212642237,9.0,11,low_compatibility_junction,1.0,True,,low_support,low_bottleneck,long_horizon,unknown,planner_used
2822,1576,75,21,4.1765936788613205,low_compatibility_junction,0.00782268242467431,67,0.029001246919679327,0.8551711552556458,75,21,True,33,4,0.4564190951629047,6.0,33,low_compatibility_junction,0.0,False,,high_support,low_bottleneck,short_horizon,unknown,not_planner_used
2823,10337,480,21,4.176559493117523,low_compatibility_junction,0.008505475879135745,82,0.028467218598797014,0.8435724255243642,480,21,True,31,8,0.4564190951629047,8.0,31,low_compatibility_junction,1.0,True,,high_support,low_bottleneck,long_horizon,unknown,planner_used
2824,522,21,193,4.173993749051386,low_compatibility_junction,0.006456619210760383,34,0.03346628434363299,0.878857610968891,21,193,True,6,3,0.4564190951629047,3.0,31,low_compatibility_junction,0.0,False,,low_support,low_bottleneck,short_horizon,unknown,not_planner_used
2825,3866,179,422,4.171091413218776,low_compatibility_junction,0.009228765708394348,20,0.05133175036825411,0.8314573170252735,179,422,True,4,4,0.3901730212642237,9.0,7,low_compatibility_junction,0.0,False,,low_support,low_bottleneck,long_horizon,unknown,not_planner_used
2826,3862,179,354,4.169702001568964,low_compatibility_junction,0.011532239706462456,18,0.061143087566104655,0.7940214570328892,179,354,True,4,3,0.3901730212642237,9.0,8,low_compatibility_junction,0.0,False,,low_support,low_bottleneck,long_horizon,unknown,not_planner_used
2827,9711,447,149,4.166602104052633,low_compatibility_junction,0.013729560737475468,504,0.023959407410546148,0.7598826885785699,447,149,True,82,14,0.5869552819932353,6.0,282,low_compatibility_junction,0.0,False,,high_support,high_bottleneck,short_horizon,unknown,not_planner_used
2828,535,21,286,4.165909747714469,low_compatibility_junction,0.008975189537482543,90,0.02854815505605005,0.8356847830653538,21,286,True,14,11,0.4564190951629047,9.0,35,low_compatibility_junction,0.0,False,,high_support,low_bottleneck,long_horizon,unknown,not_planner_used
2829,524,21,235,4.163571278125477,low_compatibility_junction,0.012400728693280957,38,0.047807626381409216,0.7803485704999592,21,235,True,7,3,0.4564190951629047,4.0,39,low_compatibility_junction,0.0,False,,low_support,low_bottleneck,short_horizon,unknown,not_planner_used
2830,3838,179,194,4.160627349743981,low_compatibility_junction,0.005476627021562308,15,0.04292793796081939,0.8962529994284847,179,194,True,3,3,0.3901730212642237,9.0,7,low_compatibility_junction,1.0,True,,low_support,low_bottleneck,long_horizon,unknown,planner_used
2831,3118,149,457,4.156462474117117,low_compatibility_junction,0.00920501658217078,433,0.01824201925594434,0.8318523385274328,149,457,True,80,19,0.5869552819932353,7.0,205,low_compatibility_junction,2.0,True,,high_support,high_bottleneck,long_horizon,unknown,planner_used
2832,10231,475,179,4.154003498658585,low_compatibility_junction,0.01005496117286384,10,0.07220569635892075,0.8178312794808121,475,179,True,5,2,0.3901730212642237,9.0,5,low_compatibility_junction,0.0,False,,low_support,low_bottleneck,long_horizon,unknown,not_planner_used
2833,4360,202,21,4.153729766969714,low_compatibility_junction,0.00852020017174614,43,0.036109885209092966,0.8433240419542533,202,21,True,27,2,0.4564190951629047,6.0,27,low_compatibility_junction,0.0,False,,high_support,low_bottleneck,short_horizon,unknown,not_planner_used
2834,8162,377,21,4.153729766969714,low_compatibility_junction,0.014837430738326576,45,0.050427527339723804,0.743230826134593,377,21,True,27,2,0.4564190951629047,6.0,27,low_compatibility_junction,0.0,False,,high_support,low_bottleneck,short_horizon,unknown,not_planner_used
2835,4894,231,149,4.146217577586297,low_compatibility_junction,0.010257131242516619,337,0.021070327293936597,0.8145311357451597,231,149,True,44,16,0.5869552819932353,6.0,214,low_compatibility_junction,2.0,True,,high_support,high_bottleneck,short_horizon,unknown,planner_used
2836,511,21,108,4.146163661474689,low_compatibility_junction,0.008717993522215441,58,0.03274780400080527,0.8399945540460478,21,108,True,10,9,0.4564190951629047,9.0,27,low_compatibility_junction,0.0,False,,low_support,low_bottleneck,long_horizon,unknown,not_planner_used
2837,550,21,423,4.14497718296995,low_compatibility_junction,0.007478602660081253,58,0.02973486872040068,0.8610763924735163,21,423,True,10,9,0.4564190951629047,9.0,26,low_compatibility_junction,0.0,False,,low_support,low_bottleneck,long_horizon,unknown,not_planner_used
2838,3843,179,249,4.142780422245095,low_compatibility_junction,0.010693191583413864,16,0.06136305737342428,0.8074583277905808,179,249,True,2,2,0.3901730212642237,9.0,6,low_compatibility_junction,0.0,False,,low_support,low_bottleneck,long_horizon,unknown,not_planner_used
2839,9141,423,21,4.139125537153796,low_compatibility_junction,0.007325923970590035,45,0.032334042441473615,0.8637097713387469,423,21,True,16,3,0.4564190951629047,7.0,24,low_compatibility_junction,0.0,False,,high_support,low_bottleneck,long_horizon,unknown,not_planner_used
2840,552,21,444,4.137511342721203,low_compatibility_junction,0.009827761134007372,52,0.03677297876748432,0.8215559615204586,21,444,True,9,9,0.4564190951629047,9.0,22,low_compatibility_junction,0.0,False,,low_support,low_bottleneck,long_horizon,unknown,not_planner_used
2841,8999,416,21,4.131987173758816,low_compatibility_junction,0.008081751966440096,41,0.035599754213428786,0.8507516387777546,416,21,True,18,2,0.4564190951629047,6.0,18,low_compatibility_junction,0.0,False,,high_support,low_bottleneck,short_horizon,unknown,not_planner_used
2842,3878,179,492,4.130341174201091,low_compatibility_junction,0.01001092706186076,6,0.09007129740912255,0.8185518461962358,179,492,True,2,2,0.3901730212642237,9.5,4,low_compatibility_junction,0.0,False,,low_support,low_bottleneck,long_horizon,unknown,not_planner_used
2843,562,21,506,4.129005348313223,low_compatibility_junction,0.008704802025163957,77,0.029544439413847483,0.8402161989967085,21,506,True,7,5,0.4564190951629047,8.0,26,low_compatibility_junction,0.0,False,,low_support,low_bottleneck,long_horizon,unknown,not_planner_used
2844,9685,446,21,4.127065834796495,low_compatibility_junction,0.011525123273022473,25,0.053608333020209356,0.7941344770926735,446,21,True,14,2,0.4564190951629047,5.0,14,low_compatibility_junction,0.0,False,,high_support,low_bottleneck,short_horizon,unknown,not_planner_used
2845,531,21,257,4.110312524162151,low_compatibility_junction,0.007340508917182246,34,0.0361396607920753,0.8634578648632352,21,257,True,6,6,0.4564190951629047,8.0,14,low_compatibility_junction,0.0,False,,low_support,low_bottleneck,long_horizon,unknown,not_planner_used
2846,10805,504,21,4.108583794955991,low_compatibility_junction,0.00816315617703367,20,0.04776087124349461,0.8493676703806875,504,21,True,11,5,0.4564190951629047,9.0,11,low_compatibility_junction,0.0,False,,low_support,low_bottleneck,long_horizon,unknown,not_planner_used
2847,510,21,75,4.104722201587414,low_compatibility_junction,0.007888253960779613,44,0.034131658506983284,0.854050392591908,21,75,True,5,4,0.4564190951629047,9.0,19,low_compatibility_junction,0.0,False,,low_support,low_bottleneck,long_horizon,unknown,not_planner_used
2848,2009,96,21,4.103564996342231,low_compatibility_junction,0.00706005388929043,32,0.03617292852250582,0.8683146953461962,96,21,True,12,3,0.4564190951629047,9.0,12,low_compatibility_junction,0.0,False,,low_support,low_bottleneck,long_horizon,unknown,not_planner_used
2849,529,21,249,4.088504908004711,low_compatibility_junction,0.009039466465765145,40,0.038503857845396325,0.8346111682824542,21,249,True,4,2,0.4564190951629047,8.0,17,low_compatibility_junction,0.0,False,,low_support,low_bottleneck,long_horizon,unknown,not_planner_used
2850,549,21,422,4.088056738754017,low_compatibility_junction,0.008683002972975373,35,0.03955445266866957,0.8405825971976723,21,422,True,5,4,0.4564190951629047,9.0,11,low_compatibility_junction,0.0,False,,low_support,low_bottleneck,long_horizon,unknown,not_planner_used
2851,3109,149,327,4.0877115640007,low_compatibility_junction,0.05360237952484948,117,0.09555462151975147,0.34230689500088796,149,327,True,24,6,0.5869552819932353,5.0,79,low_compatibility_junction,0.0,False,,high_support,high_bottleneck,short_horizon,unknown,not_planner_used
2852,10000,464,21,4.087452761920472,low_compatibility_junction,0.009869982207450887,29,0.04602888612743438,0.8208625148505053,464,21,True,10,2,0.4564190951629047,9.0,10,low_compatibility_junction,0.0,False,,low_support,low_bottleneck,long_horizon,unknown,not_planner_used
2853,1399,64,21,4.085580799828652,low_compatibility_junction,0.009164202138781547,25,0.046690299157439476,0.8325316475494895,64,21,True,9,2,0.4564190951629047,8.0,9,low_compatibility_junction,1.0,True,,low_support,low_bottleneck,long_horizon,unknown,planner_used
2854,1170,54,149,4.079265273517148,low_compatibility_junction,0.03365982951003216,168,0.0614030827702887,0.5100754667452002,54,149,True,28,6,0.5869552819932353,7.0,85,low_compatibility_junction,0.0,False,,high_support,high_bottleneck,long_horizon,unknown,not_planner_used
2855,553,21,446,4.077563139384271,low_compatibility_junction,0.013213050817804677,35,0.05129538868934614,0.7677731121603741,21,446,True,3,3,0.4564190951629047,8.5,12,low_compatibility_junction,0.0,False,,low_support,low_bottleneck,long_horizon,unknown,not_planner_used
2856,8617,401,149,4.076739681583835,low_compatibility_junction,0.022998588189643804,237,0.042306374641656416,0.6313014708143528,401,149,True,28,3,0.5869552819932353,7.0,118,low_compatibility_junction,2.0,True,,high_support,high_bottleneck,long_horizon,unknown,planner_used
2857,3099,149,231,4.075496809803047,low_compatibility_junction,0.021024293042029494,54,0.05969836420812706,0.656727664033801,149,231,True,15,9,0.5869552819932353,4.0,39,low_compatibility_junction,1.0,True,,high_support,high_bottleneck,short_horizon,unknown,planner_used
2858,557,21,468,4.072656112606134,low_compatibility_junction,0.008502113180131547,18,0.05109952963334523,0.8436291610352928,21,468,True,3,2,0.4564190951629047,8.0,12,low_compatibility_junction,0.0,False,,low_support,low_bottleneck,long_horizon,unknown,not_planner_used
2859,525,21,236,4.070841855157696,low_compatibility_junction,0.009117074632307603,21,0.04995598809406371,0.8333167202887669,21,236,True,3,3,0.4564190951629047,8.0,9,low_compatibility_junction,0.0,False,,low_support,low_bottleneck,long_horizon,unknown,not_planner_used
2860,544,21,377,4.070817877312016,low_compatibility_junction,0.011264466508119195,27,0.05129851430338628,0.7982852173515861,21,377,True,3,2,0.4564190951629047,8.5,12,low_compatibility_junction,0.0,False,,low_support,low_bottleneck,long_horizon,unknown,not_planner_used
2861,7140,327,149,4.066213372977041,low_compatibility_junction,0.05418048346958434,9,0.20625493354686106,0.33837190782697263,327,149,True,7,4,0.5869552819932353,2.0,11,low_compatibility_junction,4.0,True,,low_support,high_bottleneck,short_horizon,unknown,planner_used
2862,538,21,310,4.057187030064108,low_compatibility_junction,0.007370491827125935,17,0.04818173696364869,0.8629402404895488,21,310,True,3,2,0.4564190951629047,9.0,8,low_compatibility_junction,0.0,False,,low_support,low_bottleneck,long_horizon,unknown,not_planner_used
2863,5116,242,21,4.053465820963381,low_compatibility_junction,0.010289005308340374,13,0.06542955495022607,0.8140120528348422,242,21,True,5,2,0.4564190951629047,9.0,5,low_compatibility_junction,0.0,False,,low_support,low_bottleneck,long_horizon,unknown,not_planner_used
2864,8914,412,21,4.053465820963381,low_compatibility_junction,0.00557687347366785,15,0.04336939225401415,0.8944578759098175,412,21,True,5,2,0.4564190951629047,9.0,5,low_compatibility_junction,0.0,False,,low_support,low_bottleneck,long_horizon,unknown,not_planner_used
2865,523,21,202,4.05007137012649,low_compatibility_junction,0.012470101960934699,20,0.06141146672180275,0.7792666146567612,21,202,True,2,2,0.4564190951629047,8.0,7,low_compatibility_junction,0.0,False,,low_support,low_bottleneck,long_horizon,unknown,not_planner_used
2866,4307,200,149,4.049859132850534,low_compatibility_junction,0.03871364451737867,27,0.11293112692873557,0.461038884978945,200,149,True,15,4,0.5869552819932353,4.0,29,low_compatibility_junction,0.0,False,,high_support,high_bottleneck,short_horizon,unknown,not_planner_used
2867,560,21,479,4.0479263923243005,low_compatibility_junction,0.00633282065514083,19,0.04211591268474919,0.8810363331390904,21,479,True,3,3,0.4564190951629047,10.0,5,low_compatibility_junction,0.0,False,,low_support,low_bottleneck,long_horizon,unknown,not_planner_used
2868,548,21,416,4.045714966772113,low_compatibility_junction,0.01902961059424438,19,0.0810585308691109,0.6834565382547336,21,416,True,2,2,0.4564190951629047,8.0,6,low_compatibility_junction,0.0,False,,low_support,low_bottleneck,long_horizon,unknown,not_planner_used
2869,558,21,471,4.045714966772113,low_compatibility_junction,0.006161877869938811,15,0.045887159513712326,0.8840536241343895,21,471,True,2,2,0.4564190951629047,8.0,6,low_compatibility_junction,0.0,False,,low_support,low_bottleneck,long_horizon,unknown,not_planner_used
2870,3114,149,394,4.026781437642274,low_compatibility_junction,0.013349176198244096,15,0.07181979291192603,0.7656856868257137,149,394,True,10,3,0.5869552819932353,3.0,11,low_compatibility_junction,0.0,False,,low_support,high_bottleneck,short_horizon,unknown,not_planner_used
2871,3111,149,376,4.02487719311415,low_compatibility_junction,0.0034808536681036153,3,0.07024423547626461,0.9327509267051187,149,376,True,5,2,0.5869552819932353,2.0,5,low_compatibility_junction,0.0,False,,low_support,high_bottleneck,short_horizon,unknown,not_planner_used
2872,6357,292,149,4.022612228081992,low_compatibility_junction,0.007949031831230968,8,0.06973191850187069,0.8530128760177409,292,149,True,8,2,0.5869552819932353,2.5,8,low_compatibility_junction,0.0,False,,low_support,high_bottleneck,short_horizon,unknown,not_planner_used
2873,8450,391,149,4.021415804789646,low_compatibility_junction,0.015001499839127064,5,0.12236048808137023,0.7407959988519428,391,149,True,6,4,0.5869552819932353,3.0,11,low_compatibility_junction,0.0,False,,low_support,high_bottleneck,short_horizon,unknown,not_planner_used
2874,536,21,292,4.021207746145507,low_compatibility_junction,0.0039291728171519935,4,0.06535862482181157,0.9244249075899693,21,292,True,2,2,0.4564190951629047,10.0,3,low_compatibility_junction,0.0,False,,low_support,low_bottleneck,long_horizon,unknown,not_planner_used
2875,3113,149,391,4.017819811210906,low_compatibility_junction,0.022895344198332168,88,0.05450999023467987,0.6326063792616243,149,391,True,10,3,0.5869552819932353,8.0,44,low_compatibility_junction,0.0,False,,low_support,high_bottleneck,long_horizon,unknown,not_planner_used
2876,3080,149,14,4.015383185822063,low_compatibility_junction,0.013570778434061341,45,0.047607850521318086,0.7622996427151676,149,14,True,15,9,0.5869552819932353,10.0,19,low_compatibility_junction,0.0,False,,high_support,high_bottleneck,long_horizon,unknown,not_planner_used
2877,2656,130,149,4.011489764430598,low_compatibility_junction,0.025232253860849596,64,0.0641496797520554,0.603719811321783,130,149,True,12,4,0.5869552819932353,8.0,27,low_compatibility_junction,0.0,False,,low_support,high_bottleneck,long_horizon,unknown,not_planner_used
2878,3088,149,102,4.0098375121907965,low_compatibility_junction,0.009076748304351262,66,0.03206199926902484,0.8339890834587744,149,102,True,13,6,0.5869552819932353,10.0,23,low_compatibility_junction,0.0,False,,high_support,high_bottleneck,long_horizon,unknown,not_planner_used
2879,7465,343,149,4.009055974890908,low_compatibility_junction,0.018962706171441822,60,0.053806914687877495,0.6843716756896591,343,149,True,10,3,0.5869552819932353,7.0,29,low_compatibility_junction,0.0,False,,low_support,high_bottleneck,long_horizon,unknown,not_planner_used
2880,5526,256,149,4.007189039088845,low_compatibility_junction,0.0069852833188460434,63,0.027623768096838155,0.869614154418923,256,149,True,10,5,0.5869552819932353,9.0,26,low_compatibility_junction,0.0,False,,low_support,high_bottleneck,long_horizon,unknown,not_planner_used
2881,3083,149,48,3.996317237494909,low_compatibility_junction,0.008506393909920007,10,0.0656712107506558,0.8435569371574448,149,48,True,3,2,0.5869552819932353,3.0,11,low_compatibility_junction,0.0,False,,low_support,high_bottleneck,short_horizon,unknown,not_planner_used
2882,1087,48,149,3.992163767285607,low_compatibility_junction,0.003635906963609159,2,0.08720533974677738,0.9298628849220799,48,149,True,4,2,0.5869552819932353,3.0,8,low_compatibility_junction,0.0,False,,low_support,high_bottleneck,short_horizon,unknown,not_planner_used
2883,1887,89,149,3.990748037721741,low_compatibility_junction,0.007752822698367869,34,0.03734974407942986,0.856366830813833,89,149,True,5,2,0.5869552819932353,5.0,20,low_compatibility_junction,0.0,False,,low_support,high_bottleneck,short_horizon,unknown,not_planner_used
2884,10892,507,149,3.9797488919130086,low_compatibility_junction,0.029616779923915516,43,0.08105557212548394,0.5530341095286747,507,149,True,8,3,0.5869552819932353,9.0,17,low_compatibility_junction,0.0,False,,low_support,high_bottleneck,long_horizon,unknown,not_planner_used
2885,3102,149,269,3.978730669628579,low_compatibility_junction,0.010939071127011077,23,0.05368378127088418,0.8034973253653553,149,269,True,10,6,0.5869552819932353,10.0,10,low_compatibility_junction,0.0,False,,low_support,high_bottleneck,long_horizon,unknown,not_planner_used
2886,10607,491,149,3.973515732910672,low_compatibility_junction,0.015039825760622454,34,0.05626267587829071,0.7402283826379574,491,149,True,5,2,0.5869552819932353,8.0,21,low_compatibility_junction,0.0,False,,low_support,high_bottleneck,long_horizon,unknown,not_planner_used
2887,5913,271,14,3.971807310371943,low_compatibility_junction,0.009468545856965115,205,0.02278905375106094,0.8274795234279145,271,14,True,125,65,0.4491434403004862,2.0,241,low_compatibility_junction,1.0,True,,high_support,low_bottleneck,short_horizon,unknown,planner_used
2888,3115,149,395,3.966627864637894,low_compatibility_junction,0.0517381732740129,12,0.18043593499031987,0.3553104141643525,149,395,True,4,3,0.5869552819932353,6.0,11,low_compatibility_junction,2.0,True,,low_support,high_bottleneck,short_horizon,unknown,planner_used
2889,3089,149,104,3.9633746648115946,low_compatibility_junction,0.016172308910071202,23,0.06814535456165183,0.723650905067522,149,104,True,7,4,0.5869552819932353,10.0,10,low_compatibility_junction,0.0,False,,low_support,high_bottleneck,long_horizon,unknown,not_planner_used
2890,9881,457,271,3.9356567194399807,low_compatibility_junction,0.008953038815720795,551,0.016853737619438435,0.8360550855061649,457,271,True,263,44,0.4491434403004862,4.0,419,low_compatibility_junction,1.0,True,,high_support,low_bottleneck,short_horizon,unknown,planner_used
2891,3119,149,510,3.9242605200550367,low_compatibility_junction,0.028227491304278374,12,0.12328831858279682,0.5686160652692109,149,510,True,2,2,0.5869552819932353,8.0,7,low_compatibility_junction,0.0,False,,low_support,high_bottleneck,long_horizon,unknown,not_planner_used
2892,8477,392,149,3.915370280180592,low_compatibility_junction,0.011076614392963662,22,0.055055907998027606,0.8012900497898909,392,149,True,3,2,0.5869552819932353,10.0,5,low_compatibility_junction,0.0,False,,low_support,high_bottleneck,long_horizon,unknown,not_planner_used
2893,1731,82,271,3.9085691225890207,low_compatibility_junction,0.010527541576105732,544,0.019149781513723596,0.8101378735654591,82,271,True,214,32,0.4491434403004862,5.0,388,low_compatibility_junction,0.0,False,,high_support,low_bottleneck,short_horizon,unknown,not_planner_used
2894,4776,226,259,3.90171592161158,low_compatibility_junction,0.024013512824181345,31,0.07856455753945905,0.6186161841780351,226,259,True,68,46,1.265261094679104,1.0,69,low_compatibility_junction,0.0,False,,high_support,high_bottleneck,short_horizon,unknown,not_planner_used
2895,9606,442,271,3.893787901607129,low_compatibility_junction,0.007574753900768537,142,0.02188991246379024,0.8594221123249437,442,271,True,131,26,0.4491434403004862,3.0,145,low_compatibility_junction,0.0,False,,high_support,low_bottleneck,short_horizon,unknown,not_planner_used
2896,5960,271,442,3.892679890441264,low_compatibility_junction,0.008582241587264658,324,0.018669750560693116,0.8422782705537376,271,442,True,72,37,0.4491434403004862,4.0,319,low_compatibility_junction,0.0,False,,high_support,low_bottleneck,short_horizon,unknown,not_planner_used
2897,7917,363,271,3.886612915958645,low_compatibility_junction,0.008868197685202446,486,0.017240706617287688,0.8374749269476265,363,271,True,216,26,0.4491434403004862,6.0,293,low_compatibility_junction,0.0,False,,high_support,low_bottleneck,short_horizon,unknown,not_planner_used
2898,5924,271,104,3.881913272406442,low_compatibility_junction,0.008999920793792478,296,0.019807528181057906,0.8352715345840341,271,104,True,59,34,0.4491434403004862,4.0,280,low_compatibility_junction,0.0,False,,high_support,low_bottleneck,short_horizon,unknown,not_planner_used
2899,425,14,271,3.880802321796888,low_compatibility_junction,0.006836014568155709,192,0.018531195547994463,0.8722141578487794,14,271,True,140,52,0.4491434403004862,5.0,159,low_compatibility_junction,0.0,False,,high_support,low_bottleneck,short_horizon,unknown,not_planner_used
2900,2156,104,271,3.879009083533124,low_compatibility_junction,0.007311704467779405,108,0.023438701583101438,0.8639554367399123,104,271,True,114,22,0.4491434403004862,3.0,114,low_compatibility_junction,0.0,False,,high_support,low_bottleneck,short_horizon,unknown,not_planner_used
2901,5943,271,269,3.875688180007994,low_compatibility_junction,0.009190111504951576,222,0.02180083416205308,0.8321003519590042,271,269,True,66,33,0.4491434403004862,4.0,218,low_compatibility_junction,0.0,False,,high_support,low_bottleneck,short_horizon,unknown,not_planner_used
2902,5888,269,271,3.87563882855321,low_compatibility_junction,0.006802429483223963,87,0.02413362290863143,0.8728002223884181,269,271,True,103,24,0.4491434403004862,3.0,104,low_compatibility_junction,0.0,False,,high_support,low_bottleneck,short_horizon,unknown,not_planner_used
2903,5948,271,359,3.8551618999243815,low_compatibility_junction,0.008576470258875897,176,0.022258610273428722,0.8423754974547951,271,359,True,42,28,0.4491434403004862,4.0,179,low_compatibility_junction,0.0,False,,high_support,low_bottleneck,short_horizon,unknown,not_planner_used
2904,4271,199,278,3.850170556114398,low_compatibility_junction,0.008073804243968795,783,0.014367623952067102,0.8508868802844296,199,278,True,99,15,0.6037988148838994,6.0,497,low_compatibility_junction,0.0,False,,high_support,high_bottleneck,short_horizon,unknown,not_planner_used
2905,5936,271,192,3.8469810060758673,low_compatibility_junction,0.008787944853930132,113,0.026072591719406728,0.8388202009594431,271,192,True,62,40,0.4491434403004862,4.0,82,low_compatibility_junction,2.0,True,,high_support,low_bottleneck,short_horizon,unknown,planner_used
2906,2795,136,271,3.843624938185749,low_compatibility_junction,0.015248572688056704,85,0.041500500760315376,0.7371444167918861,136,271,True,50,18,0.4491434403004862,3.0,79,low_compatibility_junction,0.0,False,,high_support,low_bottleneck,short_horizon,unknown,not_planner_used
2907,8147,376,271,3.839881935588682,low_compatibility_junction,0.008801019188907295,269,0.020012072436919413,0.8386008893083736,376,271,True,134,19,0.4491434403004862,7.0,146,low_compatibility_junction,0.0,False,,high_support,low_bottleneck,long_horizon,unknown,not_planner_used
2908,5963,271,511,3.8233801653859896,low_compatibility_junction,0.008761137739758637,136,0.02449251953208717,0.8392700485177456,271,511,True,26,19,0.4491434403004862,4.0,123,low_compatibility_junction,0.0,False,,high_support,low_bottleneck,short_horizon,unknown,not_planner_used
2909,6072,278,271,3.820182268820077,low_compatibility_junction,0.009493800011245316,222,0.022311190738669502,0.8270616830478845,278,271,True,82,19,0.4491434403004862,7.0,113,low_compatibility_junction,0.0,False,,high_support,low_bottleneck,long_horizon,unknown,not_planner_used
2910,4100,192,271,3.820036098730901,low_compatibility_junction,0.004563077458773147,11,0.04448290434583507,0.9127789430959192,192,271,True,30,20,0.4491434403004862,2.5,30,low_compatibility_junction,1.0,True,,high_support,low_bottleneck,short_horizon,unknown,planner_used
2911,8703,404,421,3.814549952339052,low_compatibility_junction,0.017826775968264152,648,0.028107056636455834,0.7000976040054548,404,421,True,83,11,0.4954000961047544,6.0,369,low_compatibility_junction,0.0,False,,high_support,low_bottleneck,short_horizon,unknown,not_planner_used
2912,4684,219,404,3.8065507993707857,low_compatibility_junction,0.010160524240630681,529,0.018750388351869013,0.8161064453337913,219,404,True,76,12,0.4954000961047544,6.0,290,low_compatibility_junction,0.0,False,,high_support,low_bottleneck,short_horizon,unknown,not_planner_used
2913,7287,333,199,3.8029299023015626,low_compatibility_junction,0.008846863672472161,422,0.017821038241990633,0.8378323372072103,333,199,True,49,25,0.6037988148838994,8.0,186,low_compatibility_junction,0.0,False,,high_support,high_bottleneck,long_horizon,unknown,not_planner_used
2914,11010,511,271,3.798956834079759,low_compatibility_junction,0.00820055104913595,23,0.045210089719921576,0.8487326679605954,511,271,True,20,6,0.4491434403004862,2.0,21,low_compatibility_junction,0.0,False,,high_support,low_bottleneck,short_horizon,unknown,not_planner_used
2915,9272,427,404,3.7989208587478567,low_compatibility_junction,0.010128935905597658,489,0.01904931997196503,0.8166221971103923,427,404,True,94,10,0.4954000961047544,7.0,267,low_compatibility_junction,0.0,False,,high_support,low_bottleneck,long_horizon,unknown,not_planner_used
2916,4281,199,372,3.7983125753500016,low_compatibility_junction,0.01912334712842787,155,0.040894036261884426,0.6821764416046673,199,372,True,42,11,0.6037988148838994,4.0,120,low_compatibility_junction,0.0,False,,high_support,high_bottleneck,short_horizon,unknown,not_planner_used
2917,7807,359,271,3.7962190074873634,low_compatibility_junction,0.005160271538029933,44,0.026386166497476278,0.901941667885584,359,271,True,49,11,0.4491434403004862,4.0,49,low_compatibility_junction,0.0,False,,high_support,low_bottleneck,short_horizon,unknown,not_planner_used
2918,5923,271,102,3.7868849143652463,low_compatibility_junction,0.0072362639396566395,81,0.025761799053163875,0.8652599657244305,271,102,True,16,13,0.4491434403004862,4.0,72,low_compatibility_junction,0.0,False,,high_support,low_bottleneck,short_horizon,unknown,not_planner_used
2919,5926,271,136,3.785270788466311,low_compatibility_junction,0.009531001459093547,77,0.03133720074601556,0.8264465540717632,271,136,True,45,18,0.4491434403004862,7.0,61,low_compatibility_junction,0.0,False,,high_support,low_bottleneck,long_horizon,unknown,not_planner_used
2920,9467,436,271,3.7777639723283936,low_compatibility_junction,0.01159965463808649,168,0.027886011998085006,0.7929516003934085,436,271,True,50,15,0.4491434403004862,9.0,65,low_compatibility_junction,1.0,True,,high_support,low_bottleneck,long_horizon,unknown,planner_used
2921,7214,330,259,3.776289562627303,low_compatibility_junction,0.050870906869712254,116,0.09191605398832639,0.3615271496655068,330,259,True,125,48,1.265261094679104,3.0,155,low_compatibility_junction,0.0,False,,high_support,high_bottleneck,short_horizon,unknown,not_planner_used
2922,9132,422,199,3.7717199662957226,low_compatibility_junction,0.014663389259525999,154,0.033788893442574665,0.7458223937619719,422,199,True,29,9,0.6037988148838994,5.0,115,low_compatibility_junction,0.0,False,,high_support,high_bottleneck,short_horizon,unknown,not_planner_used
2923,5530,256,199,3.768421212963583,low_compatibility_junction,0.008214296542218554,236,0.01977768880675336,0.8484993750489971,256,199,True,26,24,0.6037988148838994,8.0,103,low_compatibility_junction,0.0,False,,high_support,high_bottleneck,long_horizon,unknown,not_planner_used
2924,659,25,271,3.766248725827329,low_compatibility_junction,0.007501523314124864,23,0.04289855829406908,0.8606817542521484,25,271,True,21,6,0.4491434403004862,3.0,27,low_compatibility_junction,0.0,False,,high_support,low_bottleneck,short_horizon,unknown,not_planner_used
2925,5654,259,211,3.764236523576969,low_compatibility_junction,0.058014748618006706,2,0.39183315605754154,0.31339372476063154,259,211,True,10,10,1.265261094679104,1.0,10,low_compatibility_junction,0.0,False,,low_support,high_bottleneck,short_horizon,unknown,not_planner_used
2926,2177,106,259,3.7611256902848234,low_compatibility_junction,0.025235337342081117,188,0.04794348471460422,0.6036825812956296,106,259,True,155,43,1.265261094679104,4.0,171,low_compatibility_junction,0.0,False,,high_support,high_bottleneck,short_horizon,unknown,not_planner_used
2927,5925,271,130,3.753528338042897,low_compatibility_junction,0.011540513881482185,115,0.031175008400523868,0.7938900704542462,271,130,True,26,19,0.4491434403004862,10.0,45,low_compatibility_junction,0.0,False,,high_support,low_bottleneck,long_horizon,unknown,not_planner_used
2928,4293,199,482,3.75015436961276,low_compatibility_junction,0.022049511736258864,25,0.08025789748470993,0.6433989895102321,199,482,True,20,6,0.6037988148838994,3.0,35,low_compatibility_junction,0.0,False,,high_support,high_bottleneck,short_horizon,unknown,not_planner_used
2929,8073,372,199,3.74996081654164,low_compatibility_junction,0.005398852900335831,14,0.043888399998894316,0.8976481900329514,372,199,True,9,5,0.6037988148838994,2.0,18,low_compatibility_junction,0.0,False,,low_support,high_bottleneck,short_horizon,unknown,not_planner_used
2930,480,18,404,3.747289438086398,low_compatibility_junction,0.01693184662413282,130,0.03930033097691202,0.7127411752878308,18,404,True,37,6,0.4954000961047544,5.0,94,low_compatibility_junction,0.0,False,,high_support,low_bottleneck,short_horizon,unknown,not_planner_used
2931,1431,65,259,3.745884316553698,low_compatibility_junction,0.08618312638506971,220,0.12497634851570413,0.17841151272591502,65,259,True,101,35,1.265261094679104,4.0,168,low_compatibility_junction,3.0,True,,high_support,high_bottleneck,short_horizon,unknown,planner_used
2932,6329,291,271,3.742416550321205,low_compatibility_junction,0.011800432946834276,85,0.034894242458210864,0.7897738353015594,291,271,True,29,13,0.4491434403004862,9.0,35,low_compatibility_junction,0.0,False,,high_support,low_bottleneck,long_horizon,unknown,not_planner_used
2933,8696,404,345,3.7419662758497982,low_compatibility_junction,0.024335956557991614,142,0.04999474286758844,0.6146396418265888,404,345,True,28,6,0.4954000961047544,5.0,97,low_compatibility_junction,0.0,False,,high_support,low_bottleneck,short_horizon,unknown,not_planner_used
2934,8685,404,242,3.73891342352922,low_compatibility_junction,0.025464307292832923,171,0.0493822570592761,0.6009243981082648,404,242,True,32,6,0.4954000961047544,6.0,104,low_compatibility_junction,0.0,False,,high_support,low_bottleneck,short_horizon,unknown,not_planner_used
2935,8549,395,271,3.737734810313579,low_compatibility_junction,0.012553916866591403,101,0.03440560575496415,0.777961425749464,395,271,True,20,6,0.4491434403004862,7.0,51,low_compatibility_junction,1.0,True,,high_support,low_bottleneck,long_horizon,unknown,planner_used
2936,8708,404,482,3.735888306558912,low_compatibility_junction,0.02176260502041496,277,0.039135477297109235,0.647101511957787,404,482,True,30,4,0.4954000961047544,7.0,152,low_compatibility_junction,0.0,False,,high_support,low_bottleneck,long_horizon,unknown,not_planner_used
2937,18,0,404,3.731553152964081,low_compatibility_junction,0.004674700653677891,44,0.024877271389719124,0.9107434699640395,0,404,True,14,5,0.4954000961047544,3.0,45,low_compatibility_junction,0.0,False,,high_support,low_bottleneck,short_horizon,unknown,not_planner_used
2938,377,13,199,3.728673972849842,low_compatibility_junction,0.008821481466781791,143,0.024215741409381895,0.8382577658355844,13,199,True,19,16,0.6037988148838994,9.0,55,low_compatibility_junction,0.0,False,,high_support,high_bottleneck,long_horizon,unknown,not_planner_used
2939,5944,271,293,3.724458105280189,low_compatibility_junction,0.007524615467096178,39,0.03474949227847563,0.8602843461347266,271,293,True,8,6,0.4491434403004862,4.0,27,low_compatibility_junction,1.0,True,,low_support,low_bottleneck,short_horizon,unknown,planner_used
2940,8691,404,308,3.7240568213992384,low_compatibility_junction,0.023217877578819553,219,0.043398997933063524,0.6285387792537821,404,308,True,24,5,0.4954000961047544,7.0,108,low_compatibility_junction,0.0,False,,high_support,low_bottleneck,long_horizon,unknown,not_planner_used
2941,4269,199,242,3.723476793476906,low_compatibility_junction,0.022132398264717225,131,0.047608598979363814,0.6423332909017813,199,242,True,18,4,0.6037988148838994,6.0,77,low_compatibility_junction,0.0,False,,high_support,high_bottleneck,short_horizon,unknown,not_planner_used
2942,5914,271,25,3.723282866914539,low_compatibility_junction,0.008309909632468285,48,0.03409885624890091,0.8468783724871376,271,25,True,18,13,0.4491434403004862,8.0,24,low_compatibility_junction,0.0,False,,high_support,low_bottleneck,long_horizon,unknown,not_planner_used
2943,8795,408,271,3.7224606767974087,low_compatibility_junction,0.007771730990498327,24,0.04304204533385369,0.8560430433562128,408,271,True,10,3,0.4491434403004862,3.0,17,low_compatibility_junction,0.0,False,,low_support,low_bottleneck,short_horizon,unknown,not_planner_used
2944,1096,48,271,3.720932343577995,low_compatibility_junction,0.009634382446465379,91,0.029801661898817056,0.8247395421902314,48,271,True,27,5,0.4491434403004862,9.0,35,low_compatibility_junction,0.0,False,,high_support,low_bottleneck,long_horizon,unknown,not_planner_used
2945,3195,153,404,3.720127244403781,low_compatibility_junction,0.0036954782670363786,10,0.041373786762305846,0.9287556817471473,153,404,True,7,3,0.4954000961047544,2.0,18,low_compatibility_junction,0.0,False,,low_support,low_bottleneck,short_horizon,unknown,not_planner_used
2946,2636,129,199,3.717750906587222,low_compatibility_junction,0.009499779955802702,103,0.02832301355392377,0.8269627733025471,129,199,True,23,13,0.6037988148838994,10.0,43,low_compatibility_junction,0.0,False,,high_support,high_bottleneck,long_horizon,unknown,not_planner_used
2947,4279,199,334,3.717526517462293,low_compatibility_junction,0.014879291011595058,77,0.04212523300662745,0.7426088496223189,199,334,True,13,5,0.6037988148838994,5.0,54,low_compatibility_junction,0.0,False,,high_support,high_bottleneck,short_horizon,unknown,not_planner_used
2948,8517,394,271,3.717152072976912,low_compatibility_junction,0.0073659769710033175,62,0.028729624543685744,0.8630181650282411,394,271,True,22,7,0.4491434403004862,8.0,26,low_compatibility_junction,0.0,False,,high_support,low_bottleneck,long_horizon,unknown,not_planner_used
2949,4290,199,457,3.7136412839634407,low_compatibility_junction,0.008466890060483047,93,0.027168395047461366,0.8442236754347868,199,457,True,26,7,0.6037988148838994,8.0,43,low_compatibility_junction,0.0,False,,high_support,high_bottleneck,long_horizon,unknown,not_planner_used
2950,4591,215,271,3.7134806833932537,low_compatibility_junction,0.00788475562714868,9,0.0658982379847049,0.8541101497466066,215,271,True,9,2,0.4491434403004862,3.0,17,low_compatibility_junction,0.0,False,,low_support,low_bottleneck,short_horizon,unknown,not_planner_used
2951,10414,482,199,3.712560456555,low_compatibility_junction,0.01622092408970708,21,0.07069429110035809,0.7229476386422917,482,199,True,12,3,0.6037988148838994,3.0,23,low_compatibility_junction,0.0,False,,low_support,high_bottleneck,short_horizon,unknown,not_planner_used
2952,8084,372,404,3.7115723835443832,low_compatibility_junction,0.011949865580644719,86,0.03505392834996934,0.78741699925155,372,404,True,14,6,0.4954000961047544,5.0,61,low_compatibility_junction,1.0,True,,high_support,low_bottleneck,short_horizon,unknown,planner_used
2953,1444,66,404,3.707572444059232,low_compatibility_junction,0.01073703002454578,138,0.028025581682288195,0.8067506837686342,66,404,True,19,2,0.4954000961047544,5.0,81,low_compatibility_junction,0.0,False,,high_support,low_bottleneck,short_horizon,unknown,not_planner_used
2954,8669,404,18,3.707179387846108,low_compatibility_junction,0.014970774265100895,59,0.04619216155032184,0.7412513663979258,404,18,True,16,4,0.4954000961047544,4.0,42,low_compatibility_junction,0.0,False,,high_support,low_bottleneck,short_horizon,unknown,not_planner_used
2955,4287,199,420,3.706814260847642,low_compatibility_junction,0.011708054427678386,30,0.05042827390422978,0.7912343468324916,199,420,True,20,3,0.6037988148838994,4.0,26,low_compatibility_junction,0.0,False,,high_support,high_bottleneck,short_horizon,unknown,not_planner_used
2956,4255,199,97,3.706782890421164,low_compatibility_junction,0.008242398163193538,131,0.023789420357568872,0.8480226248793697,199,97,True,14,2,0.6037988148838994,6.0,79,low_compatibility_junction,0.0,False,,high_support,high_bottleneck,short_horizon,unknown,not_planner_used
2957,4280,199,363,3.702177879545464,low_compatibility_junction,0.012105436401441693,125,0.031393618167440976,0.7849708245813346,199,363,True,13,2,0.6037988148838994,6.0,72,low_compatibility_junction,0.0,False,,high_support,high_bottleneck,short_horizon,unknown,not_planner_used
2958,9116,421,199,3.701391963680957,low_compatibility_junction,0.02232188627690888,31,0.07491642736533706,0.6399036085973139,421,199,True,10,4,0.6037988148838994,4.0,30,low_compatibility_junction,0.0,False,,low_support,high_bottleneck,short_horizon,unknown,not_planner_used
2959,7325,334,404,3.7011515916825775,low_compatibility_junction,0.004371671782185634,9,0.047569169547223844,0.9162798612001299,334,404,True,8,2,0.4954000961047544,2.0,11,low_compatibility_junction,0.0,False,,low_support,low_bottleneck,short_horizon,unknown,not_planner_used
2960,767,31,199,3.699264906982288,low_compatibility_junction,0.010196024785994203,99,0.03008690103004933,0.8155272065133844,31,199,True,20,9,0.6037988148838994,10.0,34,low_compatibility_junction,0.0,False,,high_support,high_bottleneck,long_horizon,unknown,not_planner_used
2961,1503,69,404,3.698789057954284,low_compatibility_junction,0.0113437502830953,87,0.03372450738294597,0.7970203991014743,69,404,True,30,3,0.4954000961047544,6.0,47,low_compatibility_junction,0.0,False,,high_support,low_bottleneck,short_horizon,unknown,not_planner_used
2962,1468,68,271,3.6978213973014418,low_compatibility_junction,0.002026068279519677,2,0.06440933487643168,0.9602886471583364,68,271,True,3,2,0.4491434403004862,2.0,5,low_compatibility_junction,0.0,False,,low_support,low_bottleneck,short_horizon,unknown,not_planner_used
2963,8195,380,271,3.696722344888514,low_compatibility_junction,0.018825574634739987,52,0.05611867760525667,0.686251230765497,380,271,True,20,2,0.4491434403004862,6.5,24,low_compatibility_junction,0.0,False,,high_support,low_bottleneck,long_horizon,unknown,not_planner_used
2964,7223,330,404,3.6962782109310286,low_compatibility_junction,0.018118324622480295,118,0.04240533654343255,0.6960272323666316,330,404,True,18,8,0.4954000961047544,9.0,53,low_compatibility_junction,0.0,False,,high_support,low_bottleneck,long_horizon,unknown,not_planner_used
2965,5953,271,408,3.694298856936656,low_compatibility_junction,0.012279782708532907,37,0.047986551410907324,0.7822384558450137,271,408,True,10,5,0.4491434403004862,8.0,27,low_compatibility_junction,0.0,False,,low_support,low_bottleneck,long_horizon,unknown,not_planner_used
2966,6219,286,199,3.69421916473192,low_compatibility_junction,0.009674571112126988,51,0.03666978941940846,0.8240769048966128,286,199,True,12,3,0.6037988148838994,5.0,37,low_compatibility_junction,0.0,False,,low_support,high_bottleneck,short_horizon,unknown,not_planner_used
2967,5938,271,201,3.6920822475470416,low_compatibility_junction,0.07059419632048136,31,0.16412608920523591,0.24368376815669862,271,201,True,6,3,0.4491434403004862,4.5,22,low_compatibility_junction,0.0,False,,low_support,low_bottleneck,short_horizon,unknown,not_planner_used
2968,5652,259,201,3.691075570463623,low_compatibility_junction,0.006924200104549527,2,0.12224984148936356,0.8706771801720044,259,201,True,3,3,1.265261094679104,1.0,4,low_compatibility_junction,0.0,False,,low_support,high_bottleneck,short_horizon,unknown,not_planner_used
2969,2188,106,404,3.689763396271334,low_compatibility_junction,0.02016606205499092,94,0.048874045967553806,0.6680974444895751,106,404,True,18,9,0.4954000961047544,9.0,40,low_compatibility_junction,0.0,False,,high_support,low_bottleneck,long_horizon,unknown,not_planner_used
2970,633,23,474,3.687139338694639,low_compatibility_junction,0.03127370296319555,882,0.04294479334430994,0.5350077430159189,23,474,True,115,20,0.4843299268618116,8.0,412,low_compatibility_junction,0.0,False,,high_support,low_bottleneck,long_horizon,unknown,not_planner_used
2971,5655,259,219,3.686230911767056,low_compatibility_junction,0.012267358702692119,55,0.04153921462182063,0.7824328506985276,259,219,True,21,14,1.265261094679104,3.0,80,low_compatibility_junction,0.0,False,,high_support,high_bottleneck,short_horizon,unknown,not_planner_used
2972,3180,153,199,3.685265746695427,low_compatibility_junction,0.038761739584927755,75,0.08331988119630386,0.4605956242733419,153,199,True,13,3,0.6037988148838994,6.5,38,low_compatibility_junction,0.0,False,,high_support,high_bottleneck,long_horizon,unknown,not_planner_used
2973,1549,74,199,3.680746139504061,low_compatibility_junction,0.010388555797964702,71,0.03409707805291636,0.8123929592169269,74,199,True,10,9,0.6037988148838994,9.0,28,low_compatibility_junction,0.0,False,,low_support,high_bottleneck,long_horizon,unknown,not_planner_used
2974,4049,189,199,3.679504223406832,low_compatibility_junction,0.009207292550159722,89,0.029142788266243516,0.8318144740033435,189,199,True,10,2,0.6037988148838994,7.0,51,low_compatibility_junction,0.0,False,,low_support,high_bottleneck,long_horizon,unknown,not_planner_used
2975,9120,421,404,3.678742179712261,low_compatibility_junction,0.0034990716725587846,10,0.040162450863928785,0.9324111314020359,421,404,True,8,4,0.4954000961047544,3.0,14,low_compatibility_junction,1.0,True,,low_support,low_bottleneck,short_horizon,unknown,planner_used
2976,4288,199,421,3.6760165446352513,low_compatibility_junction,0.017248323627803794,58,0.05104823182207084,0.7082440986840428,199,421,True,10,3,0.6037988148838994,7.0,37,low_compatibility_junction,0.0,False,,low_support,high_bottleneck,long_horizon,unknown,not_planner_used
2977,4278,199,327,3.67110177221132,low_compatibility_junction,0.037078592969919555,8,0.17051449647476855,0.47636454863280353,199,327,True,9,2,0.6037988148838994,3.0,9,low_compatibility_junction,0.0,False,,low_support,high_bottleneck,short_horizon,unknown,not_planner_used
2978,4268,199,241,3.6710515650832978,low_compatibility_junction,0.01205529972212389,80,0.03611554686666481,0.78575833595752,199,241,True,13,3,0.6037988148838994,9.0,34,low_compatibility_junction,0.0,False,,high_support,high_bottleneck,long_horizon,unknown,not_planner_used
2979,5226,245,199,3.669995985919545,low_compatibility_junction,0.006797271424455201,71,0.02597486908870004,0.8728902661296567,245,199,True,12,6,0.6037988148838994,9.5,24,low_compatibility_junction,0.0,False,,low_support,high_bottleneck,long_horizon,unknown,not_planner_used
2980,5934,271,177,3.668717011570055,low_compatibility_junction,0.009336106509983759,34,0.041814871866459186,0.8296742457751299,271,177,True,7,6,0.4491434403004862,9.0,15,low_compatibility_junction,0.0,False,,low_support,low_bottleneck,long_horizon,unknown,not_planner_used
2981,4790,226,404,3.668004694251882,low_compatibility_junction,0.012692321662026912,78,0.03769458384091953,0.7758109316697983,226,404,True,8,7,0.4954000961047544,8.0,37,low_compatibility_junction,0.0,False,,low_support,low_bottleneck,long_horizon,unknown,not_planner_used
2982,4275,199,308,3.665837370809325,low_compatibility_junction,0.022859120438101167,66,0.059335679344080156,0.6330648529540419,199,308,True,7,2,0.6037988148838994,7.0,42,low_compatibility_junction,1.0,True,,low_support,high_bottleneck,long_horizon,unknown,planner_used
2983,8673,404,85,3.663639716381371,low_compatibility_junction,0.02811929542024034,97,0.061490541343923205,0.569847835870852,404,85,True,12,3,0.4954000961047544,8.0,41,low_compatibility_junction,0.0,False,,low_support,low_bottleneck,long_horizon,unknown,not_planner_used
2984,3207,154,259,3.6609507299975736,low_compatibility_junction,0.06611493313559205,74,0.1247004132034348,0.2665219532192219,154,259,True,54,11,1.265261094679104,5.0,62,low_compatibility_junction,0.0,False,,high_support,high_bottleneck,short_horizon,unknown,not_planner_used
2985,10315,479,199,3.660797758353095,low_compatibility_junction,0.003005194099387154,4,0.05672845175425598,0.9416667062938487,479,199,True,4,2,0.6037988148838994,3.0,11,low_compatibility_junction,0.0,False,,low_support,high_bottleneck,short_horizon,unknown,not_planner_used
2986,8770,407,271,3.660205263391627,low_compatibility_junction,0.008665663720291508,28,0.04314651438299985,0.8408741492287832,407,271,True,12,3,0.4491434403004862,9.0,12,low_compatibility_junction,0.0,False,,low_support,low_bottleneck,long_horizon,unknown,not_planner_used
2987,8697,404,372,3.6592316868365415,low_compatibility_junction,0.01220743316527525,54,0.041676838281781536,0.783371167058745,404,372,True,7,2,0.4954000961047544,5.0,35,low_compatibility_junction,0.0,False,,low_support,low_bottleneck,short_horizon,unknown,not_planner_used
2988,8667,404,0,3.656897886240481,low_compatibility_junction,0.019852115894494534,43,0.06196599484754117,0.6723055744773915,404,0,True,6,3,0.4954000961047544,5.0,29,low_compatibility_junction,0.0,False,,low_support,low_bottleneck,short_horizon,unknown,not_planner_used
2989,4260,199,153,3.652764858935827,low_compatibility_junction,0.035230005756161656,33,0.09927061553144424,0.49430620031366995,199,153,True,7,2,0.6037988148838994,6.0,23,low_compatibility_junction,0.0,False,,low_support,high_bottleneck,short_horizon,unknown,not_planner_used
2990,5920,271,68,3.6525655202086553,low_compatibility_junction,0.008432745842987465,9,0.06842833496828218,0.8448003794592313,271,68,True,8,5,0.4491434403004862,8.0,8,low_compatibility_junction,0.0,False,,low_support,low_bottleneck,long_horizon,unknown,not_planner_used
2991,5946,271,343,3.651976966690111,low_compatibility_junction,0.012435307046650228,37,0.048367478715252904,0.7798090936912185,271,343,True,5,4,0.4491434403004862,9.0,14,low_compatibility_junction,0.0,False,,low_support,low_bottleneck,long_horizon,unknown,not_planner_used
2992,5921,271,91,3.6494065276233183,low_compatibility_junction,0.009787084217267957,33,0.04354112448230639,0.8222246007342678,271,91,True,3,2,0.4491434403004862,7.0,20,low_compatibility_junction,0.0,False,,low_support,low_bottleneck,long_horizon,unknown,not_planner_used
2993,7653,352,404,3.649118062855558,low_compatibility_junction,0.009974550287422192,14,0.062291054364707873,0.8191475883992627,352,404,True,7,2,0.4954000961047544,4.0,17,low_compatibility_junction,3.0,True,,low_support,low_bottleneck,short_horizon,unknown,planner_used
2994,4345,201,271,3.638952161320396,low_compatibility_junction,0.009770004078745842,7,0.0829941683854535,0.8225055229149703,201,271,True,3,3,0.4491434403004862,5.0,7,low_compatibility_junction,0.0,False,,low_support,low_bottleneck,short_horizon,unknown,not_planner_used
2995,8706,404,473,3.633322302977135,low_compatibility_junction,0.040465517782677825,65,0.08936924315814387,0.445164965886927,404,473,True,5,2,0.4954000961047544,7.0,30,low_compatibility_junction,0.0,False,,low_support,low_bottleneck,long_horizon,unknown,not_planner_used
2996,7504,345,199,3.6310111841816375,low_compatibility_junction,0.009604915362698111,11,0.06752197428581448,0.8252257388276474,345,199,True,5,2,0.6037988148838994,4.0,7,low_compatibility_junction,0.0,False,,low_support,high_bottleneck,short_horizon,unknown,not_planner_used
2997,6557,300,199,3.628435071474911,low_compatibility_junction,0.025582244202237706,29,0.08379610359224787,0.5995086451339868,300,199,True,5,2,0.6037988148838994,6.0,13,low_compatibility_junction,0.0,False,,low_support,high_bottleneck,short_horizon,unknown,not_planner_used
2998,4259,199,136,3.627625699816998,low_compatibility_junction,0.0194544507863207,45,0.060207424267672574,0.6776739436906457,199,136,True,7,2,0.6037988148838994,9.0,16,low_compatibility_junction,0.0,False,,low_support,high_bottleneck,long_horizon,unknown,not_planner_used
2999,8695,404,334,3.626917726702158,low_compatibility_junction,0.03473225013779787,12,0.14017868682856688,0.49925164948990486,404,334,True,3,2,0.4954000961047544,4.0,14,low_compatibility_junction,0.0,False,,low_support,low_bottleneck,short_horizon,unknown,not_planner_used
3000,5662,259,280,3.626622162456196,low_compatibility_junction,0.007309914042707533,8,0.06655702978101294,0.8639863742433201,259,280,True,7,6,1.265261094679104,2.0,12,low_compatibility_junction,0.0,False,,low_support,high_bottleneck,short_horizon,unknown,not_planner_used
3001,5126,242,199,3.625176293880757,low_compatibility_junction,0.017459902088031977,37,0.06003700539466079,0.705253446804529,242,199,True,7,2,0.6037988148838994,8.5,14,low_compatibility_junction,0.0,False,,low_support,high_bottleneck,long_horizon,unknown,not_planner_used
3002,5676,259,349,3.622147273265413,low_compatibility_junction,0.01475084857710222,184,0.03229998145141243,0.7445189517239936,259,349,True,14,7,1.265261094679104,6.5,92,low_compatibility_junction,1.0,True,,high_support,high_bottleneck,long_horizon,unknown,planner_used
3003,5624,259,0,3.621362099128578,low_compatibility_junction,0.011807103475941152,145,0.029493679081258023,0.7896684781424711,259,0,True,15,10,1.265261094679104,7.0,74,low_compatibility_junction,0.0,False,,high_support,high_bottleneck,long_horizon,unknown,not_planner_used
3004,5917,271,48,3.6205725591857583,low_compatibility_junction,0.01516054772461454,21,0.06782333848263286,0.7384433020064395,271,48,True,3,3,0.4491434403004862,9.0,8,low_compatibility_junction,0.0,False,,low_support,low_bottleneck,long_horizon,unknown,not_planner_used
3005,10427,482,404,3.6193653568652793,low_compatibility_junction,0.012645692867226898,20,0.06193042362571784,0.776534771709954,482,404,True,9,2,0.4954000961047544,7.0,13,low_compatibility_junction,0.0,False,,low_support,low_bottleneck,long_horizon,unknown,not_planner_used
3006,10179,473,259,3.618286942093085,low_compatibility_junction,0.016239022080577453,98,0.0414693543328217,0.7226860079997598,473,259,True,32,7,1.265261094679104,7.0,50,low_compatibility_junction,0.0,False,,high_support,high_bottleneck,long_horizon,unknown,not_planner_used
3007,5677,259,351,3.617716986838554,low_compatibility_junction,0.10347117454205688,19,0.24811135679493418,0.12625854993767077,259,351,True,11,11,1.265261094679104,3.0,17,low_compatibility_junction,0.0,False,,low_support,high_bottleneck,short_horizon,unknown,not_planner_used
3008,8678,404,153,3.610696517601432,low_compatibility_junction,0.02549121230840683,10,0.1244493050567898,0.6006011274862795,404,153,True,5,2,0.4954000961047544,5.0,9,low_compatibility_junction,0.0,False,,low_support,low_bottleneck,short_horizon,unknown,not_planner_used
3009,5705,259,510,3.6077422371302896,low_compatibility_junction,0.009368699820091328,3,0.11889920885579766,0.829133585413767,259,510,True,3,3,1.265261094679104,1.5,4,low_compatibility_junction,0.0,False,,low_support,high_bottleneck,short_horizon,unknown,not_planner_used
3010,8928,412,474,3.6075510514000273,low_compatibility_junction,0.014226850704929617,91,0.0387338287800465,0.7523625069285934,412,474,True,25,7,0.4843299268618116,4.0,80,low_compatibility_junction,0.0,False,,high_support,low_bottleneck,short_horizon,unknown,not_planner_used
3011,3376,161,271,3.605831206816617,low_compatibility_junction,0.009556725458241998,10,0.07014807510518621,0.8260214732198704,161,271,True,4,2,0.4491434403004862,9.0,5,low_compatibility_junction,0.0,False,,low_support,low_bottleneck,long_horizon,unknown,not_planner_used
3012,1608,76,259,3.604090695720736,low_compatibility_junction,0.01768118643303751,80,0.046819658810882944,0.7021391124813504,76,259,True,30,6,1.265261094679104,7.0,37,low_compatibility_junction,0.0,False,,high_support,high_bottleneck,long_horizon,unknown,not_planner_used
3013,5961,271,457,3.6040713973014418,low_compatibility_junction,0.01672748968537365,7,0.11254004804456295,0.715660208565603,271,457,True,3,2,0.4491434403004862,8.0,5,low_compatibility_junction,0.0,False,,low_support,low_bottleneck,long_horizon,unknown,not_planner_used
3014,4292,199,467,3.602403494632093,low_compatibility_junction,0.007479139618226327,24,0.04207915332088393,0.8610671452835205,199,467,True,4,2,0.6037988148838994,9.0,10,low_compatibility_junction,1.0,True,,low_support,high_bottleneck,long_horizon,unknown,planner_used
3015,10987,510,259,3.601566586137541,low_compatibility_junction,0.011526606689585606,48,0.04189950176710225,0.7941109167974391,510,259,True,31,5,1.265261094679104,6.0,31,low_compatibility_junction,0.0,False,,high_support,high_bottleneck,short_horizon,unknown,not_planner_used
3016,10224,474,471,3.600955934736765,low_compatibility_junction,0.014584505758805957,358,0.027094595242544366,0.7469999840688811,474,471,True,26,5,0.4843299268618116,7.0,179,low_compatibility_junction,1.0,True,,high_support,low_bottleneck,long_horizon,unknown,planner_used
3017,5627,259,17,3.597807729899733,low_compatibility_junction,0.08491018009574516,23,0.20399928591221292,0.18301199132618068,259,17,True,8,8,1.265261094679104,4.0,27,low_compatibility_junction,0.0,False,,low_support,high_bottleneck,short_horizon,unknown,not_planner_used
3018,8329,384,474,3.5958348472057238,low_compatibility_junction,0.01938292637554019,301,0.03511125217453903,0.6786440419727758,384,474,True,39,5,0.4843299268618116,8.0,132,low_compatibility_junction,0.0,False,,high_support,low_bottleneck,long_horizon,unknown,not_planner_used
3019,5633,259,65,3.586517751636028,low_compatibility_junction,0.14296579447885355,30,0.2782700683790725,0.05730795182542203,259,65,True,9,6,1.265261094679104,4.0,21,low_compatibility_junction,3.0,True,,low_support,high_bottleneck,short_horizon,unknown,planner_used
3020,5678,259,352,3.585776029587452,low_compatibility_junction,0.011955699859148202,72,0.03721244169257418,0.7873251244104481,259,352,True,9,7,1.265261094679104,6.0,36,low_compatibility_junction,0.0,False,,low_support,high_bottleneck,short_horizon,unknown,not_planner_used
3021,8681,404,198,3.585735565457823,low_compatibility_junction,0.00644592140452005,8,0.062081624495705375,0.8790456680548561,404,198,True,6,3,0.4954000961047544,9.5,6,low_compatibility_junction,0.0,False,,low_support,low_bottleneck,long_horizon,unknown,not_planner_used
3022,1968,94,259,3.585551212457981,low_compatibility_junction,0.010043215296529937,53,0.03702399667574517,0.8180234249505134,94,259,True,24,4,1.265261094679104,7.0,31,low_compatibility_junction,0.0,False,,high_support,high_bottleneck,long_horizon,unknown,not_planner_used
3023,8690,404,302,3.585283229773848,low_compatibility_junction,0.005719295266317204,12,0.04850874557738898,0.8919136952150454,404,302,True,5,5,0.4954000961047544,10.0,5,low_compatibility_junction,0.0,False,,low_support,low_bottleneck,long_horizon,unknown,not_planner_used
3024,5661,259,270,3.585235774259112,low_compatibility_junction,0.1328311870539827,56,0.22828913293541897,0.07018478417557492,259,270,True,9,9,1.265261094679104,6.0,30,low_compatibility_junction,0.0,False,,low_support,high_bottleneck,short_horizon,unknown,not_planner_used
3025,5673,259,338,3.5847969413328045,low_compatibility_junction,0.013325232642296797,39,0.049554634825184386,0.7660524393939226,259,338,True,11,5,1.265261094679104,5.0,29,low_compatibility_junction,0.0,False,,low_support,high_bottleneck,short_horizon,unknown,not_planner_used
3026,9275,427,474,3.582786660930024,low_compatibility_junction,0.010245633714249674,189,0.02467657242037715,0.8147184591770495,427,474,True,24,5,0.4843299268618116,7.0,108,low_compatibility_junction,0.0,False,,high_support,low_bottleneck,long_horizon,unknown,not_planner_used
3027,4265,199,211,3.5806479019634447,low_compatibility_junction,0.016559561528265477,15,0.0816826304398704,0.7180678393913182,199,211,True,4,3,0.6037988148838994,10.0,4,low_compatibility_junction,0.0,False,,low_support,high_bottleneck,long_horizon,unknown,not_planner_used
3028,9202,424,474,3.576859120660679,low_compatibility_junction,0.03445311540287506,151,0.0640592594014016,0.5020466134829453,424,474,True,17,8,0.4843299268618116,7.0,85,low_compatibility_junction,0.0,False,,high_support,low_bottleneck,long_horizon,unknown,not_planner_used
3029,5681,259,366,3.568681455777622,low_compatibility_junction,0.03306783352875047,27,0.10166040123002276,0.516150612926181,259,366,True,7,3,1.265261094679104,3.5,16,low_compatibility_junction,0.0,False,,low_support,high_bottleneck,short_horizon,unknown,not_planner_used
3030,8866,410,136,3.568322685188683,low_compatibility_junction,0.005102130157562594,6,0.062257391235455296,0.9029910805838027,410,136,True,13,8,0.5045878099035421,1.0,13,low_compatibility_junction,0.0,False,,high_support,high_bottleneck,short_horizon,unknown,not_planner_used
3031,5699,259,445,3.567709633596483,low_compatibility_junction,0.012725107837468386,8,0.09089541411518691,0.7753023809560466,259,445,True,5,4,1.265261094679104,3.0,11,low_compatibility_junction,0.0,False,,low_support,high_bottleneck,short_horizon,unknown,not_planner_used
3032,2133,102,410,3.5658042183125875,low_compatibility_junction,0.007749724028383896,304,0.01764578581608769,0.8564199044222702,102,410,True,176,29,0.5045878099035421,4.0,275,low_compatibility_junction,0.0,False,,high_support,high_bottleneck,short_horizon,unknown,not_planner_used
3033,7659,352,474,3.563373312993385,low_compatibility_junction,0.024479405092917923,131,0.051272374804989994,0.6128787858339585,352,474,True,16,6,0.4843299268618116,7.0,70,low_compatibility_junction,2.0,True,,high_support,low_bottleneck,long_horizon,unknown,planner_used
3034,9026,417,199,3.5632411355552223,low_compatibility_junction,0.03681408419894675,12,0.14537473769837453,0.47889127818722893,417,199,True,2,2,0.6037988148838994,9.5,4,low_compatibility_junction,0.0,False,,low_support,high_bottleneck,long_horizon,unknown,not_planner_used
3035,9510,438,259,3.5631404678930574,low_compatibility_junction,0.020262375396365922,21,0.0811447527522851,0.6668117492383218,438,259,True,14,4,1.265261094679104,5.0,14,low_compatibility_junction,0.0,False,,high_support,high_bottleneck,short_horizon,unknown,not_planner_used
3036,5695,259,419,3.5629025111851265,low_compatibility_junction,0.013763777642452624,64,0.04250696384350241,0.7593628497966219,259,419,True,6,5,1.265261094679104,7.0,34,low_compatibility_junction,0.0,False,,low_support,high_bottleneck,long_horizon,unknown,not_planner_used
3037,8864,410,130,3.562583177881666,low_compatibility_junction,0.009437650239719502,660,0.016849319699644948,0.8279909912454682,410,130,True,92,36,0.5045878099035421,5.0,500,low_compatibility_junction,0.0,False,,high_support,high_bottleneck,short_horizon,unknown,not_planner_used
3038,10215,474,337,3.562390351645467,low_compatibility_junction,0.013745472455689273,118,0.03489958953419156,0.7596409062680062,474,337,True,22,11,0.4843299268618116,9.0,47,low_compatibility_junction,0.0,False,,high_support,low_bottleneck,long_horizon,unknown,not_planner_used
3039,5639,259,110,3.5601114315984272,low_compatibility_junction,0.02093035818782086,78,0.05303716392340791,0.6579626160684796,259,110,True,6,3,1.265261094679104,7.0,42,low_compatibility_junction,0.0,False,,low_support,high_bottleneck,long_horizon,unknown,not_planner_used
3040,9735,448,259,3.5596811058064515,low_compatibility_junction,0.020605257295660283,19,0.08515110245812826,0.6622546390223673,448,259,True,10,5,1.265261094679104,5.5,16,low_compatibility_junction,0.0,False,,low_support,high_bottleneck,short_horizon,unknown,not_planner_used
3041,5649,259,177,3.558737419477368,low_compatibility_junction,0.013661919452715665,8,0.0946585472911267,0.7609113730635293,259,177,True,4,2,1.265261094679104,3.0,14,low_compatibility_junction,0.0,False,,low_support,high_bottleneck,short_horizon,unknown,not_planner_used
3042,5656,259,231,3.558533207466701,low_compatibility_junction,0.013205316849052906,2,0.17246853483632335,0.7678918800107637,259,231,True,2,2,1.265261094679104,2.0,5,low_compatibility_junction,0.0,False,,low_support,high_bottleneck,short_horizon,unknown,not_planner_used
3043,7263,331,474,3.5582970777938607,low_compatibility_junction,0.028737467436912356,114,0.05985662931531788,0.5628459291700572,331,474,True,24,5,0.4843299268618116,8.0,58,low_compatibility_junction,0.0,False,,high_support,low_bottleneck,long_horizon,unknown,not_planner_used
3044,7915,363,259,3.5558768875507565,low_compatibility_junction,0.021032289003155062,28,0.07475034975773623,0.6566226490535477,363,259,True,14,5,1.265261094679104,6.5,14,low_compatibility_junction,0.0,False,,high_support,high_bottleneck,long_horizon,unknown,not_planner_used
3045,5629,259,44,3.5558295411012733,low_compatibility_junction,0.01567159246922912,19,0.07196218700461196,0.7309341909211696,259,44,True,4,4,1.265261094679104,4.0,17,low_compatibility_junction,0.0,False,,low_support,high_bottleneck,short_horizon,unknown,not_planner_used
3046,9932,461,259,3.5546212285889007,low_compatibility_junction,0.027643509928436418,56,0.07119055094261714,0.5752962240562474,461,259,True,18,2,1.265261094679104,8.0,24,low_compatibility_junction,0.0,False,,high_support,high_bottleneck,long_horizon,unknown,not_planner_used
3047,5689,259,401,3.5528100611201023,low_compatibility_junction,0.03090530828783466,42,0.08407301964909172,0.5389641804988186,259,401,True,5,3,1.265261094679104,6.0,31,low_compatibility_junction,0.0,False,,low_support,high_bottleneck,short_horizon,unknown,not_planner_used
3048,5630,259,45,3.5483252317424148,low_compatibility_junction,0.08602150436490774,16,0.2297356762409421,0.17898915039476085,259,45,True,10,10,1.265261094679104,8.0,11,low_compatibility_junction,1.0,True,,low_support,high_bottleneck,long_horizon,unknown,planner_used
3049,3915,181,474,3.546277382606794,low_compatibility_junction,0.02244427078944999,86,0.05410782012566423,0.6383392381013264,181,474,True,20,3,0.4843299268618116,7.0,53,low_compatibility_junction,0.0,False,,high_support,low_bottleneck,long_horizon,unknown,not_planner_used
3050,5634,259,66,3.5457668478306434,low_compatibility_junction,0.015815228093188347,41,0.054310010838447366,0.7288374402722737,259,66,True,4,2,1.265261094679104,5.0,27,low_compatibility_junction,0.0,False,,low_support,high_bottleneck,short_horizon,unknown,not_planner_used
3051,7392,338,259,3.544575142307196,low_compatibility_junction,0.011823808049990071,36,0.04734467085734514,0.7894047006964788,338,259,True,9,3,1.265261094679104,6.5,18,low_compatibility_junction,1.0,True,,low_support,high_bottleneck,long_horizon,unknown,planner_used
3052,6391,293,410,3.543548994035208,low_compatibility_junction,0.007860231913682483,91,0.026076233489281522,0.8545291715495319,293,410,True,92,29,0.5045878099035421,3.0,116,low_compatibility_junction,0.0,False,,high_support,high_bottleneck,short_horizon,unknown,not_planner_used
3053,4899,231,259,3.542636216427153,low_compatibility_junction,0.0403484805377529,34,0.10786813406737161,0.4462082040106425,231,259,True,17,2,1.265261094679104,8.0,17,low_compatibility_junction,0.0,False,,high_support,high_bottleneck,long_horizon,unknown,not_planner_used
3054,6451,295,404,3.542328535505716,low_compatibility_junction,0.018633026791836267,7,0.11975574977415979,0.6888990496949751,295,404,True,2,2,0.4954000961047544,9.0,3,low_compatibility_junction,0.0,False,,low_support,low_bottleneck,long_horizon,unknown,not_planner_used
3055,5626,259,15,3.5419369014394992,low_compatibility_junction,0.010465262451706904,29,0.04769861431323077,0.8111475958292569,259,15,True,4,2,1.265261094679104,4.5,20,low_compatibility_junction,0.0,False,,low_support,high_bottleneck,short_horizon,unknown,not_planner_used
3056,9293,428,474,3.540416379565688,low_compatibility_junction,0.023763242395943962,72,0.059370839897557585,0.6217203733109912,428,474,True,8,7,0.4843299268618116,6.0,41,low_compatibility_junction,1.0,True,,low_support,low_bottleneck,short_horizon,unknown,planner_used
3057,7491,344,259,3.5403934403011204,low_compatibility_junction,0.046401961939409375,14,0.1592412208707491,0.39532809492637455,344,259,True,7,4,1.265261094679104,4.0,7,low_compatibility_junction,0.0,False,,low_support,high_bottleneck,short_horizon,unknown,not_planner_used
3058,5631,259,54,3.5400835365941266,low_compatibility_junction,0.0302484665804033,53,0.07707260751083743,0.5460911741210586,259,54,True,5,3,1.265261094679104,7.0,25,low_compatibility_junction,0.0,False,,low_support,high_bottleneck,long_horizon,unknown,not_planner_used
3059,1041,45,404,3.539550757727938,low_compatibility_junction,0.03787536451709457,15,0.13636461954147797,0.46883363778369264,45,404,True,2,2,0.4954000961047544,10.0,3,low_compatibility_junction,0.0,False,,low_support,low_bottleneck,long_horizon,unknown,not_planner_used
3060,4059,190,259,3.538961307269826,low_compatibility_junction,0.019637238552891893,19,0.08264868931876856,0.6752010564474775,190,259,True,13,2,1.265261094679104,6.0,13,low_compatibility_junction,0.0,False,,high_support,high_bottleneck,short_horizon,unknown,not_planner_used
3061,5641,259,123,3.538562306059024,low_compatibility_junction,0.016660316754132508,10,0.09666173726819302,0.7166223145753441,259,123,True,2,2,1.265261094679104,2.5,6,low_compatibility_junction,0.0,False,,low_support,high_bottleneck,short_horizon,unknown,not_planner_used
3062,5666,259,295,3.5375448386909465,low_compatibility_junction,0.06760556464669881,27,0.16568216682236747,0.2586935058982046,259,295,True,9,9,1.265261094679104,9.0,10,low_compatibility_junction,0.0,False,,low_support,high_bottleneck,long_horizon,unknown,not_planner_used
3063,21,0,474,3.535693558104724,low_compatibility_junction,0.005901331539187299,43,0.02886265151225562,0.8886723862573525,0,474,True,5,4,0.4843299268618116,4.0,35,low_compatibility_junction,1.0,True,,low_support,low_bottleneck,short_horizon,unknown,planner_used
3064,5679,259,360,3.5352899026754145,low_compatibility_junction,0.01957112979355522,22,0.07803030444286292,0.6760943809659861,259,360,True,7,6,1.265261094679104,8.0,13,low_compatibility_junction,0.0,False,,low_support,high_bottleneck,long_horizon,unknown,not_planner_used
3065,10226,474,498,3.534363265331339,low_compatibility_junction,0.008110853860021703,56,0.031699083441689944,0.8502566131804303,474,498,True,22,8,0.4843299268618116,9.0,24,low_compatibility_junction,2.0,True,,high_support,low_bottleneck,long_horizon,unknown,planner_used
3066,5674,259,345,3.5329973048189887,low_compatibility_junction,0.009396976791322231,1,0.19939546636832778,0.8286648102508528,259,345,True,3,2,1.265261094679104,3.0,7,low_compatibility_junction,0.0,False,,low_support,high_bottleneck,short_horizon,unknown,not_planner_used
3067,5104,241,259,3.5318784752689627,low_compatibility_junction,0.017101748567074537,20,0.07441582942652544,0.7103233633139041,241,259,True,11,4,1.265261094679104,8.0,11,low_compatibility_junction,0.0,False,,low_support,high_bottleneck,long_horizon,unknown,not_planner_used
3068,10189,474,9,3.531077834390072,low_compatibility_junction,0.0053497718433694295,45,0.02672040772715892,0.8985297730914608,474,9,True,21,10,0.4843299268618116,10.0,21,low_compatibility_junction,0.0,False,,high_support,low_bottleneck,long_horizon,unknown,not_planner_used
3069,5645,259,152,3.5303570649445435,low_compatibility_junction,0.01810736837796867,8,0.11135520103428596,0.6961797659688669,259,152,True,3,3,1.265261094679104,3.0,5,low_compatibility_junction,0.0,False,,low_support,high_bottleneck,short_horizon,unknown,not_planner_used
3070,2540,123,259,3.529226868884149,low_compatibility_junction,0.008158807838825803,19,0.04877438444217837,0.8494415403506299,123,259,True,10,2,1.265261094679104,5.5,10,low_compatibility_junction,0.0,False,,low_support,high_bottleneck,short_horizon,unknown,not_planner_used
3071,10417,482,259,3.5284062530467404,low_compatibility_junction,0.017230745510108048,31,0.0634398187539269,0.7084931344197523,482,259,True,11,4,1.265261094679104,9.0,11,low_compatibility_junction,0.0,False,,low_support,high_bottleneck,long_horizon,unknown,not_planner_used
3072,9879,457,259,3.528239833642067,low_compatibility_junction,0.018149701165384613,24,0.07204925743943227,0.695590590817605,457,259,True,9,5,1.265261094679104,10.0,12,low_compatibility_junction,0.0,False,,low_support,high_bottleneck,long_horizon,unknown,not_planner_used
3073,5698,259,438,3.527804269520854,low_compatibility_junction,0.049791499273851514,16,0.1591301428343592,0.369416706766129,259,438,True,3,3,1.265261094679104,4.5,12,low_compatibility_junction,0.0,False,,low_support,high_bottleneck,short_horizon,unknown,not_planner_used
3074,4588,215,259,3.526231871216144,low_compatibility_junction,0.02191691157511539,18,0.09030957179979937,0.6451075502569315,215,259,True,10,3,1.265261094679104,7.0,10,low_compatibility_junction,0.0,False,,low_support,high_bottleneck,long_horizon,unknown,not_planner_used
3075,5692,259,408,3.525926792334382,low_compatibility_junction,0.013247838968204128,9,0.08844602022594833,0.767239109821483,259,408,True,2,2,1.265261094679104,4.0,14,low_compatibility_junction,0.0,False,,low_support,high_bottleneck,short_horizon,unknown,not_planner_used
3076,1730,82,259,3.5253794167462917,low_compatibility_junction,0.022311995354747132,28,0.07764015963543971,0.6400302058542103,82,259,True,10,3,1.265261094679104,8.5,12,low_compatibility_junction,0.0,False,,low_support,high_bottleneck,long_horizon,unknown,not_planner_used
3077,2793,136,259,3.522520417440356,low_compatibility_junction,0.018891347529874605,11,0.10011662386381026,0.6853490896551716,136,259,True,8,2,1.265261094679104,5.0,8,low_compatibility_junction,0.0,False,,low_support,high_bottleneck,short_horizon,unknown,not_planner_used
3078,5665,259,289,3.5223718619334368,low_compatibility_junction,0.011492852121591568,22,0.05629085365489161,0.7946471952142515,259,289,True,3,3,1.265261094679104,5.5,14,low_compatibility_junction,0.0,False,,low_support,high_bottleneck,short_horizon,unknown,not_planner_used
3079,5650,259,185,3.521220003215209,low_compatibility_junction,0.026055575461867146,39,0.07671661564228355,0.5938601000043388,259,185,True,3,2,1.265261094679104,7.0,23,low_compatibility_junction,1.0,True,,low_support,high_bottleneck,long_horizon,unknown,planner_used
3080,5680,259,365,3.5181899009295567,low_compatibility_junction,0.032876462040638384,11,0.14002895175647043,0.5181299285734176,259,365,True,2,2,1.265261094679104,3.5,8,low_compatibility_junction,0.0,False,,low_support,high_bottleneck,short_horizon,unknown,not_planner_used
3081,5648,259,168,3.51796273043578,low_compatibility_junction,0.021891283968995725,42,0.06663860538265663,0.6454382862534654,259,168,True,3,3,1.265261094679104,7.5,18,low_compatibility_junction,0.0,False,,low_support,high_bottleneck,long_horizon,unknown,not_planner_used
3082,8897,410,457,3.516417134875017,low_compatibility_junction,0.013931983557995409,4,0.1296051308701473,0.7568125554801433,410,457,True,5,4,0.5045878099035421,1.0,7,low_compatibility_junction,0.0,False,,low_support,high_bottleneck,short_horizon,unknown,not_planner_used
3083,5694,259,417,3.5153788549404297,low_compatibility_junction,0.026229462400078774,25,0.08971587126249361,0.5917983968245244,259,417,True,3,3,1.265261094679104,6.5,14,low_compatibility_junction,0.0,False,,low_support,high_bottleneck,long_horizon,unknown,not_planner_used
3084,6561,300,259,3.514142424829848,low_compatibility_junction,0.049306198001085294,21,0.14427854742096574,0.37301973196699684,300,259,True,9,2,1.265261094679104,7.0,9,low_compatibility_junction,0.0,False,,low_support,high_bottleneck,long_horizon,unknown,not_planner_used
3085,3016,145,474,3.512873802625502,low_compatibility_junction,0.041941391559554016,67,0.09098022019217374,0.4322168577357918,145,474,True,15,2,0.4843299268618116,7.0,28,low_compatibility_junction,0.0,False,,high_support,low_bottleneck,long_horizon,unknown,not_planner_used
3086,5700,259,447,3.512820812341713,low_compatibility_junction,0.03403389565210091,32,0.09795391734354524,0.5062736664848515,259,447,True,4,2,1.265261094679104,7.5,16,low_compatibility_junction,0.0,False,,low_support,high_bottleneck,long_horizon,unknown,not_planner_used
3087,5683,259,372,3.510814079036029,low_compatibility_junction,0.009319557915053641,24,0.047942744866282645,0.8299488900827424,259,372,True,4,3,1.265261094679104,7.5,12,low_compatibility_junction,0.0,False,,low_support,high_bottleneck,long_horizon,unknown,not_planner_used
3088,5668,259,308,3.5107102524268368,low_compatibility_junction,0.015015298685552004,17,0.07326565663972436,0.7405915844556615,259,308,True,3,3,1.265261094679104,6.5,12,low_compatibility_junction,0.0,False,,low_support,high_bottleneck,long_horizon,unknown,not_planner_used
3089,5635,259,67,3.5105364068550564,low_compatibility_junction,0.023604680824538937,23,0.0863947873062163,0.6236951220359792,259,67,True,6,3,1.265261094679104,9.0,11,low_compatibility_junction,1.0,True,,low_support,high_bottleneck,long_horizon,unknown,planner_used
3090,5685,259,379,3.508881337788928,low_compatibility_junction,0.014137271144944761,18,0.0690663875033226,0.7537116411626285,259,379,True,2,2,1.265261094679104,5.5,14,low_compatibility_junction,0.0,False,,low_support,high_bottleneck,short_horizon,unknown,not_planner_used
3091,8865,410,132,3.5085602516438588,low_compatibility_junction,0.011764065394209612,623,0.02028114610968705,0.790348487093356,410,132,True,73,29,0.5045878099035421,9.0,258,low_compatibility_junction,0.0,False,,high_support,high_bottleneck,long_horizon,unknown,not_planner_used
3092,8010,370,410,3.5070316329283178,low_compatibility_junction,0.007980833761394024,6,0.0794641313184356,0.8524704994040314,370,410,True,5,4,0.5045878099035421,1.0,5,low_compatibility_junction,0.0,False,,low_support,high_bottleneck,short_horizon,unknown,not_planner_used
3093,5670,259,327,3.500973885155943,low_compatibility_junction,0.023100035865546056,19,0.09144170758742556,0.6300218880201693,259,327,True,5,3,1.265261094679104,9.0,9,low_compatibility_junction,0.0,False,,low_support,high_bottleneck,long_horizon,unknown,not_planner_used
3094,5636,259,69,3.4980759002245763,low_compatibility_junction,0.014146066719799169,7,0.10225600609003016,0.7535790662805235,259,69,True,3,3,1.265261094679104,6.0,7,low_compatibility_junction,0.0,False,,low_support,high_bottleneck,short_horizon,unknown,not_planner_used
3095,8871,410,177,3.491108746971832,low_compatibility_junction,0.009827613986704524,296,0.021121262328852197,0.821558379318894,410,177,True,32,17,0.5045878099035421,5.0,197,low_compatibility_junction,0.0,False,,high_support,high_bottleneck,short_horizon,unknown,not_planner_used
3096,6207,284,474,3.4879717195942463,low_compatibility_junction,0.029361401786800564,41,0.08181225244003709,0.5558659917935774,284,474,True,4,4,0.4843299268618116,6.0,17,low_compatibility_junction,0.0,False,,low_support,low_bottleneck,short_horizon,unknown,not_planner_used
3097,667,25,410,3.480981477160955,low_compatibility_junction,0.01065426276805478,308,0.022181956110520117,0.8080872405101369,25,410,True,68,18,0.5045878099035421,8.0,145,low_compatibility_junction,0.0,False,,high_support,high_bottleneck,long_horizon,unknown,not_planner_used
3098,10225,474,479,3.4788155456110483,low_compatibility_junction,0.00840451050316915,16,0.05332580803352676,0.845277578701231,474,479,True,7,2,0.4843299268618116,6.0,13,low_compatibility_junction,0.0,False,,low_support,low_bottleneck,short_horizon,unknown,not_planner_used
3099,6736,307,259,3.477563160250291,low_compatibility_junction,0.03380558289548693,12,0.13783583781014408,0.5085907273322449,307,259,True,5,2,1.265261094679104,9.0,5,low_compatibility_junction,0.0,False,,low_support,high_bottleneck,long_horizon,unknown,not_planner_used
3100,5696,259,426,3.477023844520562,low_compatibility_junction,0.010918723375652917,16,0.062120144083424936,0.8038243791848093,259,426,True,2,2,1.265261094679104,6.5,6,low_compatibility_junction,0.0,False,,low_support,high_bottleneck,long_horizon,unknown,not_planner_used
3101,10221,474,424,3.475253107292945,low_compatibility_junction,0.01838926292490214,25,0.07154721339416086,0.6922658239311146,474,424,True,3,2,0.4843299268618116,5.0,15,low_compatibility_junction,0.0,False,,low_support,low_bottleneck,short_horizon,unknown,not_planner_used
3102,5701,259,477,3.4751998741333674,low_compatibility_junction,0.08115058566909283,16,0.2207366007965016,0.19730358153490546,259,477,True,2,2,1.265261094679104,6.0,5,low_compatibility_junction,0.0,False,,low_support,high_bottleneck,short_horizon,unknown,not_planner_used
3103,5646,259,162,3.4730395917736594,low_compatibility_junction,0.04462173144565895,8,0.19100258893804226,0.40965717446037136,259,162,True,2,2,1.265261094679104,5.5,4,low_compatibility_junction,0.0,False,,low_support,high_bottleneck,short_horizon,unknown,not_planner_used
3104,8883,410,343,3.472121296586158,low_compatibility_junction,0.01128089525004738,353,0.02236091416891399,0.7980229640024523,410,343,True,42,23,0.5045878099035421,9.0,146,low_compatibility_junction,0.0,False,,high_support,high_bottleneck,long_horizon,unknown,not_planner_used
3105,5663,259,287,3.47202373161121,low_compatibility_junction,0.032778474812706314,15,0.12440153917261246,0.5191463264964601,259,287,True,3,3,1.265261094679104,10.0,5,low_compatibility_junction,0.0,False,,low_support,high_bottleneck,long_horizon,unknown,not_planner_used
3106,5632,259,62,3.471895639392357,low_compatibility_junction,0.05063910554163158,5,0.24788777491546127,0.36320709024980957,259,62,True,2,2,1.265261094679104,7.5,6,low_compatibility_junction,0.0,False,,low_support,high_bottleneck,long_horizon,unknown,not_planner_used
3107,5657,259,233,3.4715284695389554,low_compatibility_junction,0.03564608966310819,15,0.13119294310852397,0.49020981126783025,259,233,True,3,2,1.265261094679104,8.0,5,low_compatibility_junction,0.0,False,,low_support,high_bottleneck,long_horizon,unknown,not_planner_used
3108,5684,259,373,3.4706964871911783,low_compatibility_junction,0.007286251266486942,20,0.044696719631194856,0.8643953573370682,259,373,True,2,2,1.265261094679104,9.0,7,low_compatibility_junction,0.0,False,,low_support,high_bottleneck,long_horizon,unknown,not_planner_used
3109,5637,259,76,3.4692517129857805,low_compatibility_junction,0.01664577634073794,10,0.0966122783216167,0.7168307445744927,259,76,True,2,2,1.265261094679104,6.0,4,low_compatibility_junction,0.0,False,,low_support,high_bottleneck,short_horizon,unknown,not_planner_used
3110,10223,474,428,3.4673416785938964,low_compatibility_junction,0.021127279256344646,37,0.0679629771197911,0.6553763782305286,474,428,True,4,2,0.4843299268618116,8.0,18,low_compatibility_junction,0.0,False,,low_support,low_bottleneck,long_horizon,unknown,not_planner_used
3111,10200,474,129,3.466476400797418,low_compatibility_junction,0.012203005841001868,31,0.05109038136886346,0.7834405348934984,474,129,True,7,3,0.4843299268618116,10.0,12,low_compatibility_junction,0.0,False,,low_support,low_bottleneck,long_horizon,unknown,not_planner_used
3112,5702,259,482,3.4663400838368013,low_compatibility_junction,0.013758611482834178,14,0.0752025940270158,0.7594413136439271,259,482,True,2,2,1.265261094679104,9.0,6,low_compatibility_junction,0.0,False,,low_support,high_bottleneck,long_horizon,unknown,not_planner_used
3113,5651,259,189,3.4660465847806523,low_compatibility_junction,0.02333455882035196,6,0.14556524315961275,0.6270737156707389,259,189,True,2,2,1.265261094679104,6.5,4,low_compatibility_junction,0.0,False,,low_support,high_bottleneck,long_horizon,unknown,not_planner_used
3114,8896,410,445,3.465574042078569,low_compatibility_junction,0.004587230272591114,2,0.0984549665166969,0.9123381259768379,410,445,True,2,2,0.5045878099035421,1.0,3,low_compatibility_junction,0.0,False,,low_support,high_bottleneck,short_horizon,unknown,not_planner_used
3115,5672,259,330,3.4627646332189568,low_compatibility_junction,0.0763954184949398,6,0.2975592490558163,0.2169890538288944,259,330,True,3,2,1.265261094679104,7.0,3,low_compatibility_junction,0.0,False,,low_support,high_bottleneck,long_horizon,unknown,not_planner_used
3116,10191,474,35,3.459711572215012,low_compatibility_junction,0.008637952199205757,20,0.04937095918891181,0.84134031643321,474,35,True,7,4,0.4843299268618116,10.0,8,low_compatibility_junction,0.0,False,,low_support,low_bottleneck,long_horizon,unknown,not_planner_used
3117,6070,278,259,3.4593303083913685,low_compatibility_junction,0.02130789952352643,10,0.11178244114136451,0.6530131641132596,278,259,True,3,2,1.265261094679104,10.0,4,low_compatibility_junction,0.0,False,,low_support,high_bottleneck,long_horizon,unknown,not_planner_used
3118,9639,443,474,3.455292396882847,low_compatibility_junction,0.006494613160612062,8,0.062340053795689084,0.8781900391979388,443,474,True,2,2,0.4843299268618116,4.5,8,low_compatibility_junction,0.0,False,,low_support,low_bottleneck,short_horizon,unknown,not_planner_used
3119,9889,457,410,3.4540908254204448,low_compatibility_junction,0.010272441146030748,258,0.022639973331197306,0.8142817660634155,457,410,True,39,13,0.5045878099035421,8.0,117,low_compatibility_junction,0.0,False,,high_support,high_bottleneck,long_horizon,unknown,not_planner_used
3120,10208,474,250,3.453414698167807,low_compatibility_junction,0.0091443851235367,21,0.05004441998822005,0.8328616787945375,474,250,True,7,3,0.4843299268618116,9.0,7,low_compatibility_junction,0.0,False,,low_support,low_bottleneck,long_horizon,unknown,not_planner_used
3121,10204,474,195,3.4496974367260056,low_compatibility_junction,0.006011014267440057,18,0.04182838467296453,0.886725082657005,474,195,True,6,4,0.4843299268618116,9.5,6,low_compatibility_junction,0.0,False,,low_support,low_bottleneck,long_horizon,unknown,not_planner_used
3122,7122,325,474,3.449123690055172,low_compatibility_junction,0.010299346678948496,16,0.060027338168807946,0.8138437102380174,325,474,True,5,4,0.4843299268618116,10.0,7,low_compatibility_junction,0.0,False,,low_support,low_bottleneck,long_horizon,unknown,not_planner_used
3123,4521,208,474,3.4396167771216137,low_compatibility_junction,0.017404766213572162,22,0.07253360287084701,0.7060315710614007,208,474,True,4,3,0.4843299268618116,10.0,7,low_compatibility_junction,0.0,False,,low_support,low_bottleneck,long_horizon,unknown,not_planner_used
3124,8891,410,408,3.436012876068581,low_compatibility_junction,0.012141254962030374,110,0.032732922531514504,0.7844086954511252,410,408,True,13,8,0.5045878099035421,4.0,75,low_compatibility_junction,0.0,False,,high_support,high_bottleneck,short_horizon,unknown,not_planner_used
3125,6081,278,410,3.430305859983532,low_compatibility_junction,0.010383404771010707,103,0.030062600766583847,0.8124766566887355,278,410,True,41,10,0.5045878099035421,7.0,56,low_compatibility_junction,0.0,False,,high_support,high_bottleneck,long_horizon,unknown,not_planner_used
3126,2802,136,410,3.416555282958425,low_compatibility_junction,0.010264798751126767,90,0.031196765501192877,0.8144062368321082,136,410,True,26,15,0.5045878099035421,8.0,44,low_compatibility_junction,0.0,False,,high_support,high_bottleneck,long_horizon,unknown,not_planner_used
3127,10220,474,409,3.411771121403232,low_compatibility_junction,0.006459982056791584,6,0.07077258718384599,0.878798503700019,474,409,True,3,3,0.4843299268618116,10.0,3,low_compatibility_junction,0.0,False,,low_support,low_bottleneck,long_horizon,unknown,not_planner_used
3128,1738,82,410,3.4110262138976637,low_compatibility_junction,0.008983787735191625,89,0.02867583226001312,0.8355410877611689,82,410,True,26,6,0.5045878099035421,6.0,49,low_compatibility_junction,0.0,False,,high_support,high_bottleneck,short_horizon,unknown,not_planner_used
3129,8863,410,102,3.4106375804509867,low_compatibility_junction,0.0056628017789787715,27,0.03404786521820801,0.8929220110415028,410,102,True,7,7,0.5045878099035421,3.0,29,low_compatibility_junction,0.0,False,,low_support,high_bottleneck,short_horizon,unknown,not_planner_used
3130,6476,297,104,3.390322335352397,low_compatibility_junction,0.01054165751979011,313,0.021916315683108707,0.8099091886360172,297,104,True,51,26,0.4066056211942844,5.0,227,low_compatibility_junction,0.0,False,,high_support,low_bottleneck,short_horizon,unknown,not_planner_used
3131,6480,297,130,3.381887949657433,low_compatibility_junction,0.01307573358993408,409,0.024157970986734795,0.7698845797499152,297,130,True,56,19,0.4066056211942844,6.0,263,low_compatibility_junction,1.0,True,,high_support,low_bottleneck,short_horizon,unknown,planner_used
3132,8860,410,90,3.3814570572701568,low_compatibility_junction,0.009894259055826153,147,0.025974370062664905,0.8204640524962356,410,90,True,14,2,0.5045878099035421,7.0,67,low_compatibility_junction,0.0,False,,high_support,high_bottleneck,long_horizon,unknown,not_planner_used
3133,8887,410,373,3.3789836733803003,low_compatibility_junction,0.006553163487379524,132,0.020363193015006102,0.8771622747996171,410,373,True,11,2,0.5045878099035421,7.0,73,low_compatibility_junction,0.0,False,,low_support,high_bottleneck,long_horizon,unknown,not_planner_used
3134,6469,297,14,3.373423083069988,low_compatibility_junction,0.012590886830481925,79,0.03733493120994631,0.7773864142408448,297,14,True,39,18,0.4066056211942844,3.0,75,low_compatibility_junction,0.0,False,,high_support,low_bottleneck,short_horizon,unknown,not_planner_used
3135,8551,395,297,3.368329402649512,low_compatibility_junction,0.010655921903666099,520,0.019528501702072196,0.8080604264286656,395,297,True,58,12,0.4066056211942844,7.0,277,low_compatibility_junction,0.0,False,,high_support,low_bottleneck,long_horizon,unknown,not_planner_used
3136,8157,376,410,3.365534495805757,low_compatibility_junction,0.011692333810060518,32,0.049157846937438944,0.7914831597976303,376,410,True,19,3,0.5045878099035421,6.0,22,low_compatibility_junction,0.0,False,,high_support,high_bottleneck,short_horizon,unknown,not_planner_used
3137,8881,410,293,3.3625369813558508,low_compatibility_junction,0.012534461788494478,22,0.059318486065766535,0.7782641906546799,410,293,True,7,6,0.5045878099035421,5.0,20,low_compatibility_junction,0.0,False,,low_support,high_bottleneck,short_horizon,unknown,not_planner_used
3138,8861,410,91,3.361396596089732,low_compatibility_junction,0.012919544971858462,60,0.04168054981171396,0.7722932840850386,410,91,True,5,4,0.5045878099035421,6.0,40,low_compatibility_junction,0.0,False,,low_support,high_bottleneck,short_horizon,unknown,not_planner_used
3139,324,11,410,3.3604430603347697,low_compatibility_junction,0.01874409697484225,8,0.11361725106660442,0.6873704252990438,11,410,True,6,3,0.5045878099035421,2.5,6,low_compatibility_junction,0.0,False,,low_support,high_bottleneck,short_horizon,unknown,not_planner_used
3140,2127,102,297,3.3600843223731056,low_compatibility_junction,0.011046120704580345,151,0.02780992144377084,0.801778884620168,102,297,True,65,14,0.4066056211942844,5.0,115,low_compatibility_junction,0.0,False,,high_support,low_bottleneck,short_horizon,unknown,not_planner_used
3141,1551,74,248,3.354324108207978,low_compatibility_junction,0.0044232901433317725,79,0.019089410325498688,0.9153344120137484,74,248,True,201,104,0.4030767285678711,1.0,219,low_compatibility_junction,2.0,True,,high_support,low_bottleneck,short_horizon,unknown,planner_used
3142,1732,82,297,3.349377591929364,low_compatibility_junction,0.010465498105166298,255,0.023021920962953316,0.8111437728435252,82,297,True,52,9,0.4066056211942844,6.0,168,low_compatibility_junction,0.0,False,,high_support,low_bottleneck,short_horizon,unknown,not_planner_used
3143,8894,410,434,3.3454009374062337,low_compatibility_junction,0.01736269934502031,14,0.08638678717147097,0.7066258317590793,410,434,True,3,3,0.5045878099035421,3.0,10,low_compatibility_junction,0.0,False,,low_support,high_bottleneck,short_horizon,unknown,not_planner_used
3144,220,8,231,3.34193139459945,low_compatibility_junction,0.021806760306295143,527,0.03441476432957235,0.6465303051678206,8,231,True,132,22,0.5520708483104224,5.0,391,low_compatibility_junction,0.0,False,,high_support,high_bottleneck,short_horizon,unknown,not_planner_used
3145,4323,200,410,3.3378211892450915,low_compatibility_junction,0.006181851636780345,23,0.03831486408561854,0.8837005370445995,200,410,True,14,4,0.5045878099035421,8.5,14,low_compatibility_junction,0.0,False,,high_support,high_bottleneck,long_horizon,unknown,not_planner_used
3146,4062,190,410,3.3305588593215667,low_compatibility_junction,0.016030151513405144,24,0.06668479512001227,0.7257112792290628,190,410,True,13,3,0.5045878099035421,8.0,13,low_compatibility_junction,0.0,False,,high_support,high_bottleneck,long_horizon,unknown,not_planner_used
3147,9882,457,297,3.32924231886308,low_compatibility_junction,0.010521927309752094,102,0.030428827274520356,0.8102288452688646,457,297,True,21,12,0.4066056211942844,4.0,74,low_compatibility_junction,1.0,True,,high_support,low_bottleneck,short_horizon,unknown,planner_used
3148,8862,410,96,3.328540398469051,low_compatibility_junction,0.012034966587656883,41,0.04561542244648058,0.7860779395366129,410,96,True,6,5,0.5045878099035421,9.0,17,low_compatibility_junction,0.0,False,,low_support,high_bottleneck,long_horizon,unknown,not_planner_used
3149,2657,130,151,3.3284951222116925,low_compatibility_junction,0.010645962086470527,617,0.018787490575941694,0.8082214051439233,130,151,True,104,15,0.4166024875931544,6.0,432,low_compatibility_junction,1.0,True,,high_support,low_bottleneck,short_horizon,unknown,planner_used
3150,8885,410,359,3.326422544326507,low_compatibility_junction,0.01726019829166708,27,0.06681629361406438,0.7080759154439272,410,359,True,4,4,0.5045878099035421,6.0,15,low_compatibility_junction,0.0,False,,low_support,high_bottleneck,short_horizon,unknown,not_planner_used
3151,1474,68,410,3.324209908507335,low_compatibility_junction,0.013320624941427793,35,0.051557672337521475,0.7661230374566342,68,410,True,8,4,0.5045878099035421,9.0,14,low_compatibility_junction,0.0,False,,low_support,high_bottleneck,long_horizon,unknown,not_planner_used
3152,6333,291,410,3.3236752096928925,low_compatibility_junction,0.01529432627958832,27,0.06194300687530272,0.736470185233173,291,410,True,11,4,0.5045878099035421,9.0,11,low_compatibility_junction,0.0,False,,low_support,high_bottleneck,long_horizon,unknown,not_planner_used
3153,8898,410,477,3.323285838546538,low_compatibility_junction,0.015740623037049244,43,0.053240755582281155,0.7299257511682697,410,477,True,4,4,0.5045878099035421,8.0,19,low_compatibility_junction,1.0,True,,low_support,high_bottleneck,long_horizon,unknown,planner_used
3154,3139,151,231,3.318625709800289,low_compatibility_junction,0.020222298935671318,542,0.032194436299009276,0.66734643258904,151,231,True,86,19,0.4166024875931544,6.0,311,low_compatibility_junction,0.0,False,,high_support,low_bottleneck,short_horizon,unknown,not_planner_used
3155,8200,380,410,3.318443177955495,low_compatibility_junction,0.013690132492532333,27,0.05782461258140691,0.7604821417168246,380,410,True,11,3,0.5045878099035421,9.0,11,low_compatibility_junction,0.0,False,,low_support,high_bottleneck,long_horizon,unknown,not_planner_used
3156,2157,104,297,3.314661132605907,low_compatibility_junction,0.008311231763890157,39,0.0369237751599928,0.8468559790930736,104,297,True,36,8,0.4066056211942844,4.0,42,low_compatibility_junction,0.0,False,,high_support,low_bottleneck,short_horizon,unknown,not_planner_used
3157,4792,226,410,3.313915788093837,low_compatibility_junction,0.0086859274729663,11,0.06376261696559957,0.8405334329595369,226,410,True,2,2,0.5045878099035421,4.0,11,low_compatibility_junction,0.0,False,,low_support,high_bottleneck,short_horizon,unknown,not_planner_used
3158,8527,394,410,3.313452167349144,low_compatibility_junction,0.007248668058309704,18,0.04658093019965746,0.8650453366027704,394,410,True,9,4,0.5045878099035421,9.0,9,low_compatibility_junction,1.0,True,,low_support,high_bottleneck,long_horizon,unknown,planner_used
3159,8873,410,183,3.3067366987690665,low_compatibility_junction,0.007956739423596966,21,0.04610844797280008,0.8528813926415781,410,183,True,6,4,0.5045878099035421,9.5,10,low_compatibility_junction,0.0,False,,low_support,high_bottleneck,long_horizon,unknown,not_planner_used
3160,1147,52,410,3.3049470957617144,low_compatibility_junction,0.017204730429997046,15,0.08358429175217746,0.7088618604488064,52,410,True,9,2,0.5045878099035421,8.0,9,low_compatibility_junction,0.0,False,,low_support,high_bottleneck,long_horizon,unknown,not_planner_used
3161,3385,161,410,3.3023124139365407,low_compatibility_junction,0.007514161383733153,20,0.04550521452243232,0.860464234625172,161,410,True,8,3,0.5045878099035421,9.0,8,low_compatibility_junction,1.0,True,,low_support,high_bottleneck,long_horizon,unknown,planner_used
3162,8561,395,410,3.302005017034857,low_compatibility_junction,0.01234438272781278,19,0.06230340840579138,0.7812284560589857,395,410,True,7,4,0.5045878099035421,10.0,8,low_compatibility_junction,0.0,False,,low_support,high_bottleneck,long_horizon,unknown,not_planner_used
3163,6073,278,297,3.2999301308283115,low_compatibility_junction,0.012743966447701103,162,0.03012801289901773,0.7750100135876362,278,297,True,31,6,0.4066056211942844,7.5,88,low_compatibility_junction,0.0,False,,high_support,low_bottleneck,long_horizon,unknown,not_planner_used
3164,8607,400,410,3.299180365209875,low_compatibility_junction,0.014999256203217166,14,0.07915372527718574,0.7408292411278716,400,410,True,7,3,0.5045878099035421,8.0,7,low_compatibility_junction,0.0,False,,low_support,high_bottleneck,long_horizon,unknown,not_planner_used
3165,8857,410,14,3.292030286147137,low_compatibility_junction,0.0075266394997015595,6,0.07694606317690868,0.8602495219682543,410,14,True,2,2,0.5045878099035421,5.0,8,low_compatibility_junction,0.0,False,,low_support,high_bottleneck,short_horizon,unknown,not_planner_used
3166,2190,106,410,3.286599594798474,low_compatibility_junction,0.048104343765104814,15,0.1590991325340756,0.38209466944689074,106,410,True,3,2,0.5045878099035421,6.0,7,low_compatibility_junction,0.0,False,,low_support,high_bottleneck,short_horizon,unknown,not_planner_used
3167,1078,48,8,3.286435607508,low_compatibility_junction,0.011652846266221041,419,0.021989145375438723,0.7921084812086095,48,8,True,53,12,0.5520708483104224,6.0,265,low_compatibility_junction,0.0,False,,high_support,high_bottleneck,short_horizon,unknown,not_planner_used
3168,6477,297,106,3.2817085505614094,low_compatibility_junction,0.02523017023200806,79,0.06025714391817122,0.6037449704062229,297,106,True,22,6,0.4066056211942844,6.0,49,low_compatibility_junction,1.0,True,,high_support,low_bottleneck,short_horizon,unknown,planner_used
3169,11016,511,410,3.2811819126605357,low_compatibility_junction,0.0076823675833446415,19,0.04709421679554342,0.8575743898724904,511,410,True,2,2,0.5045878099035421,7.0,9,low_compatibility_junction,0.0,False,,low_support,high_bottleneck,long_horizon,unknown,not_planner_used
3170,7811,359,410,3.2767176269462497,low_compatibility_junction,0.011324085152326998,22,0.05579195175343132,0.7973339309613496,359,410,True,2,2,0.5045878099035421,8.0,9,low_compatibility_junction,0.0,False,,low_support,high_bottleneck,long_horizon,unknown,not_planner_used
3171,8874,410,192,3.268308548419812,low_compatibility_junction,0.010140973096713423,10,0.07255696643843176,0.8164256240241,410,192,True,2,2,0.5045878099035421,5.5,4,low_compatibility_junction,0.0,False,,low_support,high_bottleneck,short_horizon,unknown,not_planner_used
3172,5874,269,8,3.267811247782844,low_compatibility_junction,0.01202196266906959,287,0.024707323074060917,0.7862824079949522,269,8,True,68,28,0.5520708483104224,10.0,117,low_compatibility_junction,0.0,False,,high_support,high_bottleneck,long_horizon,unknown,not_planner_used
3173,8858,410,52,3.267164596038509,low_compatibility_junction,0.0251192773381869,9,0.1286664838686593,0.6050854769211714,410,52,True,2,2,0.5045878099035421,7.5,6,low_compatibility_junction,0.0,False,,low_support,high_bottleneck,long_horizon,unknown,not_planner_used
3174,9609,442,410,3.267164596038509,low_compatibility_junction,0.00976982546438064,14,0.061546655296131125,0.8225084611462554,442,410,True,2,2,0.5045878099035421,7.5,6,low_compatibility_junction,0.0,False,,low_support,high_bottleneck,long_horizon,unknown,not_planner_used
3175,3251,156,248,3.264803753587417,low_compatibility_junction,0.0028226918044598087,19,0.026712408636529274,0.945110113467075,156,248,True,61,40,0.4030767285678711,1.0,64,low_compatibility_junction,1.0,True,,high_support,low_bottleneck,short_horizon,unknown,planner_used
3176,2904,141,248,3.2615609244298898,low_compatibility_junction,0.005845536414700367,323,0.014183634417207946,0.8896646114960831,141,248,True,327,99,0.4030767285678711,2.0,431,low_compatibility_junction,0.0,False,,high_support,low_bottleneck,short_horizon,unknown,not_planner_used
3177,7147,327,297,3.2563840889041127,low_compatibility_junction,0.03908595229420663,101,0.07764317405402593,0.4576186672723785,327,297,True,17,6,0.4066056211942844,9.0,41,low_compatibility_junction,0.0,False,,high_support,low_bottleneck,long_horizon,unknown,not_planner_used
3178,3146,151,343,3.249771080786365,low_compatibility_junction,0.006368293272962253,31,0.03446055798570307,0.8804115015067903,151,343,True,27,7,0.4166024875931544,3.0,45,low_compatibility_junction,1.0,True,,high_support,low_bottleneck,short_horizon,unknown,planner_used
3179,2125,102,151,3.2488271945795724,low_compatibility_junction,0.016317799478042704,263,0.03175643779676458,0.7215482780512618,102,151,True,47,14,0.4166024875931544,9.0,105,low_compatibility_junction,0.0,False,,high_support,low_bottleneck,long_horizon,unknown,not_planner_used
3180,204,8,48,3.2484185291400047,low_compatibility_junction,0.017281585777987187,190,0.0359742440503672,0.7077731009338531,8,48,True,33,7,0.5520708483104224,5.0,126,low_compatibility_junction,1.0,True,,high_support,high_bottleneck,short_horizon,unknown,planner_used
3181,231,8,391,3.2475491342040863,low_compatibility_junction,0.0287372624908853,312,0.04754781152806335,0.5628482362355259,8,391,True,44,9,0.5520708483104224,8.0,152,low_compatibility_junction,0.0,False,,high_support,high_bottleneck,long_horizon,unknown,not_planner_used
3182,6498,297,343,3.246470828254639,low_compatibility_junction,0.03452418005732863,86,0.0737948700726796,0.5013335649463232,297,343,True,14,4,0.4066056211942844,9.0,44,low_compatibility_junction,0.0,False,,high_support,low_bottleneck,long_horizon,unknown,not_planner_used
3183,8196,380,297,3.2464151419367067,low_compatibility_junction,0.02099568960774276,63,0.05677655733327641,0.6571034648471402,380,297,True,17,2,0.4066056211942844,6.5,40,low_compatibility_junction,0.0,False,,high_support,low_bottleneck,long_horizon,unknown,not_planner_used
3184,6481,297,132,3.2452854181773443,low_compatibility_junction,0.01625563980656137,95,0.04189435762508242,0.7224458599480486,297,132,True,13,5,0.4066056211942844,9.0,39,low_compatibility_junction,0.0,False,,high_support,low_bottleneck,long_horizon,unknown,not_planner_used
3185,6497,297,330,3.2452074846449883,low_compatibility_junction,0.031014514942136077,45,0.08247007518627295,0.5377882956120072,297,330,True,15,4,0.4066056211942844,6.0,26,low_compatibility_junction,0.0,False,,high_support,low_bottleneck,short_horizon,unknown,not_planner_used
3186,7918,363,297,3.2431581594551364,low_compatibility_junction,0.013236778953415884,86,0.03755310757285185,0.7674088421112222,363,297,True,12,2,0.4066056211942844,7.0,50,low_compatibility_junction,0.0,False,,low_support,low_bottleneck,long_horizon,unknown,not_planner_used
3187,9706,447,8,3.2393982093457896,low_compatibility_junction,0.014032780733360282,244,0.028896689391428556,0.7552884009435868,447,8,True,43,7,0.5520708483104224,7.0,123,low_compatibility_junction,0.0,False,,high_support,high_bottleneck,long_horizon,unknown,not_planner_used
3188,405,14,8,3.237432875128869,low_compatibility_junction,0.011351674561186197,231,0.025091463054969815,0.7968940928848626,14,8,True,34,17,0.5520708483104224,9.0,97,low_compatibility_junction,1.0,True,,high_support,high_bottleneck,long_horizon,unknown,planner_used
3189,8008,370,297,3.23327314262756,low_compatibility_junction,0.010834497399628162,4,0.11284161137999174,0.8051795781516928,370,297,True,2,2,0.4066056211942844,2.0,6,low_compatibility_junction,0.0,False,,low_support,low_bottleneck,short_horizon,unknown,not_planner_used
3190,3158,151,510,3.2246410331130884,low_compatibility_junction,0.008631500097148921,228,0.020691069125337535,0.84144889171017,151,510,True,17,5,0.4166024875931544,6.0,128,low_compatibility_junction,0.0,False,,high_support,low_bottleneck,short_horizon,unknown,not_planner_used
3191,426,14,297,3.2197353350039526,low_compatibility_junction,0.007549300615210086,11,0.05889606579914094,0.8598597260313646,14,297,True,10,5,0.4066056211942844,5.0,10,low_compatibility_junction,0.0,False,,low_support,low_bottleneck,short_horizon,unknown,not_planner_used
3192,6488,297,201,3.2196018845322865,low_compatibility_junction,0.03695865017785267,22,0.11729327718583009,0.47750865023165406,297,201,True,5,2,0.4066056211942844,4.0,18,low_compatibility_junction,0.0,False,,low_support,low_bottleneck,short_horizon,unknown,not_planner_used
3193,6506,297,442,3.215127820963936,low_compatibility_junction,0.01009581966229297,29,0.046666064215926666,0.8171632454528495,297,442,True,4,3,0.4066056211942844,4.5,18,low_compatibility_junction,0.0,False,,low_support,low_bottleneck,short_horizon,unknown,not_planner_used
3194,768,31,248,3.2141076754420648,low_compatibility_junction,0.005870441785631438,248,0.01540642820289995,0.8892215733024776,31,248,True,299,100,0.4030767285678711,3.0,382,low_compatibility_junction,0.0,False,,high_support,low_bottleneck,short_horizon,unknown,not_planner_used
3195,3151,151,394,3.2101068535329578,low_compatibility_junction,0.015871963278409475,98,0.040815518769029724,0.7280108947596875,151,394,True,17,5,0.4166024875931544,5.0,63,low_compatibility_junction,0.0,False,,high_support,low_bottleneck,short_horizon,unknown,not_planner_used
3196,6475,297,102,3.209128153047427,low_compatibility_junction,0.0059666429297067225,22,0.03824487615185966,0.8875123354823337,297,102,True,3,3,0.4066056211942844,4.0,14,low_compatibility_junction,0.0,False,,low_support,low_bottleneck,short_horizon,unknown,not_planner_used
3197,2797,136,297,3.2066428598901515,low_compatibility_junction,0.00935880952006714,11,0.06652905182105472,0.8292976092340777,136,297,True,3,2,0.4066056211942844,3.5,12,low_compatibility_junction,0.0,False,,low_support,low_bottleneck,short_horizon,unknown,not_planner_used
3198,6490,297,226,3.2050007392439506,low_compatibility_junction,0.02808685587660875,32,0.08615429122540713,0.5702176679044051,297,226,True,13,3,0.4066056211942844,8.0,13,low_compatibility_junction,0.0,False,,high_support,low_bottleneck,long_horizon,unknown,not_planner_used
3199,6474,297,91,3.203049111090408,low_compatibility_junction,0.01669227308382026,55,0.050837693721494465,0.7161644485291898,297,91,True,5,2,0.4066056211942844,7.0,25,low_compatibility_junction,0.0,False,,low_support,low_bottleneck,long_horizon,unknown,not_planner_used
3200,8150,376,297,3.195149826664806,low_compatibility_junction,0.006378649291582406,15,0.04679664785537654,0.8802291692317464,376,297,True,10,2,0.4066056211942844,6.0,10,low_compatibility_junction,0.0,False,,low_support,low_bottleneck,short_horizon,unknown,not_planner_used
3201,8520,394,297,3.18473315999814,low_compatibility_junction,0.004218281188514084,18,0.034222863258772496,0.9190951516203932,394,297,True,10,2,0.4066056211942844,8.0,10,low_compatibility_junction,0.0,False,,low_support,low_bottleneck,long_horizon,unknown,not_planner_used
3202,4885,231,8,3.183576625849128,low_compatibility_junction,0.004716013465076685,5,0.06491075962691142,0.9099912732962778,231,8,True,7,2,0.5520708483104224,2.0,9,low_compatibility_junction,0.0,False,,low_support,high_bottleneck,short_horizon,unknown,not_planner_used
3203,5289,248,12,3.183039818240592,low_compatibility_junction,0.003137375693768263,9,0.03973206636085845,0.939180573819043,248,12,True,21,11,0.4030767285678711,1.0,26,low_compatibility_junction,0.0,False,,high_support,low_bottleneck,short_horizon,unknown,not_planner_used
3204,232,8,420,3.182571973022415,low_compatibility_junction,0.027939697946063602,130,0.056673642443495945,0.5718983810332255,8,420,True,14,4,0.5520708483104224,7.0,65,low_compatibility_junction,0.0,False,,high_support,high_bottleneck,long_horizon,unknown,not_planner_used
3205,1331,61,248,3.1818455152335807,low_compatibility_junction,0.007502288095220536,548,0.014754369340236006,0.8606685896901279,61,248,True,281,124,0.4030767285678711,5.0,354,low_compatibility_junction,0.0,False,,high_support,low_bottleneck,short_horizon,unknown,not_planner_used
3206,2180,106,297,3.177721337844889,low_compatibility_junction,0.01029087599211683,6,0.09146294550221783,0.8139815982217338,106,297,True,4,2,0.4066056211942844,4.0,5,low_compatibility_junction,0.0,False,,low_support,low_bottleneck,short_horizon,unknown,not_planner_used
3207,2150,104,151,3.175630725008561,low_compatibility_junction,0.009751499103036075,113,0.027959092324610718,0.822809988147166,104,151,True,16,6,0.4166024875931544,9.0,40,low_compatibility_junction,0.0,False,,high_support,low_bottleneck,long_horizon,unknown,not_planner_used
3208,1470,68,297,3.1755645873422256,low_compatibility_junction,0.0052600519515440935,14,0.04325160700663099,0.900143540409616,68,297,True,8,2,0.4066056211942844,7.5,8,low_compatibility_junction,0.0,False,,low_support,low_bottleneck,long_horizon,unknown,not_planner_used
3209,9468,436,297,3.174916719392134,low_compatibility_junction,0.009534242194301138,30,0.04447549995339697,0.8263929899187548,436,297,True,5,2,0.4066056211942844,9.0,13,low_compatibility_junction,1.0,True,,low_support,low_bottleneck,long_horizon,unknown,planner_used
3210,415,14,151,3.170863219685621,low_compatibility_junction,0.010542470469282797,78,0.033329093444176616,0.8098960204377879,14,151,True,13,8,0.4166024875931544,9.0,33,low_compatibility_junction,0.0,False,,high_support,low_bottleneck,long_horizon,unknown,not_planner_used
3211,3128,151,48,3.17048353806459,low_compatibility_junction,0.015722243325325434,74,0.044291403119271586,0.730194116987837,151,48,True,12,2,0.4166024875931544,6.0,50,low_compatibility_junction,0.0,False,,low_support,low_bottleneck,short_horizon,unknown,not_planner_used
3212,3727,175,61,3.1684081760946743,low_compatibility_junction,0.006378921355651736,207,0.017259312857175628,0.8802243796701826,175,61,True,184,26,0.7906895530825655,3.0,195,low_compatibility_junction,2.0,True,,high_support,high_bottleneck,short_horizon,unknown,planner_used
3213,5883,269,151,3.16746451556887,low_compatibility_junction,0.012644334888242958,77,0.03776081080395095,0.7765558623543648,269,151,True,16,7,0.4166024875931544,9.0,28,low_compatibility_junction,0.0,False,,high_support,low_bottleneck,long_horizon,unknown,not_planner_used
3214,3145,151,327,3.1669861140297586,low_compatibility_junction,0.07391598264200126,111,0.12449422805607999,0.22802052028215902,151,327,True,10,2,0.4166024875931544,7.0,61,low_compatibility_junction,0.0,False,,low_support,low_bottleneck,long_horizon,unknown,not_planner_used
3215,2781,136,8,3.166946844756057,low_compatibility_junction,0.01141005350838914,99,0.03245182570922325,0.7959641990892125,136,8,True,10,6,0.5520708483104224,8.0,45,low_compatibility_junction,0.0,False,,low_support,high_bottleneck,long_horizon,unknown,not_planner_used
3216,7466,343,151,3.1665454910349515,low_compatibility_junction,0.02962880250066519,75,0.06858553194698899,0.5529011476142237,343,151,True,15,3,0.4166024875931544,7.0,37,low_compatibility_junction,0.0,False,,high_support,low_bottleneck,long_horizon,unknown,not_planner_used
3217,3150,151,391,3.166421523534608,low_compatibility_junction,0.02563043728005141,50,0.07000653171276269,0.598931080189326,151,391,True,18,5,0.4166024875931544,7.0,24,low_compatibility_junction,0.0,False,,high_support,low_bottleneck,long_horizon,unknown,not_planner_used
3218,7459,343,8,3.1646449941503043,low_compatibility_junction,0.003047046615392901,8,0.041298736574291076,0.9408788136747916,343,8,True,8,3,0.5520708483104224,3.0,14,low_compatibility_junction,0.0,False,,low_support,high_bottleneck,short_horizon,unknown,not_planner_used
3219,2923,142,297,3.1642413436115304,low_compatibility_junction,0.05784877116093412,16,0.17570245144178187,0.3144357792492369,142,297,True,6,3,0.4066056211942844,10.0,7,low_compatibility_junction,0.0,False,,low_support,low_bottleneck,long_horizon,unknown,not_planner_used
3220,3725,175,43,3.1618735528819224,low_compatibility_junction,0.00764570570568527,962,0.013171278745737938,0.8582034262081457,175,43,True,183,30,0.7906895530825655,6.0,522,low_compatibility_junction,0.0,False,,high_support,high_bottleneck,short_horizon,unknown,not_planner_used
3221,8510,394,151,3.16142000097238,low_compatibility_junction,0.00562506535788998,12,0.04806055667399446,0.8935961790365371,394,151,True,10,2,0.4166024875931544,4.0,22,low_compatibility_junction,0.0,False,,low_support,low_bottleneck,short_horizon,unknown,not_planner_used
3222,7141,327,151,3.1604867910002734,low_compatibility_junction,0.02092537676799111,16,0.09180684798575482,0.6580281710944548,327,151,True,10,2,0.4166024875931544,3.5,16,low_compatibility_junction,0.0,False,,low_support,low_bottleneck,short_horizon,unknown,not_planner_used
3223,3997,186,248,3.160185115469716,low_compatibility_junction,0.006388420253188087,256,0.016179550495627096,0.8800571723297098,186,248,True,168,96,0.4030767285678711,4.0,215,low_compatibility_junction,0.0,False,,high_support,low_bottleneck,short_horizon,unknown,not_planner_used
3224,3723,175,31,3.158223255799756,low_compatibility_junction,0.007869056797572034,714,0.014375869494704482,0.8543783624442687,175,31,True,219,31,0.7906895530825655,6.0,401,low_compatibility_junction,0.0,False,,high_support,high_bottleneck,short_horizon,unknown,not_planner_used
3225,5480,253,175,3.1569731114780057,low_compatibility_junction,0.007787892331608808,1120,0.012956303179966183,0.8557663919966126,253,175,True,141,36,0.7906895530825655,7.0,572,low_compatibility_junction,0.0,False,,high_support,high_bottleneck,long_horizon,unknown,not_planner_used
3226,8993,415,394,3.156290408522389,low_compatibility_junction,0.027148528073336602,914,0.037830615241364676,0.581019731480535,415,394,True,147,19,0.4019911247264064,6.0,559,low_compatibility_junction,0.0,False,,high_support,low_bottleneck,short_horizon,unknown,not_planner_used
3227,3603,171,102,3.156022797253901,low_compatibility_junction,0.008158700441081058,969,0.013845981310601229,0.849443364914704,171,102,True,101,17,0.6420139129410399,7.0,500,low_compatibility_junction,0.0,False,,high_support,high_bottleneck,long_horizon,unknown,not_planner_used
3228,234,8,475,3.1496195998437315,low_compatibility_junction,0.0306506639740075,84,0.06809070981280524,0.5417160653474397,8,475,True,6,2,0.5520708483104224,6.0,49,low_compatibility_junction,0.0,False,,low_support,high_bottleneck,short_horizon,unknown,not_planner_used
3229,3152,151,401,3.1470891638104126,low_compatibility_junction,0.014806376859529078,56,0.04667669930163334,0.7436925735100874,151,401,True,15,3,0.4166024875931544,8.0,23,low_compatibility_junction,0.0,False,,high_support,low_bottleneck,long_horizon,unknown,not_planner_used
3230,5528,256,175,3.1459161831129028,low_compatibility_junction,0.007951049403525532,445,0.016235968881762014,0.8529784564092748,256,175,True,66,30,0.7906895530825655,4.0,349,low_compatibility_junction,0.0,False,,high_support,high_bottleneck,short_horizon,unknown,not_planner_used
3231,2903,141,175,3.1415129585982,low_compatibility_junction,0.008799033965135959,861,0.01506476852654514,0.838634186177789,141,175,True,108,35,0.7906895530825655,7.0,439,low_compatibility_junction,0.0,False,,high_support,high_bottleneck,long_horizon,unknown,not_planner_used
3232,229,8,372,3.141112858257794,low_compatibility_junction,0.012795174134556542,11,0.07964231384035535,0.7742166904976698,8,372,True,5,2,0.5520708483104224,3.0,11,low_compatibility_junction,0.0,False,,low_support,high_bottleneck,short_horizon,unknown,not_planner_used
3233,10995,511,8,3.139011753871792,low_compatibility_junction,0.008759880979676126,57,0.03305772536154837,0.8392911440047726,511,8,True,9,5,0.5520708483104224,9.0,25,low_compatibility_junction,0.0,False,,low_support,high_bottleneck,long_horizon,unknown,not_planner_used
3234,3607,171,136,3.138310732279223,low_compatibility_junction,0.008209846240114766,216,0.020293456450740457,0.8485748999811118,171,136,True,87,15,0.6420139129410399,4.0,154,low_compatibility_junction,0.0,False,,high_support,high_bottleneck,short_horizon,unknown,not_planner_used
3235,1088,48,151,3.1379164917982147,low_compatibility_junction,0.008818748225975368,18,0.05220211881432342,0.8383035902947035,48,151,True,4,2,0.4166024875931544,3.5,14,low_compatibility_junction,0.0,False,,low_support,low_bottleneck,short_horizon,unknown,not_planner_used
3236,1091,48,171,3.1374691082700763,low_compatibility_junction,0.008512207600450655,666,0.015519335751252424,0.8434588592799473,48,171,True,75,12,0.6420139129410399,6.0,368,low_compatibility_junction,1.0,True,,high_support,high_bottleneck,short_horizon,unknown,planner_used
3237,2145,104,8,3.133549918365331,low_compatibility_junction,0.012445818410282406,51,0.0430642339905488,0.7796451737830905,104,8,True,11,4,0.5520708483104224,9.5,22,low_compatibility_junction,0.0,False,,low_support,high_bottleneck,long_horizon,unknown,not_planner_used
3238,205,8,61,3.129323910607257,low_compatibility_junction,0.008206590630031903,34,0.038657340917480416,0.8486301543599682,8,61,True,12,5,0.5520708483104224,9.0,15,low_compatibility_junction,0.0,False,,low_support,high_bottleneck,long_horizon,unknown,not_planner_used
3239,3728,175,74,3.128366950822542,low_compatibility_junction,0.0071546174179578275,480,0.014721703255213088,0.8666740292752548,175,74,True,174,30,0.7906895530825655,7.0,232,low_compatibility_junction,0.0,False,,high_support,high_bottleneck,long_horizon,unknown,not_planner_used
3240,6473,297,68,3.124538961850985,low_compatibility_junction,0.004225842643063515,10,0.044517277337788395,0.9189561682055142,297,68,True,3,2,0.4066056211942844,9.0,3,low_compatibility_junction,0.0,False,,low_support,low_bottleneck,long_horizon,unknown,not_planner_used
3241,454,17,151,3.123381155371426,low_compatibility_junction,0.0545537563403531,52,0.11803811394688064,0.33585521258768114,17,151,True,8,2,0.4166024875931544,9.0,23,low_compatibility_junction,0.0,False,,low_support,low_bottleneck,long_horizon,unknown,not_planner_used
3242,233,8,457,3.1215384753620574,low_compatibility_junction,0.01964290852042576,31,0.06898052008835623,0.6751244934272802,8,457,True,8,6,0.5520708483104224,10.0,15,low_compatibility_junction,0.0,False,,low_support,high_bottleneck,long_horizon,unknown,not_planner_used
